latitude,longitude,brightness,scan,track,acq_date,acq_time,satellite,instrument,confidence,version,bright_t31,frp,daynight
-32.80047,-70.95388,302.35,0.47,0.48,2026-07-01,0627,SNPP,SNPP,n,2.0NRT,275.4,1.68,N
-32.80236,-70.95525,298.27,0.47,0.48,2026-07-01,0627,SNPP,SNPP,n,2.0NRT,276.76,1.05,N
-33.29306,-70.7308,297.49,0.49,0.49,2026-07-01,0627,SNPP,SNPP,n,2.0NRT,271.57,0.55,N
-33.56189,-71.6084,302.03,0.44,0.46,2026-07-01,0627,SNPP,SNPP,n,2.0NRT,274.33,0.62,N
-35.39556,-72.38487,325.61,0.39,0.36,2026-07-01,1847,SNPP,SNPP,n,2.0NRT,294.28,38.16,D
-34.62241,-71.78722,331.76,0.38,0.36,2026-07-01,1847,SNPP,SNPP,n,2.0NRT,291.73,8.15,D
-34.27684,-71.49867,329.76,0.39,0.36,2026-07-01,1847,SNPP,SNPP,n,2.0NRT,290.14,7.83,D
-33.64802,-70.91001,330.99,0.4,0.37,2026-07-01,1847,SNPP,SNPP,n,2.0NRT,289.98,2.48,D
-33.29509,-70.7271,330.95,0.4,0.37,2026-07-01,1847,SNPP,SNPP,n,2.0NRT,290.11,2.47,D
-33.2936,-71.30766,330.22,0.39,0.36,2026-07-01,1847,SNPP,SNPP,n,2.0NRT,291.7,1.66,D
-32.11831,-71.4193,330.84,0.4,0.37,2026-07-01,1847,SNPP,SNPP,n,2.0NRT,288.69,2.3,D
-35.95098,-71.58828,325.34,0.38,0.36,2026-07-01,1847,SNPP,SNPP,n,2.0NRT,282.52,2.15,D
-35.82088,-72.36014,335.45,0.39,0.36,2026-07-01,1847,SNPP,SNPP,n,2.0NRT,282.24,3.44,D
-35.75298,-72.37375,349.43,0.39,0.36,2026-07-01,1847,SNPP,SNPP,n,2.0NRT,293.13,5.74,D
-35.75362,-72.37802,325.05,0.39,0.36,2026-07-01,1847,SNPP,SNPP,n,2.0NRT,286.04,5.74,D
-35.74965,-72.37451,333.15,0.39,0.36,2026-07-01,1847,SNPP,SNPP,n,2.0NRT,283.51,5.74,D
-35.3649,-71.66634,337.85,0.38,0.36,2026-07-01,1847,SNPP,SNPP,n,2.0NRT,280.45,7.54,D
-35.39107,-71.92413,327.49,0.38,0.36,2026-07-01,1847,SNPP,SNPP,n,2.0NRT,286.1,2.1,D
-35.39889,-72.38412,337.07,0.39,0.36,2026-07-01,1847,SNPP,SNPP,n,2.0NRT,284.67,4.16,D
-35.39492,-72.3806,336.35,0.39,0.36,2026-07-01,1847,SNPP,SNPP,n,2.0NRT,301.85,38.16,D
-35.41636,-71.39061,329.36,0.39,0.36,2026-07-01,1847,SNPP,SNPP,n,2.0NRT,286.48,2.4,D
-35.34494,-71.35448,333.29,0.39,0.36,2026-07-01,1847,SNPP,SNPP,n,2.0NRT,287.52,4.87,D
-35.36157,-71.6671,338.06,0.38,0.36,2026-07-01,1847,SNPP,SNPP,n,2.0NRT,281.57,3.11,D
-23.82383,-70.31721,314.78,0.39,0.36,2026-07-02,0603,SNPP,SNPP,n,2.0NRT,283.56,1.74,N
-23.78579,-70.31817,295.38,0.39,0.36,2026-07-02,0603,SNPP,SNPP,n,2.0NRT,277.86,0.86,N
-33.29597,-70.72955,323.89,0.44,0.38,2026-07-02,0605,SNPP,SNPP,n,2.0NRT,275.16,2.91,N
-33.52268,-70.87487,295.82,0.43,0.38,2026-07-02,0605,SNPP,SNPP,n,2.0NRT,272.9,0.68,N
-32.80257,-70.95545,329.81,0.42,0.38,2026-07-02,0605,SNPP,SNPP,n,2.0NRT,277.05,5.54,N
-33.0342,-71.40951,313.13,0.41,0.37,2026-07-02,0605,SNPP,SNPP,n,2.0NRT,272.79,1.29,N
-32.80319,-70.95094,320.64,0.42,0.38,2026-07-02,0605,SNPP,SNPP,n,2.0NRT,275.13,5.54,N
-37.65782,-72.82716,302.28,0.41,0.37,2026-07-02,0608,SNPP,SNPP,n,2.0NRT,271.63,0.81,N
-34.10691,-70.4557,341.39,0.45,0.39,2026-07-02,0608,SNPP,SNPP,n,2.0NRT,279.48,17.83,N
-34.2043,-70.73246,304.09,0.44,0.39,2026-07-02,0608,SNPP,SNPP,n,2.0NRT,271.29,0.56,N
-35.3949,-72.38245,303.63,0.41,0.37,2026-07-02,0608,SNPP,SNPP,n,2.0NRT,274.89,1.32,N
-34.45531,-71.38812,331.1,0.47,0.39,2026-07-02,1828,SNPP,SNPP,n,2.0NRT,292.01,5.31,D
-38.898,-72.38441,344.38,0.38,0.43,2026-07-02,1828,SNPP,SNPP,n,2.0NRT,288.21,4.71,D
-38.89846,-72.38894,326.66,0.38,0.43,2026-07-02,1828,SNPP,SNPP,n,2.0NRT,287.49,2.36,D
-38.76318,-72.30579,334.58,0.57,0.43,2026-07-02,1828,SNPP,SNPP,n,2.0NRT,285.95,5.16,D
-37.02486,-72.77284,327.67,0.57,0.43,2026-07-02,1828,SNPP,SNPP,n,2.0NRT,286.04,4.26,D
-37.02449,-72.76736,326.57,0.57,0.43,2026-07-02,1828,SNPP,SNPP,n,2.0NRT,285.78,8.07,D
-36.13678,-72.70672,329.71,0.56,0.43,2026-07-02,1828,SNPP,SNPP,n,2.0NRT,285.02,4.13,D
-36.10147,-72.60325,325.78,0.55,0.43,2026-07-02,1828,SNPP,SNPP,n,2.0NRT,282.89,3.45,D
-35.84509,-72.38895,338.3,0.53,0.42,2026-07-02,1828,SNPP,SNPP,n,2.0NRT,294.97,28.34,D
-35.84575,-72.39515,331.7,0.53,0.42,2026-07-02,1828,SNPP,SNPP,n,2.0NRT,286.3,16.47,D
-35.84115,-72.38935,336.62,0.53,0.42,2026-07-02,1828,SNPP,SNPP,n,2.0NRT,287.02,28.34,D
-35.84182,-72.39565,341.42,0.53,0.42,2026-07-02,1828,SNPP,SNPP,n,2.0NRT,284.75,16.47,D
-35.83722,-72.38977,329.8,0.53,0.42,2026-07-02,1828,SNPP,SNPP,n,2.0NRT,287.25,5.2,D
-35.73407,-72.49506,329.68,0.54,0.42,2026-07-02,1828,SNPP,SNPP,n,2.0NRT,286.16,4.41,D
-35.39728,-72.37884,335.54,0.53,0.42,2026-07-02,1828,SNPP,SNPP,n,2.0NRT,287.15,10.39,D
-35.39793,-72.38481,325.79,0.53,0.42,2026-07-02,1828,SNPP,SNPP,n,2.0NRT,287.17,10.39,D
-35.39339,-72.37945,335.83,0.53,0.42,2026-07-02,1828,SNPP,SNPP,n,2.0NRT,290.47,7.16,D
-35.3977,-72.37983,344.93,0.53,0.42,2026-07-02,1828,SNPP,SNPP,n,2.0NRT,290.44,12.07,D
-35.39381,-72.38044,341.32,0.53,0.42,2026-07-02,1828,SNPP,SNPP,n,2.0NRT,289.96,12.07,D
-35.10552,-71.74687,343.5,0.49,0.4,2026-07-02,1828,SNPP,SNPP,n,2.0NRT,289.74,8.36,D
-35.1064,-71.74917,339.84,0.49,0.4,2026-07-02,1828,SNPP,SNPP,n,2.0NRT,289.83,5.87,D
-34.82592,-71.12425,342.32,0.46,0.39,2026-07-02,1828,SNPP,SNPP,n,2.0NRT,286.74,3.8,D
-34.81924,-71.13066,343.33,0.46,0.39,2026-07-02,1828,SNPP,SNPP,n,2.0NRT,287.27,3.21,D
-34.74182,-71.25182,328.79,0.46,0.39,2026-07-02,1828,SNPP,SNPP,n,2.0NRT,288.7,2.95,D
-34.70752,-71.23862,345.37,0.46,0.39,2026-07-02,1828,SNPP,SNPP,n,2.0NRT,295.98,16.23,D
-34.70387,-71.23927,342.93,0.46,0.39,2026-07-02,1828,SNPP,SNPP,n,2.0NRT,300.29,28.65,D
-34.70085,-71.24503,330.62,0.46,0.39,2026-07-02,1828,SNPP,SNPP,n,2.0NRT,290.8,28.65,D
-34.58195,-70.94175,325.26,0.45,0.39,2026-07-02,1828,SNPP,SNPP,n,2.0NRT,289.65,2.86,D
-34.35102,-71.47218,345.45,0.47,0.4,2026-07-02,1828,SNPP,SNPP,n,2.0NRT,293.27,11.08,D
-34.21245,-70.80371,335.05,0.44,0.38,2026-07-02,1828,SNPP,SNPP,n,2.0NRT,291.44,6.82,D
-34.20888,-70.80437,336.47,0.44,0.38,2026-07-02,1828,SNPP,SNPP,n,2.0NRT,290.27,6.82,D
-33.29614,-70.72771,332.86,0.43,0.38,2026-07-02,1830,SNPP,SNPP,n,2.0NRT,290.68,2.81,D
-32.11772,-71.41818,327.59,0.44,0.39,2026-07-02,1830,SNPP,SNPP,n,2.0NRT,289.52,1.98,D
-32.80266,-70.9521,330.94,0.43,0.38,2026-07-02,1830,SNPP,SNPP,n,2.0NRT,293.34,3.1,D
-32.86187,-71.10072,333.83,0.44,0.38,2026-07-02,1830,SNPP,SNPP,n,2.0NRT,292.49,3.85,D
-23.82343,-70.31553,307.12,0.48,0.4,2026-07-03,0546,SNPP,SNPP,n,2.0NRT,278.14,1.78,N
-23.78253,-70.3195,300.84,0.48,0.4,2026-07-03,0546,SNPP,SNPP,n,2.0NRT,277.88,0.95,N
-34.10465,-70.45792,330.37,0.39,0.36,2026-07-03,0548,SNPP,SNPP,n,2.0NRT,278.43,4.39,N
-33.29404,-70.72867,327.58,0.4,0.37,2026-07-03,0548,SNPP,SNPP,n,2.0NRT,276.87,3.21,N
-33.29419,-70.72678,326.19,0.4,0.37,2026-07-03,0548,SNPP,SNPP,n,2.0NRT,276.24,3.53,N
-33.9011,-70.7462,297.08,0.4,0.37,2026-07-03,0548,SNPP,SNPP,n,2.0NRT,273.1,0.32,N
-35.38253,-71.21295,323.87,0.4,0.37,2026-07-03,0548,SNPP,SNPP,n,2.0NRT,273.17,1.54,N
-33.05614,-70.70461,331.11,0.4,0.37,2026-07-03,0548,SNPP,SNPP,n,2.0NRT,271.55,5.68,N
-37.48978,-72.97602,300.93,0.42,0.37,2026-07-03,0550,SNPP,SNPP,n,2.0NRT,273.68,0.57,N
-52.8519,-69.86265,297.69,0.5,0.41,2026-07-03,0555,SNPP,SNPP,n,2.0NRT,271.03,0.7,N
-38.88982,-73.12269,327.91,0.37,0.58,2026-07-03,1809,SNPP,SNPP,n,2.0NRT,283.07,3.79,D
-36.38312,-71.589,331.22,0.58,0.52,2026-07-03,1811,SNPP,SNPP,n,2.0NRT,281.44,7.77,D
-38.36825,-72.9419,332.44,0.36,0.57,2026-07-03,1811,SNPP,SNPP,n,2.0NRT,286.9,3.27,D
-38.36851,-72.94649,338.65,0.36,0.57,2026-07-03,1811,SNPP,SNPP,n,2.0NRT,288.17,3.27,D
-36.38363,-71.59583,331.8,0.58,0.52,2026-07-03,1811,SNPP,SNPP,n,2.0NRT,280.79,4.7,D
-36.31836,-71.672,336.49,0.58,0.52,2026-07-03,1811,SNPP,SNPP,n,2.0NRT,283.4,35.98,D
-36.31293,-71.66602,328.52,0.58,0.52,2026-07-03,1811,SNPP,SNPP,n,2.0NRT,278.38,10.34,D
-36.21824,-72.75173,367,0.33,0.56,2026-07-03,1811,SNPP,SNPP,h,2.0NRT,296.07,18.28,D
-36.21847,-72.75529,340.23,0.33,0.56,2026-07-03,1811,SNPP,SNPP,n,2.0NRT,285.42,8.66,D
-36.12993,-72.7701,332.5,0.33,0.56,2026-07-03,1811,SNPP,SNPP,n,2.0NRT,285.24,2.7,D
-36.09254,-72.3652,348.63,0.63,0.54,2026-07-03,1811,SNPP,SNPP,n,2.0NRT,284.5,11.26,D
-36.09056,-72.36443,328.19,0.63,0.54,2026-07-03,1811,SNPP,SNPP,n,2.0NRT,280.76,4.7,D
-35.84587,-72.3878,337.54,0.63,0.54,2026-07-03,1811,SNPP,SNPP,n,2.0NRT,283.61,10.16,D
-35.84644,-72.39548,339.46,0.63,0.54,2026-07-03,1811,SNPP,SNPP,n,2.0NRT,284.91,9.28,D
-35.61174,-72.48628,335.26,0.32,0.54,2026-07-03,1811,SNPP,SNPP,n,2.0NRT,284.8,1.47,D
-35.03059,-71.51926,342.99,0.55,0.51,2026-07-03,1811,SNPP,SNPP,n,2.0NRT,292.65,15.97,D
-20.66619,-69.61046,335.1,0.45,0.39,2026-07-03,1813,SNPP,SNPP,l,2.0NRT,309.95,0.96,D
-40.34443,-72.56042,336.11,0.42,0.61,2026-07-03,1947,SNPP,SNPP,n,2.0NRT,282.97,2.65,D
-40.33991,-72.56301,330.29,0.42,0.61,2026-07-03,1947,SNPP,SNPP,n,2.0NRT,281.65,2.21,D
-36.09151,-72.36491,326.39,0.56,0.68,2026-07-03,1949,SNPP,SNPP,n,2.0NRT,282.85,3.24,D
-36.10723,-72.60537,354.11,0.54,0.68,2026-07-03,1949,SNPP,SNPP,n,2.0NRT,282.93,9.43,D
-35.83958,-72.38727,335.84,0.56,0.69,2026-07-03,1949,SNPP,SNPP,n,2.0NRT,284.9,11.55,D
-35.84114,-72.39257,344.37,0.56,0.69,2026-07-03,1949,SNPP,SNPP,n,2.0NRT,283.85,17.12,D
-39.00557,-73.14678,326.68,0.42,0.61,2026-07-03,1949,SNPP,SNPP,n,2.0NRT,283.25,3.12,D
-35.76651,-72.32832,333.16,0.57,0.69,2026-07-03,1949,SNPP,SNPP,n,2.0NRT,283.01,6.74,D
-35.73172,-72.49394,330.14,0.56,0.69,2026-07-03,1949,SNPP,SNPP,n,2.0NRT,284.92,3.33,D
-34.66426,-71.35988,367,0.68,0.74,2026-07-03,1949,SNPP,SNPP,h,2.0NRT,294.75,29.53,D
-34.54071,-71.34456,367,0.69,0.74,2026-07-03,1949,SNPP,SNPP,h,2.0NRT,290.66,14.62,D
-34.10277,-70.45441,345.22,0.79,0.78,2026-07-03,1949,SNPP,SNPP,n,2.0NRT,282.22,10.06,D
-34.10346,-70.45599,356.24,0.79,0.78,2026-07-03,1949,SNPP,SNPP,n,2.0NRT,283.03,8.83,D
-35.77316,-72.32874,328.96,0.57,0.69,2026-07-03,1949,SNPP,SNPP,n,2.0NRT,282.52,7.79,D
-37.73281,-71.7737,338.25,0.54,0.68,2026-07-03,1949,SNPP,SNPP,n,2.0NRT,284.28,5,D
-37.73118,-71.77708,327.54,0.54,0.68,2026-07-03,1949,SNPP,SNPP,n,2.0NRT,282.94,3.97,D
-33.2947,-70.73133,296.9,0.4,0.45,2026-07-04,0527,SNPP,SNPP,n,2.0NRT,274.44,1.46,N
-32.80633,-71.26787,313.88,0.44,0.46,2026-07-04,0527,SNPP,SNPP,n,2.0NRT,275.01,1.12,N
-33.29562,-70.72698,308.99,0.4,0.45,2026-07-04,0527,SNPP,SNPP,n,2.0NRT,274.32,1.18,N
-35.72944,-72.49986,336.77,0.44,0.46,2026-07-04,0529,SNPP,SNPP,n,2.0NRT,277.36,6.74,N
-35.76657,-72.33336,326.81,0.44,0.46,2026-07-04,0529,SNPP,SNPP,n,2.0NRT,270.37,2.91,N
-35.9893,-72.54781,333,0.44,0.46,2026-07-04,0529,SNPP,SNPP,n,2.0NRT,276.45,4.5,N
-36.09782,-72.59554,313.29,0.44,0.46,2026-07-04,0529,SNPP,SNPP,n,2.0NRT,274.36,1.39,N
-36.09885,-72.59813,315.81,0.44,0.46,2026-07-04,0529,SNPP,SNPP,n,2.0NRT,274.4,1.34,N
-36.31313,-71.67292,319.14,0.39,0.44,2026-07-04,0529,SNPP,SNPP,n,2.0NRT,274.27,1.6,N
-36.3162,-71.67856,298.62,0.39,0.44,2026-07-04,0529,SNPP,SNPP,n,2.0NRT,272.8,1.6,N
-36.31715,-71.67419,315.16,0.39,0.44,2026-07-04,0529,SNPP,SNPP,n,2.0NRT,273.95,1.6,N
-36.3181,-71.66982,297.94,0.39,0.44,2026-07-04,0529,SNPP,SNPP,n,2.0NRT,272.99,1.56,N
-34.10711,-70.45557,323.6,0.57,0.43,2026-07-04,0529,SNPP,SNPP,n,2.0NRT,275.11,6.8,N
-34.10581,-70.46184,303.68,0.57,0.43,2026-07-04,0529,SNPP,SNPP,n,2.0NRT,272.36,6.8,N
-34.28479,-71.03611,295.58,0.4,0.44,2026-07-04,0529,SNPP,SNPP,n,2.0NRT,269.82,0.51,N
-52.85002,-69.86324,305.2,0.39,0.36,2026-07-04,0533,SNPP,SNPP,n,2.0NRT,269.48,0.67,N
-37.84731,-72.47519,332.25,0.6,0.71,2026-07-04,1749,SNPP,SNPP,n,2.0NRT,278.83,7.13,D
-37.84698,-72.46093,327.82,0.6,0.71,2026-07-04,1749,SNPP,SNPP,n,2.0NRT,274.81,19.07,D
-24.62008,-69.09122,340.47,0.59,0.53,2026-07-04,1754,SNPP,SNPP,n,2.0NRT,292.59,0.31,D
-38.91241,-72.4174,330.63,0.54,0.51,2026-07-04,1930,SNPP,SNPP,n,2.0NRT,282.72,4.16,D
-39.12049,-73.05776,327.58,0.5,0.49,2026-07-04,1930,SNPP,SNPP,n,2.0NRT,283.39,3.12,D
-32.80069,-70.95729,296.79,0.54,0.68,2026-07-05,0650,SNPP,SNPP,n,2.0NRT,276.17,0.94,N
-40.67554,-73.204,313.76,0.46,0.64,2026-07-05,0652,SNPP,SNPP,n,2.0NRT,271.38,1.9,N
-22.78972,-69.6777,332.23,0.61,0.71,2026-07-05,1737,SNPP,SNPP,l,2.0NRT,302.88,2.66,D
-37.72772,-72.49641,350.31,0.51,0.41,2026-07-05,1913,SNPP,SNPP,n,2.0NRT,289.52,7.95,D
-37.72889,-72.50224,330.92,0.5,0.41,2026-07-05,1913,SNPP,SNPP,n,2.0NRT,284.99,7.95,D
-37.68153,-72.75655,346.23,0.49,0.41,2026-07-05,1913,SNPP,SNPP,n,2.0NRT,290.43,40.2,D
-37.6778,-72.75762,349.67,0.49,0.41,2026-07-05,1913,SNPP,SNPP,n,2.0NRT,286.19,10.37,D
-36.62345,-71.36938,330.58,0.4,0.44,2026-07-05,1913,SNPP,SNPP,n,2.0NRT,288.42,5.62,D
-36.62432,-71.37348,327,0.4,0.44,2026-07-05,1913,SNPP,SNPP,n,2.0NRT,288.58,5.62,D
-36.6135,-71.36308,332.65,0.4,0.44,2026-07-05,1913,SNPP,SNPP,n,2.0NRT,286.15,4.38,D
-35.95359,-71.59791,338.27,0.4,0.44,2026-07-05,1913,SNPP,SNPP,n,2.0NRT,286.45,4.27,D
-35.8821,-71.96377,330.15,0.38,0.43,2026-07-05,1913,SNPP,SNPP,n,2.0NRT,286.81,1.62,D
-37.73521,-72.49406,352.03,0.51,0.41,2026-07-05,1913,SNPP,SNPP,n,2.0NRT,297.14,25.43,D
-37.73639,-72.49993,328.93,0.5,0.41,2026-07-05,1913,SNPP,SNPP,n,2.0NRT,286.9,25.43,D
-37.73147,-72.49522,345.64,0.51,0.41,2026-07-05,1913,SNPP,SNPP,n,2.0NRT,290.46,25.43,D
-37.73264,-72.50109,339.07,0.5,0.41,2026-07-05,1913,SNPP,SNPP,n,2.0NRT,288.38,25.43,D
-39.1129,-72.40578,330.57,0.48,0.4,2026-07-05,1913,SNPP,SNPP,n,2.0NRT,285.17,5.63,D
-39.11316,-72.40833,337.03,0.48,0.4,2026-07-05,1913,SNPP,SNPP,n,2.0NRT,284.6,5.22,D
-32.80603,-70.95148,326.26,0.5,0.49,2026-07-05,1915,SNPP,SNPP,n,2.0NRT,291.88,3.71,D
-32.80151,-70.95261,335.01,0.5,0.49,2026-07-05,1915,SNPP,SNPP,n,2.0NRT,292.07,4.38,D
-34.10954,-70.45341,335.57,0.5,0.49,2026-07-05,1915,SNPP,SNPP,n,2.0NRT,282.95,12.18,D
-34.10519,-70.45528,353.13,0.5,0.49,2026-07-05,1915,SNPP,SNPP,n,2.0NRT,282.66,12.18,D
-33.29522,-70.73179,302.35,0.65,0.73,2026-07-06,0453,SNPP,SNPP,n,2.0NRT,273.75,1.36,N
-34.10104,-70.46346,298.11,0.6,0.71,2026-07-06,0453,SNPP,SNPP,n,2.0NRT,271.82,3.36,N
-34.10295,-70.45697,319.68,0.6,0.71,2026-07-06,0453,SNPP,SNPP,n,2.0NRT,274.43,3.36,N
-34.10567,-70.46434,333.59,0.6,0.71,2026-07-06,0453,SNPP,SNPP,n,2.0NRT,274.33,6.41,N
-23.82341,-70.3173,304.32,0.5,0.49,2026-07-06,0629,SNPP,SNPP,n,2.0NRT,283.13,1.24,N
-23.82392,-70.31582,300.08,0.5,0.49,2026-07-06,0629,SNPP,SNPP,n,2.0NRT,281.4,2.08,N
-34.10703,-70.46149,344.12,0.32,0.55,2026-07-06,0631,SNPP,SNPP,n,2.0NRT,275.14,4.61,N
-34.10728,-70.45813,344.16,0.32,0.55,2026-07-06,0631,SNPP,SNPP,n,2.0NRT,276.34,4.61,N
-32.80267,-70.95739,313.07,0.58,0.52,2026-07-06,0631,SNPP,SNPP,n,2.0NRT,276.14,2.39,N
-32.80318,-70.95123,300.27,0.58,0.52,2026-07-06,0631,SNPP,SNPP,n,2.0NRT,275.65,2.39,N
-35.54605,-71.168,354.89,0.41,0.37,2026-07-06,1853,SNPP,SNPP,n,2.0NRT,270.79,41.51,D
-35.55551,-71.16072,325.92,0.41,0.37,2026-07-06,1853,SNPP,SNPP,n,2.0NRT,268.91,4.51,D
-35.55708,-71.16976,331.06,0.41,0.37,2026-07-06,1853,SNPP,SNPP,n,2.0NRT,270.41,5.92,D
-35.55787,-71.17425,328.72,0.41,0.37,2026-07-06,1853,SNPP,SNPP,n,2.0NRT,265.34,3.97,D
-35.55366,-71.17062,352.97,0.41,0.37,2026-07-06,1853,SNPP,SNPP,n,2.0NRT,268.81,47.08,D
-35.54946,-71.16706,356.98,0.41,0.37,2026-07-06,1853,SNPP,SNPP,l,2.0NRT,272.41,47.08,D
-35.54684,-71.17249,367,0.41,0.37,2026-07-06,1853,SNPP,SNPP,h,2.0NRT,329.67,41.51,D
-35.54762,-71.17694,340.06,0.41,0.37,2026-07-06,1853,SNPP,SNPP,n,2.0NRT,271.03,20.77,D
-35.54187,-71.16449,330.64,0.41,0.37,2026-07-06,1853,SNPP,SNPP,n,2.0NRT,273.01,9.16,D
-35.54263,-71.16891,342.96,0.41,0.37,2026-07-06,1853,SNPP,SNPP,n,2.0NRT,268.94,41.51,D
-35.54341,-71.17336,352.5,0.41,0.37,2026-07-06,1853,SNPP,SNPP,n,2.0NRT,271.56,41.51,D
-35.54419,-71.17784,353.58,0.41,0.37,2026-07-06,1853,SNPP,SNPP,n,2.0NRT,283.3,20.77,D
-35.54498,-71.18231,337.54,0.41,0.37,2026-07-06,1853,SNPP,SNPP,n,2.0NRT,266.53,20.77,D
-35.53999,-71.17422,337.57,0.41,0.37,2026-07-06,1853,SNPP,SNPP,n,2.0NRT,266.18,6.22,D
-35.54077,-71.1787,332.92,0.41,0.37,2026-07-06,1853,SNPP,SNPP,n,2.0NRT,273.35,2.73,D
-35.54155,-71.18317,325.48,0.41,0.37,2026-07-06,1853,SNPP,SNPP,n,2.0NRT,273.35,2.73,D
-35.53865,-71.17704,326.91,0.41,0.37,2026-07-06,1853,SNPP,SNPP,n,2.0NRT,273.85,3.51,D
-29.85814,-70.27583,334.43,0.52,0.42,2026-07-06,1856,SNPP,SNPP,n,2.0NRT,287.99,24.73,D
-24.69504,-69.10217,339.53,0.5,0.49,2026-07-06,1856,SNPP,SNPP,n,2.0NRT,293.79,0.77,D
-21.23289,-69.72318,343.13,0.53,0.5,2026-07-06,1858,SNPP,SNPP,n,2.0NRT,314.42,0.75,D
-23.8238,-70.31683,315.31,0.43,0.38,2026-07-07,0610,SNPP,SNPP,n,2.0NRT,285.89,2.25,N
-23.78378,-70.32034,300.29,0.42,0.38,2026-07-07,0610,SNPP,SNPP,n,2.0NRT,280.54,0.79,N
-23.82343,-70.31862,310.23,0.43,0.38,2026-07-07,0610,SNPP,SNPP,n,2.0NRT,285.2,1.71,N
-23.82403,-70.31439,295.02,0.43,0.38,2026-07-07,0610,SNPP,SNPP,n,2.0NRT,280.41,0.48,N
-22.42902,-68.93264,302.34,0.47,0.4,2026-07-07,0610,SNPP,SNPP,n,2.0NRT,273.51,0.66,N
-36.17118,-71.24583,303.37,0.51,0.41,2026-07-07,0614,SNPP,SNPP,n,2.0NRT,269.4,2.35,N
-36.17493,-71.24731,320.55,0.51,0.41,2026-07-07,0614,SNPP,SNPP,n,2.0NRT,267.83,2.35,N
-32.80114,-70.95106,316.53,0.49,0.4,2026-07-07,0614,SNPP,SNPP,n,2.0NRT,274.05,2.17,N
-33.29531,-70.72757,327.42,0.38,0.36,2026-07-08,0553,SNPP,SNPP,n,2.0NRT,280.57,1.57,N
-22.31717,-68.88193,330.72,0.39,0.36,2026-07-08,0553,SNPP,SNPP,n,2.0NRT,278.79,3.67,N
-22.4303,-68.93567,299.2,0.39,0.36,2026-07-08,0553,SNPP,SNPP,n,2.0NRT,274.63,0.81,N
-23.82416,-70.31429,320.64,0.42,0.37,2026-07-08,0553,SNPP,SNPP,n,2.0NRT,282.01,1.39,N
-23.82346,-70.31835,301.36,0.42,0.37,2026-07-08,0553,SNPP,SNPP,n,2.0NRT,284.26,1.39,N
-37.65958,-72.28146,355.86,0.53,0.5,2026-07-08,1815,SNPP,SNPP,n,2.0NRT,276.84,24.34,D
-18.61849,-69.79397,336.27,0.4,0.37,2026-07-08,1819,SNPP,SNPP,n,2.0NRT,310.02,0.53,D
-23.82274,-70.31666,302.32,0.48,0.48,2026-07-09,0531,SNPP,SNPP,n,2.0NRT,282.34,1.17,N
-23.82066,-70.31808,296.68,0.47,0.48,2026-07-09,0531,SNPP,SNPP,n,2.0NRT,282.35,1.48,N
-27.35712,-70.22341,298.16,0.4,0.45,2026-07-09,0533,SNPP,SNPP,n,2.0NRT,280.67,0.62,N
-22.31504,-68.88456,337.18,0.47,0.48,2026-07-17,0622,SNPP,SNPP,n,2.0NRT,282.91,7.07,N
-22.31557,-68.88007,301.47,0.47,0.48,2026-07-17,0622,SNPP,SNPP,n,2.0NRT,281.34,3.09,N
-22.3137,-68.88287,308.1,0.41,0.37,2026-07-18,0603,SNPP,SNPP,n,2.0NRT,276.72,1.18,N
-22.31715,-68.88334,329.62,0.41,0.37,2026-07-18,0603,SNPP,SNPP,n,2.0NRT,281,17.1,N
-23.82296,-70.32101,304.31,0.39,0.36,2026-07-18,0603,SNPP,SNPP,n,2.0NRT,282.56,0.99,N
-23.82355,-70.31717,319.27,0.39,0.36,2026-07-18,0603,SNPP,SNPP,n,2.0NRT,286.19,2.28,N
-34.82741,-71.12032,353.72,0.46,0.39,2026-07-18,1830,SNPP,SNPP,n,2.0NRT,286.93,6.47,D
-34.82439,-71.12608,349,0.46,0.39,2026-07-18,1830,SNPP,SNPP,n,2.0NRT,286.56,5.96,D
-34.82075,-71.12673,350.26,0.46,0.39,2026-07-18,1830,SNPP,SNPP,n,2.0NRT,286.78,5.96,D
-34.81773,-71.13248,351.76,0.46,0.39,2026-07-18,1830,SNPP,SNPP,n,2.0NRT,287.12,4.44,D
-23.82477,-70.31269,335.21,0.38,0.36,2026-07-18,1832,SNPP,SNPP,n,2.0NRT,307,4.84,D
-23.82535,-70.31648,339.37,0.38,0.36,2026-07-18,1832,SNPP,SNPP,n,2.0NRT,303.05,3.68,D
-32.80331,-70.95108,332.37,0.41,0.37,2026-07-19,0548,SNPP,SNPP,n,2.0NRT,281.58,9.02,N
-32.80253,-70.95545,303.36,0.41,0.37,2026-07-19,0548,SNPP,SNPP,n,2.0NRT,277.42,9.02,N
-33.29526,-70.72729,308.43,0.4,0.37,2026-07-19,0548,SNPP,SNPP,n,2.0NRT,278.32,0.97,N
-34.10599,-70.45879,325.52,0.39,0.36,2026-07-19,0548,SNPP,SNPP,n,2.0NRT,280.49,30.67,N
-37.2005,-73.21719,296.74,0.43,0.38,2026-07-19,0550,SNPP,SNPP,n,2.0NRT,281.31,0.89,N
-18.70949,-69.27628,332.8,0.42,0.38,2026-07-19,1813,SNPP,SNPP,n,2.0NRT,296.9,3.97,D
-52.85172,-69.86263,306.51,0.39,0.36,2026-07-20,0533,SNPP,SNPP,n,2.0NRT,266.73,0.5,N
-23.82627,-70.31777,299.02,0.5,0.49,2026-07-22,0629,SNPP,SNPP,n,2.0NRT,282.96,1.48,N
-22.31768,-68.88298,310.73,0.59,0.53,2026-07-22,0629,SNPP,SNPP,n,2.0NRT,273.54,2.34,N
-23.78388,-70.3201,300.08,0.5,0.49,2026-07-22,0629,SNPP,SNPP,n,2.0NRT,281.85,1.17,N
-23.82134,-70.31554,309.64,0.5,0.49,2026-07-22,0629,SNPP,SNPP,n,2.0NRT,281.5,1.17,N
-23.82588,-70.31626,305.36,0.5,0.49,2026-07-22,0629,SNPP,SNPP,n,2.0NRT,281.95,1.17,N
-23.82173,-70.31704,321.86,0.5,0.49,2026-07-22,0629,SNPP,SNPP,n,2.0NRT,282.85,2.73,N
-32.80246,-70.95473,305.45,0.58,0.52,2026-07-22,0631,SNPP,SNPP,n,2.0NRT,276.85,1.9,N
-22.31683,-68.88177,331.69,0.57,0.52,2026-07-22,1858,SNPP,SNPP,n,2.0NRT,299.18,3.17,D
-23.8227,-70.31649,306.74,0.42,0.38,2026-07-23,0610,SNPP,SNPP,n,2.0NRT,283.05,1.23,N
-23.78311,-70.3182,300.92,0.42,0.38,2026-07-23,0610,SNPP,SNPP,n,2.0NRT,282.9,1.09,N
-23.78274,-70.31854,301.3,0.42,0.38,2026-07-24,0553,SNPP,SNPP,n,2.0NRT,284.05,0.92,N
-23.82357,-70.31675,311.85,0.42,0.37,2026-07-24,0553,SNPP,SNPP,n,2.0NRT,286.29,2.03,N
-27.35697,-70.22224,302.39,0.39,0.36,2026-07-24,0553,SNPP,SNPP,n,2.0NRT,284.1,0.66,N
-32.80173,-70.95266,321.93,0.39,0.36,2026-07-24,0553,SNPP,SNPP,n,2.0NRT,275.45,1.7,N
-33.29363,-70.72762,319.96,0.38,0.36,2026-07-24,0553,SNPP,SNPP,n,2.0NRT,280.18,2.77,N
-27.35802,-70.22184,297.98,0.41,0.45,2026-07-25,0533,SNPP,SNPP,n,2.0NRT,284.66,0.61,N
-20.20344,-70.04702,300.84,0.47,0.39,2026-07-28,0616,SNPP,SNPP,n,2.0NRT,281.52,0.8,N
-23.82557,-70.31557,333.95,0.45,0.39,2026-07-28,1845,SNPP,SNPP,n,2.0NRT,305.18,2.9,D
-19.02365,-69.21047,341.97,0.4,0.44,2026-07-28,1845,SNPP,SNPP,n,2.0NRT,299.18,3.82,D
-23.7851,-70.32062,296.29,0.39,0.36,2026-07-29,0557,SNPP,SNPP,n,2.0NRT,280.98,0.8,N
-23.82363,-70.31622,308.55,0.39,0.36,2026-07-29,0557,SNPP,SNPP,n,2.0NRT,270.96,1.18,N
-22.31548,-68.8788,334.76,0.38,0.36,2026-07-29,1826,SNPP,SNPP,n,2.0NRT,306.32,3.86,D
-27.85869,-70.1696,344.99,0.42,0.38,2026-07-29,1826,SNPP,SNPP,n,2.0NRT,303.93,3.88,D
-27.85927,-70.17389,345.45,0.42,0.38,2026-07-29,1826,SNPP,SNPP,n,2.0NRT,303.71,4.01,D
-22.31549,-68.8801,329.62,0.52,0.41,2026-07-30,0540,SNPP,SNPP,n,2.0NRT,281.06,4.97,N
-22.31921,-68.88127,299.42,0.52,0.41,2026-07-30,0540,SNPP,SNPP,n,2.0NRT,276.41,4.97,N
-32.24123,-71.2716,295.69,0.48,0.4,2026-07-30,0542,SNPP,SNPP,n,2.0NRT,281.19,0.47,N
-32.80269,-70.9514,297.77,0.46,0.39,2026-07-30,0542,SNPP,SNPP,n,2.0NRT,276.87,1.56,N
-34.10783,-70.45576,339.79,0.58,0.52,2026-07-30,1804,SNPP,SNPP,n,2.0NRT,285.67,15.5,D
-30.56941,-70.73454,342.95,0.55,0.51,2026-07-30,1806,SNPP,SNPP,n,2.0NRT,300.88,8.27,D
-30.5704,-70.73061,330.22,0.55,0.51,2026-07-30,1806,SNPP,SNPP,n,2.0NRT,297.98,5.91,D
-30.57091,-70.7362,333.36,0.55,0.51,2026-07-30,1806,SNPP,SNPP,n,2.0NRT,301.71,5.91,D
-24.63733,-69.1505,340.52,0.38,0.43,2026-07-30,1809,SNPP,SNPP,n,2.0NRT,298.67,0.5,D
-23.82546,-70.31659,336.04,0.44,0.46,2026-07-30,1809,SNPP,SNPP,n,2.0NRT,305.4,4.95,D
-22.31713,-68.88265,334.98,0.52,0.42,2026-07-30,1809,SNPP,SNPP,n,2.0NRT,306.9,5.33,D
-18.3506,-69.57167,334.32,0.51,0.41,2026-07-30,1809,SNPP,SNPP,n,2.0NRT,304.31,3.25,D
-34.10615,-70.45722,367,0.41,0.61,2026-08-01,0504,SNPP,SNPP,h,2.0NRT,275.88,7.61,N
-34.10262,-70.45569,336.62,0.41,0.61,2026-08-01,0504,SNPP,SNPP,n,2.0NRT,274.49,4.38,N
-34.10771,-70.45922,338.25,0.41,0.61,2026-08-01,0504,SNPP,SNPP,n,2.0NRT,272.64,4.38,N
-23.82182,-70.31848,307.17,0.39,0.6,2026-08-01,0642,SNPP,SNPP,n,2.0NRT,283.38,1.33,N
-32.80237,-70.95571,321.75,0.44,0.62,2026-08-01,0646,SNPP,SNPP,n,2.0NRT,277.59,1.63,N
-32.80265,-70.95106,298.35,0.44,0.62,2026-08-01,0646,SNPP,SNPP,n,2.0NRT,276.51,1.63,N
-34.10421,-70.46096,337.44,0.48,0.65,2026-08-01,0646,SNPP,SNPP,n,2.0NRT,273.21,4.61,N
-34.10447,-70.4559,322.22,0.48,0.65,2026-08-01,0646,SNPP,SNPP,n,2.0NRT,272.18,4.61,N
-34.11036,-70.46053,296.68,0.48,0.65,2026-08-01,0646,SNPP,SNPP,n,2.0NRT,271.25,2.87,N
-22.95538,-68.80598,333.54,0.68,0.74,2026-08-01,1730,SNPP,SNPP,n,2.0NRT,305.47,1.46,D
-22.31711,-68.87896,333.64,0.45,0.63,2026-08-01,1910,SNPP,SNPP,n,2.0NRT,301.77,2.83,D
-19.5845,-69.17438,330.81,0.49,0.65,2026-08-01,1913,SNPP,SNPP,n,2.0NRT,299.51,3.17,D
-22.31922,-68.88205,308.12,0.47,0.48,2026-08-02,0625,SNPP,SNPP,n,2.0NRT,276.04,2.34,N
-22.31476,-68.882,337.06,0.47,0.48,2026-08-02,0625,SNPP,SNPP,n,2.0NRT,280.1,6.88,N
-23.82307,-70.31673,337.78,0.53,0.42,2026-08-02,1851,SNPP,SNPP,n,2.0NRT,305.85,2.46,D
-22.31676,-68.87965,346.24,0.46,0.47,2026-08-02,1851,SNPP,SNPP,n,2.0NRT,307.64,9.62,D
-20.09765,-69.89164,342.18,0.43,0.46,2026-08-02,1851,SNPP,SNPP,n,2.0NRT,307.61,0.4,D
-23.82694,-70.31593,330.88,0.53,0.42,2026-08-02,1851,SNPP,SNPP,l,2.0NRT,305.73,2.46,D
-22.31428,-68.8839,314.85,0.52,0.5,2026-08-05,0525,SNPP,SNPP,n,2.0NRT,279.87,3.08,N
-23.78259,-70.3214,295.16,0.6,0.53,2026-08-05,0527,SNPP,SNPP,n,2.0NRT,282.64,0.74,N
-22.31305,-68.8793,308.55,0.51,0.66,2026-08-06,0508,SNPP,SNPP,n,2.0NRT,276.45,1.38,N
-22.31868,-68.88278,300.75,0.51,0.66,2026-08-06,0508,SNPP,SNPP,n,2.0NRT,274.15,1.38,N
-22.31957,-68.87924,337.35,0.54,0.68,2026-08-06,1734,SNPP,SNPP,n,2.0NRT,308.2,2.07,D
-22.3179,-68.879,338.15,0.54,0.68,2026-08-06,1734,SNPP,SNPP,n,2.0NRT,307.89,3.52,D
-17.94044,-69.43076,345.09,0.53,0.67,2026-08-06,1737,SNPP,SNPP,n,2.0NRT,302.92,5.32,D
-34.10802,-70.45754,334.75,0.49,0.49,2026-08-06,1915,SNPP,SNPP,n,2.0NRT,283.65,23.51,D
-17.93504,-69.43085,338.7,0.64,0.72,2026-08-06,1917,SNPP,SNPP,n,2.0NRT,297.59,13.84,D
-17.93368,-69.425,367,0.64,0.72,2026-08-06,1917,SNPP,SNPP,h,2.0NRT,300.37,22.71,D
-17.93174,-69.4266,367,0.64,0.72,2026-08-06,1917,SNPP,SNPP,h,2.0NRT,298,20.55,D
-23.7831,-70.31786,297.24,0.5,0.49,2026-08-07,0629,SNPP,SNPP,n,2.0NRT,283.72,1.07,N
-23.825,-70.31406,301.59,0.5,0.49,2026-08-07,0629,SNPP,SNPP,n,2.0NRT,283.07,1.64,N
-22.31574,-68.88036,336.74,0.59,0.53,2026-08-07,0629,SNPP,SNPP,n,2.0NRT,278.38,7.78,N
-22.31764,-68.88021,334.91,0.59,0.53,2026-08-07,0629,SNPP,SNPP,n,2.0NRT,276.83,6.07,N
-33.29451,-70.72597,330.29,0.44,0.39,2026-08-07,1856,SNPP,SNPP,n,2.0NRT,289.31,3.3,D
-32.80167,-70.95116,346.08,0.44,0.39,2026-08-07,1856,SNPP,SNPP,n,2.0NRT,290.46,11.13,D
-23.82655,-70.31372,334.47,0.43,0.46,2026-08-07,1858,SNPP,SNPP,l,2.0NRT,306.24,4.71,D
-22.31923,-68.87871,332.26,0.57,0.52,2026-08-07,1858,SNPP,SNPP,l,2.0NRT,304.63,3.44,D
-22.31532,-68.87804,333.01,0.57,0.52,2026-08-07,1858,SNPP,SNPP,n,2.0NRT,302.23,2.87,D
-22.31716,-68.88037,336.88,0.47,0.4,2026-08-08,0610,SNPP,SNPP,n,2.0NRT,279.1,11.25,N
-23.82178,-70.31716,299.65,0.42,0.38,2026-08-08,0612,SNPP,SNPP,n,2.0NRT,284.33,0.97,N
-23.82586,-70.31357,297.96,0.42,0.38,2026-08-08,0612,SNPP,SNPP,n,2.0NRT,282.23,0.97,N
-23.82526,-70.31777,309.42,0.42,0.38,2026-08-08,0612,SNPP,SNPP,n,2.0NRT,285.63,0.97,N
-32.80012,-70.95469,296.11,0.48,0.4,2026-08-08,0614,SNPP,SNPP,n,2.0NRT,277.42,0.92,N
-32.80386,-70.95535,328.46,0.48,0.4,2026-08-08,0614,SNPP,SNPP,n,2.0NRT,280.26,5.41,N
-32.80449,-70.95023,306.98,0.48,0.4,2026-08-08,0614,SNPP,SNPP,n,2.0NRT,277.35,5.41,N
-33.2952,-70.73009,327.13,0.5,0.41,2026-08-08,0614,SNPP,SNPP,n,2.0NRT,278.35,3.01,N
-33.29407,-70.72631,318.02,0.5,0.41,2026-08-08,0614,SNPP,SNPP,n,2.0NRT,278.21,1.45,N
-33.29787,-70.72694,296.71,0.5,0.41,2026-08-08,0614,SNPP,SNPP,n,2.0NRT,276.6,0.65,N
-35.05277,-71.37239,303.07,0.49,0.4,2026-08-08,0614,SNPP,SNPP,n,2.0NRT,274.25,1,N
-32.80427,-70.95093,331.29,0.4,0.37,2026-08-08,1836,SNPP,SNPP,n,2.0NRT,293.93,3.07,D
-36.22846,-72.32266,333.3,0.46,0.39,2026-08-08,1836,SNPP,SNPP,n,2.0NRT,283.18,4.39,D
-20.09186,-68.84618,338.47,0.5,0.41,2026-08-08,1841,SNPP,SNPP,n,2.0NRT,302.06,6.61,D
-19.67789,-68.71741,341.59,0.51,0.41,2026-08-08,1841,SNPP,SNPP,n,2.0NRT,306.27,4.42,D
-19.67407,-68.71791,332.7,0.51,0.41,2026-08-08,1841,SNPP,SNPP,l,2.0NRT,305.1,5.37,D
-22.31567,-68.88248,335.75,0.46,0.39,2026-08-08,1841,SNPP,SNPP,n,2.0NRT,306.1,7.61,D
-19.67704,-68.7127,332.28,0.51,0.41,2026-08-08,1841,SNPP,SNPP,n,2.0NRT,303.03,3.87,D
-23.78428,-70.32056,299.12,0.42,0.38,2026-08-09,0553,SNPP,SNPP,n,2.0NRT,280.4,1.01,N
-23.82443,-70.31587,313.54,0.42,0.38,2026-08-09,0553,SNPP,SNPP,n,2.0NRT,284.41,2.37,N
-22.43056,-68.93687,301.38,0.39,0.37,2026-08-09,0553,SNPP,SNPP,n,2.0NRT,271.43,0.64,N
-22.31693,-68.88344,327.35,0.39,0.37,2026-08-09,0553,SNPP,SNPP,n,2.0NRT,280.13,4.89,N
-32.92854,-71.50574,295.77,0.39,0.36,2026-08-09,0555,SNPP,SNPP,n,2.0NRT,282.77,0.57,N
-32.80298,-70.95029,327.09,0.39,0.36,2026-08-09,0555,SNPP,SNPP,n,2.0NRT,276.8,2.46,N
-32.80231,-70.95442,311.78,0.39,0.36,2026-08-09,0555,SNPP,SNPP,n,2.0NRT,277.39,2.71,N
-36.22593,-72.32558,297.83,0.39,0.36,2026-08-09,0555,SNPP,SNPP,n,2.0NRT,274.63,0.63,N
-36.22926,-72.32644,301.98,0.39,0.36,2026-08-09,0555,SNPP,SNPP,n,2.0NRT,274.36,0.63,N
-34.10594,-70.45492,341.38,0.39,0.44,2026-08-09,1817,SNPP,SNPP,n,2.0NRT,282.54,24.76,D
-32.80354,-70.95329,339.82,0.4,0.44,2026-08-09,1817,SNPP,SNPP,n,2.0NRT,294.99,12.31,D
-27.85956,-70.17062,345.05,0.49,0.4,2026-08-09,1819,SNPP,SNPP,n,2.0NRT,304.87,3.47,D
-27.86016,-70.17558,335.73,0.49,0.4,2026-08-09,1819,SNPP,SNPP,n,2.0NRT,304,3.47,D
-27.85523,-70.16633,335.86,0.49,0.4,2026-08-09,1819,SNPP,SNPP,n,2.0NRT,304.2,4.14,D
-27.85582,-70.17127,349.47,0.49,0.4,2026-08-09,1819,SNPP,SNPP,n,2.0NRT,303.37,3.47,D
-27.85208,-70.17182,345.96,0.49,0.4,2026-08-09,1819,SNPP,SNPP,n,2.0NRT,303.87,3.44,D
-27.85864,-70.16866,348.15,0.49,0.4,2026-08-09,1819,SNPP,SNPP,n,2.0NRT,306.03,6.9,D
-27.85927,-70.17361,353.12,0.49,0.4,2026-08-09,1819,SNPP,SNPP,n,2.0NRT,305.14,6.9,D
-27.85491,-70.1693,354.99,0.49,0.4,2026-08-09,1819,SNPP,SNPP,n,2.0NRT,304.13,6.9,D
-27.85554,-70.17424,357.03,0.49,0.4,2026-08-09,1819,SNPP,SNPP,l,2.0NRT,302.9,6.9,D
-27.85116,-70.16982,348.25,0.49,0.4,2026-08-09,1819,SNPP,SNPP,n,2.0NRT,304.89,4.96,D
-27.85179,-70.17477,339.79,0.49,0.4,2026-08-09,1819,SNPP,SNPP,n,2.0NRT,303.14,4.96,D
-22.31785,-68.88206,341.73,0.4,0.37,2026-08-09,1819,SNPP,SNPP,n,2.0NRT,308.59,4.76,D
-36.22745,-72.32536,330.3,0.65,0.73,2026-08-09,1957,SNPP,SNPP,n,2.0NRT,283,5.48,D
-36.23138,-72.3403,344.82,0.48,0.64,2026-08-10,1758,SNPP,SNPP,n,2.0NRT,286.63,6.29,D
-40.60706,-73.35042,338.02,0.52,0.5,2026-08-10,1938,SNPP,SNPP,n,2.0NRT,279.79,5.07,D
-35.06976,-71.3698,328.54,0.75,0.77,2026-08-11,1741,SNPP,SNPP,n,2.0NRT,286.22,6.45,D
-35.06244,-71.37029,340.93,0.75,0.77,2026-08-11,1741,SNPP,SNPP,n,2.0NRT,287.65,6.45,D
-35.06205,-71.36949,335.93,0.75,0.77,2026-08-11,1741,SNPP,SNPP,n,2.0NRT,287.45,15.17,D
-36.22829,-72.3313,337.64,0.43,0.46,2026-08-11,1919,SNPP,SNPP,n,2.0NRT,286.07,5.71,D
-37.69919,-72.14493,350.35,0.41,0.45,2026-08-11,1919,SNPP,SNPP,n,2.0NRT,290.78,7.74,D
-37.69824,-72.14368,349.47,0.41,0.45,2026-08-11,1919,SNPP,SNPP,n,2.0NRT,289.53,6.8,D
-36.22414,-72.33283,341.43,0.43,0.46,2026-08-11,1919,SNPP,SNPP,n,2.0NRT,287.98,5.71,D
-36.2252,-72.33765,343.5,0.43,0.46,2026-08-11,1919,SNPP,SNPP,n,2.0NRT,287.22,9.9,D
-35.46338,-72.31682,332.6,0.45,0.47,2026-08-11,1919,SNPP,SNPP,n,2.0NRT,286.11,3.48,D
-35.07476,-71.23698,329.89,0.52,0.5,2026-08-11,1919,SNPP,SNPP,n,2.0NRT,289.9,2.28,D
-35.077,-71.23876,328.86,0.52,0.5,2026-08-11,1919,SNPP,SNPP,n,2.0NRT,289.7,2.32,D
-35.06854,-71.37249,345.26,0.51,0.49,2026-08-11,1919,SNPP,SNPP,n,2.0NRT,288.21,14,D
-35.064,-71.37385,345.36,0.51,0.49,2026-08-11,1919,SNPP,SNPP,n,2.0NRT,292.39,14,D
-35.06528,-71.37943,333.2,0.51,0.49,2026-08-11,1919,SNPP,SNPP,n,2.0NRT,289.2,8.05,D
-35.05513,-71.3748,319.73,0.35,0.57,2026-08-12,0640,SNPP,SNPP,n,2.0NRT,273.7,1.57,N
-32.80196,-70.95466,308.45,0.35,0.57,2026-08-12,0640,SNPP,SNPP,n,2.0NRT,275.94,1.58,N
-32.80223,-70.9509,314.97,0.35,0.57,2026-08-12,0640,SNPP,SNPP,n,2.0NRT,275.23,1.58,N
-33.29826,-70.72813,295.49,0.37,0.58,2026-08-12,0640,SNPP,SNPP,n,2.0NRT,272.03,0.81,N
-37.81528,-72.314,356.25,0.4,0.37,2026-08-12,1900,SNPP,SNPP,n,2.0NRT,294.91,11.57,D
-37.81187,-72.31492,338.72,0.4,0.37,2026-08-12,1900,SNPP,SNPP,n,2.0NRT,289.42,5.6,D
-37.69596,-72.15206,333.79,0.41,0.37,2026-08-12,1900,SNPP,SNPP,n,2.0NRT,291.23,3.85,D
-37.69255,-72.15301,339.4,0.41,0.37,2026-08-12,1900,SNPP,SNPP,n,2.0NRT,290.24,3.85,D
-37.69335,-72.15761,326.68,0.41,0.37,2026-08-12,1900,SNPP,SNPP,n,2.0NRT,287.24,3.44,D
-36.82044,-71.80005,340.36,0.42,0.38,2026-08-12,1900,SNPP,SNPP,n,2.0NRT,292.23,10.5,D
-36.81697,-71.80097,367,0.42,0.38,2026-08-12,1900,SNPP,SNPP,h,2.0NRT,291.46,10.5,D
-36.8178,-71.80568,335.25,0.42,0.38,2026-08-12,1900,SNPP,SNPP,n,2.0NRT,290.52,4.11,D
-36.5695,-71.65585,333.48,0.43,0.38,2026-08-12,1900,SNPP,SNPP,n,2.0NRT,289.96,11.63,D
-37.84921,-72.24241,329.66,0.4,0.37,2026-08-12,1900,SNPP,SNPP,n,2.0NRT,288.98,4.73,D
-37.84581,-72.24332,328.45,0.4,0.37,2026-08-12,1900,SNPP,SNPP,n,2.0NRT,287.2,4.73,D
-37.81449,-72.30942,339.52,0.4,0.37,2026-08-12,1900,SNPP,SNPP,n,2.0NRT,288.88,11.57,D
-36.36874,-72.34798,356.68,0.41,0.37,2026-08-12,1902,SNPP,SNPP,n,2.0NRT,288.03,6.82,D
-36.36531,-72.34889,342.61,0.41,0.37,2026-08-12,1902,SNPP,SNPP,n,2.0NRT,288.95,6.34,D
-36.32368,-72.39852,325.57,0.41,0.37,2026-08-12,1902,SNPP,SNPP,n,2.0NRT,287.25,1.54,D
-36.22714,-72.32626,345.69,0.41,0.37,2026-08-12,1902,SNPP,SNPP,n,2.0NRT,289.5,6.36,D
-36.22371,-72.32722,351.84,0.41,0.37,2026-08-12,1902,SNPP,SNPP,n,2.0NRT,287.94,5.9,D
-36.21947,-72.32357,334.81,0.41,0.37,2026-08-12,1902,SNPP,SNPP,n,2.0NRT,284.36,5.08,D
-36.22028,-72.3282,338.97,0.41,0.37,2026-08-12,1902,SNPP,SNPP,n,2.0NRT,286.72,5.9,D
-35.32287,-71.89398,349.59,0.43,0.38,2026-08-12,1902,SNPP,SNPP,n,2.0NRT,293.35,10.29,D
-35.32372,-71.8987,337.73,0.43,0.38,2026-08-12,1902,SNPP,SNPP,n,2.0NRT,290.27,10.29,D
-35.31934,-71.89484,353.38,0.43,0.38,2026-08-12,1902,SNPP,SNPP,n,2.0NRT,290.22,4.91,D
-35.31582,-71.89573,327.39,0.43,0.38,2026-08-12,1902,SNPP,SNPP,n,2.0NRT,288.67,4.91,D
-33.74007,-71.64307,326.13,0.46,0.39,2026-08-12,1902,SNPP,SNPP,n,2.0NRT,292.32,2.37,D
-33.29655,-70.72658,325.48,0.51,0.41,2026-08-12,1902,SNPP,SNPP,n,2.0NRT,293.71,2.65,D
-32.80289,-70.95322,333.99,0.51,0.41,2026-08-12,1902,SNPP,SNPP,n,2.0NRT,296.13,8.49,D
-22.31775,-68.88199,304.39,0.56,0.43,2026-08-13,0618,SNPP,SNPP,n,2.0NRT,277.6,2.3,N
-22.31706,-68.8875,316.51,0.56,0.43,2026-08-13,0618,SNPP,SNPP,n,2.0NRT,278.46,3.77,N
-23.82342,-70.31424,328.78,0.49,0.4,2026-08-13,0618,SNPP,SNPP,n,2.0NRT,287.71,2.09,N
-23.82716,-70.31487,313.81,0.49,0.4,2026-08-13,0618,SNPP,SNPP,n,2.0NRT,286.07,2.09,N
-23.82369,-70.31603,338.21,0.49,0.4,2026-08-13,0618,SNPP,SNPP,n,2.0NRT,289.16,3.21,N
-23.82743,-70.31667,297.47,0.49,0.4,2026-08-13,0618,SNPP,SNPP,n,2.0NRT,286.39,3.21,N
-32.8044,-70.95455,339.43,0.38,0.43,2026-08-13,0620,SNPP,SNPP,n,2.0NRT,282.09,4.03,N
-33.29535,-70.72717,332.55,0.4,0.44,2026-08-13,0620,SNPP,SNPP,n,2.0NRT,281.68,3.02,N
-32.80036,-70.9539,322.87,0.38,0.43,2026-08-13,0620,SNPP,SNPP,n,2.0NRT,279.76,4.03,N
-33.29785,-70.72978,316.15,0.4,0.44,2026-08-13,0620,SNPP,SNPP,n,2.0NRT,280.32,1.5,N
-33.29372,-70.72917,317.49,0.4,0.44,2026-08-13,0620,SNPP,SNPP,n,2.0NRT,280.51,1.5,N
-36.22031,-72.32551,296.54,0.54,0.42,2026-08-13,0622,SNPP,SNPP,n,2.0NRT,275.93,1.4,N
-36.22143,-72.3251,300.38,0.54,0.42,2026-08-13,0622,SNPP,SNPP,n,2.0NRT,275.22,1.36,N
-19.05919,-69.13769,338.91,0.4,0.44,2026-08-13,1845,SNPP,SNPP,n,2.0NRT,297.03,6.77,D
-19.05988,-69.14146,345.25,0.4,0.44,2026-08-13,1845,SNPP,SNPP,n,2.0NRT,298.64,8.44,D
-22.31242,-68.88686,297.24,0.38,0.36,2026-08-14,0557,SNPP,SNPP,n,2.0NRT,280.61,1.63,N
-22.31632,-68.88371,331.1,0.38,0.36,2026-08-14,0557,SNPP,SNPP,n,2.0NRT,281.78,3.11,N
-32.80375,-70.9541,301.35,0.39,0.36,2026-08-14,0601,SNPP,SNPP,n,2.0NRT,261.48,0.65,N
-27.87175,-70.18059,342.5,0.42,0.38,2026-08-14,1826,SNPP,SNPP,n,2.0NRT,293.99,2.43,D
-27.86826,-70.18123,346.8,0.42,0.38,2026-08-14,1826,SNPP,SNPP,n,2.0NRT,294.77,2.67,D
-27.86419,-70.17756,331.68,0.42,0.38,2026-08-14,1826,SNPP,SNPP,n,2.0NRT,296.06,3.77,D
-27.86477,-70.18187,330.07,0.42,0.38,2026-08-14,1826,SNPP,SNPP,n,2.0NRT,294.26,2.67,D
-22.31912,-68.8829,333.5,0.38,0.36,2026-08-14,1826,SNPP,SNPP,n,2.0NRT,302.72,2.86,D
-22.31579,-68.8835,336.25,0.38,0.36,2026-08-14,1826,SNPP,SNPP,n,2.0NRT,299.75,3.27,D
-22.31717,-68.88371,326.96,0.52,0.41,2026-08-15,0540,SNPP,SNPP,n,2.0NRT,280.14,4.58,N
-22.5376,-68.93386,335.75,0.53,0.42,2026-08-15,1809,SNPP,SNPP,n,2.0NRT,305.36,2.54,D
-22.31676,-68.87821,331.52,0.52,0.42,2026-08-15,1809,SNPP,SNPP,n,2.0NRT,300.65,4.69,D
-22.31742,-68.88352,336.13,0.52,0.42,2026-08-15,1809,SNPP,SNPP,n,2.0NRT,301.12,4.69,D
-22.31646,-68.88245,326.11,0.33,0.55,2026-08-16,0521,SNPP,SNPP,n,2.0NRT,279.01,2.7,N
-24.50648,-69.52141,331.29,0.39,0.6,2026-08-16,1747,SNPP,SNPP,n,2.0NRT,303.43,0.62,D
-24.98601,-70.03361,332.32,0.43,0.62,2026-08-16,1747,SNPP,SNPP,n,2.0NRT,295.91,0.57,D
-35.32914,-72.3119,332.21,0.48,0.4,2026-08-17,1908,SNPP,SNPP,n,2.0NRT,289.01,5.9,D
-35.33014,-72.31715,326.14,0.48,0.4,2026-08-17,1908,SNPP,SNPP,n,2.0NRT,287.84,3.61,D
-35.32643,-72.31796,339.3,0.48,0.4,2026-08-17,1908,SNPP,SNPP,n,2.0NRT,287.07,3.61,D
-34.10445,-70.45613,339.05,0.41,0.45,2026-08-17,1908,SNPP,SNPP,n,2.0NRT,287.36,12.59,D
-34.10131,-70.4618,303.09,0.73,0.76,2026-08-18,0446,SNPP,SNPP,n,2.0NRT,273.36,2.75,N
-34.10371,-70.45415,304.7,0.73,0.76,2026-08-18,0446,SNPP,SNPP,n,2.0NRT,274.66,2.75,N
-22.31771,-68.8817,329.84,0.46,0.47,2026-08-18,0625,SNPP,SNPP,n,2.0NRT,276.18,4.33,N
-22.31758,-68.88333,336.83,0.46,0.47,2026-08-18,0625,SNPP,SNPP,n,2.0NRT,277.32,5.41,N
-33.29644,-70.73215,307.45,0.49,0.48,2026-08-18,0627,SNPP,SNPP,n,2.0NRT,278.72,2.43,N
-33.29692,-70.72683,316.31,0.49,0.48,2026-08-18,0627,SNPP,SNPP,n,2.0NRT,279.67,2.43,N
-32.8045,-70.95195,332.47,0.47,0.47,2026-08-18,0627,SNPP,SNPP,n,2.0NRT,281.08,4.53,N
-34.10917,-70.45986,304.03,0.51,0.5,2026-08-18,0627,SNPP,SNPP,n,2.0NRT,274.59,5.66,N
-34.105,-70.45413,300.11,0.51,0.5,2026-08-18,0627,SNPP,SNPP,n,2.0NRT,274.24,4.36,N
-34.1045,-70.45968,337.21,0.51,0.5,2026-08-18,0627,SNPP,SNPP,n,2.0NRT,277.01,5.66,N
-33.29609,-70.73113,330.63,0.49,0.48,2026-08-18,0627,SNPP,SNPP,n,2.0NRT,280.72,3.27,N
-37.78607,-72.3325,329.58,0.39,0.36,2026-08-18,1847,SNPP,SNPP,n,2.0NRT,290.39,6.98,D
-37.80676,-72.25834,330.11,0.39,0.36,2026-08-18,1847,SNPP,SNPP,n,2.0NRT,287.87,3.75,D
-37.8074,-72.26282,332.71,0.39,0.36,2026-08-18,1847,SNPP,SNPP,n,2.0NRT,287.84,3.75,D
-37.88308,-72.79639,339.7,0.4,0.37,2026-08-18,1847,SNPP,SNPP,n,2.0NRT,287.17,12.76,D
-37.88372,-72.80096,342.48,0.4,0.37,2026-08-18,1847,SNPP,SNPP,n,2.0NRT,292.99,12.87,D
-37.8803,-72.80164,352.1,0.4,0.37,2026-08-18,1847,SNPP,SNPP,n,2.0NRT,288.42,12.87,D
-37.78205,-72.32878,340.83,0.39,0.36,2026-08-18,1847,SNPP,SNPP,n,2.0NRT,292.14,4.9,D
-37.7827,-72.33327,329.68,0.39,0.36,2026-08-18,1847,SNPP,SNPP,n,2.0NRT,290.18,4.9,D
-37.49244,-72.4924,329.79,0.39,0.36,2026-08-18,1847,SNPP,SNPP,n,2.0NRT,290.55,3.51,D
-37.32058,-71.8883,339.78,0.39,0.36,2026-08-18,1847,SNPP,SNPP,n,2.0NRT,288.75,4.4,D
-36.33012,-72.83463,344.77,0.39,0.36,2026-08-18,1847,SNPP,SNPP,n,2.0NRT,292.96,5.78,D
-35.61198,-71.61568,329.9,0.38,0.36,2026-08-18,1847,SNPP,SNPP,n,2.0NRT,293.42,2.85,D
-35.61264,-71.61994,330.09,0.38,0.36,2026-08-18,1847,SNPP,SNPP,n,2.0NRT,292.62,2.85,D
-35.33781,-72.29185,327.81,0.38,0.36,2026-08-18,1847,SNPP,SNPP,n,2.0NRT,291.64,2.64,D
-35.33382,-72.28832,331.14,0.38,0.36,2026-08-18,1847,SNPP,SNPP,n,2.0NRT,291.69,9.01,D
-35.33447,-72.29259,351.83,0.38,0.36,2026-08-18,1847,SNPP,SNPP,n,2.0NRT,296.21,7.31,D
-35.33511,-72.29688,331.44,0.38,0.36,2026-08-18,1847,SNPP,SNPP,n,2.0NRT,290.77,7.31,D
-35.33112,-72.29335,330.2,0.38,0.36,2026-08-18,1847,SNPP,SNPP,n,2.0NRT,290.05,7.31,D
-34.82772,-72.12125,329.58,0.38,0.36,2026-08-18,1847,SNPP,SNPP,n,2.0NRT,292.26,2.48,D
-33.29641,-70.72797,340.92,0.4,0.37,2026-08-18,1849,SNPP,SNPP,n,2.0NRT,298.22,4.46,D
-20.26564,-69.70729,332.73,0.44,0.46,2026-08-18,1851,SNPP,SNPP,n,2.0NRT,297.77,1.7,D
-22.31875,-68.88182,315.32,0.41,0.37,2026-08-19,0603,SNPP,SNPP,n,2.0NRT,270.56,2.41,N
-22.31531,-68.88137,331.24,0.41,0.37,2026-08-19,0603,SNPP,SNPP,n,2.0NRT,275.33,4.96,N
-36.10112,-72.55149,295,0.4,0.37,2026-08-19,0608,SNPP,SNPP,n,2.0NRT,279.23,0.52,N
-32.92783,-71.50532,296.66,0.41,0.37,2026-08-19,0608,SNPP,SNPP,n,2.0NRT,286.5,0.62,N
-33.29354,-70.72782,310.39,0.43,0.38,2026-08-19,0608,SNPP,SNPP,n,2.0NRT,281.61,1.26,N
-33.29708,-70.72848,309.14,0.43,0.38,2026-08-19,0608,SNPP,SNPP,n,2.0NRT,280.98,1.26,N
-34.10644,-70.45687,332.49,0.45,0.39,2026-08-19,0608,SNPP,SNPP,n,2.0NRT,277.58,5.49,N
-32.80033,-70.95383,298.6,0.42,0.38,2026-08-19,0608,SNPP,SNPP,n,2.0NRT,280.49,0.55,N
-32.80382,-70.95452,318.3,0.42,0.38,2026-08-19,0608,SNPP,SNPP,n,2.0NRT,282.82,1.87,N
-32.80447,-70.95222,313.15,0.42,0.38,2026-08-19,0608,SNPP,SNPP,n,2.0NRT,280.47,2.06,N
-37.80684,-72.2644,296.18,0.42,0.38,2026-08-19,0610,SNPP,SNPP,n,2.0NRT,276.05,1.28,N
-37.80748,-72.25957,330.35,0.42,0.38,2026-08-19,0610,SNPP,SNPP,n,2.0NRT,277.71,2.56,N
-39.09383,-72.50058,340.41,0.39,0.44,2026-08-19,1828,SNPP,SNPP,n,2.0NRT,288.95,3.28,D
-39.09171,-72.49911,338.07,0.39,0.44,2026-08-19,1828,SNPP,SNPP,n,2.0NRT,287.48,3.7,D
-37.76937,-72.14395,342.56,0.55,0.43,2026-08-19,1830,SNPP,SNPP,n,2.0NRT,295.58,12.96,D
-37.04779,-72.88546,331.54,0.39,0.44,2026-08-19,1830,SNPP,SNPP,n,2.0NRT,290.3,2.69,D
-36.82265,-71.79505,344.05,0.52,0.41,2026-08-19,1830,SNPP,SNPP,n,2.0NRT,292.47,12.07,D
-36.82331,-71.80102,335.16,0.52,0.41,2026-08-19,1830,SNPP,SNPP,n,2.0NRT,294.79,12.07,D
-36.8188,-71.79577,346.43,0.52,0.41,2026-08-19,1830,SNPP,SNPP,n,2.0NRT,292.77,12.07,D
-36.81945,-71.80174,339.56,0.52,0.41,2026-08-19,1830,SNPP,SNPP,n,2.0NRT,294.77,12.07,D
-36.22618,-71.73605,331.96,0.51,0.41,2026-08-19,1830,SNPP,SNPP,n,2.0NRT,295.55,7.83,D
-36.20499,-72.76931,329.58,0.56,0.43,2026-08-19,1830,SNPP,SNPP,n,2.0NRT,287.68,4.24,D
-36.00543,-72.6651,328.6,0.56,0.43,2026-08-19,1830,SNPP,SNPP,n,2.0NRT,289.43,5.5,D
-37.88346,-71.98666,347.2,0.54,0.42,2026-08-19,1830,SNPP,SNPP,n,2.0NRT,294.97,11.55,D
-35.32641,-72.2737,329.99,0.52,0.42,2026-08-19,1830,SNPP,SNPP,n,2.0NRT,290.82,9.74,D
-35.32702,-72.27917,356.54,0.52,0.42,2026-08-19,1830,SNPP,SNPP,n,2.0NRT,297.2,35.31,D
-35.10744,-72.11711,339.45,0.51,0.41,2026-08-19,1830,SNPP,SNPP,n,2.0NRT,288.94,5.51,D
-35.107,-72.11928,340.48,0.51,0.41,2026-08-19,1830,SNPP,SNPP,n,2.0NRT,290.29,4.28,D
-35.10318,-72.12016,327.68,0.51,0.41,2026-08-19,1830,SNPP,SNPP,n,2.0NRT,287.52,4.28,D
-34.10842,-70.4541,342.07,0.43,0.38,2026-08-19,1830,SNPP,SNPP,n,2.0NRT,290.63,24.05,D
-33.29565,-70.72755,334.55,0.43,0.38,2026-08-19,1830,SNPP,SNPP,n,2.0NRT,297.82,4.18,D
-32.80262,-70.95214,327.37,0.44,0.38,2026-08-19,1830,SNPP,SNPP,n,2.0NRT,293.63,3.37,D
-37.88104,-71.98556,337.7,0.54,0.42,2026-08-19,1830,SNPP,SNPP,n,2.0NRT,290.64,6.57,D
-37.88171,-71.992,329.38,0.54,0.42,2026-08-19,1830,SNPP,SNPP,n,2.0NRT,290.81,6.57,D
-37.88204,-72.08517,331.04,0.55,0.42,2026-08-19,1830,SNPP,SNPP,n,2.0NRT,290.92,5.34,D
-37.8424,-72.4082,337.06,0.57,0.43,2026-08-19,1830,SNPP,SNPP,n,2.0NRT,307.44,91.25,D
-37.83773,-72.40251,328.81,0.57,0.43,2026-08-19,1830,SNPP,SNPP,n,2.0NRT,289.17,16.22,D
-37.83837,-72.40894,339.05,0.57,0.43,2026-08-19,1830,SNPP,SNPP,n,2.0NRT,299.58,34.23,D
-37.77267,-72.13693,342.26,0.55,0.43,2026-08-19,1830,SNPP,SNPP,n,2.0NRT,294.96,7.08,D
-39.07782,-72.14764,331.13,0.78,0.78,2026-08-19,2008,SNPP,SNPP,n,2.0NRT,276.67,5.26,D
-39.07829,-72.15066,327.32,0.77,0.78,2026-08-19,2008,SNPP,SNPP,n,2.0NRT,277.11,6.45,D
-23.82482,-70.31699,300.94,0.48,0.4,2026-08-20,0546,SNPP,SNPP,n,2.0NRT,285.46,1.16,N
-22.31548,-68.88079,341.33,0.44,0.38,2026-08-20,0546,SNPP,SNPP,n,2.0NRT,279.06,7.52,N
-22.31896,-68.88171,301.67,0.44,0.38,2026-08-20,0546,SNPP,SNPP,n,2.0NRT,272.51,7.52,N
-34.10789,-70.45698,331.15,0.39,0.36,2026-08-20,0550,SNPP,SNPP,n,2.0NRT,281.88,12.83,N
-34.10717,-70.46125,317.85,0.39,0.36,2026-08-20,0550,SNPP,SNPP,n,2.0NRT,275.92,12.83,N
-35.10567,-72.13052,304.52,0.42,0.38,2026-08-20,0550,SNPP,SNPP,n,2.0NRT,279.24,0.83,N
-37.88105,-72.09068,310.39,0.4,0.37,2026-08-20,0550,SNPP,SNPP,n,2.0NRT,275.83,1.23,N
-33.29512,-70.73019,326.59,0.4,0.37,2026-08-20,0550,SNPP,SNPP,n,2.0NRT,282.34,3.69,N
-33.52331,-70.87313,298.65,0.4,0.37,2026-08-20,0550,SNPP,SNPP,n,2.0NRT,279.99,0.49,N
-34.10456,-70.4561,304.91,0.39,0.36,2026-08-20,0550,SNPP,SNPP,n,2.0NRT,275.86,1.2,N
-36.5773,-72.79967,329.5,0.34,0.56,2026-08-20,1811,SNPP,SNPP,n,2.0NRT,283.45,4.92,D
-36.57707,-72.79586,351.25,0.34,0.56,2026-08-20,1811,SNPP,SNPP,n,2.0NRT,284.73,6.76,D
-36.57201,-72.80031,338.1,0.34,0.56,2026-08-20,1811,SNPP,SNPP,n,2.0NRT,284,3.72,D
-36.57309,-72.79605,328.38,0.34,0.56,2026-08-20,1811,SNPP,SNPP,n,2.0NRT,283.05,6.27,D
-36.57335,-72.79996,353.2,0.34,0.56,2026-08-20,1811,SNPP,SNPP,n,2.0NRT,285.47,6.12,D
-35.84735,-72.46516,330.89,0.32,0.55,2026-08-20,1811,SNPP,SNPP,n,2.0NRT,289.44,4.57,D
-35.8419,-72.46142,367,0.32,0.55,2026-08-20,1811,SNPP,SNPP,h,2.0NRT,292.23,4.57,D
-35.72126,-72.37967,331.44,0.64,0.54,2026-08-20,1811,SNPP,SNPP,n,2.0NRT,288.02,3.06,D
-35.33581,-72.29343,339.67,0.62,0.54,2026-08-20,1811,SNPP,SNPP,n,2.0NRT,281.33,8.7,D
-35.33128,-72.30161,334.46,0.62,0.54,2026-08-20,1811,SNPP,SNPP,n,2.0NRT,277.9,8.24,D
-35.33179,-72.30857,356.73,0.62,0.54,2026-08-20,1811,SNPP,SNPP,l,2.0NRT,278.02,19.4,D
-35.11264,-72.12125,344.21,0.61,0.53,2026-08-20,1811,SNPP,SNPP,n,2.0NRT,282.37,11.05,D
-32.8018,-70.95476,336.06,0.49,0.49,2026-08-20,1813,SNPP,SNPP,n,2.0NRT,297.21,2.39,D
-22.45732,-68.95718,337.61,0.45,0.39,2026-08-20,1813,SNPP,SNPP,n,2.0NRT,307.94,2.34,D
-22.31605,-68.88007,342.41,0.44,0.39,2026-08-20,1813,SNPP,SNPP,n,2.0NRT,304.98,6.97,D
-20.45323,-69.53587,356.62,0.45,0.39,2026-08-20,1815,SNPP,SNPP,l,2.0NRT,320.95,7.5,D
-20.45986,-69.5304,367,0.45,0.39,2026-08-20,1815,SNPP,SNPP,l,2.0NRT,327.51,8.41,D
-20.46045,-69.53477,367,0.45,0.39,2026-08-20,1815,SNPP,SNPP,l,2.0NRT,326.77,7.22,D
-20.45684,-69.53532,353.01,0.45,0.39,2026-08-20,1815,SNPP,SNPP,n,2.0NRT,322.75,7.5,D
-20.45625,-69.53095,367,0.45,0.39,2026-08-20,1815,SNPP,SNPP,l,2.0NRT,326.19,4.1,D
-20.45264,-69.53149,367,0.45,0.39,2026-08-20,1815,SNPP,SNPP,l,2.0NRT,325.54,4.1,D
-36.82527,-71.79874,331.83,0.56,0.69,2026-08-20,1949,SNPP,SNPP,n,2.0NRT,289.67,6.53,D
-36.81794,-71.79598,341.77,0.56,0.69,2026-08-20,1949,SNPP,SNPP,n,2.0NRT,288.58,9.68,D
-36.57566,-72.80073,325.12,0.5,0.66,2026-08-20,1949,SNPP,SNPP,n,2.0NRT,287.06,5.39,D
-36.44922,-71.9215,326.95,0.56,0.69,2026-08-20,1949,SNPP,SNPP,n,2.0NRT,288.03,4.97,D
-36.57397,-72.7949,349.94,0.51,0.66,2026-08-20,1949,SNPP,SNPP,n,2.0NRT,288.76,5.39,D
-36.81722,-71.79513,332.37,0.56,0.69,2026-08-20,1949,SNPP,SNPP,n,2.0NRT,287.78,6.53,D
-35.11207,-72.11966,367,0.6,0.7,2026-08-20,1951,SNPP,SNPP,h,2.0NRT,292.56,9.73,D
-35.11364,-72.12496,342.13,0.6,0.7,2026-08-20,1951,SNPP,SNPP,n,2.0NRT,291.01,9.73,D
-35.84644,-72.46027,331.02,0.55,0.68,2026-08-20,1951,SNPP,SNPP,n,2.0NRT,288.97,5.18,D
-35.33549,-72.28877,345.23,0.58,0.7,2026-08-20,1951,SNPP,SNPP,n,2.0NRT,290.41,10.66,D
-35.33255,-72.30268,325.79,0.58,0.69,2026-08-20,1951,SNPP,SNPP,n,2.0NRT,289.76,9.96,D
-35.10926,-72.11872,342.83,0.6,0.7,2026-08-20,1951,SNPP,SNPP,n,2.0NRT,289.76,17.41,D
-35.11091,-72.12421,355.82,0.6,0.7,2026-08-20,1951,SNPP,SNPP,n,2.0NRT,291.1,14.7,D
-22.31742,-68.87983,337.47,0.53,0.5,2026-08-21,0527,SNPP,SNPP,n,2.0NRT,279.87,9.21,N
-32.80507,-70.95252,315.5,0.43,0.46,2026-08-21,0529,SNPP,SNPP,n,2.0NRT,283.26,2.07,N
-33.29536,-70.73067,317.32,0.41,0.45,2026-08-21,0529,SNPP,SNPP,n,2.0NRT,281.5,2.87,N
-34.10399,-70.45651,343.11,0.38,0.43,2026-08-21,0529,SNPP,SNPP,n,2.0NRT,280.18,2.81,N
-34.10485,-70.45242,296.31,0.38,0.43,2026-08-21,0529,SNPP,SNPP,n,2.0NRT,278.85,2.81,N
-34.10787,-70.45811,329.6,0.38,0.43,2026-08-21,0529,SNPP,SNPP,n,2.0NRT,278.26,2.81,N
-32.80088,-70.95131,333.92,0.43,0.46,2026-08-21,0529,SNPP,SNPP,n,2.0NRT,284.79,2.07,N
-35.11005,-72.12225,303.96,0.44,0.46,2026-08-21,0529,SNPP,SNPP,n,2.0NRT,283.32,0.83,N
-35.11425,-72.12379,297.27,0.44,0.46,2026-08-21,0529,SNPP,SNPP,n,2.0NRT,283.03,0.83,N
-35.11049,-72.12451,304.09,0.44,0.46,2026-08-21,0529,SNPP,SNPP,n,2.0NRT,283.69,0.87,N
-35.11171,-72.11909,295.33,0.44,0.46,2026-08-21,0529,SNPP,SNPP,n,2.0NRT,283.45,0.87,N
-35.0638,-71.70584,296.11,0.42,0.45,2026-08-21,0529,SNPP,SNPP,n,2.0NRT,282.24,0.53,N
-37.79692,-72.28497,331.03,0.59,0.7,2026-08-21,1752,SNPP,SNPP,n,2.0NRT,286.55,17.38,D
-37.8004,-72.29073,367,0.59,0.7,2026-08-21,1752,SNPP,SNPP,h,2.0NRT,293.06,14.9,D
-37.79372,-72.29116,367,0.59,0.7,2026-08-21,1752,SNPP,SNPP,h,2.0NRT,292.55,14.9,D
-37.79709,-72.29158,367,0.59,0.7,2026-08-21,1752,SNPP,SNPP,h,2.0NRT,298.4,17.38,D
-37.70574,-72.74114,334.48,0.62,0.72,2026-08-21,1752,SNPP,SNPP,n,2.0NRT,284.54,7.18,D
-37.71251,-72.73827,332.96,0.62,0.72,2026-08-21,1752,SNPP,SNPP,n,2.0NRT,288.68,5.28,D
-37.70569,-72.73878,348,0.62,0.72,2026-08-21,1752,SNPP,SNPP,n,2.0NRT,285.42,5.28,D
-35.86438,-72.20156,325.37,0.57,0.69,2026-08-21,1752,SNPP,SNPP,n,2.0NRT,279.09,6.04,D
-35.86418,-72.19515,357.4,0.57,0.69,2026-08-21,1752,SNPP,SNPP,l,2.0NRT,281.03,17.35,D
-35.86652,-72.19305,345.16,0.57,0.69,2026-08-21,1752,SNPP,SNPP,n,2.0NRT,280.97,5.89,D
-35.86676,-72.1996,331.11,0.57,0.69,2026-08-21,1752,SNPP,SNPP,n,2.0NRT,279.48,5.89,D
-35.86019,-72.19987,328.77,0.57,0.69,2026-08-21,1752,SNPP,SNPP,n,2.0NRT,278.05,5.89,D
-35.3041,-72.39884,330.34,0.58,0.7,2026-08-21,1752,SNPP,SNPP,n,2.0NRT,291.8,7,D
-34.10888,-70.45955,327.95,0.44,0.63,2026-08-21,1752,SNPP,SNPP,n,2.0NRT,297.5,3.11,D
-34.10604,-70.45715,347.56,0.44,0.63,2026-08-21,1752,SNPP,SNPP,n,2.0NRT,293.55,5.56,D
-32.80502,-70.95229,338.27,0.46,0.64,2026-08-21,1752,SNPP,SNPP,n,2.0NRT,302.61,4.27,D
-29.02978,-71.01649,335.97,0.43,0.62,2026-08-21,1754,SNPP,SNPP,n,2.0NRT,302.33,0.9,D
-38.72419,-72.19134,332.61,0.55,0.51,2026-08-21,1932,SNPP,SNPP,n,2.0NRT,289.23,8.02,D
-38.71641,-72.20107,342.7,0.55,0.51,2026-08-21,1932,SNPP,SNPP,n,2.0NRT,290.13,5.3,D
-37.79828,-72.28926,357.54,0.57,0.52,2026-08-21,1932,SNPP,SNPP,n,2.0NRT,291.99,13.62,D
-37.79355,-72.29105,357.08,0.57,0.52,2026-08-21,1932,SNPP,SNPP,l,2.0NRT,289.48,13.62,D
-37.80101,-72.28996,339.29,0.57,0.52,2026-08-21,1932,SNPP,SNPP,n,2.0NRT,287,16.61,D
-37.7963,-72.29182,346.78,0.57,0.52,2026-08-21,1932,SNPP,SNPP,n,2.0NRT,293.55,16.61,D
-37.75333,-72.20025,330.02,0.58,0.52,2026-08-21,1932,SNPP,SNPP,n,2.0NRT,290.29,4.05,D
-37.74858,-72.20205,328.18,0.58,0.52,2026-08-21,1932,SNPP,SNPP,n,2.0NRT,289.6,3.57,D
-37.70589,-72.73286,331.49,0.55,0.51,2026-08-21,1932,SNPP,SNPP,n,2.0NRT,278.21,5.74,D
-36.22081,-71.82932,354.86,0.33,0.55,2026-08-21,1932,SNPP,SNPP,n,2.0NRT,289.94,5.15,D
-35.97815,-72.38459,350.11,0.63,0.54,2026-08-21,1932,SNPP,SNPP,n,2.0NRT,273,16.01,D
-35.86395,-72.19594,332.56,0.32,0.55,2026-08-21,1932,SNPP,SNPP,n,2.0NRT,268.49,3.05,D
-35.11377,-72.18329,333.69,0.34,0.56,2026-08-21,1932,SNPP,SNPP,n,2.0NRT,292.92,2.15,D
-34.10432,-70.45815,341.21,0.44,0.62,2026-08-21,1932,SNPP,SNPP,n,2.0NRT,291.79,3.48,D
-34.1056,-70.45707,340.22,0.44,0.62,2026-08-21,1932,SNPP,SNPP,n,2.0NRT,290.92,3.84,D
-39.50962,-73.01974,329.02,0.48,0.48,2026-08-21,1932,SNPP,SNPP,n,2.0NRT,284.5,2.87,D
-33.35326,-70.82331,341.79,0.44,0.62,2026-08-21,1934,SNPP,SNPP,n,2.0NRT,292.13,2.71,D
-22.31322,-68.88584,342.99,0.52,0.66,2026-08-22,0508,SNPP,SNPP,n,2.0NRT,282.85,6.1,N
-22.31447,-68.88065,296.36,0.52,0.66,2026-08-22,0508,SNPP,SNPP,n,2.0NRT,279.69,5.72,N
-22.31905,-68.88859,320.97,0.52,0.66,2026-08-22,0508,SNPP,SNPP,n,2.0NRT,277.26,6.1,N
-33.29142,-70.72827,296.45,0.37,0.58,2026-08-22,0512,SNPP,SNPP,n,2.0NRT,281.08,0.59,N
-33.29665,-70.73023,312.48,0.37,0.58,2026-08-22,0512,SNPP,SNPP,n,2.0NRT,280.83,0.59,N
-34.10529,-70.45743,341.85,0.34,0.56,2026-08-22,0512,SNPP,SNPP,n,2.0NRT,265.59,3.75,N
-33.18238,-70.67787,296.74,0.37,0.58,2026-08-22,0512,SNPP,SNPP,n,2.0NRT,277.11,0.58,N
-37.79815,-72.29141,297.43,0.34,0.56,2026-08-22,0512,SNPP,SNPP,n,2.0NRT,270.87,0.81,N
-37.7991,-72.28772,298.54,0.34,0.56,2026-08-22,0512,SNPP,SNPP,n,2.0NRT,271.24,0.81,N
-33.18754,-70.68011,304.73,0.37,0.58,2026-08-22,0512,SNPP,SNPP,n,2.0NRT,278.03,0.58,N
-22.31711,-68.8889,325.76,0.58,0.7,2026-08-22,0648,SNPP,SNPP,n,2.0NRT,278.1,4.98,N
-22.31757,-68.88295,326.15,0.59,0.7,2026-08-22,0648,SNPP,SNPP,n,2.0NRT,278.25,4.98,N
-34.10526,-70.4613,324.7,0.59,0.7,2026-08-22,0652,SNPP,SNPP,n,2.0NRT,270.49,5.05,N
-33.18498,-70.6772,298.68,0.56,0.69,2026-08-22,0652,SNPP,SNPP,n,2.0NRT,278.5,1.22,N
-34.10749,-70.45925,339.66,0.59,0.7,2026-08-22,0652,SNPP,SNPP,n,2.0NRT,273.05,6.1,N
-34.10548,-70.45525,309.94,0.59,0.7,2026-08-22,0652,SNPP,SNPP,n,2.0NRT,273.47,3.96,N
-36.74422,-72.58165,348.12,0.51,0.41,2026-08-22,1915,SNPP,SNPP,n,2.0NRT,294.89,7.35,D
-36.77448,-71.22713,325.23,0.4,0.44,2026-08-22,1915,SNPP,SNPP,l,2.0NRT,296.33,3.34,D
-36.77291,-71.23033,329.57,0.4,0.44,2026-08-22,1915,SNPP,SNPP,n,2.0NRT,296.58,1.76,D
-36.86284,-72.14713,333.84,0.54,0.42,2026-08-22,1915,SNPP,SNPP,n,2.0NRT,295.21,2.64,D
-36.85898,-72.14832,329.14,0.54,0.42,2026-08-22,1915,SNPP,SNPP,n,2.0NRT,293.21,2.64,D
-36.85886,-72.14389,329.69,0.54,0.42,2026-08-22,1915,SNPP,SNPP,n,2.0NRT,293.46,3.2,D
-36.86007,-72.14988,329.7,0.54,0.42,2026-08-22,1915,SNPP,SNPP,n,2.0NRT,294.25,3.2,D
-36.80098,-72.28199,340.76,0.53,0.42,2026-08-22,1915,SNPP,SNPP,n,2.0NRT,295.71,5.05,D
-36.74798,-72.58036,348.23,0.51,0.41,2026-08-22,1915,SNPP,SNPP,n,2.0NRT,293.18,7.35,D
-36.73934,-72.57741,343.49,0.52,0.41,2026-08-22,1915,SNPP,SNPP,n,2.0NRT,295.05,6.73,D
-36.74046,-72.58292,341.31,0.51,0.41,2026-08-22,1915,SNPP,SNPP,n,2.0NRT,293.6,6.73,D
-36.74832,-72.64179,330.37,0.51,0.41,2026-08-22,1915,SNPP,SNPP,n,2.0NRT,295.44,5.75,D
-36.7495,-72.64758,336.6,0.51,0.41,2026-08-22,1915,SNPP,SNPP,n,2.0NRT,300.18,7.92,D
-36.74571,-72.6487,327.69,0.51,0.41,2026-08-22,1915,SNPP,SNPP,l,2.0NRT,299.21,3.76,D
-36.74722,-72.64436,346.23,0.51,0.41,2026-08-22,1915,SNPP,SNPP,n,2.0NRT,300.33,18.97,D
-36.39761,-71.65923,338.01,0.38,0.43,2026-08-22,1915,SNPP,SNPP,n,2.0NRT,292.9,11.02,D
-36.3985,-71.66353,332.95,0.38,0.43,2026-08-22,1915,SNPP,SNPP,n,2.0NRT,299.47,11.64,D
-36.41261,-71.75188,330.6,0.57,0.43,2026-08-22,1915,SNPP,SNPP,n,2.0NRT,294.47,2.92,D
-35.89347,-72.23943,332.16,0.55,0.43,2026-08-22,1915,SNPP,SNPP,n,2.0NRT,293.82,7.48,D
-35.88955,-72.24059,330.89,0.55,0.43,2026-08-22,1915,SNPP,SNPP,n,2.0NRT,291.6,7.48,D
-35.8908,-72.24659,328.61,0.55,0.43,2026-08-22,1915,SNPP,SNPP,n,2.0NRT,295,7.48,D
-35.89249,-72.24187,344.19,0.55,0.43,2026-08-22,1915,SNPP,SNPP,n,2.0NRT,298.27,20.02,D
-35.31791,-72.2754,339.27,0.56,0.43,2026-08-22,1915,SNPP,SNPP,n,2.0NRT,300.76,8.72,D
-33.18732,-70.67671,332.13,0.5,0.49,2026-08-22,1915,SNPP,SNPP,n,2.0NRT,290.7,4.29,D
-32.80492,-70.95173,334.84,0.49,0.49,2026-08-22,1915,SNPP,SNPP,n,2.0NRT,303.09,5.39,D
-37.66502,-72.20016,302.41,0.59,0.7,2026-08-23,0453,SNPP,SNPP,n,2.0NRT,275.86,1.16,N
-37.66708,-72.19347,304.33,0.59,0.7,2026-08-23,0453,SNPP,SNPP,n,2.0NRT,276.43,1.16,N
-37.67329,-72.19662,299.15,0.59,0.7,2026-08-23,0453,SNPP,SNPP,n,2.0NRT,276.02,1.16,N
-37.66315,-72.19774,304.37,0.59,0.7,2026-08-23,0453,SNPP,SNPP,n,2.0NRT,277.14,3.03,N
-37.66521,-72.19116,304.41,0.59,0.7,2026-08-23,0453,SNPP,SNPP,n,2.0NRT,277.67,1.48,N
-37.67151,-72.19403,302.27,0.59,0.7,2026-08-23,0453,SNPP,SNPP,n,2.0NRT,275.92,1.48,N
-34.1046,-70.45371,328.59,0.61,0.71,2026-08-23,0453,SNPP,SNPP,n,2.0NRT,280.82,7.81,N
-34.1027,-70.46014,313.48,0.61,0.71,2026-08-23,0453,SNPP,SNPP,n,2.0NRT,278.97,8.29,N
-22.31529,-68.88148,313.08,0.58,0.52,2026-08-23,0629,SNPP,SNPP,n,2.0NRT,280.79,2.13,N
-32.80066,-70.95108,325.31,0.57,0.52,2026-08-23,0631,SNPP,SNPP,n,2.0NRT,282.71,3.62,N
-32.80552,-70.95187,320.56,0.57,0.52,2026-08-23,0631,SNPP,SNPP,n,2.0NRT,282.08,3.59,N
-33.29698,-70.7271,315.28,0.6,0.53,2026-08-23,0633,SNPP,SNPP,n,2.0NRT,283.33,3.2,N
-34.10663,-70.45703,340.37,0.63,0.54,2026-08-23,0633,SNPP,SNPP,n,2.0NRT,281.91,10.77,N
-37.66798,-72.19816,305.87,0.55,0.51,2026-08-23,0633,SNPP,SNPP,n,2.0NRT,275.21,1.62,N
-37.6685,-72.19175,301.11,0.55,0.51,2026-08-23,0633,SNPP,SNPP,n,2.0NRT,276.16,1.62,N
-39.32888,-72.4564,327.25,0.38,0.36,2026-08-23,1853,SNPP,SNPP,n,2.0NRT,294.24,1.83,D
-38.53367,-72.39482,331.05,0.38,0.36,2026-08-23,1853,SNPP,SNPP,n,2.0NRT,290.91,1.9,D
-38.61372,-73.13546,326.01,0.39,0.36,2026-08-23,1853,SNPP,SNPP,n,2.0NRT,291.06,1.47,D
-37.87116,-72.0715,340.98,0.39,0.36,2026-08-23,1853,SNPP,SNPP,n,2.0NRT,285.05,3.76,D
-37.66806,-72.20176,343.93,0.39,0.36,2026-08-23,1853,SNPP,SNPP,n,2.0NRT,270.42,14.29,D
-36.75163,-72.63879,336.5,0.38,0.36,2026-08-23,1853,SNPP,SNPP,n,2.0NRT,282.56,3.6,D
-34.10484,-70.45762,338.58,0.44,0.39,2026-08-23,1856,SNPP,SNPP,n,2.0NRT,294.62,13.36,D
-32.8045,-70.95114,332.8,0.44,0.38,2026-08-23,1856,SNPP,SNPP,n,2.0NRT,282.53,4.21,D
-27.78046,-69.74727,335.09,0.4,0.44,2026-08-23,1858,SNPP,SNPP,n,2.0NRT,308.6,4.46,D
-33.29515,-70.72814,327.54,0.5,0.41,2026-08-24,0614,SNPP,SNPP,n,2.0NRT,284.6,3.29,N
-33.52223,-70.87471,296.69,0.49,0.41,2026-08-24,0614,SNPP,SNPP,n,2.0NRT,282.14,0.6,N
-34.10459,-70.45878,335.03,0.52,0.42,2026-08-24,0614,SNPP,SNPP,n,2.0NRT,282.19,6.16,N
-34.10527,-70.45309,300.17,0.52,0.42,2026-08-24,0614,SNPP,SNPP,n,2.0NRT,280.76,1.24,N
-34.1085,-70.45918,312.79,0.52,0.42,2026-08-24,0614,SNPP,SNPP,n,2.0NRT,280.87,2.88,N
-34.10449,-70.45945,327.88,0.52,0.42,2026-08-24,0614,SNPP,SNPP,n,2.0NRT,282.8,3.51,N
-34.10514,-70.45377,301.6,0.52,0.42,2026-08-24,0614,SNPP,SNPP,n,2.0NRT,280.89,3.51,N
-34.10839,-70.45985,309.22,0.52,0.42,2026-08-24,0614,SNPP,SNPP,n,2.0NRT,280.55,3.51,N
-35.52547,-71.72873,295.51,0.48,0.4,2026-08-24,0614,SNPP,SNPP,n,2.0NRT,278.23,0.5,N
-36.39787,-71.66634,315.64,0.49,0.4,2026-08-24,0616,SNPP,SNPP,n,2.0NRT,278.26,1.53,N
-36.40162,-71.66709,317.43,0.49,0.4,2026-08-24,0616,SNPP,SNPP,n,2.0NRT,277.26,2.79,N
-36.41155,-71.68027,299.99,0.49,0.4,2026-08-24,0616,SNPP,SNPP,n,2.0NRT,277.18,1.15,N
-37.6688,-72.20049,305.84,0.48,0.4,2026-08-24,0616,SNPP,SNPP,n,2.0NRT,267.25,1.24,N
-37.67253,-72.20119,299.05,0.48,0.4,2026-08-24,0616,SNPP,SNPP,n,2.0NRT,268.45,1.24,N
-26.62715,-70.14418,334.71,0.39,0.36,2026-08-24,1838,SNPP,SNPP,n,2.0NRT,306.71,0.34,D
-22.31583,-68.88037,336.24,0.46,0.39,2026-08-24,1841,SNPP,SNPP,n,2.0NRT,306.36,3.84,D
-22.31482,-68.88158,327.41,0.4,0.37,2026-08-25,0553,SNPP,SNPP,n,2.0NRT,281.28,1.13,N
-22.31418,-68.88543,295.38,0.4,0.37,2026-08-25,0553,SNPP,SNPP,n,2.0NRT,280.82,1.13,N
-22.31618,-68.8812,333.17,0.4,0.37,2026-08-25,0553,SNPP,SNPP,n,2.0NRT,281.61,4.22,N
-27.35827,-70.22037,302.04,0.39,0.37,2026-08-25,0555,SNPP,SNPP,n,2.0NRT,284.61,0.92,N
-26.38272,-70.02494,339.14,0.46,0.39,2026-08-25,1819,SNPP,SNPP,n,2.0NRT,302.55,2.44,D
-26.37844,-70.02079,356.45,0.46,0.39,2026-08-25,1819,SNPP,SNPP,l,2.0NRT,303.73,10.46,D
-22.3184,-68.88073,345.33,0.4,0.37,2026-08-25,1819,SNPP,SNPP,n,2.0NRT,313.63,10.37,D
-22.31501,-68.8812,342.38,0.4,0.37,2026-08-25,1819,SNPP,SNPP,n,2.0NRT,306.71,10.37,D
-22.31375,-68.87961,308.82,0.42,0.45,2026-08-26,0533,SNPP,SNPP,n,2.0NRT,279.13,1.85,N
-22.3135,-68.88245,320.4,0.42,0.45,2026-08-26,0533,SNPP,SNPP,n,2.0NRT,281.12,4.84,N
-22.31757,-68.88385,336.9,0.42,0.45,2026-08-26,0533,SNPP,SNPP,n,2.0NRT,279.73,4.84,N
-22.3172,-68.88519,352.83,0.43,0.46,2026-08-26,1802,SNPP,SNPP,n,2.0NRT,313.3,8.47,D
-24.1808,-69.01802,342.02,0.46,0.47,2026-08-26,1802,SNPP,SNPP,n,2.0NRT,308.04,2.54,D
-35.96568,-72.32899,342.22,0.38,0.59,2026-08-26,1938,SNPP,SNPP,n,2.0NRT,284.18,4.94,D
-35.96677,-72.33318,346.63,0.38,0.59,2026-08-26,1938,SNPP,SNPP,n,2.0NRT,283.65,4.94,D
-22.31421,-68.8821,322.04,0.41,0.61,2026-08-27,0514,SNPP,SNPP,n,2.0NRT,281.97,4.55,N
-22.31518,-68.87789,310.24,0.41,0.61,2026-08-27,0514,SNPP,SNPP,n,2.0NRT,280.73,2.68,N
-23.82288,-70.31615,318.29,0.47,0.64,2026-08-27,0516,SNPP,SNPP,n,2.0NRT,286.14,2.74,N
-34.10542,-70.46045,321.75,0.56,0.52,2026-08-27,0518,SNPP,SNPP,n,2.0NRT,274.68,5.32,N
-34.10688,-70.45428,320.56,0.56,0.52,2026-08-27,0518,SNPP,SNPP,n,2.0NRT,274.56,4.59,N
-23.51465,-68.02748,348.46,0.39,0.59,2026-08-27,1741,SNPP,SNPP,n,2.0NRT,319.5,5.09,D
-29.0208,-71.11239,331.96,0.68,0.74,2026-08-27,1743,SNPP,SNPP,n,2.0NRT,294.93,0.68,D
-22.31851,-68.88001,367,0.43,0.62,2026-08-27,1743,SNPP,SNPP,h,2.0NRT,311.22,9.28,D
-18.86607,-69.90887,348.14,0.46,0.63,2026-08-27,1743,SNPP,SNPP,n,2.0NRT,312.03,5.93,D
-32.78926,-70.65814,332.71,0.62,0.54,2026-08-27,1919,SNPP,SNPP,n,2.0NRT,289.39,4.79,D
-18.86596,-69.91405,355.95,0.7,0.75,2026-08-27,1923,SNPP,SNPP,n,2.0NRT,306.41,7.01,D
-18.86754,-69.91501,354.78,0.7,0.75,2026-08-27,1923,SNPP,SNPP,n,2.0NRT,307.03,12.83,D
-22.31425,-68.87997,298.36,0.79,0.78,2026-08-28,0455,SNPP,SNPP,n,2.0NRT,277.91,2.46,N
-52.94294,-70.80444,326.4,0.52,0.41,2026-08-28,0504,SNPP,SNPP,n,2.0NRT,274.73,2.89,N
-22.31496,-68.88007,297.94,0.37,0.58,2026-08-28,0635,SNPP,SNPP,n,2.0NRT,278.01,1.2,N
-22.31463,-68.88352,311.36,0.37,0.58,2026-08-28,0635,SNPP,SNPP,n,2.0NRT,279.19,1.2,N
-32.8006,-70.95476,327.5,0.35,0.57,2026-08-28,0640,SNPP,SNPP,n,2.0NRT,279.44,2.22,N
-33.29785,-70.73057,307.31,0.37,0.58,2026-08-28,0640,SNPP,SNPP,n,2.0NRT,277.97,0.99,N
-32.80088,-70.951,309.69,0.35,0.57,2026-08-28,0640,SNPP,SNPP,n,2.0NRT,277.9,2.22,N
-52.94587,-70.80827,312.55,0.48,0.65,2026-08-28,0646,SNPP,SNPP,n,2.0NRT,272.78,2.22,N
-33.29661,-70.7296,325.97,0.51,0.41,2026-08-28,1902,SNPP,SNPP,n,2.0NRT,292.77,1.85,D
-32.80372,-70.95351,332.71,0.51,0.41,2026-08-28,1902,SNPP,SNPP,n,2.0NRT,297.25,3.17,D
-32.80115,-70.951,328.99,0.51,0.41,2026-08-28,1902,SNPP,SNPP,n,2.0NRT,291.62,4.15,D
-34.10597,-70.45825,326.84,0.51,0.41,2026-08-28,1902,SNPP,SNPP,n,2.0NRT,272.62,2.44,D
-22.31592,-68.88245,333.86,0.35,0.57,2026-08-28,1904,SNPP,SNPP,l,2.0NRT,305.91,1.81,D
-18.20003,-69.5505,367,0.39,0.59,2026-08-28,1906,SNPP,SNPP,h,2.0NRT,308.08,18.4,D
-52.88171,-68.86052,309.99,0.43,0.46,2026-08-29,0446,SNPP,SNPP,n,2.0NRT,270.75,0.93,N
-22.31709,-68.88232,333.53,0.56,0.43,2026-08-29,0618,SNPP,SNPP,n,2.0NRT,279.5,7.08,N
-23.82484,-70.31673,306.04,0.49,0.4,2026-08-29,0618,SNPP,SNPP,n,2.0NRT,285.8,1.23,N
-34.10581,-70.45839,326.27,0.42,0.45,2026-08-29,0620,SNPP,SNPP,n,2.0NRT,275.62,3.59,N
-32.80258,-70.95313,325.12,0.38,0.36,2026-08-29,1843,SNPP,SNPP,n,2.0NRT,300.08,1.96,D
-22.31251,-68.88613,302.07,0.38,0.36,2026-08-30,0557,SNPP,SNPP,n,2.0NRT,281.23,1.02,N
-22.31642,-68.88299,295.97,0.38,0.36,2026-08-30,0557,SNPP,SNPP,n,2.0NRT,279.11,5.81,N
-22.31701,-68.87926,326.35,0.38,0.36,2026-08-30,0557,SNPP,SNPP,n,2.0NRT,283.17,7.88,N
-34.10677,-70.45679,335.3,0.4,0.37,2026-08-30,0601,SNPP,SNPP,n,2.0NRT,274.14,6.35,N
-34.1074,-70.4564,331.02,0.5,0.41,2026-08-30,1824,SNPP,SNPP,n,2.0NRT,286.45,5.97,D
-29.12184,-70.89396,352.35,0.46,0.39,2026-08-30,1826,SNPP,SNPP,n,2.0NRT,301.21,5.45,D
-29.13247,-70.89428,347.29,0.46,0.39,2026-08-30,1826,SNPP,SNPP,n,2.0NRT,299.29,3.54,D
-29.13306,-70.89909,337.32,0.46,0.39,2026-08-30,1826,SNPP,SNPP,n,2.0NRT,299.43,3.54,D
-29.13279,-70.89211,338.27,0.46,0.39,2026-08-30,1826,SNPP,SNPP,n,2.0NRT,299.41,3,D
-29.12976,-70.89748,337.75,0.46,0.39,2026-08-30,1826,SNPP,SNPP,n,2.0NRT,299.26,3,D
-29.12611,-70.89812,347.83,0.46,0.39,2026-08-30,1826,SNPP,SNPP,n,2.0NRT,301.41,5.45,D
-28.65648,-70.8141,332.32,0.45,0.39,2026-08-30,1826,SNPP,SNPP,n,2.0NRT,302.35,0.65,D
-22.3172,-68.88206,344.15,0.38,0.36,2026-08-30,1828,SNPP,SNPP,n,2.0NRT,307.98,9.06,D
-18.57427,-69.04631,347.1,0.39,0.36,2026-08-30,1828,SNPP,SNPP,n,2.0NRT,300.93,6.13,D
-22.3172,-68.87967,318.25,0.52,0.42,2026-08-31,0540,SNPP,SNPP,n,2.0NRT,280.33,3.42,N
-36.07755,-71.5892,337.36,0.36,0.57,2026-08-31,1804,SNPP,SNPP,n,2.0NRT,292.34,3.34,D
-35.62397,-71.55464,330.05,0.35,0.57,2026-08-31,1804,SNPP,SNPP,n,2.0NRT,292.18,2,D
-34.25148,-71.4948,336.27,0.34,0.56,2026-08-31,1806,SNPP,SNPP,n,2.0NRT,290.85,2.39,D
-22.31648,-68.8812,336.64,0.53,0.42,2026-08-31,1809,SNPP,SNPP,n,2.0NRT,306.93,4.7,D
-22.31584,-68.87847,331.39,0.53,0.42,2026-08-31,1809,SNPP,SNPP,l,2.0NRT,304.27,3.06,D
-19.08265,-68.95509,332.11,0.49,0.4,2026-08-31,1811,SNPP,SNPP,n,2.0NRT,300.66,4.12,D
-22.31569,-68.88285,342.07,0.33,0.55,2026-09-01,0523,SNPP,SNPP,n,2.0NRT,281.47,5.27,N
-20.91576,-69.09144,367,0.68,0.74,2026-09-02,1732,SNPP,SNPP,h,2.0NRT,325.99,3.77,D
-34.0853,-71.74819,325.51,0.53,0.42,2026-09-02,1908,SNPP,SNPP,n,2.0NRT,294.99,5.87,D
-34.4371,-71.7247,332.05,0.52,0.42,2026-09-02,1908,SNPP,SNPP,n,2.0NRT,286.97,4.62,D
-34.08424,-71.74463,338.49,0.53,0.42,2026-09-02,1908,SNPP,SNPP,n,2.0NRT,294.92,4.31,D
-33.29415,-70.72695,330.84,0.41,0.45,2026-09-02,1908,SNPP,SNPP,n,2.0NRT,298.04,1.69,D
-33.34855,-71.52931,325.17,0.55,0.43,2026-09-02,1908,SNPP,SNPP,n,2.0NRT,294.84,1.54,D
-32.80179,-70.95253,331.86,0.4,0.45,2026-09-02,1908,SNPP,SNPP,n,2.0NRT,297.96,2.15,D
-27.3573,-70.22148,301.55,0.44,0.46,2026-09-03,0627,SNPP,SNPP,n,2.0NRT,285.28,1,N
-33.29325,-70.72935,315.72,0.48,0.48,2026-09-03,0627,SNPP,SNPP,n,2.0NRT,281.83,1.49,N
-33.29777,-70.72994,301.64,0.48,0.48,2026-09-03,0627,SNPP,SNPP,n,2.0NRT,280.87,1.49,N
-35.68125,-71.60081,330.09,0.38,0.36,2026-09-03,1849,SNPP,SNPP,n,2.0NRT,293.1,1.16,D
-35.06891,-71.59588,344.6,0.38,0.36,2026-09-03,1849,SNPP,SNPP,n,2.0NRT,300.49,9.78,D
-34.93158,-71.03729,325.8,0.39,0.36,2026-09-03,1849,SNPP,SNPP,n,2.0NRT,294,0.96,D
-34.93108,-71.03675,328.21,0.39,0.36,2026-09-03,1849,SNPP,SNPP,n,2.0NRT,294.93,1.45,D
-34.93907,-71.26019,326.04,0.39,0.36,2026-09-03,1849,SNPP,SNPP,n,2.0NRT,295.14,1.51,D
-34.40572,-71.64176,330.31,0.39,0.36,2026-09-03,1849,SNPP,SNPP,n,2.0NRT,295.4,2.36,D
-34.41364,-71.71413,332.09,0.38,0.36,2026-09-03,1849,SNPP,SNPP,n,2.0NRT,296.17,2.88,D
-34.40363,-71.71641,325.37,0.38,0.36,2026-09-03,1849,SNPP,SNPP,n,2.0NRT,293.74,1.16,D
-33.29474,-70.72608,332.47,0.4,0.37,2026-09-03,1849,SNPP,SNPP,n,2.0NRT,297.26,3.48,D
-33.34909,-71.52689,339.1,0.39,0.36,2026-09-03,1849,SNPP,SNPP,n,2.0NRT,299.5,8.74,D
-32.84747,-70.6499,327.25,0.4,0.37,2026-09-03,1849,SNPP,SNPP,n,2.0NRT,297.49,1.66,D
-32.79891,-70.65051,334.5,0.4,0.37,2026-09-03,1849,SNPP,SNPP,n,2.0NRT,298.72,2.73,D
-32.80365,-70.95237,333.91,0.4,0.37,2026-09-03,1849,SNPP,SNPP,n,2.0NRT,300.7,3.7,D
-19.54084,-68.87329,344.48,0.51,0.49,2026-09-03,1853,SNPP,SNPP,n,2.0NRT,311.13,6.3,D
-19.54129,-68.87587,342.42,0.51,0.49,2026-09-03,1853,SNPP,SNPP,n,2.0NRT,309.51,3.94,D
-27.35643,-70.22089,302.04,0.4,0.37,2026-09-04,0605,SNPP,SNPP,n,2.0NRT,286.67,0.65,N
-27.36149,-70.2344,299.04,0.4,0.37,2026-09-04,0605,SNPP,SNPP,n,2.0NRT,284.63,0.21,N
-32.80107,-70.95092,319.1,0.42,0.38,2026-09-04,0608,SNPP,SNPP,n,2.0NRT,282.37,1.33,N
-32.80456,-70.95161,326.86,0.42,0.38,2026-09-04,0608,SNPP,SNPP,n,2.0NRT,281.74,1.33,N
-32.92841,-71.50592,296.36,0.41,0.37,2026-09-04,0608,SNPP,SNPP,n,2.0NRT,285.6,0.62,N
-32.93184,-71.50664,314.14,0.41,0.37,2026-09-04,0608,SNPP,SNPP,n,2.0NRT,282.52,1.31,N
-33.29435,-70.7288,325.6,0.43,0.38,2026-09-04,0608,SNPP,SNPP,n,2.0NRT,282.61,2.71,N
-33.29719,-70.72676,320.38,0.43,0.38,2026-09-04,0608,SNPP,SNPP,n,2.0NRT,281.06,2.13,N
-34.1058,-70.45678,335.04,0.45,0.39,2026-09-04,0608,SNPP,SNPP,n,2.0NRT,282.65,13.88,N
-35.86567,-71.66719,331.58,0.5,0.41,2026-09-04,1830,SNPP,SNPP,n,2.0NRT,293.45,3.48,D
-34.3693,-71.41641,341.2,0.47,0.4,2026-09-04,1830,SNPP,SNPP,n,2.0NRT,297.19,5.35,D
-34.36852,-71.41922,344.51,0.47,0.4,2026-09-04,1830,SNPP,SNPP,n,2.0NRT,297.34,6.45,D
-34.10645,-70.45815,344.67,0.43,0.38,2026-09-04,1830,SNPP,SNPP,n,2.0NRT,292.75,5.13,D
-33.29663,-70.72606,333.02,0.43,0.38,2026-09-04,1830,SNPP,SNPP,n,2.0NRT,302.87,2.67,D
-21.98079,-68.60939,340.69,0.41,0.37,2026-09-04,1834,SNPP,SNPP,n,2.0NRT,309.79,15.22,D
-17.9356,-69.49343,338.74,0.42,0.38,2026-09-04,1834,SNPP,SNPP,n,2.0NRT,306.82,3.89,D
-22.31496,-68.88291,296.7,0.44,0.38,2026-09-05,0546,SNPP,SNPP,n,2.0NRT,280.79,2.8,N
-22.31571,-68.8786,320.26,0.44,0.38,2026-09-05,0546,SNPP,SNPP,n,2.0NRT,281.17,1.16,N
-22.31921,-68.87956,295.05,0.44,0.38,2026-09-05,0546,SNPP,SNPP,n,2.0NRT,278.28,1.16,N
-27.35802,-70.22221,306.02,0.44,0.38,2026-09-05,0548,SNPP,SNPP,n,2.0NRT,287.49,1,N
-34.10518,-70.45202,300.63,0.39,0.36,2026-09-05,0550,SNPP,SNPP,n,2.0NRT,274.96,2.65,N
-32.80188,-70.95424,303,0.41,0.37,2026-09-05,0550,SNPP,SNPP,n,2.0NRT,282.58,0.61,N
-33.29402,-70.72782,324.4,0.4,0.37,2026-09-05,0550,SNPP,SNPP,n,2.0NRT,281.63,1.48,N
-33.29741,-70.72867,305.3,0.4,0.37,2026-09-05,0550,SNPP,SNPP,n,2.0NRT,279.81,1.48,N
-34.10446,-70.45628,332.19,0.39,0.36,2026-09-05,0550,SNPP,SNPP,n,2.0NRT,276.98,2.65,N
-34.10781,-70.45717,335.8,0.39,0.36,2026-09-05,0550,SNPP,SNPP,n,2.0NRT,275.07,4.78,N
-35.8712,-72.4712,296.47,0.42,0.38,2026-09-05,0550,SNPP,SNPP,n,2.0NRT,278.11,0.75,N
-41.52481,-73.07796,321.8,0.39,0.36,2026-09-05,0553,SNPP,SNPP,n,2.0NRT,278.33,2.16,N
-41.52816,-73.07898,310.71,0.39,0.36,2026-09-05,0553,SNPP,SNPP,n,2.0NRT,275.11,1.55,N
-38.66199,-72.02322,357.16,0.33,0.55,2026-09-05,1811,SNPP,SNPP,l,2.0NRT,289.32,3.49,D
-37.58477,-72.15292,354.08,0.32,0.55,2026-09-05,1811,SNPP,SNPP,n,2.0NRT,291.66,3.95,D
-37.57959,-72.15339,343.62,0.32,0.55,2026-09-05,1811,SNPP,SNPP,n,2.0NRT,290.41,3.95,D
-32.8019,-70.95056,339.54,0.5,0.49,2026-09-05,1811,SNPP,SNPP,n,2.0NRT,302.42,4.26,D
-37.47814,-72.54788,325.12,0.34,0.56,2026-09-05,1811,SNPP,SNPP,n,2.0NRT,292.19,2.72,D
-36.48273,-71.76891,327,0.6,0.53,2026-09-05,1811,SNPP,SNPP,n,2.0NRT,290.98,3.76,D
-38.66174,-72.01925,331.83,0.33,0.55,2026-09-05,1811,SNPP,SNPP,n,2.0NRT,286.22,3.49,D
-37.57451,-72.49122,327.53,0.34,0.56,2026-09-05,1811,SNPP,SNPP,n,2.0NRT,290.36,1.57,D
-32.8022,-70.9514,340.15,0.5,0.49,2026-09-05,1811,SNPP,SNPP,n,2.0NRT,303.55,6.41,D
-22.31773,-68.87951,344.3,0.45,0.39,2026-09-05,1813,SNPP,SNPP,n,2.0NRT,311.57,17.7,D
-34.32779,-71.09866,327.64,0.53,0.5,2026-09-05,1813,SNPP,SNPP,n,2.0NRT,298.68,4.95,D
-34.10625,-70.45745,344.96,0.48,0.48,2026-09-05,1813,SNPP,SNPP,n,2.0NRT,294.23,6.03,D
-22.48987,-68.84617,356.53,0.45,0.39,2026-09-05,1813,SNPP,SNPP,l,2.0NRT,307.37,5.91,D
-22.48629,-68.84673,342.38,0.45,0.39,2026-09-05,1813,SNPP,SNPP,n,2.0NRT,307.82,4.63,D
-22.48213,-68.8429,342.12,0.45,0.39,2026-09-05,1813,SNPP,SNPP,n,2.0NRT,308.05,3.81,D
-22.48272,-68.84728,355.21,0.45,0.39,2026-09-05,1813,SNPP,SNPP,n,2.0NRT,308.08,4.63,D
-22.48331,-68.85168,348.21,0.45,0.39,2026-09-05,1813,SNPP,SNPP,n,2.0NRT,307.78,4.63,D
-22.31563,-68.87854,336.2,0.45,0.39,2026-09-05,1813,SNPP,SNPP,l,2.0NRT,307.94,18.06,D
-38.45173,-72.2744,367,0.47,0.64,2026-09-05,1949,SNPP,SNPP,h,2.0NRT,291.46,14.84,D
-38.21279,-72.06628,367,0.49,0.65,2026-09-05,1949,SNPP,SNPP,h,2.0NRT,293.34,16.94,D
-27.35765,-70.22125,301.64,0.5,0.49,2026-09-06,0527,SNPP,SNPP,n,2.0NRT,285.24,0.79,N
-22.3145,-68.87881,324.27,0.53,0.5,2026-09-06,0527,SNPP,SNPP,n,2.0NRT,282.02,4.48,N
-22.31893,-68.88072,319.8,0.53,0.5,2026-09-06,0527,SNPP,SNPP,n,2.0NRT,278.57,3.38,N
-23.82261,-70.31597,305.05,0.6,0.53,2026-09-06,0527,SNPP,SNPP,n,2.0NRT,285.44,1.56,N
-23.82348,-70.31728,312.11,0.6,0.53,2026-09-06,0527,SNPP,SNPP,n,2.0NRT,286.98,2.78,N
-27.35695,-70.22495,295.61,0.51,0.49,2026-09-06,0527,SNPP,SNPP,n,2.0NRT,285.07,1.32,N
-34.10553,-70.45236,307.43,0.38,0.44,2026-09-06,0529,SNPP,SNPP,n,2.0NRT,277.74,3.98,N
-34.10855,-70.45805,312.34,0.39,0.44,2026-09-06,0529,SNPP,SNPP,n,2.0NRT,276.49,2.19,N
-34.11756,-70.80031,300.71,0.4,0.44,2026-09-06,0529,SNPP,SNPP,n,2.0NRT,276.22,0.55,N
-32.80275,-70.95296,339.95,0.43,0.46,2026-09-06,0529,SNPP,SNPP,n,2.0NRT,283.58,8.81,N
-32.92833,-71.50668,297.02,0.46,0.47,2026-09-06,0529,SNPP,SNPP,n,2.0NRT,282.87,0.65,N
-33.29529,-70.72878,326.66,0.41,0.45,2026-09-06,0529,SNPP,SNPP,n,2.0NRT,281.99,2.72,N
-33.3642,-70.81615,303.78,0.41,0.45,2026-09-06,0529,SNPP,SNPP,n,2.0NRT,277.09,1.47,N
-33.36397,-70.81869,309.56,0.41,0.45,2026-09-06,0529,SNPP,SNPP,n,2.0NRT,277.49,1.17,N
-34.10465,-70.45651,347.34,0.39,0.44,2026-09-06,0529,SNPP,SNPP,n,2.0NRT,279.28,3.98,N
-37.56569,-72.27775,367,0.59,0.7,2026-09-06,1752,SNPP,SNPP,h,2.0NRT,295.14,10.8,D
-39.04164,-73.29514,332.98,0.68,0.74,2026-09-06,1752,SNPP,SNPP,n,2.0NRT,290.46,4.95,D
-39.03749,-73.29031,337.51,0.68,0.74,2026-09-06,1752,SNPP,SNPP,n,2.0NRT,290.31,7.26,D
-37.55901,-72.27821,328.87,0.59,0.7,2026-09-06,1752,SNPP,SNPP,n,2.0NRT,291.52,3.72,D
-37.56252,-72.27852,367,0.59,0.7,2026-09-06,1752,SNPP,SNPP,h,2.0NRT,295.99,13.9,D
-35.67982,-71.5873,345.54,0.53,0.67,2026-09-06,1752,SNPP,SNPP,n,2.0NRT,296.56,6.66,D
-35.68461,-71.58899,333,0.53,0.67,2026-09-06,1752,SNPP,SNPP,n,2.0NRT,296.3,3.61,D
-35.67822,-71.58924,336.66,0.53,0.67,2026-09-06,1752,SNPP,SNPP,n,2.0NRT,294.25,3.9,D
-34.10862,-70.45783,338.58,0.45,0.63,2026-09-06,1752,SNPP,SNPP,n,2.0NRT,298.3,3.97,D
-32.80548,-70.95133,367,0.47,0.64,2026-09-06,1752,SNPP,SNPP,h,2.0NRT,299.51,11.46,D
-32.57111,-70.70482,326.88,0.45,0.63,2026-09-06,1752,SNPP,SNPP,n,2.0NRT,295.76,2.62,D
-19.5859,-69.21104,342.55,0.53,0.5,2026-09-06,1756,SNPP,SNPP,n,2.0NRT,311.07,8.28,D
-19.58121,-69.2114,349.29,0.53,0.5,2026-09-06,1756,SNPP,SNPP,n,2.0NRT,305.83,8.28,D
-36.88872,-72.77435,334.97,0.57,0.52,2026-09-06,1932,SNPP,SNPP,n,2.0NRT,291.63,5.34,D
-36.89128,-72.77616,341.82,0.57,0.52,2026-09-06,1932,SNPP,SNPP,n,2.0NRT,294.1,11.38,D
-36.40748,-71.87248,337.75,0.32,0.55,2026-09-06,1932,SNPP,SNPP,n,2.0NRT,295.98,2.31,D
-35.79498,-71.70757,345.29,0.34,0.56,2026-09-06,1932,SNPP,SNPP,n,2.0NRT,294.55,2.27,D
-35.1323,-71.91454,332.71,0.35,0.56,2026-09-06,1932,SNPP,SNPP,n,2.0NRT,292.16,2.98,D
-36.17063,-71.87714,325.14,0.33,0.55,2026-09-06,1932,SNPP,SNPP,n,2.0NRT,293.89,1.38,D
-36.89346,-72.77279,339.57,0.57,0.52,2026-09-06,1932,SNPP,SNPP,n,2.0NRT,292.91,5.03,D
-34.10815,-70.45795,340.23,0.44,0.62,2026-09-06,1934,SNPP,SNPP,n,2.0NRT,293.56,5.56,D
-32.8014,-70.95303,351.4,0.44,0.63,2026-09-06,1934,SNPP,SNPP,n,2.0NRT,296.68,3.96,D
-31.89785,-70.76173,328.53,0.48,0.65,2026-09-06,1934,SNPP,SNPP,n,2.0NRT,277.71,4.46,D
-34.10491,-70.45444,331.39,0.34,0.56,2026-09-07,0512,SNPP,SNPP,n,2.0NRT,276.5,7.7,N
-34.10397,-70.45942,367,0.34,0.56,2026-09-07,0512,SNPP,SNPP,h,2.0NRT,277.71,12.69,N
-34.10489,-70.45569,354.59,0.34,0.56,2026-09-07,0512,SNPP,SNPP,n,2.0NRT,277.41,9.17,N
-34.10397,-70.45811,367,0.34,0.56,2026-09-07,0512,SNPP,SNPP,h,2.0NRT,279.08,13.18,N
-34.10884,-70.46085,307.94,0.34,0.56,2026-09-07,0512,SNPP,SNPP,n,2.0NRT,277.18,2.02,N
-33.29368,-70.73031,307.43,0.37,0.58,2026-09-07,0512,SNPP,SNPP,n,2.0NRT,280.1,1.48,N
-33.2947,-70.72634,298.87,0.37,0.58,2026-09-07,0512,SNPP,SNPP,n,2.0NRT,279.16,0.83,N
-36.77003,-73.13805,323.29,0.41,0.6,2026-09-07,0514,SNPP,SNPP,n,2.0NRT,276.36,1.95,N
-34.10178,-70.46211,319.18,0.58,0.7,2026-09-07,0652,SNPP,SNPP,n,2.0NRT,275.57,3.95,N
-34.10845,-70.46079,319.61,0.58,0.7,2026-09-07,0652,SNPP,SNPP,n,2.0NRT,276.94,3.95,N
-34.10588,-70.45912,342.43,0.58,0.7,2026-09-07,0652,SNPP,SNPP,n,2.0NRT,277.28,7.42,N
-34.10611,-70.45297,296.24,0.58,0.7,2026-09-07,0652,SNPP,SNPP,n,2.0NRT,277.24,3.82,N
-36.7698,-73.1376,315.47,0.43,0.62,2026-09-07,0654,SNPP,SNPP,n,2.0NRT,276.86,1.12,N
-36.77564,-73.13808,315.52,0.43,0.62,2026-09-07,0654,SNPP,SNPP,n,2.0NRT,275.96,1.43,N
-36.7747,-73.13639,335.11,0.43,0.62,2026-09-07,0654,SNPP,SNPP,n,2.0NRT,277.09,2.42,N
-24.85702,-69.22591,367,0.61,0.71,2026-09-07,1734,SNPP,SNPP,h,2.0NRT,299.13,1.13,D
-22.32006,-68.88532,337.23,0.55,0.68,2026-09-07,1737,SNPP,SNPP,n,2.0NRT,308.14,6.46,D
-47.62617,-73.05065,343.13,0.39,0.36,2026-09-07,1910,SNPP,SNPP,n,2.0NRT,284.69,5.55,D
-38.9327,-72.67349,328.5,0.47,0.4,2026-09-07,1915,SNPP,SNPP,n,2.0NRT,291.86,2.11,D
-39.02487,-72.40511,344.03,0.48,0.4,2026-09-07,1915,SNPP,SNPP,n,2.0NRT,295.88,9.87,D
-38.85978,-71.63192,326.92,0.52,0.41,2026-09-07,1915,SNPP,SNPP,n,2.0NRT,292.3,3.95,D
-39.05982,-72.70591,327.51,0.47,0.39,2026-09-07,1915,SNPP,SNPP,n,2.0NRT,291.72,4.69,D
-39.03864,-72.73534,326.69,0.47,0.39,2026-09-07,1915,SNPP,SNPP,n,2.0NRT,292.31,2.27,D
-38.86462,-72.46337,329.59,0.48,0.4,2026-09-07,1915,SNPP,SNPP,n,2.0NRT,294.74,4.35,D
-38.69699,-72.21187,342.28,0.49,0.4,2026-09-07,1915,SNPP,SNPP,n,2.0NRT,296.5,5.18,D
-38.44223,-72.2876,328.34,0.49,0.41,2026-09-07,1915,SNPP,SNPP,n,2.0NRT,293.7,2.4,D
-38.5091,-72.68953,337.5,0.48,0.4,2026-09-07,1915,SNPP,SNPP,n,2.0NRT,297.2,13.47,D
-38.02866,-72.18404,340.36,0.51,0.41,2026-09-07,1915,SNPP,SNPP,n,2.0NRT,304.81,55.92,D
-37.4747,-72.26453,328.64,0.51,0.41,2026-09-07,1915,SNPP,SNPP,n,2.0NRT,295.49,3.24,D
-36.93489,-72.08487,351.57,0.53,0.42,2026-09-07,1915,SNPP,SNPP,n,2.0NRT,300.7,8.51,D
-35.81746,-71.80862,326.8,0.38,0.44,2026-09-07,1915,SNPP,SNPP,n,2.0NRT,295.35,1.56,D
-35.70569,-71.67436,329.03,0.39,0.44,2026-09-07,1915,SNPP,SNPP,n,2.0NRT,294.86,1.96,D
-35.66084,-71.62388,334.14,0.39,0.44,2026-09-07,1915,SNPP,SNPP,n,2.0NRT,298.35,3.04,D
-34.91433,-70.99703,342.06,0.44,0.46,2026-09-07,1915,SNPP,SNPP,n,2.0NRT,285.85,5.87,D
-34.91288,-70.99626,338.99,0.44,0.46,2026-09-07,1915,SNPP,SNPP,n,2.0NRT,285.71,5.21,D
-34.69827,-71.39389,330.32,0.42,0.45,2026-09-07,1915,SNPP,SNPP,n,2.0NRT,296.86,1.65,D
-34.71399,-71.71529,335.53,0.41,0.45,2026-09-07,1915,SNPP,SNPP,n,2.0NRT,295.19,3.59,D
-34.10758,-70.45449,331.92,0.49,0.48,2026-09-07,1915,SNPP,SNPP,n,2.0NRT,292.46,7.69,D
-34.10871,-70.45958,334.14,0.49,0.48,2026-09-07,1915,SNPP,SNPP,n,2.0NRT,291.71,6.09,D
-33.29399,-70.72763,327.64,0.49,0.49,2026-09-07,1915,SNPP,SNPP,n,2.0NRT,299.76,3.29,D
-33.34807,-71.52349,328.3,0.44,0.46,2026-09-07,1915,SNPP,SNPP,n,2.0NRT,293.24,2.37,D
-32.80431,-70.95424,328.63,0.49,0.48,2026-09-07,1915,SNPP,SNPP,n,2.0NRT,298.76,3.14,D
-31.89735,-70.76437,341.27,0.52,0.5,2026-09-07,1915,SNPP,SNPP,n,2.0NRT,300.46,8.62,D
-31.89535,-70.76763,339.89,0.52,0.5,2026-09-07,1915,SNPP,SNPP,n,2.0NRT,297.92,7.12,D
-34.10761,-70.45618,298.61,0.61,0.71,2026-09-08,0455,SNPP,SNPP,n,2.0NRT,276.65,2.56,N
-34.10551,-70.46317,300.41,0.61,0.71,2026-09-08,0455,SNPP,SNPP,n,2.0NRT,276.37,3.07,N
-34.10346,-70.45673,314.26,0.61,0.71,2026-09-08,0455,SNPP,SNPP,n,2.0NRT,276.1,2.68,N
-34.10949,-70.45684,299.66,0.62,0.54,2026-09-08,0633,SNPP,SNPP,n,2.0NRT,276.6,2.12,N
-34.10781,-70.4558,337.93,0.63,0.54,2026-09-08,0633,SNPP,SNPP,n,2.0NRT,278.05,10.64,N
-32.80145,-70.9509,336.95,0.57,0.52,2026-09-08,0633,SNPP,SNPP,n,2.0NRT,279.04,5.12,N
-32.80433,-70.95137,337.41,0.57,0.52,2026-09-08,0633,SNPP,SNPP,n,2.0NRT,278.76,9.67,N
-33.29409,-70.729,311.42,0.59,0.53,2026-09-08,0633,SNPP,SNPP,n,2.0NRT,279.52,2.38,N
-34.10436,-70.45699,337.59,0.62,0.54,2026-09-08,0633,SNPP,SNPP,n,2.0NRT,277.57,6.12,N
-38.02272,-72.18278,345.76,0.38,0.36,2026-09-08,1853,SNPP,SNPP,n,2.0NRT,297.02,14.77,D
-38.01938,-72.18362,340.55,0.38,0.36,2026-09-08,1853,SNPP,SNPP,n,2.0NRT,289.71,14.77,D
-37.88137,-72.0388,327.19,0.39,0.36,2026-09-08,1853,SNPP,SNPP,n,2.0NRT,286.91,10.13,D
-38.70033,-72.36176,332.56,0.38,0.36,2026-09-08,1853,SNPP,SNPP,n,2.0NRT,289.66,2.11,D
-37.88207,-72.0432,346.75,0.39,0.36,2026-09-08,1853,SNPP,SNPP,n,2.0NRT,300.48,10.13,D
-37.87873,-72.04403,344.76,0.39,0.36,2026-09-08,1853,SNPP,SNPP,n,2.0NRT,292.2,47.76,D
-37.8747,-72.04047,345.92,0.39,0.36,2026-09-08,1853,SNPP,SNPP,n,2.0NRT,299.26,47.76,D
-37.87206,-72.04571,330.95,0.39,0.36,2026-09-08,1853,SNPP,SNPP,n,2.0NRT,291.44,5.15,D
-37.80336,-72.52604,327.25,0.38,0.36,2026-09-08,1853,SNPP,SNPP,n,2.0NRT,287.78,2.41,D
-37.66035,-72.19495,326.3,0.39,0.36,2026-09-08,1853,SNPP,SNPP,n,2.0NRT,295.89,3.7,D
-37.66105,-72.19935,333.59,0.39,0.36,2026-09-08,1853,SNPP,SNPP,n,2.0NRT,297.01,3.37,D
-37.68019,-72.45422,326.75,0.38,0.36,2026-09-08,1853,SNPP,SNPP,n,2.0NRT,288.98,1.72,D
-39.16185,-72.13971,327.62,0.38,0.36,2026-09-08,1853,SNPP,SNPP,n,2.0NRT,289.49,2.51,D
-39.16114,-72.13525,332.6,0.38,0.36,2026-09-08,1853,SNPP,SNPP,n,2.0NRT,289.77,2.51,D
-38.68673,-72.29594,345.58,0.38,0.36,2026-09-08,1853,SNPP,SNPP,n,2.0NRT,292.52,4.57,D
-38.6834,-72.29678,332.24,0.38,0.36,2026-09-08,1853,SNPP,SNPP,n,2.0NRT,290.19,2.85,D
-38.66577,-73.22734,329.63,0.39,0.36,2026-09-08,1853,SNPP,SNPP,n,2.0NRT,288.59,3.47,D
-38.02605,-72.18195,328.61,0.38,0.36,2026-09-08,1853,SNPP,SNPP,n,2.0NRT,294.27,2.11,D
-34.33579,-71.30336,345.4,0.41,0.37,2026-09-08,1856,SNPP,SNPP,n,2.0NRT,296.76,3.43,D
-34.3061,-71.33898,330.38,0.41,0.37,2026-09-08,1856,SNPP,SNPP,n,2.0NRT,296.68,1.37,D
-34.29627,-71.36488,339.46,0.41,0.37,2026-09-08,1856,SNPP,SNPP,n,2.0NRT,303.62,9.61,D
-34.25224,-71.49146,330.08,0.41,0.37,2026-09-08,1856,SNPP,SNPP,n,2.0NRT,294.63,2.53,D
-34.253,-71.4959,325.47,0.41,0.37,2026-09-08,1856,SNPP,SNPP,n,2.0NRT,295.13,1.71,D
-33.34904,-71.52757,327.13,0.42,0.37,2026-09-08,1856,SNPP,SNPP,n,2.0NRT,293.13,2.91,D
-35.4905,-71.57478,333,0.4,0.37,2026-09-08,1856,SNPP,SNPP,n,2.0NRT,296.7,3.02,D
-36.82006,-71.24889,332.49,0.4,0.37,2026-09-08,1856,SNPP,SNPP,n,2.0NRT,291.92,2.79,D
-36.94961,-72.07862,327.59,0.39,0.36,2026-09-08,1856,SNPP,SNPP,n,2.0NRT,294.46,1.84,D
-36.83484,-73.06037,325.77,0.38,0.36,2026-09-08,1856,SNPP,SNPP,n,2.0NRT,293.1,1.82,D
-36.56435,-71.77512,328.66,0.39,0.36,2026-09-08,1856,SNPP,SNPP,n,2.0NRT,294.13,1.18,D
-36.69841,-72.80846,330.73,0.38,0.36,2026-09-08,1856,SNPP,SNPP,n,2.0NRT,293.42,7.42,D
-36.69908,-72.81279,328.07,0.38,0.36,2026-09-08,1856,SNPP,SNPP,n,2.0NRT,290.79,3.77,D
-36.68706,-72.8022,348.17,0.38,0.36,2026-09-08,1856,SNPP,SNPP,n,2.0NRT,303.5,31.55,D
-36.68773,-72.80653,349.37,0.38,0.36,2026-09-08,1856,SNPP,SNPP,n,2.0NRT,294.06,6.35,D
-36.68561,-72.80162,347.94,0.38,0.36,2026-09-08,1856,SNPP,SNPP,n,2.0NRT,303.46,35.4,D
-36.68628,-72.80595,334.08,0.38,0.36,2026-09-08,1856,SNPP,SNPP,n,2.0NRT,292.12,6,D
-36.68695,-72.81026,328.93,0.38,0.36,2026-09-08,1856,SNPP,SNPP,n,2.0NRT,291.78,6,D
-36.68295,-72.80674,329.75,0.38,0.36,2026-09-08,1856,SNPP,SNPP,n,2.0NRT,291.87,6,D
-36.46973,-71.73399,326.76,0.39,0.36,2026-09-08,1856,SNPP,SNPP,n,2.0NRT,294.18,1.56,D
-36.37324,-72.06209,338.65,0.39,0.36,2026-09-08,1856,SNPP,SNPP,n,2.0NRT,294.05,2.74,D
-35.91212,-71.70812,328.62,0.4,0.37,2026-09-08,1856,SNPP,SNPP,n,2.0NRT,291.7,1.45,D
-35.74164,-71.69367,335.12,0.4,0.37,2026-09-08,1856,SNPP,SNPP,n,2.0NRT,290.98,2.38,D
-35.65504,-71.70168,332.71,0.4,0.37,2026-09-08,1856,SNPP,SNPP,n,2.0NRT,295.17,2.88,D
-35.59314,-71.54069,327.84,0.4,0.37,2026-09-08,1856,SNPP,SNPP,n,2.0NRT,292.99,1.69,D
-35.13183,-71.38321,332.11,0.41,0.37,2026-09-08,1856,SNPP,SNPP,n,2.0NRT,294.31,10.3,D
-35.00852,-71.75429,325.46,0.4,0.37,2026-09-08,1856,SNPP,SNPP,n,2.0NRT,297.47,1.89,D
-34.69888,-71.39439,331.49,0.41,0.37,2026-09-08,1856,SNPP,SNPP,n,2.0NRT,296.42,2.43,D
-34.66732,-71.39767,340.31,0.41,0.37,2026-09-08,1856,SNPP,SNPP,n,2.0NRT,296.99,18.83,D
-34.71769,-71.71325,325.99,0.4,0.37,2026-09-08,1856,SNPP,SNPP,n,2.0NRT,295.91,1.91,D
-34.7143,-71.71409,328.16,0.4,0.37,2026-09-08,1856,SNPP,SNPP,n,2.0NRT,296.09,1.91,D
-34.34455,-71.29176,329.7,0.41,0.37,2026-09-08,1856,SNPP,SNPP,n,2.0NRT,295.92,2.34,D
-34.41447,-71.7204,343.36,0.4,0.37,2026-09-08,1856,SNPP,SNPP,n,2.0NRT,292.96,5.4,D
-22.13904,-69.68932,342.58,0.5,0.49,2026-09-08,1858,SNPP,SNPP,n,2.0NRT,309.82,0.36,D
-22.31546,-68.88396,344.46,0.56,0.51,2026-09-08,1858,SNPP,SNPP,n,2.0NRT,305.44,7.76,D
-23.82558,-70.3178,298.9,0.42,0.38,2026-09-09,0612,SNPP,SNPP,n,2.0NRT,286.31,1.12,N
-22.318,-68.8821,307.39,0.46,0.39,2026-09-09,0612,SNPP,SNPP,n,2.0NRT,278.1,7.98,N
-23.8221,-70.31718,298.99,0.42,0.38,2026-09-09,0612,SNPP,SNPP,n,2.0NRT,285.26,0.82,N
-22.31738,-68.88663,327.81,0.46,0.39,2026-09-09,0612,SNPP,SNPP,n,2.0NRT,283.56,7.98,N
-33.31705,-70.73519,310.22,0.5,0.41,2026-09-09,0614,SNPP,SNPP,n,2.0NRT,277.06,2.04,N
-34.19995,-70.73551,312.81,0.51,0.41,2026-09-09,0614,SNPP,SNPP,n,2.0NRT,278.13,1.35,N
-34.20377,-70.73619,296.37,0.51,0.41,2026-09-09,0614,SNPP,SNPP,n,2.0NRT,278.21,1.35,N
-32.8012,-70.95179,325.46,0.48,0.4,2026-09-09,0614,SNPP,SNPP,n,2.0NRT,273.43,2.52,N
-32.80492,-70.95247,304.78,0.48,0.4,2026-09-09,0614,SNPP,SNPP,n,2.0NRT,272.53,1.46,N
-38.29282,-73.41483,299.64,0.44,0.38,2026-09-09,0616,SNPP,SNPP,n,2.0NRT,274.36,0.66,N
-38.21507,-72.20641,331.19,0.48,0.4,2026-09-09,1836,SNPP,SNPP,n,2.0NRT,297.33,4.21,D
-38.70375,-72.27157,332.99,0.49,0.4,2026-09-09,1836,SNPP,SNPP,n,2.0NRT,290.81,3.04,D
-38.21818,-72.20013,339.26,0.48,0.4,2026-09-09,1836,SNPP,SNPP,n,2.0NRT,296.12,9.99,D
-38.21881,-72.20573,334.24,0.48,0.4,2026-09-09,1836,SNPP,SNPP,n,2.0NRT,295.14,4.21,D
-38.21837,-72.20228,351.1,0.48,0.4,2026-09-09,1836,SNPP,SNPP,n,2.0NRT,297.79,8.13,D
-38.21529,-72.20854,327.03,0.48,0.4,2026-09-09,1836,SNPP,SNPP,n,2.0NRT,296.22,8.13,D
-38.10953,-71.36631,335.24,0.45,0.39,2026-09-09,1836,SNPP,SNPP,n,2.0NRT,293.35,8.17,D
-37.94561,-72.31927,331.96,0.48,0.4,2026-09-09,1836,SNPP,SNPP,n,2.0NRT,292.4,4.13,D
-37.9263,-72.31741,327.16,0.48,0.4,2026-09-09,1836,SNPP,SNPP,n,2.0NRT,289.21,3.11,D
-37.92693,-72.32291,329.43,0.48,0.4,2026-09-09,1836,SNPP,SNPP,n,2.0NRT,295.37,3.11,D
-37.87175,-72.05315,334.43,0.47,0.4,2026-09-09,1836,SNPP,SNPP,n,2.0NRT,292.31,5.26,D
-37.50733,-72.45903,330.6,0.48,0.4,2026-09-09,1836,SNPP,SNPP,n,2.0NRT,292.01,4.17,D
-37.50742,-72.46101,330.47,0.48,0.4,2026-09-09,1836,SNPP,SNPP,n,2.0NRT,292.72,3.39,D
-36.95053,-71.80132,344.85,0.45,0.39,2026-09-09,1836,SNPP,SNPP,n,2.0NRT,291.89,8.39,D
-36.94691,-71.80204,334.31,0.45,0.39,2026-09-09,1836,SNPP,SNPP,n,2.0NRT,277.14,5.05,D
-34.41548,-71.39946,333.55,0.42,0.37,2026-09-09,1836,SNPP,SNPP,n,2.0NRT,290.16,2.77,D
-34.31516,-71.37502,331.4,0.42,0.37,2026-09-09,1836,SNPP,SNPP,n,2.0NRT,296.15,2.6,D
-34.10547,-70.45541,332.81,0.4,0.37,2026-09-09,1836,SNPP,SNPP,n,2.0NRT,297.53,7.29,D
-32.41602,-70.95145,332.15,0.4,0.37,2026-09-09,1838,SNPP,SNPP,n,2.0NRT,296.41,6.38,D
-32.41542,-70.9472,332.56,0.4,0.37,2026-09-09,1838,SNPP,SNPP,n,2.0NRT,298.46,6.38,D
-33.2955,-70.72802,335.03,0.4,0.37,2026-09-09,1838,SNPP,SNPP,n,2.0NRT,298.89,4.56,D
-33.34642,-71.52801,331.22,0.41,0.37,2026-09-09,1838,SNPP,SNPP,n,2.0NRT,294.86,2.09,D
-22.31661,-68.88129,336.27,0.46,0.39,2026-09-09,1841,SNPP,SNPP,n,2.0NRT,306.58,6.6,D
-22.31559,-68.88217,340.39,0.4,0.37,2026-09-10,0553,SNPP,SNPP,n,2.0NRT,285.64,10.73,N
-34.1059,-70.45724,336.34,0.38,0.36,2026-09-10,0555,SNPP,SNPP,n,2.0NRT,262.8,4.29,N
-35.78562,-71.62565,329.04,0.48,0.48,2026-09-10,1817,SNPP,SNPP,n,2.0NRT,288.6,2.76,D
-35.70663,-71.67676,328.85,0.48,0.48,2026-09-10,1817,SNPP,SNPP,n,2.0NRT,291.91,2.12,D
-23.90249,-68.06242,335.05,0.39,0.36,2026-09-10,1819,SNPP,SNPP,n,2.0NRT,298.72,0.81,D
-23.82315,-70.31561,340.75,0.45,0.39,2026-09-10,1819,SNPP,SNPP,n,2.0NRT,309.48,4.19,D
-22.31695,-68.88225,334.56,0.4,0.37,2026-09-10,1821,SNPP,SNPP,n,2.0NRT,303.42,3.45,D
-20.26521,-69.70874,349.82,0.41,0.37,2026-09-10,1821,SNPP,SNPP,n,2.0NRT,320.31,10.78,D
-19.57362,-69.2337,347.25,0.39,0.36,2026-09-10,1821,SNPP,SNPP,n,2.0NRT,309.19,8.38,D
-22.31654,-68.88226,334.94,0.43,0.46,2026-09-11,0533,SNPP,SNPP,n,2.0NRT,279.21,4.36,N
-23.82323,-70.31764,301.32,0.49,0.48,2026-09-11,0533,SNPP,SNPP,n,2.0NRT,284.51,1.35,N
-27.35817,-70.22156,301.3,0.41,0.45,2026-09-11,0536,SNPP,SNPP,n,2.0NRT,282.28,1.05,N
-32.80309,-70.95271,322.74,0.54,0.42,2026-09-11,0536,SNPP,SNPP,n,2.0NRT,281.35,4.31,N
-32.80163,-70.95318,321.03,0.54,0.42,2026-09-11,0536,SNPP,SNPP,n,2.0NRT,281.64,3.46,N
-40.23952,-72.64582,325.82,0.53,0.67,2026-09-11,1758,SNPP,SNPP,n,2.0NRT,285.58,6.08,D
-40.23968,-72.6519,337.68,0.53,0.67,2026-09-11,1758,SNPP,SNPP,n,2.0NRT,285.78,4.71,D
-22.51624,-69.05954,348.2,0.45,0.47,2026-09-11,1802,SNPP,SNPP,n,2.0NRT,310.83,5.18,D
-22.31782,-68.882,343.22,0.44,0.46,2026-09-11,1802,SNPP,SNPP,n,2.0NRT,309.14,7.39,D
-40.23891,-72.64501,338.31,0.57,0.52,2026-09-11,1938,SNPP,SNPP,n,2.0NRT,287.31,5.01,D
-34.10572,-70.45541,337.98,0.56,0.52,2026-09-12,0518,SNPP,SNPP,n,2.0NRT,274.12,4.51,N
-34.10727,-70.46245,306.35,0.71,0.75,2026-09-12,0659,SNPP,SNPP,n,2.0NRT,272.86,3.93,N
-34.10748,-70.455,298.42,0.71,0.75,2026-09-12,0659,SNPP,SNPP,n,2.0NRT,272.74,3.13,N
-35.57872,-71.81375,298.11,0.61,0.71,2026-09-12,0701,SNPP,SNPP,n,2.0NRT,276.32,1.58,N
-18.48948,-69.20594,334.53,0.42,0.61,2026-09-12,1743,SNPP,SNPP,n,2.0NRT,296.31,5.98,D
-22.46143,-68.85788,346.78,0.44,0.62,2026-09-12,1743,SNPP,SNPP,n,2.0NRT,308.68,4.63,D
-18.49513,-69.20511,367,0.42,0.61,2026-09-12,1743,SNPP,SNPP,h,2.0NRT,299.05,5.98,D
-40.23933,-72.64629,329.14,0.52,0.41,2026-09-12,1919,SNPP,SNPP,n,2.0NRT,291,3.2,D
-38.50558,-72.59496,346.48,0.56,0.43,2026-09-12,1919,SNPP,SNPP,n,2.0NRT,287.09,17.79,D
-38.46394,-72.82584,325.6,0.55,0.42,2026-09-12,1919,SNPP,SNPP,n,2.0NRT,289.78,2.61,D
-37.50479,-73.41,330.42,0.53,0.42,2026-09-12,1919,SNPP,SNPP,n,2.0NRT,287.64,6.92,D
-36.46125,-72.13282,328.51,0.43,0.46,2026-09-12,1919,SNPP,SNPP,n,2.0NRT,294.29,2.09,D
-36.5808,-72.72041,348.86,0.4,0.44,2026-09-12,1919,SNPP,SNPP,n,2.0NRT,294.8,5.57,D
-36.57674,-72.72165,354.78,0.4,0.44,2026-09-12,1919,SNPP,SNPP,n,2.0NRT,300.41,30.77,D
-36.57911,-72.72027,342.44,0.4,0.44,2026-09-12,1919,SNPP,SNPP,n,2.0NRT,302.72,39.74,D
-35.88751,-71.94795,339.24,0.45,0.47,2026-09-12,1919,SNPP,SNPP,n,2.0NRT,295.95,2.65,D
-35.38638,-71.38518,354.26,0.49,0.49,2026-09-12,1919,SNPP,SNPP,n,2.0NRT,294.49,7.98,D
-34.10778,-70.45592,342.66,0.59,0.53,2026-09-12,1919,SNPP,SNPP,n,2.0NRT,293.88,7.31,D
-32.80352,-70.95219,326.13,0.59,0.53,2026-09-12,1921,SNPP,SNPP,n,2.0NRT,300.45,5.01,D
-34.1057,-70.45787,340.09,0.51,0.66,2026-09-13,0459,SNPP,SNPP,n,2.0NRT,277.39,6.05,N
-22.31477,-68.88609,299.96,0.36,0.58,2026-09-13,0635,SNPP,SNPP,n,2.0NRT,279.84,1.5,N
-32.79995,-70.95316,315.7,0.35,0.57,2026-09-13,0640,SNPP,SNPP,n,2.0NRT,280.64,1.01,N
-32.80526,-70.95383,306.48,0.35,0.57,2026-09-13,0640,SNPP,SNPP,n,2.0NRT,279.88,1.15,N
-32.92224,-71.42677,311.43,0.33,0.55,2026-09-13,0640,SNPP,SNPP,n,2.0NRT,281.69,0.86,N
-34.10361,-70.45989,367,0.38,0.59,2026-09-13,0640,SNPP,SNPP,h,2.0NRT,279.55,8.96,N
-34.10922,-70.45952,310.04,0.38,0.59,2026-09-13,0640,SNPP,SNPP,n,2.0NRT,277.12,1.93,N
-38.53986,-73.5005,313.34,0.57,0.52,2026-09-13,0642,SNPP,SNPP,n,2.0NRT,281.9,2.24,N
-38.54162,-73.50152,311.76,0.57,0.52,2026-09-13,0642,SNPP,SNPP,n,2.0NRT,281.59,1.88,N
-38.56004,-72.85548,328.23,0.39,0.36,2026-09-13,1902,SNPP,SNPP,n,2.0NRT,287.75,1.86,D
-36.03543,-72.7317,330.65,0.4,0.37,2026-09-13,1902,SNPP,SNPP,n,2.0NRT,288.74,2.8,D
-34.10655,-70.45761,341.45,0.51,0.41,2026-09-13,1902,SNPP,SNPP,n,2.0NRT,290.93,17.39,D
-33.71051,-71.01576,332.79,0.49,0.4,2026-09-13,1902,SNPP,SNPP,n,2.0NRT,293.49,2.48,D
-23.82425,-70.31902,297.25,0.49,0.4,2026-09-14,0618,SNPP,SNPP,n,2.0NRT,284.68,1.47,N
-23.82491,-70.31416,305.74,0.49,0.4,2026-09-14,0618,SNPP,SNPP,n,2.0NRT,282.96,1.12,N
-23.8251,-70.316,311.28,0.49,0.4,2026-09-14,0618,SNPP,SNPP,n,2.0NRT,284.91,2.48,N
-22.31673,-68.88244,302.85,0.55,0.43,2026-09-14,0618,SNPP,SNPP,n,2.0NRT,281.09,2.01,N
-27.35679,-70.22312,295.94,0.54,0.42,2026-09-14,0620,SNPP,SNPP,n,2.0NRT,283.8,1.05,N
-32.80398,-70.95335,303.55,0.57,0.43,2026-09-14,0620,SNPP,SNPP,n,2.0NRT,275.85,1.7,N
-33.29313,-70.72938,312.76,0.39,0.44,2026-09-14,0620,SNPP,SNPP,n,2.0NRT,281.73,0.94,N
-33.29572,-70.72758,331.98,0.39,0.44,2026-09-14,0620,SNPP,SNPP,n,2.0NRT,284.48,3.28,N
-35.52441,-71.73087,316.05,0.56,0.43,2026-09-14,0622,SNPP,SNPP,n,2.0NRT,277.94,2.13,N
-35.52339,-71.73048,316.03,0.56,0.43,2026-09-14,0622,SNPP,SNPP,n,2.0NRT,278.17,2.29,N
-38.42739,-72.1791,336.07,0.43,0.38,2026-09-14,1841,SNPP,SNPP,n,2.0NRT,292.71,4.33,D
-38.42387,-72.17975,336.23,0.43,0.38,2026-09-14,1841,SNPP,SNPP,n,2.0NRT,293.1,4.33,D
-38.42448,-72.18468,352.4,0.43,0.38,2026-09-14,1841,SNPP,SNPP,n,2.0NRT,297.56,4.33,D
-38.42468,-72.18134,349.85,0.43,0.38,2026-09-14,1841,SNPP,SNPP,n,2.0NRT,294.79,8.73,D
-38.42532,-72.18627,348.93,0.43,0.38,2026-09-14,1841,SNPP,SNPP,n,2.0NRT,297.94,5.83,D
-38.42116,-72.18201,330.23,0.43,0.38,2026-09-14,1841,SNPP,SNPP,n,2.0NRT,295.24,4.25,D
-38.4218,-72.18695,333.05,0.43,0.38,2026-09-14,1841,SNPP,SNPP,n,2.0NRT,297.82,6.57,D
-38.41764,-72.18272,330.16,0.43,0.38,2026-09-14,1841,SNPP,SNPP,n,2.0NRT,291.95,4.25,D
-38.51837,-73.13125,348.17,0.46,0.39,2026-09-14,1841,SNPP,SNPP,n,2.0NRT,297.99,6.68,D
-38.51471,-73.13185,334.15,0.46,0.39,2026-09-14,1841,SNPP,SNPP,n,2.0NRT,293.56,6.68,D
-38.51042,-73.1272,351.9,0.46,0.39,2026-09-14,1841,SNPP,SNPP,n,2.0NRT,299.12,11.55,D
-38.50677,-73.12789,344.44,0.46,0.39,2026-09-14,1841,SNPP,SNPP,n,2.0NRT,295.34,11.55,D
-38.05447,-71.21193,350.84,0.4,0.37,2026-09-14,1841,SNPP,SNPP,n,2.0NRT,317.22,21.56,D
-38.05511,-71.21655,347.2,0.4,0.37,2026-09-14,1841,SNPP,SNPP,n,2.0NRT,309.34,21.56,D
-38.05107,-71.21275,335.56,0.4,0.37,2026-09-14,1841,SNPP,SNPP,n,2.0NRT,296.9,21.56,D
-38.05236,-71.22209,333.26,0.4,0.37,2026-09-14,1841,SNPP,SNPP,n,2.0NRT,302,7.27,D
-38.04897,-71.22294,332.35,0.4,0.37,2026-09-14,1841,SNPP,SNPP,n,2.0NRT,296.49,2.53,D
-38.10266,-72.43417,339.46,0.43,0.38,2026-09-14,1841,SNPP,SNPP,n,2.0NRT,293.91,4.84,D
-37.92975,-72.31944,334.92,0.43,0.38,2026-09-14,1841,SNPP,SNPP,n,2.0NRT,302.78,9.94,D
-37.93037,-72.3243,328.03,0.43,0.38,2026-09-14,1841,SNPP,SNPP,n,2.0NRT,298.81,9.94,D
-37.82663,-71.55949,331.35,0.41,0.37,2026-09-14,1841,SNPP,SNPP,n,2.0NRT,300.09,6.91,D
-37.75044,-72.06857,342.64,0.42,0.37,2026-09-14,1841,SNPP,SNPP,n,2.0NRT,299.46,9.84,D
-37.75108,-72.07336,350.14,0.42,0.37,2026-09-14,1841,SNPP,SNPP,n,2.0NRT,315.24,37.18,D
-37.7476,-72.07414,349.95,0.42,0.37,2026-09-14,1841,SNPP,SNPP,n,2.0NRT,303.53,9.35,D
-37.72106,-72.28313,327.01,0.42,0.38,2026-09-14,1841,SNPP,SNPP,n,2.0NRT,297.81,2.51,D
-37.71756,-72.28384,331.77,0.42,0.38,2026-09-14,1841,SNPP,SNPP,n,2.0NRT,297.86,5.27,D
-37.78556,-73.30221,345.41,0.46,0.39,2026-09-14,1841,SNPP,SNPP,n,2.0NRT,295.28,8.67,D
-37.72675,-73.54915,335.8,0.47,0.39,2026-09-14,1841,SNPP,SNPP,n,2.0NRT,293.6,12.02,D
-36.8679,-72.1716,329.57,0.41,0.37,2026-09-14,1841,SNPP,SNPP,n,2.0NRT,296.07,1.2,D
-36.46668,-71.90233,326.79,0.41,0.37,2026-09-14,1841,SNPP,SNPP,l,2.0NRT,298.22,2.44,D
-36.18595,-71.75078,327.83,0.4,0.37,2026-09-14,1841,SNPP,SNPP,n,2.0NRT,296.18,2.35,D
-36.15023,-71.67043,326.88,0.4,0.37,2026-09-14,1841,SNPP,SNPP,n,2.0NRT,297.26,1.45,D
-36.09813,-71.8422,347.45,0.4,0.37,2026-09-14,1841,SNPP,SNPP,n,2.0NRT,302.59,6.02,D
-35.75977,-72.35481,334.04,0.41,0.37,2026-09-14,1841,SNPP,SNPP,n,2.0NRT,307.01,35.24,D
-35.75868,-72.35355,332.15,0.41,0.37,2026-09-14,1841,SNPP,SNPP,n,2.0NRT,301.76,28.66,D
-35.7593,-72.35812,293.86,0.41,0.37,2026-09-14,1841,SNPP,SNPP,l,2.0NRT,297.65,18.76,D
-35.53393,-71.29542,332.34,0.39,0.36,2026-09-14,1841,SNPP,SNPP,n,2.0NRT,301.42,15.09,D
-35.57319,-71.72116,332.49,0.4,0.37,2026-09-14,1841,SNPP,SNPP,n,2.0NRT,302.76,2.56,D
-35.49291,-71.59527,337.94,0.39,0.37,2026-09-14,1841,SNPP,SNPP,n,2.0NRT,303.34,4.82,D
-35.50196,-71.73399,326.37,0.4,0.37,2026-09-14,1841,SNPP,SNPP,n,2.0NRT,299.05,0.94,D
-38.05172,-71.21743,354.22,0.4,0.37,2026-09-14,1841,SNPP,SNPP,n,2.0NRT,312.24,21.56,D
-38.75614,-73.13944,326.61,0.46,0.39,2026-09-14,1841,SNPP,SNPP,n,2.0NRT,292.59,2.53,D
-35.1043,-71.28511,333.98,0.39,0.36,2026-09-14,1843,SNPP,SNPP,n,2.0NRT,302.49,1.98,D
-35.10612,-71.66341,347.43,0.39,0.36,2026-09-14,1843,SNPP,SNPP,n,2.0NRT,305.29,7.16,D
-34.90216,-71.11817,329.26,0.39,0.36,2026-09-14,1843,SNPP,SNPP,n,2.0NRT,302.2,1.46,D
-34.84165,-71.08287,332.87,0.39,0.36,2026-09-14,1843,SNPP,SNPP,n,2.0NRT,299.27,2.06,D
-34.8132,-71.13202,330.15,0.39,0.36,2026-09-14,1843,SNPP,SNPP,n,2.0NRT,300.59,1.47,D
-34.70206,-71.39321,339.78,0.39,0.36,2026-09-14,1843,SNPP,SNPP,n,2.0NRT,306.38,3.49,D
-34.72238,-71.70416,331.52,0.39,0.36,2026-09-14,1843,SNPP,SNPP,n,2.0NRT,302.81,2.71,D
-34.72299,-71.70849,336.12,0.39,0.36,2026-09-14,1843,SNPP,SNPP,n,2.0NRT,304.9,2.63,D
-34.719,-71.70486,338.52,0.39,0.36,2026-09-14,1843,SNPP,SNPP,n,2.0NRT,304.48,3.84,D
-34.71962,-71.70921,329.21,0.39,0.36,2026-09-14,1843,SNPP,SNPP,n,2.0NRT,303.79,2.03,D
-34.71562,-71.70558,334.33,0.39,0.36,2026-09-14,1843,SNPP,SNPP,n,2.0NRT,302.23,3.84,D
-34.71624,-71.70991,332.91,0.39,0.36,2026-09-14,1843,SNPP,SNPP,n,2.0NRT,303.03,2.03,D
-34.60555,-71.78982,334.45,0.39,0.36,2026-09-14,1843,SNPP,SNPP,n,2.0NRT,302.23,2.91,D
-34.60564,-71.78812,337.3,0.39,0.36,2026-09-14,1843,SNPP,SNPP,n,2.0NRT,302.38,4.95,D
-34.52809,-71.46722,339.15,0.39,0.36,2026-09-14,1843,SNPP,SNPP,n,2.0NRT,302.11,3.49,D
-34.41208,-71.50842,331.13,0.39,0.36,2026-09-14,1843,SNPP,SNPP,n,2.0NRT,299.34,2.56,D
-34.37541,-71.37554,327.84,0.39,0.36,2026-09-14,1843,SNPP,SNPP,n,2.0NRT,302.25,3.44,D
-34.37603,-71.37979,333.29,0.39,0.36,2026-09-14,1843,SNPP,SNPP,n,2.0NRT,303.72,4.3,D
-34.37206,-71.37625,329.85,0.39,0.36,2026-09-14,1843,SNPP,SNPP,n,2.0NRT,298.64,3.44,D
-34.37267,-71.38051,336.61,0.39,0.36,2026-09-14,1843,SNPP,SNPP,n,2.0NRT,302.36,4.3,D
-34.41629,-71.70626,341.65,0.39,0.36,2026-09-14,1843,SNPP,SNPP,n,2.0NRT,303.52,4.55,D
-34.41291,-71.70697,341.69,0.39,0.36,2026-09-14,1843,SNPP,SNPP,n,2.0NRT,299.75,4.55,D
-34.36483,-71.42169,346.76,0.39,0.36,2026-09-14,1843,SNPP,SNPP,n,2.0NRT,309.02,11.98,D
-34.10524,-70.45552,332.06,0.38,0.36,2026-09-14,1843,SNPP,SNPP,n,2.0NRT,300.13,10.86,D
-34.25358,-71.49277,337.96,0.39,0.36,2026-09-14,1843,SNPP,SNPP,n,2.0NRT,301.67,2.31,D
-34.2542,-71.49702,332.61,0.39,0.36,2026-09-14,1843,SNPP,SNPP,n,2.0NRT,302.91,2.31,D
-33.29512,-70.72687,337.9,0.38,0.36,2026-09-14,1843,SNPP,SNPP,n,2.0NRT,307.18,3.2,D
-32.80263,-70.95392,335.93,0.38,0.36,2026-09-14,1843,SNPP,SNPP,n,2.0NRT,309.52,3.73,D
-32.42904,-70.94689,344.81,0.38,0.36,2026-09-14,1843,SNPP,SNPP,n,2.0NRT,307.18,5.13,D
-22.31861,-68.88174,336.9,0.54,0.42,2026-09-14,1845,SNPP,SNPP,l,2.0NRT,311.42,6.69,D
-19.19411,-69.1612,347.72,0.39,0.44,2026-09-14,1847,SNPP,SNPP,n,2.0NRT,306.39,6.33,D
-52.56705,-70.26176,322.94,0.37,0.58,2026-09-15,0427,SNPP,SNPP,n,2.0NRT,271.52,0.88,N
-52.57193,-70.26608,307.5,0.37,0.58,2026-09-15,0427,SNPP,SNPP,n,2.0NRT,270.53,0.88,N
-19.58725,-69.19819,325.04,0.39,0.36,2026-09-15,0557,SNPP,SNPP,n,2.0NRT,275.88,2.86,N
-23.82253,-70.3158,314.64,0.39,0.36,2026-09-15,0559,SNPP,SNPP,n,2.0NRT,285,1.96,N
-34.10558,-70.45533,317.54,0.4,0.37,2026-09-15,0601,SNPP,SNPP,n,2.0NRT,278.65,11,N
-32.80265,-70.95359,338.51,0.39,0.36,2026-09-15,0601,SNPP,SNPP,n,2.0NRT,287.57,11.9,N
-32.92767,-71.50574,299.39,0.39,0.36,2026-09-15,0601,SNPP,SNPP,n,2.0NRT,288.64,0.92,N
-33.29607,-70.72895,329.16,0.39,0.36,2026-09-15,0601,SNPP,SNPP,n,2.0NRT,282.09,3,N
-33.52246,-70.87244,298.23,0.39,0.36,2026-09-15,0601,SNPP,SNPP,n,2.0NRT,282,0.48,N
-34.10495,-70.45969,329.18,0.4,0.37,2026-09-15,0601,SNPP,SNPP,n,2.0NRT,274.51,10.2,N
-34.109,-70.45594,304.73,0.4,0.37,2026-09-15,0601,SNPP,SNPP,n,2.0NRT,275.5,1.27,N
-34.05352,-71.78828,327.84,0.39,0.36,2026-09-15,0601,SNPP,SNPP,n,2.0NRT,285.7,1.53,N
-34.05686,-71.78904,301.73,0.39,0.36,2026-09-15,0601,SNPP,SNPP,n,2.0NRT,284.13,0.7,N
-34.28246,-70.88731,295.57,0.4,0.37,2026-09-15,0601,SNPP,SNPP,n,2.0NRT,275.17,0.82,N
-36.19915,-72.31278,318.65,0.39,0.36,2026-09-15,0601,SNPP,SNPP,n,2.0NRT,281.65,1.29,N
-36.19982,-72.30845,310.9,0.39,0.36,2026-09-15,0601,SNPP,SNPP,n,2.0NRT,280.56,1.29,N
-36.20115,-72.29977,301.9,0.39,0.36,2026-09-15,0601,SNPP,SNPP,n,2.0NRT,279.68,1.01,N
-36.2025,-72.31355,309.38,0.39,0.36,2026-09-15,0601,SNPP,SNPP,n,2.0NRT,278.74,1.45,N
-36.68433,-72.80782,299.55,0.38,0.36,2026-09-15,0601,SNPP,SNPP,n,2.0NRT,278.36,0.53,N
-36.68514,-72.81062,298.47,0.38,0.36,2026-09-15,0601,SNPP,SNPP,n,2.0NRT,279.03,0.65,N
-52.57151,-70.26196,313.86,0.41,0.45,2026-09-15,0608,SNPP,SNPP,n,2.0NRT,270.89,1.95,N
-52.56729,-70.26107,303.41,0.41,0.45,2026-09-15,0608,SNPP,SNPP,n,2.0NRT,271.08,1.95,N
-38.70185,-72.19383,345.1,0.46,0.47,2026-09-15,1821,SNPP,SNPP,n,2.0NRT,298.88,7.31,D
-38.70137,-72.18844,341.9,0.46,0.47,2026-09-15,1821,SNPP,SNPP,n,2.0NRT,295.98,7.31,D
-34.41339,-71.71023,345.94,0.39,0.44,2026-09-15,1824,SNPP,SNPP,n,2.0NRT,302.82,4.17,D
-33.48248,-71.22322,336.69,0.54,0.42,2026-09-15,1824,SNPP,SNPP,n,2.0NRT,300.92,4.79,D
-37.70276,-72.32757,367,0.45,0.47,2026-09-15,1824,SNPP,SNPP,h,2.0NRT,303.39,17.24,D
-37.70322,-72.33285,341.71,0.45,0.47,2026-09-15,1824,SNPP,SNPP,n,2.0NRT,303.44,8.27,D
-37.70369,-72.33813,350.77,0.45,0.47,2026-09-15,1824,SNPP,SNPP,n,2.0NRT,304.5,8.27,D
-37.54897,-72.58095,333.11,0.46,0.47,2026-09-15,1824,SNPP,SNPP,n,2.0NRT,301.17,3.82,D
-37.35165,-71.86919,338.48,0.42,0.46,2026-09-15,1824,SNPP,SNPP,n,2.0NRT,308.37,5.29,D
-37.13535,-71.96567,343.59,0.43,0.46,2026-09-15,1824,SNPP,SNPP,n,2.0NRT,298.53,4.58,D
-36.72507,-72.84204,339.86,0.47,0.48,2026-09-15,1824,SNPP,SNPP,n,2.0NRT,298.68,14.69,D
-36.71758,-72.85962,327.14,0.47,0.48,2026-09-15,1824,SNPP,SNPP,n,2.0NRT,296.39,2.42,D
-36.56074,-71.29262,326.83,0.39,0.44,2026-09-15,1824,SNPP,SNPP,n,2.0NRT,292.06,3.06,D
-36.55672,-71.29402,339.21,0.39,0.44,2026-09-15,1824,SNPP,SNPP,n,2.0NRT,289.28,3.06,D
-36.55719,-71.29862,325.21,0.39,0.44,2026-09-15,1824,SNPP,SNPP,n,2.0NRT,290.62,3.06,D
-36.46401,-71.90238,326.72,0.42,0.45,2026-09-15,1824,SNPP,SNPP,n,2.0NRT,292.17,2.01,D
-36.45179,-71.86558,331.5,0.41,0.45,2026-09-15,1824,SNPP,SNPP,n,2.0NRT,288.64,2.18,D
-36.3317,-72.82979,330.41,0.46,0.47,2026-09-15,1824,SNPP,SNPP,n,2.0NRT,294.71,4.37,D
-36.3273,-72.83084,336.5,0.46,0.47,2026-09-15,1824,SNPP,SNPP,n,2.0NRT,289.83,4.37,D
-35.26284,-71.41041,332.24,0.57,0.43,2026-09-15,1824,SNPP,SNPP,n,2.0NRT,298.58,18.27,D
-35.08265,-71.69431,330.95,0.39,0.44,2026-09-15,1824,SNPP,SNPP,n,2.0NRT,298.64,2.03,D
-34.74635,-71.25876,333.54,0.56,0.43,2026-09-15,1824,SNPP,SNPP,l,2.0NRT,305.79,2.42,D
-34.62539,-71.16067,332.24,0.55,0.42,2026-09-15,1824,SNPP,SNPP,n,2.0NRT,302.63,4.15,D
-35.3434,-71.43513,325.26,0.38,0.43,2026-09-15,1824,SNPP,SNPP,n,2.0NRT,294.95,1.29,D
-35.26305,-71.41573,349.44,0.57,0.43,2026-09-15,1824,SNPP,SNPP,n,2.0NRT,303.8,42.21,D
-35.26353,-71.41684,338.86,0.57,0.43,2026-09-15,1824,SNPP,SNPP,n,2.0NRT,302.39,20.69,D
-38.42815,-72.33198,325.98,0.46,0.47,2026-09-15,1824,SNPP,SNPP,n,2.0NRT,297.62,2.1,D
-38.27944,-72.72834,332.28,0.48,0.48,2026-09-15,1824,SNPP,SNPP,n,2.0NRT,294.43,4.12,D
-38.02529,-72.18297,329.01,0.45,0.47,2026-09-15,1824,SNPP,SNPP,l,2.0NRT,300.89,2.87,D
-37.74651,-72.07903,342.67,0.44,0.46,2026-09-15,1824,SNPP,SNPP,n,2.0NRT,303.05,21.26,D
-37.70715,-72.3269,335.71,0.45,0.47,2026-09-15,1824,SNPP,SNPP,n,2.0NRT,300.66,4.05,D
-29.11198,-70.90948,346.36,0.47,0.39,2026-09-15,1826,SNPP,SNPP,n,2.0NRT,314.47,6.12,D
-29.11445,-70.89928,342.49,0.47,0.39,2026-09-15,1826,SNPP,SNPP,l,2.0NRT,313.33,5.95,D
-22.31713,-68.88122,340.39,0.38,0.36,2026-09-15,1828,SNPP,SNPP,n,2.0NRT,310.77,3.52,D
-37.71059,-72.33389,349.95,0.7,0.75,2026-09-15,2004,SNPP,SNPP,n,2.0NRT,284.52,8.81,D
-37.74848,-72.08266,327.29,0.72,0.75,2026-09-15,2004,SNPP,SNPP,n,2.0NRT,285.96,11.63,D
-37.74575,-72.07441,357.12,0.72,0.75,2026-09-15,2004,SNPP,SNPP,l,2.0NRT,288.23,21.04,D
-37.74364,-72.07786,367,0.72,0.75,2026-09-15,2004,SNPP,SNPP,h,2.0NRT,290.23,19.53,D
-37.70804,-72.32612,328.6,0.7,0.75,2026-09-15,2004,SNPP,SNPP,n,2.0NRT,282.28,9.7,D
-37.70389,-72.33707,344.38,0.7,0.75,2026-09-15,2004,SNPP,SNPP,n,2.0NRT,288.42,9.03,D
-37.71303,-72.33346,332.46,0.7,0.75,2026-09-15,2004,SNPP,SNPP,n,2.0NRT,283.05,8.19,D
-37.7038,-72.3288,329.37,0.7,0.75,2026-09-15,2004,SNPP,SNPP,n,2.0NRT,283.87,8.19,D
-37.70633,-72.33664,357.23,0.7,0.75,2026-09-15,2004,SNPP,SNPP,n,2.0NRT,288.27,8.19,D
-22.31544,-68.88031,322.91,0.52,0.42,2026-09-16,0540,SNPP,SNPP,n,2.0NRT,281.88,3.87,N
-19.211,-69.99812,300.66,0.45,0.47,2026-09-16,0540,SNPP,SNPP,n,2.0NRT,283.09,0.61,N
-20.29351,-70.04211,298.6,0.44,0.46,2026-09-16,0540,SNPP,SNPP,n,2.0NRT,283.07,1.01,N
-27.35771,-70.2232,298.97,0.51,0.41,2026-09-16,0542,SNPP,SNPP,n,2.0NRT,285,0.87,N
-34.10419,-70.4584,335.81,0.43,0.38,2026-09-16,0544,SNPP,SNPP,n,2.0NRT,282.08,4.64,N
-34.10426,-70.45586,317.38,0.43,0.38,2026-09-16,0544,SNPP,SNPP,n,2.0NRT,281.16,1.72,N
-34.10772,-70.45693,327.77,0.43,0.38,2026-09-16,0544,SNPP,SNPP,n,2.0NRT,281.6,6.68,N
-35.26138,-71.41159,325,0.45,0.39,2026-09-16,0544,SNPP,SNPP,n,2.0NRT,280.02,2.74,N
-32.80315,-70.95165,321.25,0.46,0.39,2026-09-16,0544,SNPP,SNPP,n,2.0NRT,285.01,1.87,N
-36.08906,-72.06839,295.86,0.46,0.39,2026-09-16,0544,SNPP,SNPP,n,2.0NRT,280.44,0.35,N
-32.80222,-70.95665,299.83,0.46,0.39,2026-09-16,0544,SNPP,SNPP,n,2.0NRT,283.91,1.87,N
-33.29603,-70.73077,327.89,0.45,0.39,2026-09-16,0544,SNPP,SNPP,n,2.0NRT,284.32,2.79,N
-36.11439,-71.62855,333.93,0.36,0.57,2026-09-16,1804,SNPP,SNPP,n,2.0NRT,296.35,3.83,D
-35.96581,-71.5605,355.55,0.36,0.57,2026-09-16,1804,SNPP,SNPP,n,2.0NRT,299.3,5.83,D
-35.67622,-71.66959,354.7,0.36,0.57,2026-09-16,1804,SNPP,SNPP,n,2.0NRT,301.78,4.89,D
-35.67438,-71.6672,345.37,0.36,0.57,2026-09-16,1804,SNPP,SNPP,n,2.0NRT,300.15,3.5,D
-35.67466,-71.67135,338.17,0.36,0.57,2026-09-16,1804,SNPP,SNPP,n,2.0NRT,299.61,3.5,D
-35.48107,-71.30003,329.15,0.34,0.56,2026-09-16,1804,SNPP,SNPP,n,2.0NRT,295.21,1.85,D
-38.87974,-72.26603,340.77,0.41,0.61,2026-09-16,1804,SNPP,SNPP,n,2.0NRT,289.55,3.74,D
-38.04836,-72.31094,367,0.41,0.61,2026-09-16,1804,SNPP,SNPP,h,2.0NRT,295.87,12.67,D
-38.0486,-72.31602,367,0.41,0.61,2026-09-16,1804,SNPP,SNPP,h,2.0NRT,297.6,14.85,D
-38.04811,-72.30595,341.45,0.41,0.61,2026-09-16,1804,SNPP,SNPP,n,2.0NRT,291.74,12.67,D
-38.02512,-72.186,355.21,0.4,0.6,2026-09-16,1804,SNPP,SNPP,n,2.0NRT,295.46,8.67,D
-37.74745,-72.56091,337.93,0.42,0.61,2026-09-16,1804,SNPP,SNPP,n,2.0NRT,297.5,2.71,D
-37.74166,-72.56129,328.77,0.42,0.61,2026-09-16,1804,SNPP,SNPP,n,2.0NRT,298.35,3.17,D
-37.70093,-72.19245,348.08,0.4,0.6,2026-09-16,1804,SNPP,SNPP,n,2.0NRT,299.35,2.96,D
-37.70116,-72.19723,328,0.4,0.6,2026-09-16,1804,SNPP,SNPP,n,2.0NRT,297.02,2.96,D
-36.20346,-72.29527,337.38,0.39,0.6,2026-09-16,1804,SNPP,SNPP,n,2.0NRT,295.37,6.2,D
-36.20372,-72.29969,336.64,0.39,0.6,2026-09-16,1804,SNPP,SNPP,n,2.0NRT,294.87,4.43,D
-35.26241,-71.40827,367,0.35,0.56,2026-09-16,1806,SNPP,SNPP,h,2.0NRT,313.17,39.53,D
-35.2685,-71.41965,353.79,0.35,0.56,2026-09-16,1806,SNPP,SNPP,n,2.0NRT,302.49,4.11,D
-35.26266,-71.41222,352.79,0.35,0.56,2026-09-16,1806,SNPP,SNPP,n,2.0NRT,302.9,19.75,D
-35.04384,-71.43599,327.76,0.34,0.56,2026-09-16,1806,SNPP,SNPP,n,2.0NRT,300.97,1.8,D
-34.79352,-71.68306,367,0.35,0.57,2026-09-16,1806,SNPP,SNPP,h,2.0NRT,303.07,4.79,D
-34.79325,-71.67906,330.04,0.35,0.57,2026-09-16,1806,SNPP,SNPP,n,2.0NRT,301.07,4.79,D
-34.71934,-71.70638,339.34,0.35,0.57,2026-09-16,1806,SNPP,SNPP,n,2.0NRT,302.33,5.36,D
-34.72287,-71.70413,328.76,0.35,0.57,2026-09-16,1806,SNPP,SNPP,l,2.0NRT,299.86,2.27,D
-34.42126,-71.70276,335.94,0.35,0.57,2026-09-16,1806,SNPP,SNPP,n,2.0NRT,298.81,3.54,D
-34.42152,-71.7067,339.7,0.35,0.57,2026-09-16,1806,SNPP,SNPP,n,2.0NRT,299.16,3.54,D
-34.41666,-71.71508,331.48,0.35,0.57,2026-09-16,1806,SNPP,SNPP,n,2.0NRT,296.94,2.79,D
-34.4187,-71.70648,344.61,0.35,0.57,2026-09-16,1806,SNPP,SNPP,n,2.0NRT,298.39,6.57,D
-34.4139,-71.71484,326.64,0.35,0.57,2026-09-16,1806,SNPP,SNPP,n,2.0NRT,296.73,1.51,D
-34.38791,-71.7292,330.07,0.35,0.57,2026-09-16,1806,SNPP,SNPP,n,2.0NRT,297.51,2.86,D
-37.70174,-72.19234,327.74,0.42,0.61,2026-09-16,1945,SNPP,SNPP,n,2.0NRT,296.56,3.46,D
-37.44974,-72.62589,344.05,0.4,0.6,2026-09-16,1945,SNPP,SNPP,n,2.0NRT,292.43,3.1,D
-37.58802,-73.57491,333.1,0.36,0.57,2026-09-16,1945,SNPP,SNPP,n,2.0NRT,292.33,3.17,D
-38.8804,-72.26296,353.56,0.39,0.59,2026-09-16,1945,SNPP,SNPP,n,2.0NRT,290.43,4.65,D
-38.88105,-72.26223,352.13,0.39,0.59,2026-09-16,1945,SNPP,SNPP,n,2.0NRT,289.51,4.89,D
-38.05126,-72.30872,325.7,0.4,0.6,2026-09-16,1945,SNPP,SNPP,n,2.0NRT,295.59,3.22,D
-37.10958,-72.04743,344,0.44,0.62,2026-09-16,1947,SNPP,SNPP,n,2.0NRT,295.37,7.85,D
-37.08204,-72.26257,337.17,0.43,0.62,2026-09-16,1947,SNPP,SNPP,n,2.0NRT,297,3.48,D
-36.20395,-72.29739,353.18,0.45,0.63,2026-09-16,1947,SNPP,SNPP,n,2.0NRT,296.53,21.51,D
-36.20535,-72.30235,326.35,0.45,0.63,2026-09-16,1947,SNPP,SNPP,n,2.0NRT,294.44,21.51,D
-36.20011,-72.30624,367,0.45,0.63,2026-09-16,1947,SNPP,SNPP,h,2.0NRT,304.75,21.51,D
-36.20155,-72.31133,346.04,0.45,0.63,2026-09-16,1947,SNPP,SNPP,n,2.0NRT,298.68,29.28,D
-36.20692,-72.29949,367,0.45,0.63,2026-09-16,1947,SNPP,SNPP,h,2.0NRT,296.88,12.36,D
-37.10824,-72.04259,367,0.44,0.62,2026-09-16,1947,SNPP,SNPP,h,2.0NRT,295.54,7.85,D
-36.20298,-72.3082,367,0.45,0.63,2026-09-16,1947,SNPP,SNPP,h,2.0NRT,300.88,21.36,D
-36.20157,-72.30309,333.44,0.45,0.63,2026-09-16,1947,SNPP,SNPP,n,2.0NRT,294.39,12.36,D
-36.19636,-72.30714,367,0.45,0.63,2026-09-16,1947,SNPP,SNPP,h,2.0NRT,296.8,33.41,D
-36.19767,-72.31188,350.56,0.45,0.63,2026-09-16,1947,SNPP,SNPP,n,2.0NRT,299.29,29.12,D
-35.26119,-71.40871,367,0.53,0.67,2026-09-16,1947,SNPP,SNPP,h,2.0NRT,300.85,14.58,D
-35.2645,-71.4202,342.26,0.53,0.67,2026-09-16,1947,SNPP,SNPP,n,2.0NRT,297.99,4.69,D
-34.79324,-71.68375,336.21,0.53,0.67,2026-09-16,1947,SNPP,SNPP,n,2.0NRT,298.69,9.68,D
-34.79629,-71.68079,349.93,0.53,0.67,2026-09-16,1947,SNPP,SNPP,n,2.0NRT,300.1,8.78,D
-34.58035,-71.45932,355.5,0.55,0.68,2026-09-16,1947,SNPP,SNPP,n,2.0NRT,298.34,7.8,D
-34.42173,-71.70605,328.15,0.54,0.68,2026-09-16,1947,SNPP,SNPP,n,2.0NRT,296.18,3.74,D
-34.41734,-71.71449,339.48,0.54,0.68,2026-09-16,1947,SNPP,SNPP,n,2.0NRT,296.6,6.82,D
-22.31726,-68.88439,308.38,0.33,0.56,2026-09-17,0523,SNPP,SNPP,n,2.0NRT,281.06,1.33,N
-33.29261,-70.72815,306.4,0.5,0.49,2026-09-17,0523,SNPP,SNPP,n,2.0NRT,283.87,1.38,N
-33.29707,-70.72964,300.47,0.5,0.49,2026-09-17,0523,SNPP,SNPP,n,2.0NRT,284.02,1.45,N
-33.29219,-70.7293,309.03,0.5,0.49,2026-09-17,0523,SNPP,SNPP,n,2.0NRT,284.2,1.4,N
-33.29665,-70.73077,305.82,0.5,0.49,2026-09-17,0523,SNPP,SNPP,n,2.0NRT,283.75,1.4,N
-34.10363,-70.45708,334.83,0.47,0.47,2026-09-17,0523,SNPP,SNPP,n,2.0NRT,282.75,5.11,N
-34.10783,-70.45907,314.82,0.47,0.47,2026-09-17,0523,SNPP,SNPP,n,2.0NRT,282.65,3,N
-34.49126,-70.92907,300.62,0.48,0.48,2026-09-17,0523,SNPP,SNPP,n,2.0NRT,284.7,0.87,N
-34.4957,-70.93035,336.66,0.48,0.48,2026-09-17,0523,SNPP,SNPP,n,2.0NRT,283.29,4.76,N
-22.31797,-68.88123,315.43,0.33,0.56,2026-09-17,0523,SNPP,SNPP,n,2.0NRT,275.25,1.33,N
-37.61759,-73.51003,307.19,0.56,0.51,2026-09-17,0525,SNPP,SNPP,n,2.0NRT,279.43,1.45,N
-36.19306,-72.29927,312.46,0.52,0.5,2026-09-17,0525,SNPP,SNPP,n,2.0NRT,282.97,2.49,N
-36.19629,-72.3065,324.25,0.52,0.5,2026-09-17,0525,SNPP,SNPP,n,2.0NRT,283.41,2.49,N
-36.19756,-72.30113,319.09,0.52,0.5,2026-09-17,0525,SNPP,SNPP,n,2.0NRT,283.25,2.49,N
-36.20068,-72.30876,323.07,0.52,0.5,2026-09-17,0525,SNPP,SNPP,n,2.0NRT,283.39,2.09,N
-36.20194,-72.30344,303.17,0.52,0.5,2026-09-17,0525,SNPP,SNPP,n,2.0NRT,282.93,2.09,N
-37.61902,-73.51094,305.93,0.56,0.51,2026-09-17,0525,SNPP,SNPP,n,2.0NRT,278.75,1.07,N
-36.08933,-72.07088,307.81,0.72,0.75,2026-09-17,0705,SNPP,SNPP,n,2.0NRT,280.17,2.11,N
-36.19498,-72.30367,308.29,0.7,0.75,2026-09-17,0705,SNPP,SNPP,n,2.0NRT,281.16,2.22,N
-36.20197,-72.31055,301.69,0.7,0.75,2026-09-17,0705,SNPP,SNPP,n,2.0NRT,281.35,1.42,N
-37.73294,-71.24242,367,0.64,0.72,2026-09-17,1745,SNPP,SNPP,h,2.0NRT,293.64,13.13,D
-37.73285,-71.23729,340.59,0.64,0.72,2026-09-17,1745,SNPP,SNPP,n,2.0NRT,293.21,13.13,D
-37.73276,-71.23773,345.94,0.64,0.72,2026-09-17,1745,SNPP,SNPP,n,2.0NRT,292.36,21.39,D
-37.73288,-71.24284,354.32,0.64,0.72,2026-09-17,1745,SNPP,SNPP,n,2.0NRT,292.62,16.51,D
-37.10473,-72.05257,325.16,0.7,0.75,2026-09-17,1745,SNPP,SNPP,n,2.0NRT,290.65,4.91,D
-36.46816,-71.8551,329.17,0.68,0.74,2026-09-17,1745,SNPP,SNPP,n,2.0NRT,297.66,4.29,D
-36.47065,-71.85548,342.4,0.68,0.74,2026-09-17,1745,SNPP,SNPP,n,2.0NRT,299.08,8.72,D
-39.25288,-72.45599,348.21,0.43,0.46,2026-09-17,1925,SNPP,SNPP,n,2.0NRT,292.18,6.07,D
-38.76091,-72.39909,342.03,0.44,0.46,2026-09-17,1925,SNPP,SNPP,n,2.0NRT,284.04,8.17,D
-38.76459,-72.39955,339.91,0.44,0.46,2026-09-17,1925,SNPP,SNPP,n,2.0NRT,287.18,5.15,D
-37.94812,-71.24716,339.74,0.53,0.5,2026-09-17,1925,SNPP,SNPP,n,2.0NRT,299.46,6.56,D
-37.10722,-72.05544,331.41,0.5,0.49,2026-09-17,1925,SNPP,SNPP,n,2.0NRT,300.36,2.03,D
-36.51153,-71.93224,328.17,0.53,0.5,2026-09-17,1925,SNPP,SNPP,n,2.0NRT,299.62,3.12,D
-36.47124,-71.84533,342.99,0.53,0.5,2026-09-17,1925,SNPP,SNPP,n,2.0NRT,301.64,9.96,D
-34.10548,-70.45858,352.66,0.36,0.57,2026-09-17,1928,SNPP,SNPP,n,2.0NRT,291.78,3.88,D
-34.10778,-70.45795,348.18,0.36,0.57,2026-09-17,1928,SNPP,SNPP,n,2.0NRT,291.24,5.55,D
-34.10503,-70.45927,342.03,0.42,0.61,2026-09-18,0506,SNPP,SNPP,n,2.0NRT,279.75,7.15,N
-34.10625,-70.4547,310.3,0.42,0.61,2026-09-18,0506,SNPP,SNPP,n,2.0NRT,279.87,4.99,N
-32.80323,-70.95485,301.89,0.48,0.65,2026-09-18,0506,SNPP,SNPP,n,2.0NRT,283.06,1.26,N
-32.80437,-70.95291,306.64,0.43,0.62,2026-09-18,0646,SNPP,SNPP,n,2.0NRT,282.7,1.43,N
-32.80309,-70.95103,299.7,0.43,0.62,2026-09-18,0646,SNPP,SNPP,n,2.0NRT,282.28,1.31,N
-34.10481,-70.45969,340.17,0.47,0.64,2026-09-18,0646,SNPP,SNPP,n,2.0NRT,282.45,6.26,N
-34.10507,-70.45468,299.21,0.47,0.64,2026-09-18,0646,SNPP,SNPP,n,2.0NRT,281.44,3.6,N
-38.71437,-72.19016,339.04,0.43,0.38,2026-09-18,1908,SNPP,SNPP,n,2.0NRT,301.98,3.74,D
-38.86345,-73.05685,325.49,0.41,0.37,2026-09-18,1908,SNPP,SNPP,n,2.0NRT,292.49,1.69,D
-38.32902,-73.0762,329.16,0.41,0.37,2026-09-18,1908,SNPP,SNPP,n,2.0NRT,293.74,2.68,D
-37.10482,-72.05,328.5,0.46,0.39,2026-09-18,1908,SNPP,SNPP,l,2.0NRT,301.43,3.94,D
-35.828,-71.80557,329.22,0.49,0.4,2026-09-18,1908,SNPP,SNPP,n,2.0NRT,298.52,2.72,D
-35.81852,-71.79698,333,0.49,0.4,2026-09-18,1908,SNPP,SNPP,n,2.0NRT,295.43,3.26,D
-34.62044,-71.42006,333.77,0.53,0.42,2026-09-18,1908,SNPP,SNPP,n,2.0NRT,301.8,4.97,D
-34.62103,-71.42145,329.62,0.53,0.42,2026-09-18,1908,SNPP,SNPP,l,2.0NRT,301,2.98,D
-34.10479,-70.45718,352.48,0.4,0.44,2026-09-18,1908,SNPP,SNPP,n,2.0NRT,300.2,16.42,D
-22.31627,-68.88152,313.94,0.46,0.47,2026-09-19,0625,SNPP,SNPP,n,2.0NRT,279.62,3.14,N
-22.31655,-68.88341,313.59,0.46,0.47,2026-09-19,0625,SNPP,SNPP,n,2.0NRT,280.31,3.05,N
-27.41935,-70.28353,297.71,0.43,0.46,2026-09-19,0627,SNPP,SNPP,n,2.0NRT,286.98,0.36,N
-27.4236,-70.28445,308.43,0.43,0.46,2026-09-19,0627,SNPP,SNPP,n,2.0NRT,287.45,0.36,N
-34.10592,-70.4601,329.75,0.5,0.49,2026-09-19,0629,SNPP,SNPP,n,2.0NRT,283.07,3.2,N
-32.80417,-70.95493,295.78,0.46,0.47,2026-09-19,0629,SNPP,SNPP,n,2.0NRT,277.71,1.08,N
-24.8709,-70.48066,333.22,0.5,0.41,2026-09-19,1851,SNPP,SNPP,l,2.0NRT,307.17,3.13,D
-23.82292,-70.31333,336.85,0.52,0.42,2026-09-19,1851,SNPP,SNPP,l,2.0NRT,309.9,3.83,D
-22.31533,-68.88029,336.55,0.45,0.47,2026-09-19,1851,SNPP,SNPP,n,2.0NRT,304.92,4.49,D
-22.31595,-68.88223,328.49,0.4,0.37,2026-09-20,0605,SNPP,SNPP,n,2.0NRT,283.41,6.35,N
-23.82361,-70.31668,328.36,0.39,0.36,2026-09-20,0605,SNPP,SNPP,n,2.0NRT,289.2,1.31,N
-23.82302,-70.3205,298.99,0.39,0.36,2026-09-20,0605,SNPP,SNPP,n,2.0NRT,286.06,1.31,N
-32.80452,-70.95193,329.42,0.44,0.38,2026-09-20,1832,SNPP,SNPP,n,2.0NRT,280.14,3.01,D
-22.31634,-68.87964,348.72,0.4,0.37,2026-09-20,1834,SNPP,SNPP,n,2.0NRT,313.05,9.94,D
-22.31584,-68.87988,332.78,0.44,0.39,2026-09-21,0546,SNPP,SNPP,n,2.0NRT,282.59,5.24,N
-22.31717,-68.88245,327.93,0.44,0.39,2026-09-21,0546,SNPP,SNPP,n,2.0NRT,281.46,6.42,N
-27.3584,-70.22394,300.31,0.44,0.38,2026-09-21,0548,SNPP,SNPP,n,2.0NRT,285.63,0.83,N
-32.80472,-70.95615,300.59,0.41,0.37,2026-09-21,0550,SNPP,SNPP,n,2.0NRT,282.66,4.33,N
-32.8055,-70.95168,308.33,0.41,0.37,2026-09-21,0550,SNPP,SNPP,n,2.0NRT,281.14,4.33,N
-32.80207,-70.95087,318.07,0.41,0.37,2026-09-21,0550,SNPP,SNPP,n,2.0NRT,285.65,4.33,N
-32.80129,-70.9553,320.74,0.41,0.37,2026-09-21,0550,SNPP,SNPP,n,2.0NRT,282.24,4.33,N
-34.10791,-70.45812,340.42,0.49,0.48,2026-09-21,1811,SNPP,SNPP,n,2.0NRT,295.28,16.47,D
-32.80368,-70.95284,333.13,0.5,0.49,2026-09-21,1811,SNPP,SNPP,n,2.0NRT,300.98,4.89,D
-32.80292,-70.95067,330.97,0.5,0.49,2026-09-21,1811,SNPP,SNPP,n,2.0NRT,299.73,5.55,D
-34.71407,-71.71709,342.15,0.58,0.52,2026-09-21,1813,SNPP,SNPP,n,2.0NRT,296.71,7.39,D
-34.72288,-71.70292,331.98,0.58,0.52,2026-09-21,1813,SNPP,SNPP,n,2.0NRT,294.89,3.68,D
-34.71848,-71.71001,329.21,0.58,0.52,2026-09-21,1813,SNPP,SNPP,n,2.0NRT,295.54,7.39,D
-24.07338,-68.83564,336.13,0.46,0.39,2026-09-21,1813,SNPP,SNPP,n,2.0NRT,306.4,1,D
-22.36854,-68.64688,341.09,0.44,0.38,2026-09-21,1815,SNPP,SNPP,n,2.0NRT,307.64,3.97,D
-37.67487,-71.8139,334.59,0.52,0.67,2026-09-21,1951,SNPP,SNPP,n,2.0NRT,287.85,3.55,D
-34.16995,-70.83088,336.19,0.73,0.76,2026-09-21,1951,SNPP,SNPP,n,2.0NRT,288.75,5.47,D
-34.41787,-71.70525,332.98,0.65,0.73,2026-09-21,1951,SNPP,SNPP,n,2.0NRT,291.06,5.53,D
-27.35762,-70.22376,301.12,0.51,0.49,2026-09-22,0527,SNPP,SNPP,n,2.0NRT,285.65,1.31,N
-22.3164,-68.88213,327.76,0.53,0.5,2026-09-22,0527,SNPP,SNPP,n,2.0NRT,280.95,3.93,N
-33.29359,-70.72854,315.99,0.41,0.45,2026-09-22,0529,SNPP,SNPP,n,2.0NRT,283.5,1.66,N
-32.80152,-70.95257,333.35,0.43,0.46,2026-09-22,0529,SNPP,SNPP,n,2.0NRT,283.19,4.27,N
-35.3353,-71.76228,332.01,0.55,0.68,2026-09-22,1752,SNPP,SNPP,n,2.0NRT,293.8,4.96,D
-34.4276,-71.70777,343.65,0.53,0.67,2026-09-22,1752,SNPP,SNPP,n,2.0NRT,278.11,4.74,D
-35.33569,-71.7644,336.77,0.55,0.68,2026-09-22,1752,SNPP,SNPP,n,2.0NRT,294.09,4.31,D
-35.43723,-71.40852,332.95,0.52,0.67,2026-09-22,1752,SNPP,SNPP,n,2.0NRT,291.46,2.62,D
-32.80471,-70.95143,343.08,0.47,0.64,2026-09-22,1754,SNPP,SNPP,n,2.0NRT,300.08,5.78,D
-32.80502,-70.95697,345.04,0.47,0.64,2026-09-22,1754,SNPP,SNPP,n,2.0NRT,302.56,5.78,D
-25.53663,-70.17233,343.78,0.73,0.76,2026-09-22,1936,SNPP,SNPP,n,2.0NRT,303.41,4.75,D
-25.5385,-70.17914,336.44,0.73,0.76,2026-09-22,1936,SNPP,SNPP,n,2.0NRT,303.2,4.75,D
-25.53306,-70.17458,343.01,0.73,0.76,2026-09-22,1936,SNPP,SNPP,n,2.0NRT,302.71,11.6,D
-25.53491,-70.18147,337.99,0.73,0.76,2026-09-22,1936,SNPP,SNPP,n,2.0NRT,302.78,7.85,D
-24.93042,-69.92505,338.1,0.78,0.78,2026-09-22,1936,SNPP,SNPP,n,2.0NRT,306.04,6.58,D
-23.82263,-70.31486,295.84,0.48,0.65,2026-09-23,0650,SNPP,SNPP,n,2.0NRT,285.09,1.37,N
-24.10456,-68.76547,335.67,0.5,0.66,2026-09-23,1919,SNPP,SNPP,n,2.0NRT,301.81,3.37,D
-24.10576,-68.77036,335.93,0.5,0.66,2026-09-23,1919,SNPP,SNPP,n,2.0NRT,302.37,3.37,D
-24.11907,-68.77224,336.27,0.5,0.66,2026-09-23,1919,SNPP,SNPP,n,2.0NRT,306.26,5.35,D
-52.93769,-70.80529,310.34,0.39,0.44,2026-09-24,0457,SNPP,SNPP,n,2.0NRT,273.8,1.17,N
-22.31459,-68.87926,312.79,0.57,0.52,2026-09-24,0629,SNPP,SNPP,n,2.0NRT,281.37,2.58,N
-22.31748,-68.87971,336.87,0.57,0.52,2026-09-24,0629,SNPP,SNPP,n,2.0NRT,282.32,4.25,N
-22.31952,-68.87901,300.43,0.57,0.52,2026-09-24,0629,SNPP,SNPP,n,2.0NRT,279.96,2.54,N
-22.31399,-68.88466,306.26,0.57,0.52,2026-09-24,0629,SNPP,SNPP,n,2.0NRT,282.71,2.58,N
-23.82274,-70.31775,305.54,0.48,0.48,2026-09-24,0631,SNPP,SNPP,n,2.0NRT,287.28,2.11,N
-52.94155,-70.80307,297.21,0.41,0.61,2026-09-24,0640,SNPP,SNPP,n,2.0NRT,269.13,0.69,N
-52.94143,-70.80952,299.81,0.41,0.61,2026-09-24,0640,SNPP,SNPP,n,2.0NRT,270.75,0.69,N
-52.93578,-70.80235,299.47,0.41,0.61,2026-09-24,0640,SNPP,SNPP,n,2.0NRT,271.82,1,N
-52.93567,-70.80887,309.87,0.41,0.61,2026-09-24,0640,SNPP,SNPP,n,2.0NRT,272.23,1,N
-22.31748,-68.88248,343.5,0.55,0.51,2026-09-24,1858,SNPP,SNPP,n,2.0NRT,312.49,5.72,D
-26.90301,-70.03531,344.74,0.39,0.44,2026-09-24,1858,SNPP,SNPP,n,2.0NRT,317.29,1.56,D
-22.37354,-68.65223,339.57,0.57,0.52,2026-09-24,1858,SNPP,SNPP,n,2.0NRT,311.92,2.73,D
-22.36879,-68.65336,338.26,0.57,0.52,2026-09-24,1858,SNPP,SNPP,l,2.0NRT,309.93,2.73,D
-22.31755,-68.88255,337.65,0.46,0.39,2026-09-25,0612,SNPP,SNPP,n,2.0NRT,282.62,6.73,N
-27.35813,-70.22197,302.82,0.45,0.39,2026-09-25,0614,SNPP,SNPP,n,2.0NRT,286.89,0.87,N
-36.14607,-72.16129,344.88,0.46,0.39,2026-09-25,1836,SNPP,SNPP,n,2.0NRT,292.99,7.29,D
-36.14242,-72.16197,335.88,0.46,0.39,2026-09-25,1836,SNPP,SNPP,n,2.0NRT,290.26,7.29,D
-36.14338,-72.16421,336.13,0.46,0.39,2026-09-25,1836,SNPP,SNPP,n,2.0NRT,289.12,10.02,D
-27.35732,-70.22101,304.19,0.4,0.37,2026-09-26,0553,SNPP,SNPP,n,2.0NRT,287.32,0.73,N
-22.31699,-68.88113,338.79,0.4,0.37,2026-09-26,0553,SNPP,SNPP,n,2.0NRT,285.56,9.54,N
-32.77973,-70.69599,357.62,0.4,0.44,2026-09-26,1817,SNPP,SNPP,l,2.0NRT,304.18,5.46,D
-32.77928,-70.69162,342.12,0.4,0.44,2026-09-26,1817,SNPP,SNPP,n,2.0NRT,303.7,6.03,D
-32.7756,-70.69662,341.95,0.4,0.44,2026-09-26,1817,SNPP,SNPP,n,2.0NRT,304.5,5.46,D
-22.31552,-68.88103,329.5,0.43,0.46,2026-09-27,0533,SNPP,SNPP,n,2.0NRT,283.75,4.27,N
-23.82221,-70.31715,303.75,0.49,0.49,2026-09-27,0533,SNPP,SNPP,n,2.0NRT,286.86,1.77,N
-33.29619,-70.73015,320.21,0.52,0.42,2026-09-27,0538,SNPP,SNPP,n,2.0NRT,285.35,3.56,N
-29.12661,-70.89845,333,0.35,0.57,2026-09-27,1800,SNPP,SNPP,l,2.0NRT,303.31,2,D
-22.31592,-68.88127,352.57,0.44,0.46,2026-09-27,1802,SNPP,SNPP,n,2.0NRT,317.07,8.19,D
-22.3178,-68.88031,345.42,0.44,0.46,2026-09-27,1802,SNPP,SNPP,n,2.0NRT,318,11.39,D
