date,CodigoNacional,nombreEstacion,latitud,longitud,viento_mean,viento_max
2001-01-01,180005.0,"Chacalluta, Arica Ap.",-18.35555,-70.34028,5.434782608695652,14.0
2001-01-01,200006.0,Diego Aracena Iquique Ap.,-20.54917,-70.18111,9.043478260869565,17.0
2001-01-01,220002.0,"El Loa, Calama Ad.",-22.49806,-68.8925,15.5,22.0
2001-01-01,270001.0,Mataveri  Isla de Pascua Ap.,-27.15889,-109.4325,2.6,6.0
2001-01-01,290004.0,"La Florida, La Serena Ad.",-29.91444,-71.20667,5.352941176470588,10.0
2001-01-01,330007.0,"Rodelillo, Ad.",-33.06528,-71.55639,4.916666666666667,8.0
2001-01-01,330019.0,"Eulogio Sánchez, Tobalaba Ad.",-33.45528,-70.54861,2.0,5.0
2001-01-01,330020.0,"Quinta Normal, Santiago",-33.445,-70.68278,4.0,8.0
2001-01-01,330021.0,Pudahuel Santiago ,-33.37833,-70.78778,6.6521739130434785,13.0
2001-01-01,330030.0,"Santo Domingo, Ad.",-33.65611,-71.61333,4.714285714285714,10.0
2001-01-01,330031.0,"Juan Fernández, Estación Meteorológica.",-33.63583,-78.83305,3.0,6.0
2001-01-01,340031.0,"General Freire, Curicó Ad.",-34.96944,-71.21694,3.2222222222222223,7.0
2001-01-01,360011.0,"General Bernardo O'Higgins, Chillán Ad.",-36.58583,-72.03667,2.6666666666666665,3.0
2001-01-01,360019.0,"Carriel Sur, Concepción Ap.",-36.78055,-73.06639,4.391304347826087,8.0
2001-01-01,370033.0,"María Dolores, Los Angeles Ad.",-37.39694,-72.42389,6.0,9.0
2001-01-01,380013.0,"Maquehue, Temuco Ad.",-38.76778,-72.63194,4.3478260869565215,10.0
2001-01-01,390006.0,"Pichoy, Valdivia Ad.",-39.65667,-73.08722,5.25,11.0
2001-01-01,400009.0,"Cañal Bajo,  Osorno Ad.",-40.61444,-73.0575,3.230769230769231,7.0
2001-01-01,410005.0,El Tepual  Puerto Montt Ap.,-41.4475,-73.09583,2.9545454545454546,8.0
2001-01-01,430002.0,Futaleufú Ad.,-43.18889,-71.85222,7.25,15.0
2001-01-01,450004.0,"Teniente Vidal, Coyhaique Ad.",-45.59083,-72.10222,11.25,17.0
2001-01-01,450005.0,Balmaceda Ad.,-45.91833,-71.67778,24.956521739130434,32.0
2001-01-01,520006.0,"Carlos Ibañez, Punta Arenas Ap.",-53.00167,-70.83861,11.217391304347826,21.0
2001-01-01,950001.0,"C.M.A. Eduardo Frei Montalva, Antártica ",-62.19194,-58.97972,8.5,14.0
2001-01-02,180005.0,"Chacalluta, Arica Ap.",-18.35555,-70.34028,5.875,14.0
2001-01-02,200006.0,Diego Aracena Iquique Ap.,-20.54917,-70.18111,8.708333333333334,14.0
2001-01-02,220002.0,"El Loa, Calama Ad.",-22.49806,-68.8925,15.8125,22.0
2001-01-02,270001.0,Mataveri  Isla de Pascua Ap.,-27.15889,-109.4325,4.833333333333333,6.0
2001-01-02,290004.0,"La Florida, La Serena Ad.",-29.91444,-71.20667,5.9375,10.0
2001-01-02,330007.0,"Rodelillo, Ad.",-33.06528,-71.55639,5.538461538461538,12.0
2001-01-02,330019.0,"Eulogio Sánchez, Tobalaba Ad.",-33.45528,-70.54861,1.6153846153846154,4.0
2001-01-02,330020.0,"Quinta Normal, Santiago",-33.445,-70.68278,4.0,6.0
2001-01-02,330021.0,Pudahuel Santiago ,-33.37833,-70.78778,7.538461538461538,15.0
2001-01-02,330030.0,"Santo Domingo, Ad.",-33.65611,-71.61333,4.0,8.0
2001-01-02,330031.0,"Juan Fernández, Estación Meteorológica.",-33.63583,-78.83305,3.4,6.0
2001-01-02,340031.0,"General Freire, Curicó Ad.",-34.96944,-71.21694,5.333333333333333,13.0
2001-01-02,360011.0,"General Bernardo O'Higgins, Chillán Ad.",-36.58583,-72.03667,3.6666666666666665,6.0
2001-01-02,360019.0,"Carriel Sur, Concepción Ap.",-36.78055,-73.06639,5.0,11.0
2001-01-02,370033.0,"María Dolores, Los Angeles Ad.",-37.39694,-72.42389,4.333333333333333,9.0
2001-01-02,380013.0,"Maquehue, Temuco Ad.",-38.76778,-72.63194,4.875,9.0
2001-01-02,390006.0,"Pichoy, Valdivia Ad.",-39.65667,-73.08722,5.4,9.0
2001-01-02,400009.0,"Cañal Bajo,  Osorno Ad.",-40.61444,-73.0575,4.357142857142857,11.0
2001-01-02,410005.0,El Tepual  Puerto Montt Ap.,-41.4475,-73.09583,4.375,8.0
2001-01-02,430001.0,Quellón Ad.,-43.13361,-73.63278,6.1,8.0
2001-01-02,430002.0,Futaleufú Ad.,-43.18889,-71.85222,6.2,10.0
2001-01-02,450004.0,"Teniente Vidal, Coyhaique Ad.",-45.59083,-72.10222,7.8,12.0
2001-01-02,450005.0,Balmaceda Ad.,-45.91833,-71.67778,27.208333333333332,36.0
2001-01-02,520006.0,"Carlos Ibañez, Punta Arenas Ap.",-53.00167,-70.83861,13.038461538461538,29.0
2001-01-02,530005.0,"Fuentes Martínez, Porvenir Ad.",-53.25361,-70.32611,17.818181818181817,28.0
2001-01-02,550001.0,"Guardiamarina Zañartu, Pto Williams Ad.",-54.93167,-67.61556,14.3,20.0
2001-01-02,950001.0,"C.M.A. Eduardo Frei Montalva, Antártica ",-62.19194,-58.97972,10.375,17.0
2001-01-03,180005.0,"Chacalluta, Arica Ap.",-18.35555,-70.34028,5.875,17.0
2001-01-03,200006.0,Diego Aracena Iquique Ap.,-20.54917,-70.18111,5.916666666666667,11.0
2001-01-03,220002.0,"El Loa, Calama Ad.",-22.49806,-68.8925,15.875,20.0
2001-01-03,270001.0,Mataveri  Isla de Pascua Ap.,-27.15889,-109.4325,3.5,5.0
2001-01-03,290004.0,"La Florida, La Serena Ad.",-29.91444,-71.20667,6.222222222222222,12.0
2001-01-03,330007.0,"Rodelillo, Ad.",-33.06528,-71.55639,6.461538461538462,11.0
2001-01-03,330019.0,"Eulogio Sánchez, Tobalaba Ad.",-33.45528,-70.54861,3.1538461538461537,20.0
2001-01-03,330020.0,"Quinta Normal, Santiago",-33.445,-70.68278,4.8,10.0
2001-01-03,330021.0,Pudahuel Santiago ,-33.37833,-70.78778,7.230769230769231,14.0
2001-01-03,330030.0,"Santo Domingo, Ad.",-33.65611,-71.61333,7.555555555555555,13.0
2001-01-03,330031.0,"Juan Fernández, Estación Meteorológica.",-33.63583,-78.83305,6.2,10.0
2001-01-03,340031.0,"General Freire, Curicó Ad.",-34.96944,-71.21694,3.111111111111111,5.0
2001-01-03,360011.0,"General Bernardo O'Higgins, Chillán Ad.",-36.58583,-72.03667,5.333333333333333,8.0
2001-01-03,360019.0,"Carriel Sur, Concepción Ap.",-36.78055,-73.06639,5.083333333333333,10.0
2001-01-03,370033.0,"María Dolores, Los Angeles Ad.",-37.39694,-72.42389,5.333333333333333,7.0
2001-01-03,380013.0,"Maquehue, Temuco Ad.",-38.76778,-72.63194,3.4166666666666665,8.0
2001-01-03,390006.0,"Pichoy, Valdivia Ad.",-39.65667,-73.08722,8.6,15.0
2001-01-03,400009.0,"Cañal Bajo,  Osorno Ad.",-40.61444,-73.0575,6.928571428571429,11.0
2001-01-03,410005.0,El Tepual  Puerto Montt Ap.,-41.4475,-73.09583,7.25,15.0
2001-01-03,430001.0,Quellón Ad.,-43.13361,-73.63278,9.4,12.0
2001-01-03,430002.0,Futaleufú Ad.,-43.18889,-71.85222,7.6,15.0
2001-01-03,450004.0,"Teniente Vidal, Coyhaique Ad.",-45.59083,-72.10222,6.6,9.0
2001-01-03,450005.0,Balmaceda Ad.,-45.91833,-71.67778,14.0,26.0
2001-01-03,520006.0,"Carlos Ibañez, Punta Arenas Ap.",-53.00167,-70.83861,11.041666666666666,29.0
2001-01-03,530005.0,"Fuentes Martínez, Porvenir Ad.",-53.25361,-70.32611,12.2,25.0
2001-01-03,550001.0,"Guardiamarina Zañartu, Pto Williams Ad.",-54.93167,-67.61556,3.4444444444444446,10.0
2001-01-03,950001.0,"C.M.A. Eduardo Frei Montalva, Antártica ",-62.19194,-58.97972,19.555555555555557,23.0
2001-01-04,180005.0,"Chacalluta, Arica Ap.",-18.35555,-70.34028,6.041666666666667,17.0
2001-01-04,200006.0,Diego Aracena Iquique Ap.,-20.54917,-70.18111,7.25,13.0
2001-01-04,220002.0,"El Loa, Calama Ad.",-22.49806,-68.8925,17.0,24.0
2001-01-04,270001.0,Mataveri  Isla de Pascua Ap.,-27.15889,-109.4325,4.666666666666667,8.0
2001-01-04,290004.0,"La Florida, La Serena Ad.",-29.91444,-71.20667,5.944444444444445,11.0
2001-01-04,330007.0,"Rodelillo, Ad.",-33.06528,-71.55639,8.923076923076923,13.0
2001-01-04,330019.0,"Eulogio Sánchez, Tobalaba Ad.",-33.45528,-70.54861,1.6153846153846154,4.0
2001-01-04,330020.0,"Quinta Normal, Santiago",-33.445,-70.68278,4.0,8.0
2001-01-04,330021.0,Pudahuel Santiago ,-33.37833,-70.78778,5.64,14.0
2001-01-04,330030.0,"Santo Domingo, Ad.",-33.65611,-71.61333,9.444444444444445,17.0
2001-01-04,330031.0,"Juan Fernández, Estación Meteorológica.",-33.63583,-78.83305,6.8,9.0
2001-01-04,340031.0,"General Freire, Curicó Ad.",-34.96944,-71.21694,5.666666666666667,8.0
2001-01-04,360011.0,"General Bernardo O'Higgins, Chillán Ad.",-36.58583,-72.03667,4.333333333333333,5.0
2001-01-04,360019.0,"Carriel Sur, Concepción Ap.",-36.78055,-73.06639,4.083333333333333,8.0
2001-01-04,370033.0,"María Dolores, Los Angeles Ad.",-37.39694,-72.42389,8.666666666666666,11.0
2001-01-04,380013.0,"Maquehue, Temuco Ad.",-38.76778,-72.63194,5.0,10.0
2001-01-04,390006.0,"Pichoy, Valdivia Ad.",-39.65667,-73.08722,6.4,11.0
2001-01-04,400009.0,"Cañal Bajo,  Osorno Ad.",-40.61444,-73.0575,8.714285714285714,11.0
2001-01-04,410005.0,El Tepual  Puerto Montt Ap.,-41.4475,-73.09583,13.458333333333334,18.0
2001-01-04,430001.0,Quellón Ad.,-43.13361,-73.63278,8.1,10.0
2001-01-04,430002.0,Futaleufú Ad.,-43.18889,-71.85222,13.0,18.0
2001-01-04,450004.0,"Teniente Vidal, Coyhaique Ad.",-45.59083,-72.10222,7.8,11.0
2001-01-04,450005.0,Balmaceda Ad.,-45.91833,-71.67778,17.916666666666668,35.0
2001-01-04,520006.0,"Carlos Ibañez, Punta Arenas Ap.",-53.00167,-70.83861,5.708333333333333,16.0
2001-01-04,530005.0,"Fuentes Martínez, Porvenir Ad.",-53.25361,-70.32611,6.8,14.0
2001-01-04,550001.0,"Guardiamarina Zañartu, Pto Williams Ad.",-54.93167,-67.61556,11.666666666666666,18.0
2001-01-04,950001.0,"C.M.A. Eduardo Frei Montalva, Antártica ",-62.19194,-58.97972,12.222222222222221,20.0
2001-01-05,180005.0,"Chacalluta, Arica Ap.",-18.35555,-70.34028,6.291666666666667,16.0
2001-01-05,200006.0,Diego Aracena Iquique Ap.,-20.54917,-70.18111,7.958333333333333,15.0
2001-01-05,220002.0,"El Loa, Calama Ad.",-22.49806,-68.8925,18.625,26.0
2001-01-05,270001.0,Mataveri  Isla de Pascua Ap.,-27.15889,-109.4325,4.833333333333333,7.0
2001-01-05,290004.0,"La Florida, La Serena Ad.",-29.91444,-71.20667,5.944444444444445,11.0
2001-01-05,330007.0,"Rodelillo, Ad.",-33.06528,-71.55639,13.846153846153847,23.0
2001-01-05,330019.0,"Eulogio Sánchez, Tobalaba Ad.",-33.45528,-70.54861,1.7692307692307692,3.0
2001-01-05,330020.0,"Quinta Normal, Santiago",-33.445,-70.68278,5.2,8.0
2001-01-05,330021.0,Pudahuel Santiago ,-33.37833,-70.78778,6.125,14.0
2001-01-05,330030.0,"Santo Domingo, Ad.",-33.65611,-71.61333,7.75,14.0
2001-01-05,330031.0,"Juan Fernández, Estación Meteorológica.",-33.63583,-78.83305,4.4,5.0
2001-01-05,340031.0,"General Freire, Curicó Ad.",-34.96944,-71.21694,8.777777777777779,12.0
2001-01-05,360011.0,"General Bernardo O'Higgins, Chillán Ad.",-36.58583,-72.03667,3.0,6.0
2001-01-05,360019.0,"Carriel Sur, Concepción Ap.",-36.78055,-73.06639,4.166666666666667,9.0
2001-01-05,370033.0,"María Dolores, Los Angeles Ad.",-37.39694,-72.42389,10.0,16.0
2001-01-05,380013.0,"Maquehue, Temuco Ad.",-38.76778,-72.63194,6.666666666666667,13.0
2001-01-05,390006.0,"Pichoy, Valdivia Ad.",-39.65667,-73.08722,9.0,12.0
2001-01-05,400009.0,"Cañal Bajo,  Osorno Ad.",-40.61444,-73.0575,9.214285714285714,14.0
2001-01-05,410005.0,El Tepual  Puerto Montt Ap.,-41.4475,-73.09583,9.875,18.0
2001-01-05,430001.0,Quellón Ad.,-43.13361,-73.63278,6.7,10.0
2001-01-05,430002.0,Futaleufú Ad.,-43.18889,-71.85222,8.0,16.0
2001-01-05,450004.0,"Teniente Vidal, Coyhaique Ad.",-45.59083,-72.10222,9.2,18.0
2001-01-05,450005.0,Balmaceda Ad.,-45.91833,-71.67778,14.166666666666666,32.0
2001-01-05,520006.0,"Carlos Ibañez, Punta Arenas Ap.",-53.00167,-70.83861,9.32,18.0
2001-01-05,530005.0,"Fuentes Martínez, Porvenir Ad.",-53.25361,-70.32611,9.1,12.0
2001-01-05,550001.0,"Guardiamarina Zañartu, Pto Williams Ad.",-54.93167,-67.61556,1.75,6.0
2001-01-05,950001.0,"C.M.A. Eduardo Frei Montalva, Antártica ",-62.19194,-58.97972,11.181818181818182,15.0
2001-01-06,180005.0,"Chacalluta, Arica Ap.",-18.35555,-70.34028,5.958333333333333,15.0
2001-01-06,200006.0,Diego Aracena Iquique Ap.,-20.54917,-70.18111,7.791666666666667,15.0
2001-01-06,220002.0,"El Loa, Calama Ad.",-22.49806,-68.8925,17.0,25.0
2001-01-06,270001.0,Mataveri  Isla de Pascua Ap.,-27.15889,-109.4325,8.666666666666666,12.0
2001-01-06,290004.0,"La Florida, La Serena Ad.",-29.91444,-71.20667,6.388888888888889,12.0
2001-01-06,330007.0,"Rodelillo, Ad.",-33.06528,-71.55639,7.6923076923076925,15.0
2001-01-06,330019.0,"Eulogio Sánchez, Tobalaba Ad.",-33.45528,-70.54861,2.1538461538461537,4.0
2001-01-06,330020.0,"Quinta Normal, Santiago",-33.445,-70.68278,6.0,10.0
2001-01-06,330021.0,Pudahuel Santiago ,-33.37833,-70.78778,7.8,17.0
2001-01-06,330030.0,"Santo Domingo, Ad.",-33.65611,-71.61333,5.0,7.0
2001-01-06,330031.0,"Juan Fernández, Estación Meteorológica.",-33.63583,-78.83305,5.0,6.0
2001-01-06,340031.0,"General Freire, Curicó Ad.",-34.96944,-71.21694,5.888888888888889,14.0
2001-01-06,360011.0,"General Bernardo O'Higgins, Chillán Ad.",-36.58583,-72.03667,3.6666666666666665,7.0
2001-01-06,360019.0,"Carriel Sur, Concepción Ap.",-36.78055,-73.06639,6.583333333333333,10.0
2001-01-06,370033.0,"María Dolores, Los Angeles Ad.",-37.39694,-72.42389,10.666666666666666,18.0
2001-01-06,380013.0,"Maquehue, Temuco Ad.",-38.76778,-72.63194,4.076923076923077,13.0
2001-01-06,390006.0,"Pichoy, Valdivia Ad.",-39.65667,-73.08722,6.4,11.0
2001-01-06,400009.0,"Cañal Bajo,  Osorno Ad.",-40.61444,-73.0575,7.714285714285714,13.0
2001-01-06,410005.0,El Tepual  Puerto Montt Ap.,-41.4475,-73.09583,6.625,17.0
2001-01-06,430001.0,Quellón Ad.,-43.13361,-73.63278,,
2001-01-06,430002.0,Futaleufú Ad.,-43.18889,-71.85222,8.4,18.0
2001-01-06,450004.0,"Teniente Vidal, Coyhaique Ad.",-45.59083,-72.10222,5.8,9.0
2001-01-06,450005.0,Balmaceda Ad.,-45.91833,-71.67778,16.041666666666668,25.0
2001-01-06,520006.0,"Carlos Ibañez, Punta Arenas Ap.",-53.00167,-70.83861,8.916666666666666,14.0
2001-01-06,530005.0,"Fuentes Martínez, Porvenir Ad.",-53.25361,-70.32611,12.0,17.0
2001-01-06,950001.0,"C.M.A. Eduardo Frei Montalva, Antártica ",-62.19194,-58.97972,11.9375,15.0
2001-01-07,180005.0,"Chacalluta, Arica Ap.",-18.35555,-70.34028,5.208333333333333,14.0
2001-01-07,200006.0,Diego Aracena Iquique Ap.,-20.54917,-70.18111,7.583333333333333,15.0
2001-01-07,220002.0,"El Loa, Calama Ad.",-22.49806,-68.8925,17.25,24.0
2001-01-07,270001.0,Mataveri  Isla de Pascua Ap.,-27.15889,-109.4325,11.5,14.0
2001-01-07,290004.0,"La Florida, La Serena Ad.",-29.91444,-71.20667,6.5,12.0
2001-01-07,330007.0,"Rodelillo, Ad.",-33.06528,-71.55639,8.461538461538462,12.0
2001-01-07,330019.0,"Eulogio Sánchez, Tobalaba Ad.",-33.45528,-70.54861,1.6923076923076923,4.0
2001-01-07,330020.0,"Quinta Normal, Santiago",-33.445,-70.68278,4.8,8.0
2001-01-07,330021.0,Pudahuel Santiago ,-33.37833,-70.78778,8.458333333333334,16.0
2001-01-07,330030.0,"Santo Domingo, Ad.",-33.65611,-71.61333,5.714285714285714,10.0
2001-01-07,330031.0,"Juan Fernández, Estación Meteorológica.",-33.63583,-78.83305,3.0,7.0
2001-01-07,340031.0,"General Freire, Curicó Ad.",-34.96944,-71.21694,7.222222222222222,13.0
2001-01-07,360011.0,"General Bernardo O'Higgins, Chillán Ad.",-36.58583,-72.03667,5.333333333333333,6.0
2001-01-07,360019.0,"Carriel Sur, Concepción Ap.",-36.78055,-73.06639,8.416666666666666,14.0
2001-01-07,370033.0,"María Dolores, Los Angeles Ad.",-37.39694,-72.42389,12.0,15.0
2001-01-07,380013.0,"Maquehue, Temuco Ad.",-38.76778,-72.63194,7.208333333333333,12.0
2001-01-07,390006.0,"Pichoy, Valdivia Ad.",-39.65667,-73.08722,14.6,18.0
2001-01-07,400009.0,"Cañal Bajo,  Osorno Ad.",-40.61444,-73.0575,7.285714285714286,14.0
2001-01-07,410005.0,El Tepual  Puerto Montt Ap.,-41.4475,-73.09583,6.333333333333333,10.0
2001-01-07,430001.0,Quellón Ad.,-43.13361,-73.63278,,
2001-01-07,430002.0,Futaleufú Ad.,-43.18889,-71.85222,5.6,12.0
2001-01-07,450004.0,"Teniente Vidal, Coyhaique Ad.",-45.59083,-72.10222,7.4,12.0
2001-01-07,450005.0,Balmaceda Ad.,-45.91833,-71.67778,15.5,27.0
2001-01-07,520006.0,"Carlos Ibañez, Punta Arenas Ap.",-53.00167,-70.83861,11.041666666666666,16.0
2001-01-07,950001.0,"C.M.A. Eduardo Frei Montalva, Antártica ",-62.19194,-58.97972,15.555555555555555,20.0
2001-01-08,180005.0,"Chacalluta, Arica Ap.",-18.35555,-70.34028,5.416666666666667,12.0
2001-01-08,200006.0,Diego Aracena Iquique Ap.,-20.54917,-70.18111,8.416666666666666,15.0
2001-01-08,220002.0,"El Loa, Calama Ad.",-22.49806,-68.8925,15.8125,22.0
2001-01-08,270001.0,Mataveri  Isla de Pascua Ap.,-27.15889,-109.4325,12.5,17.0
2001-01-08,290004.0,"La Florida, La Serena Ad.",-29.91444,-71.20667,7.277777777777778,14.0
2001-01-08,330007.0,"Rodelillo, Ad.",-33.06528,-71.55639,9.846153846153847,12.0
2001-01-08,330019.0,"Eulogio Sánchez, Tobalaba Ad.",-33.45528,-70.54861,1.7692307692307692,5.0
2001-01-08,330020.0,"Quinta Normal, Santiago",-33.445,-70.68278,4.4,10.0
2001-01-08,330021.0,Pudahuel Santiago ,-33.37833,-70.78778,7.708333333333333,14.0
2001-01-08,330030.0,"Santo Domingo, Ad.",-33.65611,-71.61333,10.7,18.0
2001-01-08,330031.0,"Juan Fernández, Estación Meteorológica.",-33.63583,-78.83305,0.0,0.0
2001-01-08,340031.0,"General Freire, Curicó Ad.",-34.96944,-71.21694,5.444444444444445,8.0
2001-01-08,360011.0,"General Bernardo O'Higgins, Chillán Ad.",-36.58583,-72.03667,2.0,3.0
2001-01-08,360019.0,"Carriel Sur, Concepción Ap.",-36.78055,-73.06639,5.458333333333333,11.0
2001-01-08,370033.0,"María Dolores, Los Angeles Ad.",-37.39694,-72.42389,9.666666666666666,14.0
2001-01-08,380013.0,"Maquehue, Temuco Ad.",-38.76778,-72.63194,6.666666666666667,11.0
2001-01-08,390006.0,"Pichoy, Valdivia Ad.",-39.65667,-73.08722,8.0,13.0
2001-01-08,400009.0,"Cañal Bajo,  Osorno Ad.",-40.61444,-73.0575,7.142857142857143,12.0
2001-01-08,410005.0,El Tepual  Puerto Montt Ap.,-41.4475,-73.09583,6.375,11.0
2001-01-08,430001.0,Quellón Ad.,-43.13361,-73.63278,6.7,8.0
2001-01-08,430002.0,Futaleufú Ad.,-43.18889,-71.85222,6.6,14.0
2001-01-08,450004.0,"Teniente Vidal, Coyhaique Ad.",-45.59083,-72.10222,6.6,9.0
2001-01-08,450005.0,Balmaceda Ad.,-45.91833,-71.67778,15.875,23.0
2001-01-08,520006.0,"Carlos Ibañez, Punta Arenas Ap.",-53.00167,-70.83861,13.958333333333334,22.0
2001-01-08,530005.0,"Fuentes Martínez, Porvenir Ad.",-53.25361,-70.32611,15.9,23.0
2001-01-08,550001.0,"Guardiamarina Zañartu, Pto Williams Ad.",-54.93167,-67.61556,6.111111111111111,12.0
2001-01-08,950001.0,"C.M.A. Eduardo Frei Montalva, Antártica ",-62.19194,-58.97972,15.4,21.0
2001-01-09,180005.0,"Chacalluta, Arica Ap.",-18.35555,-70.34028,5.25,14.0
2001-01-09,200006.0,Diego Aracena Iquique Ap.,-20.54917,-70.18111,6.583333333333333,11.0
2001-01-09,220002.0,"El Loa, Calama Ad.",-22.49806,-68.8925,15.4375,23.0
2001-01-09,270001.0,Mataveri  Isla de Pascua Ap.,-27.15889,-109.4325,10.0,14.0
2001-01-09,290004.0,"La Florida, La Serena Ad.",-29.91444,-71.20667,8.777777777777779,14.0
2001-01-09,330007.0,"Rodelillo, Ad.",-33.06528,-71.55639,10.615384615384615,15.0
2001-01-09,330019.0,"Eulogio Sánchez, Tobalaba Ad.",-33.45528,-70.54861,1.3846153846153846,2.0
2001-01-09,330020.0,"Quinta Normal, Santiago",-33.445,-70.68278,5.6,8.0
2001-01-09,330021.0,Pudahuel Santiago ,-33.37833,-70.78778,7.208333333333333,13.0
2001-01-09,330030.0,"Santo Domingo, Ad.",-33.65611,-71.61333,7.888888888888889,14.0
2001-01-09,330031.0,"Juan Fernández, Estación Meteorológica.",-33.63583,-78.83305,7.2,10.0
2001-01-09,340031.0,"General Freire, Curicó Ad.",-34.96944,-71.21694,3.888888888888889,7.0
2001-01-09,360011.0,"General Bernardo O'Higgins, Chillán Ad.",-36.58583,-72.03667,7.0,10.0
2001-01-09,360019.0,"Carriel Sur, Concepción Ap.",-36.78055,-73.06639,9.75,19.0
2001-01-09,370033.0,"María Dolores, Los Angeles Ad.",-37.39694,-72.42389,11.666666666666666,18.0
2001-01-09,380013.0,"Maquehue, Temuco Ad.",-38.76778,-72.63194,9.083333333333334,20.0
2001-01-09,390006.0,"Pichoy, Valdivia Ad.",-39.65667,-73.08722,14.2,21.0
2001-01-09,400009.0,"Cañal Bajo,  Osorno Ad.",-40.61444,-73.0575,11.928571428571429,25.0
2001-01-09,410005.0,El Tepual  Puerto Montt Ap.,-41.4475,-73.09583,10.416666666666666,20.0
2001-01-09,430001.0,Quellón Ad.,-43.13361,-73.63278,12.7,20.0
2001-01-09,430002.0,Futaleufú Ad.,-43.18889,-71.85222,4.0,8.0
2001-01-09,450004.0,"Teniente Vidal, Coyhaique Ad.",-45.59083,-72.10222,6.0,8.0
2001-01-09,450005.0,Balmaceda Ad.,-45.91833,-71.67778,10.875,21.0
2001-01-09,520006.0,"Carlos Ibañez, Punta Arenas Ap.",-53.00167,-70.83861,12.2,21.0
2001-01-09,530005.0,"Fuentes Martínez, Porvenir Ad.",-53.25361,-70.32611,12.4,17.0
2001-01-09,550001.0,"Guardiamarina Zañartu, Pto Williams Ad.",-54.93167,-67.61556,7.2727272727272725,11.0
2001-01-09,950001.0,"C.M.A. Eduardo Frei Montalva, Antártica ",-62.19194,-58.97972,7.5,16.0
2001-01-10,180005.0,"Chacalluta, Arica Ap.",-18.35555,-70.34028,5.666666666666667,13.0
2001-01-10,200006.0,Diego Aracena Iquique Ap.,-20.54917,-70.18111,9.416666666666666,15.0
2001-01-10,220002.0,"El Loa, Calama Ad.",-22.49806,-68.8925,16.0,28.0
2001-01-10,270001.0,Mataveri  Isla de Pascua Ap.,-27.15889,-109.4325,7.833333333333333,11.0
2001-01-10,290004.0,"La Florida, La Serena Ad.",-29.91444,-71.20667,8.11111111111111,13.0
2001-01-10,330007.0,"Rodelillo, Ad.",-33.06528,-71.55639,13.923076923076923,17.0
2001-01-10,330019.0,"Eulogio Sánchez, Tobalaba Ad.",-33.45528,-70.54861,1.2307692307692308,2.0
2001-01-10,330020.0,"Quinta Normal, Santiago",-33.445,-70.68278,3.6,6.0
2001-01-10,330021.0,Pudahuel Santiago ,-33.37833,-70.78778,5.32,12.0
2001-01-10,330030.0,"Santo Domingo, Ad.",-33.65611,-71.61333,12.777777777777779,16.0
2001-01-10,330031.0,"Juan Fernández, Estación Meteorológica.",-33.63583,-78.83305,8.2,10.0
2001-01-10,340031.0,"General Freire, Curicó Ad.",-34.96944,-71.21694,10.88888888888889,16.0
2001-01-10,360011.0,"General Bernardo O'Higgins, Chillán Ad.",-36.58583,-72.03667,15.333333333333334,20.0
2001-01-10,360019.0,"Carriel Sur, Concepción Ap.",-36.78055,-73.06639,8.708333333333334,17.0
2001-01-10,370033.0,"María Dolores, Los Angeles Ad.",-37.39694,-72.42389,10.333333333333334,14.0
2001-01-10,380013.0,"Maquehue, Temuco Ad.",-38.76778,-72.63194,3.8333333333333335,10.0
2001-01-10,390006.0,"Pichoy, Valdivia Ad.",-39.65667,-73.08722,7.0,12.0
2001-01-10,400009.0,"Cañal Bajo,  Osorno Ad.",-40.61444,-73.0575,5.0,7.0
2001-01-10,410005.0,El Tepual  Puerto Montt Ap.,-41.4475,-73.09583,3.625,9.0
2001-01-10,430001.0,Quellón Ad.,-43.13361,-73.63278,5.6,6.0
2001-01-10,430002.0,Futaleufú Ad.,-43.18889,-71.85222,11.8,20.0
2001-01-10,450004.0,"Teniente Vidal, Coyhaique Ad.",-45.59083,-72.10222,7.6,10.0
2001-01-10,450005.0,Balmaceda Ad.,-45.91833,-71.67778,18.291666666666668,27.0
2001-01-10,520006.0,"Carlos Ibañez, Punta Arenas Ap.",-53.00167,-70.83861,12.916666666666666,24.0
2001-01-10,530005.0,"Fuentes Martínez, Porvenir Ad.",-53.25361,-70.32611,17.9,23.0
2001-01-10,550001.0,"Guardiamarina Zañartu, Pto Williams Ad.",-54.93167,-67.61556,12.181818181818182,17.0
2001-01-10,950001.0,"C.M.A. Eduardo Frei Montalva, Antártica ",-62.19194,-58.97972,13.4,18.0
2001-01-11,180005.0,"Chacalluta, Arica Ap.",-18.35555,-70.34028,5.75,16.0
2001-01-11,200006.0,Diego Aracena Iquique Ap.,-20.54917,-70.18111,8.75,16.0
2001-01-11,220002.0,"El Loa, Calama Ad.",-22.49806,-68.8925,11.153846153846153,20.0
2001-01-11,270001.0,Mataveri  Isla de Pascua Ap.,-27.15889,-109.4325,6.333333333333333,9.0
2001-01-11,290004.0,"La Florida, La Serena Ad.",-29.91444,-71.20667,6.611111111111111,11.0
2001-01-11,330007.0,"Rodelillo, Ad.",-33.06528,-71.55639,10.923076923076923,15.0
2001-01-11,330019.0,"Eulogio Sánchez, Tobalaba Ad.",-33.45528,-70.54861,1.8461538461538463,4.0
2001-01-11,330020.0,"Quinta Normal, Santiago",-33.445,-70.68278,6.4,10.0
2001-01-11,330021.0,Pudahuel Santiago ,-33.37833,-70.78778,6.333333333333333,16.0
2001-01-11,330030.0,"Santo Domingo, Ad.",-33.65611,-71.61333,6.111111111111111,9.0
2001-01-11,330031.0,"Juan Fernández, Estación Meteorológica.",-33.63583,-78.83305,6.6,10.0
2001-01-11,340031.0,"General Freire, Curicó Ad.",-34.96944,-71.21694,4.777777777777778,7.0
2001-01-11,360011.0,"General Bernardo O'Higgins, Chillán Ad.",-36.58583,-72.03667,8.0,10.0
2001-01-11,360019.0,"Carriel Sur, Concepción Ap.",-36.78055,-73.06639,9.0,18.0
2001-01-11,370033.0,"María Dolores, Los Angeles Ad.",-37.39694,-72.42389,14.666666666666666,20.0
2001-01-11,380013.0,"Maquehue, Temuco Ad.",-38.76778,-72.63194,4.625,11.0
2001-01-11,390006.0,"Pichoy, Valdivia Ad.",-39.65667,-73.08722,7.0,11.0
2001-01-11,400009.0,"Cañal Bajo,  Osorno Ad.",-40.61444,-73.0575,4.0,10.0
2001-01-11,410005.0,El Tepual  Puerto Montt Ap.,-41.4475,-73.09583,2.3333333333333335,6.0
2001-01-11,430001.0,Quellón Ad.,-43.13361,-73.63278,8.4,14.0
2001-01-11,430002.0,Futaleufú Ad.,-43.18889,-71.85222,7.6,10.0
2001-01-11,450004.0,"Teniente Vidal, Coyhaique Ad.",-45.59083,-72.10222,9.2,12.0
2001-01-11,450005.0,Balmaceda Ad.,-45.91833,-71.67778,23.541666666666668,31.0
2001-01-11,520006.0,"Carlos Ibañez, Punta Arenas Ap.",-53.00167,-70.83861,15.5,32.0
2001-01-11,530005.0,"Fuentes Martínez, Porvenir Ad.",-53.25361,-70.32611,17.1,25.0
2001-01-11,550001.0,"Guardiamarina Zañartu, Pto Williams Ad.",-54.93167,-67.61556,3.0,5.0
2001-01-11,950001.0,"C.M.A. Eduardo Frei Montalva, Antártica ",-62.19194,-58.97972,8.352941176470589,14.0
2001-01-12,180005.0,"Chacalluta, Arica Ap.",-18.35555,-70.34028,6.5,18.0
2001-01-12,200006.0,Diego Aracena Iquique Ap.,-20.54917,-70.18111,10.5,16.0
2001-01-12,220002.0,"El Loa, Calama Ad.",-22.49806,-68.8925,12.9375,23.0
2001-01-12,270001.0,Mataveri  Isla de Pascua Ap.,-27.15889,-109.4325,8.666666666666666,11.0
2001-01-12,290004.0,"La Florida, La Serena Ad.",-29.91444,-71.20667,5.944444444444445,11.0
2001-01-12,330007.0,"Rodelillo, Ad.",-33.06528,-71.55639,6.615384615384615,10.0
2001-01-12,330019.0,"Eulogio Sánchez, Tobalaba Ad.",-33.45528,-70.54861,1.9230769230769231,4.0
2001-01-12,330020.0,"Quinta Normal, Santiago",-33.445,-70.68278,5.2,10.0
2001-01-12,330021.0,Pudahuel Santiago ,-33.37833,-70.78778,5.958333333333333,13.0
2001-01-12,330030.0,"Santo Domingo, Ad.",-33.65611,-71.61333,6.375,10.0
2001-01-12,330031.0,"Juan Fernández, Estación Meteorológica.",-33.63583,-78.83305,5.0,10.0
2001-01-12,340031.0,"General Freire, Curicó Ad.",-34.96944,-71.21694,5.111111111111111,9.0
2001-01-12,360011.0,"General Bernardo O'Higgins, Chillán Ad.",-36.58583,-72.03667,7.333333333333333,9.0
2001-01-12,360019.0,"Carriel Sur, Concepción Ap.",-36.78055,-73.06639,9.0,16.0
2001-01-12,370033.0,"María Dolores, Los Angeles Ad.",-37.39694,-72.42389,11.0,13.0
2001-01-12,380013.0,"Maquehue, Temuco Ad.",-38.76778,-72.63194,4.708333333333333,9.0
2001-01-12,390006.0,"Pichoy, Valdivia Ad.",-39.65667,-73.08722,7.6,13.0
2001-01-12,400009.0,"Cañal Bajo,  Osorno Ad.",-40.61444,-73.0575,7.357142857142857,13.0
2001-01-12,410005.0,El Tepual  Puerto Montt Ap.,-41.4475,-73.09583,3.0833333333333335,8.0
2001-01-12,430001.0,Quellón Ad.,-43.13361,-73.63278,6.0,9.0
2001-01-12,430002.0,Futaleufú Ad.,-43.18889,-71.85222,9.4,12.0
2001-01-12,450004.0,"Teniente Vidal, Coyhaique Ad.",-45.59083,-72.10222,10.8,16.0
2001-01-12,450005.0,Balmaceda Ad.,-45.91833,-71.67778,19.083333333333332,25.0
2001-01-12,520006.0,"Carlos Ibañez, Punta Arenas Ap.",-53.00167,-70.83861,15.5,29.0
2001-01-12,530005.0,"Fuentes Martínez, Porvenir Ad.",-53.25361,-70.32611,16.8,25.0
2001-01-12,550001.0,"Guardiamarina Zañartu, Pto Williams Ad.",-54.93167,-67.61556,10.625,17.0
2001-01-12,950001.0,"C.M.A. Eduardo Frei Montalva, Antártica ",-62.19194,-58.97972,6.066666666666666,11.0
2001-01-13,180005.0,"Chacalluta, Arica Ap.",-18.35555,-70.34028,6.791666666666667,15.0
2001-01-13,200006.0,Diego Aracena Iquique Ap.,-20.54917,-70.18111,9.791666666666666,17.0
2001-01-13,220002.0,"El Loa, Calama Ad.",-22.49806,-68.8925,15.875,27.0
2001-01-13,270001.0,Mataveri  Isla de Pascua Ap.,-27.15889,-109.4325,4.25,10.0
2001-01-13,290004.0,"La Florida, La Serena Ad.",-29.91444,-71.20667,7.421052631578948,12.0
2001-01-13,330007.0,"Rodelillo, Ad.",-33.06528,-71.55639,10.153846153846153,17.0
2001-01-13,330019.0,"Eulogio Sánchez, Tobalaba Ad.",-33.45528,-70.54861,1.9230769230769231,3.0
2001-01-13,330020.0,"Quinta Normal, Santiago",-33.445,-70.68278,3.2,8.0
2001-01-13,330021.0,Pudahuel Santiago ,-33.37833,-70.78778,6.25,13.0
2001-01-13,330030.0,"Santo Domingo, Ad.",-33.65611,-71.61333,5.428571428571429,11.0
2001-01-13,330031.0,"Juan Fernández, Estación Meteorológica.",-33.63583,-78.83305,2.75,5.0
2001-01-13,340031.0,"General Freire, Curicó Ad.",-34.96944,-71.21694,8.333333333333334,14.0
2001-01-13,360011.0,"General Bernardo O'Higgins, Chillán Ad.",-36.58583,-72.03667,6.333333333333333,8.0
2001-01-13,360019.0,"Carriel Sur, Concepción Ap.",-36.78055,-73.06639,10.708333333333334,16.0
2001-01-13,370033.0,"María Dolores, Los Angeles Ad.",-37.39694,-72.42389,7.0,12.0
2001-01-13,380013.0,"Maquehue, Temuco Ad.",-38.76778,-72.63194,4.583333333333333,9.0
2001-01-13,390006.0,"Pichoy, Valdivia Ad.",-39.65667,-73.08722,7.4,11.0
2001-01-13,400009.0,"Cañal Bajo,  Osorno Ad.",-40.61444,-73.0575,8.0,11.0
2001-01-13,410005.0,El Tepual  Puerto Montt Ap.,-41.4475,-73.09583,4.666666666666667,11.0
2001-01-13,430002.0,Futaleufú Ad.,-43.18889,-71.85222,10.0,16.0
2001-01-13,450004.0,"Teniente Vidal, Coyhaique Ad.",-45.59083,-72.10222,9.0,16.0
2001-01-13,450005.0,Balmaceda Ad.,-45.91833,-71.67778,20.791666666666668,31.0
2001-01-13,520006.0,"Carlos Ibañez, Punta Arenas Ap.",-53.00167,-70.83861,13.958333333333334,28.0
2001-01-13,530005.0,"Fuentes Martínez, Porvenir Ad.",-53.25361,-70.32611,17.1,27.0
2001-01-13,950001.0,"C.M.A. Eduardo Frei Montalva, Antártica ",-62.19194,-58.97972,13.538461538461538,18.0
2001-01-14,180005.0,"Chacalluta, Arica Ap.",-18.35555,-70.34028,5.916666666666667,12.0
2001-01-14,200006.0,Diego Aracena Iquique Ap.,-20.54917,-70.18111,6.708333333333333,12.0
2001-01-14,220002.0,"El Loa, Calama Ad.",-22.49806,-68.8925,16.416666666666668,24.0
2001-01-14,270001.0,Mataveri  Isla de Pascua Ap.,-27.15889,-109.4325,6.166666666666667,10.0
2001-01-14,290004.0,"La Florida, La Serena Ad.",-29.91444,-71.20667,6.777777777777778,15.0
2001-01-14,330007.0,"Rodelillo, Ad.",-33.06528,-71.55639,10.384615384615385,16.0
2001-01-14,330019.0,"Eulogio Sánchez, Tobalaba Ad.",-33.45528,-70.54861,1.4615384615384615,3.0
2001-01-14,330020.0,"Quinta Normal, Santiago",-33.445,-70.68278,4.2,8.0
2001-01-14,330021.0,Pudahuel Santiago ,-33.37833,-70.78778,6.25,16.0
2001-01-14,330030.0,"Santo Domingo, Ad.",-33.65611,-71.61333,8.285714285714286,17.0
2001-01-14,330031.0,"Juan Fernández, Estación Meteorológica.",-33.63583,-78.83305,5.0,8.0
2001-01-14,340031.0,"General Freire, Curicó Ad.",-34.96944,-71.21694,8.777777777777779,12.0
2001-01-14,360011.0,"General Bernardo O'Higgins, Chillán Ad.",-36.58583,-72.03667,8.333333333333334,10.0
2001-01-14,360019.0,"Carriel Sur, Concepción Ap.",-36.78055,-73.06639,9.833333333333334,18.0
2001-01-14,370033.0,"María Dolores, Los Angeles Ad.",-37.39694,-72.42389,14.0,16.0
2001-01-14,380013.0,"Maquehue, Temuco Ad.",-38.76778,-72.63194,4.36,11.0
2001-01-14,390006.0,"Pichoy, Valdivia Ad.",-39.65667,-73.08722,4.6,10.0
2001-01-14,400009.0,"Cañal Bajo,  Osorno Ad.",-40.61444,-73.0575,6.230769230769231,10.0
2001-01-14,410005.0,El Tepual  Puerto Montt Ap.,-41.4475,-73.09583,3.9166666666666665,11.0
2001-01-14,430002.0,Futaleufú Ad.,-43.18889,-71.85222,6.8,11.0
2001-01-14,450004.0,"Teniente Vidal, Coyhaique Ad.",-45.59083,-72.10222,10.0,15.0
2001-01-14,450005.0,Balmaceda Ad.,-45.91833,-71.67778,18.916666666666668,27.0
2001-01-14,520006.0,"Carlos Ibañez, Punta Arenas Ap.",-53.00167,-70.83861,12.791666666666666,29.0
2001-01-14,950001.0,"C.M.A. Eduardo Frei Montalva, Antártica ",-62.19194,-58.97972,20.88888888888889,35.0
2001-01-15,180005.0,"Chacalluta, Arica Ap.",-18.35555,-70.34028,4.875,11.0
2001-01-15,200006.0,Diego Aracena Iquique Ap.,-20.54917,-70.18111,7.458333333333333,15.0
2001-01-15,220002.0,"El Loa, Calama Ad.",-22.49806,-68.8925,16.0625,26.0
2001-01-15,270001.0,Mataveri  Isla de Pascua Ap.,-27.15889,-109.4325,6.833333333333333,11.0
2001-01-15,290004.0,"La Florida, La Serena Ad.",-29.91444,-71.20667,7.111111111111111,11.0
2001-01-15,330007.0,"Rodelillo, Ad.",-33.06528,-71.55639,9.846153846153847,13.0
2001-01-15,330019.0,"Eulogio Sánchez, Tobalaba Ad.",-33.45528,-70.54861,1.9230769230769231,4.0
2001-01-15,330020.0,"Quinta Normal, Santiago",-33.445,-70.68278,4.0,6.0
2001-01-15,330021.0,Pudahuel Santiago ,-33.37833,-70.78778,7.166666666666667,16.0
2001-01-15,330030.0,"Santo Domingo, Ad.",-33.65611,-71.61333,5.444444444444445,10.0
2001-01-15,330031.0,"Juan Fernández, Estación Meteorológica.",-33.63583,-78.83305,8.8,10.0
2001-01-15,340031.0,"General Freire, Curicó Ad.",-34.96944,-71.21694,4.888888888888889,7.0
2001-01-15,360011.0,"General Bernardo O'Higgins, Chillán Ad.",-36.58583,-72.03667,6.0,7.0
2001-01-15,360019.0,"Carriel Sur, Concepción Ap.",-36.78055,-73.06639,9.0,17.0
2001-01-15,370033.0,"María Dolores, Los Angeles Ad.",-37.39694,-72.42389,14.333333333333334,16.0
2001-01-15,380013.0,"Maquehue, Temuco Ad.",-38.76778,-72.63194,4.96,12.0
2001-01-15,390006.0,"Pichoy, Valdivia Ad.",-39.65667,-73.08722,7.2,16.0
2001-01-15,400009.0,"Cañal Bajo,  Osorno Ad.",-40.61444,-73.0575,4.785714285714286,11.0
2001-01-15,410005.0,El Tepual  Puerto Montt Ap.,-41.4475,-73.09583,2.9166666666666665,9.0
2001-01-15,430001.0,Quellón Ad.,-43.13361,-73.63278,6.9,8.0
2001-01-15,430002.0,Futaleufú Ad.,-43.18889,-71.85222,6.4,12.0
2001-01-15,450004.0,"Teniente Vidal, Coyhaique Ad.",-45.59083,-72.10222,11.0,15.0
2001-01-15,450005.0,Balmaceda Ad.,-45.91833,-71.67778,22.833333333333332,30.0
2001-01-15,520006.0,"Carlos Ibañez, Punta Arenas Ap.",-53.00167,-70.83861,21.708333333333332,33.0
2001-01-15,530005.0,"Fuentes Martínez, Porvenir Ad.",-53.25361,-70.32611,24.5,35.0
2001-01-15,550001.0,"Guardiamarina Zañartu, Pto Williams Ad.",-54.93167,-67.61556,16.0,22.0
2001-01-15,950001.0,"C.M.A. Eduardo Frei Montalva, Antártica ",-62.19194,-58.97972,17.444444444444443,25.0
2001-01-16,180005.0,"Chacalluta, Arica Ap.",-18.35555,-70.34028,5.583333333333333,13.0
2001-01-16,200006.0,Diego Aracena Iquique Ap.,-20.54917,-70.18111,8.625,15.0
2001-01-16,220002.0,"El Loa, Calama Ad.",-22.49806,-68.8925,13.3125,22.0
2001-01-16,270001.0,Mataveri  Isla de Pascua Ap.,-27.15889,-109.4325,6.375,12.0
2001-01-16,290004.0,"La Florida, La Serena Ad.",-29.91444,-71.20667,5.888888888888889,10.0
2001-01-16,330007.0,"Rodelillo, Ad.",-33.06528,-71.55639,5.6923076923076925,10.0
2001-01-16,330019.0,"Eulogio Sánchez, Tobalaba Ad.",-33.45528,-70.54861,1.8461538461538463,4.0
2001-01-16,330020.0,"Quinta Normal, Santiago",-33.445,-70.68278,6.8,10.0
2001-01-16,330021.0,Pudahuel Santiago ,-33.37833,-70.78778,7.25,18.0
2001-01-16,330030.0,"Santo Domingo, Ad.",-33.65611,-71.61333,6.222222222222222,10.0
2001-01-16,330031.0,"Juan Fernández, Estación Meteorológica.",-33.63583,-78.83305,2.6,5.0
2001-01-16,340031.0,"General Freire, Curicó Ad.",-34.96944,-71.21694,9.0,13.0
2001-01-16,360011.0,"General Bernardo O'Higgins, Chillán Ad.",-36.58583,-72.03667,5.666666666666667,8.0
2001-01-16,360019.0,"Carriel Sur, Concepción Ap.",-36.78055,-73.06639,9.25,17.0
2001-01-16,370033.0,"María Dolores, Los Angeles Ad.",-37.39694,-72.42389,8.333333333333334,11.0
2001-01-16,380013.0,"Maquehue, Temuco Ad.",-38.76778,-72.63194,5.0,11.0
2001-01-16,390006.0,"Pichoy, Valdivia Ad.",-39.65667,-73.08722,5.4,12.0
2001-01-16,400009.0,"Cañal Bajo,  Osorno Ad.",-40.61444,-73.0575,8.071428571428571,11.0
2001-01-16,410005.0,El Tepual  Puerto Montt Ap.,-41.4475,-73.09583,5.666666666666667,12.0
2001-01-16,430001.0,Quellón Ad.,-43.13361,-73.63278,4.4,6.0
2001-01-16,430002.0,Futaleufú Ad.,-43.18889,-71.85222,8.0,10.0
2001-01-16,450004.0,"Teniente Vidal, Coyhaique Ad.",-45.59083,-72.10222,12.2,17.0
2001-01-16,450005.0,Balmaceda Ad.,-45.91833,-71.67778,19.208333333333332,25.0
2001-01-16,520006.0,"Carlos Ibañez, Punta Arenas Ap.",-53.00167,-70.83861,13.75,26.0
2001-01-16,530005.0,"Fuentes Martínez, Porvenir Ad.",-53.25361,-70.32611,14.4,28.0
2001-01-16,550001.0,"Guardiamarina Zañartu, Pto Williams Ad.",-54.93167,-67.61556,19.0,26.0
2001-01-16,950001.0,"C.M.A. Eduardo Frei Montalva, Antártica ",-62.19194,-58.97972,17.153846153846153,23.0
2001-01-17,180005.0,"Chacalluta, Arica Ap.",-18.35555,-70.34028,5.083333333333333,11.0
2001-01-17,200006.0,Diego Aracena Iquique Ap.,-20.54917,-70.18111,8.291666666666666,17.0
2001-01-17,220002.0,"El Loa, Calama Ad.",-22.49806,-68.8925,14.0625,25.0
2001-01-17,270001.0,Mataveri  Isla de Pascua Ap.,-27.15889,-109.4325,4.5,9.0
2001-01-17,290004.0,"La Florida, La Serena Ad.",-29.91444,-71.20667,5.777777777777778,9.0
2001-01-17,330007.0,"Rodelillo, Ad.",-33.06528,-71.55639,9.692307692307692,15.0
2001-01-17,330019.0,"Eulogio Sánchez, Tobalaba Ad.",-33.45528,-70.54861,2.3076923076923075,5.0
2001-01-17,330020.0,"Quinta Normal, Santiago",-33.445,-70.68278,5.2,10.0
2001-01-17,330021.0,Pudahuel Santiago ,-33.37833,-70.78778,7.458333333333333,19.0
2001-01-17,330030.0,"Santo Domingo, Ad.",-33.65611,-71.61333,6.777777777777778,10.0
2001-01-17,330031.0,"Juan Fernández, Estación Meteorológica.",-33.63583,-78.83305,5.6,7.0
2001-01-17,340031.0,"General Freire, Curicó Ad.",-34.96944,-71.21694,7.888888888888889,10.0
2001-01-17,360011.0,"General Bernardo O'Higgins, Chillán Ad.",-36.58583,-72.03667,9.0,10.0
2001-01-17,360019.0,"Carriel Sur, Concepción Ap.",-36.78055,-73.06639,9.791666666666666,19.0
2001-01-17,370033.0,"María Dolores, Los Angeles Ad.",-37.39694,-72.42389,13.0,16.0
2001-01-17,380013.0,"Maquehue, Temuco Ad.",-38.76778,-72.63194,5.75,14.0
2001-01-17,390006.0,"Pichoy, Valdivia Ad.",-39.65667,-73.08722,10.2,15.0
2001-01-17,400009.0,"Cañal Bajo,  Osorno Ad.",-40.61444,-73.0575,11.785714285714286,17.0
2001-01-17,410005.0,El Tepual  Puerto Montt Ap.,-41.4475,-73.09583,6.375,11.0
2001-01-17,430001.0,Quellón Ad.,-43.13361,-73.63278,4.2,6.0
2001-01-17,430002.0,Futaleufú Ad.,-43.18889,-71.85222,8.4,16.0
2001-01-17,450004.0,"Teniente Vidal, Coyhaique Ad.",-45.59083,-72.10222,6.8,10.0
2001-01-17,450005.0,Balmaceda Ad.,-45.91833,-71.67778,16.583333333333332,25.0
2001-01-17,520006.0,"Carlos Ibañez, Punta Arenas Ap.",-53.00167,-70.83861,15.75,24.0
2001-01-17,530005.0,"Fuentes Martínez, Porvenir Ad.",-53.25361,-70.32611,23.7,28.0
2001-01-17,550001.0,"Guardiamarina Zañartu, Pto Williams Ad.",-54.93167,-67.61556,13.333333333333334,24.0
2001-01-17,950001.0,"C.M.A. Eduardo Frei Montalva, Antártica ",-62.19194,-58.97972,21.235294117647058,27.0
2001-01-18,180005.0,"Chacalluta, Arica Ap.",-18.35555,-70.34028,5.625,14.0
2001-01-18,200006.0,Diego Aracena Iquique Ap.,-20.54917,-70.18111,7.291666666666667,15.0
2001-01-18,220002.0,"El Loa, Calama Ad.",-22.49806,-68.8925,16.3125,26.0
2001-01-18,270001.0,Mataveri  Isla de Pascua Ap.,-27.15889,-109.4325,5.333333333333333,9.0
2001-01-18,290004.0,"La Florida, La Serena Ad.",-29.91444,-71.20667,6.111111111111111,11.0
2001-01-18,330007.0,"Rodelillo, Ad.",-33.06528,-71.55639,9.461538461538462,15.0
2001-01-18,330019.0,"Eulogio Sánchez, Tobalaba Ad.",-33.45528,-70.54861,1.7692307692307692,4.0
2001-01-18,330020.0,"Quinta Normal, Santiago",-33.445,-70.68278,3.0,8.0
2001-01-18,330021.0,Pudahuel Santiago ,-33.37833,-70.78778,6.25,13.0
2001-01-18,330030.0,"Santo Domingo, Ad.",-33.65611,-71.61333,9.333333333333334,13.0
2001-01-18,330031.0,"Juan Fernández, Estación Meteorológica.",-33.63583,-78.83305,6.8,10.0
2001-01-18,340031.0,"General Freire, Curicó Ad.",-34.96944,-71.21694,10.0,12.0
2001-01-18,360011.0,"General Bernardo O'Higgins, Chillán Ad.",-36.58583,-72.03667,10.333333333333334,14.0
2001-01-18,360019.0,"Carriel Sur, Concepción Ap.",-36.78055,-73.06639,10.333333333333334,19.0
2001-01-18,370033.0,"María Dolores, Los Angeles Ad.",-37.39694,-72.42389,18.0,23.0
2001-01-18,380013.0,"Maquehue, Temuco Ad.",-38.76778,-72.63194,5.083333333333333,12.0
2001-01-18,390006.0,"Pichoy, Valdivia Ad.",-39.65667,-73.08722,6.8,10.0
2001-01-18,400009.0,"Cañal Bajo,  Osorno Ad.",-40.61444,-73.0575,11.357142857142858,15.0
2001-01-18,410005.0,El Tepual  Puerto Montt Ap.,-41.4475,-73.09583,7.916666666666667,14.0
2001-01-18,430001.0,Quellón Ad.,-43.13361,-73.63278,4.4,7.0
2001-01-18,430002.0,Futaleufú Ad.,-43.18889,-71.85222,7.2,12.0
2001-01-18,450004.0,"Teniente Vidal, Coyhaique Ad.",-45.59083,-72.10222,7.6,11.0
2001-01-18,450005.0,Balmaceda Ad.,-45.91833,-71.67778,19.208333333333332,30.0
2001-01-18,520006.0,"Carlos Ibañez, Punta Arenas Ap.",-53.00167,-70.83861,16.083333333333332,29.0
2001-01-18,530005.0,"Fuentes Martínez, Porvenir Ad.",-53.25361,-70.32611,14.4,17.0
2001-01-18,550001.0,"Guardiamarina Zañartu, Pto Williams Ad.",-54.93167,-67.61556,13.222222222222221,22.0
2001-01-18,950001.0,"C.M.A. Eduardo Frei Montalva, Antártica ",-62.19194,-58.97972,7.153846153846154,14.0
2001-01-19,180005.0,"Chacalluta, Arica Ap.",-18.35555,-70.34028,6.166666666666667,14.0
2001-01-19,200006.0,Diego Aracena Iquique Ap.,-20.54917,-70.18111,7.083333333333333,15.0
2001-01-19,220002.0,"El Loa, Calama Ad.",-22.49806,-68.8925,16.875,25.0
2001-01-19,270001.0,Mataveri  Isla de Pascua Ap.,-27.15889,-109.4325,8.333333333333334,12.0
2001-01-19,290004.0,"La Florida, La Serena Ad.",-29.91444,-71.20667,5.722222222222222,10.0
2001-01-19,330007.0,"Rodelillo, Ad.",-33.06528,-71.55639,8.076923076923077,14.0
2001-01-19,330019.0,"Eulogio Sánchez, Tobalaba Ad.",-33.45528,-70.54861,1.9230769230769231,4.0
2001-01-19,330020.0,"Quinta Normal, Santiago",-33.445,-70.68278,3.8,10.0
2001-01-19,330021.0,Pudahuel Santiago ,-33.37833,-70.78778,6.52,15.0
2001-01-19,330030.0,"Santo Domingo, Ad.",-33.65611,-71.61333,4.625,10.0
2001-01-19,330031.0,"Juan Fernández, Estación Meteorológica.",-33.63583,-78.83305,4.4,8.0
2001-01-19,340031.0,"General Freire, Curicó Ad.",-34.96944,-71.21694,6.555555555555555,9.0
2001-01-19,360011.0,"General Bernardo O'Higgins, Chillán Ad.",-36.58583,-72.03667,4.666666666666667,5.0
2001-01-19,360019.0,"Carriel Sur, Concepción Ap.",-36.78055,-73.06639,7.625,14.0
2001-01-19,370033.0,"María Dolores, Los Angeles Ad.",-37.39694,-72.42389,8.0,11.0
2001-01-19,380013.0,"Maquehue, Temuco Ad.",-38.76778,-72.63194,3.625,11.0
2001-01-19,390006.0,"Pichoy, Valdivia Ad.",-39.65667,-73.08722,3.8,8.0
2001-01-19,400009.0,"Cañal Bajo,  Osorno Ad.",-40.61444,-73.0575,5.785714285714286,9.0
2001-01-19,410005.0,El Tepual  Puerto Montt Ap.,-41.4475,-73.09583,6.0,11.0
2001-01-19,430001.0,Quellón Ad.,-43.13361,-73.63278,5.8,6.0
2001-01-19,430002.0,Futaleufú Ad.,-43.18889,-71.85222,1.0,5.0
2001-01-19,450004.0,"Teniente Vidal, Coyhaique Ad.",-45.59083,-72.10222,6.4,11.0
2001-01-19,450005.0,Balmaceda Ad.,-45.91833,-71.67778,10.666666666666666,21.0
2001-01-19,520006.0,"Carlos Ibañez, Punta Arenas Ap.",-53.00167,-70.83861,20.458333333333332,30.0
2001-01-19,530005.0,"Fuentes Martínez, Porvenir Ad.",-53.25361,-70.32611,13.0,16.0
2001-01-19,550001.0,"Guardiamarina Zañartu, Pto Williams Ad.",-54.93167,-67.61556,5.375,12.0
2001-01-19,950001.0,"C.M.A. Eduardo Frei Montalva, Antártica ",-62.19194,-58.97972,12.0,16.0
2001-01-20,180005.0,"Chacalluta, Arica Ap.",-18.35555,-70.34028,6.208333333333333,13.0
2001-01-20,200006.0,Diego Aracena Iquique Ap.,-20.54917,-70.18111,5.875,12.0
2001-01-20,220002.0,"El Loa, Calama Ad.",-22.49806,-68.8925,14.6,23.0
2001-01-20,270001.0,Mataveri  Isla de Pascua Ap.,-27.15889,-109.4325,10.875,14.0
2001-01-20,290004.0,"La Florida, La Serena Ad.",-29.91444,-71.20667,6.111111111111111,10.0
2001-01-20,330007.0,"Rodelillo, Ad.",-33.06528,-71.55639,8.384615384615385,12.0
2001-01-20,330019.0,"Eulogio Sánchez, Tobalaba Ad.",-33.45528,-70.54861,2.076923076923077,5.0
2001-01-20,330020.0,"Quinta Normal, Santiago",-33.445,-70.68278,5.2,10.0
2001-01-20,330021.0,Pudahuel Santiago ,-33.37833,-70.78778,7.583333333333333,20.0
2001-01-20,330030.0,"Santo Domingo, Ad.",-33.65611,-71.61333,5.571428571428571,10.0
2001-01-20,330031.0,"Juan Fernández, Estación Meteorológica.",-33.63583,-78.83305,1.5,6.0
2001-01-20,340031.0,"General Freire, Curicó Ad.",-34.96944,-71.21694,5.555555555555555,10.0
2001-01-20,360011.0,"General Bernardo O'Higgins, Chillán Ad.",-36.58583,-72.03667,2.6666666666666665,4.0
2001-01-20,360019.0,"Carriel Sur, Concepción Ap.",-36.78055,-73.06639,5.416666666666667,9.0
2001-01-20,370033.0,"María Dolores, Los Angeles Ad.",-37.39694,-72.42389,4.333333333333333,6.0
2001-01-20,380013.0,"Maquehue, Temuco Ad.",-38.76778,-72.63194,4.375,10.0
2001-01-20,390006.0,"Pichoy, Valdivia Ad.",-39.65667,-73.08722,6.4,10.0
2001-01-20,400009.0,"Cañal Bajo,  Osorno Ad.",-40.61444,-73.0575,2.4285714285714284,5.0
2001-01-20,410005.0,El Tepual  Puerto Montt Ap.,-41.4475,-73.09583,2.75,10.0
2001-01-20,430002.0,Futaleufú Ad.,-43.18889,-71.85222,6.4,15.0
2001-01-20,450004.0,"Teniente Vidal, Coyhaique Ad.",-45.59083,-72.10222,7.4,10.0
2001-01-20,450005.0,Balmaceda Ad.,-45.91833,-71.67778,12.75,22.0
2001-01-20,520006.0,"Carlos Ibañez, Punta Arenas Ap.",-53.00167,-70.83861,12.583333333333334,20.0
2001-01-20,530005.0,"Fuentes Martínez, Porvenir Ad.",-53.25361,-70.32611,11.9,20.0
2001-01-20,950001.0,"C.M.A. Eduardo Frei Montalva, Antártica ",-62.19194,-58.97972,14.6,19.0
2001-01-21,180005.0,"Chacalluta, Arica Ap.",-18.35555,-70.34028,4.833333333333333,11.0
2001-01-21,200006.0,Diego Aracena Iquique Ap.,-20.54917,-70.18111,6.083333333333333,12.0
2001-01-21,220002.0,"El Loa, Calama Ad.",-22.49806,-68.8925,16.0,23.0
2001-01-21,270001.0,Mataveri  Isla de Pascua Ap.,-27.15889,-109.4325,10.333333333333334,12.0
2001-01-21,290004.0,"La Florida, La Serena Ad.",-29.91444,-71.20667,6.444444444444445,12.0
2001-01-21,330007.0,"Rodelillo, Ad.",-33.06528,-71.55639,10.0,15.0
2001-01-21,330019.0,"Eulogio Sánchez, Tobalaba Ad.",-33.45528,-70.54861,1.8461538461538463,4.0
2001-01-21,330020.0,"Quinta Normal, Santiago",-33.445,-70.68278,3.6,6.0
2001-01-21,330021.0,Pudahuel Santiago ,-33.37833,-70.78778,5.923076923076923,15.0
2001-01-21,330030.0,"Santo Domingo, Ad.",-33.65611,-71.61333,6.714285714285714,12.0
2001-01-21,330031.0,"Juan Fernández, Estación Meteorológica.",-33.63583,-78.83305,4.25,5.0
2001-01-21,340031.0,"General Freire, Curicó Ad.",-34.96944,-71.21694,5.777777777777778,8.0
2001-01-21,360011.0,"General Bernardo O'Higgins, Chillán Ad.",-36.58583,-72.03667,3.3333333333333335,5.0
2001-01-21,360019.0,"Carriel Sur, Concepción Ap.",-36.78055,-73.06639,6.583333333333333,13.0
2001-01-21,370033.0,"María Dolores, Los Angeles Ad.",-37.39694,-72.42389,1.6666666666666667,3.0
2001-01-21,380013.0,"Maquehue, Temuco Ad.",-38.76778,-72.63194,4.458333333333333,8.0
2001-01-21,390006.0,"Pichoy, Valdivia Ad.",-39.65667,-73.08722,6.8,9.0
2001-01-21,400009.0,"Cañal Bajo,  Osorno Ad.",-40.61444,-73.0575,5.2,12.0
2001-01-21,410005.0,El Tepual  Puerto Montt Ap.,-41.4475,-73.09583,3.6666666666666665,9.0
2001-01-21,430002.0,Futaleufú Ad.,-43.18889,-71.85222,10.4,12.0
2001-01-21,450004.0,"Teniente Vidal, Coyhaique Ad.",-45.59083,-72.10222,5.0,8.0
2001-01-21,450005.0,Balmaceda Ad.,-45.91833,-71.67778,17.083333333333332,27.0
2001-01-21,520006.0,"Carlos Ibañez, Punta Arenas Ap.",-53.00167,-70.83861,9.458333333333334,16.0
2001-01-21,950001.0,"C.M.A. Eduardo Frei Montalva, Antártica ",-62.19194,-58.97972,9.88888888888889,16.0
2001-01-22,180005.0,"Chacalluta, Arica Ap.",-18.35555,-70.34028,4.25,13.0
2001-01-22,200006.0,Diego Aracena Iquique Ap.,-20.54917,-70.18111,6.958333333333333,12.0
2001-01-22,220002.0,"El Loa, Calama Ad.",-22.49806,-68.8925,15.9375,24.0
2001-01-22,270001.0,Mataveri  Isla de Pascua Ap.,-27.15889,-109.4325,7.666666666666667,10.0
2001-01-22,290004.0,"La Florida, La Serena Ad.",-29.91444,-71.20667,6.9411764705882355,13.0
2001-01-22,330007.0,"Rodelillo, Ad.",-33.06528,-71.55639,6.538461538461538,15.0
2001-01-22,330019.0,"Eulogio Sánchez, Tobalaba Ad.",-33.45528,-70.54861,2.230769230769231,5.0
2001-01-22,330020.0,"Quinta Normal, Santiago",-33.445,-70.68278,4.8,12.0
2001-01-22,330021.0,Pudahuel Santiago ,-33.37833,-70.78778,6.6,15.0
2001-01-22,330030.0,"Santo Domingo, Ad.",-33.65611,-71.61333,7.444444444444445,11.0
2001-01-22,330031.0,"Juan Fernández, Estación Meteorológica.",-33.63583,-78.83305,2.4,5.0
2001-01-22,340031.0,"General Freire, Curicó Ad.",-34.96944,-71.21694,7.0,10.0
2001-01-22,360011.0,"General Bernardo O'Higgins, Chillán Ad.",-36.58583,-72.03667,3.6666666666666665,5.0
2001-01-22,360019.0,"Carriel Sur, Concepción Ap.",-36.78055,-73.06639,7.958333333333333,16.0
2001-01-22,370033.0,"María Dolores, Los Angeles Ad.",-37.39694,-72.42389,9.0,12.0
2001-01-22,380013.0,"Maquehue, Temuco Ad.",-38.76778,-72.63194,3.2083333333333335,8.0
2001-01-22,390006.0,"Pichoy, Valdivia Ad.",-39.65667,-73.08722,5.6,8.0
2001-01-22,400009.0,"Cañal Bajo,  Osorno Ad.",-40.61444,-73.0575,7.357142857142857,9.0
2001-01-22,410005.0,El Tepual  Puerto Montt Ap.,-41.4475,-73.09583,8.375,12.0
2001-01-22,430001.0,Quellón Ad.,-43.13361,-73.63278,6.8,10.0
2001-01-22,430002.0,Futaleufú Ad.,-43.18889,-71.85222,16.2,18.0
2001-01-22,450004.0,"Teniente Vidal, Coyhaique Ad.",-45.59083,-72.10222,10.4,16.0
2001-01-22,450005.0,Balmaceda Ad.,-45.91833,-71.67778,21.333333333333332,31.0
2001-01-22,520006.0,"Carlos Ibañez, Punta Arenas Ap.",-53.00167,-70.83861,13.25,24.0
2001-01-22,530005.0,"Fuentes Martínez, Porvenir Ad.",-53.25361,-70.32611,19.6,30.0
2001-01-22,550001.0,"Guardiamarina Zañartu, Pto Williams Ad.",-54.93167,-67.61556,17.555555555555557,24.0
2001-01-22,950001.0,"C.M.A. Eduardo Frei Montalva, Antártica ",-62.19194,-58.97972,11.384615384615385,22.0
2001-01-23,180005.0,"Chacalluta, Arica Ap.",-18.35555,-70.34028,5.041666666666667,13.0
2001-01-23,200006.0,Diego Aracena Iquique Ap.,-20.54917,-70.18111,9.083333333333334,17.0
2001-01-23,220002.0,"El Loa, Calama Ad.",-22.49806,-68.8925,16.375,23.0
2001-01-23,270001.0,Mataveri  Isla de Pascua Ap.,-27.15889,-109.4325,7.0,9.0
2001-01-23,290004.0,"La Florida, La Serena Ad.",-29.91444,-71.20667,5.777777777777778,10.0
2001-01-23,330007.0,"Rodelillo, Ad.",-33.06528,-71.55639,10.076923076923077,14.0
2001-01-23,330019.0,"Eulogio Sánchez, Tobalaba Ad.",-33.45528,-70.54861,1.8461538461538463,3.0
2001-01-23,330020.0,"Quinta Normal, Santiago",-33.445,-70.68278,5.0,8.0
2001-01-23,330021.0,Pudahuel Santiago ,-33.37833,-70.78778,6.541666666666667,14.0
2001-01-23,330030.0,"Santo Domingo, Ad.",-33.65611,-71.61333,7.888888888888889,12.0
2001-01-23,330031.0,"Juan Fernández, Estación Meteorológica.",-33.63583,-78.83305,0.4,2.0
2001-01-23,340031.0,"General Freire, Curicó Ad.",-34.96944,-71.21694,5.222222222222222,8.0
2001-01-23,360011.0,"General Bernardo O'Higgins, Chillán Ad.",-36.58583,-72.03667,5.666666666666667,8.0
2001-01-23,360019.0,"Carriel Sur, Concepción Ap.",-36.78055,-73.06639,7.833333333333333,14.0
2001-01-23,370033.0,"María Dolores, Los Angeles Ad.",-37.39694,-72.42389,8.0,10.0
2001-01-23,380013.0,"Maquehue, Temuco Ad.",-38.76778,-72.63194,3.5416666666666665,8.0
2001-01-23,390006.0,"Pichoy, Valdivia Ad.",-39.65667,-73.08722,6.8,13.0
2001-01-23,400009.0,"Cañal Bajo,  Osorno Ad.",-40.61444,-73.0575,7.071428571428571,15.0
2001-01-23,410005.0,El Tepual  Puerto Montt Ap.,-41.4475,-73.09583,6.208333333333333,10.0
2001-01-23,430001.0,Quellón Ad.,-43.13361,-73.63278,5.9,7.0
2001-01-23,430002.0,Futaleufú Ad.,-43.18889,-71.85222,15.8,18.0
2001-01-23,450004.0,"Teniente Vidal, Coyhaique Ad.",-45.59083,-72.10222,10.6,14.0
2001-01-23,450005.0,Balmaceda Ad.,-45.91833,-71.67778,20.25,28.0
2001-01-23,520006.0,"Carlos Ibañez, Punta Arenas Ap.",-53.00167,-70.83861,12.958333333333334,25.0
2001-01-23,530005.0,"Fuentes Martínez, Porvenir Ad.",-53.25361,-70.32611,16.3,21.0
2001-01-23,550001.0,"Guardiamarina Zañartu, Pto Williams Ad.",-54.93167,-67.61556,7.2,13.0
2001-01-23,950001.0,"C.M.A. Eduardo Frei Montalva, Antártica ",-62.19194,-58.97972,20.333333333333332,25.0
2001-01-24,180005.0,"Chacalluta, Arica Ap.",-18.35555,-70.34028,6.375,16.0
2001-01-24,200006.0,Diego Aracena Iquique Ap.,-20.54917,-70.18111,10.458333333333334,17.0
2001-01-24,220002.0,"El Loa, Calama Ad.",-22.49806,-68.8925,16.2,23.0
2001-01-24,270001.0,Mataveri  Isla de Pascua Ap.,-27.15889,-109.4325,4.5,8.0
2001-01-24,290004.0,"La Florida, La Serena Ad.",-29.91444,-71.20667,6.588235294117647,12.0
2001-01-24,330007.0,"Rodelillo, Ad.",-33.06528,-71.55639,6.461538461538462,11.0
2001-01-24,330019.0,"Eulogio Sánchez, Tobalaba Ad.",-33.45528,-70.54861,1.9230769230769231,4.0
2001-01-24,330020.0,"Quinta Normal, Santiago",-33.445,-70.68278,4.8,10.0
2001-01-24,330021.0,Pudahuel Santiago ,-33.37833,-70.78778,5.56,14.0
2001-01-24,330030.0,"Santo Domingo, Ad.",-33.65611,-71.61333,5.777777777777778,7.0
2001-01-24,330031.0,"Juan Fernández, Estación Meteorológica.",-33.63583,-78.83305,1.6,4.0
2001-01-24,340031.0,"General Freire, Curicó Ad.",-34.96944,-71.21694,4.444444444444445,8.0
2001-01-24,360011.0,"General Bernardo O'Higgins, Chillán Ad.",-36.58583,-72.03667,4.666666666666667,6.0
2001-01-24,360019.0,"Carriel Sur, Concepción Ap.",-36.78055,-73.06639,7.875,15.0
2001-01-24,370033.0,"María Dolores, Los Angeles Ad.",-37.39694,-72.42389,10.666666666666666,13.0
2001-01-24,380013.0,"Maquehue, Temuco Ad.",-38.76778,-72.63194,4.32,10.0
2001-01-24,390006.0,"Pichoy, Valdivia Ad.",-39.65667,-73.08722,4.6,8.0
2001-01-24,400009.0,"Cañal Bajo,  Osorno Ad.",-40.61444,-73.0575,3.5,8.0
2001-01-24,410005.0,El Tepual  Puerto Montt Ap.,-41.4475,-73.09583,3.8333333333333335,10.0
2001-01-24,430001.0,Quellón Ad.,-43.13361,-73.63278,5.3,6.0
2001-01-24,430002.0,Futaleufú Ad.,-43.18889,-71.85222,4.6,8.0
2001-01-24,450004.0,"Teniente Vidal, Coyhaique Ad.",-45.59083,-72.10222,9.8,15.0
2001-01-24,450005.0,Balmaceda Ad.,-45.91833,-71.67778,16.625,24.0
2001-01-24,520006.0,"Carlos Ibañez, Punta Arenas Ap.",-53.00167,-70.83861,15.25,27.0
2001-01-24,530005.0,"Fuentes Martínez, Porvenir Ad.",-53.25361,-70.32611,17.6,23.0
2001-01-24,550001.0,"Guardiamarina Zañartu, Pto Williams Ad.",-54.93167,-67.61556,8.0,13.0
2001-01-24,950001.0,"C.M.A. Eduardo Frei Montalva, Antártica ",-62.19194,-58.97972,12.307692307692308,21.0
2001-01-25,180005.0,"Chacalluta, Arica Ap.",-18.35555,-70.34028,6.416666666666667,14.0
2001-01-25,200006.0,Diego Aracena Iquique Ap.,-20.54917,-70.18111,8.166666666666666,13.0
2001-01-25,220002.0,"El Loa, Calama Ad.",-22.49806,-68.8925,17.25,26.0
2001-01-25,270001.0,Mataveri  Isla de Pascua Ap.,-27.15889,-109.4325,6.285714285714286,11.0
2001-01-25,290004.0,"La Florida, La Serena Ad.",-29.91444,-71.20667,6.111111111111111,11.0
2001-01-25,330007.0,"Rodelillo, Ad.",-33.06528,-71.55639,6.3076923076923075,11.0
2001-01-25,330019.0,"Eulogio Sánchez, Tobalaba Ad.",-33.45528,-70.54861,1.6923076923076923,4.0
2001-01-25,330020.0,"Quinta Normal, Santiago",-33.445,-70.68278,2.6,5.0
2001-01-25,330021.0,Pudahuel Santiago ,-33.37833,-70.78778,5.72,14.0
2001-01-25,330030.0,"Santo Domingo, Ad.",-33.65611,-71.61333,5.222222222222222,10.0
2001-01-25,330031.0,"Juan Fernández, Estación Meteorológica.",-33.63583,-78.83305,4.2,7.0
2001-01-25,340031.0,"General Freire, Curicó Ad.",-34.96944,-71.21694,8.555555555555555,12.0
2001-01-25,360011.0,"General Bernardo O'Higgins, Chillán Ad.",-36.58583,-72.03667,10.0,10.0
2001-01-25,360019.0,"Carriel Sur, Concepción Ap.",-36.78055,-73.06639,10.166666666666666,18.0
2001-01-25,370033.0,"María Dolores, Los Angeles Ad.",-37.39694,-72.42389,13.333333333333334,18.0
2001-01-25,380013.0,"Maquehue, Temuco Ad.",-38.76778,-72.63194,4.791666666666667,11.0
2001-01-25,390006.0,"Pichoy, Valdivia Ad.",-39.65667,-73.08722,4.2,11.0
2001-01-25,400009.0,"Cañal Bajo,  Osorno Ad.",-40.61444,-73.0575,3.357142857142857,8.0
2001-01-25,410005.0,El Tepual  Puerto Montt Ap.,-41.4475,-73.09583,3.8333333333333335,10.0
2001-01-25,430001.0,Quellón Ad.,-43.13361,-73.63278,6.7,10.0
2001-01-25,430002.0,Futaleufú Ad.,-43.18889,-71.85222,11.2,18.0
2001-01-25,450004.0,"Teniente Vidal, Coyhaique Ad.",-45.59083,-72.10222,9.4,14.0
2001-01-25,450005.0,Balmaceda Ad.,-45.91833,-71.67778,21.291666666666668,29.0
2001-01-25,520006.0,"Carlos Ibañez, Punta Arenas Ap.",-53.00167,-70.83861,23.041666666666668,43.0
2001-01-25,530005.0,"Fuentes Martínez, Porvenir Ad.",-53.25361,-70.32611,32.8,40.0
2001-01-25,550001.0,"Guardiamarina Zañartu, Pto Williams Ad.",-54.93167,-67.61556,19.333333333333332,35.0
2001-01-25,950001.0,"C.M.A. Eduardo Frei Montalva, Antártica ",-62.19194,-58.97972,11.285714285714286,17.0
2001-01-26,180005.0,"Chacalluta, Arica Ap.",-18.35555,-70.34028,5.708333333333333,15.0
2001-01-26,200006.0,Diego Aracena Iquique Ap.,-20.54917,-70.18111,7.541666666666667,14.0
2001-01-26,220002.0,"El Loa, Calama Ad.",-22.49806,-68.8925,15.125,23.0
2001-01-26,270001.0,Mataveri  Isla de Pascua Ap.,-27.15889,-109.4325,6.666666666666667,9.0
2001-01-26,290004.0,"La Florida, La Serena Ad.",-29.91444,-71.20667,5.944444444444445,9.0
2001-01-26,330007.0,"Rodelillo, Ad.",-33.06528,-71.55639,6.153846153846154,8.0
2001-01-26,330019.0,"Eulogio Sánchez, Tobalaba Ad.",-33.45528,-70.54861,2.6153846153846154,8.0
2001-01-26,330020.0,"Quinta Normal, Santiago",-33.445,-70.68278,3.0,4.0
2001-01-26,330021.0,Pudahuel Santiago ,-33.37833,-70.78778,6.583333333333333,17.0
2001-01-26,330030.0,"Santo Domingo, Ad.",-33.65611,-71.61333,6.0,9.0
2001-01-26,330031.0,"Juan Fernández, Estación Meteorológica.",-33.63583,-78.83305,5.0,7.0
2001-01-26,340031.0,"General Freire, Curicó Ad.",-34.96944,-71.21694,4.111111111111111,10.0
2001-01-26,360011.0,"General Bernardo O'Higgins, Chillán Ad.",-36.58583,-72.03667,4.666666666666667,7.0
2001-01-26,360019.0,"Carriel Sur, Concepción Ap.",-36.78055,-73.06639,8.666666666666666,14.0
2001-01-26,370033.0,"María Dolores, Los Angeles Ad.",-37.39694,-72.42389,10.333333333333334,12.0
2001-01-26,380013.0,"Maquehue, Temuco Ad.",-38.76778,-72.63194,5.25,11.0
2001-01-26,390006.0,"Pichoy, Valdivia Ad.",-39.65667,-73.08722,6.4,15.0
2001-01-26,400009.0,"Cañal Bajo,  Osorno Ad.",-40.61444,-73.0575,5.857142857142857,12.0
2001-01-26,410005.0,El Tepual  Puerto Montt Ap.,-41.4475,-73.09583,4.5,10.0
2001-01-26,430001.0,Quellón Ad.,-43.13361,-73.63278,5.3,6.0
2001-01-26,430002.0,Futaleufú Ad.,-43.18889,-71.85222,4.8,10.0
2001-01-26,450004.0,"Teniente Vidal, Coyhaique Ad.",-45.59083,-72.10222,8.0,10.0
2001-01-26,450005.0,Balmaceda Ad.,-45.91833,-71.67778,18.666666666666668,28.0
2001-01-26,520006.0,"Carlos Ibañez, Punta Arenas Ap.",-53.00167,-70.83861,12.875,27.0
2001-01-26,530005.0,"Fuentes Martínez, Porvenir Ad.",-53.25361,-70.32611,17.5,22.0
2001-01-26,550001.0,"Guardiamarina Zañartu, Pto Williams Ad.",-54.93167,-67.61556,5.875,11.0
2001-01-26,950001.0,"C.M.A. Eduardo Frei Montalva, Antártica ",-62.19194,-58.97972,24.41176470588235,32.0
2001-01-27,180005.0,"Chacalluta, Arica Ap.",-18.35555,-70.34028,6.083333333333333,15.0
2001-01-27,200006.0,Diego Aracena Iquique Ap.,-20.54917,-70.18111,7.208333333333333,17.0
2001-01-27,220002.0,"El Loa, Calama Ad.",-22.49806,-68.8925,15.933333333333334,25.0
2001-01-27,270001.0,Mataveri  Isla de Pascua Ap.,-27.15889,-109.4325,7.833333333333333,12.0
2001-01-27,290004.0,"La Florida, La Serena Ad.",-29.91444,-71.20667,5.666666666666667,10.0
2001-01-27,330007.0,"Rodelillo, Ad.",-33.06528,-71.55639,7.153846153846154,12.0
2001-01-27,330019.0,"Eulogio Sánchez, Tobalaba Ad.",-33.45528,-70.54861,2.3076923076923075,4.0
2001-01-27,330020.0,"Quinta Normal, Santiago",-33.445,-70.68278,4.0,8.0
2001-01-27,330021.0,Pudahuel Santiago ,-33.37833,-70.78778,8.115384615384615,18.0
2001-01-27,330030.0,"Santo Domingo, Ad.",-33.65611,-71.61333,5.142857142857143,10.0
2001-01-27,330031.0,"Juan Fernández, Estación Meteorológica.",-33.63583,-78.83305,3.0,6.0
2001-01-27,340031.0,"General Freire, Curicó Ad.",-34.96944,-71.21694,5.222222222222222,10.0
2001-01-27,360011.0,"General Bernardo O'Higgins, Chillán Ad.",-36.58583,-72.03667,5.666666666666667,6.0
2001-01-27,360019.0,"Carriel Sur, Concepción Ap.",-36.78055,-73.06639,9.083333333333334,18.0
2001-01-27,370033.0,"María Dolores, Los Angeles Ad.",-37.39694,-72.42389,9.0,12.0
2001-01-27,380013.0,"Maquehue, Temuco Ad.",-38.76778,-72.63194,4.708333333333333,12.0
2001-01-27,390006.0,"Pichoy, Valdivia Ad.",-39.65667,-73.08722,5.2,10.0
2001-01-27,400009.0,"Cañal Bajo,  Osorno Ad.",-40.61444,-73.0575,7.357142857142857,11.0
2001-01-27,410005.0,El Tepual  Puerto Montt Ap.,-41.4475,-73.09583,5.458333333333333,12.0
2001-01-27,430002.0,Futaleufú Ad.,-43.18889,-71.85222,14.4,18.0
2001-01-27,450004.0,"Teniente Vidal, Coyhaique Ad.",-45.59083,-72.10222,8.8,14.0
2001-01-27,450005.0,Balmaceda Ad.,-45.91833,-71.67778,18.166666666666668,26.0
2001-01-27,520006.0,"Carlos Ibañez, Punta Arenas Ap.",-53.00167,-70.83861,15.166666666666666,31.0
2001-01-27,530005.0,"Fuentes Martínez, Porvenir Ad.",-53.25361,-70.32611,21.1,25.0
2001-01-27,950001.0,"C.M.A. Eduardo Frei Montalva, Antártica ",-62.19194,-58.97972,11.4375,20.0
2001-01-28,180005.0,"Chacalluta, Arica Ap.",-18.35555,-70.34028,5.75,14.0
2001-01-28,200006.0,Diego Aracena Iquique Ap.,-20.54917,-70.18111,7.791666666666667,15.0
2001-01-28,220002.0,"El Loa, Calama Ad.",-22.49806,-68.8925,16.583333333333332,23.0
2001-01-28,270001.0,Mataveri  Isla de Pascua Ap.,-27.15889,-109.4325,10.166666666666666,13.0
2001-01-28,290004.0,"La Florida, La Serena Ad.",-29.91444,-71.20667,6.666666666666667,12.0
2001-01-28,330007.0,"Rodelillo, Ad.",-33.06528,-71.55639,8.23076923076923,16.0
2001-01-28,330019.0,"Eulogio Sánchez, Tobalaba Ad.",-33.45528,-70.54861,1.9230769230769231,4.0
2001-01-28,330020.0,"Quinta Normal, Santiago",-33.445,-70.68278,3.8,6.0
2001-01-28,330021.0,Pudahuel Santiago ,-33.37833,-70.78778,6.958333333333333,16.0
2001-01-28,330030.0,"Santo Domingo, Ad.",-33.65611,-71.61333,5.0,11.0
2001-01-28,330031.0,"Juan Fernández, Estación Meteorológica.",-33.63583,-78.83305,2.5,7.0
2001-01-28,340031.0,"General Freire, Curicó Ad.",-34.96944,-71.21694,6.777777777777778,10.0
2001-01-28,360011.0,"General Bernardo O'Higgins, Chillán Ad.",-36.58583,-72.03667,2.6666666666666665,5.0
2001-01-28,360019.0,"Carriel Sur, Concepción Ap.",-36.78055,-73.06639,9.166666666666666,15.0
2001-01-28,370033.0,"María Dolores, Los Angeles Ad.",-37.39694,-72.42389,9.0,12.0
2001-01-28,380013.0,"Maquehue, Temuco Ad.",-38.76778,-72.63194,4.28,11.0
2001-01-28,390006.0,"Pichoy, Valdivia Ad.",-39.65667,-73.08722,5.2,9.0
2001-01-28,400009.0,"Cañal Bajo,  Osorno Ad.",-40.61444,-73.0575,3.7857142857142856,10.0
2001-01-28,410005.0,El Tepual  Puerto Montt Ap.,-41.4475,-73.09583,3.5,8.0
2001-01-28,430002.0,Futaleufú Ad.,-43.18889,-71.85222,9.2,18.0
2001-01-28,450004.0,"Teniente Vidal, Coyhaique Ad.",-45.59083,-72.10222,6.0,10.0
2001-01-28,450005.0,Balmaceda Ad.,-45.91833,-71.67778,19.5,25.0
2001-01-28,520006.0,"Carlos Ibañez, Punta Arenas Ap.",-53.00167,-70.83861,12.375,22.0
2001-01-28,950001.0,"C.M.A. Eduardo Frei Montalva, Antártica ",-62.19194,-58.97972,17.266666666666666,25.0
2001-01-29,180005.0,"Chacalluta, Arica Ap.",-18.35555,-70.34028,4.291666666666667,12.0
2001-01-29,200006.0,Diego Aracena Iquique Ap.,-20.54917,-70.18111,9.166666666666666,15.0
2001-01-29,220002.0,"El Loa, Calama Ad.",-22.49806,-68.8925,13.9375,22.0
2001-01-29,270001.0,Mataveri  Isla de Pascua Ap.,-27.15889,-109.4325,9.333333333333334,11.0
2001-01-29,290004.0,"La Florida, La Serena Ad.",-29.91444,-71.20667,5.444444444444445,10.0
2001-01-29,330007.0,"Rodelillo, Ad.",-33.06528,-71.55639,8.692307692307692,14.0
2001-01-29,330019.0,"Eulogio Sánchez, Tobalaba Ad.",-33.45528,-70.54861,2.230769230769231,4.0
2001-01-29,330020.0,"Quinta Normal, Santiago",-33.445,-70.68278,3.4,8.0
2001-01-29,330021.0,Pudahuel Santiago ,-33.37833,-70.78778,7.166666666666667,17.0
2001-01-29,330030.0,"Santo Domingo, Ad.",-33.65611,-71.61333,6.111111111111111,10.0
2001-01-29,330031.0,"Juan Fernández, Estación Meteorológica.",-33.63583,-78.83305,4.8,8.0
2001-01-29,340031.0,"General Freire, Curicó Ad.",-34.96944,-71.21694,4.222222222222222,9.0
2001-01-29,360011.0,"General Bernardo O'Higgins, Chillán Ad.",-36.58583,-72.03667,3.6666666666666665,4.0
2001-01-29,360019.0,"Carriel Sur, Concepción Ap.",-36.78055,-73.06639,7.75,12.0
2001-01-29,370033.0,"María Dolores, Los Angeles Ad.",-37.39694,-72.42389,9.333333333333334,18.0
2001-01-29,380013.0,"Maquehue, Temuco Ad.",-38.76778,-72.63194,5.916666666666667,12.0
2001-01-29,390006.0,"Pichoy, Valdivia Ad.",-39.65667,-73.08722,9.4,16.0
2001-01-29,400009.0,"Cañal Bajo,  Osorno Ad.",-40.61444,-73.0575,11.857142857142858,16.0
2001-01-29,410005.0,El Tepual  Puerto Montt Ap.,-41.4475,-73.09583,12.333333333333334,27.0
2001-01-29,430001.0,Quellón Ad.,-43.13361,-73.63278,10.0,16.0
2001-01-29,430002.0,Futaleufú Ad.,-43.18889,-71.85222,8.2,13.0
2001-01-29,450004.0,"Teniente Vidal, Coyhaique Ad.",-45.59083,-72.10222,4.0,7.0
2001-01-29,450005.0,Balmaceda Ad.,-45.91833,-71.67778,13.333333333333334,23.0
2001-01-29,520006.0,"Carlos Ibañez, Punta Arenas Ap.",-53.00167,-70.83861,7.833333333333333,21.0
2001-01-29,530005.0,"Fuentes Martínez, Porvenir Ad.",-53.25361,-70.32611,11.0,17.0
2001-01-29,550001.0,"Guardiamarina Zañartu, Pto Williams Ad.",-54.93167,-67.61556,10.666666666666666,18.0
2001-01-29,950001.0,"C.M.A. Eduardo Frei Montalva, Antártica ",-62.19194,-58.97972,14.416666666666666,25.0
2001-01-30,180005.0,"Chacalluta, Arica Ap.",-18.35555,-70.34028,5.208333333333333,12.0
2001-01-30,200006.0,Diego Aracena Iquique Ap.,-20.54917,-70.18111,7.75,14.0
2001-01-30,220002.0,"El Loa, Calama Ad.",-22.49806,-68.8925,14.125,20.0
2001-01-30,270001.0,Mataveri  Isla de Pascua Ap.,-27.15889,-109.4325,6.666666666666667,11.0
2001-01-30,290004.0,"La Florida, La Serena Ad.",-29.91444,-71.20667,6.9411764705882355,13.0
2001-01-30,330007.0,"Rodelillo, Ad.",-33.06528,-71.55639,7.3076923076923075,12.0
2001-01-30,330019.0,"Eulogio Sánchez, Tobalaba Ad.",-33.45528,-70.54861,1.6923076923076923,3.0
2001-01-30,330020.0,"Quinta Normal, Santiago",-33.445,-70.68278,4.4,12.0
2001-01-30,330021.0,Pudahuel Santiago ,-33.37833,-70.78778,6.5,18.0
2001-01-30,330030.0,"Santo Domingo, Ad.",-33.65611,-71.61333,6.888888888888889,10.0
2001-01-30,330031.0,"Juan Fernández, Estación Meteorológica.",-33.63583,-78.83305,6.6,8.0
2001-01-30,340031.0,"General Freire, Curicó Ad.",-34.96944,-71.21694,6.222222222222222,10.0
2001-01-30,360011.0,"General Bernardo O'Higgins, Chillán Ad.",-36.58583,-72.03667,18.666666666666668,22.0
2001-01-30,360019.0,"Carriel Sur, Concepción Ap.",-36.78055,-73.06639,12.958333333333334,24.0
2001-01-30,370033.0,"María Dolores, Los Angeles Ad.",-37.39694,-72.42389,16.333333333333332,20.0
2001-01-30,380013.0,"Maquehue, Temuco Ad.",-38.76778,-72.63194,10.72,17.0
2001-01-30,390006.0,"Pichoy, Valdivia Ad.",-39.65667,-73.08722,14.8,22.0
2001-01-30,400009.0,"Cañal Bajo,  Osorno Ad.",-40.61444,-73.0575,12.0,18.0
2001-01-30,410005.0,El Tepual  Puerto Montt Ap.,-41.4475,-73.09583,12.791666666666666,22.0
2001-01-30,430001.0,Quellón Ad.,-43.13361,-73.63278,10.6,14.0
2001-01-30,430002.0,Futaleufú Ad.,-43.18889,-71.85222,9.8,20.0
2001-01-30,450004.0,"Teniente Vidal, Coyhaique Ad.",-45.59083,-72.10222,5.6,9.0
2001-01-30,450005.0,Balmaceda Ad.,-45.91833,-71.67778,10.541666666666666,29.0
2001-01-30,520006.0,"Carlos Ibañez, Punta Arenas Ap.",-53.00167,-70.83861,7.875,17.0
2001-01-30,530005.0,"Fuentes Martínez, Porvenir Ad.",-53.25361,-70.32611,7.2,12.0
2001-01-30,550001.0,"Guardiamarina Zañartu, Pto Williams Ad.",-54.93167,-67.61556,4.833333333333333,11.0
2001-01-30,950001.0,"C.M.A. Eduardo Frei Montalva, Antártica ",-62.19194,-58.97972,28.666666666666668,41.0
2001-01-31,180005.0,"Chacalluta, Arica Ap.",-18.35555,-70.34028,4.875,11.0
2001-01-31,200006.0,Diego Aracena Iquique Ap.,-20.54917,-70.18111,9.666666666666666,16.0
2001-01-31,220002.0,"El Loa, Calama Ad.",-22.49806,-68.8925,14.8125,26.0
2001-01-31,270001.0,Mataveri  Isla de Pascua Ap.,-27.15889,-109.4325,9.5,13.0
2001-01-31,290004.0,"La Florida, La Serena Ad.",-29.91444,-71.20667,7.333333333333333,14.0
2001-01-31,330007.0,"Rodelillo, Ad.",-33.06528,-71.55639,8.0,12.0
2001-01-31,330019.0,"Eulogio Sánchez, Tobalaba Ad.",-33.45528,-70.54861,1.3076923076923077,2.0
2001-01-31,330020.0,"Quinta Normal, Santiago",-33.445,-70.68278,3.5,6.0
2001-01-31,330021.0,Pudahuel Santiago ,-33.37833,-70.78778,5.28,13.0
2001-01-31,330030.0,"Santo Domingo, Ad.",-33.65611,-71.61333,10.0,15.0
2001-01-31,330031.0,"Juan Fernández, Estación Meteorológica.",-33.63583,-78.83305,5.0,7.0
2001-01-31,340031.0,"General Freire, Curicó Ad.",-34.96944,-71.21694,6.0,12.0
2001-01-31,360011.0,"General Bernardo O'Higgins, Chillán Ad.",-36.58583,-72.03667,6.666666666666667,12.0
2001-01-31,360019.0,"Carriel Sur, Concepción Ap.",-36.78055,-73.06639,7.125,17.0
2001-01-31,370033.0,"María Dolores, Los Angeles Ad.",-37.39694,-72.42389,7.0,11.0
2001-01-31,380013.0,"Maquehue, Temuco Ad.",-38.76778,-72.63194,5.208333333333333,9.0
2001-01-31,390006.0,"Pichoy, Valdivia Ad.",-39.65667,-73.08722,8.6,11.0
2001-01-31,400009.0,"Cañal Bajo,  Osorno Ad.",-40.61444,-73.0575,6.928571428571429,11.0
2001-01-31,410005.0,El Tepual  Puerto Montt Ap.,-41.4475,-73.09583,6.333333333333333,10.0
2001-01-31,430001.0,Quellón Ad.,-43.13361,-73.63278,6.2,8.0
2001-01-31,430002.0,Futaleufú Ad.,-43.18889,-71.85222,16.6,23.0
2001-01-31,450004.0,"Teniente Vidal, Coyhaique Ad.",-45.59083,-72.10222,5.4,9.0
2001-01-31,450005.0,Balmaceda Ad.,-45.91833,-71.67778,19.291666666666668,23.0
2001-01-31,520006.0,"Carlos Ibañez, Punta Arenas Ap.",-53.00167,-70.83861,11.5,18.0
2001-01-31,530005.0,"Fuentes Martínez, Porvenir Ad.",-53.25361,-70.32611,9.7,18.0
2001-01-31,950001.0,"C.M.A. Eduardo Frei Montalva, Antártica ",-62.19194,-58.97972,29.23076923076923,35.0
2001-02-01,180005.0,"Chacalluta, Arica Ap.",-18.35555,-70.34028,6.125,15.0
2001-02-01,200006.0,Diego Aracena Iquique Ap.,-20.54917,-70.18111,10.041666666666666,15.0
2001-02-01,220002.0,"El Loa, Calama Ad.",-22.49806,-68.8925,17.125,26.0
2001-02-01,270001.0,Mataveri  Isla de Pascua Ap.,-27.15889,-109.4325,6.166666666666667,10.0
2001-02-01,290004.0,"La Florida, La Serena Ad.",-29.91444,-71.20667,7.388888888888889,12.0
2001-02-01,330007.0,"Rodelillo, Ad.",-33.06528,-71.55639,8.307692307692308,12.0
2001-02-01,330019.0,"Eulogio Sánchez, Tobalaba Ad.",-33.45528,-70.54861,1.6923076923076923,3.0
2001-02-01,330020.0,"Quinta Normal, Santiago",-33.445,-70.68278,2.6,8.0
2001-02-01,330021.0,Pudahuel Santiago ,-33.37833,-70.78778,6.333333333333333,16.0
2001-02-01,330030.0,"Santo Domingo, Ad.",-33.65611,-71.61333,9.384615384615385,16.0
2001-02-01,330031.0,"Juan Fernández, Estación Meteorológica.",-33.63583,-78.83305,6.8,8.0
2001-02-01,340031.0,"General Freire, Curicó Ad.",-34.96944,-71.21694,8.555555555555555,13.0
2001-02-01,360011.0,"General Bernardo O'Higgins, Chillán Ad.",-36.58583,-72.03667,7.0,10.0
2001-02-01,360019.0,"Carriel Sur, Concepción Ap.",-36.78055,-73.06639,7.916666666666667,14.0
2001-02-01,370033.0,"María Dolores, Los Angeles Ad.",-37.39694,-72.42389,5.333333333333333,8.0
2001-02-01,380013.0,"Maquehue, Temuco Ad.",-38.76778,-72.63194,4.541666666666667,12.0
2001-02-01,390006.0,"Pichoy, Valdivia Ad.",-39.65667,-73.08722,8.2,13.0
2001-02-01,400009.0,"Cañal Bajo,  Osorno Ad.",-40.61444,-73.0575,8.785714285714286,12.0
2001-02-01,410005.0,El Tepual  Puerto Montt Ap.,-41.4475,-73.09583,9.916666666666666,15.0
2001-02-01,430001.0,Quellón Ad.,-43.13361,-73.63278,7.2,12.0
2001-02-01,430002.0,Futaleufú Ad.,-43.18889,-71.85222,6.8,18.0
2001-02-01,450004.0,"Teniente Vidal, Coyhaique Ad.",-45.59083,-72.10222,9.8,13.0
2001-02-01,450005.0,Balmaceda Ad.,-45.91833,-71.67778,24.291666666666668,32.0
2001-02-01,520006.0,"Carlos Ibañez, Punta Arenas Ap.",-53.00167,-70.83861,11.5,20.0
2001-02-01,530005.0,"Fuentes Martínez, Porvenir Ad.",-53.25361,-70.32611,16.7,34.0
2001-02-01,550001.0,"Guardiamarina Zañartu, Pto Williams Ad.",-54.93167,-67.61556,7.0,11.0
2001-02-01,950001.0,"C.M.A. Eduardo Frei Montalva, Antártica ",-62.19194,-58.97972,6.95,16.0
2001-02-02,180005.0,"Chacalluta, Arica Ap.",-18.35555,-70.34028,5.208333333333333,13.0
2001-02-02,200006.0,Diego Aracena Iquique Ap.,-20.54917,-70.18111,8.0,12.0
2001-02-02,220002.0,"El Loa, Calama Ad.",-22.49806,-68.8925,15.6875,25.0
2001-02-02,270001.0,Mataveri  Isla de Pascua Ap.,-27.15889,-109.4325,6.5,11.0
2001-02-02,290004.0,"La Florida, La Serena Ad.",-29.91444,-71.20667,7.388888888888889,14.0
2001-02-02,330007.0,"Rodelillo, Ad.",-33.06528,-71.55639,10.76923076923077,18.0
2001-02-02,330019.0,"Eulogio Sánchez, Tobalaba Ad.",-33.45528,-70.54861,1.3076923076923077,4.0
2001-02-02,330020.0,"Quinta Normal, Santiago",-33.445,-70.68278,3.6,6.0
2001-02-02,330021.0,Pudahuel Santiago ,-33.37833,-70.78778,5.833333333333333,15.0
2001-02-02,330030.0,"Santo Domingo, Ad.",-33.65611,-71.61333,7.923076923076923,18.0
2001-02-02,330031.0,"Juan Fernández, Estación Meteorológica.",-33.63583,-78.83305,8.2,10.0
2001-02-02,340031.0,"General Freire, Curicó Ad.",-34.96944,-71.21694,11.555555555555555,15.0
2001-02-02,360011.0,"General Bernardo O'Higgins, Chillán Ad.",-36.58583,-72.03667,11.333333333333334,12.0
2001-02-02,360019.0,"Carriel Sur, Concepción Ap.",-36.78055,-73.06639,10.541666666666666,21.0
2001-02-02,370033.0,"María Dolores, Los Angeles Ad.",-37.39694,-72.42389,10.666666666666666,13.0
2001-02-02,380013.0,"Maquehue, Temuco Ad.",-38.76778,-72.63194,4.958333333333333,12.0
2001-02-02,390006.0,"Pichoy, Valdivia Ad.",-39.65667,-73.08722,6.0,13.0
2001-02-02,400009.0,"Cañal Bajo,  Osorno Ad.",-40.61444,-73.0575,4.571428571428571,12.0
2001-02-02,410005.0,El Tepual  Puerto Montt Ap.,-41.4475,-73.09583,3.5,10.0
2001-02-02,430001.0,Quellón Ad.,-43.13361,-73.63278,7.1,10.0
2001-02-02,430002.0,Futaleufú Ad.,-43.18889,-71.85222,11.2,14.0
2001-02-02,450004.0,"Teniente Vidal, Coyhaique Ad.",-45.59083,-72.10222,7.8,11.0
2001-02-02,450005.0,Balmaceda Ad.,-45.91833,-71.67778,18.708333333333332,28.0
2001-02-02,520006.0,"Carlos Ibañez, Punta Arenas Ap.",-53.00167,-70.83861,15.541666666666666,22.0
2001-02-02,530005.0,"Fuentes Martínez, Porvenir Ad.",-53.25361,-70.32611,20.3,28.0
2001-02-02,550001.0,"Guardiamarina Zañartu, Pto Williams Ad.",-54.93167,-67.61556,17.125,24.0
2001-02-02,950001.0,"C.M.A. Eduardo Frei Montalva, Antártica ",-62.19194,-58.97972,18.846153846153847,34.0
2001-02-03,180005.0,"Chacalluta, Arica Ap.",-18.35555,-70.34028,4.88,17.0
2001-02-03,200006.0,Diego Aracena Iquique Ap.,-20.54917,-70.18111,9.416666666666666,17.0
2001-02-03,220002.0,"El Loa, Calama Ad.",-22.49806,-68.8925,12.125,20.0
2001-02-03,270001.0,Mataveri  Isla de Pascua Ap.,-27.15889,-109.4325,3.8333333333333335,7.0
2001-02-03,290004.0,"La Florida, La Serena Ad.",-29.91444,-71.20667,5.882352941176471,13.0
2001-02-03,330007.0,"Rodelillo, Ad.",-33.06528,-71.55639,5.923076923076923,14.0
2001-02-03,330019.0,"Eulogio Sánchez, Tobalaba Ad.",-33.45528,-70.54861,1.7692307692307692,4.0
2001-02-03,330020.0,"Quinta Normal, Santiago",-33.445,-70.68278,4.0,8.0
2001-02-03,330021.0,Pudahuel Santiago ,-33.37833,-70.78778,5.916666666666667,16.0
2001-02-03,330030.0,"Santo Domingo, Ad.",-33.65611,-71.61333,5.571428571428571,10.0
2001-02-03,330031.0,"Juan Fernández, Estación Meteorológica.",-33.63583,-78.83305,16.75,20.0
2001-02-03,340031.0,"General Freire, Curicó Ad.",-34.96944,-71.21694,6.555555555555555,12.0
2001-02-03,360011.0,"General Bernardo O'Higgins, Chillán Ad.",-36.58583,-72.03667,16.333333333333332,19.0
2001-02-03,360019.0,"Carriel Sur, Concepción Ap.",-36.78055,-73.06639,13.208333333333334,21.0
2001-02-03,370033.0,"María Dolores, Los Angeles Ad.",-37.39694,-72.42389,20.666666666666668,24.0
2001-02-03,380013.0,"Maquehue, Temuco Ad.",-38.76778,-72.63194,4.458333333333333,11.0
2001-02-03,390006.0,"Pichoy, Valdivia Ad.",-39.65667,-73.08722,5.4,9.0
2001-02-03,400009.0,"Cañal Bajo,  Osorno Ad.",-40.61444,-73.0575,3.857142857142857,10.0
2001-02-03,410005.0,El Tepual  Puerto Montt Ap.,-41.4475,-73.09583,6.833333333333333,13.0
2001-02-03,430002.0,Futaleufú Ad.,-43.18889,-71.85222,12.2,18.0
2001-02-03,450004.0,"Teniente Vidal, Coyhaique Ad.",-45.59083,-72.10222,6.2,12.0
2001-02-03,450005.0,Balmaceda Ad.,-45.91833,-71.67778,19.583333333333332,29.0
2001-02-03,520006.0,"Carlos Ibañez, Punta Arenas Ap.",-53.00167,-70.83861,9.666666666666666,16.0
2001-02-03,530005.0,"Fuentes Martínez, Porvenir Ad.",-53.25361,-70.32611,11.2,14.0
2001-02-03,950001.0,"C.M.A. Eduardo Frei Montalva, Antártica ",-62.19194,-58.97972,36.27272727272727,47.0
2001-02-04,180005.0,"Chacalluta, Arica Ap.",-18.35555,-70.34028,4.75,13.0
2001-02-04,200006.0,Diego Aracena Iquique Ap.,-20.54917,-70.18111,8.791666666666666,15.0
2001-02-04,220002.0,"El Loa, Calama Ad.",-22.49806,-68.8925,13.666666666666666,22.0
2001-02-04,270001.0,Mataveri  Isla de Pascua Ap.,-27.15889,-109.4325,6.166666666666667,11.0
2001-02-04,290004.0,"La Florida, La Serena Ad.",-29.91444,-71.20667,6.166666666666667,12.0
2001-02-04,330007.0,"Rodelillo, Ad.",-33.06528,-71.55639,6.846153846153846,12.0
2001-02-04,330019.0,"Eulogio Sánchez, Tobalaba Ad.",-33.45528,-70.54861,1.6923076923076923,3.0
2001-02-04,330020.0,"Quinta Normal, Santiago",-33.445,-70.68278,3.6,8.0
2001-02-04,330021.0,Pudahuel Santiago ,-33.37833,-70.78778,5.875,13.0
2001-02-04,330030.0,"Santo Domingo, Ad.",-33.65611,-71.61333,4.714285714285714,9.0
2001-02-04,330031.0,"Juan Fernández, Estación Meteorológica.",-33.63583,-78.83305,11.5,20.0
2001-02-04,340031.0,"General Freire, Curicó Ad.",-34.96944,-71.21694,3.7777777777777777,6.0
2001-02-04,360011.0,"General Bernardo O'Higgins, Chillán Ad.",-36.58583,-72.03667,1.6666666666666667,3.0
2001-02-04,360019.0,"Carriel Sur, Concepción Ap.",-36.78055,-73.06639,5.875,14.0
2001-02-04,370033.0,"María Dolores, Los Angeles Ad.",-37.39694,-72.42389,5.333333333333333,8.0
2001-02-04,380013.0,"Maquehue, Temuco Ad.",-38.76778,-72.63194,5.04,13.0
2001-02-04,390006.0,"Pichoy, Valdivia Ad.",-39.65667,-73.08722,5.0,11.0
2001-02-04,400009.0,"Cañal Bajo,  Osorno Ad.",-40.61444,-73.0575,3.8666666666666667,9.0
2001-02-04,410005.0,El Tepual  Puerto Montt Ap.,-41.4475,-73.09583,3.25,9.0
2001-02-04,430002.0,Futaleufú Ad.,-43.18889,-71.85222,13.6,20.0
2001-02-04,450004.0,"Teniente Vidal, Coyhaique Ad.",-45.59083,-72.10222,15.8,23.0
2001-02-04,450005.0,Balmaceda Ad.,-45.91833,-71.67778,23.833333333333332,35.0
2001-02-04,520006.0,"Carlos Ibañez, Punta Arenas Ap.",-53.00167,-70.83861,13.75,35.0
2001-02-04,950001.0,"C.M.A. Eduardo Frei Montalva, Antártica ",-62.19194,-58.97972,31.545454545454547,43.0
2001-02-05,180005.0,"Chacalluta, Arica Ap.",-18.35555,-70.34028,5.375,17.0
2001-02-05,200006.0,Diego Aracena Iquique Ap.,-20.54917,-70.18111,9.25,19.0
2001-02-05,220002.0,"El Loa, Calama Ad.",-22.49806,-68.8925,15.0625,23.0
2001-02-05,270001.0,Mataveri  Isla de Pascua Ap.,-27.15889,-109.4325,12.5,15.0
2001-02-05,290004.0,"La Florida, La Serena Ad.",-29.91444,-71.20667,6.611111111111111,12.0
2001-02-05,330007.0,"Rodelillo, Ad.",-33.06528,-71.55639,4.538461538461538,7.0
2001-02-05,330019.0,"Eulogio Sánchez, Tobalaba Ad.",-33.45528,-70.54861,1.6923076923076923,3.0
2001-02-05,330020.0,"Quinta Normal, Santiago",-33.445,-70.68278,0.8,4.0
2001-02-05,330021.0,Pudahuel Santiago ,-33.37833,-70.78778,6.208333333333333,14.0
2001-02-05,330030.0,"Santo Domingo, Ad.",-33.65611,-71.61333,5.153846153846154,8.0
2001-02-05,330031.0,"Juan Fernández, Estación Meteorológica.",-33.63583,-78.83305,7.0,8.0
2001-02-05,340031.0,"General Freire, Curicó Ad.",-34.96944,-71.21694,8.555555555555555,12.0
2001-02-05,360011.0,"General Bernardo O'Higgins, Chillán Ad.",-36.58583,-72.03667,6.666666666666667,9.0
2001-02-05,360019.0,"Carriel Sur, Concepción Ap.",-36.78055,-73.06639,7.416666666666667,17.0
2001-02-05,370033.0,"María Dolores, Los Angeles Ad.",-37.39694,-72.42389,6.0,8.0
2001-02-05,380013.0,"Maquehue, Temuco Ad.",-38.76778,-72.63194,5.16,10.0
2001-02-05,390006.0,"Pichoy, Valdivia Ad.",-39.65667,-73.08722,4.8,8.0
2001-02-05,400009.0,"Cañal Bajo,  Osorno Ad.",-40.61444,-73.0575,4.142857142857143,11.0
2001-02-05,410005.0,El Tepual  Puerto Montt Ap.,-41.4475,-73.09583,4.625,8.0
2001-02-05,430001.0,Quellón Ad.,-43.13361,-73.63278,7.0,10.0
2001-02-05,430002.0,Futaleufú Ad.,-43.18889,-71.85222,10.8,14.0
2001-02-05,450004.0,"Teniente Vidal, Coyhaique Ad.",-45.59083,-72.10222,9.4,14.0
2001-02-05,450005.0,Balmaceda Ad.,-45.91833,-71.67778,20.041666666666668,28.0
2001-02-05,520006.0,"Carlos Ibañez, Punta Arenas Ap.",-53.00167,-70.83861,17.833333333333332,23.0
2001-02-05,530005.0,"Fuentes Martínez, Porvenir Ad.",-53.25361,-70.32611,17.6,21.0
2001-02-05,550001.0,"Guardiamarina Zañartu, Pto Williams Ad.",-54.93167,-67.61556,12.88888888888889,18.0
2001-02-05,950001.0,"C.M.A. Eduardo Frei Montalva, Antártica ",-62.19194,-58.97972,28.5,37.0
2001-02-06,180005.0,"Chacalluta, Arica Ap.",-18.35555,-70.34028,4.958333333333333,11.0
2001-02-06,200006.0,Diego Aracena Iquique Ap.,-20.54917,-70.18111,7.916666666666667,15.0
2001-02-06,220002.0,"El Loa, Calama Ad.",-22.49806,-68.8925,15.8125,28.0
2001-02-06,270001.0,Mataveri  Isla de Pascua Ap.,-27.15889,-109.4325,12.666666666666666,15.0
2001-02-06,290004.0,"La Florida, La Serena Ad.",-29.91444,-71.20667,6.611111111111111,10.0
2001-02-06,330007.0,"Rodelillo, Ad.",-33.06528,-71.55639,9.461538461538462,18.0
2001-02-06,330019.0,"Eulogio Sánchez, Tobalaba Ad.",-33.45528,-70.54861,1.7692307692307692,3.0
2001-02-06,330020.0,"Quinta Normal, Santiago",-33.445,-70.68278,3.6,8.0
2001-02-06,330021.0,Pudahuel Santiago ,-33.37833,-70.78778,5.291666666666667,13.0
2001-02-06,330030.0,"Santo Domingo, Ad.",-33.65611,-71.61333,5.857142857142857,10.0
2001-02-06,330031.0,"Juan Fernández, Estación Meteorológica.",-33.63583,-78.83305,4.0,6.0
2001-02-06,340031.0,"General Freire, Curicó Ad.",-34.96944,-71.21694,8.222222222222221,12.0
2001-02-06,360011.0,"General Bernardo O'Higgins, Chillán Ad.",-36.58583,-72.03667,10.666666666666666,13.0
2001-02-06,360019.0,"Carriel Sur, Concepción Ap.",-36.78055,-73.06639,9.625,18.0
2001-02-06,370033.0,"María Dolores, Los Angeles Ad.",-37.39694,-72.42389,12.0,13.0
2001-02-06,380013.0,"Maquehue, Temuco Ad.",-38.76778,-72.63194,3.9583333333333335,10.0
2001-02-06,390006.0,"Pichoy, Valdivia Ad.",-39.65667,-73.08722,5.4,10.0
2001-02-06,400009.0,"Cañal Bajo,  Osorno Ad.",-40.61444,-73.0575,6.785714285714286,10.0
2001-02-06,410005.0,El Tepual  Puerto Montt Ap.,-41.4475,-73.09583,4.916666666666667,12.0
2001-02-06,430001.0,Quellón Ad.,-43.13361,-73.63278,6.3,8.0
2001-02-06,430002.0,Futaleufú Ad.,-43.18889,-71.85222,12.2,18.0
2001-02-06,450004.0,"Teniente Vidal, Coyhaique Ad.",-45.59083,-72.10222,7.0,10.0
2001-02-06,450005.0,Balmaceda Ad.,-45.91833,-71.67778,20.875,29.0
2001-02-06,520006.0,"Carlos Ibañez, Punta Arenas Ap.",-53.00167,-70.83861,17.166666666666668,27.0
2001-02-06,530005.0,"Fuentes Martínez, Porvenir Ad.",-53.25361,-70.32611,15.2,24.0
2001-02-06,550001.0,"Guardiamarina Zañartu, Pto Williams Ad.",-54.93167,-67.61556,8.0,17.0
2001-02-06,950001.0,"C.M.A. Eduardo Frei Montalva, Antártica ",-62.19194,-58.97972,25.8,38.0
2001-02-07,180005.0,"Chacalluta, Arica Ap.",-18.35555,-70.34028,4.541666666666667,12.0
2001-02-07,200006.0,Diego Aracena Iquique Ap.,-20.54917,-70.18111,7.041666666666667,16.0
2001-02-07,220002.0,"El Loa, Calama Ad.",-22.49806,-68.8925,17.0625,25.0
2001-02-07,270001.0,Mataveri  Isla de Pascua Ap.,-27.15889,-109.4325,13.0,17.0
2001-02-07,290004.0,"La Florida, La Serena Ad.",-29.91444,-71.20667,5.0,8.0
2001-02-07,330007.0,"Rodelillo, Ad.",-33.06528,-71.55639,5.6923076923076925,10.0
2001-02-07,330019.0,"Eulogio Sánchez, Tobalaba Ad.",-33.45528,-70.54861,1.8461538461538463,3.0
2001-02-07,330020.0,"Quinta Normal, Santiago",-33.445,-70.68278,2.0,8.0
2001-02-07,330021.0,Pudahuel Santiago ,-33.37833,-70.78778,5.208333333333333,14.0
2001-02-07,330030.0,"Santo Domingo, Ad.",-33.65611,-71.61333,6.071428571428571,10.0
2001-02-07,330031.0,"Juan Fernández, Estación Meteorológica.",-33.63583,-78.83305,3.8,5.0
2001-02-07,340031.0,"General Freire, Curicó Ad.",-34.96944,-71.21694,7.111111111111111,12.0
2001-02-07,360011.0,"General Bernardo O'Higgins, Chillán Ad.",-36.58583,-72.03667,6.0,9.0
2001-02-07,360019.0,"Carriel Sur, Concepción Ap.",-36.78055,-73.06639,7.875,15.0
2001-02-07,370033.0,"María Dolores, Los Angeles Ad.",-37.39694,-72.42389,10.333333333333334,15.0
2001-02-07,380013.0,"Maquehue, Temuco Ad.",-38.76778,-72.63194,4.28,12.0
2001-02-07,390006.0,"Pichoy, Valdivia Ad.",-39.65667,-73.08722,3.6,8.0
2001-02-07,400009.0,"Cañal Bajo,  Osorno Ad.",-40.61444,-73.0575,5.571428571428571,9.0
2001-02-07,410005.0,El Tepual  Puerto Montt Ap.,-41.4475,-73.09583,3.875,12.0
2001-02-07,430001.0,Quellón Ad.,-43.13361,-73.63278,3.3,6.0
2001-02-07,430002.0,Futaleufú Ad.,-43.18889,-71.85222,6.0,15.0
2001-02-07,450004.0,"Teniente Vidal, Coyhaique Ad.",-45.59083,-72.10222,12.6,15.0
2001-02-07,450005.0,Balmaceda Ad.,-45.91833,-71.67778,21.416666666666668,30.0
2001-02-07,520006.0,"Carlos Ibañez, Punta Arenas Ap.",-53.00167,-70.83861,12.083333333333334,21.0
2001-02-07,530005.0,"Fuentes Martínez, Porvenir Ad.",-53.25361,-70.32611,13.9,22.0
2001-02-07,550001.0,"Guardiamarina Zañartu, Pto Williams Ad.",-54.93167,-67.61556,6.111111111111111,13.0
2001-02-07,950001.0,"C.M.A. Eduardo Frei Montalva, Antártica ",-62.19194,-58.97972,20.333333333333332,35.0
2001-02-08,180005.0,"Chacalluta, Arica Ap.",-18.35555,-70.34028,4.583333333333333,12.0
2001-02-08,200006.0,Diego Aracena Iquique Ap.,-20.54917,-70.18111,7.375,14.0
2001-02-08,220002.0,"El Loa, Calama Ad.",-22.49806,-68.8925,18.125,26.0
2001-02-08,270001.0,Mataveri  Isla de Pascua Ap.,-27.15889,-109.4325,11.5,16.0
2001-02-08,290004.0,"La Florida, La Serena Ad.",-29.91444,-71.20667,5.611111111111111,11.0
2001-02-08,330007.0,"Rodelillo, Ad.",-33.06528,-71.55639,7.3076923076923075,14.0
2001-02-08,330019.0,"Eulogio Sánchez, Tobalaba Ad.",-33.45528,-70.54861,1.4615384615384615,3.0
2001-02-08,330020.0,"Quinta Normal, Santiago",-33.445,-70.68278,4.4,10.0
2001-02-08,330021.0,Pudahuel Santiago ,-33.37833,-70.78778,5.416666666666667,13.0
2001-02-08,330030.0,"Santo Domingo, Ad.",-33.65611,-71.61333,5.285714285714286,10.0
2001-02-08,330031.0,"Juan Fernández, Estación Meteorológica.",-33.63583,-78.83305,2.4,5.0
2001-02-08,340031.0,"General Freire, Curicó Ad.",-34.96944,-71.21694,7.333333333333333,11.0
2001-02-08,360011.0,"General Bernardo O'Higgins, Chillán Ad.",-36.58583,-72.03667,4.0,6.0
2001-02-08,360019.0,"Carriel Sur, Concepción Ap.",-36.78055,-73.06639,7.375,13.0
2001-02-08,370033.0,"María Dolores, Los Angeles Ad.",-37.39694,-72.42389,8.666666666666666,12.0
2001-02-08,380013.0,"Maquehue, Temuco Ad.",-38.76778,-72.63194,3.125,10.0
2001-02-08,390006.0,"Pichoy, Valdivia Ad.",-39.65667,-73.08722,3.6,10.0
2001-02-08,400009.0,"Cañal Bajo,  Osorno Ad.",-40.61444,-73.0575,3.5,7.0
2001-02-08,410005.0,El Tepual  Puerto Montt Ap.,-41.4475,-73.09583,2.2916666666666665,6.0
2001-02-08,430001.0,Quellón Ad.,-43.13361,-73.63278,7.4,10.0
2001-02-08,430002.0,Futaleufú Ad.,-43.18889,-71.85222,6.6,10.0
2001-02-08,450004.0,"Teniente Vidal, Coyhaique Ad.",-45.59083,-72.10222,8.0,13.0
2001-02-08,450005.0,Balmaceda Ad.,-45.91833,-71.67778,17.875,26.0
2001-02-08,520006.0,"Carlos Ibañez, Punta Arenas Ap.",-53.00167,-70.83861,7.625,14.0
2001-02-08,530005.0,"Fuentes Martínez, Porvenir Ad.",-53.25361,-70.32611,11.6,18.0
2001-02-08,550001.0,"Guardiamarina Zañartu, Pto Williams Ad.",-54.93167,-67.61556,5.888888888888889,12.0
2001-02-08,950001.0,"C.M.A. Eduardo Frei Montalva, Antártica ",-62.19194,-58.97972,24.375,33.0
2001-02-09,180005.0,"Chacalluta, Arica Ap.",-18.35555,-70.34028,4.583333333333333,13.0
2001-02-09,200006.0,Diego Aracena Iquique Ap.,-20.54917,-70.18111,8.458333333333334,15.0
2001-02-09,220002.0,"El Loa, Calama Ad.",-22.49806,-68.8925,13.875,24.0
2001-02-09,270001.0,Mataveri  Isla de Pascua Ap.,-27.15889,-109.4325,13.333333333333334,16.0
2001-02-09,290004.0,"La Florida, La Serena Ad.",-29.91444,-71.20667,5.944444444444445,10.0
2001-02-09,330007.0,"Rodelillo, Ad.",-33.06528,-71.55639,9.0,14.0
2001-02-09,330019.0,"Eulogio Sánchez, Tobalaba Ad.",-33.45528,-70.54861,1.3846153846153846,4.0
2001-02-09,330020.0,"Quinta Normal, Santiago",-33.445,-70.68278,3.6,10.0
2001-02-09,330021.0,Pudahuel Santiago ,-33.37833,-70.78778,6.25,18.0
2001-02-09,330030.0,"Santo Domingo, Ad.",-33.65611,-71.61333,8.071428571428571,14.0
2001-02-09,330031.0,"Juan Fernández, Estación Meteorológica.",-33.63583,-78.83305,8.8,12.0
2001-02-09,340031.0,"General Freire, Curicó Ad.",-34.96944,-71.21694,3.7777777777777777,5.0
2001-02-09,360011.0,"General Bernardo O'Higgins, Chillán Ad.",-36.58583,-72.03667,7.333333333333333,10.0
2001-02-09,360019.0,"Carriel Sur, Concepción Ap.",-36.78055,-73.06639,6.416666666666667,13.0
2001-02-09,370033.0,"María Dolores, Los Angeles Ad.",-37.39694,-72.42389,5.666666666666667,8.0
2001-02-09,380013.0,"Maquehue, Temuco Ad.",-38.76778,-72.63194,6.541666666666667,13.0
2001-02-09,390006.0,"Pichoy, Valdivia Ad.",-39.65667,-73.08722,9.4,16.0
2001-02-09,400009.0,"Cañal Bajo,  Osorno Ad.",-40.61444,-73.0575,9.214285714285714,16.0
2001-02-09,410005.0,El Tepual  Puerto Montt Ap.,-41.4475,-73.09583,7.916666666666667,16.0
2001-02-09,430001.0,Quellón Ad.,-43.13361,-73.63278,7.9,12.0
2001-02-09,430002.0,Futaleufú Ad.,-43.18889,-71.85222,11.6,16.0
2001-02-09,450004.0,"Teniente Vidal, Coyhaique Ad.",-45.59083,-72.10222,9.8,20.0
2001-02-09,450005.0,Balmaceda Ad.,-45.91833,-71.67778,15.708333333333334,25.0
2001-02-09,520006.0,"Carlos Ibañez, Punta Arenas Ap.",-53.00167,-70.83861,9.125,22.0
2001-02-09,530005.0,"Fuentes Martínez, Porvenir Ad.",-53.25361,-70.32611,11.4,20.0
2001-02-09,550001.0,"Guardiamarina Zañartu, Pto Williams Ad.",-54.93167,-67.61556,7.875,15.0
2001-02-09,950001.0,"C.M.A. Eduardo Frei Montalva, Antártica ",-62.19194,-58.97972,11.235294117647058,16.0
2001-02-10,180005.0,"Chacalluta, Arica Ap.",-18.35555,-70.34028,5.625,14.0
2001-02-10,200006.0,Diego Aracena Iquique Ap.,-20.54917,-70.18111,6.291666666666667,12.0
2001-02-10,220002.0,"El Loa, Calama Ad.",-22.49806,-68.8925,14.2,25.0
2001-02-10,270001.0,Mataveri  Isla de Pascua Ap.,-27.15889,-109.4325,15.0,20.0
2001-02-10,290004.0,"La Florida, La Serena Ad.",-29.91444,-71.20667,7.222222222222222,12.0
2001-02-10,330007.0,"Rodelillo, Ad.",-33.06528,-71.55639,13.153846153846153,18.0
2001-02-10,330019.0,"Eulogio Sánchez, Tobalaba Ad.",-33.45528,-70.54861,1.3846153846153846,3.0
2001-02-10,330020.0,"Quinta Normal, Santiago",-33.445,-70.68278,5.6,10.0
2001-02-10,330021.0,Pudahuel Santiago ,-33.37833,-70.78778,5.0,12.0
2001-02-10,330030.0,"Santo Domingo, Ad.",-33.65611,-71.61333,9.928571428571429,17.0
2001-02-10,330031.0,"Juan Fernández, Estación Meteorológica.",-33.63583,-78.83305,6.75,10.0
2001-02-10,340031.0,"General Freire, Curicó Ad.",-34.96944,-71.21694,11.11111111111111,15.0
2001-02-10,360011.0,"General Bernardo O'Higgins, Chillán Ad.",-36.58583,-72.03667,14.333333333333334,18.0
2001-02-10,360019.0,"Carriel Sur, Concepción Ap.",-36.78055,-73.06639,10.208333333333334,20.0
2001-02-10,370033.0,"María Dolores, Los Angeles Ad.",-37.39694,-72.42389,14.333333333333334,15.0
2001-02-10,380013.0,"Maquehue, Temuco Ad.",-38.76778,-72.63194,4.416666666666667,11.0
2001-02-10,390006.0,"Pichoy, Valdivia Ad.",-39.65667,-73.08722,5.4,10.0
2001-02-10,400009.0,"Cañal Bajo,  Osorno Ad.",-40.61444,-73.0575,2.857142857142857,8.0
2001-02-10,410005.0,El Tepual  Puerto Montt Ap.,-41.4475,-73.09583,3.4583333333333335,10.0
2001-02-10,430002.0,Futaleufú Ad.,-43.18889,-71.85222,14.6,18.0
2001-02-10,450004.0,"Teniente Vidal, Coyhaique Ad.",-45.59083,-72.10222,7.8,10.0
2001-02-10,450005.0,Balmaceda Ad.,-45.91833,-71.67778,19.416666666666668,30.0
2001-02-10,520006.0,"Carlos Ibañez, Punta Arenas Ap.",-53.00167,-70.83861,17.25,33.0
2001-02-10,530005.0,"Fuentes Martínez, Porvenir Ad.",-53.25361,-70.32611,20.1,30.0
2001-02-10,950001.0,"C.M.A. Eduardo Frei Montalva, Antártica ",-62.19194,-58.97972,36.22222222222222,49.0
2001-02-11,180005.0,"Chacalluta, Arica Ap.",-18.35555,-70.34028,5.083333333333333,12.0
2001-02-11,200006.0,Diego Aracena Iquique Ap.,-20.54917,-70.18111,7.166666666666667,13.0
2001-02-11,220002.0,"El Loa, Calama Ad.",-22.49806,-68.8925,10.666666666666666,22.0
2001-02-11,270001.0,Mataveri  Isla de Pascua Ap.,-27.15889,-109.4325,13.166666666666666,18.0
2001-02-11,290004.0,"La Florida, La Serena Ad.",-29.91444,-71.20667,6.277777777777778,11.0
2001-02-11,330007.0,"Rodelillo, Ad.",-33.06528,-71.55639,9.923076923076923,16.0
2001-02-11,330019.0,"Eulogio Sánchez, Tobalaba Ad.",-33.45528,-70.54861,1.5384615384615385,3.0
2001-02-11,330020.0,"Quinta Normal, Santiago",-33.445,-70.68278,3.2,6.0
2001-02-11,330021.0,Pudahuel Santiago ,-33.37833,-70.78778,6.041666666666667,12.0
2001-02-11,330030.0,"Santo Domingo, Ad.",-33.65611,-71.61333,10.428571428571429,18.0
2001-02-11,330031.0,"Juan Fernández, Estación Meteorológica.",-33.63583,-78.83305,10.25,12.0
2001-02-11,340031.0,"General Freire, Curicó Ad.",-34.96944,-71.21694,10.11111111111111,13.0
2001-02-11,360011.0,"General Bernardo O'Higgins, Chillán Ad.",-36.58583,-72.03667,17.0,18.0
2001-02-11,360019.0,"Carriel Sur, Concepción Ap.",-36.78055,-73.06639,12.333333333333334,21.0
2001-02-11,370033.0,"María Dolores, Los Angeles Ad.",-37.39694,-72.42389,22.333333333333332,23.0
2001-02-11,380013.0,"Maquehue, Temuco Ad.",-38.76778,-72.63194,4.72,11.0
2001-02-11,390006.0,"Pichoy, Valdivia Ad.",-39.65667,-73.08722,7.8,11.0
2001-02-11,400009.0,"Cañal Bajo,  Osorno Ad.",-40.61444,-73.0575,7.214285714285714,12.0
2001-02-11,410005.0,El Tepual  Puerto Montt Ap.,-41.4475,-73.09583,2.75,9.0
2001-02-11,430002.0,Futaleufú Ad.,-43.18889,-71.85222,13.4,18.0
2001-02-11,450004.0,"Teniente Vidal, Coyhaique Ad.",-45.59083,-72.10222,9.4,15.0
2001-02-11,450005.0,Balmaceda Ad.,-45.91833,-71.67778,20.125,26.0
2001-02-11,520006.0,"Carlos Ibañez, Punta Arenas Ap.",-53.00167,-70.83861,13.583333333333334,22.0
2001-02-11,950001.0,"C.M.A. Eduardo Frei Montalva, Antártica ",-62.19194,-58.97972,12.7,31.0
2001-02-12,180005.0,"Chacalluta, Arica Ap.",-18.35555,-70.34028,4.375,12.0
2001-02-12,200006.0,Diego Aracena Iquique Ap.,-20.54917,-70.18111,7.416666666666667,15.0
2001-02-12,220002.0,"El Loa, Calama Ad.",-22.49806,-68.8925,13.3125,24.0
2001-02-12,270001.0,Mataveri  Isla de Pascua Ap.,-27.15889,-109.4325,11.166666666666666,13.0
2001-02-12,290004.0,"La Florida, La Serena Ad.",-29.91444,-71.20667,6.944444444444445,10.0
2001-02-12,330007.0,"Rodelillo, Ad.",-33.06528,-71.55639,12.461538461538462,16.0
2001-02-12,330019.0,"Eulogio Sánchez, Tobalaba Ad.",-33.45528,-70.54861,1.9230769230769231,3.0
2001-02-12,330020.0,"Quinta Normal, Santiago",-33.445,-70.68278,4.4,8.0
2001-02-12,330021.0,Pudahuel Santiago ,-33.37833,-70.78778,6.166666666666667,16.0
2001-02-12,330030.0,"Santo Domingo, Ad.",-33.65611,-71.61333,8.0,14.0
2001-02-12,330031.0,"Juan Fernández, Estación Meteorológica.",-33.63583,-78.83305,18.8,20.0
2001-02-12,340031.0,"General Freire, Curicó Ad.",-34.96944,-71.21694,7.222222222222222,12.0
2001-02-12,360011.0,"General Bernardo O'Higgins, Chillán Ad.",-36.58583,-72.03667,5.666666666666667,10.0
2001-02-12,360019.0,"Carriel Sur, Concepción Ap.",-36.78055,-73.06639,8.708333333333334,15.0
2001-02-12,370033.0,"María Dolores, Los Angeles Ad.",-37.39694,-72.42389,11.0,15.0
2001-02-12,380013.0,"Maquehue, Temuco Ad.",-38.76778,-72.63194,6.208333333333333,12.0
2001-02-12,390006.0,"Pichoy, Valdivia Ad.",-39.65667,-73.08722,6.2,9.0
2001-02-12,400009.0,"Cañal Bajo,  Osorno Ad.",-40.61444,-73.0575,13.571428571428571,20.0
2001-02-12,410005.0,El Tepual  Puerto Montt Ap.,-41.4475,-73.09583,8.75,18.0
2001-02-12,430001.0,Quellón Ad.,-43.13361,-73.63278,5.3,8.0
2001-02-12,430002.0,Futaleufú Ad.,-43.18889,-71.85222,3.4,10.0
2001-02-12,450004.0,"Teniente Vidal, Coyhaique Ad.",-45.59083,-72.10222,8.6,11.0
2001-02-12,450005.0,Balmaceda Ad.,-45.91833,-71.67778,18.708333333333332,23.0
2001-02-12,520006.0,"Carlos Ibañez, Punta Arenas Ap.",-53.00167,-70.83861,26.0,36.0
2001-02-12,530005.0,"Fuentes Martínez, Porvenir Ad.",-53.25361,-70.32611,22.272727272727273,30.0
2001-02-12,550001.0,"Guardiamarina Zañartu, Pto Williams Ad.",-54.93167,-67.61556,20.90909090909091,30.0
2001-02-12,950001.0,"C.M.A. Eduardo Frei Montalva, Antártica ",-62.19194,-58.97972,6.222222222222222,9.0
2001-02-13,180005.0,"Chacalluta, Arica Ap.",-18.35555,-70.34028,4.75,11.0
2001-02-13,200006.0,Diego Aracena Iquique Ap.,-20.54917,-70.18111,10.416666666666666,20.0
2001-02-13,220002.0,"El Loa, Calama Ad.",-22.49806,-68.8925,15.8125,24.0
2001-02-13,270001.0,Mataveri  Isla de Pascua Ap.,-27.15889,-109.4325,10.166666666666666,14.0
2001-02-13,290004.0,"La Florida, La Serena Ad.",-29.91444,-71.20667,5.777777777777778,10.0
2001-02-13,330007.0,"Rodelillo, Ad.",-33.06528,-71.55639,6.0,10.0
2001-02-13,330019.0,"Eulogio Sánchez, Tobalaba Ad.",-33.45528,-70.54861,1.6153846153846154,3.0
2001-02-13,330020.0,"Quinta Normal, Santiago",-33.445,-70.68278,5.2,8.0
2001-02-13,330021.0,Pudahuel Santiago ,-33.37833,-70.78778,6.125,13.0
2001-02-13,330030.0,"Santo Domingo, Ad.",-33.65611,-71.61333,5.928571428571429,10.0
2001-02-13,330031.0,"Juan Fernández, Estación Meteorológica.",-33.63583,-78.83305,18.8,26.0
2001-02-13,340031.0,"General Freire, Curicó Ad.",-34.96944,-71.21694,6.111111111111111,10.0
2001-02-13,360011.0,"General Bernardo O'Higgins, Chillán Ad.",-36.58583,-72.03667,5.333333333333333,8.0
2001-02-13,360019.0,"Carriel Sur, Concepción Ap.",-36.78055,-73.06639,5.958333333333333,17.0
2001-02-13,370033.0,"María Dolores, Los Angeles Ad.",-37.39694,-72.42389,14.666666666666666,16.0
2001-02-13,380013.0,"Maquehue, Temuco Ad.",-38.76778,-72.63194,5.44,9.0
2001-02-13,390006.0,"Pichoy, Valdivia Ad.",-39.65667,-73.08722,6.5,8.0
2001-02-13,400009.0,"Cañal Bajo,  Osorno Ad.",-40.61444,-73.0575,9.714285714285714,12.0
2001-02-13,410005.0,El Tepual  Puerto Montt Ap.,-41.4475,-73.09583,7.875,15.0
2001-02-13,430001.0,Quellón Ad.,-43.13361,-73.63278,6.2,8.0
2001-02-13,430002.0,Futaleufú Ad.,-43.18889,-71.85222,4.6,8.0
2001-02-13,450001.0,Puerto Aysén Ad.,-45.39944,-72.67722,10.25,16.0
2001-02-13,450004.0,"Teniente Vidal, Coyhaique Ad.",-45.59083,-72.10222,8.0,11.0
2001-02-13,450005.0,Balmaceda Ad.,-45.91833,-71.67778,18.666666666666668,24.0
2001-02-13,520006.0,"Carlos Ibañez, Punta Arenas Ap.",-53.00167,-70.83861,9.0,21.0
2001-02-13,530005.0,"Fuentes Martínez, Porvenir Ad.",-53.25361,-70.32611,9.1,15.0
2001-02-13,550001.0,"Guardiamarina Zañartu, Pto Williams Ad.",-54.93167,-67.61556,12.11111111111111,20.0
2001-02-13,950001.0,"C.M.A. Eduardo Frei Montalva, Antártica ",-62.19194,-58.97972,15.909090909090908,23.0
2001-02-14,180005.0,"Chacalluta, Arica Ap.",-18.35555,-70.34028,5.666666666666667,15.0
2001-02-14,200006.0,Diego Aracena Iquique Ap.,-20.54917,-70.18111,11.166666666666666,20.0
2001-02-14,220002.0,"El Loa, Calama Ad.",-22.49806,-68.8925,11.25,20.0
2001-02-14,270001.0,Mataveri  Isla de Pascua Ap.,-27.15889,-109.4325,11.666666666666666,14.0
2001-02-14,290004.0,"La Florida, La Serena Ad.",-29.91444,-71.20667,6.277777777777778,12.0
2001-02-14,330007.0,"Rodelillo, Ad.",-33.06528,-71.55639,6.538461538461538,10.0
2001-02-14,330019.0,"Eulogio Sánchez, Tobalaba Ad.",-33.45528,-70.54861,1.8461538461538463,4.0
2001-02-14,330020.0,"Quinta Normal, Santiago",-33.445,-70.68278,4.0,8.0
2001-02-14,330021.0,Pudahuel Santiago ,-33.37833,-70.78778,6.083333333333333,18.0
2001-02-14,330030.0,"Santo Domingo, Ad.",-33.65611,-71.61333,4.785714285714286,9.0
2001-02-14,330031.0,"Juan Fernández, Estación Meteorológica.",-33.63583,-78.83305,13.4,16.0
2001-02-14,340031.0,"General Freire, Curicó Ad.",-34.96944,-71.21694,6.888888888888889,11.0
2001-02-14,360011.0,"General Bernardo O'Higgins, Chillán Ad.",-36.58583,-72.03667,5.666666666666667,9.0
2001-02-14,360019.0,"Carriel Sur, Concepción Ap.",-36.78055,-73.06639,7.875,15.0
2001-02-14,370033.0,"María Dolores, Los Angeles Ad.",-37.39694,-72.42389,16.666666666666668,21.0
2001-02-14,380013.0,"Maquehue, Temuco Ad.",-38.76778,-72.63194,5.583333333333333,13.0
2001-02-14,390006.0,"Pichoy, Valdivia Ad.",-39.65667,-73.08722,10.25,13.0
2001-02-14,400009.0,"Cañal Bajo,  Osorno Ad.",-40.61444,-73.0575,11.5,15.0
2001-02-14,410005.0,El Tepual  Puerto Montt Ap.,-41.4475,-73.09583,6.666666666666667,10.0
2001-02-14,430001.0,Quellón Ad.,-43.13361,-73.63278,4.5,8.0
2001-02-14,430002.0,Futaleufú Ad.,-43.18889,-71.85222,6.8,15.0
2001-02-14,450001.0,Puerto Aysén Ad.,-45.39944,-72.67722,9.375,15.0
2001-02-14,450004.0,"Teniente Vidal, Coyhaique Ad.",-45.59083,-72.10222,4.8,8.0
2001-02-14,450005.0,Balmaceda Ad.,-45.91833,-71.67778,19.541666666666668,29.0
2001-02-14,520006.0,"Carlos Ibañez, Punta Arenas Ap.",-53.00167,-70.83861,13.625,24.0
2001-02-14,530005.0,"Fuentes Martínez, Porvenir Ad.",-53.25361,-70.32611,16.0,24.0
2001-02-14,550001.0,"Guardiamarina Zañartu, Pto Williams Ad.",-54.93167,-67.61556,14.555555555555555,20.0
2001-02-14,950001.0,"C.M.A. Eduardo Frei Montalva, Antártica ",-62.19194,-58.97972,9.571428571428571,24.0
2001-02-15,180005.0,"Chacalluta, Arica Ap.",-18.35555,-70.34028,6.75,15.0
2001-02-15,200006.0,Diego Aracena Iquique Ap.,-20.54917,-70.18111,10.875,18.0
2001-02-15,220002.0,"El Loa, Calama Ad.",-22.49806,-68.8925,16.375,25.0
2001-02-15,270001.0,Mataveri  Isla de Pascua Ap.,-27.15889,-109.4325,10.0,17.0
2001-02-15,290004.0,"La Florida, La Serena Ad.",-29.91444,-71.20667,6.055555555555555,12.0
2001-02-15,330007.0,"Rodelillo, Ad.",-33.06528,-71.55639,5.076923076923077,10.0
2001-02-15,330019.0,"Eulogio Sánchez, Tobalaba Ad.",-33.45528,-70.54861,1.4615384615384615,4.0
2001-02-15,330020.0,"Quinta Normal, Santiago",-33.445,-70.68278,4.0,8.0
2001-02-15,330021.0,Pudahuel Santiago ,-33.37833,-70.78778,5.208333333333333,15.0
2001-02-15,330030.0,"Santo Domingo, Ad.",-33.65611,-71.61333,6.428571428571429,10.0
2001-02-15,330031.0,"Juan Fernández, Estación Meteorológica.",-33.63583,-78.83305,19.0,22.0
2001-02-15,340031.0,"General Freire, Curicó Ad.",-34.96944,-71.21694,7.0,10.0
2001-02-15,360011.0,"General Bernardo O'Higgins, Chillán Ad.",-36.58583,-72.03667,11.333333333333334,14.0
2001-02-15,360019.0,"Carriel Sur, Concepción Ap.",-36.78055,-73.06639,13.083333333333334,21.0
2001-02-15,370033.0,"María Dolores, Los Angeles Ad.",-37.39694,-72.42389,18.0,23.0
2001-02-15,380013.0,"Maquehue, Temuco Ad.",-38.76778,-72.63194,6.208333333333333,12.0
2001-02-15,390006.0,"Pichoy, Valdivia Ad.",-39.65667,-73.08722,6.25,10.0
2001-02-15,400009.0,"Cañal Bajo,  Osorno Ad.",-40.61444,-73.0575,11.0,13.0
2001-02-15,410005.0,El Tepual  Puerto Montt Ap.,-41.4475,-73.09583,6.125,11.0
2001-02-15,430001.0,Quellón Ad.,-43.13361,-73.63278,3.8,6.0
2001-02-15,430002.0,Futaleufú Ad.,-43.18889,-71.85222,5.0,12.0
2001-02-15,450001.0,Puerto Aysén Ad.,-45.39944,-72.67722,5.75,6.0
2001-02-15,450004.0,"Teniente Vidal, Coyhaique Ad.",-45.59083,-72.10222,6.2,9.0
2001-02-15,450005.0,Balmaceda Ad.,-45.91833,-71.67778,16.833333333333332,21.0
2001-02-15,520006.0,"Carlos Ibañez, Punta Arenas Ap.",-53.00167,-70.83861,12.583333333333334,25.0
2001-02-15,530005.0,"Fuentes Martínez, Porvenir Ad.",-53.25361,-70.32611,15.0,20.0
2001-02-15,550001.0,"Guardiamarina Zañartu, Pto Williams Ad.",-54.93167,-67.61556,7.888888888888889,20.0
2001-02-15,950001.0,"C.M.A. Eduardo Frei Montalva, Antártica ",-62.19194,-58.97972,15.923076923076923,24.0
2001-02-16,180005.0,"Chacalluta, Arica Ap.",-18.35555,-70.34028,6.083333333333333,16.0
2001-02-16,200006.0,Diego Aracena Iquique Ap.,-20.54917,-70.18111,8.666666666666666,15.0
2001-02-16,220002.0,"El Loa, Calama Ad.",-22.49806,-68.8925,15.125,24.0
2001-02-16,270001.0,Mataveri  Isla de Pascua Ap.,-27.15889,-109.4325,7.833333333333333,10.0
2001-02-16,290004.0,"La Florida, La Serena Ad.",-29.91444,-71.20667,5.055555555555555,11.0
2001-02-16,330007.0,"Rodelillo, Ad.",-33.06528,-71.55639,7.615384615384615,12.0
2001-02-16,330019.0,"Eulogio Sánchez, Tobalaba Ad.",-33.45528,-70.54861,1.7692307692307692,3.0
2001-02-16,330020.0,"Quinta Normal, Santiago",-33.445,-70.68278,4.8,8.0
2001-02-16,330021.0,Pudahuel Santiago ,-33.37833,-70.78778,5.541666666666667,14.0
2001-02-16,330030.0,"Santo Domingo, Ad.",-33.65611,-71.61333,6.642857142857143,11.0
2001-02-16,330031.0,"Juan Fernández, Estación Meteorológica.",-33.63583,-78.83305,18.6,22.0
2001-02-16,340031.0,"General Freire, Curicó Ad.",-34.96944,-71.21694,3.7777777777777777,6.0
2001-02-16,360011.0,"General Bernardo O'Higgins, Chillán Ad.",-36.58583,-72.03667,2.6666666666666665,6.0
2001-02-16,360019.0,"Carriel Sur, Concepción Ap.",-36.78055,-73.06639,7.041666666666667,17.0
2001-02-16,370033.0,"María Dolores, Los Angeles Ad.",-37.39694,-72.42389,18.666666666666668,20.0
2001-02-16,380013.0,"Maquehue, Temuco Ad.",-38.76778,-72.63194,5.833333333333333,11.0
2001-02-16,390006.0,"Pichoy, Valdivia Ad.",-39.65667,-73.08722,7.25,12.0
2001-02-16,400009.0,"Cañal Bajo,  Osorno Ad.",-40.61444,-73.0575,9.357142857142858,12.0
2001-02-16,410005.0,El Tepual  Puerto Montt Ap.,-41.4475,-73.09583,6.458333333333333,11.0
2001-02-16,430001.0,Quellón Ad.,-43.13361,-73.63278,4.0,6.0
2001-02-16,430002.0,Futaleufú Ad.,-43.18889,-71.85222,8.0,16.0
2001-02-16,450001.0,Puerto Aysén Ad.,-45.39944,-72.67722,10.25,12.0
2001-02-16,450004.0,"Teniente Vidal, Coyhaique Ad.",-45.59083,-72.10222,8.0,15.0
2001-02-16,450005.0,Balmaceda Ad.,-45.91833,-71.67778,22.625,32.0
2001-02-16,520006.0,"Carlos Ibañez, Punta Arenas Ap.",-53.00167,-70.83861,16.833333333333332,27.0
2001-02-16,530005.0,"Fuentes Martínez, Porvenir Ad.",-53.25361,-70.32611,15.916666666666666,28.0
2001-02-16,550001.0,"Guardiamarina Zañartu, Pto Williams Ad.",-54.93167,-67.61556,23.0,37.0
2001-02-16,950001.0,"C.M.A. Eduardo Frei Montalva, Antártica ",-62.19194,-58.97972,13.692307692307692,24.0
2001-02-17,180005.0,"Chacalluta, Arica Ap.",-18.35555,-70.34028,6.333333333333333,14.0
2001-02-17,200006.0,Diego Aracena Iquique Ap.,-20.54917,-70.18111,8.791666666666666,14.0
2001-02-17,220002.0,"El Loa, Calama Ad.",-22.49806,-68.8925,15.4,26.0
2001-02-17,270001.0,Mataveri  Isla de Pascua Ap.,-27.15889,-109.4325,8.666666666666666,11.0
2001-02-17,290004.0,"La Florida, La Serena Ad.",-29.91444,-71.20667,6.333333333333333,12.0
2001-02-17,330007.0,"Rodelillo, Ad.",-33.06528,-71.55639,4.076923076923077,7.0
2001-02-17,330019.0,"Eulogio Sánchez, Tobalaba Ad.",-33.45528,-70.54861,1.6923076923076923,3.0
2001-02-17,330020.0,"Quinta Normal, Santiago",-33.445,-70.68278,4.8,10.0
2001-02-17,330021.0,Pudahuel Santiago ,-33.37833,-70.78778,6.5,13.0
2001-02-17,330030.0,"Santo Domingo, Ad.",-33.65611,-71.61333,5.071428571428571,9.0
2001-02-17,330031.0,"Juan Fernández, Estación Meteorológica.",-33.63583,-78.83305,20.0,22.0
2001-02-17,340031.0,"General Freire, Curicó Ad.",-34.96944,-71.21694,5.111111111111111,8.0
2001-02-17,360011.0,"General Bernardo O'Higgins, Chillán Ad.",-36.58583,-72.03667,9.333333333333334,10.0
2001-02-17,360019.0,"Carriel Sur, Concepción Ap.",-36.78055,-73.06639,8.25,18.0
2001-02-17,370033.0,"María Dolores, Los Angeles Ad.",-37.39694,-72.42389,20.333333333333332,23.0
2001-02-17,380013.0,"Maquehue, Temuco Ad.",-38.76778,-72.63194,6.791666666666667,13.0
2001-02-17,390006.0,"Pichoy, Valdivia Ad.",-39.65667,-73.08722,6.4,8.0
2001-02-17,400009.0,"Cañal Bajo,  Osorno Ad.",-40.61444,-73.0575,8.785714285714286,12.0
2001-02-17,410005.0,El Tepual  Puerto Montt Ap.,-41.4475,-73.09583,7.458333333333333,12.0
2001-02-17,430002.0,Futaleufú Ad.,-43.18889,-71.85222,16.0,18.0
2001-02-17,450004.0,"Teniente Vidal, Coyhaique Ad.",-45.59083,-72.10222,7.5,9.0
2001-02-17,450005.0,Balmaceda Ad.,-45.91833,-71.67778,24.583333333333332,34.0
2001-02-17,520006.0,"Carlos Ibañez, Punta Arenas Ap.",-53.00167,-70.83861,13.833333333333334,22.0
2001-02-17,530005.0,"Fuentes Martínez, Porvenir Ad.",-53.25361,-70.32611,16.1,25.0
2001-02-17,950001.0,"C.M.A. Eduardo Frei Montalva, Antártica ",-62.19194,-58.97972,13.066666666666666,27.0
2001-02-18,180005.0,"Chacalluta, Arica Ap.",-18.35555,-70.34028,6.625,18.0
2001-02-18,200006.0,Diego Aracena Iquique Ap.,-20.54917,-70.18111,11.208333333333334,16.0
2001-02-18,220002.0,"El Loa, Calama Ad.",-22.49806,-68.8925,14.583333333333334,24.0
2001-02-18,270001.0,Mataveri  Isla de Pascua Ap.,-27.15889,-109.4325,5.833333333333333,10.0
2001-02-18,290004.0,"La Florida, La Serena Ad.",-29.91444,-71.20667,5.5,11.0
2001-02-18,330007.0,"Rodelillo, Ad.",-33.06528,-71.55639,7.6923076923076925,12.0
2001-02-18,330019.0,"Eulogio Sánchez, Tobalaba Ad.",-33.45528,-70.54861,1.4615384615384615,4.0
2001-02-18,330020.0,"Quinta Normal, Santiago",-33.445,-70.68278,4.0,8.0
2001-02-18,330021.0,Pudahuel Santiago ,-33.37833,-70.78778,6.416666666666667,14.0
2001-02-18,330030.0,"Santo Domingo, Ad.",-33.65611,-71.61333,4.642857142857143,10.0
2001-02-18,330031.0,"Juan Fernández, Estación Meteorológica.",-33.63583,-78.83305,11.5,20.0
2001-02-18,340031.0,"General Freire, Curicó Ad.",-34.96944,-71.21694,5.0,6.0
2001-02-18,360011.0,"General Bernardo O'Higgins, Chillán Ad.",-36.58583,-72.03667,3.6666666666666665,7.0
2001-02-18,360019.0,"Carriel Sur, Concepción Ap.",-36.78055,-73.06639,6.125,13.0
2001-02-18,370033.0,"María Dolores, Los Angeles Ad.",-37.39694,-72.42389,12.666666666666666,14.0
2001-02-18,380013.0,"Maquehue, Temuco Ad.",-38.76778,-72.63194,4.791666666666667,9.0
2001-02-18,390006.0,"Pichoy, Valdivia Ad.",-39.65667,-73.08722,3.75,7.0
2001-02-18,400009.0,"Cañal Bajo,  Osorno Ad.",-40.61444,-73.0575,7.928571428571429,12.0
2001-02-18,410005.0,El Tepual  Puerto Montt Ap.,-41.4475,-73.09583,6.541666666666667,10.0
2001-02-18,430002.0,Futaleufú Ad.,-43.18889,-71.85222,5.8,10.0
2001-02-18,450004.0,"Teniente Vidal, Coyhaique Ad.",-45.59083,-72.10222,4.0,6.0
2001-02-18,450005.0,Balmaceda Ad.,-45.91833,-71.67778,15.583333333333334,24.0
2001-02-18,520006.0,"Carlos Ibañez, Punta Arenas Ap.",-53.00167,-70.83861,8.166666666666666,15.0
2001-02-18,950001.0,"C.M.A. Eduardo Frei Montalva, Antártica ",-62.19194,-58.97972,9.181818181818182,12.0
2001-02-19,180005.0,"Chacalluta, Arica Ap.",-18.35555,-70.34028,5.708333333333333,13.0
2001-02-19,200006.0,Diego Aracena Iquique Ap.,-20.54917,-70.18111,9.333333333333334,16.0
2001-02-19,220002.0,"El Loa, Calama Ad.",-22.49806,-68.8925,17.4375,27.0
2001-02-19,270001.0,Mataveri  Isla de Pascua Ap.,-27.15889,-109.4325,6.166666666666667,9.0
2001-02-19,290004.0,"La Florida, La Serena Ad.",-29.91444,-71.20667,6.166666666666667,12.0
2001-02-19,330007.0,"Rodelillo, Ad.",-33.06528,-71.55639,6.3076923076923075,10.0
2001-02-19,330019.0,"Eulogio Sánchez, Tobalaba Ad.",-33.45528,-70.54861,2.0,4.0
2001-02-19,330020.0,"Quinta Normal, Santiago",-33.445,-70.68278,4.4,8.0
2001-02-19,330021.0,Pudahuel Santiago ,-33.37833,-70.78778,6.5,13.0
2001-02-19,330030.0,"Santo Domingo, Ad.",-33.65611,-71.61333,4.785714285714286,9.0
2001-02-19,330031.0,"Juan Fernández, Estación Meteorológica.",-33.63583,-78.83305,3.8,5.0
2001-02-19,340031.0,"General Freire, Curicó Ad.",-34.96944,-71.21694,6.0,11.0
2001-02-19,360011.0,"General Bernardo O'Higgins, Chillán Ad.",-36.58583,-72.03667,3.6666666666666665,5.0
2001-02-19,360019.0,"Carriel Sur, Concepción Ap.",-36.78055,-73.06639,5.625,15.0
2001-02-19,370033.0,"María Dolores, Los Angeles Ad.",-37.39694,-72.42389,7.666666666666667,12.0
2001-02-19,380013.0,"Maquehue, Temuco Ad.",-38.76778,-72.63194,4.458333333333333,12.0
2001-02-19,390006.0,"Pichoy, Valdivia Ad.",-39.65667,-73.08722,4.0,6.0
2001-02-19,400009.0,"Cañal Bajo,  Osorno Ad.",-40.61444,-73.0575,5.0,10.0
2001-02-19,410005.0,El Tepual  Puerto Montt Ap.,-41.4475,-73.09583,3.6666666666666665,11.0
2001-02-19,430001.0,Quellón Ad.,-43.13361,-73.63278,4.2,6.0
2001-02-19,430002.0,Futaleufú Ad.,-43.18889,-71.85222,3.2,12.0
2001-02-19,450001.0,Puerto Aysén Ad.,-45.39944,-72.67722,7.75,10.0
2001-02-19,450004.0,"Teniente Vidal, Coyhaique Ad.",-45.59083,-72.10222,9.6,13.0
2001-02-19,450005.0,Balmaceda Ad.,-45.91833,-71.67778,15.166666666666666,25.0
2001-02-19,520006.0,"Carlos Ibañez, Punta Arenas Ap.",-53.00167,-70.83861,4.458333333333333,9.0
2001-02-19,530005.0,"Fuentes Martínez, Porvenir Ad.",-53.25361,-70.32611,9.3,13.0
2001-02-19,550001.0,"Guardiamarina Zañartu, Pto Williams Ad.",-54.93167,-67.61556,4.333333333333333,13.0
2001-02-19,950001.0,"C.M.A. Eduardo Frei Montalva, Antártica ",-62.19194,-58.97972,6.928571428571429,9.0
2001-02-20,180005.0,"Chacalluta, Arica Ap.",-18.35555,-70.34028,5.75,15.0
2001-02-20,200006.0,Diego Aracena Iquique Ap.,-20.54917,-70.18111,9.833333333333334,16.0
2001-02-20,220002.0,"El Loa, Calama Ad.",-22.49806,-68.8925,17.75,29.0
2001-02-20,270001.0,Mataveri  Isla de Pascua Ap.,-27.15889,-109.4325,7.333333333333333,13.0
2001-02-20,290004.0,"La Florida, La Serena Ad.",-29.91444,-71.20667,5.222222222222222,12.0
2001-02-20,330007.0,"Rodelillo, Ad.",-33.06528,-71.55639,7.0,11.0
2001-02-20,330019.0,"Eulogio Sánchez, Tobalaba Ad.",-33.45528,-70.54861,1.3846153846153846,2.0
2001-02-20,330020.0,"Quinta Normal, Santiago",-33.445,-70.68278,4.0,6.0
2001-02-20,330021.0,Pudahuel Santiago ,-33.37833,-70.78778,7.444444444444445,12.0
2001-02-20,330030.0,"Santo Domingo, Ad.",-33.65611,-71.61333,5.214285714285714,9.0
2001-02-20,330031.0,"Juan Fernández, Estación Meteorológica.",-33.63583,-78.83305,2.8,5.0
2001-02-20,340031.0,"General Freire, Curicó Ad.",-34.96944,-71.21694,3.6666666666666665,6.0
2001-02-20,360011.0,"General Bernardo O'Higgins, Chillán Ad.",-36.58583,-72.03667,3.6666666666666665,5.0
2001-02-20,360019.0,"Carriel Sur, Concepción Ap.",-36.78055,-73.06639,4.958333333333333,10.0
2001-02-20,370033.0,"María Dolores, Los Angeles Ad.",-37.39694,-72.42389,7.0,9.0
2001-02-20,380013.0,"Maquehue, Temuco Ad.",-38.76778,-72.63194,4.083333333333333,11.0
2001-02-20,390006.0,"Pichoy, Valdivia Ad.",-39.65667,-73.08722,6.5,9.0
2001-02-20,400009.0,"Cañal Bajo,  Osorno Ad.",-40.61444,-73.0575,6.6,11.0
2001-02-20,410005.0,El Tepual  Puerto Montt Ap.,-41.4475,-73.09583,5.041666666666667,12.0
2001-02-20,430001.0,Quellón Ad.,-43.13361,-73.63278,3.6,4.0
2001-02-20,430002.0,Futaleufú Ad.,-43.18889,-71.85222,13.8,15.0
2001-02-20,450001.0,Puerto Aysén Ad.,-45.39944,-72.67722,4.0,10.0
2001-02-20,450004.0,"Teniente Vidal, Coyhaique Ad.",-45.59083,-72.10222,7.4,12.0
2001-02-20,450005.0,Balmaceda Ad.,-45.91833,-71.67778,20.041666666666668,29.0
2001-02-20,520006.0,"Carlos Ibañez, Punta Arenas Ap.",-53.00167,-70.83861,17.52,28.0
2001-02-20,530005.0,"Fuentes Martínez, Porvenir Ad.",-53.25361,-70.32611,26.2,35.0
2001-02-20,550001.0,"Guardiamarina Zañartu, Pto Williams Ad.",-54.93167,-67.61556,18.363636363636363,30.0
2001-02-20,950001.0,"C.M.A. Eduardo Frei Montalva, Antártica ",-62.19194,-58.97972,18.23076923076923,36.0
2001-02-21,180005.0,"Chacalluta, Arica Ap.",-18.35555,-70.34028,5.083333333333333,13.0
2001-02-21,200006.0,Diego Aracena Iquique Ap.,-20.54917,-70.18111,7.541666666666667,15.0
2001-02-21,220002.0,"El Loa, Calama Ad.",-22.49806,-68.8925,16.5625,27.0
2001-02-21,270001.0,Mataveri  Isla de Pascua Ap.,-27.15889,-109.4325,7.5,12.0
2001-02-21,290004.0,"La Florida, La Serena Ad.",-29.91444,-71.20667,5.277777777777778,11.0
2001-02-21,330007.0,"Rodelillo, Ad.",-33.06528,-71.55639,5.076923076923077,9.0
2001-02-21,330019.0,"Eulogio Sánchez, Tobalaba Ad.",-33.45528,-70.54861,2.0,6.0
2001-02-21,330020.0,"Quinta Normal, Santiago",-33.445,-70.68278,4.4,10.0
2001-02-21,330021.0,Pudahuel Santiago ,-33.37833,-70.78778,6.875,15.0
2001-02-21,330030.0,"Santo Domingo, Ad.",-33.65611,-71.61333,4.818181818181818,9.0
2001-02-21,330031.0,"Juan Fernández, Estación Meteorológica.",-33.63583,-78.83305,3.6,7.0
2001-02-21,340031.0,"General Freire, Curicó Ad.",-34.96944,-71.21694,6.777777777777778,8.0
2001-02-21,360011.0,"General Bernardo O'Higgins, Chillán Ad.",-36.58583,-72.03667,7.333333333333333,10.0
2001-02-21,360019.0,"Carriel Sur, Concepción Ap.",-36.78055,-73.06639,6.375,15.0
2001-02-21,370033.0,"María Dolores, Los Angeles Ad.",-37.39694,-72.42389,11.0,14.0
2001-02-21,380013.0,"Maquehue, Temuco Ad.",-38.76778,-72.63194,4.407407407407407,9.0
2001-02-21,390006.0,"Pichoy, Valdivia Ad.",-39.65667,-73.08722,4.0,8.0
2001-02-21,400009.0,"Cañal Bajo,  Osorno Ad.",-40.61444,-73.0575,1.8,5.0
2001-02-21,410005.0,El Tepual  Puerto Montt Ap.,-41.4475,-73.09583,3.1666666666666665,7.0
2001-02-21,430001.0,Quellón Ad.,-43.13361,-73.63278,4.2,6.0
2001-02-21,430002.0,Futaleufú Ad.,-43.18889,-71.85222,8.4,12.0
2001-02-21,450001.0,Puerto Aysén Ad.,-45.39944,-72.67722,9.5,16.0
2001-02-21,450004.0,"Teniente Vidal, Coyhaique Ad.",-45.59083,-72.10222,11.6,17.0
2001-02-21,450005.0,Balmaceda Ad.,-45.91833,-71.67778,19.347826086956523,31.0
2001-02-21,520006.0,"Carlos Ibañez, Punta Arenas Ap.",-53.00167,-70.83861,19.166666666666668,26.0
2001-02-21,530005.0,"Fuentes Martínez, Porvenir Ad.",-53.25361,-70.32611,20.6,28.0
2001-02-21,550001.0,"Guardiamarina Zañartu, Pto Williams Ad.",-54.93167,-67.61556,17.22222222222222,22.0
2001-02-21,950001.0,"C.M.A. Eduardo Frei Montalva, Antártica ",-62.19194,-58.97972,41.07692307692308,48.0
2001-02-22,180005.0,"Chacalluta, Arica Ap.",-18.35555,-70.34028,4.791666666666667,11.0
2001-02-22,200006.0,Diego Aracena Iquique Ap.,-20.54917,-70.18111,7.333333333333333,15.0
2001-02-22,220002.0,"El Loa, Calama Ad.",-22.49806,-68.8925,16.1875,24.0
2001-02-22,270001.0,Mataveri  Isla de Pascua Ap.,-27.15889,-109.4325,8.833333333333334,12.0
2001-02-22,290004.0,"La Florida, La Serena Ad.",-29.91444,-71.20667,5.888888888888889,10.0
2001-02-22,330007.0,"Rodelillo, Ad.",-33.06528,-71.55639,6.3076923076923075,12.0
2001-02-22,330019.0,"Eulogio Sánchez, Tobalaba Ad.",-33.45528,-70.54861,1.8461538461538463,4.0
2001-02-22,330020.0,"Quinta Normal, Santiago",-33.445,-70.68278,3.2,6.0
2001-02-22,330021.0,Pudahuel Santiago ,-33.37833,-70.78778,6.333333333333333,14.0
2001-02-22,330030.0,"Santo Domingo, Ad.",-33.65611,-71.61333,7.777777777777778,10.0
2001-02-22,330031.0,"Juan Fernández, Estación Meteorológica.",-33.63583,-78.83305,2.8,5.0
2001-02-22,340031.0,"General Freire, Curicó Ad.",-34.96944,-71.21694,3.3333333333333335,4.0
2001-02-22,360011.0,"General Bernardo O'Higgins, Chillán Ad.",-36.58583,-72.03667,5.333333333333333,8.0
2001-02-22,360019.0,"Carriel Sur, Concepción Ap.",-36.78055,-73.06639,7.791666666666667,15.0
2001-02-22,370033.0,"María Dolores, Los Angeles Ad.",-37.39694,-72.42389,7.666666666666667,10.0
2001-02-22,380013.0,"Maquehue, Temuco Ad.",-38.76778,-72.63194,3.9583333333333335,10.0
2001-02-22,390006.0,"Pichoy, Valdivia Ad.",-39.65667,-73.08722,6.5,13.0
2001-02-22,400009.0,"Cañal Bajo,  Osorno Ad.",-40.61444,-73.0575,6.266666666666667,13.0
2001-02-22,410005.0,El Tepual  Puerto Montt Ap.,-41.4475,-73.09583,3.875,8.0
2001-02-22,430001.0,Quellón Ad.,-43.13361,-73.63278,5.8,8.0
2001-02-22,430002.0,Futaleufú Ad.,-43.18889,-71.85222,16.8,22.0
2001-02-22,450001.0,Puerto Aysén Ad.,-45.39944,-72.67722,7.75,16.0
2001-02-22,450004.0,"Teniente Vidal, Coyhaique Ad.",-45.59083,-72.10222,11.6,17.0
2001-02-22,450005.0,Balmaceda Ad.,-45.91833,-71.67778,26.041666666666668,34.0
2001-02-22,520006.0,"Carlos Ibañez, Punta Arenas Ap.",-53.00167,-70.83861,15.0,26.0
2001-02-22,530005.0,"Fuentes Martínez, Porvenir Ad.",-53.25361,-70.32611,1.8,6.0
2001-02-22,550001.0,"Guardiamarina Zañartu, Pto Williams Ad.",-54.93167,-67.61556,4.2,7.0
2001-02-22,950001.0,"C.M.A. Eduardo Frei Montalva, Antártica ",-62.19194,-58.97972,37.666666666666664,43.0
2001-02-23,180005.0,"Chacalluta, Arica Ap.",-18.35555,-70.34028,4.916666666666667,14.0
2001-02-23,200006.0,Diego Aracena Iquique Ap.,-20.54917,-70.18111,8.333333333333334,14.0
2001-02-23,220002.0,"El Loa, Calama Ad.",-22.49806,-68.8925,14.4375,24.0
2001-02-23,270001.0,Mataveri  Isla de Pascua Ap.,-27.15889,-109.4325,7.666666666666667,11.0
2001-02-23,290004.0,"La Florida, La Serena Ad.",-29.91444,-71.20667,6.444444444444445,10.0
2001-02-23,330007.0,"Rodelillo, Ad.",-33.06528,-71.55639,4.3076923076923075,10.0
2001-02-23,330019.0,"Eulogio Sánchez, Tobalaba Ad.",-33.45528,-70.54861,1.6153846153846154,3.0
2001-02-23,330020.0,"Quinta Normal, Santiago",-33.445,-70.68278,5.2,8.0
2001-02-23,330021.0,Pudahuel Santiago ,-33.37833,-70.78778,6.296296296296297,11.0
2001-02-23,330030.0,"Santo Domingo, Ad.",-33.65611,-71.61333,6.625,10.0
2001-02-23,330031.0,"Juan Fernández, Estación Meteorológica.",-33.63583,-78.83305,1.0,3.0
2001-02-23,340031.0,"General Freire, Curicó Ad.",-34.96944,-71.21694,4.222222222222222,6.0
2001-02-23,360011.0,"General Bernardo O'Higgins, Chillán Ad.",-36.58583,-72.03667,3.0,5.0
2001-02-23,360019.0,"Carriel Sur, Concepción Ap.",-36.78055,-73.06639,6.166666666666667,10.0
2001-02-23,370033.0,"María Dolores, Los Angeles Ad.",-37.39694,-72.42389,3.6666666666666665,5.0
2001-02-23,380013.0,"Maquehue, Temuco Ad.",-38.76778,-72.63194,3.4444444444444446,7.0
2001-02-23,390006.0,"Pichoy, Valdivia Ad.",-39.65667,-73.08722,3.5,6.0
2001-02-23,400009.0,"Cañal Bajo,  Osorno Ad.",-40.61444,-73.0575,1.9285714285714286,6.0
2001-02-23,410005.0,El Tepual  Puerto Montt Ap.,-41.4475,-73.09583,2.6666666666666665,5.0
2001-02-23,430001.0,Quellón Ad.,-43.13361,-73.63278,4.8,6.0
2001-02-23,430002.0,Futaleufú Ad.,-43.18889,-71.85222,14.4,18.0
2001-02-23,450001.0,Puerto Aysén Ad.,-45.39944,-72.67722,7.5,10.0
2001-02-23,450004.0,"Teniente Vidal, Coyhaique Ad.",-45.59083,-72.10222,8.4,11.0
2001-02-23,450005.0,Balmaceda Ad.,-45.91833,-71.67778,20.083333333333332,26.0
2001-02-23,520006.0,"Carlos Ibañez, Punta Arenas Ap.",-53.00167,-70.83861,18.416666666666668,28.0
2001-02-23,530005.0,"Fuentes Martínez, Porvenir Ad.",-53.25361,-70.32611,21.2,28.0
2001-02-23,550001.0,"Guardiamarina Zañartu, Pto Williams Ad.",-54.93167,-67.61556,5.5625,15.0
2001-02-23,950001.0,"C.M.A. Eduardo Frei Montalva, Antártica ",-62.19194,-58.97972,13.6,33.0
2001-02-24,180005.0,"Chacalluta, Arica Ap.",-18.35555,-70.34028,5.708333333333333,13.0
2001-02-24,200006.0,Diego Aracena Iquique Ap.,-20.54917,-70.18111,8.916666666666666,15.0
2001-02-24,220002.0,"El Loa, Calama Ad.",-22.49806,-68.8925,14.8,22.0
2001-02-24,270001.0,Mataveri  Isla de Pascua Ap.,-27.15889,-109.4325,6.833333333333333,10.0
2001-02-24,290004.0,"La Florida, La Serena Ad.",-29.91444,-71.20667,5.444444444444445,10.0
2001-02-24,330007.0,"Rodelillo, Ad.",-33.06528,-71.55639,6.384615384615385,10.0
2001-02-24,330019.0,"Eulogio Sánchez, Tobalaba Ad.",-33.45528,-70.54861,1.9230769230769231,4.0
2001-02-24,330020.0,"Quinta Normal, Santiago",-33.445,-70.68278,4.8,10.0
2001-02-24,330021.0,Pudahuel Santiago ,-33.37833,-70.78778,5.75,15.0
2001-02-24,330030.0,"Santo Domingo, Ad.",-33.65611,-71.61333,5.0,11.0
2001-02-24,330031.0,"Juan Fernández, Estación Meteorológica.",-33.63583,-78.83305,3.5,10.0
2001-02-24,340031.0,"General Freire, Curicó Ad.",-34.96944,-71.21694,3.5555555555555554,5.0
2001-02-24,360011.0,"General Bernardo O'Higgins, Chillán Ad.",-36.58583,-72.03667,4.0,7.0
2001-02-24,360019.0,"Carriel Sur, Concepción Ap.",-36.78055,-73.06639,3.3333333333333335,8.0
2001-02-24,370033.0,"María Dolores, Los Angeles Ad.",-37.39694,-72.42389,4.0,5.0
2001-02-24,380013.0,"Maquehue, Temuco Ad.",-38.76778,-72.63194,3.4583333333333335,15.0
2001-02-24,390006.0,"Pichoy, Valdivia Ad.",-39.65667,-73.08722,5.0,9.0
2001-02-24,400009.0,"Cañal Bajo,  Osorno Ad.",-40.61444,-73.0575,2.2666666666666666,9.0
2001-02-24,410005.0,El Tepual  Puerto Montt Ap.,-41.4475,-73.09583,2.5,10.0
2001-02-24,430002.0,Futaleufú Ad.,-43.18889,-71.85222,4.4,12.0
2001-02-24,450004.0,"Teniente Vidal, Coyhaique Ad.",-45.59083,-72.10222,5.0,6.0
2001-02-24,450005.0,Balmaceda Ad.,-45.91833,-71.67778,11.583333333333334,19.0
2001-02-24,520006.0,"Carlos Ibañez, Punta Arenas Ap.",-53.00167,-70.83861,10.166666666666666,16.0
2001-02-24,530005.0,"Fuentes Martínez, Porvenir Ad.",-53.25361,-70.32611,7.4,10.0
2001-02-24,950001.0,"C.M.A. Eduardo Frei Montalva, Antártica ",-62.19194,-58.97972,15.538461538461538,24.0
2001-02-25,180005.0,"Chacalluta, Arica Ap.",-18.35555,-70.34028,5.291666666666667,12.0
2001-02-25,200006.0,Diego Aracena Iquique Ap.,-20.54917,-70.18111,8.041666666666666,17.0
2001-02-25,220002.0,"El Loa, Calama Ad.",-22.49806,-68.8925,15.166666666666666,21.0
2001-02-25,270001.0,Mataveri  Isla de Pascua Ap.,-27.15889,-109.4325,5.5,9.0
2001-02-25,290004.0,"La Florida, La Serena Ad.",-29.91444,-71.20667,5.833333333333333,12.0
2001-02-25,330007.0,"Rodelillo, Ad.",-33.06528,-71.55639,5.923076923076923,9.0
2001-02-25,330019.0,"Eulogio Sánchez, Tobalaba Ad.",-33.45528,-70.54861,1.5384615384615385,3.0
2001-02-25,330020.0,"Quinta Normal, Santiago",-33.445,-70.68278,5.6,10.0
2001-02-25,330021.0,Pudahuel Santiago ,-33.37833,-70.78778,5.666666666666667,14.0
2001-02-25,330030.0,"Santo Domingo, Ad.",-33.65611,-71.61333,4.857142857142857,9.0
2001-02-25,330031.0,"Juan Fernández, Estación Meteorológica.",-33.63583,-78.83305,4.25,6.0
2001-02-25,340031.0,"General Freire, Curicó Ad.",-34.96944,-71.21694,4.333333333333333,6.0
2001-02-25,360011.0,"General Bernardo O'Higgins, Chillán Ad.",-36.58583,-72.03667,1.6666666666666667,5.0
2001-02-25,360019.0,"Carriel Sur, Concepción Ap.",-36.78055,-73.06639,3.9583333333333335,9.0
2001-02-25,370033.0,"María Dolores, Los Angeles Ad.",-37.39694,-72.42389,4.0,6.0
2001-02-25,380013.0,"Maquehue, Temuco Ad.",-38.76778,-72.63194,3.1666666666666665,8.0
2001-02-25,390006.0,"Pichoy, Valdivia Ad.",-39.65667,-73.08722,5.5,11.0
2001-02-25,400009.0,"Cañal Bajo,  Osorno Ad.",-40.61444,-73.0575,6.428571428571429,10.0
2001-02-25,410005.0,El Tepual  Puerto Montt Ap.,-41.4475,-73.09583,7.625,17.0
2001-02-25,430002.0,Futaleufú Ad.,-43.18889,-71.85222,4.4,13.0
2001-02-25,450004.0,"Teniente Vidal, Coyhaique Ad.",-45.59083,-72.10222,1.8,6.0
2001-02-25,450005.0,Balmaceda Ad.,-45.91833,-71.67778,8.333333333333334,19.0
2001-02-25,520006.0,"Carlos Ibañez, Punta Arenas Ap.",-53.00167,-70.83861,6.291666666666667,9.0
2001-02-25,950001.0,"C.M.A. Eduardo Frei Montalva, Antártica ",-62.19194,-58.97972,15.444444444444445,20.0
2001-02-26,180005.0,"Chacalluta, Arica Ap.",-18.35555,-70.34028,5.333333333333333,13.0
2001-02-26,200006.0,Diego Aracena Iquique Ap.,-20.54917,-70.18111,8.666666666666666,15.0
2001-02-26,220002.0,"El Loa, Calama Ad.",-22.49806,-68.8925,13.9375,25.0
2001-02-26,270001.0,Mataveri  Isla de Pascua Ap.,-27.15889,-109.4325,6.0,13.0
2001-02-26,290004.0,"La Florida, La Serena Ad.",-29.91444,-71.20667,4.666666666666667,10.0
2001-02-26,330007.0,"Rodelillo, Ad.",-33.06528,-71.55639,9.076923076923077,15.0
2001-02-26,330019.0,"Eulogio Sánchez, Tobalaba Ad.",-33.45528,-70.54861,1.6153846153846154,3.0
2001-02-26,330020.0,"Quinta Normal, Santiago",-33.445,-70.68278,5.6,10.0
2001-02-26,330021.0,Pudahuel Santiago ,-33.37833,-70.78778,6.5,13.0
2001-02-26,330030.0,"Santo Domingo, Ad.",-33.65611,-71.61333,7.333333333333333,11.0
2001-02-26,330031.0,"Juan Fernández, Estación Meteorológica.",-33.63583,-78.83305,4.8,7.0
2001-02-26,340031.0,"General Freire, Curicó Ad.",-34.96944,-71.21694,4.888888888888889,10.0
2001-02-26,360011.0,"General Bernardo O'Higgins, Chillán Ad.",-36.58583,-72.03667,1.0,3.0
2001-02-26,360019.0,"Carriel Sur, Concepción Ap.",-36.78055,-73.06639,6.166666666666667,14.0
2001-02-26,370033.0,"María Dolores, Los Angeles Ad.",-37.39694,-72.42389,6.333333333333333,9.0
2001-02-26,380013.0,"Maquehue, Temuco Ad.",-38.76778,-72.63194,5.625,10.0
2001-02-26,390006.0,"Pichoy, Valdivia Ad.",-39.65667,-73.08722,7.5,14.0
2001-02-26,400009.0,"Cañal Bajo,  Osorno Ad.",-40.61444,-73.0575,10.266666666666667,16.0
2001-02-26,410005.0,El Tepual  Puerto Montt Ap.,-41.4475,-73.09583,11.666666666666666,18.0
2001-02-26,430001.0,Quellón Ad.,-43.13361,-73.63278,7.4,10.0
2001-02-26,430002.0,Futaleufú Ad.,-43.18889,-71.85222,4.6,15.0
2001-02-26,450001.0,Puerto Aysén Ad.,-45.39944,-72.67722,2.0,8.0
2001-02-26,450004.0,"Teniente Vidal, Coyhaique Ad.",-45.59083,-72.10222,6.2,9.0
2001-02-26,450005.0,Balmaceda Ad.,-45.91833,-71.67778,14.625,23.0
2001-02-26,520006.0,"Carlos Ibañez, Punta Arenas Ap.",-53.00167,-70.83861,6.75,13.0
2001-02-26,530005.0,"Fuentes Martínez, Porvenir Ad.",-53.25361,-70.32611,9.6,12.0
2001-02-26,550001.0,"Guardiamarina Zañartu, Pto Williams Ad.",-54.93167,-67.61556,3.0,3.0
2001-02-26,950001.0,"C.M.A. Eduardo Frei Montalva, Antártica ",-62.19194,-58.97972,14.4,31.0
2001-02-27,180005.0,"Chacalluta, Arica Ap.",-18.35555,-70.34028,6.0,16.0
2001-02-27,200006.0,Diego Aracena Iquique Ap.,-20.54917,-70.18111,9.375,16.0
2001-02-27,220002.0,"El Loa, Calama Ad.",-22.49806,-68.8925,14.1875,22.0
2001-02-27,270001.0,Mataveri  Isla de Pascua Ap.,-27.15889,-109.4325,7.833333333333333,11.0
2001-02-27,290004.0,"La Florida, La Serena Ad.",-29.91444,-71.20667,5.388888888888889,11.0
2001-02-27,330007.0,"Rodelillo, Ad.",-33.06528,-71.55639,7.384615384615385,14.0
2001-02-27,330019.0,"Eulogio Sánchez, Tobalaba Ad.",-33.45528,-70.54861,1.4615384615384615,3.0
2001-02-27,330020.0,"Quinta Normal, Santiago",-33.445,-70.68278,4.6,8.0
2001-02-27,330021.0,Pudahuel Santiago ,-33.37833,-70.78778,5.625,14.0
2001-02-27,330030.0,"Santo Domingo, Ad.",-33.65611,-71.61333,5.111111111111111,9.0
2001-02-27,330031.0,"Juan Fernández, Estación Meteorológica.",-33.63583,-78.83305,1.6,4.0
2001-02-27,340031.0,"General Freire, Curicó Ad.",-34.96944,-71.21694,5.111111111111111,6.0
2001-02-27,360011.0,"General Bernardo O'Higgins, Chillán Ad.",-36.58583,-72.03667,5.0,6.0
2001-02-27,360019.0,"Carriel Sur, Concepción Ap.",-36.78055,-73.06639,5.875,13.0
2001-02-27,370033.0,"María Dolores, Los Angeles Ad.",-37.39694,-72.42389,2.6666666666666665,6.0
2001-02-27,380013.0,"Maquehue, Temuco Ad.",-38.76778,-72.63194,3.3076923076923075,9.0
2001-02-27,390006.0,"Pichoy, Valdivia Ad.",-39.65667,-73.08722,6.0,9.0
2001-02-27,400009.0,"Cañal Bajo,  Osorno Ad.",-40.61444,-73.0575,7.0,10.0
2001-02-27,410005.0,El Tepual  Puerto Montt Ap.,-41.4475,-73.09583,8.166666666666666,14.0
2001-02-27,430001.0,Quellón Ad.,-43.13361,-73.63278,6.8,8.0
2001-02-27,430002.0,Futaleufú Ad.,-43.18889,-71.85222,5.2,12.0
2001-02-27,450001.0,Puerto Aysén Ad.,-45.39944,-72.67722,3.5,10.0
2001-02-27,450004.0,"Teniente Vidal, Coyhaique Ad.",-45.59083,-72.10222,10.4,13.0
2001-02-27,450005.0,Balmaceda Ad.,-45.91833,-71.67778,14.541666666666666,24.0
2001-02-27,520006.0,"Carlos Ibañez, Punta Arenas Ap.",-53.00167,-70.83861,12.416666666666666,18.0
2001-02-27,530005.0,"Fuentes Martínez, Porvenir Ad.",-53.25361,-70.32611,16.6,23.0
2001-02-27,550001.0,"Guardiamarina Zañartu, Pto Williams Ad.",-54.93167,-67.61556,7.777777777777778,15.0
2001-02-27,950001.0,"C.M.A. Eduardo Frei Montalva, Antártica ",-62.19194,-58.97972,13.954545454545455,26.0
2001-02-28,180005.0,"Chacalluta, Arica Ap.",-18.35555,-70.34028,4.36,10.0
2001-02-28,200006.0,Diego Aracena Iquique Ap.,-20.54917,-70.18111,9.541666666666666,18.0
2001-02-28,220002.0,"El Loa, Calama Ad.",-22.49806,-68.8925,11.166666666666666,21.0
2001-02-28,270001.0,Mataveri  Isla de Pascua Ap.,-27.15889,-109.4325,9.666666666666666,14.0
2001-02-28,290004.0,"La Florida, La Serena Ad.",-29.91444,-71.20667,7.166666666666667,12.0
2001-02-28,330007.0,"Rodelillo, Ad.",-33.06528,-71.55639,9.76923076923077,16.0
2001-02-28,330019.0,"Eulogio Sánchez, Tobalaba Ad.",-33.45528,-70.54861,1.8461538461538463,3.0
2001-02-28,330020.0,"Quinta Normal, Santiago",-33.445,-70.68278,4.0,8.0
2001-02-28,330021.0,Pudahuel Santiago ,-33.37833,-70.78778,6.541666666666667,13.0
2001-02-28,330030.0,"Santo Domingo, Ad.",-33.65611,-71.61333,7.222222222222222,11.0
2001-02-28,330031.0,"Juan Fernández, Estación Meteorológica.",-33.63583,-78.83305,2.8,5.0
2001-02-28,340031.0,"General Freire, Curicó Ad.",-34.96944,-71.21694,6.888888888888889,10.0
2001-02-28,360011.0,"General Bernardo O'Higgins, Chillán Ad.",-36.58583,-72.03667,2.0,3.0
2001-02-28,360019.0,"Carriel Sur, Concepción Ap.",-36.78055,-73.06639,4.0,12.0
2001-02-28,370033.0,"María Dolores, Los Angeles Ad.",-37.39694,-72.42389,5.333333333333333,10.0
2001-02-28,380013.0,"Maquehue, Temuco Ad.",-38.76778,-72.63194,5.12,12.0
2001-02-28,390006.0,"Pichoy, Valdivia Ad.",-39.65667,-73.08722,10.25,12.0
2001-02-28,400009.0,"Cañal Bajo,  Osorno Ad.",-40.61444,-73.0575,8.6,19.0
2001-02-28,410005.0,El Tepual  Puerto Montt Ap.,-41.4475,-73.09583,6.0,12.0
2001-02-28,430001.0,Quellón Ad.,-43.13361,-73.63278,8.4,12.0
2001-02-28,430002.0,Futaleufú Ad.,-43.18889,-71.85222,6.4,12.0
2001-02-28,450001.0,Puerto Aysén Ad.,-45.39944,-72.67722,8.0,14.0
2001-02-28,450004.0,"Teniente Vidal, Coyhaique Ad.",-45.59083,-72.10222,8.4,11.0
2001-02-28,450005.0,Balmaceda Ad.,-45.91833,-71.67778,12.208333333333334,25.0
2001-02-28,520006.0,"Carlos Ibañez, Punta Arenas Ap.",-53.00167,-70.83861,10.708333333333334,22.0
2001-02-28,530005.0,"Fuentes Martínez, Porvenir Ad.",-53.25361,-70.32611,12.2,16.0
2001-02-28,550001.0,"Guardiamarina Zañartu, Pto Williams Ad.",-54.93167,-67.61556,7.777777777777778,16.0
2001-02-28,950001.0,"C.M.A. Eduardo Frei Montalva, Antártica ",-62.19194,-58.97972,17.0,30.0
2001-03-01,180005.0,"Chacalluta, Arica Ap.",-18.35555,-70.34028,5.5,12.0
2001-03-01,200006.0,Diego Aracena Iquique Ap.,-20.54917,-70.18111,8.125,14.0
2001-03-01,220002.0,"El Loa, Calama Ad.",-22.49806,-68.8925,9.631578947368421,23.0
2001-03-01,270001.0,Mataveri  Isla de Pascua Ap.,-27.15889,-109.4325,9.5,12.0
2001-03-01,290004.0,"La Florida, La Serena Ad.",-29.91444,-71.20667,7.222222222222222,13.0
2001-03-01,330007.0,"Rodelillo, Ad.",-33.06528,-71.55639,12.461538461538462,18.0
2001-03-01,330019.0,"Eulogio Sánchez, Tobalaba Ad.",-33.45528,-70.54861,1.1538461538461537,2.0
2001-03-01,330020.0,"Quinta Normal, Santiago",-33.445,-70.68278,5.2,10.0
2001-03-01,330021.0,Pudahuel Santiago ,-33.37833,-70.78778,4.916666666666667,11.0
2001-03-01,330030.0,"Santo Domingo, Ad.",-33.65611,-71.61333,10.88888888888889,15.0
2001-03-01,330031.0,"Juan Fernández, Estación Meteorológica.",-33.63583,-78.83305,7.8,10.0
2001-03-01,340031.0,"General Freire, Curicó Ad.",-34.96944,-71.21694,9.11111111111111,11.0
2001-03-01,360011.0,"General Bernardo O'Higgins, Chillán Ad.",-36.58583,-72.03667,12.333333333333334,14.0
2001-03-01,360019.0,"Carriel Sur, Concepción Ap.",-36.78055,-73.06639,9.083333333333334,20.0
2001-03-01,370033.0,"María Dolores, Los Angeles Ad.",-37.39694,-72.42389,13.666666666666666,16.0
2001-03-01,380013.0,"Maquehue, Temuco Ad.",-38.76778,-72.63194,3.56,9.0
2001-03-01,390006.0,"Pichoy, Valdivia Ad.",-39.65667,-73.08722,5.0,10.0
2001-03-01,400009.0,"Cañal Bajo,  Osorno Ad.",-40.61444,-73.0575,4.785714285714286,10.0
2001-03-01,410005.0,El Tepual  Puerto Montt Ap.,-41.4475,-73.09583,4.958333333333333,12.0
2001-03-01,430001.0,Quellón Ad.,-43.13361,-73.63278,9.0,10.0
2001-03-01,430002.0,Futaleufú Ad.,-43.18889,-71.85222,10.8,18.0
2001-03-01,450001.0,Puerto Aysén Ad.,-45.39944,-72.67722,8.5,14.0
2001-03-01,450004.0,"Teniente Vidal, Coyhaique Ad.",-45.59083,-72.10222,8.4,12.0
2001-03-01,450005.0,Balmaceda Ad.,-45.91833,-71.67778,20.083333333333332,37.0
2001-03-01,520006.0,"Carlos Ibañez, Punta Arenas Ap.",-53.00167,-70.83861,13.0,24.0
2001-03-01,530005.0,"Fuentes Martínez, Porvenir Ad.",-53.25361,-70.32611,20.5,45.0
2001-03-01,550001.0,"Guardiamarina Zañartu, Pto Williams Ad.",-54.93167,-67.61556,6.222222222222222,10.0
2001-03-01,950001.0,"C.M.A. Eduardo Frei Montalva, Antártica ",-62.19194,-58.97972,12.058823529411764,16.0
2001-03-02,180005.0,"Chacalluta, Arica Ap.",-18.35555,-70.34028,5.916666666666667,17.0
2001-03-02,200006.0,Diego Aracena Iquique Ap.,-20.54917,-70.18111,6.75,12.0
2001-03-02,220002.0,"El Loa, Calama Ad.",-22.49806,-68.8925,12.833333333333334,23.0
2001-03-02,270001.0,Mataveri  Isla de Pascua Ap.,-27.15889,-109.4325,10.666666666666666,15.0
2001-03-02,290004.0,"La Florida, La Serena Ad.",-29.91444,-71.20667,7.333333333333333,17.0
2001-03-02,330007.0,"Rodelillo, Ad.",-33.06528,-71.55639,7.0,10.0
2001-03-02,330019.0,"Eulogio Sánchez, Tobalaba Ad.",-33.45528,-70.54861,1.3846153846153846,3.0
2001-03-02,330020.0,"Quinta Normal, Santiago",-33.445,-70.68278,3.2,6.0
2001-03-02,330021.0,Pudahuel Santiago ,-33.37833,-70.78778,4.708333333333333,13.0
2001-03-02,330030.0,"Santo Domingo, Ad.",-33.65611,-71.61333,6.25,10.0
2001-03-02,330031.0,"Juan Fernández, Estación Meteorológica.",-33.63583,-78.83305,6.2,12.0
2001-03-02,340031.0,"General Freire, Curicó Ad.",-34.96944,-71.21694,5.777777777777778,9.0
2001-03-02,360011.0,"General Bernardo O'Higgins, Chillán Ad.",-36.58583,-72.03667,7.0,8.0
2001-03-02,360019.0,"Carriel Sur, Concepción Ap.",-36.78055,-73.06639,10.333333333333334,17.0
2001-03-02,370033.0,"María Dolores, Los Angeles Ad.",-37.39694,-72.42389,12.333333333333334,15.0
2001-03-02,380013.0,"Maquehue, Temuco Ad.",-38.76778,-72.63194,3.375,8.0
2001-03-02,390006.0,"Pichoy, Valdivia Ad.",-39.65667,-73.08722,4.0,8.0
2001-03-02,400009.0,"Cañal Bajo,  Osorno Ad.",-40.61444,-73.0575,5.571428571428571,12.0
2001-03-02,410005.0,El Tepual  Puerto Montt Ap.,-41.4475,-73.09583,6.708333333333333,12.0
2001-03-02,430001.0,Quellón Ad.,-43.13361,-73.63278,4.363636363636363,7.0
2001-03-02,430002.0,Futaleufú Ad.,-43.18889,-71.85222,12.6,17.0
2001-03-02,450001.0,Puerto Aysén Ad.,-45.39944,-72.67722,11.25,16.0
2001-03-02,450004.0,"Teniente Vidal, Coyhaique Ad.",-45.59083,-72.10222,12.8,22.0
2001-03-02,450005.0,Balmaceda Ad.,-45.91833,-71.67778,19.666666666666668,29.0
2001-03-02,520006.0,"Carlos Ibañez, Punta Arenas Ap.",-53.00167,-70.83861,31.541666666666668,47.0
2001-03-02,530005.0,"Fuentes Martínez, Porvenir Ad.",-53.25361,-70.32611,32.3,48.0
2001-03-02,550001.0,"Guardiamarina Zañartu, Pto Williams Ad.",-54.93167,-67.61556,38.375,45.0
2001-03-02,950001.0,"C.M.A. Eduardo Frei Montalva, Antártica ",-62.19194,-58.97972,23.11111111111111,41.0
2001-03-03,180005.0,"Chacalluta, Arica Ap.",-18.35555,-70.34028,4.25,13.0
2001-03-03,200006.0,Diego Aracena Iquique Ap.,-20.54917,-70.18111,8.208333333333334,14.0
2001-03-03,220002.0,"El Loa, Calama Ad.",-22.49806,-68.8925,13.0,22.0
2001-03-03,270001.0,Mataveri  Isla de Pascua Ap.,-27.15889,-109.4325,11.333333333333334,14.0
2001-03-03,290004.0,"La Florida, La Serena Ad.",-29.91444,-71.20667,6.0,11.0
2001-03-03,330007.0,"Rodelillo, Ad.",-33.06528,-71.55639,5.833333333333333,8.0
2001-03-03,330019.0,"Eulogio Sánchez, Tobalaba Ad.",-33.45528,-70.54861,1.4615384615384615,4.0
2001-03-03,330020.0,"Quinta Normal, Santiago",-33.445,-70.68278,4.4,8.0
2001-03-03,330021.0,Pudahuel Santiago ,-33.37833,-70.78778,5.12,15.0
2001-03-03,330030.0,"Santo Domingo, Ad.",-33.65611,-71.61333,7.0,10.0
2001-03-03,330031.0,"Juan Fernández, Estación Meteorológica.",-33.63583,-78.83305,4.75,6.0
2001-03-03,340031.0,"General Freire, Curicó Ad.",-34.96944,-71.21694,4.0,6.0
2001-03-03,360011.0,"General Bernardo O'Higgins, Chillán Ad.",-36.58583,-72.03667,3.6666666666666665,5.0
2001-03-03,360019.0,"Carriel Sur, Concepción Ap.",-36.78055,-73.06639,7.333333333333333,14.0
2001-03-03,370033.0,"María Dolores, Los Angeles Ad.",-37.39694,-72.42389,6.0,8.0
2001-03-03,380013.0,"Maquehue, Temuco Ad.",-38.76778,-72.63194,3.2916666666666665,10.0
2001-03-03,390006.0,"Pichoy, Valdivia Ad.",-39.65667,-73.08722,6.75,13.0
2001-03-03,400009.0,"Cañal Bajo,  Osorno Ad.",-40.61444,-73.0575,6.214285714285714,13.0
2001-03-03,410005.0,El Tepual  Puerto Montt Ap.,-41.4475,-73.09583,6.708333333333333,20.0
2001-03-03,430001.0,Quellón Ad.,-43.13361,-73.63278,7.909090909090909,14.0
2001-03-03,430002.0,Futaleufú Ad.,-43.18889,-71.85222,5.0,14.0
2001-03-03,450004.0,"Teniente Vidal, Coyhaique Ad.",-45.59083,-72.10222,6.4,10.0
2001-03-03,450005.0,Balmaceda Ad.,-45.91833,-71.67778,9.875,17.0
2001-03-03,520006.0,"Carlos Ibañez, Punta Arenas Ap.",-53.00167,-70.83861,11.833333333333334,17.0
2001-03-03,530005.0,"Fuentes Martínez, Porvenir Ad.",-53.25361,-70.32611,15.3,22.0
2001-03-03,950001.0,"C.M.A. Eduardo Frei Montalva, Antártica ",-62.19194,-58.97972,17.153846153846153,41.0
2001-03-04,180005.0,"Chacalluta, Arica Ap.",-18.35555,-70.34028,4.833333333333333,16.0
2001-03-04,200006.0,Diego Aracena Iquique Ap.,-20.54917,-70.18111,10.625,20.0
2001-03-04,220002.0,"El Loa, Calama Ad.",-22.49806,-68.8925,15.23076923076923,26.0
2001-03-04,270001.0,Mataveri  Isla de Pascua Ap.,-27.15889,-109.4325,11.666666666666666,14.0
2001-03-04,290004.0,"La Florida, La Serena Ad.",-29.91444,-71.20667,5.833333333333333,10.0
2001-03-04,330007.0,"Rodelillo, Ad.",-33.06528,-71.55639,6.833333333333333,15.0
2001-03-04,330019.0,"Eulogio Sánchez, Tobalaba Ad.",-33.45528,-70.54861,1.0769230769230769,3.0
2001-03-04,330020.0,"Quinta Normal, Santiago",-33.445,-70.68278,4.0,6.0
2001-03-04,330021.0,Pudahuel Santiago ,-33.37833,-70.78778,4.958333333333333,13.0
2001-03-04,330030.0,"Santo Domingo, Ad.",-33.65611,-71.61333,5.285714285714286,8.0
2001-03-04,330031.0,"Juan Fernández, Estación Meteorológica.",-33.63583,-78.83305,1.5,6.0
2001-03-04,340031.0,"General Freire, Curicó Ad.",-34.96944,-71.21694,5.555555555555555,7.0
2001-03-04,360011.0,"General Bernardo O'Higgins, Chillán Ad.",-36.58583,-72.03667,4.333333333333333,5.0
2001-03-04,360019.0,"Carriel Sur, Concepción Ap.",-36.78055,-73.06639,4.5,15.0
2001-03-04,370033.0,"María Dolores, Los Angeles Ad.",-37.39694,-72.42389,3.6666666666666665,6.0
2001-03-04,380013.0,"Maquehue, Temuco Ad.",-38.76778,-72.63194,3.96,10.0
2001-03-04,390006.0,"Pichoy, Valdivia Ad.",-39.65667,-73.08722,5.5,10.0
2001-03-04,400009.0,"Cañal Bajo,  Osorno Ad.",-40.61444,-73.0575,7.428571428571429,16.0
2001-03-04,410005.0,El Tepual  Puerto Montt Ap.,-41.4475,-73.09583,5.166666666666667,18.0
2001-03-04,430001.0,Quellón Ad.,-43.13361,-73.63278,6.090909090909091,8.0
2001-03-04,430002.0,Futaleufú Ad.,-43.18889,-71.85222,6.6,12.0
2001-03-04,450004.0,"Teniente Vidal, Coyhaique Ad.",-45.59083,-72.10222,11.8,20.0
2001-03-04,450005.0,Balmaceda Ad.,-45.91833,-71.67778,20.083333333333332,34.0
2001-03-04,520006.0,"Carlos Ibañez, Punta Arenas Ap.",-53.00167,-70.83861,11.541666666666666,24.0
2001-03-04,950001.0,"C.M.A. Eduardo Frei Montalva, Antártica ",-62.19194,-58.97972,10.857142857142858,21.0
2001-03-05,180005.0,"Chacalluta, Arica Ap.",-18.35555,-70.34028,5.0,14.0
2001-03-05,200006.0,Diego Aracena Iquique Ap.,-20.54917,-70.18111,10.125,19.0
2001-03-05,220002.0,"El Loa, Calama Ad.",-22.49806,-68.8925,15.5625,25.0
2001-03-05,270001.0,Mataveri  Isla de Pascua Ap.,-27.15889,-109.4325,9.5,12.0
2001-03-05,290004.0,"La Florida, La Serena Ad.",-29.91444,-71.20667,6.555555555555555,12.0
2001-03-05,330007.0,"Rodelillo, Ad.",-33.06528,-71.55639,6.916666666666667,12.0
2001-03-05,330019.0,"Eulogio Sánchez, Tobalaba Ad.",-33.45528,-70.54861,1.5384615384615385,4.0
2001-03-05,330020.0,"Quinta Normal, Santiago",-33.445,-70.68278,4.4,8.0
2001-03-05,330021.0,Pudahuel Santiago ,-33.37833,-70.78778,5.583333333333333,15.0
2001-03-05,330030.0,"Santo Domingo, Ad.",-33.65611,-71.61333,5.222222222222222,10.0
2001-03-05,330031.0,"Juan Fernández, Estación Meteorológica.",-33.63583,-78.83305,5.6,8.0
2001-03-05,340031.0,"General Freire, Curicó Ad.",-34.96944,-71.21694,7.444444444444445,9.0
2001-03-05,360011.0,"General Bernardo O'Higgins, Chillán Ad.",-36.58583,-72.03667,6.333333333333333,8.0
2001-03-05,360019.0,"Carriel Sur, Concepción Ap.",-36.78055,-73.06639,9.25,19.0
2001-03-05,370033.0,"María Dolores, Los Angeles Ad.",-37.39694,-72.42389,9.333333333333334,12.0
2001-03-05,380013.0,"Maquehue, Temuco Ad.",-38.76778,-72.63194,3.3461538461538463,11.0
2001-03-05,390006.0,"Pichoy, Valdivia Ad.",-39.65667,-73.08722,6.5,12.0
2001-03-05,400009.0,"Cañal Bajo,  Osorno Ad.",-40.61444,-73.0575,5.5625,13.0
2001-03-05,410005.0,El Tepual  Puerto Montt Ap.,-41.4475,-73.09583,5.708333333333333,12.0
2001-03-05,430001.0,Quellón Ad.,-43.13361,-73.63278,9.636363636363637,14.0
2001-03-05,430002.0,Futaleufú Ad.,-43.18889,-71.85222,14.4,18.0
2001-03-05,450001.0,Puerto Aysén Ad.,-45.39944,-72.67722,8.5,12.0
2001-03-05,450004.0,"Teniente Vidal, Coyhaique Ad.",-45.59083,-72.10222,6.4,11.0
2001-03-05,450005.0,Balmaceda Ad.,-45.91833,-71.67778,22.708333333333332,34.0
2001-03-05,520006.0,"Carlos Ibañez, Punta Arenas Ap.",-53.00167,-70.83861,15.875,26.0
2001-03-05,530005.0,"Fuentes Martínez, Porvenir Ad.",-53.25361,-70.32611,14.4,21.0
2001-03-05,550001.0,"Guardiamarina Zañartu, Pto Williams Ad.",-54.93167,-67.61556,7.222222222222222,20.0
2001-03-05,950001.0,"C.M.A. Eduardo Frei Montalva, Antártica ",-62.19194,-58.97972,23.88888888888889,28.0
2001-03-06,180005.0,"Chacalluta, Arica Ap.",-18.35555,-70.34028,5.958333333333333,12.0
2001-03-06,200006.0,Diego Aracena Iquique Ap.,-20.54917,-70.18111,8.375,16.0
2001-03-06,220002.0,"El Loa, Calama Ad.",-22.49806,-68.8925,14.875,24.0
2001-03-06,270001.0,Mataveri  Isla de Pascua Ap.,-27.15889,-109.4325,8.5,11.0
2001-03-06,290004.0,"La Florida, La Serena Ad.",-29.91444,-71.20667,6.388888888888889,12.0
2001-03-06,330007.0,"Rodelillo, Ad.",-33.06528,-71.55639,6.666666666666667,15.0
2001-03-06,330019.0,"Eulogio Sánchez, Tobalaba Ad.",-33.45528,-70.54861,1.7692307692307692,3.0
2001-03-06,330020.0,"Quinta Normal, Santiago",-33.445,-70.68278,2.8,6.0
2001-03-06,330021.0,Pudahuel Santiago ,-33.37833,-70.78778,4.36,13.0
2001-03-06,330030.0,"Santo Domingo, Ad.",-33.65611,-71.61333,10.0,15.0
2001-03-06,330031.0,"Juan Fernández, Estación Meteorológica.",-33.63583,-78.83305,5.6,8.0
2001-03-06,340031.0,"General Freire, Curicó Ad.",-34.96944,-71.21694,7.666666666666667,9.0
2001-03-06,360011.0,"General Bernardo O'Higgins, Chillán Ad.",-36.58583,-72.03667,9.666666666666666,14.0
2001-03-06,360019.0,"Carriel Sur, Concepción Ap.",-36.78055,-73.06639,10.583333333333334,20.0
2001-03-06,370033.0,"María Dolores, Los Angeles Ad.",-37.39694,-72.42389,10.0,16.0
2001-03-06,380013.0,"Maquehue, Temuco Ad.",-38.76778,-72.63194,3.9166666666666665,7.0
2001-03-06,390006.0,"Pichoy, Valdivia Ad.",-39.65667,-73.08722,4.0,10.0
2001-03-06,400009.0,"Cañal Bajo,  Osorno Ad.",-40.61444,-73.0575,3.7857142857142856,8.0
2001-03-06,410005.0,El Tepual  Puerto Montt Ap.,-41.4475,-73.09583,3.4583333333333335,9.0
2001-03-06,430001.0,Quellón Ad.,-43.13361,-73.63278,7.0,8.0
2001-03-06,430002.0,Futaleufú Ad.,-43.18889,-71.85222,11.0,16.0
2001-03-06,450001.0,Puerto Aysén Ad.,-45.39944,-72.67722,3.5,8.0
2001-03-06,450004.0,"Teniente Vidal, Coyhaique Ad.",-45.59083,-72.10222,7.4,11.0
2001-03-06,450005.0,Balmaceda Ad.,-45.91833,-71.67778,19.166666666666668,29.0
2001-03-06,520006.0,"Carlos Ibañez, Punta Arenas Ap.",-53.00167,-70.83861,12.166666666666666,19.0
2001-03-06,530005.0,"Fuentes Martínez, Porvenir Ad.",-53.25361,-70.32611,11.6,17.0
2001-03-06,550001.0,"Guardiamarina Zañartu, Pto Williams Ad.",-54.93167,-67.61556,19.0,25.0
2001-03-06,950001.0,"C.M.A. Eduardo Frei Montalva, Antártica ",-62.19194,-58.97972,8.88888888888889,17.0
2001-03-07,180005.0,"Chacalluta, Arica Ap.",-18.35555,-70.34028,4.52,12.0
2001-03-07,200006.0,Diego Aracena Iquique Ap.,-20.54917,-70.18111,6.666666666666667,14.0
2001-03-07,220002.0,"El Loa, Calama Ad.",-22.49806,-68.8925,15.9375,24.0
2001-03-07,270001.0,Mataveri  Isla de Pascua Ap.,-27.15889,-109.4325,5.833333333333333,8.0
2001-03-07,290004.0,"La Florida, La Serena Ad.",-29.91444,-71.20667,6.388888888888889,14.0
2001-03-07,330007.0,"Rodelillo, Ad.",-33.06528,-71.55639,7.583333333333333,12.0
2001-03-07,330019.0,"Eulogio Sánchez, Tobalaba Ad.",-33.45528,-70.54861,1.3846153846153846,3.0
2001-03-07,330020.0,"Quinta Normal, Santiago",-33.445,-70.68278,4.4,10.0
2001-03-07,330021.0,Pudahuel Santiago ,-33.37833,-70.78778,5.125,12.0
2001-03-07,330030.0,"Santo Domingo, Ad.",-33.65611,-71.61333,5.333333333333333,10.0
2001-03-07,330031.0,"Juan Fernández, Estación Meteorológica.",-33.63583,-78.83305,4.4,10.0
2001-03-07,340031.0,"General Freire, Curicó Ad.",-34.96944,-71.21694,4.222222222222222,7.0
2001-03-07,360011.0,"General Bernardo O'Higgins, Chillán Ad.",-36.58583,-72.03667,6.0,7.0
2001-03-07,360019.0,"Carriel Sur, Concepción Ap.",-36.78055,-73.06639,7.458333333333333,13.0
2001-03-07,370033.0,"María Dolores, Los Angeles Ad.",-37.39694,-72.42389,6.666666666666667,11.0
2001-03-07,380013.0,"Maquehue, Temuco Ad.",-38.76778,-72.63194,3.64,8.0
2001-03-07,390006.0,"Pichoy, Valdivia Ad.",-39.65667,-73.08722,4.75,9.0
2001-03-07,400009.0,"Cañal Bajo,  Osorno Ad.",-40.61444,-73.0575,7.714285714285714,13.0
2001-03-07,410005.0,El Tepual  Puerto Montt Ap.,-41.4475,-73.09583,9.041666666666666,20.0
2001-03-07,430001.0,Quellón Ad.,-43.13361,-73.63278,9.636363636363637,12.0
2001-03-07,430002.0,Futaleufú Ad.,-43.18889,-71.85222,8.8,18.0
2001-03-07,450001.0,Puerto Aysén Ad.,-45.39944,-72.67722,5.0,12.0
2001-03-07,450004.0,"Teniente Vidal, Coyhaique Ad.",-45.59083,-72.10222,7.0,10.0
2001-03-07,450005.0,Balmaceda Ad.,-45.91833,-71.67778,19.5,25.0
2001-03-07,520006.0,"Carlos Ibañez, Punta Arenas Ap.",-53.00167,-70.83861,13.333333333333334,23.0
2001-03-07,530005.0,"Fuentes Martínez, Porvenir Ad.",-53.25361,-70.32611,14.6,22.0
2001-03-07,550001.0,"Guardiamarina Zañartu, Pto Williams Ad.",-54.93167,-67.61556,5.0,12.0
2001-03-07,950001.0,"C.M.A. Eduardo Frei Montalva, Antártica ",-62.19194,-58.97972,6.8125,18.0
2001-03-08,180005.0,"Chacalluta, Arica Ap.",-18.35555,-70.34028,4.625,13.0
2001-03-08,200006.0,Diego Aracena Iquique Ap.,-20.54917,-70.18111,7.916666666666667,14.0
2001-03-08,220002.0,"El Loa, Calama Ad.",-22.49806,-68.8925,15.1875,24.0
2001-03-08,270001.0,Mataveri  Isla de Pascua Ap.,-27.15889,-109.4325,3.0,5.0
2001-03-08,290004.0,"La Florida, La Serena Ad.",-29.91444,-71.20667,5.611111111111111,12.0
2001-03-08,330007.0,"Rodelillo, Ad.",-33.06528,-71.55639,6.333333333333333,12.0
2001-03-08,330019.0,"Eulogio Sánchez, Tobalaba Ad.",-33.45528,-70.54861,1.0769230769230769,3.0
2001-03-08,330020.0,"Quinta Normal, Santiago",-33.445,-70.68278,3.2,6.0
2001-03-08,330021.0,Pudahuel Santiago ,-33.37833,-70.78778,4.458333333333333,13.0
2001-03-08,330030.0,"Santo Domingo, Ad.",-33.65611,-71.61333,5.888888888888889,10.0
2001-03-08,330031.0,"Juan Fernández, Estación Meteorológica.",-33.63583,-78.83305,4.6,10.0
2001-03-08,340031.0,"General Freire, Curicó Ad.",-34.96944,-71.21694,4.0,5.0
2001-03-08,360011.0,"General Bernardo O'Higgins, Chillán Ad.",-36.58583,-72.03667,4.0,6.0
2001-03-08,360019.0,"Carriel Sur, Concepción Ap.",-36.78055,-73.06639,3.7916666666666665,10.0
2001-03-08,370033.0,"María Dolores, Los Angeles Ad.",-37.39694,-72.42389,9.0,13.0
2001-03-08,380013.0,"Maquehue, Temuco Ad.",-38.76778,-72.63194,6.0,13.0
2001-03-08,390006.0,"Pichoy, Valdivia Ad.",-39.65667,-73.08722,14.75,25.0
2001-03-08,400009.0,"Cañal Bajo,  Osorno Ad.",-40.61444,-73.0575,12.142857142857142,17.0
2001-03-08,410005.0,El Tepual  Puerto Montt Ap.,-41.4475,-73.09583,16.875,24.0
2001-03-08,430001.0,Quellón Ad.,-43.13361,-73.63278,10.181818181818182,24.0
2001-03-08,430002.0,Futaleufú Ad.,-43.18889,-71.85222,4.8,10.0
2001-03-08,450001.0,Puerto Aysén Ad.,-45.39944,-72.67722,3.0,8.0
2001-03-08,450004.0,"Teniente Vidal, Coyhaique Ad.",-45.59083,-72.10222,7.4,11.0
2001-03-08,450005.0,Balmaceda Ad.,-45.91833,-71.67778,10.416666666666666,15.0
2001-03-08,520006.0,"Carlos Ibañez, Punta Arenas Ap.",-53.00167,-70.83861,15.0,24.0
2001-03-08,530005.0,"Fuentes Martínez, Porvenir Ad.",-53.25361,-70.32611,19.3,30.0
2001-03-08,550001.0,"Guardiamarina Zañartu, Pto Williams Ad.",-54.93167,-67.61556,11.222222222222221,15.0
2001-03-08,950001.0,"C.M.A. Eduardo Frei Montalva, Antártica ",-62.19194,-58.97972,33.333333333333336,38.0
2001-03-09,180005.0,"Chacalluta, Arica Ap.",-18.35555,-70.34028,4.75,10.0
2001-03-09,200006.0,Diego Aracena Iquique Ap.,-20.54917,-70.18111,10.458333333333334,15.0
2001-03-09,220002.0,"El Loa, Calama Ad.",-22.49806,-68.8925,14.625,22.0
2001-03-09,270001.0,Mataveri  Isla de Pascua Ap.,-27.15889,-109.4325,4.166666666666667,6.0
2001-03-09,290004.0,"La Florida, La Serena Ad.",-29.91444,-71.20667,6.555555555555555,11.0
2001-03-09,330007.0,"Rodelillo, Ad.",-33.06528,-71.55639,7.083333333333333,12.0
2001-03-09,330019.0,"Eulogio Sánchez, Tobalaba Ad.",-33.45528,-70.54861,1.0,3.0
2001-03-09,330020.0,"Quinta Normal, Santiago",-33.445,-70.68278,4.4,6.0
2001-03-09,330021.0,Pudahuel Santiago ,-33.37833,-70.78778,5.541666666666667,11.0
2001-03-09,330030.0,"Santo Domingo, Ad.",-33.65611,-71.61333,4.875,10.0
2001-03-09,330031.0,"Juan Fernández, Estación Meteorológica.",-33.63583,-78.83305,13.4,20.0
2001-03-09,340031.0,"General Freire, Curicó Ad.",-34.96944,-71.21694,3.888888888888889,6.0
2001-03-09,360011.0,"General Bernardo O'Higgins, Chillán Ad.",-36.58583,-72.03667,11.666666666666666,16.0
2001-03-09,360019.0,"Carriel Sur, Concepción Ap.",-36.78055,-73.06639,11.583333333333334,22.0
2001-03-09,370033.0,"María Dolores, Los Angeles Ad.",-37.39694,-72.42389,15.333333333333334,18.0
2001-03-09,380013.0,"Maquehue, Temuco Ad.",-38.76778,-72.63194,9.48,18.0
2001-03-09,390006.0,"Pichoy, Valdivia Ad.",-39.65667,-73.08722,13.5,19.0
2001-03-09,400009.0,"Cañal Bajo,  Osorno Ad.",-40.61444,-73.0575,12.333333333333334,18.0
2001-03-09,410005.0,El Tepual  Puerto Montt Ap.,-41.4475,-73.09583,17.416666666666668,30.0
2001-03-09,430001.0,Quellón Ad.,-43.13361,-73.63278,9.0,25.0
2001-03-09,430002.0,Futaleufú Ad.,-43.18889,-71.85222,3.8,8.0
2001-03-09,450001.0,Puerto Aysén Ad.,-45.39944,-72.67722,1.0,4.0
2001-03-09,450004.0,"Teniente Vidal, Coyhaique Ad.",-45.59083,-72.10222,6.0,8.0
2001-03-09,450005.0,Balmaceda Ad.,-45.91833,-71.67778,9.958333333333334,20.0
2001-03-09,520006.0,"Carlos Ibañez, Punta Arenas Ap.",-53.00167,-70.83861,21.375,28.0
2001-03-09,530005.0,"Fuentes Martínez, Porvenir Ad.",-53.25361,-70.32611,23.5,32.0
2001-03-09,550001.0,"Guardiamarina Zañartu, Pto Williams Ad.",-54.93167,-67.61556,16.875,20.0
2001-03-09,950001.0,"C.M.A. Eduardo Frei Montalva, Antártica ",-62.19194,-58.97972,30.555555555555557,35.0
2001-03-10,180005.0,"Chacalluta, Arica Ap.",-18.35555,-70.34028,5.875,14.0
2001-03-10,200006.0,Diego Aracena Iquique Ap.,-20.54917,-70.18111,13.5,21.0
2001-03-10,220002.0,"El Loa, Calama Ad.",-22.49806,-68.8925,11.133333333333333,22.0
2001-03-10,270001.0,Mataveri  Isla de Pascua Ap.,-27.15889,-109.4325,10.0,13.0
2001-03-10,290004.0,"La Florida, La Serena Ad.",-29.91444,-71.20667,6.5,13.0
2001-03-10,330007.0,"Rodelillo, Ad.",-33.06528,-71.55639,6.25,14.0
2001-03-10,330019.0,"Eulogio Sánchez, Tobalaba Ad.",-33.45528,-70.54861,1.2307692307692308,3.0
2001-03-10,330020.0,"Quinta Normal, Santiago",-33.445,-70.68278,3.6,6.0
2001-03-10,330021.0,Pudahuel Santiago ,-33.37833,-70.78778,5.083333333333333,10.0
2001-03-10,330030.0,"Santo Domingo, Ad.",-33.65611,-71.61333,5.857142857142857,10.0
2001-03-10,330031.0,"Juan Fernández, Estación Meteorológica.",-33.63583,-78.83305,7.25,8.0
2001-03-10,340031.0,"General Freire, Curicó Ad.",-34.96944,-71.21694,4.777777777777778,7.0
2001-03-10,360011.0,"General Bernardo O'Higgins, Chillán Ad.",-36.58583,-72.03667,4.0,7.0
2001-03-10,360019.0,"Carriel Sur, Concepción Ap.",-36.78055,-73.06639,7.166666666666667,20.0
2001-03-10,370033.0,"María Dolores, Los Angeles Ad.",-37.39694,-72.42389,5.666666666666667,8.0
2001-03-10,380013.0,"Maquehue, Temuco Ad.",-38.76778,-72.63194,3.72,8.0
2001-03-10,390006.0,"Pichoy, Valdivia Ad.",-39.65667,-73.08722,5.0,11.0
2001-03-10,400009.0,"Cañal Bajo,  Osorno Ad.",-40.61444,-73.0575,4.866666666666666,9.0
2001-03-10,410005.0,El Tepual  Puerto Montt Ap.,-41.4475,-73.09583,3.875,12.0
2001-03-10,430001.0,Quellón Ad.,-43.13361,-73.63278,5.181818181818182,6.0
2001-03-10,430002.0,Futaleufú Ad.,-43.18889,-71.85222,3.0,6.0
2001-03-10,450004.0,"Teniente Vidal, Coyhaique Ad.",-45.59083,-72.10222,5.4,10.0
2001-03-10,450005.0,Balmaceda Ad.,-45.91833,-71.67778,13.125,18.0
2001-03-10,520006.0,"Carlos Ibañez, Punta Arenas Ap.",-53.00167,-70.83861,21.958333333333332,27.0
2001-03-10,530005.0,"Fuentes Martínez, Porvenir Ad.",-53.25361,-70.32611,20.0,23.0
2001-03-10,950001.0,"C.M.A. Eduardo Frei Montalva, Antártica ",-62.19194,-58.97972,25.444444444444443,32.0
2001-03-11,180005.0,"Chacalluta, Arica Ap.",-18.35555,-70.34028,6.416666666666667,14.0
2001-03-11,200006.0,Diego Aracena Iquique Ap.,-20.54917,-70.18111,9.458333333333334,16.0
2001-03-11,220002.0,"El Loa, Calama Ad.",-22.49806,-68.8925,15.272727272727273,22.0
2001-03-11,270001.0,Mataveri  Isla de Pascua Ap.,-27.15889,-109.4325,10.5,16.0
2001-03-11,290004.0,"La Florida, La Serena Ad.",-29.91444,-71.20667,5.611111111111111,11.0
2001-03-11,330007.0,"Rodelillo, Ad.",-33.06528,-71.55639,7.909090909090909,11.0
2001-03-11,330019.0,"Eulogio Sánchez, Tobalaba Ad.",-33.45528,-70.54861,1.3333333333333333,3.0
2001-03-11,330020.0,"Quinta Normal, Santiago",-33.445,-70.68278,4.4,8.0
2001-03-11,330021.0,Pudahuel Santiago ,-33.37833,-70.78778,4.16,13.0
2001-03-11,330030.0,"Santo Domingo, Ad.",-33.65611,-71.61333,5.571428571428571,10.0
2001-03-11,330031.0,"Juan Fernández, Estación Meteorológica.",-33.63583,-78.83305,18.25,35.0
2001-03-11,340031.0,"General Freire, Curicó Ad.",-34.96944,-71.21694,3.9,7.0
2001-03-11,360011.0,"General Bernardo O'Higgins, Chillán Ad.",-36.58583,-72.03667,2.0,5.0
2001-03-11,360019.0,"Carriel Sur, Concepción Ap.",-36.78055,-73.06639,4.375,9.0
2001-03-11,370033.0,"María Dolores, Los Angeles Ad.",-37.39694,-72.42389,1.75,4.0
2001-03-11,380013.0,"Maquehue, Temuco Ad.",-38.76778,-72.63194,1.9583333333333333,5.0
2001-03-11,390006.0,"Pichoy, Valdivia Ad.",-39.65667,-73.08722,2.0,3.0
2001-03-11,400009.0,"Cañal Bajo,  Osorno Ad.",-40.61444,-73.0575,2.6923076923076925,6.0
2001-03-11,410005.0,El Tepual  Puerto Montt Ap.,-41.4475,-73.09583,3.625,8.0
2001-03-11,430001.0,Quellón Ad.,-43.13361,-73.63278,8.090909090909092,12.0
2001-03-11,430002.0,Futaleufú Ad.,-43.18889,-71.85222,1.0,5.0
2001-03-11,450004.0,"Teniente Vidal, Coyhaique Ad.",-45.59083,-72.10222,5.0,7.0
2001-03-11,450005.0,Balmaceda Ad.,-45.91833,-71.67778,2.5416666666666665,9.0
2001-03-11,520006.0,"Carlos Ibañez, Punta Arenas Ap.",-53.00167,-70.83861,17.583333333333332,25.0
2001-03-11,950001.0,"C.M.A. Eduardo Frei Montalva, Antártica ",-62.19194,-58.97972,12.727272727272727,20.0
2001-03-12,180005.0,"Chacalluta, Arica Ap.",-18.35555,-70.34028,5.75,14.0
2001-03-12,200006.0,Diego Aracena Iquique Ap.,-20.54917,-70.18111,8.583333333333334,16.0
2001-03-12,220002.0,"El Loa, Calama Ad.",-22.49806,-68.8925,13.125,20.0
2001-03-12,270001.0,Mataveri  Isla de Pascua Ap.,-27.15889,-109.4325,3.5,7.0
2001-03-12,290004.0,"La Florida, La Serena Ad.",-29.91444,-71.20667,6.470588235294118,12.0
2001-03-12,330007.0,"Rodelillo, Ad.",-33.06528,-71.55639,9.818181818181818,14.0
2001-03-12,330019.0,"Eulogio Sánchez, Tobalaba Ad.",-33.45528,-70.54861,1.3636363636363635,3.0
2001-03-12,330020.0,"Quinta Normal, Santiago",-33.445,-70.68278,4.8,6.0
2001-03-12,330021.0,Pudahuel Santiago ,-33.37833,-70.78778,5.0,11.0
2001-03-12,330030.0,"Santo Domingo, Ad.",-33.65611,-71.61333,7.555555555555555,11.0
2001-03-12,330031.0,"Juan Fernández, Estación Meteorológica.",-33.63583,-78.83305,5.2,12.0
2001-03-12,340031.0,"General Freire, Curicó Ad.",-34.96944,-71.21694,8.6,14.0
2001-03-12,360011.0,"General Bernardo O'Higgins, Chillán Ad.",-36.58583,-72.03667,14.0,17.0
2001-03-12,360019.0,"Carriel Sur, Concepción Ap.",-36.78055,-73.06639,10.458333333333334,21.0
2001-03-12,370033.0,"María Dolores, Los Angeles Ad.",-37.39694,-72.42389,12.25,14.0
2001-03-12,380013.0,"Maquehue, Temuco Ad.",-38.76778,-72.63194,3.9583333333333335,11.0
2001-03-12,390006.0,"Pichoy, Valdivia Ad.",-39.65667,-73.08722,5.0,10.0
2001-03-12,400009.0,"Cañal Bajo,  Osorno Ad.",-40.61444,-73.0575,2.5384615384615383,5.0
2001-03-12,410005.0,El Tepual  Puerto Montt Ap.,-41.4475,-73.09583,2.6666666666666665,9.0
2001-03-12,430001.0,Quellón Ad.,-43.13361,-73.63278,4.090909090909091,5.0
2001-03-12,430002.0,Futaleufú Ad.,-43.18889,-71.85222,2.4,8.0
2001-03-12,450001.0,Puerto Aysén Ad.,-45.39944,-72.67722,6.25,12.0
2001-03-12,450004.0,"Teniente Vidal, Coyhaique Ad.",-45.59083,-72.10222,5.2,12.0
2001-03-12,450005.0,Balmaceda Ad.,-45.91833,-71.67778,5.75,20.0
2001-03-12,520006.0,"Carlos Ibañez, Punta Arenas Ap.",-53.00167,-70.83861,7.208333333333333,13.0
2001-03-12,530005.0,"Fuentes Martínez, Porvenir Ad.",-53.25361,-70.32611,8.7,12.0
2001-03-12,550001.0,"Guardiamarina Zañartu, Pto Williams Ad.",-54.93167,-67.61556,2.727272727272727,5.0
2001-03-12,950001.0,"C.M.A. Eduardo Frei Montalva, Antártica ",-62.19194,-58.97972,14.75,21.0
2001-03-13,180005.0,"Chacalluta, Arica Ap.",-18.35555,-70.34028,6.041666666666667,12.0
2001-03-13,200006.0,Diego Aracena Iquique Ap.,-20.54917,-70.18111,7.875,14.0
2001-03-13,220002.0,"El Loa, Calama Ad.",-22.49806,-68.8925,16.8125,27.0
2001-03-13,270001.0,Mataveri  Isla de Pascua Ap.,-27.15889,-109.4325,3.6666666666666665,9.0
2001-03-13,290004.0,"La Florida, La Serena Ad.",-29.91444,-71.20667,6.470588235294118,11.0
2001-03-13,330007.0,"Rodelillo, Ad.",-33.06528,-71.55639,8.454545454545455,14.0
2001-03-13,330019.0,"Eulogio Sánchez, Tobalaba Ad.",-33.45528,-70.54861,1.2727272727272727,2.0
2001-03-13,330020.0,"Quinta Normal, Santiago",-33.445,-70.68278,3.6,6.0
2001-03-13,330021.0,Pudahuel Santiago ,-33.37833,-70.78778,4.208333333333333,11.0
2001-03-13,330030.0,"Santo Domingo, Ad.",-33.65611,-71.61333,8.222222222222221,11.0
2001-03-13,330031.0,"Juan Fernández, Estación Meteorológica.",-33.63583,-78.83305,4.8,8.0
2001-03-13,340031.0,"General Freire, Curicó Ad.",-34.96944,-71.21694,7.5,11.0
2001-03-13,360011.0,"General Bernardo O'Higgins, Chillán Ad.",-36.58583,-72.03667,8.666666666666666,9.0
2001-03-13,360019.0,"Carriel Sur, Concepción Ap.",-36.78055,-73.06639,6.541666666666667,14.0
2001-03-13,370033.0,"María Dolores, Los Angeles Ad.",-37.39694,-72.42389,14.0,16.0
2001-03-13,380013.0,"Maquehue, Temuco Ad.",-38.76778,-72.63194,3.08,8.0
2001-03-13,390006.0,"Pichoy, Valdivia Ad.",-39.65667,-73.08722,2.5,6.0
2001-03-13,400009.0,"Cañal Bajo,  Osorno Ad.",-40.61444,-73.0575,1.5,3.0
2001-03-13,410005.0,El Tepual  Puerto Montt Ap.,-41.4475,-73.09583,2.125,8.0
2001-03-13,430001.0,Quellón Ad.,-43.13361,-73.63278,7.2727272727272725,12.0
2001-03-13,430002.0,Futaleufú Ad.,-43.18889,-71.85222,6.8,11.0
2001-03-13,450001.0,Puerto Aysén Ad.,-45.39944,-72.67722,4.75,8.0
2001-03-13,450004.0,"Teniente Vidal, Coyhaique Ad.",-45.59083,-72.10222,7.4,9.0
2001-03-13,450005.0,Balmaceda Ad.,-45.91833,-71.67778,18.25,29.0
2001-03-13,520006.0,"Carlos Ibañez, Punta Arenas Ap.",-53.00167,-70.83861,8.458333333333334,24.0
2001-03-13,530005.0,"Fuentes Martínez, Porvenir Ad.",-53.25361,-70.32611,14.1,19.0
2001-03-13,550001.0,"Guardiamarina Zañartu, Pto Williams Ad.",-54.93167,-67.61556,12.0,20.0
2001-03-13,950001.0,"C.M.A. Eduardo Frei Montalva, Antártica ",-62.19194,-58.97972,13.7,19.0
2001-03-14,180005.0,"Chacalluta, Arica Ap.",-18.35555,-70.34028,5.96,16.0
2001-03-14,200006.0,Diego Aracena Iquique Ap.,-20.54917,-70.18111,5.541666666666667,12.0
2001-03-14,220002.0,"El Loa, Calama Ad.",-22.49806,-68.8925,12.3125,23.0
2001-03-14,270001.0,Mataveri  Isla de Pascua Ap.,-27.15889,-109.4325,7.666666666666667,9.0
2001-03-14,290004.0,"La Florida, La Serena Ad.",-29.91444,-71.20667,5.705882352941177,11.0
2001-03-14,330007.0,"Rodelillo, Ad.",-33.06528,-71.55639,5.181818181818182,8.0
2001-03-14,330019.0,"Eulogio Sánchez, Tobalaba Ad.",-33.45528,-70.54861,1.3636363636363635,3.0
2001-03-14,330020.0,"Quinta Normal, Santiago",-33.445,-70.68278,3.2,6.0
2001-03-14,330021.0,Pudahuel Santiago ,-33.37833,-70.78778,4.291666666666667,11.0
2001-03-14,330030.0,"Santo Domingo, Ad.",-33.65611,-71.61333,6.333333333333333,10.0
2001-03-14,330031.0,"Juan Fernández, Estación Meteorológica.",-33.63583,-78.83305,6.6,10.0
2001-03-14,340031.0,"General Freire, Curicó Ad.",-34.96944,-71.21694,7.2,9.0
2001-03-14,360011.0,"General Bernardo O'Higgins, Chillán Ad.",-36.58583,-72.03667,15.333333333333334,18.0
2001-03-14,360019.0,"Carriel Sur, Concepción Ap.",-36.78055,-73.06639,8.166666666666666,20.0
2001-03-14,370033.0,"María Dolores, Los Angeles Ad.",-37.39694,-72.42389,16.5,20.0
2001-03-14,380013.0,"Maquehue, Temuco Ad.",-38.76778,-72.63194,3.75,10.0
2001-03-14,390006.0,"Pichoy, Valdivia Ad.",-39.65667,-73.08722,3.0,8.0
2001-03-14,400009.0,"Cañal Bajo,  Osorno Ad.",-40.61444,-73.0575,7.0,10.0
2001-03-14,410005.0,El Tepual  Puerto Montt Ap.,-41.4475,-73.09583,4.0,10.0
2001-03-14,430001.0,Quellón Ad.,-43.13361,-73.63278,4.636363636363637,6.0
2001-03-14,430002.0,Futaleufú Ad.,-43.18889,-71.85222,7.8,12.0
2001-03-14,450001.0,Puerto Aysén Ad.,-45.39944,-72.67722,11.5,14.0
2001-03-14,450004.0,"Teniente Vidal, Coyhaique Ad.",-45.59083,-72.10222,7.4,12.0
2001-03-14,450005.0,Balmaceda Ad.,-45.91833,-71.67778,21.541666666666668,32.0
2001-03-14,520006.0,"Carlos Ibañez, Punta Arenas Ap.",-53.00167,-70.83861,13.96,30.0
2001-03-14,530005.0,"Fuentes Martínez, Porvenir Ad.",-53.25361,-70.32611,15.9,23.0
2001-03-14,550001.0,"Guardiamarina Zañartu, Pto Williams Ad.",-54.93167,-67.61556,15.11111111111111,20.0
2001-03-14,950001.0,"C.M.A. Eduardo Frei Montalva, Antártica ",-62.19194,-58.97972,19.9,24.0
2001-03-15,180005.0,"Chacalluta, Arica Ap.",-18.35555,-70.34028,5.0,13.0
2001-03-15,200006.0,Diego Aracena Iquique Ap.,-20.54917,-70.18111,8.583333333333334,15.0
2001-03-15,220002.0,"El Loa, Calama Ad.",-22.49806,-68.8925,13.125,21.0
2001-03-15,270001.0,Mataveri  Isla de Pascua Ap.,-27.15889,-109.4325,8.833333333333334,11.0
2001-03-15,290004.0,"La Florida, La Serena Ad.",-29.91444,-71.20667,4.588235294117647,9.0
2001-03-15,330007.0,"Rodelillo, Ad.",-33.06528,-71.55639,9.454545454545455,12.0
2001-03-15,330019.0,"Eulogio Sánchez, Tobalaba Ad.",-33.45528,-70.54861,1.7272727272727273,3.0
2001-03-15,330020.0,"Quinta Normal, Santiago",-33.445,-70.68278,4.0,6.0
2001-03-15,330021.0,Pudahuel Santiago ,-33.37833,-70.78778,5.041666666666667,15.0
2001-03-15,330030.0,"Santo Domingo, Ad.",-33.65611,-71.61333,5.928571428571429,10.0
2001-03-15,330031.0,"Juan Fernández, Estación Meteorológica.",-33.63583,-78.83305,6.0,8.0
2001-03-15,340031.0,"General Freire, Curicó Ad.",-34.96944,-71.21694,3.9,6.0
2001-03-15,360011.0,"General Bernardo O'Higgins, Chillán Ad.",-36.58583,-72.03667,4.333333333333333,6.0
2001-03-15,360019.0,"Carriel Sur, Concepción Ap.",-36.78055,-73.06639,7.583333333333333,15.0
2001-03-15,370033.0,"María Dolores, Los Angeles Ad.",-37.39694,-72.42389,12.25,20.0
2001-03-15,380013.0,"Maquehue, Temuco Ad.",-38.76778,-72.63194,4.25,8.0
2001-03-15,390006.0,"Pichoy, Valdivia Ad.",-39.65667,-73.08722,3.0,4.0
2001-03-15,400009.0,"Cañal Bajo,  Osorno Ad.",-40.61444,-73.0575,8.76923076923077,12.0
2001-03-15,410005.0,El Tepual  Puerto Montt Ap.,-41.4475,-73.09583,8.875,13.0
2001-03-15,430001.0,Quellón Ad.,-43.13361,-73.63278,6.818181818181818,10.0
2001-03-15,430002.0,Futaleufú Ad.,-43.18889,-71.85222,2.4,8.0
2001-03-15,450001.0,Puerto Aysén Ad.,-45.39944,-72.67722,7.0,10.0
2001-03-15,450004.0,"Teniente Vidal, Coyhaique Ad.",-45.59083,-72.10222,4.6,13.0
2001-03-15,450005.0,Balmaceda Ad.,-45.91833,-71.67778,11.791666666666666,24.0
2001-03-15,520006.0,"Carlos Ibañez, Punta Arenas Ap.",-53.00167,-70.83861,15.791666666666666,33.0
2001-03-15,530005.0,"Fuentes Martínez, Porvenir Ad.",-53.25361,-70.32611,15.2,20.0
2001-03-15,550001.0,"Guardiamarina Zañartu, Pto Williams Ad.",-54.93167,-67.61556,7.333333333333333,15.0
2001-03-15,950001.0,"C.M.A. Eduardo Frei Montalva, Antártica ",-62.19194,-58.97972,16.8,26.0
2001-03-16,180005.0,"Chacalluta, Arica Ap.",-18.35555,-70.34028,4.36,10.0
2001-03-16,200006.0,Diego Aracena Iquique Ap.,-20.54917,-70.18111,7.541666666666667,13.0
2001-03-16,220002.0,"El Loa, Calama Ad.",-22.49806,-68.8925,12.4375,18.0
2001-03-16,270001.0,Mataveri  Isla de Pascua Ap.,-27.15889,-109.4325,8.0,10.0
2001-03-16,290004.0,"La Florida, La Serena Ad.",-29.91444,-71.20667,6.0588235294117645,12.0
2001-03-16,330007.0,"Rodelillo, Ad.",-33.06528,-71.55639,4.636363636363637,7.0
2001-03-16,330019.0,"Eulogio Sánchez, Tobalaba Ad.",-33.45528,-70.54861,1.3636363636363635,4.0
2001-03-16,330020.0,"Quinta Normal, Santiago",-33.445,-70.68278,3.2,8.0
2001-03-16,330021.0,Pudahuel Santiago ,-33.37833,-70.78778,4.384615384615385,11.0
2001-03-16,330030.0,"Santo Domingo, Ad.",-33.65611,-71.61333,3.9285714285714284,8.0
2001-03-16,330031.0,"Juan Fernández, Estación Meteorológica.",-33.63583,-78.83305,4.8,6.0
2001-03-16,340031.0,"General Freire, Curicó Ad.",-34.96944,-71.21694,7.2,12.0
2001-03-16,360011.0,"General Bernardo O'Higgins, Chillán Ad.",-36.58583,-72.03667,9.0,10.0
2001-03-16,360019.0,"Carriel Sur, Concepción Ap.",-36.78055,-73.06639,7.333333333333333,16.0
2001-03-16,370033.0,"María Dolores, Los Angeles Ad.",-37.39694,-72.42389,10.0,13.0
2001-03-16,380013.0,"Maquehue, Temuco Ad.",-38.76778,-72.63194,3.32,9.0
2001-03-16,390006.0,"Pichoy, Valdivia Ad.",-39.65667,-73.08722,3.25,5.0
2001-03-16,400009.0,"Cañal Bajo,  Osorno Ad.",-40.61444,-73.0575,2.769230769230769,6.0
2001-03-16,410005.0,El Tepual  Puerto Montt Ap.,-41.4475,-73.09583,3.125,9.0
2001-03-16,430001.0,Quellón Ad.,-43.13361,-73.63278,5.545454545454546,10.0
2001-03-16,430002.0,Futaleufú Ad.,-43.18889,-71.85222,6.0,16.0
2001-03-16,450001.0,Puerto Aysén Ad.,-45.39944,-72.67722,8.0,12.0
2001-03-16,450004.0,"Teniente Vidal, Coyhaique Ad.",-45.59083,-72.10222,6.0,10.0
2001-03-16,450005.0,Balmaceda Ad.,-45.91833,-71.67778,14.541666666666666,30.0
2001-03-16,520006.0,"Carlos Ibañez, Punta Arenas Ap.",-53.00167,-70.83861,15.75,29.0
2001-03-16,530005.0,"Fuentes Martínez, Porvenir Ad.",-53.25361,-70.32611,21.6,30.0
2001-03-16,550001.0,"Guardiamarina Zañartu, Pto Williams Ad.",-54.93167,-67.61556,10.5,20.0
2001-03-16,950001.0,"C.M.A. Eduardo Frei Montalva, Antártica ",-62.19194,-58.97972,19.5,27.0
2001-03-17,180005.0,"Chacalluta, Arica Ap.",-18.35555,-70.34028,5.291666666666667,12.0
2001-03-17,200006.0,Diego Aracena Iquique Ap.,-20.54917,-70.18111,8.041666666666666,13.0
2001-03-17,220002.0,"El Loa, Calama Ad.",-22.49806,-68.8925,9.411764705882353,23.0
2001-03-17,270001.0,Mataveri  Isla de Pascua Ap.,-27.15889,-109.4325,9.333333333333334,11.0
2001-03-17,290004.0,"La Florida, La Serena Ad.",-29.91444,-71.20667,5.470588235294118,10.0
2001-03-17,330007.0,"Rodelillo, Ad.",-33.06528,-71.55639,4.181818181818182,7.0
2001-03-17,330019.0,"Eulogio Sánchez, Tobalaba Ad.",-33.45528,-70.54861,0.9090909090909091,3.0
2001-03-17,330020.0,"Quinta Normal, Santiago",-33.445,-70.68278,4.8,10.0
2001-03-17,330021.0,Pudahuel Santiago ,-33.37833,-70.78778,3.857142857142857,12.0
2001-03-17,330030.0,"Santo Domingo, Ad.",-33.65611,-71.61333,3.642857142857143,8.0
2001-03-17,330031.0,"Juan Fernández, Estación Meteorológica.",-33.63583,-78.83305,5.25,6.0
2001-03-17,340031.0,"General Freire, Curicó Ad.",-34.96944,-71.21694,5.8,8.0
2001-03-17,360011.0,"General Bernardo O'Higgins, Chillán Ad.",-36.58583,-72.03667,14.0,17.0
2001-03-17,360019.0,"Carriel Sur, Concepción Ap.",-36.78055,-73.06639,10.125,20.0
2001-03-17,370033.0,"María Dolores, Los Angeles Ad.",-37.39694,-72.42389,10.0,14.0
2001-03-17,380013.0,"Maquehue, Temuco Ad.",-38.76778,-72.63194,2.92,6.0
2001-03-17,390006.0,"Pichoy, Valdivia Ad.",-39.65667,-73.08722,4.75,10.0
2001-03-17,400009.0,"Cañal Bajo,  Osorno Ad.",-40.61444,-73.0575,5.533333333333333,11.0
2001-03-17,410005.0,El Tepual  Puerto Montt Ap.,-41.4475,-73.09583,4.541666666666667,11.0
2001-03-17,430001.0,Quellón Ad.,-43.13361,-73.63278,8.363636363636363,12.0
2001-03-17,430002.0,Futaleufú Ad.,-43.18889,-71.85222,13.2,18.0
2001-03-17,450004.0,"Teniente Vidal, Coyhaique Ad.",-45.59083,-72.10222,8.2,15.0
2001-03-17,450005.0,Balmaceda Ad.,-45.91833,-71.67778,18.833333333333332,29.0
2001-03-17,520006.0,"Carlos Ibañez, Punta Arenas Ap.",-53.00167,-70.83861,20.296296296296298,27.0
2001-03-17,530005.0,"Fuentes Martínez, Porvenir Ad.",-53.25361,-70.32611,20.2,25.0
2001-03-17,950001.0,"C.M.A. Eduardo Frei Montalva, Antártica ",-62.19194,-58.97972,20.75,36.0
2001-03-18,180005.0,"Chacalluta, Arica Ap.",-18.35555,-70.34028,5.24,14.0
2001-03-18,200006.0,Diego Aracena Iquique Ap.,-20.54917,-70.18111,8.375,14.0
2001-03-18,220002.0,"El Loa, Calama Ad.",-22.49806,-68.8925,17.363636363636363,24.0
2001-03-18,270001.0,Mataveri  Isla de Pascua Ap.,-27.15889,-109.4325,7.166666666666667,9.0
2001-03-18,290004.0,"La Florida, La Serena Ad.",-29.91444,-71.20667,6.176470588235294,10.0
2001-03-18,330007.0,"Rodelillo, Ad.",-33.06528,-71.55639,8.181818181818182,14.0
2001-03-18,330019.0,"Eulogio Sánchez, Tobalaba Ad.",-33.45528,-70.54861,1.0909090909090908,3.0
2001-03-18,330020.0,"Quinta Normal, Santiago",-33.445,-70.68278,3.2,8.0
2001-03-18,330021.0,Pudahuel Santiago ,-33.37833,-70.78778,4.458333333333333,10.0
2001-03-18,330030.0,"Santo Domingo, Ad.",-33.65611,-71.61333,7.538461538461538,18.0
2001-03-18,330031.0,"Juan Fernández, Estación Meteorológica.",-33.63583,-78.83305,6.75,8.0
2001-03-18,340031.0,"General Freire, Curicó Ad.",-34.96944,-71.21694,8.9,13.0
2001-03-18,360011.0,"General Bernardo O'Higgins, Chillán Ad.",-36.58583,-72.03667,15.0,17.0
2001-03-18,360019.0,"Carriel Sur, Concepción Ap.",-36.78055,-73.06639,9.708333333333334,20.0
2001-03-18,370033.0,"María Dolores, Los Angeles Ad.",-37.39694,-72.42389,20.0,24.0
2001-03-18,380013.0,"Maquehue, Temuco Ad.",-38.76778,-72.63194,4.75,10.0
2001-03-18,390006.0,"Pichoy, Valdivia Ad.",-39.65667,-73.08722,5.0,10.0
2001-03-18,400009.0,"Cañal Bajo,  Osorno Ad.",-40.61444,-73.0575,5.3076923076923075,9.0
2001-03-18,410005.0,El Tepual  Puerto Montt Ap.,-41.4475,-73.09583,2.375,8.0
2001-03-18,430001.0,Quellón Ad.,-43.13361,-73.63278,7.818181818181818,12.0
2001-03-18,430002.0,Futaleufú Ad.,-43.18889,-71.85222,14.8,23.0
2001-03-18,450004.0,"Teniente Vidal, Coyhaique Ad.",-45.59083,-72.10222,7.4,10.0
2001-03-18,450005.0,Balmaceda Ad.,-45.91833,-71.67778,21.291666666666668,28.0
2001-03-18,520006.0,"Carlos Ibañez, Punta Arenas Ap.",-53.00167,-70.83861,19.083333333333332,39.0
2001-03-18,950001.0,"C.M.A. Eduardo Frei Montalva, Antártica ",-62.19194,-58.97972,20.3,30.0
2001-03-19,180005.0,"Chacalluta, Arica Ap.",-18.35555,-70.34028,5.458333333333333,13.0
2001-03-19,200006.0,Diego Aracena Iquique Ap.,-20.54917,-70.18111,9.875,19.0
2001-03-19,220002.0,"El Loa, Calama Ad.",-22.49806,-68.8925,10.764705882352942,22.0
2001-03-19,270001.0,Mataveri  Isla de Pascua Ap.,-27.15889,-109.4325,9.666666666666666,14.0
2001-03-19,290004.0,"La Florida, La Serena Ad.",-29.91444,-71.20667,4.882352941176471,10.0
2001-03-19,330007.0,"Rodelillo, Ad.",-33.06528,-71.55639,6.0,14.0
2001-03-19,330019.0,"Eulogio Sánchez, Tobalaba Ad.",-33.45528,-70.54861,1.6363636363636365,3.0
2001-03-19,330020.0,"Quinta Normal, Santiago",-33.445,-70.68278,5.2,10.0
2001-03-19,330021.0,Pudahuel Santiago ,-33.37833,-70.78778,4.791666666666667,11.0
2001-03-19,330030.0,"Santo Domingo, Ad.",-33.65611,-71.61333,5.461538461538462,9.0
2001-03-19,330031.0,"Juan Fernández, Estación Meteorológica.",-33.63583,-78.83305,7.2,10.0
2001-03-19,340031.0,"General Freire, Curicó Ad.",-34.96944,-71.21694,5.7,9.0
2001-03-19,360011.0,"General Bernardo O'Higgins, Chillán Ad.",-36.58583,-72.03667,6.0,9.0
2001-03-19,360019.0,"Carriel Sur, Concepción Ap.",-36.78055,-73.06639,5.75,13.0
2001-03-19,370033.0,"María Dolores, Los Angeles Ad.",-37.39694,-72.42389,9.5,10.0
2001-03-19,380013.0,"Maquehue, Temuco Ad.",-38.76778,-72.63194,4.708333333333333,9.0
2001-03-19,390006.0,"Pichoy, Valdivia Ad.",-39.65667,-73.08722,6.0,9.0
2001-03-19,400009.0,"Cañal Bajo,  Osorno Ad.",-40.61444,-73.0575,10.538461538461538,15.0
2001-03-19,410005.0,El Tepual  Puerto Montt Ap.,-41.4475,-73.09583,6.458333333333333,16.0
2001-03-19,430001.0,Quellón Ad.,-43.13361,-73.63278,6.181818181818182,8.0
2001-03-19,430002.0,Futaleufú Ad.,-43.18889,-71.85222,2.8,10.0
2001-03-19,450001.0,Puerto Aysén Ad.,-45.39944,-72.67722,6.25,10.0
2001-03-19,450004.0,"Teniente Vidal, Coyhaique Ad.",-45.59083,-72.10222,5.4,9.0
2001-03-19,450005.0,Balmaceda Ad.,-45.91833,-71.67778,18.916666666666668,26.0
2001-03-19,520006.0,"Carlos Ibañez, Punta Arenas Ap.",-53.00167,-70.83861,15.0,20.0
2001-03-19,530005.0,"Fuentes Martínez, Porvenir Ad.",-53.25361,-70.32611,22.0,29.0
2001-03-19,550001.0,"Guardiamarina Zañartu, Pto Williams Ad.",-54.93167,-67.61556,16.22222222222222,18.0
2001-03-19,950001.0,"C.M.A. Eduardo Frei Montalva, Antártica ",-62.19194,-58.97972,15.0,25.0
2001-03-20,180005.0,"Chacalluta, Arica Ap.",-18.35555,-70.34028,4.25,10.0
2001-03-20,200006.0,Diego Aracena Iquique Ap.,-20.54917,-70.18111,10.666666666666666,19.0
2001-03-20,220002.0,"El Loa, Calama Ad.",-22.49806,-68.8925,12.0625,21.0
2001-03-20,270001.0,Mataveri  Isla de Pascua Ap.,-27.15889,-109.4325,11.0,14.0
2001-03-20,290004.0,"La Florida, La Serena Ad.",-29.91444,-71.20667,4.882352941176471,9.0
2001-03-20,330007.0,"Rodelillo, Ad.",-33.06528,-71.55639,6.545454545454546,9.0
2001-03-20,330019.0,"Eulogio Sánchez, Tobalaba Ad.",-33.45528,-70.54861,0.9090909090909091,2.0
2001-03-20,330020.0,"Quinta Normal, Santiago",-33.445,-70.68278,4.0,8.0
2001-03-20,330021.0,Pudahuel Santiago ,-33.37833,-70.78778,4.875,11.0
2001-03-20,330030.0,"Santo Domingo, Ad.",-33.65611,-71.61333,4.615384615384615,8.0
2001-03-20,330031.0,"Juan Fernández, Estación Meteorológica.",-33.63583,-78.83305,6.8,8.0
2001-03-20,340031.0,"General Freire, Curicó Ad.",-34.96944,-71.21694,4.4,6.0
2001-03-20,360011.0,"General Bernardo O'Higgins, Chillán Ad.",-36.58583,-72.03667,5.333333333333333,6.0
2001-03-20,360019.0,"Carriel Sur, Concepción Ap.",-36.78055,-73.06639,6.791666666666667,14.0
2001-03-20,370033.0,"María Dolores, Los Angeles Ad.",-37.39694,-72.42389,9.25,11.0
2001-03-20,380013.0,"Maquehue, Temuco Ad.",-38.76778,-72.63194,2.6666666666666665,7.0
2001-03-20,390006.0,"Pichoy, Valdivia Ad.",-39.65667,-73.08722,6.75,7.0
2001-03-20,400009.0,"Cañal Bajo,  Osorno Ad.",-40.61444,-73.0575,8.461538461538462,13.0
2001-03-20,410005.0,El Tepual  Puerto Montt Ap.,-41.4475,-73.09583,6.5,12.0
2001-03-20,430001.0,Quellón Ad.,-43.13361,-73.63278,7.181818181818182,12.0
2001-03-20,430002.0,Futaleufú Ad.,-43.18889,-71.85222,1.4,4.0
2001-03-20,450001.0,Puerto Aysén Ad.,-45.39944,-72.67722,2.75,8.0
2001-03-20,450004.0,"Teniente Vidal, Coyhaique Ad.",-45.59083,-72.10222,3.8,7.0
2001-03-20,450005.0,Balmaceda Ad.,-45.91833,-71.67778,4.0,12.0
2001-03-20,520006.0,"Carlos Ibañez, Punta Arenas Ap.",-53.00167,-70.83861,7.458333333333333,12.0
2001-03-20,530005.0,"Fuentes Martínez, Porvenir Ad.",-53.25361,-70.32611,24.6,28.0
2001-03-20,550001.0,"Guardiamarina Zañartu, Pto Williams Ad.",-54.93167,-67.61556,13.875,20.0
2001-03-20,950001.0,"C.M.A. Eduardo Frei Montalva, Antártica ",-62.19194,-58.97972,10.133333333333333,24.0
2001-03-21,180005.0,"Chacalluta, Arica Ap.",-18.35555,-70.34028,5.708333333333333,15.0
2001-03-21,200006.0,Diego Aracena Iquique Ap.,-20.54917,-70.18111,12.083333333333334,19.0
2001-03-21,220002.0,"El Loa, Calama Ad.",-22.49806,-68.8925,12.1875,22.0
2001-03-21,270001.0,Mataveri  Isla de Pascua Ap.,-27.15889,-109.4325,9.0,11.0
2001-03-21,290004.0,"La Florida, La Serena Ad.",-29.91444,-71.20667,4.529411764705882,7.0
2001-03-21,330007.0,"Rodelillo, Ad.",-33.06528,-71.55639,5.090909090909091,9.0
2001-03-21,330019.0,"Eulogio Sánchez, Tobalaba Ad.",-33.45528,-70.54861,0.36363636363636365,2.0
2001-03-21,330020.0,"Quinta Normal, Santiago",-33.445,-70.68278,5.2,6.0
2001-03-21,330021.0,Pudahuel Santiago ,-33.37833,-70.78778,6.44,10.0
2001-03-21,330030.0,"Santo Domingo, Ad.",-33.65611,-71.61333,6.0,9.0
2001-03-21,330031.0,"Juan Fernández, Estación Meteorológica.",-33.63583,-78.83305,13.0,15.0
2001-03-21,340031.0,"General Freire, Curicó Ad.",-34.96944,-71.21694,5.0,8.0
2001-03-21,360011.0,"General Bernardo O'Higgins, Chillán Ad.",-36.58583,-72.03667,3.3333333333333335,5.0
2001-03-21,360019.0,"Carriel Sur, Concepción Ap.",-36.78055,-73.06639,5.0,10.0
2001-03-21,370033.0,"María Dolores, Los Angeles Ad.",-37.39694,-72.42389,6.25,9.0
2001-03-21,380013.0,"Maquehue, Temuco Ad.",-38.76778,-72.63194,1.625,5.0
2001-03-21,390006.0,"Pichoy, Valdivia Ad.",-39.65667,-73.08722,2.25,5.0
2001-03-21,400009.0,"Cañal Bajo,  Osorno Ad.",-40.61444,-73.0575,8.285714285714286,12.0
2001-03-21,410005.0,El Tepual  Puerto Montt Ap.,-41.4475,-73.09583,5.75,10.0
2001-03-21,430001.0,Quellón Ad.,-43.13361,-73.63278,6.909090909090909,10.0
2001-03-21,430002.0,Futaleufú Ad.,-43.18889,-71.85222,3.2,10.0
2001-03-21,450001.0,Puerto Aysén Ad.,-45.39944,-72.67722,4.75,10.0
2001-03-21,450004.0,"Teniente Vidal, Coyhaique Ad.",-45.59083,-72.10222,4.0,9.0
2001-03-21,450005.0,Balmaceda Ad.,-45.91833,-71.67778,6.125,10.0
2001-03-21,520006.0,"Carlos Ibañez, Punta Arenas Ap.",-53.00167,-70.83861,5.291666666666667,11.0
2001-03-21,530005.0,"Fuentes Martínez, Porvenir Ad.",-53.25361,-70.32611,3.1,8.0
2001-03-21,550001.0,"Guardiamarina Zañartu, Pto Williams Ad.",-54.93167,-67.61556,8.444444444444445,13.0
2001-03-21,950001.0,"C.M.A. Eduardo Frei Montalva, Antártica ",-62.19194,-58.97972,11.25,20.0
2001-03-22,180005.0,"Chacalluta, Arica Ap.",-18.35555,-70.34028,4.75,11.0
2001-03-22,200006.0,Diego Aracena Iquique Ap.,-20.54917,-70.18111,9.625,21.0
2001-03-22,220002.0,"El Loa, Calama Ad.",-22.49806,-68.8925,14.125,23.0
2001-03-22,270001.0,Mataveri  Isla de Pascua Ap.,-27.15889,-109.4325,5.666666666666667,10.0
2001-03-22,290004.0,"La Florida, La Serena Ad.",-29.91444,-71.20667,4.117647058823529,9.0
2001-03-22,330007.0,"Rodelillo, Ad.",-33.06528,-71.55639,6.7272727272727275,10.0
2001-03-22,330019.0,"Eulogio Sánchez, Tobalaba Ad.",-33.45528,-70.54861,0.18181818181818182,2.0
2001-03-22,330020.0,"Quinta Normal, Santiago",-33.445,-70.68278,4.0,6.0
2001-03-22,330021.0,Pudahuel Santiago ,-33.37833,-70.78778,4.416666666666667,7.0
2001-03-22,330030.0,"Santo Domingo, Ad.",-33.65611,-71.61333,1.8,5.0
2001-03-22,330031.0,"Juan Fernández, Estación Meteorológica.",-33.63583,-78.83305,15.6,18.0
2001-03-22,340031.0,"General Freire, Curicó Ad.",-34.96944,-71.21694,3.9,7.0
2001-03-22,360011.0,"General Bernardo O'Higgins, Chillán Ad.",-36.58583,-72.03667,6.666666666666667,8.0
2001-03-22,360019.0,"Carriel Sur, Concepción Ap.",-36.78055,-73.06639,4.791666666666667,13.0
2001-03-22,370033.0,"María Dolores, Los Angeles Ad.",-37.39694,-72.42389,6.5,10.0
2001-03-22,380013.0,"Maquehue, Temuco Ad.",-38.76778,-72.63194,2.36,9.0
2001-03-22,390006.0,"Pichoy, Valdivia Ad.",-39.65667,-73.08722,3.5,6.0
2001-03-22,400009.0,"Cañal Bajo,  Osorno Ad.",-40.61444,-73.0575,7.076923076923077,10.0
2001-03-22,410005.0,El Tepual  Puerto Montt Ap.,-41.4475,-73.09583,3.4166666666666665,12.0
2001-03-22,430001.0,Quellón Ad.,-43.13361,-73.63278,5.0,6.0
2001-03-22,430002.0,Futaleufú Ad.,-43.18889,-71.85222,4.2,8.0
2001-03-22,450001.0,Puerto Aysén Ad.,-45.39944,-72.67722,3.75,10.0
2001-03-22,450004.0,"Teniente Vidal, Coyhaique Ad.",-45.59083,-72.10222,3.8,5.0
2001-03-22,450005.0,Balmaceda Ad.,-45.91833,-71.67778,2.7083333333333335,7.0
2001-03-22,520006.0,"Carlos Ibañez, Punta Arenas Ap.",-53.00167,-70.83861,7.958333333333333,23.0
2001-03-22,530005.0,"Fuentes Martínez, Porvenir Ad.",-53.25361,-70.32611,8.3,12.0
2001-03-22,550001.0,"Guardiamarina Zañartu, Pto Williams Ad.",-54.93167,-67.61556,13.222222222222221,23.0
2001-03-22,950001.0,"C.M.A. Eduardo Frei Montalva, Antártica ",-62.19194,-58.97972,21.375,33.0
2001-03-23,180005.0,"Chacalluta, Arica Ap.",-18.35555,-70.34028,6.5,14.0
2001-03-23,200006.0,Diego Aracena Iquique Ap.,-20.54917,-70.18111,8.875,15.0
2001-03-23,220002.0,"El Loa, Calama Ad.",-22.49806,-68.8925,13.625,20.0
2001-03-23,270001.0,Mataveri  Isla de Pascua Ap.,-27.15889,-109.4325,6.333333333333333,12.0
2001-03-23,290004.0,"La Florida, La Serena Ad.",-29.91444,-71.20667,7.705882352941177,11.0
2001-03-23,330007.0,"Rodelillo, Ad.",-33.06528,-71.55639,7.818181818181818,12.0
2001-03-23,330019.0,"Eulogio Sánchez, Tobalaba Ad.",-33.45528,-70.54861,1.0,2.0
2001-03-23,330020.0,"Quinta Normal, Santiago",-33.445,-70.68278,1.2,2.0
2001-03-23,330021.0,Pudahuel Santiago ,-33.37833,-70.78778,3.92,10.0
2001-03-23,330030.0,"Santo Domingo, Ad.",-33.65611,-71.61333,8.285714285714286,11.0
2001-03-23,330031.0,"Juan Fernández, Estación Meteorológica.",-33.63583,-78.83305,6.8,14.0
2001-03-23,340031.0,"General Freire, Curicó Ad.",-34.96944,-71.21694,4.7,9.0
2001-03-23,360011.0,"General Bernardo O'Higgins, Chillán Ad.",-36.58583,-72.03667,3.3333333333333335,4.0
2001-03-23,360019.0,"Carriel Sur, Concepción Ap.",-36.78055,-73.06639,3.8333333333333335,12.0
2001-03-23,370033.0,"María Dolores, Los Angeles Ad.",-37.39694,-72.42389,6.0,8.0
2001-03-23,380013.0,"Maquehue, Temuco Ad.",-38.76778,-72.63194,3.08,7.0
2001-03-23,390006.0,"Pichoy, Valdivia Ad.",-39.65667,-73.08722,2.75,5.0
2001-03-23,400009.0,"Cañal Bajo,  Osorno Ad.",-40.61444,-73.0575,4.3076923076923075,7.0
2001-03-23,410005.0,El Tepual  Puerto Montt Ap.,-41.4475,-73.09583,2.75,11.0
2001-03-23,430001.0,Quellón Ad.,-43.13361,-73.63278,4.090909090909091,8.0
2001-03-23,430002.0,Futaleufú Ad.,-43.18889,-71.85222,2.0,5.0
2001-03-23,450001.0,Puerto Aysén Ad.,-45.39944,-72.67722,5.25,10.0
2001-03-23,450004.0,"Teniente Vidal, Coyhaique Ad.",-45.59083,-72.10222,3.4,7.0
2001-03-23,450005.0,Balmaceda Ad.,-45.91833,-71.67778,2.6666666666666665,10.0
2001-03-23,520006.0,"Carlos Ibañez, Punta Arenas Ap.",-53.00167,-70.83861,10.791666666666666,18.0
2001-03-23,530005.0,"Fuentes Martínez, Porvenir Ad.",-53.25361,-70.32611,10.6,12.0
2001-03-23,550001.0,"Guardiamarina Zañartu, Pto Williams Ad.",-54.93167,-67.61556,3.25,7.0
2001-03-23,950001.0,"C.M.A. Eduardo Frei Montalva, Antártica ",-62.19194,-58.97972,22.555555555555557,34.0
2001-03-24,180005.0,"Chacalluta, Arica Ap.",-18.35555,-70.34028,5.333333333333333,12.0
2001-03-24,200006.0,Diego Aracena Iquique Ap.,-20.54917,-70.18111,7.166666666666667,13.0
2001-03-24,220002.0,"El Loa, Calama Ad.",-22.49806,-68.8925,12.6875,19.0
2001-03-24,270001.0,Mataveri  Isla de Pascua Ap.,-27.15889,-109.4325,8.666666666666666,12.0
2001-03-24,290004.0,"La Florida, La Serena Ad.",-29.91444,-71.20667,6.411764705882353,12.0
2001-03-24,330007.0,"Rodelillo, Ad.",-33.06528,-71.55639,7.909090909090909,11.0
2001-03-24,330019.0,"Eulogio Sánchez, Tobalaba Ad.",-33.45528,-70.54861,0.9090909090909091,2.0
2001-03-24,330020.0,"Quinta Normal, Santiago",-33.445,-70.68278,2.8,6.0
2001-03-24,330021.0,Pudahuel Santiago ,-33.37833,-70.78778,3.8333333333333335,13.0
2001-03-24,330030.0,"Santo Domingo, Ad.",-33.65611,-71.61333,4.5,9.0
2001-03-24,330031.0,"Juan Fernández, Estación Meteorológica.",-33.63583,-78.83305,6.5,8.0
2001-03-24,340031.0,"General Freire, Curicó Ad.",-34.96944,-71.21694,2.3,5.0
2001-03-24,360011.0,"General Bernardo O'Higgins, Chillán Ad.",-36.58583,-72.03667,4.333333333333333,5.0
2001-03-24,360019.0,"Carriel Sur, Concepción Ap.",-36.78055,-73.06639,5.208333333333333,11.0
2001-03-24,370033.0,"María Dolores, Los Angeles Ad.",-37.39694,-72.42389,7.25,10.0
2001-03-24,380013.0,"Maquehue, Temuco Ad.",-38.76778,-72.63194,3.0833333333333335,7.0
2001-03-24,390006.0,"Pichoy, Valdivia Ad.",-39.65667,-73.08722,2.0,5.0
2001-03-24,400009.0,"Cañal Bajo,  Osorno Ad.",-40.61444,-73.0575,6.384615384615385,10.0
2001-03-24,410005.0,El Tepual  Puerto Montt Ap.,-41.4475,-73.09583,3.9166666666666665,11.0
2001-03-24,430001.0,Quellón Ad.,-43.13361,-73.63278,4.818181818181818,8.0
2001-03-24,430002.0,Futaleufú Ad.,-43.18889,-71.85222,1.6,4.0
2001-03-24,450004.0,"Teniente Vidal, Coyhaique Ad.",-45.59083,-72.10222,6.2,9.0
2001-03-24,450005.0,Balmaceda Ad.,-45.91833,-71.67778,7.833333333333333,19.0
2001-03-24,520006.0,"Carlos Ibañez, Punta Arenas Ap.",-53.00167,-70.83861,14.75,23.0
2001-03-24,530005.0,"Fuentes Martínez, Porvenir Ad.",-53.25361,-70.32611,26.5,34.0
2001-03-24,950001.0,"C.M.A. Eduardo Frei Montalva, Antártica ",-62.19194,-58.97972,23.76923076923077,42.0
2001-03-25,180005.0,"Chacalluta, Arica Ap.",-18.35555,-70.34028,5.333333333333333,14.0
2001-03-25,200006.0,Diego Aracena Iquique Ap.,-20.54917,-70.18111,7.833333333333333,13.0
2001-03-25,220002.0,"El Loa, Calama Ad.",-22.49806,-68.8925,14.636363636363637,21.0
2001-03-25,270001.0,Mataveri  Isla de Pascua Ap.,-27.15889,-109.4325,6.833333333333333,13.0
2001-03-25,290004.0,"La Florida, La Serena Ad.",-29.91444,-71.20667,6.352941176470588,12.0
2001-03-25,330007.0,"Rodelillo, Ad.",-33.06528,-71.55639,5.2727272727272725,8.0
2001-03-25,330019.0,"Eulogio Sánchez, Tobalaba Ad.",-33.45528,-70.54861,0.8181818181818182,4.0
2001-03-25,330020.0,"Quinta Normal, Santiago",-33.445,-70.68278,2.8,6.0
2001-03-25,330021.0,Pudahuel Santiago ,-33.37833,-70.78778,4.5,12.0
2001-03-25,330030.0,"Santo Domingo, Ad.",-33.65611,-71.61333,5.230769230769231,10.0
2001-03-25,330031.0,"Juan Fernández, Estación Meteorológica.",-33.63583,-78.83305,6.0,6.0
2001-03-25,340031.0,"General Freire, Curicó Ad.",-34.96944,-71.21694,2.7,6.0
2001-03-25,360011.0,"General Bernardo O'Higgins, Chillán Ad.",-36.58583,-72.03667,4.0,6.0
2001-03-25,360019.0,"Carriel Sur, Concepción Ap.",-36.78055,-73.06639,3.2083333333333335,9.0
2001-03-25,370033.0,"María Dolores, Los Angeles Ad.",-37.39694,-72.42389,6.5,8.0
2001-03-25,380013.0,"Maquehue, Temuco Ad.",-38.76778,-72.63194,2.8,8.0
2001-03-25,390006.0,"Pichoy, Valdivia Ad.",-39.65667,-73.08722,3.5,8.0
2001-03-25,400009.0,"Cañal Bajo,  Osorno Ad.",-40.61444,-73.0575,6.0,12.0
2001-03-25,410005.0,El Tepual  Puerto Montt Ap.,-41.4475,-73.09583,6.708333333333333,9.0
2001-03-25,430001.0,Quellón Ad.,-43.13361,-73.63278,7.454545454545454,10.0
2001-03-25,430002.0,Futaleufú Ad.,-43.18889,-71.85222,3.2,5.0
2001-03-25,450004.0,"Teniente Vidal, Coyhaique Ad.",-45.59083,-72.10222,4.0,6.0
2001-03-25,450005.0,Balmaceda Ad.,-45.91833,-71.67778,7.833333333333333,14.0
2001-03-25,520006.0,"Carlos Ibañez, Punta Arenas Ap.",-53.00167,-70.83861,15.541666666666666,30.0
2001-03-25,950001.0,"C.M.A. Eduardo Frei Montalva, Antártica ",-62.19194,-58.97972,18.5,43.0
2001-03-26,180005.0,"Chacalluta, Arica Ap.",-18.35555,-70.34028,4.75,10.0
2001-03-26,200006.0,Diego Aracena Iquique Ap.,-20.54917,-70.18111,7.583333333333333,17.0
2001-03-26,220002.0,"El Loa, Calama Ad.",-22.49806,-68.8925,14.0,21.0
2001-03-26,270001.0,Mataveri  Isla de Pascua Ap.,-27.15889,-109.4325,4.5,8.0
2001-03-26,290004.0,"La Florida, La Serena Ad.",-29.91444,-71.20667,6.117647058823529,11.0
2001-03-26,330007.0,"Rodelillo, Ad.",-33.06528,-71.55639,4.818181818181818,8.0
2001-03-26,330019.0,"Eulogio Sánchez, Tobalaba Ad.",-33.45528,-70.54861,1.0909090909090908,3.0
2001-03-26,330020.0,"Quinta Normal, Santiago",-33.445,-70.68278,2.4,6.0
2001-03-26,330021.0,Pudahuel Santiago ,-33.37833,-70.78778,4.333333333333333,11.0
2001-03-26,330030.0,"Santo Domingo, Ad.",-33.65611,-71.61333,4.615384615384615,8.0
2001-03-26,330031.0,"Juan Fernández, Estación Meteorológica.",-33.63583,-78.83305,6.0,8.0
2001-03-26,340031.0,"General Freire, Curicó Ad.",-34.96944,-71.21694,2.3,6.0
2001-03-26,360011.0,"General Bernardo O'Higgins, Chillán Ad.",-36.58583,-72.03667,3.3333333333333335,5.0
2001-03-26,360019.0,"Carriel Sur, Concepción Ap.",-36.78055,-73.06639,3.25,6.0
2001-03-26,370033.0,"María Dolores, Los Angeles Ad.",-37.39694,-72.42389,7.5,10.0
2001-03-26,380013.0,"Maquehue, Temuco Ad.",-38.76778,-72.63194,2.9583333333333335,10.0
2001-03-26,390006.0,"Pichoy, Valdivia Ad.",-39.65667,-73.08722,3.0,6.0
2001-03-26,400009.0,"Cañal Bajo,  Osorno Ad.",-40.61444,-73.0575,4.846153846153846,6.0
2001-03-26,410005.0,El Tepual  Puerto Montt Ap.,-41.4475,-73.09583,3.3333333333333335,6.0
2001-03-26,430001.0,Quellón Ad.,-43.13361,-73.63278,4.545454545454546,6.0
2001-03-26,430002.0,Futaleufú Ad.,-43.18889,-71.85222,0.8,4.0
2001-03-26,450001.0,Puerto Aysén Ad.,-45.39944,-72.67722,6.0,10.0
2001-03-26,450004.0,"Teniente Vidal, Coyhaique Ad.",-45.59083,-72.10222,3.4,8.0
2001-03-26,450005.0,Balmaceda Ad.,-45.91833,-71.67778,5.166666666666667,18.0
2001-03-26,520006.0,"Carlos Ibañez, Punta Arenas Ap.",-53.00167,-70.83861,11.75,22.0
2001-03-26,530005.0,"Fuentes Martínez, Porvenir Ad.",-53.25361,-70.32611,12.7,17.0
2001-03-26,550001.0,"Guardiamarina Zañartu, Pto Williams Ad.",-54.93167,-67.61556,7.333333333333333,16.0
2001-03-26,950001.0,"C.M.A. Eduardo Frei Montalva, Antártica ",-62.19194,-58.97972,13.125,24.0
2001-03-27,180005.0,"Chacalluta, Arica Ap.",-18.35555,-70.34028,6.833333333333333,14.0
2001-03-27,200006.0,Diego Aracena Iquique Ap.,-20.54917,-70.18111,8.666666666666666,17.0
2001-03-27,220002.0,"El Loa, Calama Ad.",-22.49806,-68.8925,14.0,23.0
2001-03-27,270001.0,Mataveri  Isla de Pascua Ap.,-27.15889,-109.4325,5.0,11.0
2001-03-27,290004.0,"La Florida, La Serena Ad.",-29.91444,-71.20667,6.764705882352941,12.0
2001-03-27,330007.0,"Rodelillo, Ad.",-33.06528,-71.55639,8.0,13.0
2001-03-27,330019.0,"Eulogio Sánchez, Tobalaba Ad.",-33.45528,-70.54861,1.0909090909090908,2.0
2001-03-27,330020.0,"Quinta Normal, Santiago",-33.445,-70.68278,3.6,8.0
2001-03-27,330021.0,Pudahuel Santiago ,-33.37833,-70.78778,4.111111111111111,12.0
2001-03-27,330030.0,"Santo Domingo, Ad.",-33.65611,-71.61333,4.846153846153846,8.0
2001-03-27,330031.0,"Juan Fernández, Estación Meteorológica.",-33.63583,-78.83305,8.4,12.0
2001-03-27,340031.0,"General Freire, Curicó Ad.",-34.96944,-71.21694,5.6,10.0
2001-03-27,360011.0,"General Bernardo O'Higgins, Chillán Ad.",-36.58583,-72.03667,9.666666666666666,11.0
2001-03-27,360019.0,"Carriel Sur, Concepción Ap.",-36.78055,-73.06639,5.958333333333333,12.0
2001-03-27,370033.0,"María Dolores, Los Angeles Ad.",-37.39694,-72.42389,11.5,14.0
2001-03-27,380013.0,"Maquehue, Temuco Ad.",-38.76778,-72.63194,4.0,8.0
2001-03-27,390006.0,"Pichoy, Valdivia Ad.",-39.65667,-73.08722,6.75,9.0
2001-03-27,400009.0,"Cañal Bajo,  Osorno Ad.",-40.61444,-73.0575,6.538461538461538,10.0
2001-03-27,410005.0,El Tepual  Puerto Montt Ap.,-41.4475,-73.09583,3.5,9.0
2001-03-27,430001.0,Quellón Ad.,-43.13361,-73.63278,5.2727272727272725,7.0
2001-03-27,430002.0,Futaleufú Ad.,-43.18889,-71.85222,3.4,5.0
2001-03-27,450001.0,Puerto Aysén Ad.,-45.39944,-72.67722,8.75,12.0
2001-03-27,450004.0,"Teniente Vidal, Coyhaique Ad.",-45.59083,-72.10222,6.2,12.0
2001-03-27,450005.0,Balmaceda Ad.,-45.91833,-71.67778,18.458333333333332,27.0
2001-03-27,520006.0,"Carlos Ibañez, Punta Arenas Ap.",-53.00167,-70.83861,17.708333333333332,38.0
2001-03-27,530005.0,"Fuentes Martínez, Porvenir Ad.",-53.25361,-70.32611,24.9,35.0
2001-03-27,550001.0,"Guardiamarina Zañartu, Pto Williams Ad.",-54.93167,-67.61556,13.909090909090908,22.0
2001-03-27,950001.0,"C.M.A. Eduardo Frei Montalva, Antártica ",-62.19194,-58.97972,22.916666666666668,30.0
2001-03-28,180005.0,"Chacalluta, Arica Ap.",-18.35555,-70.34028,5.958333333333333,12.0
2001-03-28,200006.0,Diego Aracena Iquique Ap.,-20.54917,-70.18111,7.125,13.0
2001-03-28,220002.0,"El Loa, Calama Ad.",-22.49806,-68.8925,14.0625,21.0
2001-03-28,270001.0,Mataveri  Isla de Pascua Ap.,-27.15889,-109.4325,6.0,10.0
2001-03-28,290004.0,"La Florida, La Serena Ad.",-29.91444,-71.20667,5.117647058823529,10.0
2001-03-28,330007.0,"Rodelillo, Ad.",-33.06528,-71.55639,6.818181818181818,9.0
2001-03-28,330019.0,"Eulogio Sánchez, Tobalaba Ad.",-33.45528,-70.54861,1.1818181818181819,2.0
2001-03-28,330020.0,"Quinta Normal, Santiago",-33.445,-70.68278,3.6,10.0
2001-03-28,330021.0,Pudahuel Santiago ,-33.37833,-70.78778,4.04,11.0
2001-03-28,330030.0,"Santo Domingo, Ad.",-33.65611,-71.61333,5.3076923076923075,10.0
2001-03-28,330031.0,"Juan Fernández, Estación Meteorológica.",-33.63583,-78.83305,8.8,10.0
2001-03-28,340031.0,"General Freire, Curicó Ad.",-34.96944,-71.21694,6.4,9.0
2001-03-28,360011.0,"General Bernardo O'Higgins, Chillán Ad.",-36.58583,-72.03667,7.0,8.0
2001-03-28,360019.0,"Carriel Sur, Concepción Ap.",-36.78055,-73.06639,6.166666666666667,14.0
2001-03-28,370033.0,"María Dolores, Los Angeles Ad.",-37.39694,-72.42389,12.5,18.0
2001-03-28,380013.0,"Maquehue, Temuco Ad.",-38.76778,-72.63194,4.0,8.0
2001-03-28,390006.0,"Pichoy, Valdivia Ad.",-39.65667,-73.08722,7.5,11.0
2001-03-28,400009.0,"Cañal Bajo,  Osorno Ad.",-40.61444,-73.0575,10.23076923076923,14.0
2001-03-28,410005.0,El Tepual  Puerto Montt Ap.,-41.4475,-73.09583,9.291666666666666,15.0
2001-03-28,430001.0,Quellón Ad.,-43.13361,-73.63278,9.454545454545455,10.0
2001-03-28,430002.0,Futaleufú Ad.,-43.18889,-71.85222,1.6,4.0
2001-03-28,450001.0,Puerto Aysén Ad.,-45.39944,-72.67722,6.5,10.0
2001-03-28,450004.0,"Teniente Vidal, Coyhaique Ad.",-45.59083,-72.10222,4.4,8.0
2001-03-28,450005.0,Balmaceda Ad.,-45.91833,-71.67778,13.291666666666666,20.0
2001-03-28,520006.0,"Carlos Ibañez, Punta Arenas Ap.",-53.00167,-70.83861,22.041666666666668,38.0
2001-03-28,530005.0,"Fuentes Martínez, Porvenir Ad.",-53.25361,-70.32611,31.6,43.0
2001-03-28,550001.0,"Guardiamarina Zañartu, Pto Williams Ad.",-54.93167,-67.61556,18.333333333333332,23.0
2001-03-28,950001.0,"C.M.A. Eduardo Frei Montalva, Antártica ",-62.19194,-58.97972,25.666666666666668,32.0
2001-03-29,180005.0,"Chacalluta, Arica Ap.",-18.35555,-70.34028,5.333333333333333,12.0
2001-03-29,200006.0,Diego Aracena Iquique Ap.,-20.54917,-70.18111,10.416666666666666,21.0
2001-03-29,220002.0,"El Loa, Calama Ad.",-22.49806,-68.8925,12.8125,22.0
2001-03-29,270001.0,Mataveri  Isla de Pascua Ap.,-27.15889,-109.4325,5.333333333333333,10.0
2001-03-29,290004.0,"La Florida, La Serena Ad.",-29.91444,-71.20667,5.117647058823529,9.0
2001-03-29,330007.0,"Rodelillo, Ad.",-33.06528,-71.55639,4.363636363636363,6.0
2001-03-29,330019.0,"Eulogio Sánchez, Tobalaba Ad.",-33.45528,-70.54861,1.4545454545454546,3.0
2001-03-29,330020.0,"Quinta Normal, Santiago",-33.445,-70.68278,2.4,4.0
2001-03-29,330021.0,Pudahuel Santiago ,-33.37833,-70.78778,4.416666666666667,13.0
2001-03-29,330030.0,"Santo Domingo, Ad.",-33.65611,-71.61333,4.615384615384615,9.0
2001-03-29,330031.0,"Juan Fernández, Estación Meteorológica.",-33.63583,-78.83305,6.0,10.0
2001-03-29,340031.0,"General Freire, Curicó Ad.",-34.96944,-71.21694,3.4,7.0
2001-03-29,360011.0,"General Bernardo O'Higgins, Chillán Ad.",-36.58583,-72.03667,2.0,4.0
2001-03-29,360019.0,"Carriel Sur, Concepción Ap.",-36.78055,-73.06639,4.0,8.0
2001-03-29,370033.0,"María Dolores, Los Angeles Ad.",-37.39694,-72.42389,4.75,10.0
2001-03-29,380013.0,"Maquehue, Temuco Ad.",-38.76778,-72.63194,2.4,5.0
2001-03-29,390006.0,"Pichoy, Valdivia Ad.",-39.65667,-73.08722,4.25,6.0
2001-03-29,400009.0,"Cañal Bajo,  Osorno Ad.",-40.61444,-73.0575,7.6923076923076925,10.0
2001-03-29,410005.0,El Tepual  Puerto Montt Ap.,-41.4475,-73.09583,6.875,12.0
2001-03-29,430001.0,Quellón Ad.,-43.13361,-73.63278,5.909090909090909,10.0
2001-03-29,430002.0,Futaleufú Ad.,-43.18889,-71.85222,0.6,3.0
2001-03-29,450001.0,Puerto Aysén Ad.,-45.39944,-72.67722,4.5,10.0
2001-03-29,450004.0,"Teniente Vidal, Coyhaique Ad.",-45.59083,-72.10222,6.6,10.0
2001-03-29,450005.0,Balmaceda Ad.,-45.91833,-71.67778,12.5,20.0
2001-03-29,520006.0,"Carlos Ibañez, Punta Arenas Ap.",-53.00167,-70.83861,14.25,27.0
2001-03-29,530005.0,"Fuentes Martínez, Porvenir Ad.",-53.25361,-70.32611,21.9,25.0
2001-03-29,550001.0,"Guardiamarina Zañartu, Pto Williams Ad.",-54.93167,-67.61556,18.88888888888889,26.0
2001-03-29,950001.0,"C.M.A. Eduardo Frei Montalva, Antártica ",-62.19194,-58.97972,17.0,23.0
2001-03-30,180005.0,"Chacalluta, Arica Ap.",-18.35555,-70.34028,4.24,9.0
2001-03-30,200006.0,Diego Aracena Iquique Ap.,-20.54917,-70.18111,8.0,20.0
2001-03-30,220002.0,"El Loa, Calama Ad.",-22.49806,-68.8925,12.75,23.0
2001-03-30,270001.0,Mataveri  Isla de Pascua Ap.,-27.15889,-109.4325,4.166666666666667,7.0
2001-03-30,290004.0,"La Florida, La Serena Ad.",-29.91444,-71.20667,4.411764705882353,8.0
2001-03-30,330007.0,"Rodelillo, Ad.",-33.06528,-71.55639,6.909090909090909,12.0
2001-03-30,330019.0,"Eulogio Sánchez, Tobalaba Ad.",-33.45528,-70.54861,1.8181818181818181,4.0
2001-03-30,330020.0,"Quinta Normal, Santiago",-33.445,-70.68278,3.6,10.0
2001-03-30,330021.0,Pudahuel Santiago ,-33.37833,-70.78778,4.730769230769231,14.0
2001-03-30,330030.0,"Santo Domingo, Ad.",-33.65611,-71.61333,4.642857142857143,9.0
2001-03-30,330031.0,"Juan Fernández, Estación Meteorológica.",-33.63583,-78.83305,6.4,8.0
2001-03-30,340031.0,"General Freire, Curicó Ad.",-34.96944,-71.21694,4.1,6.0
2001-03-30,360011.0,"General Bernardo O'Higgins, Chillán Ad.",-36.58583,-72.03667,4.333333333333333,6.0
2001-03-30,360019.0,"Carriel Sur, Concepción Ap.",-36.78055,-73.06639,6.0,9.0
2001-03-30,370033.0,"María Dolores, Los Angeles Ad.",-37.39694,-72.42389,7.75,12.0
2001-03-30,380013.0,"Maquehue, Temuco Ad.",-38.76778,-72.63194,2.8846153846153846,9.0
2001-03-30,390006.0,"Pichoy, Valdivia Ad.",-39.65667,-73.08722,5.5,10.0
2001-03-30,400009.0,"Cañal Bajo,  Osorno Ad.",-40.61444,-73.0575,2.0,7.0
2001-03-30,410005.0,El Tepual  Puerto Montt Ap.,-41.4475,-73.09583,2.125,8.0
2001-03-30,430001.0,Quellón Ad.,-43.13361,-73.63278,3.6363636363636362,6.0
2001-03-30,430002.0,Futaleufú Ad.,-43.18889,-71.85222,0.6,3.0
2001-03-30,450001.0,Puerto Aysén Ad.,-45.39944,-72.67722,3.75,8.0
2001-03-30,450004.0,"Teniente Vidal, Coyhaique Ad.",-45.59083,-72.10222,4.4,10.0
2001-03-30,450005.0,Balmaceda Ad.,-45.91833,-71.67778,7.208333333333333,19.0
2001-03-30,520006.0,"Carlos Ibañez, Punta Arenas Ap.",-53.00167,-70.83861,13.88,26.0
2001-03-30,530005.0,"Fuentes Martínez, Porvenir Ad.",-53.25361,-70.32611,18.5,25.0
2001-03-30,550001.0,"Guardiamarina Zañartu, Pto Williams Ad.",-54.93167,-67.61556,14.875,20.0
2001-03-30,950001.0,"C.M.A. Eduardo Frei Montalva, Antártica ",-62.19194,-58.97972,19.375,39.0
2001-03-31,180005.0,"Chacalluta, Arica Ap.",-18.35555,-70.34028,4.708333333333333,13.0
2001-03-31,200006.0,Diego Aracena Iquique Ap.,-20.54917,-70.18111,6.291666666666667,15.0
2001-03-31,220002.0,"El Loa, Calama Ad.",-22.49806,-68.8925,13.6875,20.0
2001-03-31,270001.0,Mataveri  Isla de Pascua Ap.,-27.15889,-109.4325,5.666666666666667,10.0
2001-03-31,290004.0,"La Florida, La Serena Ad.",-29.91444,-71.20667,6.470588235294118,12.0
2001-03-31,330007.0,"Rodelillo, Ad.",-33.06528,-71.55639,8.727272727272727,11.0
2001-03-31,330019.0,"Eulogio Sánchez, Tobalaba Ad.",-33.45528,-70.54861,1.0909090909090908,2.0
2001-03-31,330020.0,"Quinta Normal, Santiago",-33.445,-70.68278,3.6,8.0
2001-03-31,330021.0,Pudahuel Santiago ,-33.37833,-70.78778,4.916666666666667,10.0
2001-03-31,330030.0,"Santo Domingo, Ad.",-33.65611,-71.61333,5.714285714285714,10.0
2001-03-31,330031.0,"Juan Fernández, Estación Meteorológica.",-33.63583,-78.83305,3.0,4.0
2001-03-31,340031.0,"General Freire, Curicó Ad.",-34.96944,-71.21694,4.4,9.0
2001-03-31,360011.0,"General Bernardo O'Higgins, Chillán Ad.",-36.58583,-72.03667,5.0,9.0
2001-03-31,360019.0,"Carriel Sur, Concepción Ap.",-36.78055,-73.06639,6.041666666666667,13.0
2001-03-31,370033.0,"María Dolores, Los Angeles Ad.",-37.39694,-72.42389,6.75,8.0
2001-03-31,380013.0,"Maquehue, Temuco Ad.",-38.76778,-72.63194,3.875,6.0
2001-03-31,390006.0,"Pichoy, Valdivia Ad.",-39.65667,-73.08722,8.25,14.0
2001-03-31,400009.0,"Cañal Bajo,  Osorno Ad.",-40.61444,-73.0575,8.23076923076923,12.0
2001-03-31,410005.0,El Tepual  Puerto Montt Ap.,-41.4475,-73.09583,8.666666666666666,17.0
2001-03-31,430001.0,Quellón Ad.,-43.13361,-73.63278,7.545454545454546,12.0
2001-03-31,430002.0,Futaleufú Ad.,-43.18889,-71.85222,3.0,6.0
2001-03-31,450004.0,"Teniente Vidal, Coyhaique Ad.",-45.59083,-72.10222,5.6,12.0
2001-03-31,450005.0,Balmaceda Ad.,-45.91833,-71.67778,6.625,18.0
2001-03-31,520006.0,"Carlos Ibañez, Punta Arenas Ap.",-53.00167,-70.83861,5.333333333333333,13.0
2001-03-31,530005.0,"Fuentes Martínez, Porvenir Ad.",-53.25361,-70.32611,3.7,9.0
2001-03-31,950001.0,"C.M.A. Eduardo Frei Montalva, Antártica ",-62.19194,-58.97972,15.0,20.0
2001-04-01,180005.0,"Chacalluta, Arica Ap.",-18.35555,-70.34028,4.916666666666667,13.0
2001-04-01,200006.0,Diego Aracena Iquique Ap.,-20.54917,-70.18111,8.041666666666666,16.0
2001-04-01,220002.0,"El Loa, Calama Ad.",-22.49806,-68.8925,14.272727272727273,20.0
2001-04-01,270001.0,Mataveri  Isla de Pascua Ap.,-27.15889,-109.4325,5.833333333333333,9.0
2001-04-01,290004.0,"La Florida, La Serena Ad.",-29.91444,-71.20667,6.588235294117647,14.0
2001-04-01,330007.0,"Rodelillo, Ad.",-33.06528,-71.55639,8.0,11.0
2001-04-01,330019.0,"Eulogio Sánchez, Tobalaba Ad.",-33.45528,-70.54861,0.45454545454545453,2.0
2001-04-01,330020.0,"Quinta Normal, Santiago",-33.445,-70.68278,2.0,4.0
2001-04-01,330021.0,Pudahuel Santiago ,-33.37833,-70.78778,3.2222222222222223,9.0
2001-04-01,330030.0,"Santo Domingo, Ad.",-33.65611,-71.61333,7.538461538461538,17.0
2001-04-01,330031.0,"Juan Fernández, Estación Meteorológica.",-33.63583,-78.83305,4.5,6.0
2001-04-01,340031.0,"General Freire, Curicó Ad.",-34.96944,-71.21694,6.1,8.0
2001-04-01,360011.0,"General Bernardo O'Higgins, Chillán Ad.",-36.58583,-72.03667,7.0,8.0
2001-04-01,360019.0,"Carriel Sur, Concepción Ap.",-36.78055,-73.06639,4.75,15.0
2001-04-01,370033.0,"María Dolores, Los Angeles Ad.",-37.39694,-72.42389,3.5,6.0
2001-04-01,380013.0,"Maquehue, Temuco Ad.",-38.76778,-72.63194,4.208333333333333,10.0
2001-04-01,390006.0,"Pichoy, Valdivia Ad.",-39.65667,-73.08722,4.25,6.0
2001-04-01,400009.0,"Cañal Bajo,  Osorno Ad.",-40.61444,-73.0575,3.642857142857143,7.0
2001-04-01,410005.0,El Tepual  Puerto Montt Ap.,-41.4475,-73.09583,11.0,20.0
2001-04-01,430001.0,Quellón Ad.,-43.13361,-73.63278,8.636363636363637,12.0
2001-04-01,430002.0,Futaleufú Ad.,-43.18889,-71.85222,0.0,0.0
2001-04-01,450004.0,"Teniente Vidal, Coyhaique Ad.",-45.59083,-72.10222,7.2,11.0
2001-04-01,450005.0,Balmaceda Ad.,-45.91833,-71.67778,7.75,20.0
2001-04-01,520006.0,"Carlos Ibañez, Punta Arenas Ap.",-53.00167,-70.83861,7.416666666666667,12.0
2001-04-01,950001.0,"C.M.A. Eduardo Frei Montalva, Antártica ",-62.19194,-58.97972,17.125,27.0
2001-04-02,180005.0,"Chacalluta, Arica Ap.",-18.35555,-70.34028,4.916666666666667,13.0
2001-04-02,200006.0,Diego Aracena Iquique Ap.,-20.54917,-70.18111,9.125,18.0
2001-04-02,220002.0,"El Loa, Calama Ad.",-22.49806,-68.8925,14.235294117647058,19.0
2001-04-02,270001.0,Mataveri  Isla de Pascua Ap.,-27.15889,-109.4325,9.5,12.0
2001-04-02,290004.0,"La Florida, La Serena Ad.",-29.91444,-71.20667,4.470588235294118,7.0
2001-04-02,330007.0,"Rodelillo, Ad.",-33.06528,-71.55639,6.090909090909091,10.0
2001-04-02,330019.0,"Eulogio Sánchez, Tobalaba Ad.",-33.45528,-70.54861,0.8181818181818182,2.0
2001-04-02,330020.0,"Quinta Normal, Santiago",-33.445,-70.68278,3.6,6.0
2001-04-02,330021.0,Pudahuel Santiago ,-33.37833,-70.78778,3.2,12.0
2001-04-02,330030.0,"Santo Domingo, Ad.",-33.65611,-71.61333,5.384615384615385,10.0
2001-04-02,330031.0,"Juan Fernández, Estación Meteorológica.",-33.63583,-78.83305,4.2,8.0
2001-04-02,340031.0,"General Freire, Curicó Ad.",-34.96944,-71.21694,2.7,5.0
2001-04-02,360011.0,"General Bernardo O'Higgins, Chillán Ad.",-36.58583,-72.03667,2.3333333333333335,5.0
2001-04-02,360019.0,"Carriel Sur, Concepción Ap.",-36.78055,-73.06639,5.125,10.0
2001-04-02,370033.0,"María Dolores, Los Angeles Ad.",-37.39694,-72.42389,10.25,12.0
2001-04-02,380013.0,"Maquehue, Temuco Ad.",-38.76778,-72.63194,3.2,6.0
2001-04-02,390006.0,"Pichoy, Valdivia Ad.",-39.65667,-73.08722,2.0,5.0
2001-04-02,400009.0,"Cañal Bajo,  Osorno Ad.",-40.61444,-73.0575,7.538461538461538,11.0
2001-04-02,410005.0,El Tepual  Puerto Montt Ap.,-41.4475,-73.09583,6.333333333333333,12.0
2001-04-02,430001.0,Quellón Ad.,-43.13361,-73.63278,14.0,87.0
2001-04-02,430002.0,Futaleufú Ad.,-43.18889,-71.85222,0.75,3.0
2001-04-02,450001.0,Puerto Aysén Ad.,-45.39944,-72.67722,1.5,4.0
2001-04-02,450004.0,"Teniente Vidal, Coyhaique Ad.",-45.59083,-72.10222,6.0,11.0
2001-04-02,450005.0,Balmaceda Ad.,-45.91833,-71.67778,4.666666666666667,15.0
2001-04-02,520006.0,"Carlos Ibañez, Punta Arenas Ap.",-53.00167,-70.83861,7.791666666666667,14.0
2001-04-02,530005.0,"Fuentes Martínez, Porvenir Ad.",-53.25361,-70.32611,13.7,17.0
2001-04-02,550001.0,"Guardiamarina Zañartu, Pto Williams Ad.",-54.93167,-67.61556,14.555555555555555,20.0
2001-04-02,950001.0,"C.M.A. Eduardo Frei Montalva, Antártica ",-62.19194,-58.97972,11.75,22.0
2001-04-03,180005.0,"Chacalluta, Arica Ap.",-18.35555,-70.34028,4.75,12.0
2001-04-03,200006.0,Diego Aracena Iquique Ap.,-20.54917,-70.18111,7.166666666666667,18.0
2001-04-03,220002.0,"El Loa, Calama Ad.",-22.49806,-68.8925,12.6875,20.0
2001-04-03,270001.0,Mataveri  Isla de Pascua Ap.,-27.15889,-109.4325,10.5,15.0
2001-04-03,290004.0,"La Florida, La Serena Ad.",-29.91444,-71.20667,4.411764705882353,9.0
2001-04-03,330007.0,"Rodelillo, Ad.",-33.06528,-71.55639,5.909090909090909,9.0
2001-04-03,330019.0,"Eulogio Sánchez, Tobalaba Ad.",-33.45528,-70.54861,1.3636363636363635,3.0
2001-04-03,330020.0,"Quinta Normal, Santiago",-33.445,-70.68278,3.4,7.0
2001-04-03,330021.0,Pudahuel Santiago ,-33.37833,-70.78778,5.88,14.0
2001-04-03,330030.0,"Santo Domingo, Ad.",-33.65611,-71.61333,2.5384615384615383,6.0
2001-04-03,330031.0,"Juan Fernández, Estación Meteorológica.",-33.63583,-78.83305,10.6,15.0
2001-04-03,340031.0,"General Freire, Curicó Ad.",-34.96944,-71.21694,3.4,8.0
2001-04-03,360011.0,"General Bernardo O'Higgins, Chillán Ad.",-36.58583,-72.03667,4.333333333333333,6.0
2001-04-03,360019.0,"Carriel Sur, Concepción Ap.",-36.78055,-73.06639,3.772727272727273,8.0
2001-04-03,370033.0,"María Dolores, Los Angeles Ad.",-37.39694,-72.42389,5.75,8.0
2001-04-03,380013.0,"Maquehue, Temuco Ad.",-38.76778,-72.63194,2.8333333333333335,9.0
2001-04-03,390006.0,"Pichoy, Valdivia Ad.",-39.65667,-73.08722,2.75,5.0
2001-04-03,400009.0,"Cañal Bajo,  Osorno Ad.",-40.61444,-73.0575,8.714285714285714,11.0
2001-04-03,410005.0,El Tepual  Puerto Montt Ap.,-41.4475,-73.09583,5.083333333333333,11.0
2001-04-03,430001.0,Quellón Ad.,-43.13361,-73.63278,6.818181818181818,10.0
2001-04-03,430002.0,Futaleufú Ad.,-43.18889,-71.85222,0.8,4.0
2001-04-03,450001.0,Puerto Aysén Ad.,-45.39944,-72.67722,2.5,6.0
2001-04-03,450004.0,"Teniente Vidal, Coyhaique Ad.",-45.59083,-72.10222,2.6,4.0
2001-04-03,450005.0,Balmaceda Ad.,-45.91833,-71.67778,2.25,7.0
2001-04-03,520006.0,"Carlos Ibañez, Punta Arenas Ap.",-53.00167,-70.83861,10.833333333333334,22.0
2001-04-03,530005.0,"Fuentes Martínez, Porvenir Ad.",-53.25361,-70.32611,11.3,16.0
2001-04-03,550001.0,"Guardiamarina Zañartu, Pto Williams Ad.",-54.93167,-67.61556,4.1,9.0
2001-04-03,950001.0,"C.M.A. Eduardo Frei Montalva, Antártica ",-62.19194,-58.97972,10.5,17.0
2001-04-04,180005.0,"Chacalluta, Arica Ap.",-18.35555,-70.34028,5.375,12.0
2001-04-04,200006.0,Diego Aracena Iquique Ap.,-20.54917,-70.18111,9.666666666666666,21.0
2001-04-04,220002.0,"El Loa, Calama Ad.",-22.49806,-68.8925,13.8125,22.0
2001-04-04,270001.0,Mataveri  Isla de Pascua Ap.,-27.15889,-109.4325,7.5,12.0
2001-04-04,290004.0,"La Florida, La Serena Ad.",-29.91444,-71.20667,4.705882352941177,9.0
2001-04-04,330007.0,"Rodelillo, Ad.",-33.06528,-71.55639,5.454545454545454,9.0
2001-04-04,330019.0,"Eulogio Sánchez, Tobalaba Ad.",-33.45528,-70.54861,0.7272727272727273,2.0
2001-04-04,330020.0,"Quinta Normal, Santiago",-33.445,-70.68278,3.6,6.0
2001-04-04,330021.0,Pudahuel Santiago ,-33.37833,-70.78778,4.791666666666667,9.0
2001-04-04,330030.0,"Santo Domingo, Ad.",-33.65611,-71.61333,5.384615384615385,9.0
2001-04-04,330031.0,"Juan Fernández, Estación Meteorológica.",-33.63583,-78.83305,25.0,30.0
2001-04-04,340031.0,"General Freire, Curicó Ad.",-34.96944,-71.21694,2.4,6.0
2001-04-04,360011.0,"General Bernardo O'Higgins, Chillán Ad.",-36.58583,-72.03667,1.3333333333333333,2.0
2001-04-04,360019.0,"Carriel Sur, Concepción Ap.",-36.78055,-73.06639,2.375,7.0
2001-04-04,370033.0,"María Dolores, Los Angeles Ad.",-37.39694,-72.42389,3.75,6.0
2001-04-04,380013.0,"Maquehue, Temuco Ad.",-38.76778,-72.63194,2.6666666666666665,7.0
2001-04-04,390006.0,"Pichoy, Valdivia Ad.",-39.65667,-73.08722,3.25,6.0
2001-04-04,400009.0,"Cañal Bajo,  Osorno Ad.",-40.61444,-73.0575,10.307692307692308,15.0
2001-04-04,410005.0,El Tepual  Puerto Montt Ap.,-41.4475,-73.09583,7.291666666666667,20.0
2001-04-04,430001.0,Quellón Ad.,-43.13361,-73.63278,8.2,10.0
2001-04-04,430002.0,Futaleufú Ad.,-43.18889,-71.85222,1.0,5.0
2001-04-04,450001.0,Puerto Aysén Ad.,-45.39944,-72.67722,9.75,16.0
2001-04-04,450004.0,"Teniente Vidal, Coyhaique Ad.",-45.59083,-72.10222,5.4,13.0
2001-04-04,450005.0,Balmaceda Ad.,-45.91833,-71.67778,12.166666666666666,21.0
2001-04-04,520006.0,"Carlos Ibañez, Punta Arenas Ap.",-53.00167,-70.83861,23.083333333333332,38.0
2001-04-04,530005.0,"Fuentes Martínez, Porvenir Ad.",-53.25361,-70.32611,27.90909090909091,40.0
2001-04-04,550001.0,"Guardiamarina Zañartu, Pto Williams Ad.",-54.93167,-67.61556,24.666666666666668,34.0
2001-04-04,950001.0,"C.M.A. Eduardo Frei Montalva, Antártica ",-62.19194,-58.97972,10.75,15.0
2001-04-05,180005.0,"Chacalluta, Arica Ap.",-18.35555,-70.34028,5.083333333333333,11.0
2001-04-05,200006.0,Diego Aracena Iquique Ap.,-20.54917,-70.18111,7.25,17.0
2001-04-05,220002.0,"El Loa, Calama Ad.",-22.49806,-68.8925,15.4375,27.0
2001-04-05,270001.0,Mataveri  Isla de Pascua Ap.,-27.15889,-109.4325,6.333333333333333,9.0
2001-04-05,290004.0,"La Florida, La Serena Ad.",-29.91444,-71.20667,7.352941176470588,12.0
2001-04-05,330007.0,"Rodelillo, Ad.",-33.06528,-71.55639,5.818181818181818,10.0
2001-04-05,330019.0,"Eulogio Sánchez, Tobalaba Ad.",-33.45528,-70.54861,1.0,3.0
2001-04-05,330020.0,"Quinta Normal, Santiago",-33.445,-70.68278,1.8,5.0
2001-04-05,330021.0,Pudahuel Santiago ,-33.37833,-70.78778,3.7916666666666665,9.0
2001-04-05,330030.0,"Santo Domingo, Ad.",-33.65611,-71.61333,5.615384615384615,11.0
2001-04-05,330031.0,"Juan Fernández, Estación Meteorológica.",-33.63583,-78.83305,24.2,28.0
2001-04-05,340031.0,"General Freire, Curicó Ad.",-34.96944,-71.21694,3.6,5.0
2001-04-05,360011.0,"General Bernardo O'Higgins, Chillán Ad.",-36.58583,-72.03667,6.666666666666667,9.0
2001-04-05,360019.0,"Carriel Sur, Concepción Ap.",-36.78055,-73.06639,6.25,13.0
2001-04-05,370033.0,"María Dolores, Los Angeles Ad.",-37.39694,-72.42389,13.0,20.0
2001-04-05,380013.0,"Maquehue, Temuco Ad.",-38.76778,-72.63194,3.4,9.0
2001-04-05,390006.0,"Pichoy, Valdivia Ad.",-39.65667,-73.08722,5.25,8.0
2001-04-05,400009.0,"Cañal Bajo,  Osorno Ad.",-40.61444,-73.0575,11.384615384615385,14.0
2001-04-05,410005.0,El Tepual  Puerto Montt Ap.,-41.4475,-73.09583,6.833333333333333,16.0
2001-04-05,430001.0,Quellón Ad.,-43.13361,-73.63278,7.7,12.0
2001-04-05,430002.0,Futaleufú Ad.,-43.18889,-71.85222,2.0,6.0
2001-04-05,450001.0,Puerto Aysén Ad.,-45.39944,-72.67722,6.25,10.0
2001-04-05,450004.0,"Teniente Vidal, Coyhaique Ad.",-45.59083,-72.10222,4.0,6.0
2001-04-05,450005.0,Balmaceda Ad.,-45.91833,-71.67778,14.041666666666666,25.0
2001-04-05,520006.0,"Carlos Ibañez, Punta Arenas Ap.",-53.00167,-70.83861,14.416666666666666,31.0
2001-04-05,530005.0,"Fuentes Martínez, Porvenir Ad.",-53.25361,-70.32611,16.363636363636363,25.0
2001-04-05,550001.0,"Guardiamarina Zañartu, Pto Williams Ad.",-54.93167,-67.61556,13.11111111111111,17.0
2001-04-05,950001.0,"C.M.A. Eduardo Frei Montalva, Antártica ",-62.19194,-58.97972,7.4,11.0
2001-04-06,180005.0,"Chacalluta, Arica Ap.",-18.35555,-70.34028,5.0,11.0
2001-04-06,200006.0,Diego Aracena Iquique Ap.,-20.54917,-70.18111,6.666666666666667,12.0
2001-04-06,220002.0,"El Loa, Calama Ad.",-22.49806,-68.8925,13.5,20.0
2001-04-06,270001.0,Mataveri  Isla de Pascua Ap.,-27.15889,-109.4325,6.833333333333333,10.0
2001-04-06,290004.0,"La Florida, La Serena Ad.",-29.91444,-71.20667,4.705882352941177,9.0
2001-04-06,330007.0,"Rodelillo, Ad.",-33.06528,-71.55639,7.5,12.0
2001-04-06,330019.0,"Eulogio Sánchez, Tobalaba Ad.",-33.45528,-70.54861,1.0,3.0
2001-04-06,330020.0,"Quinta Normal, Santiago",-33.445,-70.68278,3.2,10.0
2001-04-06,330021.0,Pudahuel Santiago ,-33.37833,-70.78778,3.9615384615384617,13.0
2001-04-06,330030.0,"Santo Domingo, Ad.",-33.65611,-71.61333,5.785714285714286,14.0
2001-04-06,330031.0,"Juan Fernández, Estación Meteorológica.",-33.63583,-78.83305,18.4,25.0
2001-04-06,340031.0,"General Freire, Curicó Ad.",-34.96944,-71.21694,3.0,5.0
2001-04-06,360011.0,"General Bernardo O'Higgins, Chillán Ad.",-36.58583,-72.03667,2.6666666666666665,3.0
2001-04-06,360019.0,"Carriel Sur, Concepción Ap.",-36.78055,-73.06639,4.916666666666667,9.0
2001-04-06,370033.0,"María Dolores, Los Angeles Ad.",-37.39694,-72.42389,6.75,9.0
2001-04-06,380013.0,"Maquehue, Temuco Ad.",-38.76778,-72.63194,2.5,5.0
2001-04-06,390006.0,"Pichoy, Valdivia Ad.",-39.65667,-73.08722,0.5,2.0
2001-04-06,400009.0,"Cañal Bajo,  Osorno Ad.",-40.61444,-73.0575,9.461538461538462,14.0
2001-04-06,410005.0,El Tepual  Puerto Montt Ap.,-41.4475,-73.09583,8.875,13.0
2001-04-06,430001.0,Quellón Ad.,-43.13361,-73.63278,7.3,10.0
2001-04-06,430002.0,Futaleufú Ad.,-43.18889,-71.85222,1.2,3.0
2001-04-06,450001.0,Puerto Aysén Ad.,-45.39944,-72.67722,8.0,14.0
2001-04-06,450004.0,"Teniente Vidal, Coyhaique Ad.",-45.59083,-72.10222,7.8,10.0
2001-04-06,450005.0,Balmaceda Ad.,-45.91833,-71.67778,11.666666666666666,25.0
2001-04-06,520006.0,"Carlos Ibañez, Punta Arenas Ap.",-53.00167,-70.83861,20.791666666666668,44.0
2001-04-06,530005.0,"Fuentes Martínez, Porvenir Ad.",-53.25361,-70.32611,24.90909090909091,38.0
2001-04-06,550001.0,"Guardiamarina Zañartu, Pto Williams Ad.",-54.93167,-67.61556,20.875,43.0
2001-04-06,950001.0,"C.M.A. Eduardo Frei Montalva, Antártica ",-62.19194,-58.97972,13.692307692307692,27.0
2001-04-07,180005.0,"Chacalluta, Arica Ap.",-18.35555,-70.34028,5.166666666666667,13.0
2001-04-07,200006.0,Diego Aracena Iquique Ap.,-20.54917,-70.18111,9.166666666666666,16.0
2001-04-07,220002.0,"El Loa, Calama Ad.",-22.49806,-68.8925,13.2,20.0
2001-04-07,270001.0,Mataveri  Isla de Pascua Ap.,-27.15889,-109.4325,6.166666666666667,9.0
2001-04-07,290004.0,"La Florida, La Serena Ad.",-29.91444,-71.20667,6.529411764705882,12.0
2001-04-07,330007.0,"Rodelillo, Ad.",-33.06528,-71.55639,5.545454545454546,8.0
2001-04-07,330019.0,"Eulogio Sánchez, Tobalaba Ad.",-33.45528,-70.54861,1.0,2.0
2001-04-07,330020.0,"Quinta Normal, Santiago",-33.445,-70.68278,4.4,8.0
2001-04-07,330021.0,Pudahuel Santiago ,-33.37833,-70.78778,4.708333333333333,11.0
2001-04-07,330030.0,"Santo Domingo, Ad.",-33.65611,-71.61333,5.5,10.0
2001-04-07,330031.0,"Juan Fernández, Estación Meteorológica.",-33.63583,-78.83305,4.0,12.0
2001-04-07,340031.0,"General Freire, Curicó Ad.",-34.96944,-71.21694,4.0,6.0
2001-04-07,360011.0,"General Bernardo O'Higgins, Chillán Ad.",-36.58583,-72.03667,6.0,8.0
2001-04-07,360019.0,"Carriel Sur, Concepción Ap.",-36.78055,-73.06639,8.541666666666666,13.0
2001-04-07,370033.0,"María Dolores, Los Angeles Ad.",-37.39694,-72.42389,5.5,8.0
2001-04-07,380013.0,"Maquehue, Temuco Ad.",-38.76778,-72.63194,2.48,6.0
2001-04-07,390006.0,"Pichoy, Valdivia Ad.",-39.65667,-73.08722,3.25,6.0
2001-04-07,400009.0,"Cañal Bajo,  Osorno Ad.",-40.61444,-73.0575,2.3846153846153846,9.0
2001-04-07,410005.0,El Tepual  Puerto Montt Ap.,-41.4475,-73.09583,6.25,16.0
2001-04-07,430001.0,Quellón Ad.,-43.13361,-73.63278,7.4,10.0
2001-04-07,430002.0,Futaleufú Ad.,-43.18889,-71.85222,0.0,0.0
2001-04-07,450004.0,"Teniente Vidal, Coyhaique Ad.",-45.59083,-72.10222,4.2,5.0
2001-04-07,450005.0,Balmaceda Ad.,-45.91833,-71.67778,4.958333333333333,16.0
2001-04-07,520006.0,"Carlos Ibañez, Punta Arenas Ap.",-53.00167,-70.83861,19.041666666666668,45.0
2001-04-07,530005.0,"Fuentes Martínez, Porvenir Ad.",-53.25361,-70.32611,10.636363636363637,17.0
2001-04-07,950001.0,"C.M.A. Eduardo Frei Montalva, Antártica ",-62.19194,-58.97972,29.625,46.0
2001-04-08,180005.0,"Chacalluta, Arica Ap.",-18.35555,-70.34028,5.375,13.0
2001-04-08,200006.0,Diego Aracena Iquique Ap.,-20.54917,-70.18111,9.5,16.0
2001-04-08,220002.0,"El Loa, Calama Ad.",-22.49806,-68.8925,15.0,21.0
2001-04-08,270001.0,Mataveri  Isla de Pascua Ap.,-27.15889,-109.4325,8.333333333333334,12.0
2001-04-08,290004.0,"La Florida, La Serena Ad.",-29.91444,-71.20667,6.529411764705882,10.0
2001-04-08,330007.0,"Rodelillo, Ad.",-33.06528,-71.55639,7.363636363636363,10.0
2001-04-08,330019.0,"Eulogio Sánchez, Tobalaba Ad.",-33.45528,-70.54861,0.8181818181818182,3.0
2001-04-08,330020.0,"Quinta Normal, Santiago",-33.445,-70.68278,2.8,6.0
2001-04-08,330021.0,Pudahuel Santiago ,-33.37833,-70.78778,3.92,11.0
2001-04-08,330030.0,"Santo Domingo, Ad.",-33.65611,-71.61333,4.846153846153846,9.0
2001-04-08,330031.0,"Juan Fernández, Estación Meteorológica.",-33.63583,-78.83305,2.0,4.0
2001-04-08,340031.0,"General Freire, Curicó Ad.",-34.96944,-71.21694,3.6666666666666665,4.0
2001-04-08,360011.0,"General Bernardo O'Higgins, Chillán Ad.",-36.58583,-72.03667,2.6666666666666665,5.0
2001-04-08,360019.0,"Carriel Sur, Concepción Ap.",-36.78055,-73.06639,2.875,7.0
2001-04-08,370033.0,"María Dolores, Los Angeles Ad.",-37.39694,-72.42389,5.5,9.0
2001-04-08,380013.0,"Maquehue, Temuco Ad.",-38.76778,-72.63194,2.5416666666666665,7.0
2001-04-08,390006.0,"Pichoy, Valdivia Ad.",-39.65667,-73.08722,2.0,4.0
2001-04-08,400009.0,"Cañal Bajo,  Osorno Ad.",-40.61444,-73.0575,1.3076923076923077,3.0
2001-04-08,410005.0,El Tepual  Puerto Montt Ap.,-41.4475,-73.09583,2.1666666666666665,9.0
2001-04-08,430001.0,Quellón Ad.,-43.13361,-73.63278,4.0,6.0
2001-04-08,430002.0,Futaleufú Ad.,-43.18889,-71.85222,0.0,0.0
2001-04-08,450004.0,"Teniente Vidal, Coyhaique Ad.",-45.59083,-72.10222,6.8,15.0
2001-04-08,450005.0,Balmaceda Ad.,-45.91833,-71.67778,7.916666666666667,25.0
2001-04-08,520006.0,"Carlos Ibañez, Punta Arenas Ap.",-53.00167,-70.83861,7.916666666666667,18.0
2001-04-08,950001.0,"C.M.A. Eduardo Frei Montalva, Antártica ",-62.19194,-58.97972,17.25,27.0
2001-04-09,180005.0,"Chacalluta, Arica Ap.",-18.35555,-70.34028,6.041666666666667,15.0
2001-04-09,200006.0,Diego Aracena Iquique Ap.,-20.54917,-70.18111,3.875,10.0
2001-04-09,220002.0,"El Loa, Calama Ad.",-22.49806,-68.8925,15.6875,22.0
2001-04-09,270001.0,Mataveri  Isla de Pascua Ap.,-27.15889,-109.4325,9.166666666666666,12.0
2001-04-09,290004.0,"La Florida, La Serena Ad.",-29.91444,-71.20667,6.117647058823529,12.0
2001-04-09,330007.0,"Rodelillo, Ad.",-33.06528,-71.55639,4.818181818181818,9.0
2001-04-09,330019.0,"Eulogio Sánchez, Tobalaba Ad.",-33.45528,-70.54861,0.8181818181818182,4.0
2001-04-09,330020.0,"Quinta Normal, Santiago",-33.445,-70.68278,4.0,10.0
2001-04-09,330021.0,Pudahuel Santiago ,-33.37833,-70.78778,4.24,14.0
2001-04-09,330030.0,"Santo Domingo, Ad.",-33.65611,-71.61333,3.6923076923076925,7.0
2001-04-09,330031.0,"Juan Fernández, Estación Meteorológica.",-33.63583,-78.83305,2.4,4.0
2001-04-09,340031.0,"General Freire, Curicó Ad.",-34.96944,-71.21694,3.4,6.0
2001-04-09,360011.0,"General Bernardo O'Higgins, Chillán Ad.",-36.58583,-72.03667,2.3333333333333335,4.0
2001-04-09,360019.0,"Carriel Sur, Concepción Ap.",-36.78055,-73.06639,3.875,8.0
2001-04-09,370033.0,"María Dolores, Los Angeles Ad.",-37.39694,-72.42389,2.5,6.0
2001-04-09,380013.0,"Maquehue, Temuco Ad.",-38.76778,-72.63194,2.6666666666666665,6.0
2001-04-09,390006.0,"Pichoy, Valdivia Ad.",-39.65667,-73.08722,3.5,8.0
2001-04-09,400009.0,"Cañal Bajo,  Osorno Ad.",-40.61444,-73.0575,1.5384615384615385,3.0
2001-04-09,410005.0,El Tepual  Puerto Montt Ap.,-41.4475,-73.09583,3.3333333333333335,7.0
2001-04-09,430001.0,Quellón Ad.,-43.13361,-73.63278,4.9,8.0
2001-04-09,430002.0,Futaleufú Ad.,-43.18889,-71.85222,5.5,7.0
2001-04-09,450001.0,Puerto Aysén Ad.,-45.39944,-72.67722,11.25,18.0
2001-04-09,450004.0,"Teniente Vidal, Coyhaique Ad.",-45.59083,-72.10222,9.6,18.0
2001-04-09,450005.0,Balmaceda Ad.,-45.91833,-71.67778,19.083333333333332,27.0
2001-04-09,520006.0,"Carlos Ibañez, Punta Arenas Ap.",-53.00167,-70.83861,22.5,39.0
2001-04-09,530005.0,"Fuentes Martínez, Porvenir Ad.",-53.25361,-70.32611,31.636363636363637,41.0
2001-04-09,550001.0,"Guardiamarina Zañartu, Pto Williams Ad.",-54.93167,-67.61556,14.555555555555555,19.0
2001-04-09,950001.0,"C.M.A. Eduardo Frei Montalva, Antártica ",-62.19194,-58.97972,17.625,35.0
2001-04-10,180005.0,"Chacalluta, Arica Ap.",-18.35555,-70.34028,4.541666666666667,12.0
2001-04-10,200006.0,Diego Aracena Iquique Ap.,-20.54917,-70.18111,7.083333333333333,14.0
2001-04-10,220002.0,"El Loa, Calama Ad.",-22.49806,-68.8925,14.1875,21.0
2001-04-10,270001.0,Mataveri  Isla de Pascua Ap.,-27.15889,-109.4325,11.333333333333334,14.0
2001-04-10,290004.0,"La Florida, La Serena Ad.",-29.91444,-71.20667,2.875,7.0
2001-04-10,330007.0,"Rodelillo, Ad.",-33.06528,-71.55639,5.090909090909091,7.0
2001-04-10,330019.0,"Eulogio Sánchez, Tobalaba Ad.",-33.45528,-70.54861,0.18181818181818182,1.0
2001-04-10,330020.0,"Quinta Normal, Santiago",-33.445,-70.68278,3.0,6.0
2001-04-10,330021.0,Pudahuel Santiago ,-33.37833,-70.78778,4.083333333333333,8.0
2001-04-10,330030.0,"Santo Domingo, Ad.",-33.65611,-71.61333,4.615384615384615,8.0
2001-04-10,330031.0,"Juan Fernández, Estación Meteorológica.",-33.63583,-78.83305,0.4,2.0
2001-04-10,340031.0,"General Freire, Curicó Ad.",-34.96944,-71.21694,4.0,5.0
2001-04-10,360011.0,"General Bernardo O'Higgins, Chillán Ad.",-36.58583,-72.03667,2.0,5.0
2001-04-10,360019.0,"Carriel Sur, Concepción Ap.",-36.78055,-73.06639,4.666666666666667,8.0
2001-04-10,370033.0,"María Dolores, Los Angeles Ad.",-37.39694,-72.42389,3.5,4.0
2001-04-10,380013.0,"Maquehue, Temuco Ad.",-38.76778,-72.63194,2.88,5.0
2001-04-10,390006.0,"Pichoy, Valdivia Ad.",-39.65667,-73.08722,2.5,5.0
2001-04-10,400009.0,"Cañal Bajo,  Osorno Ad.",-40.61444,-73.0575,3.857142857142857,7.0
2001-04-10,410005.0,El Tepual  Puerto Montt Ap.,-41.4475,-73.09583,5.166666666666667,10.0
2001-04-10,430001.0,Quellón Ad.,-43.13361,-73.63278,6.3,10.0
2001-04-10,430002.0,Futaleufú Ad.,-43.18889,-71.85222,6.8,10.0
2001-04-10,450001.0,Puerto Aysén Ad.,-45.39944,-72.67722,5.25,8.0
2001-04-10,450004.0,"Teniente Vidal, Coyhaique Ad.",-45.59083,-72.10222,6.4,11.0
2001-04-10,450005.0,Balmaceda Ad.,-45.91833,-71.67778,13.666666666666666,21.0
2001-04-10,520006.0,"Carlos Ibañez, Punta Arenas Ap.",-53.00167,-70.83861,22.125,35.0
2001-04-10,530005.0,"Fuentes Martínez, Porvenir Ad.",-53.25361,-70.32611,22.545454545454547,30.0
2001-04-10,550001.0,"Guardiamarina Zañartu, Pto Williams Ad.",-54.93167,-67.61556,23.11111111111111,29.0
2001-04-10,950001.0,"C.M.A. Eduardo Frei Montalva, Antártica ",-62.19194,-58.97972,30.0,40.0
2001-04-11,180005.0,"Chacalluta, Arica Ap.",-18.35555,-70.34028,4.916666666666667,11.0
2001-04-11,200006.0,Diego Aracena Iquique Ap.,-20.54917,-70.18111,6.541666666666667,13.0
2001-04-11,220002.0,"El Loa, Calama Ad.",-22.49806,-68.8925,13.5625,19.0
2001-04-11,270001.0,Mataveri  Isla de Pascua Ap.,-27.15889,-109.4325,9.5,11.0
2001-04-11,290004.0,"La Florida, La Serena Ad.",-29.91444,-71.20667,5.764705882352941,11.0
2001-04-11,330007.0,"Rodelillo, Ad.",-33.06528,-71.55639,5.545454545454546,10.0
2001-04-11,330019.0,"Eulogio Sánchez, Tobalaba Ad.",-33.45528,-70.54861,0.0,0.0
2001-04-11,330020.0,"Quinta Normal, Santiago",-33.445,-70.68278,2.2,5.0
2001-04-11,330021.0,Pudahuel Santiago ,-33.37833,-70.78778,3.5416666666666665,6.0
2001-04-11,330030.0,"Santo Domingo, Ad.",-33.65611,-71.61333,7.461538461538462,14.0
2001-04-11,330031.0,"Juan Fernández, Estación Meteorológica.",-33.63583,-78.83305,6.4,10.0
2001-04-11,340031.0,"General Freire, Curicó Ad.",-34.96944,-71.21694,3.6666666666666665,6.0
2001-04-11,360011.0,"General Bernardo O'Higgins, Chillán Ad.",-36.58583,-72.03667,3.0,4.0
2001-04-11,360019.0,"Carriel Sur, Concepción Ap.",-36.78055,-73.06639,5.541666666666667,10.0
2001-04-11,370033.0,"María Dolores, Los Angeles Ad.",-37.39694,-72.42389,10.5,14.0
2001-04-11,380013.0,"Maquehue, Temuco Ad.",-38.76778,-72.63194,3.25,6.0
2001-04-11,390006.0,"Pichoy, Valdivia Ad.",-39.65667,-73.08722,3.25,5.0
2001-04-11,400009.0,"Cañal Bajo,  Osorno Ad.",-40.61444,-73.0575,6.0,9.0
2001-04-11,410005.0,El Tepual  Puerto Montt Ap.,-41.4475,-73.09583,4.916666666666667,9.0
2001-04-11,430001.0,Quellón Ad.,-43.13361,-73.63278,4.0,6.0
2001-04-11,430002.0,Futaleufú Ad.,-43.18889,-71.85222,4.2,8.0
2001-04-11,450001.0,Puerto Aysén Ad.,-45.39944,-72.67722,5.5,14.0
2001-04-11,450004.0,"Teniente Vidal, Coyhaique Ad.",-45.59083,-72.10222,8.8,17.0
2001-04-11,450005.0,Balmaceda Ad.,-45.91833,-71.67778,20.208333333333332,34.0
2001-04-11,520006.0,"Carlos Ibañez, Punta Arenas Ap.",-53.00167,-70.83861,18.541666666666668,36.0
2001-04-11,530005.0,"Fuentes Martínez, Porvenir Ad.",-53.25361,-70.32611,20.272727272727273,27.0
2001-04-11,550001.0,"Guardiamarina Zañartu, Pto Williams Ad.",-54.93167,-67.61556,6.888888888888889,10.0
2001-04-11,950001.0,"C.M.A. Eduardo Frei Montalva, Antártica ",-62.19194,-58.97972,12.875,20.0
2001-04-12,180005.0,"Chacalluta, Arica Ap.",-18.35555,-70.34028,6.166666666666667,15.0
2001-04-12,200006.0,Diego Aracena Iquique Ap.,-20.54917,-70.18111,8.458333333333334,17.0
2001-04-12,220002.0,"El Loa, Calama Ad.",-22.49806,-68.8925,14.0625,20.0
2001-04-12,270001.0,Mataveri  Isla de Pascua Ap.,-27.15889,-109.4325,9.166666666666666,11.0
2001-04-12,290004.0,"La Florida, La Serena Ad.",-29.91444,-71.20667,6.588235294117647,11.0
2001-04-12,330007.0,"Rodelillo, Ad.",-33.06528,-71.55639,8.181818181818182,12.0
2001-04-12,330019.0,"Eulogio Sánchez, Tobalaba Ad.",-33.45528,-70.54861,0.5454545454545454,2.0
2001-04-12,330020.0,"Quinta Normal, Santiago",-33.445,-70.68278,3.2,6.0
2001-04-12,330021.0,Pudahuel Santiago ,-33.37833,-70.78778,3.875,12.0
2001-04-12,330030.0,"Santo Domingo, Ad.",-33.65611,-71.61333,5.846153846153846,10.0
2001-04-12,330031.0,"Juan Fernández, Estación Meteorológica.",-33.63583,-78.83305,6.0,8.0
2001-04-12,340031.0,"General Freire, Curicó Ad.",-34.96944,-71.21694,3.7777777777777777,9.0
2001-04-12,360011.0,"General Bernardo O'Higgins, Chillán Ad.",-36.58583,-72.03667,2.6666666666666665,3.0
2001-04-12,360019.0,"Carriel Sur, Concepción Ap.",-36.78055,-73.06639,5.333333333333333,10.0
2001-04-12,370033.0,"María Dolores, Los Angeles Ad.",-37.39694,-72.42389,7.5,10.0
2001-04-12,380013.0,"Maquehue, Temuco Ad.",-38.76778,-72.63194,1.96,5.0
2001-04-12,390006.0,"Pichoy, Valdivia Ad.",-39.65667,-73.08722,2.0,3.0
2001-04-12,400009.0,"Cañal Bajo,  Osorno Ad.",-40.61444,-73.0575,2.230769230769231,7.0
2001-04-12,410005.0,El Tepual  Puerto Montt Ap.,-41.4475,-73.09583,1.875,5.0
2001-04-12,430001.0,Quellón Ad.,-43.13361,-73.63278,7.4,10.0
2001-04-12,430002.0,Futaleufú Ad.,-43.18889,-71.85222,4.8,6.0
2001-04-12,450001.0,Puerto Aysén Ad.,-45.39944,-72.67722,1.0,4.0
2001-04-12,450004.0,"Teniente Vidal, Coyhaique Ad.",-45.59083,-72.10222,9.2,15.0
2001-04-12,450005.0,Balmaceda Ad.,-45.91833,-71.67778,22.291666666666668,26.0
2001-04-12,520006.0,"Carlos Ibañez, Punta Arenas Ap.",-53.00167,-70.83861,18.333333333333332,33.0
2001-04-12,530005.0,"Fuentes Martínez, Porvenir Ad.",-53.25361,-70.32611,12.727272727272727,20.0
2001-04-12,550001.0,"Guardiamarina Zañartu, Pto Williams Ad.",-54.93167,-67.61556,17.333333333333332,26.0
2001-04-12,950001.0,"C.M.A. Eduardo Frei Montalva, Antártica ",-62.19194,-58.97972,10.0,24.0
2001-04-13,180005.0,"Chacalluta, Arica Ap.",-18.35555,-70.34028,6.0,18.0
2001-04-13,200006.0,Diego Aracena Iquique Ap.,-20.54917,-70.18111,7.041666666666667,18.0
2001-04-13,220002.0,"El Loa, Calama Ad.",-22.49806,-68.8925,10.117647058823529,18.0
2001-04-13,270001.0,Mataveri  Isla de Pascua Ap.,-27.15889,-109.4325,5.0,7.0
2001-04-13,290004.0,"La Florida, La Serena Ad.",-29.91444,-71.20667,6.235294117647059,15.0
2001-04-13,330007.0,"Rodelillo, Ad.",-33.06528,-71.55639,9.818181818181818,17.0
2001-04-13,330019.0,"Eulogio Sánchez, Tobalaba Ad.",-33.45528,-70.54861,1.8181818181818181,4.0
2001-04-13,330020.0,"Quinta Normal, Santiago",-33.445,-70.68278,4.8,10.0
2001-04-13,330021.0,Pudahuel Santiago ,-33.37833,-70.78778,4.888888888888889,11.0
2001-04-13,330030.0,"Santo Domingo, Ad.",-33.65611,-71.61333,3.642857142857143,9.0
2001-04-13,330031.0,"Juan Fernández, Estación Meteorológica.",-33.63583,-78.83305,5.0,6.0
2001-04-13,340031.0,"General Freire, Curicó Ad.",-34.96944,-71.21694,4.888888888888889,7.0
2001-04-13,360011.0,"General Bernardo O'Higgins, Chillán Ad.",-36.58583,-72.03667,6.0,7.0
2001-04-13,360019.0,"Carriel Sur, Concepción Ap.",-36.78055,-73.06639,5.5,11.0
2001-04-13,370033.0,"María Dolores, Los Angeles Ad.",-37.39694,-72.42389,2.25,4.0
2001-04-13,380013.0,"Maquehue, Temuco Ad.",-38.76778,-72.63194,1.6,4.0
2001-04-13,390006.0,"Pichoy, Valdivia Ad.",-39.65667,-73.08722,2.0,4.0
2001-04-13,400009.0,"Cañal Bajo,  Osorno Ad.",-40.61444,-73.0575,1.2142857142857142,4.0
2001-04-13,410005.0,El Tepual  Puerto Montt Ap.,-41.4475,-73.09583,2.5416666666666665,9.0
2001-04-13,430001.0,Quellón Ad.,-43.13361,-73.63278,6.9,8.0
2001-04-13,430002.0,Futaleufú Ad.,-43.18889,-71.85222,5.0,8.0
2001-04-13,450004.0,"Teniente Vidal, Coyhaique Ad.",-45.59083,-72.10222,6.0,8.0
2001-04-13,450005.0,Balmaceda Ad.,-45.91833,-71.67778,16.208333333333332,23.0
2001-04-13,520006.0,"Carlos Ibañez, Punta Arenas Ap.",-53.00167,-70.83861,11.791666666666666,22.0
2001-04-13,950001.0,"C.M.A. Eduardo Frei Montalva, Antártica ",-62.19194,-58.97972,19.5,29.0
2001-04-14,180005.0,"Chacalluta, Arica Ap.",-18.35555,-70.34028,5.291666666666667,12.0
2001-04-14,200006.0,Diego Aracena Iquique Ap.,-20.54917,-70.18111,6.875,14.0
2001-04-14,220002.0,"El Loa, Calama Ad.",-22.49806,-68.8925,13.625,23.0
2001-04-14,270001.0,Mataveri  Isla de Pascua Ap.,-27.15889,-109.4325,5.833333333333333,7.0
2001-04-14,290004.0,"La Florida, La Serena Ad.",-29.91444,-71.20667,6.647058823529412,11.0
2001-04-14,330007.0,"Rodelillo, Ad.",-33.06528,-71.55639,9.272727272727273,12.0
2001-04-14,330019.0,"Eulogio Sánchez, Tobalaba Ad.",-33.45528,-70.54861,0.18181818181818182,1.0
2001-04-14,330020.0,"Quinta Normal, Santiago",-33.445,-70.68278,1.4,3.0
2001-04-14,330021.0,Pudahuel Santiago ,-33.37833,-70.78778,3.32,7.0
2001-04-14,330030.0,"Santo Domingo, Ad.",-33.65611,-71.61333,7.0,11.0
2001-04-14,330031.0,"Juan Fernández, Estación Meteorológica.",-33.63583,-78.83305,4.25,6.0
2001-04-14,340031.0,"General Freire, Curicó Ad.",-34.96944,-71.21694,6.666666666666667,9.0
2001-04-14,360011.0,"General Bernardo O'Higgins, Chillán Ad.",-36.58583,-72.03667,6.333333333333333,8.0
2001-04-14,360019.0,"Carriel Sur, Concepción Ap.",-36.78055,-73.06639,4.166666666666667,12.0
2001-04-14,370033.0,"María Dolores, Los Angeles Ad.",-37.39694,-72.42389,2.25,4.0
2001-04-14,380013.0,"Maquehue, Temuco Ad.",-38.76778,-72.63194,2.7916666666666665,6.0
2001-04-14,390006.0,"Pichoy, Valdivia Ad.",-39.65667,-73.08722,4.0,8.0
2001-04-14,400009.0,"Cañal Bajo,  Osorno Ad.",-40.61444,-73.0575,3.4285714285714284,6.0
2001-04-14,410005.0,El Tepual  Puerto Montt Ap.,-41.4475,-73.09583,5.958333333333333,9.0
2001-04-14,430001.0,Quellón Ad.,-43.13361,-73.63278,4.8,8.0
2001-04-14,430002.0,Futaleufú Ad.,-43.18889,-71.85222,3.2,10.0
2001-04-14,450004.0,"Teniente Vidal, Coyhaique Ad.",-45.59083,-72.10222,7.0,15.0
2001-04-14,450005.0,Balmaceda Ad.,-45.91833,-71.67778,15.0,23.0
2001-04-14,520006.0,"Carlos Ibañez, Punta Arenas Ap.",-53.00167,-70.83861,10.958333333333334,19.0
2001-04-14,950001.0,"C.M.A. Eduardo Frei Montalva, Antártica ",-62.19194,-58.97972,10.666666666666666,16.0
2001-04-15,180005.0,"Chacalluta, Arica Ap.",-18.35555,-70.34028,5.041666666666667,11.0
2001-04-15,200006.0,Diego Aracena Iquique Ap.,-20.54917,-70.18111,4.708333333333333,13.0
2001-04-15,220002.0,"El Loa, Calama Ad.",-22.49806,-68.8925,17.272727272727273,24.0
2001-04-15,270001.0,Mataveri  Isla de Pascua Ap.,-27.15889,-109.4325,6.375,11.0
2001-04-15,290004.0,"La Florida, La Serena Ad.",-29.91444,-71.20667,5.0588235294117645,9.0
2001-04-15,330007.0,"Rodelillo, Ad.",-33.06528,-71.55639,4.909090909090909,8.0
2001-04-15,330019.0,"Eulogio Sánchez, Tobalaba Ad.",-33.45528,-70.54861,0.5454545454545454,2.0
2001-04-15,330020.0,"Quinta Normal, Santiago",-33.445,-70.68278,1.6,4.0
2001-04-15,330021.0,Pudahuel Santiago ,-33.37833,-70.78778,3.1923076923076925,11.0
2001-04-15,330030.0,"Santo Domingo, Ad.",-33.65611,-71.61333,4.153846153846154,8.0
2001-04-15,330031.0,"Juan Fernández, Estación Meteorológica.",-33.63583,-78.83305,5.5,6.0
2001-04-15,340031.0,"General Freire, Curicó Ad.",-34.96944,-71.21694,4.222222222222222,6.0
2001-04-15,360011.0,"General Bernardo O'Higgins, Chillán Ad.",-36.58583,-72.03667,5.0,10.0
2001-04-15,360019.0,"Carriel Sur, Concepción Ap.",-36.78055,-73.06639,5.125,10.0
2001-04-15,370033.0,"María Dolores, Los Angeles Ad.",-37.39694,-72.42389,6.5,11.0
2001-04-15,380013.0,"Maquehue, Temuco Ad.",-38.76778,-72.63194,2.0384615384615383,7.0
2001-04-15,390006.0,"Pichoy, Valdivia Ad.",-39.65667,-73.08722,0.5,2.0
2001-04-15,400009.0,"Cañal Bajo,  Osorno Ad.",-40.61444,-73.0575,1.5333333333333334,3.0
2001-04-15,410005.0,El Tepual  Puerto Montt Ap.,-41.4475,-73.09583,2.1666666666666665,7.0
2001-04-15,430001.0,Quellón Ad.,-43.13361,-73.63278,4.7,8.0
2001-04-15,430002.0,Futaleufú Ad.,-43.18889,-71.85222,0.0,0.0
2001-04-15,450004.0,"Teniente Vidal, Coyhaique Ad.",-45.59083,-72.10222,8.4,11.0
2001-04-15,450005.0,Balmaceda Ad.,-45.91833,-71.67778,16.125,23.0
2001-04-15,520006.0,"Carlos Ibañez, Punta Arenas Ap.",-53.00167,-70.83861,10.458333333333334,14.0
2001-04-15,950001.0,"C.M.A. Eduardo Frei Montalva, Antártica ",-62.19194,-58.97972,19.5,26.0
2001-04-16,180005.0,"Chacalluta, Arica Ap.",-18.35555,-70.34028,6.791666666666667,15.0
2001-04-16,200006.0,Diego Aracena Iquique Ap.,-20.54917,-70.18111,6.0,11.0
2001-04-16,220002.0,"El Loa, Calama Ad.",-22.49806,-68.8925,13.375,22.0
2001-04-16,270001.0,Mataveri  Isla de Pascua Ap.,-27.15889,-109.4325,6.5,9.0
2001-04-16,290004.0,"La Florida, La Serena Ad.",-29.91444,-71.20667,3.823529411764706,7.0
2001-04-16,330007.0,"Rodelillo, Ad.",-33.06528,-71.55639,4.2727272727272725,10.0
2001-04-16,330019.0,"Eulogio Sánchez, Tobalaba Ad.",-33.45528,-70.54861,0.9090909090909091,3.0
2001-04-16,330020.0,"Quinta Normal, Santiago",-33.445,-70.68278,3.6,10.0
2001-04-16,330021.0,Pudahuel Santiago ,-33.37833,-70.78778,4.56,14.0
2001-04-16,330030.0,"Santo Domingo, Ad.",-33.65611,-71.61333,3.4615384615384617,7.0
2001-04-16,330031.0,"Juan Fernández, Estación Meteorológica.",-33.63583,-78.83305,5.6,8.0
2001-04-16,340031.0,"General Freire, Curicó Ad.",-34.96944,-71.21694,3.5555555555555554,5.0
2001-04-16,360011.0,"General Bernardo O'Higgins, Chillán Ad.",-36.58583,-72.03667,2.6666666666666665,5.0
2001-04-16,360019.0,"Carriel Sur, Concepción Ap.",-36.78055,-73.06639,3.75,9.0
2001-04-16,370033.0,"María Dolores, Los Angeles Ad.",-37.39694,-72.42389,3.25,7.0
2001-04-16,380013.0,"Maquehue, Temuco Ad.",-38.76778,-72.63194,1.4166666666666667,4.0
2001-04-16,390006.0,"Pichoy, Valdivia Ad.",-39.65667,-73.08722,1.75,5.0
2001-04-16,400009.0,"Cañal Bajo,  Osorno Ad.",-40.61444,-73.0575,1.3571428571428572,4.0
2001-04-16,410005.0,El Tepual  Puerto Montt Ap.,-41.4475,-73.09583,2.75,10.0
2001-04-16,430001.0,Quellón Ad.,-43.13361,-73.63278,4.2,5.0
2001-04-16,430002.0,Futaleufú Ad.,-43.18889,-71.85222,1.0,4.0
2001-04-16,450001.0,Puerto Aysén Ad.,-45.39944,-72.67722,4.5,8.0
2001-04-16,450004.0,"Teniente Vidal, Coyhaique Ad.",-45.59083,-72.10222,4.4,8.0
2001-04-16,450005.0,Balmaceda Ad.,-45.91833,-71.67778,14.416666666666666,20.0
2001-04-16,520006.0,"Carlos Ibañez, Punta Arenas Ap.",-53.00167,-70.83861,15.75,25.0
2001-04-16,530005.0,"Fuentes Martínez, Porvenir Ad.",-53.25361,-70.32611,17.363636363636363,22.0
2001-04-16,550001.0,"Guardiamarina Zañartu, Pto Williams Ad.",-54.93167,-67.61556,17.77777777777778,23.0
2001-04-16,950001.0,"C.M.A. Eduardo Frei Montalva, Antártica ",-62.19194,-58.97972,22.555555555555557,31.0
2001-04-17,180005.0,"Chacalluta, Arica Ap.",-18.35555,-70.34028,5.833333333333333,14.0
2001-04-17,200006.0,Diego Aracena Iquique Ap.,-20.54917,-70.18111,5.416666666666667,14.0
2001-04-17,220002.0,"El Loa, Calama Ad.",-22.49806,-68.8925,14.75,24.0
2001-04-17,270001.0,Mataveri  Isla de Pascua Ap.,-27.15889,-109.4325,6.166666666666667,9.0
2001-04-17,290004.0,"La Florida, La Serena Ad.",-29.91444,-71.20667,3.235294117647059,7.0
2001-04-17,330007.0,"Rodelillo, Ad.",-33.06528,-71.55639,6.7272727272727275,11.0
2001-04-17,330019.0,"Eulogio Sánchez, Tobalaba Ad.",-33.45528,-70.54861,0.8181818181818182,3.0
2001-04-17,330020.0,"Quinta Normal, Santiago",-33.445,-70.68278,2.0,6.0
2001-04-17,330021.0,Pudahuel Santiago ,-33.37833,-70.78778,4.68,10.0
2001-04-17,330030.0,"Santo Domingo, Ad.",-33.65611,-71.61333,4.0,10.0
2001-04-17,330031.0,"Juan Fernández, Estación Meteorológica.",-33.63583,-78.83305,7.8,8.0
2001-04-17,340031.0,"General Freire, Curicó Ad.",-34.96944,-71.21694,3.5555555555555554,7.0
2001-04-17,360011.0,"General Bernardo O'Higgins, Chillán Ad.",-36.58583,-72.03667,7.333333333333333,11.0
2001-04-17,360019.0,"Carriel Sur, Concepción Ap.",-36.78055,-73.06639,6.208333333333333,11.0
2001-04-17,370033.0,"María Dolores, Los Angeles Ad.",-37.39694,-72.42389,3.75,6.0
2001-04-17,380013.0,"Maquehue, Temuco Ad.",-38.76778,-72.63194,2.6153846153846154,7.0
2001-04-17,390006.0,"Pichoy, Valdivia Ad.",-39.65667,-73.08722,2.75,7.0
2001-04-17,400009.0,"Cañal Bajo,  Osorno Ad.",-40.61444,-73.0575,3.642857142857143,11.0
2001-04-17,410005.0,El Tepual  Puerto Montt Ap.,-41.4475,-73.09583,3.875,10.0
2001-04-17,430001.0,Quellón Ad.,-43.13361,-73.63278,5.2,8.0
2001-04-17,430002.0,Futaleufú Ad.,-43.18889,-71.85222,0.0,0.0
2001-04-17,450001.0,Puerto Aysén Ad.,-45.39944,-72.67722,2.5,6.0
2001-04-17,450004.0,"Teniente Vidal, Coyhaique Ad.",-45.59083,-72.10222,1.8,5.0
2001-04-17,450005.0,Balmaceda Ad.,-45.91833,-71.67778,2.5833333333333335,5.0
2001-04-17,520006.0,"Carlos Ibañez, Punta Arenas Ap.",-53.00167,-70.83861,13.208333333333334,23.0
2001-04-17,530005.0,"Fuentes Martínez, Porvenir Ad.",-53.25361,-70.32611,10.090909090909092,15.0
2001-04-17,550001.0,"Guardiamarina Zañartu, Pto Williams Ad.",-54.93167,-67.61556,16.1,21.0
2001-04-17,950001.0,"C.M.A. Eduardo Frei Montalva, Antártica ",-62.19194,-58.97972,18.0,26.0
2001-04-18,180005.0,"Chacalluta, Arica Ap.",-18.35555,-70.34028,4.416666666666667,13.0
2001-04-18,200006.0,Diego Aracena Iquique Ap.,-20.54917,-70.18111,6.916666666666667,11.0
2001-04-18,220002.0,"El Loa, Calama Ad.",-22.49806,-68.8925,14.375,20.0
2001-04-18,270001.0,Mataveri  Isla de Pascua Ap.,-27.15889,-109.4325,5.166666666666667,9.0
2001-04-18,290004.0,"La Florida, La Serena Ad.",-29.91444,-71.20667,7.0588235294117645,12.0
2001-04-18,330007.0,"Rodelillo, Ad.",-33.06528,-71.55639,9.090909090909092,10.0
2001-04-18,330019.0,"Eulogio Sánchez, Tobalaba Ad.",-33.45528,-70.54861,0.18181818181818182,2.0
2001-04-18,330020.0,"Quinta Normal, Santiago",-33.445,-70.68278,0.8,2.0
2001-04-18,330021.0,Pudahuel Santiago ,-33.37833,-70.78778,2.769230769230769,5.0
2001-04-18,330030.0,"Santo Domingo, Ad.",-33.65611,-71.61333,7.923076923076923,13.0
2001-04-18,330031.0,"Juan Fernández, Estación Meteorológica.",-33.63583,-78.83305,4.6,7.0
2001-04-18,340031.0,"General Freire, Curicó Ad.",-34.96944,-71.21694,7.0,12.0
2001-04-18,360011.0,"General Bernardo O'Higgins, Chillán Ad.",-36.58583,-72.03667,4.0,5.0
2001-04-18,360019.0,"Carriel Sur, Concepción Ap.",-36.78055,-73.06639,5.083333333333333,13.0
2001-04-18,370033.0,"María Dolores, Los Angeles Ad.",-37.39694,-72.42389,4.75,8.0
2001-04-18,380013.0,"Maquehue, Temuco Ad.",-38.76778,-72.63194,3.25,8.0
2001-04-18,390006.0,"Pichoy, Valdivia Ad.",-39.65667,-73.08722,3.75,7.0
2001-04-18,400009.0,"Cañal Bajo,  Osorno Ad.",-40.61444,-73.0575,4.769230769230769,7.0
2001-04-18,410005.0,El Tepual  Puerto Montt Ap.,-41.4475,-73.09583,5.208333333333333,9.0
2001-04-18,430001.0,Quellón Ad.,-43.13361,-73.63278,5.0,8.0
2001-04-18,430002.0,Futaleufú Ad.,-43.18889,-71.85222,1.6,5.0
2001-04-18,450001.0,Puerto Aysén Ad.,-45.39944,-72.67722,3.25,8.0
2001-04-18,450004.0,"Teniente Vidal, Coyhaique Ad.",-45.59083,-72.10222,7.8,11.0
2001-04-18,450005.0,Balmaceda Ad.,-45.91833,-71.67778,9.375,26.0
2001-04-18,520006.0,"Carlos Ibañez, Punta Arenas Ap.",-53.00167,-70.83861,3.0416666666666665,6.0
2001-04-18,530005.0,"Fuentes Martínez, Porvenir Ad.",-53.25361,-70.32611,4.2727272727272725,7.0
2001-04-18,550001.0,"Guardiamarina Zañartu, Pto Williams Ad.",-54.93167,-67.61556,2.888888888888889,14.0
2001-04-18,950001.0,"C.M.A. Eduardo Frei Montalva, Antártica ",-62.19194,-58.97972,12.333333333333334,20.0
2001-04-19,180005.0,"Chacalluta, Arica Ap.",-18.35555,-70.34028,6.083333333333333,12.0
2001-04-19,200006.0,Diego Aracena Iquique Ap.,-20.54917,-70.18111,6.833333333333333,13.0
2001-04-19,220002.0,"El Loa, Calama Ad.",-22.49806,-68.8925,14.0625,22.0
2001-04-19,270001.0,Mataveri  Isla de Pascua Ap.,-27.15889,-109.4325,2.6666666666666665,7.0
2001-04-19,290004.0,"La Florida, La Serena Ad.",-29.91444,-71.20667,5.823529411764706,12.0
2001-04-19,330007.0,"Rodelillo, Ad.",-33.06528,-71.55639,8.727272727272727,12.0
2001-04-19,330019.0,"Eulogio Sánchez, Tobalaba Ad.",-33.45528,-70.54861,0.0,0.0
2001-04-19,330020.0,"Quinta Normal, Santiago",-33.445,-70.68278,0.8,4.0
2001-04-19,330021.0,Pudahuel Santiago ,-33.37833,-70.78778,2.5,8.0
2001-04-19,330030.0,"Santo Domingo, Ad.",-33.65611,-71.61333,5.3076923076923075,11.0
2001-04-19,330031.0,"Juan Fernández, Estación Meteorológica.",-33.63583,-78.83305,8.0,12.0
2001-04-19,340031.0,"General Freire, Curicó Ad.",-34.96944,-71.21694,7.666666666666667,10.0
2001-04-19,360011.0,"General Bernardo O'Higgins, Chillán Ad.",-36.58583,-72.03667,6.0,8.0
2001-04-19,360019.0,"Carriel Sur, Concepción Ap.",-36.78055,-73.06639,4.75,15.0
2001-04-19,370033.0,"María Dolores, Los Angeles Ad.",-37.39694,-72.42389,4.25,9.0
2001-04-19,380013.0,"Maquehue, Temuco Ad.",-38.76778,-72.63194,5.08,11.0
2001-04-19,390006.0,"Pichoy, Valdivia Ad.",-39.65667,-73.08722,9.0,12.0
2001-04-19,400009.0,"Cañal Bajo,  Osorno Ad.",-40.61444,-73.0575,6.214285714285714,22.0
2001-04-19,410005.0,El Tepual  Puerto Montt Ap.,-41.4475,-73.09583,5.958333333333333,12.0
2001-04-19,430001.0,Quellón Ad.,-43.13361,-73.63278,10.7,20.0
2001-04-19,430002.0,Futaleufú Ad.,-43.18889,-71.85222,3.0,10.0
2001-04-19,450001.0,Puerto Aysén Ad.,-45.39944,-72.67722,4.0,8.0
2001-04-19,450004.0,"Teniente Vidal, Coyhaique Ad.",-45.59083,-72.10222,5.4,9.0
2001-04-19,450005.0,Balmaceda Ad.,-45.91833,-71.67778,16.833333333333332,22.0
2001-04-19,520006.0,"Carlos Ibañez, Punta Arenas Ap.",-53.00167,-70.83861,10.791666666666666,29.0
2001-04-19,530005.0,"Fuentes Martínez, Porvenir Ad.",-53.25361,-70.32611,12.363636363636363,25.0
2001-04-19,550001.0,"Guardiamarina Zañartu, Pto Williams Ad.",-54.93167,-67.61556,3.2222222222222223,11.0
2001-04-19,950001.0,"C.M.A. Eduardo Frei Montalva, Antártica ",-62.19194,-58.97972,20.625,23.0
2001-04-20,180005.0,"Chacalluta, Arica Ap.",-18.35555,-70.34028,3.5,9.0
2001-04-20,200006.0,Diego Aracena Iquique Ap.,-20.54917,-70.18111,4.166666666666667,9.0
2001-04-20,220002.0,"El Loa, Calama Ad.",-22.49806,-68.8925,13.875,22.0
2001-04-20,270001.0,Mataveri  Isla de Pascua Ap.,-27.15889,-109.4325,6.833333333333333,11.0
2001-04-20,290004.0,"La Florida, La Serena Ad.",-29.91444,-71.20667,5.588235294117647,10.0
2001-04-20,330007.0,"Rodelillo, Ad.",-33.06528,-71.55639,12.636363636363637,17.0
2001-04-20,330019.0,"Eulogio Sánchez, Tobalaba Ad.",-33.45528,-70.54861,0.6363636363636364,3.0
2001-04-20,330020.0,"Quinta Normal, Santiago",-33.445,-70.68278,2.0,6.0
2001-04-20,330021.0,Pudahuel Santiago ,-33.37833,-70.78778,3.7083333333333335,12.0
2001-04-20,330030.0,"Santo Domingo, Ad.",-33.65611,-71.61333,8.307692307692308,15.0
2001-04-20,330031.0,"Juan Fernández, Estación Meteorológica.",-33.63583,-78.83305,14.6,16.0
2001-04-20,340031.0,"General Freire, Curicó Ad.",-34.96944,-71.21694,10.222222222222221,14.0
2001-04-20,360011.0,"General Bernardo O'Higgins, Chillán Ad.",-36.58583,-72.03667,11.666666666666666,13.0
2001-04-20,360019.0,"Carriel Sur, Concepción Ap.",-36.78055,-73.06639,6.666666666666667,16.0
2001-04-20,370033.0,"María Dolores, Los Angeles Ad.",-37.39694,-72.42389,7.0,10.0
2001-04-20,380013.0,"Maquehue, Temuco Ad.",-38.76778,-72.63194,3.25,10.0
2001-04-20,390006.0,"Pichoy, Valdivia Ad.",-39.65667,-73.08722,4.5,10.0
2001-04-20,400009.0,"Cañal Bajo,  Osorno Ad.",-40.61444,-73.0575,6.4,12.0
2001-04-20,410005.0,El Tepual  Puerto Montt Ap.,-41.4475,-73.09583,5.208333333333333,9.0
2001-04-20,430001.0,Quellón Ad.,-43.13361,-73.63278,10.4,16.0
2001-04-20,430002.0,Futaleufú Ad.,-43.18889,-71.85222,14.2,15.0
2001-04-20,450001.0,Puerto Aysén Ad.,-45.39944,-72.67722,6.25,8.0
2001-04-20,450004.0,"Teniente Vidal, Coyhaique Ad.",-45.59083,-72.10222,6.8,13.0
2001-04-20,450005.0,Balmaceda Ad.,-45.91833,-71.67778,19.083333333333332,26.0
2001-04-20,520006.0,"Carlos Ibañez, Punta Arenas Ap.",-53.00167,-70.83861,17.208333333333332,28.0
2001-04-20,530005.0,"Fuentes Martínez, Porvenir Ad.",-53.25361,-70.32611,16.454545454545453,24.0
2001-04-20,550001.0,"Guardiamarina Zañartu, Pto Williams Ad.",-54.93167,-67.61556,19.125,25.0
2001-04-20,950001.0,"C.M.A. Eduardo Frei Montalva, Antártica ",-62.19194,-58.97972,22.88888888888889,30.0
2001-04-21,180005.0,"Chacalluta, Arica Ap.",-18.35555,-70.34028,5.166666666666667,13.0
2001-04-21,200006.0,Diego Aracena Iquique Ap.,-20.54917,-70.18111,6.166666666666667,12.0
2001-04-21,220002.0,"El Loa, Calama Ad.",-22.49806,-68.8925,14.5625,23.0
2001-04-21,270001.0,Mataveri  Isla de Pascua Ap.,-27.15889,-109.4325,9.666666666666666,14.0
2001-04-21,290004.0,"La Florida, La Serena Ad.",-29.91444,-71.20667,5.0,12.0
2001-04-21,330007.0,"Rodelillo, Ad.",-33.06528,-71.55639,10.363636363636363,14.0
2001-04-21,330019.0,"Eulogio Sánchez, Tobalaba Ad.",-33.45528,-70.54861,0.36363636363636365,2.0
2001-04-21,330020.0,"Quinta Normal, Santiago",-33.445,-70.68278,2.6,8.0
2001-04-21,330021.0,Pudahuel Santiago ,-33.37833,-70.78778,3.9583333333333335,11.0
2001-04-21,330030.0,"Santo Domingo, Ad.",-33.65611,-71.61333,6.769230769230769,17.0
2001-04-21,330031.0,"Juan Fernández, Estación Meteorológica.",-33.63583,-78.83305,12.5,18.0
2001-04-21,340031.0,"General Freire, Curicó Ad.",-34.96944,-71.21694,5.333333333333333,8.0
2001-04-21,360011.0,"General Bernardo O'Higgins, Chillán Ad.",-36.58583,-72.03667,9.0,15.0
2001-04-21,360019.0,"Carriel Sur, Concepción Ap.",-36.78055,-73.06639,4.083333333333333,10.0
2001-04-21,370033.0,"María Dolores, Los Angeles Ad.",-37.39694,-72.42389,7.5,11.0
2001-04-21,380013.0,"Maquehue, Temuco Ad.",-38.76778,-72.63194,2.08,5.0
2001-04-21,390006.0,"Pichoy, Valdivia Ad.",-39.65667,-73.08722,3.75,8.0
2001-04-21,400009.0,"Cañal Bajo,  Osorno Ad.",-40.61444,-73.0575,5.3076923076923075,10.0
2001-04-21,410005.0,El Tepual  Puerto Montt Ap.,-41.4475,-73.09583,5.625,16.0
2001-04-21,430001.0,Quellón Ad.,-43.13361,-73.63278,9.8,14.0
2001-04-21,430002.0,Futaleufú Ad.,-43.18889,-71.85222,11.2,16.0
2001-04-21,450004.0,"Teniente Vidal, Coyhaique Ad.",-45.59083,-72.10222,5.4,10.0
2001-04-21,450005.0,Balmaceda Ad.,-45.91833,-71.67778,17.416666666666668,27.0
2001-04-21,520006.0,"Carlos Ibañez, Punta Arenas Ap.",-53.00167,-70.83861,12.24,22.0
2001-04-21,530005.0,"Fuentes Martínez, Porvenir Ad.",-53.25361,-70.32611,19.727272727272727,35.0
2001-04-21,950001.0,"C.M.A. Eduardo Frei Montalva, Antártica ",-62.19194,-58.97972,24.923076923076923,28.0
2001-04-22,180005.0,"Chacalluta, Arica Ap.",-18.35555,-70.34028,5.958333333333333,18.0
2001-04-22,200006.0,Diego Aracena Iquique Ap.,-20.54917,-70.18111,3.625,9.0
2001-04-22,220002.0,"El Loa, Calama Ad.",-22.49806,-68.8925,15.181818181818182,23.0
2001-04-22,270001.0,Mataveri  Isla de Pascua Ap.,-27.15889,-109.4325,9.0,11.0
2001-04-22,290004.0,"La Florida, La Serena Ad.",-29.91444,-71.20667,4.588235294117647,9.0
2001-04-22,330007.0,"Rodelillo, Ad.",-33.06528,-71.55639,3.090909090909091,7.0
2001-04-22,330019.0,"Eulogio Sánchez, Tobalaba Ad.",-33.45528,-70.54861,0.9090909090909091,3.0
2001-04-22,330020.0,"Quinta Normal, Santiago",-33.445,-70.68278,3.6,6.0
2001-04-22,330021.0,Pudahuel Santiago ,-33.37833,-70.78778,3.8333333333333335,9.0
2001-04-22,330030.0,"Santo Domingo, Ad.",-33.65611,-71.61333,2.769230769230769,6.0
2001-04-22,330031.0,"Juan Fernández, Estación Meteorológica.",-33.63583,-78.83305,10.0,16.0
2001-04-22,340031.0,"General Freire, Curicó Ad.",-34.96944,-71.21694,6.3,10.0
2001-04-22,360011.0,"General Bernardo O'Higgins, Chillán Ad.",-36.58583,-72.03667,11.666666666666666,20.0
2001-04-22,360019.0,"Carriel Sur, Concepción Ap.",-36.78055,-73.06639,9.458333333333334,16.0
2001-04-22,370033.0,"María Dolores, Los Angeles Ad.",-37.39694,-72.42389,8.0,11.0
2001-04-22,380013.0,"Maquehue, Temuco Ad.",-38.76778,-72.63194,9.24,14.0
2001-04-22,390006.0,"Pichoy, Valdivia Ad.",-39.65667,-73.08722,15.25,20.0
2001-04-22,400009.0,"Cañal Bajo,  Osorno Ad.",-40.61444,-73.0575,11.384615384615385,17.0
2001-04-22,410005.0,El Tepual  Puerto Montt Ap.,-41.4475,-73.09583,11.125,18.0
2001-04-22,430001.0,Quellón Ad.,-43.13361,-73.63278,15.4,30.0
2001-04-22,430002.0,Futaleufú Ad.,-43.18889,-71.85222,16.0,16.0
2001-04-22,450004.0,"Teniente Vidal, Coyhaique Ad.",-45.59083,-72.10222,7.2,12.0
2001-04-22,450005.0,Balmaceda Ad.,-45.91833,-71.67778,13.083333333333334,19.0
2001-04-22,520006.0,"Carlos Ibañez, Punta Arenas Ap.",-53.00167,-70.83861,11.125,22.0
2001-04-22,950001.0,"C.M.A. Eduardo Frei Montalva, Antártica ",-62.19194,-58.97972,13.333333333333334,25.0
2001-04-23,180005.0,"Chacalluta, Arica Ap.",-18.35555,-70.34028,4.958333333333333,12.0
2001-04-23,200006.0,Diego Aracena Iquique Ap.,-20.54917,-70.18111,6.458333333333333,13.0
2001-04-23,220002.0,"El Loa, Calama Ad.",-22.49806,-68.8925,16.75,26.0
2001-04-23,270001.0,Mataveri  Isla de Pascua Ap.,-27.15889,-109.4325,4.333333333333333,8.0
2001-04-23,290004.0,"La Florida, La Serena Ad.",-29.91444,-71.20667,5.705882352941177,12.0
2001-04-23,330007.0,"Rodelillo, Ad.",-33.06528,-71.55639,8.909090909090908,14.0
2001-04-23,330019.0,"Eulogio Sánchez, Tobalaba Ad.",-33.45528,-70.54861,0.2727272727272727,2.0
2001-04-23,330020.0,"Quinta Normal, Santiago",-33.445,-70.68278,1.8,5.0
2001-04-23,330021.0,Pudahuel Santiago ,-33.37833,-70.78778,4.769230769230769,11.0
2001-04-23,330030.0,"Santo Domingo, Ad.",-33.65611,-71.61333,6.230769230769231,9.0
2001-04-23,330031.0,"Juan Fernández, Estación Meteorológica.",-33.63583,-78.83305,9.0,12.0
2001-04-23,340031.0,"General Freire, Curicó Ad.",-34.96944,-71.21694,9.222222222222221,13.0
2001-04-23,360011.0,"General Bernardo O'Higgins, Chillán Ad.",-36.58583,-72.03667,9.666666666666666,12.0
2001-04-23,360019.0,"Carriel Sur, Concepción Ap.",-36.78055,-73.06639,5.541666666666667,11.0
2001-04-23,370033.0,"María Dolores, Los Angeles Ad.",-37.39694,-72.42389,6.75,14.0
2001-04-23,380013.0,"Maquehue, Temuco Ad.",-38.76778,-72.63194,2.9583333333333335,6.0
2001-04-23,390006.0,"Pichoy, Valdivia Ad.",-39.65667,-73.08722,2.25,3.0
2001-04-23,400009.0,"Cañal Bajo,  Osorno Ad.",-40.61444,-73.0575,4.846153846153846,9.0
2001-04-23,410005.0,El Tepual  Puerto Montt Ap.,-41.4475,-73.09583,3.7916666666666665,8.0
2001-04-23,430001.0,Quellón Ad.,-43.13361,-73.63278,11.3,15.0
2001-04-23,430002.0,Futaleufú Ad.,-43.18889,-71.85222,11.0,13.0
2001-04-23,450001.0,Puerto Aysén Ad.,-45.39944,-72.67722,6.5,8.0
2001-04-23,450004.0,"Teniente Vidal, Coyhaique Ad.",-45.59083,-72.10222,9.2,14.0
2001-04-23,450005.0,Balmaceda Ad.,-45.91833,-71.67778,16.458333333333332,24.0
2001-04-23,520006.0,"Carlos Ibañez, Punta Arenas Ap.",-53.00167,-70.83861,14.291666666666666,21.0
2001-04-23,530005.0,"Fuentes Martínez, Porvenir Ad.",-53.25361,-70.32611,17.454545454545453,24.0
2001-04-23,550001.0,"Guardiamarina Zañartu, Pto Williams Ad.",-54.93167,-67.61556,11.727272727272727,18.0
2001-04-23,950001.0,"C.M.A. Eduardo Frei Montalva, Antártica ",-62.19194,-58.97972,7.7,15.0
2001-04-24,180005.0,"Chacalluta, Arica Ap.",-18.35555,-70.34028,5.166666666666667,13.0
2001-04-24,200006.0,Diego Aracena Iquique Ap.,-20.54917,-70.18111,9.083333333333334,18.0
2001-04-24,220002.0,"El Loa, Calama Ad.",-22.49806,-68.8925,12.1875,22.0
2001-04-24,270001.0,Mataveri  Isla de Pascua Ap.,-27.15889,-109.4325,5.5,12.0
2001-04-24,290004.0,"La Florida, La Serena Ad.",-29.91444,-71.20667,6.176470588235294,10.0
2001-04-24,330007.0,"Rodelillo, Ad.",-33.06528,-71.55639,5.909090909090909,10.0
2001-04-24,330019.0,"Eulogio Sánchez, Tobalaba Ad.",-33.45528,-70.54861,0.09090909090909091,1.0
2001-04-24,330020.0,"Quinta Normal, Santiago",-33.445,-70.68278,1.6,4.0
2001-04-24,330021.0,Pudahuel Santiago ,-33.37833,-70.78778,2.8620689655172415,10.0
2001-04-24,330030.0,"Santo Domingo, Ad.",-33.65611,-71.61333,6.846153846153846,12.0
2001-04-24,330031.0,"Juan Fernández, Estación Meteorológica.",-33.63583,-78.83305,7.6,10.0
2001-04-24,340031.0,"General Freire, Curicó Ad.",-34.96944,-71.21694,5.222222222222222,6.0
2001-04-24,360011.0,"General Bernardo O'Higgins, Chillán Ad.",-36.58583,-72.03667,8.333333333333334,10.0
2001-04-24,360019.0,"Carriel Sur, Concepción Ap.",-36.78055,-73.06639,5.958333333333333,12.0
2001-04-24,370033.0,"María Dolores, Los Angeles Ad.",-37.39694,-72.42389,13.25,16.0
2001-04-24,380013.0,"Maquehue, Temuco Ad.",-38.76778,-72.63194,2.52,6.0
2001-04-24,390006.0,"Pichoy, Valdivia Ad.",-39.65667,-73.08722,2.5,6.0
2001-04-24,400009.0,"Cañal Bajo,  Osorno Ad.",-40.61444,-73.0575,2.3076923076923075,6.0
2001-04-24,410005.0,El Tepual  Puerto Montt Ap.,-41.4475,-73.09583,1.2916666666666667,4.0
2001-04-24,430001.0,Quellón Ad.,-43.13361,-73.63278,6.9,8.0
2001-04-24,430002.0,Futaleufú Ad.,-43.18889,-71.85222,6.4,12.0
2001-04-24,450001.0,Puerto Aysén Ad.,-45.39944,-72.67722,5.0,10.0
2001-04-24,450004.0,"Teniente Vidal, Coyhaique Ad.",-45.59083,-72.10222,8.6,11.0
2001-04-24,450005.0,Balmaceda Ad.,-45.91833,-71.67778,22.833333333333332,29.0
2001-04-24,520006.0,"Carlos Ibañez, Punta Arenas Ap.",-53.00167,-70.83861,13.458333333333334,29.0
2001-04-24,530005.0,"Fuentes Martínez, Porvenir Ad.",-53.25361,-70.32611,14.454545454545455,20.0
2001-04-24,550001.0,"Guardiamarina Zañartu, Pto Williams Ad.",-54.93167,-67.61556,4.0,10.0
2001-04-24,950001.0,"C.M.A. Eduardo Frei Montalva, Antártica ",-62.19194,-58.97972,4.0,17.0
2001-04-25,180005.0,"Chacalluta, Arica Ap.",-18.35555,-70.34028,7.291666666666667,18.0
2001-04-25,200006.0,Diego Aracena Iquique Ap.,-20.54917,-70.18111,12.083333333333334,21.0
2001-04-25,220002.0,"El Loa, Calama Ad.",-22.49806,-68.8925,13.8125,21.0
2001-04-25,270001.0,Mataveri  Isla de Pascua Ap.,-27.15889,-109.4325,6.5,14.0
2001-04-25,290004.0,"La Florida, La Serena Ad.",-29.91444,-71.20667,5.9411764705882355,11.0
2001-04-25,330007.0,"Rodelillo, Ad.",-33.06528,-71.55639,6.7272727272727275,13.0
2001-04-25,330019.0,"Eulogio Sánchez, Tobalaba Ad.",-33.45528,-70.54861,0.45454545454545453,2.0
2001-04-25,330020.0,"Quinta Normal, Santiago",-33.445,-70.68278,2.4,9.0
2001-04-25,330021.0,Pudahuel Santiago ,-33.37833,-70.78778,2.8333333333333335,13.0
2001-04-25,330030.0,"Santo Domingo, Ad.",-33.65611,-71.61333,3.6153846153846154,7.0
2001-04-25,330031.0,"Juan Fernández, Estación Meteorológica.",-33.63583,-78.83305,10.0,16.0
2001-04-25,340031.0,"General Freire, Curicó Ad.",-34.96944,-71.21694,5.888888888888889,11.0
2001-04-25,360011.0,"General Bernardo O'Higgins, Chillán Ad.",-36.58583,-72.03667,8.333333333333334,10.0
2001-04-25,360019.0,"Carriel Sur, Concepción Ap.",-36.78055,-73.06639,3.9166666666666665,9.0
2001-04-25,370033.0,"María Dolores, Los Angeles Ad.",-37.39694,-72.42389,3.25,7.0
2001-04-25,380013.0,"Maquehue, Temuco Ad.",-38.76778,-72.63194,4.16,10.0
2001-04-25,390006.0,"Pichoy, Valdivia Ad.",-39.65667,-73.08722,6.25,15.0
2001-04-25,400009.0,"Cañal Bajo,  Osorno Ad.",-40.61444,-73.0575,5.615384615384615,11.0
2001-04-25,410005.0,El Tepual  Puerto Montt Ap.,-41.4475,-73.09583,6.166666666666667,13.0
2001-04-25,430001.0,Quellón Ad.,-43.13361,-73.63278,11.5,15.0
2001-04-25,430002.0,Futaleufú Ad.,-43.18889,-71.85222,8.4,12.0
2001-04-25,450001.0,Puerto Aysén Ad.,-45.39944,-72.67722,4.0,12.0
2001-04-25,450004.0,"Teniente Vidal, Coyhaique Ad.",-45.59083,-72.10222,6.8,9.0
2001-04-25,450005.0,Balmaceda Ad.,-45.91833,-71.67778,19.291666666666668,26.0
2001-04-25,520006.0,"Carlos Ibañez, Punta Arenas Ap.",-53.00167,-70.83861,9.916666666666666,22.0
2001-04-25,530005.0,"Fuentes Martínez, Porvenir Ad.",-53.25361,-70.32611,9.636363636363637,17.0
2001-04-25,550001.0,"Guardiamarina Zañartu, Pto Williams Ad.",-54.93167,-67.61556,9.0,13.0
2001-04-25,950001.0,"C.M.A. Eduardo Frei Montalva, Antártica ",-62.19194,-58.97972,32.0,41.0
2001-04-26,180005.0,"Chacalluta, Arica Ap.",-18.35555,-70.34028,4.083333333333333,12.0
2001-04-26,200006.0,Diego Aracena Iquique Ap.,-20.54917,-70.18111,7.833333333333333,18.0
2001-04-26,220002.0,"El Loa, Calama Ad.",-22.49806,-68.8925,15.0,22.0
2001-04-26,270001.0,Mataveri  Isla de Pascua Ap.,-27.15889,-109.4325,8.833333333333334,12.0
2001-04-26,290004.0,"La Florida, La Serena Ad.",-29.91444,-71.20667,5.882352941176471,10.0
2001-04-26,330007.0,"Rodelillo, Ad.",-33.06528,-71.55639,11.636363636363637,17.0
2001-04-26,330019.0,"Eulogio Sánchez, Tobalaba Ad.",-33.45528,-70.54861,0.6363636363636364,3.0
2001-04-26,330020.0,"Quinta Normal, Santiago",-33.445,-70.68278,3.0,6.0
2001-04-26,330021.0,Pudahuel Santiago ,-33.37833,-70.78778,3.48,11.0
2001-04-26,330030.0,"Santo Domingo, Ad.",-33.65611,-71.61333,8.615384615384615,14.0
2001-04-26,330031.0,"Juan Fernández, Estación Meteorológica.",-33.63583,-78.83305,10.0,12.0
2001-04-26,340031.0,"General Freire, Curicó Ad.",-34.96944,-71.21694,8.333333333333334,11.0
2001-04-26,360011.0,"General Bernardo O'Higgins, Chillán Ad.",-36.58583,-72.03667,11.666666666666666,14.0
2001-04-26,360019.0,"Carriel Sur, Concepción Ap.",-36.78055,-73.06639,6.708333333333333,14.0
2001-04-26,370033.0,"María Dolores, Los Angeles Ad.",-37.39694,-72.42389,8.0,10.0
2001-04-26,380013.0,"Maquehue, Temuco Ad.",-38.76778,-72.63194,3.2916666666666665,6.0
2001-04-26,390006.0,"Pichoy, Valdivia Ad.",-39.65667,-73.08722,4.75,9.0
2001-04-26,400009.0,"Cañal Bajo,  Osorno Ad.",-40.61444,-73.0575,5.3076923076923075,11.0
2001-04-26,410005.0,El Tepual  Puerto Montt Ap.,-41.4475,-73.09583,3.7083333333333335,9.0
2001-04-26,430001.0,Quellón Ad.,-43.13361,-73.63278,11.4,16.0
2001-04-26,430002.0,Futaleufú Ad.,-43.18889,-71.85222,16.4,20.0
2001-04-26,450001.0,Puerto Aysén Ad.,-45.39944,-72.67722,6.5,20.0
2001-04-26,450004.0,"Teniente Vidal, Coyhaique Ad.",-45.59083,-72.10222,8.4,16.0
2001-04-26,450005.0,Balmaceda Ad.,-45.91833,-71.67778,20.833333333333332,30.0
2001-04-26,520006.0,"Carlos Ibañez, Punta Arenas Ap.",-53.00167,-70.83861,11.666666666666666,19.0
2001-04-26,530005.0,"Fuentes Martínez, Porvenir Ad.",-53.25361,-70.32611,12.0,17.0
2001-04-26,550001.0,"Guardiamarina Zañartu, Pto Williams Ad.",-54.93167,-67.61556,12.9,17.0
2001-04-26,950001.0,"C.M.A. Eduardo Frei Montalva, Antártica ",-62.19194,-58.97972,37.0,42.0
2001-04-27,180005.0,"Chacalluta, Arica Ap.",-18.35555,-70.34028,4.416666666666667,12.0
2001-04-27,200006.0,Diego Aracena Iquique Ap.,-20.54917,-70.18111,7.833333333333333,15.0
2001-04-27,220002.0,"El Loa, Calama Ad.",-22.49806,-68.8925,14.5,24.0
2001-04-27,270001.0,Mataveri  Isla de Pascua Ap.,-27.15889,-109.4325,11.0,14.0
2001-04-27,290004.0,"La Florida, La Serena Ad.",-29.91444,-71.20667,4.588235294117647,9.0
2001-04-27,330007.0,"Rodelillo, Ad.",-33.06528,-71.55639,11.272727272727273,15.0
2001-04-27,330019.0,"Eulogio Sánchez, Tobalaba Ad.",-33.45528,-70.54861,0.9090909090909091,2.0
2001-04-27,330020.0,"Quinta Normal, Santiago",-33.445,-70.68278,3.6,7.0
2001-04-27,330021.0,Pudahuel Santiago ,-33.37833,-70.78778,6.333333333333333,12.0
2001-04-27,330030.0,"Santo Domingo, Ad.",-33.65611,-71.61333,10.307692307692308,16.0
2001-04-27,330031.0,"Juan Fernández, Estación Meteorológica.",-33.63583,-78.83305,12.0,18.0
2001-04-27,340031.0,"General Freire, Curicó Ad.",-34.96944,-71.21694,4.555555555555555,10.0
2001-04-27,360011.0,"General Bernardo O'Higgins, Chillán Ad.",-36.58583,-72.03667,6.333333333333333,12.0
2001-04-27,360019.0,"Carriel Sur, Concepción Ap.",-36.78055,-73.06639,5.708333333333333,16.0
2001-04-27,370033.0,"María Dolores, Los Angeles Ad.",-37.39694,-72.42389,6.0,10.0
2001-04-27,380013.0,"Maquehue, Temuco Ad.",-38.76778,-72.63194,5.583333333333333,10.0
2001-04-27,390006.0,"Pichoy, Valdivia Ad.",-39.65667,-73.08722,6.75,10.0
2001-04-27,400009.0,"Cañal Bajo,  Osorno Ad.",-40.61444,-73.0575,7.384615384615385,12.0
2001-04-27,410005.0,El Tepual  Puerto Montt Ap.,-41.4475,-73.09583,5.708333333333333,9.0
2001-04-27,430001.0,Quellón Ad.,-43.13361,-73.63278,7.1,10.0
2001-04-27,430002.0,Futaleufú Ad.,-43.18889,-71.85222,4.0,16.0
2001-04-27,450001.0,Puerto Aysén Ad.,-45.39944,-72.67722,5.5,8.0
2001-04-27,450004.0,"Teniente Vidal, Coyhaique Ad.",-45.59083,-72.10222,6.6,12.0
2001-04-27,450005.0,Balmaceda Ad.,-45.91833,-71.67778,9.458333333333334,27.0
2001-04-27,520006.0,"Carlos Ibañez, Punta Arenas Ap.",-53.00167,-70.83861,10.916666666666666,17.0
2001-04-27,530005.0,"Fuentes Martínez, Porvenir Ad.",-53.25361,-70.32611,26.181818181818183,32.0
2001-04-27,550001.0,"Guardiamarina Zañartu, Pto Williams Ad.",-54.93167,-67.61556,13.375,19.0
2001-04-27,950001.0,"C.M.A. Eduardo Frei Montalva, Antártica ",-62.19194,-58.97972,9.25,18.0
2001-04-28,180005.0,"Chacalluta, Arica Ap.",-18.35555,-70.34028,4.208333333333333,14.0
2001-04-28,200006.0,Diego Aracena Iquique Ap.,-20.54917,-70.18111,5.958333333333333,14.0
2001-04-28,220002.0,"El Loa, Calama Ad.",-22.49806,-68.8925,13.5,19.0
2001-04-28,270001.0,Mataveri  Isla de Pascua Ap.,-27.15889,-109.4325,11.166666666666666,12.0
2001-04-28,290004.0,"La Florida, La Serena Ad.",-29.91444,-71.20667,5.9411764705882355,11.0
2001-04-28,330007.0,"Rodelillo, Ad.",-33.06528,-71.55639,7.909090909090909,14.0
2001-04-28,330019.0,"Eulogio Sánchez, Tobalaba Ad.",-33.45528,-70.54861,0.5454545454545454,4.0
2001-04-28,330020.0,"Quinta Normal, Santiago",-33.445,-70.68278,3.8,5.0
2001-04-28,330021.0,Pudahuel Santiago ,-33.37833,-70.78778,5.791666666666667,15.0
2001-04-28,330030.0,"Santo Domingo, Ad.",-33.65611,-71.61333,3.230769230769231,7.0
2001-04-28,330031.0,"Juan Fernández, Estación Meteorológica.",-33.63583,-78.83305,16.0,20.0
2001-04-28,340031.0,"General Freire, Curicó Ad.",-34.96944,-71.21694,2.3333333333333335,4.0
2001-04-28,360011.0,"General Bernardo O'Higgins, Chillán Ad.",-36.58583,-72.03667,5.333333333333333,8.0
2001-04-28,360019.0,"Carriel Sur, Concepción Ap.",-36.78055,-73.06639,8.416666666666666,20.0
2001-04-28,370033.0,"María Dolores, Los Angeles Ad.",-37.39694,-72.42389,10.75,14.0
2001-04-28,380013.0,"Maquehue, Temuco Ad.",-38.76778,-72.63194,5.125,13.0
2001-04-28,390006.0,"Pichoy, Valdivia Ad.",-39.65667,-73.08722,4.25,8.0
2001-04-28,400009.0,"Cañal Bajo,  Osorno Ad.",-40.61444,-73.0575,4.857142857142857,10.0
2001-04-28,410005.0,El Tepual  Puerto Montt Ap.,-41.4475,-73.09583,4.0,13.0
2001-04-28,430001.0,Quellón Ad.,-43.13361,-73.63278,5.6,10.0
2001-04-28,430002.0,Futaleufú Ad.,-43.18889,-71.85222,0.0,0.0
2001-04-28,450004.0,"Teniente Vidal, Coyhaique Ad.",-45.59083,-72.10222,2.8,6.0
2001-04-28,450005.0,Balmaceda Ad.,-45.91833,-71.67778,5.25,13.0
2001-04-28,520006.0,"Carlos Ibañez, Punta Arenas Ap.",-53.00167,-70.83861,22.875,38.0
2001-04-28,530005.0,"Fuentes Martínez, Porvenir Ad.",-53.25361,-70.32611,23.181818181818183,28.0
2001-04-28,950001.0,"C.M.A. Eduardo Frei Montalva, Antártica ",-62.19194,-58.97972,14.625,28.0
2001-04-29,180005.0,"Chacalluta, Arica Ap.",-18.35555,-70.34028,5.541666666666667,15.0
2001-04-29,200006.0,Diego Aracena Iquique Ap.,-20.54917,-70.18111,7.875,17.0
2001-04-29,220002.0,"El Loa, Calama Ad.",-22.49806,-68.8925,14.545454545454545,20.0
2001-04-29,270001.0,Mataveri  Isla de Pascua Ap.,-27.15889,-109.4325,9.666666666666666,12.0
2001-04-29,290004.0,"La Florida, La Serena Ad.",-29.91444,-71.20667,6.352941176470588,10.0
2001-04-29,330007.0,"Rodelillo, Ad.",-33.06528,-71.55639,12.545454545454545,18.0
2001-04-29,330019.0,"Eulogio Sánchez, Tobalaba Ad.",-33.45528,-70.54861,0.5454545454545454,2.0
2001-04-29,330020.0,"Quinta Normal, Santiago",-33.445,-70.68278,3.4,7.0
2001-04-29,330021.0,Pudahuel Santiago ,-33.37833,-70.78778,3.12,8.0
2001-04-29,330030.0,"Santo Domingo, Ad.",-33.65611,-71.61333,5.6923076923076925,10.0
2001-04-29,330031.0,"Juan Fernández, Estación Meteorológica.",-33.63583,-78.83305,22.5,25.0
2001-04-29,340031.0,"General Freire, Curicó Ad.",-34.96944,-71.21694,5.555555555555555,8.0
2001-04-29,360011.0,"General Bernardo O'Higgins, Chillán Ad.",-36.58583,-72.03667,7.666666666666667,11.0
2001-04-29,360019.0,"Carriel Sur, Concepción Ap.",-36.78055,-73.06639,8.25,15.0
2001-04-29,370033.0,"María Dolores, Los Angeles Ad.",-37.39694,-72.42389,5.25,7.0
2001-04-29,380013.0,"Maquehue, Temuco Ad.",-38.76778,-72.63194,7.5,13.0
2001-04-29,390006.0,"Pichoy, Valdivia Ad.",-39.65667,-73.08722,3.25,6.0
2001-04-29,400009.0,"Cañal Bajo,  Osorno Ad.",-40.61444,-73.0575,7.384615384615385,10.0
2001-04-29,410005.0,El Tepual  Puerto Montt Ap.,-41.4475,-73.09583,4.708333333333333,12.0
2001-04-29,430001.0,Quellón Ad.,-43.13361,-73.63278,8.9,12.0
2001-04-29,430002.0,Futaleufú Ad.,-43.18889,-71.85222,0.0,0.0
2001-04-29,450004.0,"Teniente Vidal, Coyhaique Ad.",-45.59083,-72.10222,1.4,3.0
2001-04-29,450005.0,Balmaceda Ad.,-45.91833,-71.67778,3.125,8.0
2001-04-29,520006.0,"Carlos Ibañez, Punta Arenas Ap.",-53.00167,-70.83861,22.666666666666668,35.0
2001-04-29,950001.0,"C.M.A. Eduardo Frei Montalva, Antártica ",-62.19194,-58.97972,15.25,25.0
2001-04-30,180005.0,"Chacalluta, Arica Ap.",-18.35555,-70.34028,7.041666666666667,14.0
2001-04-30,200006.0,Diego Aracena Iquique Ap.,-20.54917,-70.18111,6.625,12.0
2001-04-30,220002.0,"El Loa, Calama Ad.",-22.49806,-68.8925,12.5,20.0
2001-04-30,270001.0,Mataveri  Isla de Pascua Ap.,-27.15889,-109.4325,6.0,9.0
2001-04-30,290004.0,"La Florida, La Serena Ad.",-29.91444,-71.20667,7.0588235294117645,11.0
2001-04-30,330007.0,"Rodelillo, Ad.",-33.06528,-71.55639,5.7272727272727275,10.0
2001-04-30,330019.0,"Eulogio Sánchez, Tobalaba Ad.",-33.45528,-70.54861,0.6363636363636364,2.0
2001-04-30,330020.0,"Quinta Normal, Santiago",-33.445,-70.68278,2.4,6.0
2001-04-30,330021.0,Pudahuel Santiago ,-33.37833,-70.78778,3.375,9.0
2001-04-30,330030.0,"Santo Domingo, Ad.",-33.65611,-71.61333,5.923076923076923,11.0
2001-04-30,330031.0,"Juan Fernández, Estación Meteorológica.",-33.63583,-78.83305,13.8,20.0
2001-04-30,340031.0,"General Freire, Curicó Ad.",-34.96944,-71.21694,4.333333333333333,8.0
2001-04-30,360011.0,"General Bernardo O'Higgins, Chillán Ad.",-36.58583,-72.03667,5.666666666666667,10.0
2001-04-30,360019.0,"Carriel Sur, Concepción Ap.",-36.78055,-73.06639,4.458333333333333,12.0
2001-04-30,370033.0,"María Dolores, Los Angeles Ad.",-37.39694,-72.42389,4.75,8.0
2001-04-30,380013.0,"Maquehue, Temuco Ad.",-38.76778,-72.63194,2.875,6.0
2001-04-30,390006.0,"Pichoy, Valdivia Ad.",-39.65667,-73.08722,1.5,3.0
2001-04-30,400009.0,"Cañal Bajo,  Osorno Ad.",-40.61444,-73.0575,2.3846153846153846,6.0
2001-04-30,410005.0,El Tepual  Puerto Montt Ap.,-41.4475,-73.09583,1.9166666666666667,6.0
2001-04-30,430001.0,Quellón Ad.,-43.13361,-73.63278,3.1,4.0
2001-04-30,430002.0,Futaleufú Ad.,-43.18889,-71.85222,1.0,4.0
2001-04-30,450001.0,Puerto Aysén Ad.,-45.39944,-72.67722,5.75,10.0
2001-04-30,450004.0,"Teniente Vidal, Coyhaique Ad.",-45.59083,-72.10222,2.0,4.0
2001-04-30,450005.0,Balmaceda Ad.,-45.91833,-71.67778,5.958333333333333,17.0
2001-04-30,520006.0,"Carlos Ibañez, Punta Arenas Ap.",-53.00167,-70.83861,10.166666666666666,30.0
2001-04-30,530005.0,"Fuentes Martínez, Porvenir Ad.",-53.25361,-70.32611,16.727272727272727,37.0
2001-04-30,550001.0,"Guardiamarina Zañartu, Pto Williams Ad.",-54.93167,-67.61556,5.111111111111111,10.0
2001-04-30,950001.0,"C.M.A. Eduardo Frei Montalva, Antártica ",-62.19194,-58.97972,12.25,20.0
2001-05-01,180005.0,"Chacalluta, Arica Ap.",-18.35555,-70.34028,5.333333333333333,15.0
2001-05-01,200006.0,Diego Aracena Iquique Ap.,-20.54917,-70.18111,8.5,15.0
2001-05-01,220002.0,"El Loa, Calama Ad.",-22.49806,-68.8925,11.625,17.0
2001-05-01,270001.0,Mataveri  Isla de Pascua Ap.,-27.15889,-109.4325,5.833333333333333,8.0
2001-05-01,290004.0,"La Florida, La Serena Ad.",-29.91444,-71.20667,6.117647058823529,9.0
2001-05-01,330007.0,"Rodelillo, Ad.",-33.06528,-71.55639,8.181818181818182,14.0
2001-05-01,330019.0,"Eulogio Sánchez, Tobalaba Ad.",-33.45528,-70.54861,0.18181818181818182,1.0
2001-05-01,330020.0,"Quinta Normal, Santiago",-33.445,-70.68278,2.8,4.0
2001-05-01,330021.0,Pudahuel Santiago ,-33.37833,-70.78778,3.7916666666666665,8.0
2001-05-01,330030.0,"Santo Domingo, Ad.",-33.65611,-71.61333,5.3076923076923075,10.0
2001-05-01,330031.0,"Juan Fernández, Estación Meteorológica.",-33.63583,-78.83305,3.5,8.0
2001-05-01,340031.0,"General Freire, Curicó Ad.",-34.96944,-71.21694,5.777777777777778,10.0
2001-05-01,360011.0,"General Bernardo O'Higgins, Chillán Ad.",-36.58583,-72.03667,3.3333333333333335,7.0
2001-05-01,360019.0,"Carriel Sur, Concepción Ap.",-36.78055,-73.06639,2.9583333333333335,9.0
2001-05-01,370033.0,"María Dolores, Los Angeles Ad.",-37.39694,-72.42389,3.25,6.0
2001-05-01,380013.0,"Maquehue, Temuco Ad.",-38.76778,-72.63194,1.7692307692307692,5.0
2001-05-01,390006.0,"Pichoy, Valdivia Ad.",-39.65667,-73.08722,1.25,2.0
2001-05-01,400009.0,"Cañal Bajo,  Osorno Ad.",-40.61444,-73.0575,2.3333333333333335,6.0
2001-05-01,410005.0,El Tepual  Puerto Montt Ap.,-41.4475,-73.09583,1.9583333333333333,5.0
2001-05-01,430001.0,Quellón Ad.,-43.13361,-73.63278,4.7,10.0
2001-05-01,430002.0,Futaleufú Ad.,-43.18889,-71.85222,2.4,6.0
2001-05-01,450004.0,"Teniente Vidal, Coyhaique Ad.",-45.59083,-72.10222,2.8,8.0
2001-05-01,450005.0,Balmaceda Ad.,-45.91833,-71.67778,4.791666666666667,11.0
2001-05-01,520006.0,"Carlos Ibañez, Punta Arenas Ap.",-53.00167,-70.83861,9.208333333333334,16.0
2001-05-01,530005.0,"Fuentes Martínez, Porvenir Ad.",-53.25361,-70.32611,13.363636363636363,16.0
2001-05-01,950001.0,"C.M.A. Eduardo Frei Montalva, Antártica ",-62.19194,-58.97972,24.5,34.0
2001-05-02,180005.0,"Chacalluta, Arica Ap.",-18.35555,-70.34028,4.625,9.0
2001-05-02,200006.0,Diego Aracena Iquique Ap.,-20.54917,-70.18111,6.583333333333333,14.0
2001-05-02,220002.0,"El Loa, Calama Ad.",-22.49806,-68.8925,15.125,24.0
2001-05-02,270001.0,Mataveri  Isla de Pascua Ap.,-27.15889,-109.4325,4.833333333333333,8.0
2001-05-02,290004.0,"La Florida, La Serena Ad.",-29.91444,-71.20667,6.176470588235294,10.0
2001-05-02,330007.0,"Rodelillo, Ad.",-33.06528,-71.55639,7.636363636363637,12.0
2001-05-02,330019.0,"Eulogio Sánchez, Tobalaba Ad.",-33.45528,-70.54861,0.5454545454545454,2.0
2001-05-02,330020.0,"Quinta Normal, Santiago",-33.445,-70.68278,1.2,4.0
2001-05-02,330021.0,Pudahuel Santiago ,-33.37833,-70.78778,2.5416666666666665,10.0
2001-05-02,330030.0,"Santo Domingo, Ad.",-33.65611,-71.61333,6.461538461538462,10.0
2001-05-02,330031.0,"Juan Fernández, Estación Meteorológica.",-33.63583,-78.83305,6.8,12.0
2001-05-02,340031.0,"General Freire, Curicó Ad.",-34.96944,-71.21694,7.444444444444445,9.0
2001-05-02,360011.0,"General Bernardo O'Higgins, Chillán Ad.",-36.58583,-72.03667,11.0,12.0
2001-05-02,360019.0,"Carriel Sur, Concepción Ap.",-36.78055,-73.06639,7.291666666666667,16.0
2001-05-02,370033.0,"María Dolores, Los Angeles Ad.",-37.39694,-72.42389,11.25,16.0
2001-05-02,380013.0,"Maquehue, Temuco Ad.",-38.76778,-72.63194,1.9230769230769231,5.0
2001-05-02,390006.0,"Pichoy, Valdivia Ad.",-39.65667,-73.08722,1.0,2.0
2001-05-02,400009.0,"Cañal Bajo,  Osorno Ad.",-40.61444,-73.0575,3.5384615384615383,6.0
2001-05-02,410005.0,El Tepual  Puerto Montt Ap.,-41.4475,-73.09583,3.25,6.0
2001-05-02,430001.0,Quellón Ad.,-43.13361,-73.63278,3.8,5.0
2001-05-02,430002.0,Futaleufú Ad.,-43.18889,-71.85222,1.2,6.0
2001-05-02,450001.0,Puerto Aysén Ad.,-45.39944,-72.67722,2.75,6.0
2001-05-02,450004.0,"Teniente Vidal, Coyhaique Ad.",-45.59083,-72.10222,1.8,4.0
2001-05-02,450005.0,Balmaceda Ad.,-45.91833,-71.67778,1.2083333333333333,3.0
2001-05-02,520006.0,"Carlos Ibañez, Punta Arenas Ap.",-53.00167,-70.83861,10.583333333333334,20.0
2001-05-02,530005.0,"Fuentes Martínez, Porvenir Ad.",-53.25361,-70.32611,10.818181818181818,16.0
2001-05-02,550001.0,"Guardiamarina Zañartu, Pto Williams Ad.",-54.93167,-67.61556,13.333333333333334,21.0
2001-05-02,950001.0,"C.M.A. Eduardo Frei Montalva, Antártica ",-62.19194,-58.97972,28.875,35.0
2001-05-03,180005.0,"Chacalluta, Arica Ap.",-18.35555,-70.34028,4.5,11.0
2001-05-03,200006.0,Diego Aracena Iquique Ap.,-20.54917,-70.18111,5.833333333333333,10.0
2001-05-03,220002.0,"El Loa, Calama Ad.",-22.49806,-68.8925,12.25,26.0
2001-05-03,270001.0,Mataveri  Isla de Pascua Ap.,-27.15889,-109.4325,7.666666666666667,9.0
2001-05-03,290004.0,"La Florida, La Serena Ad.",-29.91444,-71.20667,6.0588235294117645,10.0
2001-05-03,330007.0,"Rodelillo, Ad.",-33.06528,-71.55639,7.2727272727272725,10.0
2001-05-03,330019.0,"Eulogio Sánchez, Tobalaba Ad.",-33.45528,-70.54861,0.18181818181818182,2.0
2001-05-03,330020.0,"Quinta Normal, Santiago",-33.445,-70.68278,1.2,2.0
2001-05-03,330021.0,Pudahuel Santiago ,-33.37833,-70.78778,2.5833333333333335,8.0
2001-05-03,330030.0,"Santo Domingo, Ad.",-33.65611,-71.61333,4.0,10.0
2001-05-03,330031.0,"Juan Fernández, Estación Meteorológica.",-33.63583,-78.83305,6.2,10.0
2001-05-03,340031.0,"General Freire, Curicó Ad.",-34.96944,-71.21694,5.5,7.0
2001-05-03,360011.0,"General Bernardo O'Higgins, Chillán Ad.",-36.58583,-72.03667,8.666666666666666,10.0
2001-05-03,360019.0,"Carriel Sur, Concepción Ap.",-36.78055,-73.06639,5.583333333333333,13.0
2001-05-03,370033.0,"María Dolores, Los Angeles Ad.",-37.39694,-72.42389,13.25,17.0
2001-05-03,380013.0,"Maquehue, Temuco Ad.",-38.76778,-72.63194,3.0,8.0
2001-05-03,390006.0,"Pichoy, Valdivia Ad.",-39.65667,-73.08722,1.25,2.0
2001-05-03,400009.0,"Cañal Bajo,  Osorno Ad.",-40.61444,-73.0575,1.3076923076923077,3.0
2001-05-03,410005.0,El Tepual  Puerto Montt Ap.,-41.4475,-73.09583,1.375,6.0
2001-05-03,430001.0,Quellón Ad.,-43.13361,-73.63278,1.6,4.0
2001-05-03,430002.0,Futaleufú Ad.,-43.18889,-71.85222,0.0,0.0
2001-05-03,450001.0,Puerto Aysén Ad.,-45.39944,-72.67722,2.75,6.0
2001-05-03,450004.0,"Teniente Vidal, Coyhaique Ad.",-45.59083,-72.10222,2.6,9.0
2001-05-03,450005.0,Balmaceda Ad.,-45.91833,-71.67778,4.75,18.0
2001-05-03,520006.0,"Carlos Ibañez, Punta Arenas Ap.",-53.00167,-70.83861,10.25,22.0
2001-05-03,530005.0,"Fuentes Martínez, Porvenir Ad.",-53.25361,-70.32611,16.181818181818183,20.0
2001-05-03,550001.0,"Guardiamarina Zañartu, Pto Williams Ad.",-54.93167,-67.61556,11.88888888888889,20.0
2001-05-03,950001.0,"C.M.A. Eduardo Frei Montalva, Antártica ",-62.19194,-58.97972,16.25,28.0
2001-05-04,180005.0,"Chacalluta, Arica Ap.",-18.35555,-70.34028,4.208333333333333,14.0
2001-05-04,200006.0,Diego Aracena Iquique Ap.,-20.54917,-70.18111,6.458333333333333,11.0
2001-05-04,220002.0,"El Loa, Calama Ad.",-22.49806,-68.8925,12.75,23.0
2001-05-04,270001.0,Mataveri  Isla de Pascua Ap.,-27.15889,-109.4325,7.0,10.0
2001-05-04,290004.0,"La Florida, La Serena Ad.",-29.91444,-71.20667,4.823529411764706,9.0
2001-05-04,330007.0,"Rodelillo, Ad.",-33.06528,-71.55639,5.615384615384615,7.0
2001-05-04,330019.0,"Eulogio Sánchez, Tobalaba Ad.",-33.45528,-70.54861,0.5454545454545454,2.0
2001-05-04,330020.0,"Quinta Normal, Santiago",-33.445,-70.68278,1.6,4.0
2001-05-04,330021.0,Pudahuel Santiago ,-33.37833,-70.78778,3.5,12.0
2001-05-04,330030.0,"Santo Domingo, Ad.",-33.65611,-71.61333,4.3076923076923075,7.0
2001-05-04,330031.0,"Juan Fernández, Estación Meteorológica.",-33.63583,-78.83305,6.8,8.0
2001-05-04,340031.0,"General Freire, Curicó Ad.",-34.96944,-71.21694,2.1,4.0
2001-05-04,360011.0,"General Bernardo O'Higgins, Chillán Ad.",-36.58583,-72.03667,2.3333333333333335,5.0
2001-05-04,360019.0,"Carriel Sur, Concepción Ap.",-36.78055,-73.06639,4.916666666666667,10.0
2001-05-04,370033.0,"María Dolores, Los Angeles Ad.",-37.39694,-72.42389,7.5,12.0
2001-05-04,380013.0,"Maquehue, Temuco Ad.",-38.76778,-72.63194,1.9583333333333333,5.0
2001-05-04,390006.0,"Pichoy, Valdivia Ad.",-39.65667,-73.08722,2.0,5.0
2001-05-04,400009.0,"Cañal Bajo,  Osorno Ad.",-40.61444,-73.0575,2.9375,6.0
2001-05-04,410005.0,El Tepual  Puerto Montt Ap.,-41.4475,-73.09583,3.375,10.0
2001-05-04,430001.0,Quellón Ad.,-43.13361,-73.63278,2.4,5.0
2001-05-04,430002.0,Futaleufú Ad.,-43.18889,-71.85222,1.2,3.0
2001-05-04,450001.0,Puerto Aysén Ad.,-45.39944,-72.67722,2.5,8.0
2001-05-04,450004.0,"Teniente Vidal, Coyhaique Ad.",-45.59083,-72.10222,4.8,7.0
2001-05-04,450005.0,Balmaceda Ad.,-45.91833,-71.67778,19.291666666666668,27.0
2001-05-04,520006.0,"Carlos Ibañez, Punta Arenas Ap.",-53.00167,-70.83861,6.375,17.0
2001-05-04,530005.0,"Fuentes Martínez, Porvenir Ad.",-53.25361,-70.32611,8.181818181818182,16.0
2001-05-04,550001.0,"Guardiamarina Zañartu, Pto Williams Ad.",-54.93167,-67.61556,10.75,14.0
2001-05-04,950001.0,"C.M.A. Eduardo Frei Montalva, Antártica ",-62.19194,-58.97972,6.5,11.0
2001-05-05,180005.0,"Chacalluta, Arica Ap.",-18.35555,-70.34028,4.5,19.0
2001-05-05,200006.0,Diego Aracena Iquique Ap.,-20.54917,-70.18111,4.583333333333333,10.0
2001-05-05,220002.0,"El Loa, Calama Ad.",-22.49806,-68.8925,14.25,21.0
2001-05-05,270001.0,Mataveri  Isla de Pascua Ap.,-27.15889,-109.4325,7.5,9.0
2001-05-05,290004.0,"La Florida, La Serena Ad.",-29.91444,-71.20667,6.9411764705882355,13.0
2001-05-05,330007.0,"Rodelillo, Ad.",-33.06528,-71.55639,4.454545454545454,7.0
2001-05-05,330019.0,"Eulogio Sánchez, Tobalaba Ad.",-33.45528,-70.54861,0.0,0.0
2001-05-05,330020.0,"Quinta Normal, Santiago",-33.445,-70.68278,1.6,4.0
2001-05-05,330021.0,Pudahuel Santiago ,-33.37833,-70.78778,4.24,10.0
2001-05-05,330030.0,"Santo Domingo, Ad.",-33.65611,-71.61333,2.6153846153846154,7.0
2001-05-05,330031.0,"Juan Fernández, Estación Meteorológica.",-33.63583,-78.83305,0.0,0.0
2001-05-05,340031.0,"General Freire, Curicó Ad.",-34.96944,-71.21694,4.0,7.0
2001-05-05,360011.0,"General Bernardo O'Higgins, Chillán Ad.",-36.58583,-72.03667,8.333333333333334,11.0
2001-05-05,360019.0,"Carriel Sur, Concepción Ap.",-36.78055,-73.06639,7.833333333333333,13.0
2001-05-05,370033.0,"María Dolores, Los Angeles Ad.",-37.39694,-72.42389,5.25,7.0
2001-05-05,380013.0,"Maquehue, Temuco Ad.",-38.76778,-72.63194,2.625,5.0
2001-05-05,390006.0,"Pichoy, Valdivia Ad.",-39.65667,-73.08722,1.25,2.0
2001-05-05,400009.0,"Cañal Bajo,  Osorno Ad.",-40.61444,-73.0575,3.076923076923077,6.0
2001-05-05,410005.0,El Tepual  Puerto Montt Ap.,-41.4475,-73.09583,3.625,8.0
2001-05-05,430001.0,Quellón Ad.,-43.13361,-73.63278,4.0,6.0
2001-05-05,430002.0,Futaleufú Ad.,-43.18889,-71.85222,0.0,0.0
2001-05-05,450004.0,"Teniente Vidal, Coyhaique Ad.",-45.59083,-72.10222,4.6,7.0
2001-05-05,450005.0,Balmaceda Ad.,-45.91833,-71.67778,5.166666666666667,15.0
2001-05-05,520006.0,"Carlos Ibañez, Punta Arenas Ap.",-53.00167,-70.83861,8.096774193548388,14.0
2001-05-05,530005.0,"Fuentes Martínez, Porvenir Ad.",-53.25361,-70.32611,10.454545454545455,14.0
2001-05-05,950001.0,"C.M.A. Eduardo Frei Montalva, Antártica ",-62.19194,-58.97972,12.625,20.0
2001-05-06,180005.0,"Chacalluta, Arica Ap.",-18.35555,-70.34028,4.791666666666667,13.0
2001-05-06,200006.0,Diego Aracena Iquique Ap.,-20.54917,-70.18111,7.166666666666667,15.0
2001-05-06,220002.0,"El Loa, Calama Ad.",-22.49806,-68.8925,14.545454545454545,21.0
2001-05-06,270001.0,Mataveri  Isla de Pascua Ap.,-27.15889,-109.4325,3.6666666666666665,8.0
2001-05-06,290004.0,"La Florida, La Serena Ad.",-29.91444,-71.20667,4.882352941176471,13.0
2001-05-06,330007.0,"Rodelillo, Ad.",-33.06528,-71.55639,5.25,10.0
2001-05-06,330019.0,"Eulogio Sánchez, Tobalaba Ad.",-33.45528,-70.54861,0.5454545454545454,2.0
2001-05-06,330020.0,"Quinta Normal, Santiago",-33.445,-70.68278,1.6,6.0
2001-05-06,330021.0,Pudahuel Santiago ,-33.37833,-70.78778,3.0384615384615383,9.0
2001-05-06,330030.0,"Santo Domingo, Ad.",-33.65611,-71.61333,4.769230769230769,8.0
2001-05-06,330031.0,"Juan Fernández, Estación Meteorológica.",-33.63583,-78.83305,1.0,4.0
2001-05-06,340031.0,"General Freire, Curicó Ad.",-34.96944,-71.21694,3.6,6.0
2001-05-06,360011.0,"General Bernardo O'Higgins, Chillán Ad.",-36.58583,-72.03667,3.0,4.0
2001-05-06,360019.0,"Carriel Sur, Concepción Ap.",-36.78055,-73.06639,3.125,8.0
2001-05-06,370033.0,"María Dolores, Los Angeles Ad.",-37.39694,-72.42389,2.5,6.0
2001-05-06,380013.0,"Maquehue, Temuco Ad.",-38.76778,-72.63194,1.9230769230769231,4.0
2001-05-06,390006.0,"Pichoy, Valdivia Ad.",-39.65667,-73.08722,1.5,3.0
2001-05-06,400009.0,"Cañal Bajo,  Osorno Ad.",-40.61444,-73.0575,1.7692307692307692,4.0
2001-05-06,410005.0,El Tepual  Puerto Montt Ap.,-41.4475,-73.09583,4.125,8.0
2001-05-06,430001.0,Quellón Ad.,-43.13361,-73.63278,4.571428571428571,6.0
2001-05-06,430002.0,Futaleufú Ad.,-43.18889,-71.85222,0.0,0.0
2001-05-06,450004.0,"Teniente Vidal, Coyhaique Ad.",-45.59083,-72.10222,5.4,7.0
2001-05-06,450005.0,Balmaceda Ad.,-45.91833,-71.67778,6.541666666666667,15.0
2001-05-06,520006.0,"Carlos Ibañez, Punta Arenas Ap.",-53.00167,-70.83861,5.606060606060606,12.0
2001-05-06,950001.0,"C.M.A. Eduardo Frei Montalva, Antártica ",-62.19194,-58.97972,7.625,10.0
2001-05-07,180005.0,"Chacalluta, Arica Ap.",-18.35555,-70.34028,6.125,16.0
2001-05-07,200006.0,Diego Aracena Iquique Ap.,-20.54917,-70.18111,9.625,17.0
2001-05-07,220002.0,"El Loa, Calama Ad.",-22.49806,-68.8925,14.5625,21.0
2001-05-07,270001.0,Mataveri  Isla de Pascua Ap.,-27.15889,-109.4325,2.5,5.0
2001-05-07,290004.0,"La Florida, La Serena Ad.",-29.91444,-71.20667,4.764705882352941,9.0
2001-05-07,330007.0,"Rodelillo, Ad.",-33.06528,-71.55639,8.636363636363637,14.0
2001-05-07,330019.0,"Eulogio Sánchez, Tobalaba Ad.",-33.45528,-70.54861,0.2727272727272727,2.0
2001-05-07,330020.0,"Quinta Normal, Santiago",-33.445,-70.68278,1.6,2.0
2001-05-07,330021.0,Pudahuel Santiago ,-33.37833,-70.78778,3.16,8.0
2001-05-07,330030.0,"Santo Domingo, Ad.",-33.65611,-71.61333,4.384615384615385,14.0
2001-05-07,330031.0,"Juan Fernández, Estación Meteorológica.",-33.63583,-78.83305,3.0,8.0
2001-05-07,340031.0,"General Freire, Curicó Ad.",-34.96944,-71.21694,2.9,5.0
2001-05-07,360011.0,"General Bernardo O'Higgins, Chillán Ad.",-36.58583,-72.03667,3.6666666666666665,7.0
2001-05-07,360019.0,"Carriel Sur, Concepción Ap.",-36.78055,-73.06639,1.9166666666666667,10.0
2001-05-07,370033.0,"María Dolores, Los Angeles Ad.",-37.39694,-72.42389,2.0,4.0
2001-05-07,380013.0,"Maquehue, Temuco Ad.",-38.76778,-72.63194,2.2916666666666665,7.0
2001-05-07,390006.0,"Pichoy, Valdivia Ad.",-39.65667,-73.08722,0.75,2.0
2001-05-07,400009.0,"Cañal Bajo,  Osorno Ad.",-40.61444,-73.0575,0.15384615384615385,2.0
2001-05-07,410005.0,El Tepual  Puerto Montt Ap.,-41.4475,-73.09583,1.625,5.0
2001-05-07,430001.0,Quellón Ad.,-43.13361,-73.63278,4.1,8.0
2001-05-07,430002.0,Futaleufú Ad.,-43.18889,-71.85222,0.5,2.0
2001-05-07,450001.0,Puerto Aysén Ad.,-45.39944,-72.67722,3.0,6.0
2001-05-07,450004.0,"Teniente Vidal, Coyhaique Ad.",-45.59083,-72.10222,4.2,6.0
2001-05-07,450005.0,Balmaceda Ad.,-45.91833,-71.67778,5.291666666666667,12.0
2001-05-07,520006.0,"Carlos Ibañez, Punta Arenas Ap.",-53.00167,-70.83861,5.708333333333333,16.0
2001-05-07,530005.0,"Fuentes Martínez, Porvenir Ad.",-53.25361,-70.32611,3.3636363636363638,10.0
2001-05-07,550001.0,"Guardiamarina Zañartu, Pto Williams Ad.",-54.93167,-67.61556,8.11111111111111,16.0
2001-05-07,950001.0,"C.M.A. Eduardo Frei Montalva, Antártica ",-62.19194,-58.97972,16.625,32.0
2001-05-08,180005.0,"Chacalluta, Arica Ap.",-18.35555,-70.34028,5.333333333333333,10.0
2001-05-08,200006.0,Diego Aracena Iquique Ap.,-20.54917,-70.18111,6.416666666666667,12.0
2001-05-08,220002.0,"El Loa, Calama Ad.",-22.49806,-68.8925,13.9375,25.0
2001-05-08,270001.0,Mataveri  Isla de Pascua Ap.,-27.15889,-109.4325,4.333333333333333,8.0
2001-05-08,290004.0,"La Florida, La Serena Ad.",-29.91444,-71.20667,6.705882352941177,12.0
2001-05-08,330007.0,"Rodelillo, Ad.",-33.06528,-71.55639,6.090909090909091,9.0
2001-05-08,330019.0,"Eulogio Sánchez, Tobalaba Ad.",-33.45528,-70.54861,0.0,0.0
2001-05-08,330020.0,"Quinta Normal, Santiago",-33.445,-70.68278,1.2,2.0
2001-05-08,330021.0,Pudahuel Santiago ,-33.37833,-70.78778,2.5555555555555554,8.0
2001-05-08,330030.0,"Santo Domingo, Ad.",-33.65611,-71.61333,3.5384615384615383,6.0
2001-05-08,330031.0,"Juan Fernández, Estación Meteorológica.",-33.63583,-78.83305,5.6,8.0
2001-05-08,340031.0,"General Freire, Curicó Ad.",-34.96944,-71.21694,2.8,8.0
2001-05-08,360011.0,"General Bernardo O'Higgins, Chillán Ad.",-36.58583,-72.03667,2.3333333333333335,4.0
2001-05-08,360019.0,"Carriel Sur, Concepción Ap.",-36.78055,-73.06639,2.125,5.0
2001-05-08,370033.0,"María Dolores, Los Angeles Ad.",-37.39694,-72.42389,4.0,6.0
2001-05-08,380013.0,"Maquehue, Temuco Ad.",-38.76778,-72.63194,2.0416666666666665,6.0
2001-05-08,390006.0,"Pichoy, Valdivia Ad.",-39.65667,-73.08722,2.75,5.0
2001-05-08,400009.0,"Cañal Bajo,  Osorno Ad.",-40.61444,-73.0575,4.4,8.0
2001-05-08,410005.0,El Tepual  Puerto Montt Ap.,-41.4475,-73.09583,5.708333333333333,10.0
2001-05-08,430001.0,Quellón Ad.,-43.13361,-73.63278,6.5,12.0
2001-05-08,430002.0,Futaleufú Ad.,-43.18889,-71.85222,0.0,0.0
2001-05-08,450001.0,Puerto Aysén Ad.,-45.39944,-72.67722,1.0,8.0
2001-05-08,450004.0,"Teniente Vidal, Coyhaique Ad.",-45.59083,-72.10222,1.2,3.0
2001-05-08,450005.0,Balmaceda Ad.,-45.91833,-71.67778,3.375,9.0
2001-05-08,520006.0,"Carlos Ibañez, Punta Arenas Ap.",-53.00167,-70.83861,9.916666666666666,14.0
2001-05-08,530005.0,"Fuentes Martínez, Porvenir Ad.",-53.25361,-70.32611,15.0,23.0
2001-05-08,550001.0,"Guardiamarina Zañartu, Pto Williams Ad.",-54.93167,-67.61556,7.5,13.0
2001-05-08,950001.0,"C.M.A. Eduardo Frei Montalva, Antártica ",-62.19194,-58.97972,11.090909090909092,30.0
2001-05-09,180005.0,"Chacalluta, Arica Ap.",-18.35555,-70.34028,4.583333333333333,12.0
2001-05-09,200006.0,Diego Aracena Iquique Ap.,-20.54917,-70.18111,5.416666666666667,10.0
2001-05-09,220002.0,"El Loa, Calama Ad.",-22.49806,-68.8925,15.5,22.0
2001-05-09,270001.0,Mataveri  Isla de Pascua Ap.,-27.15889,-109.4325,5.166666666666667,10.0
2001-05-09,290004.0,"La Florida, La Serena Ad.",-29.91444,-71.20667,5.294117647058823,10.0
2001-05-09,330007.0,"Rodelillo, Ad.",-33.06528,-71.55639,7.181818181818182,12.0
2001-05-09,330019.0,"Eulogio Sánchez, Tobalaba Ad.",-33.45528,-70.54861,0.36363636363636365,2.0
2001-05-09,330020.0,"Quinta Normal, Santiago",-33.445,-70.68278,1.5,4.0
2001-05-09,330021.0,Pudahuel Santiago ,-33.37833,-70.78778,2.4583333333333335,8.0
2001-05-09,330030.0,"Santo Domingo, Ad.",-33.65611,-71.61333,4.769230769230769,12.0
2001-05-09,330031.0,"Juan Fernández, Estación Meteorológica.",-33.63583,-78.83305,8.8,10.0
2001-05-09,340031.0,"General Freire, Curicó Ad.",-34.96944,-71.21694,6.0,7.0
2001-05-09,360011.0,"General Bernardo O'Higgins, Chillán Ad.",-36.58583,-72.03667,5.666666666666667,8.0
2001-05-09,360019.0,"Carriel Sur, Concepción Ap.",-36.78055,-73.06639,5.916666666666667,13.0
2001-05-09,370033.0,"María Dolores, Los Angeles Ad.",-37.39694,-72.42389,12.0,16.0
2001-05-09,380013.0,"Maquehue, Temuco Ad.",-38.76778,-72.63194,3.9583333333333335,7.0
2001-05-09,390006.0,"Pichoy, Valdivia Ad.",-39.65667,-73.08722,7.0,10.0
2001-05-09,400009.0,"Cañal Bajo,  Osorno Ad.",-40.61444,-73.0575,7.923076923076923,13.0
2001-05-09,410005.0,El Tepual  Puerto Montt Ap.,-41.4475,-73.09583,6.541666666666667,11.0
2001-05-09,430001.0,Quellón Ad.,-43.13361,-73.63278,5.2,6.0
2001-05-09,430002.0,Futaleufú Ad.,-43.18889,-71.85222,3.8,6.0
2001-05-09,450001.0,Puerto Aysén Ad.,-45.39944,-72.67722,6.5,8.0
2001-05-09,450004.0,"Teniente Vidal, Coyhaique Ad.",-45.59083,-72.10222,3.0,4.0
2001-05-09,450005.0,Balmaceda Ad.,-45.91833,-71.67778,4.791666666666667,9.0
2001-05-09,520006.0,"Carlos Ibañez, Punta Arenas Ap.",-53.00167,-70.83861,3.3703703703703702,7.0
2001-05-09,530005.0,"Fuentes Martínez, Porvenir Ad.",-53.25361,-70.32611,4.090909090909091,10.0
2001-05-09,550001.0,"Guardiamarina Zañartu, Pto Williams Ad.",-54.93167,-67.61556,16.0,20.0
2001-05-09,950001.0,"C.M.A. Eduardo Frei Montalva, Antártica ",-62.19194,-58.97972,9.375,11.0
2001-05-10,180005.0,"Chacalluta, Arica Ap.",-18.35555,-70.34028,4.375,13.0
2001-05-10,200006.0,Diego Aracena Iquique Ap.,-20.54917,-70.18111,7.333333333333333,14.0
2001-05-10,220002.0,"El Loa, Calama Ad.",-22.49806,-68.8925,15.1875,21.0
2001-05-10,270001.0,Mataveri  Isla de Pascua Ap.,-27.15889,-109.4325,5.333333333333333,7.0
2001-05-10,290004.0,"La Florida, La Serena Ad.",-29.91444,-71.20667,3.8823529411764706,9.0
2001-05-10,330007.0,"Rodelillo, Ad.",-33.06528,-71.55639,8.090909090909092,12.0
2001-05-10,330019.0,"Eulogio Sánchez, Tobalaba Ad.",-33.45528,-70.54861,0.0,0.0
2001-05-10,330020.0,"Quinta Normal, Santiago",-33.445,-70.68278,2.0,6.0
2001-05-10,330021.0,Pudahuel Santiago ,-33.37833,-70.78778,3.423076923076923,8.0
2001-05-10,330030.0,"Santo Domingo, Ad.",-33.65611,-71.61333,3.923076923076923,8.0
2001-05-10,330031.0,"Juan Fernández, Estación Meteorológica.",-33.63583,-78.83305,8.2,12.0
2001-05-10,340031.0,"General Freire, Curicó Ad.",-34.96944,-71.21694,5.4,7.0
2001-05-10,360011.0,"General Bernardo O'Higgins, Chillán Ad.",-36.58583,-72.03667,4.666666666666667,7.0
2001-05-10,360019.0,"Carriel Sur, Concepción Ap.",-36.78055,-73.06639,4.541666666666667,9.0
2001-05-10,370033.0,"María Dolores, Los Angeles Ad.",-37.39694,-72.42389,6.75,10.0
2001-05-10,380013.0,"Maquehue, Temuco Ad.",-38.76778,-72.63194,2.44,7.0
2001-05-10,390006.0,"Pichoy, Valdivia Ad.",-39.65667,-73.08722,2.25,5.0
2001-05-10,400009.0,"Cañal Bajo,  Osorno Ad.",-40.61444,-73.0575,6.538461538461538,8.0
2001-05-10,410005.0,El Tepual  Puerto Montt Ap.,-41.4475,-73.09583,3.8333333333333335,9.0
2001-05-10,430001.0,Quellón Ad.,-43.13361,-73.63278,5.4,8.0
2001-05-10,430002.0,Futaleufú Ad.,-43.18889,-71.85222,0.8,4.0
2001-05-10,450001.0,Puerto Aysén Ad.,-45.39944,-72.67722,3.5,8.0
2001-05-10,450004.0,"Teniente Vidal, Coyhaique Ad.",-45.59083,-72.10222,1.8,4.0
2001-05-10,450005.0,Balmaceda Ad.,-45.91833,-71.67778,1.0416666666666667,3.0
2001-05-10,520006.0,"Carlos Ibañez, Punta Arenas Ap.",-53.00167,-70.83861,8.916666666666666,15.0
2001-05-10,530005.0,"Fuentes Martínez, Porvenir Ad.",-53.25361,-70.32611,4.166666666666667,7.0
2001-05-10,550001.0,"Guardiamarina Zañartu, Pto Williams Ad.",-54.93167,-67.61556,9.88888888888889,20.0
2001-05-10,950001.0,"C.M.A. Eduardo Frei Montalva, Antártica ",-62.19194,-58.97972,6.25,10.0
2001-05-11,180005.0,"Chacalluta, Arica Ap.",-18.35555,-70.34028,7.333333333333333,13.0
2001-05-11,200006.0,Diego Aracena Iquique Ap.,-20.54917,-70.18111,6.666666666666667,14.0
2001-05-11,220002.0,"El Loa, Calama Ad.",-22.49806,-68.8925,14.6875,20.0
2001-05-11,270001.0,Mataveri  Isla de Pascua Ap.,-27.15889,-109.4325,4.0,6.0
2001-05-11,290004.0,"La Florida, La Serena Ad.",-29.91444,-71.20667,4.411764705882353,7.0
2001-05-11,330007.0,"Rodelillo, Ad.",-33.06528,-71.55639,9.090909090909092,11.0
2001-05-11,330019.0,"Eulogio Sánchez, Tobalaba Ad.",-33.45528,-70.54861,0.7272727272727273,2.0
2001-05-11,330020.0,"Quinta Normal, Santiago",-33.445,-70.68278,1.2,2.0
2001-05-11,330021.0,Pudahuel Santiago ,-33.37833,-70.78778,2.76,7.0
2001-05-11,330030.0,"Santo Domingo, Ad.",-33.65611,-71.61333,6.0,10.0
2001-05-11,330031.0,"Juan Fernández, Estación Meteorológica.",-33.63583,-78.83305,5.8,10.0
2001-05-11,340031.0,"General Freire, Curicó Ad.",-34.96944,-71.21694,2.1,3.0
2001-05-11,360011.0,"General Bernardo O'Higgins, Chillán Ad.",-36.58583,-72.03667,4.666666666666667,8.0
2001-05-11,360019.0,"Carriel Sur, Concepción Ap.",-36.78055,-73.06639,2.9583333333333335,6.0
2001-05-11,370033.0,"María Dolores, Los Angeles Ad.",-37.39694,-72.42389,3.25,7.0
2001-05-11,380013.0,"Maquehue, Temuco Ad.",-38.76778,-72.63194,1.4583333333333333,4.0
2001-05-11,390006.0,"Pichoy, Valdivia Ad.",-39.65667,-73.08722,2.75,5.0
2001-05-11,400009.0,"Cañal Bajo,  Osorno Ad.",-40.61444,-73.0575,4.230769230769231,9.0
2001-05-11,410005.0,El Tepual  Puerto Montt Ap.,-41.4475,-73.09583,4.416666666666667,7.0
2001-05-11,430001.0,Quellón Ad.,-43.13361,-73.63278,4.2,7.0
2001-05-11,430002.0,Futaleufú Ad.,-43.18889,-71.85222,2.6,10.0
2001-05-11,450001.0,Puerto Aysén Ad.,-45.39944,-72.67722,3.5,6.0
2001-05-11,450004.0,"Teniente Vidal, Coyhaique Ad.",-45.59083,-72.10222,1.4,4.0
2001-05-11,450005.0,Balmaceda Ad.,-45.91833,-71.67778,1.7916666666666667,7.0
2001-05-11,520006.0,"Carlos Ibañez, Punta Arenas Ap.",-53.00167,-70.83861,4.958333333333333,9.0
2001-05-11,530005.0,"Fuentes Martínez, Porvenir Ad.",-53.25361,-70.32611,7.090909090909091,10.0
2001-05-11,550001.0,"Guardiamarina Zañartu, Pto Williams Ad.",-54.93167,-67.61556,2.875,5.0
2001-05-11,950001.0,"C.M.A. Eduardo Frei Montalva, Antártica ",-62.19194,-58.97972,4.375,9.0
2001-05-12,180005.0,"Chacalluta, Arica Ap.",-18.35555,-70.34028,5.458333333333333,12.0
2001-05-12,200006.0,Diego Aracena Iquique Ap.,-20.54917,-70.18111,7.166666666666667,18.0
2001-05-12,220002.0,"El Loa, Calama Ad.",-22.49806,-68.8925,11.0,20.0
2001-05-12,270001.0,Mataveri  Isla de Pascua Ap.,-27.15889,-109.4325,5.833333333333333,10.0
2001-05-12,290004.0,"La Florida, La Serena Ad.",-29.91444,-71.20667,4.529411764705882,10.0
2001-05-12,330007.0,"Rodelillo, Ad.",-33.06528,-71.55639,5.818181818181818,8.0
2001-05-12,330019.0,"Eulogio Sánchez, Tobalaba Ad.",-33.45528,-70.54861,0.0,0.0
2001-05-12,330020.0,"Quinta Normal, Santiago",-33.445,-70.68278,1.2,2.0
2001-05-12,330021.0,Pudahuel Santiago ,-33.37833,-70.78778,2.1153846153846154,5.0
2001-05-12,330030.0,"Santo Domingo, Ad.",-33.65611,-71.61333,3.6923076923076925,7.0
2001-05-12,330031.0,"Juan Fernández, Estación Meteorológica.",-33.63583,-78.83305,6.5,8.0
2001-05-12,340031.0,"General Freire, Curicó Ad.",-34.96944,-71.21694,2.0,4.0
2001-05-12,360011.0,"General Bernardo O'Higgins, Chillán Ad.",-36.58583,-72.03667,4.666666666666667,5.0
2001-05-12,360019.0,"Carriel Sur, Concepción Ap.",-36.78055,-73.06639,3.0416666666666665,7.0
2001-05-12,370033.0,"María Dolores, Los Angeles Ad.",-37.39694,-72.42389,1.5,4.0
2001-05-12,380013.0,"Maquehue, Temuco Ad.",-38.76778,-72.63194,3.76,8.0
2001-05-12,390006.0,"Pichoy, Valdivia Ad.",-39.65667,-73.08722,2.0,5.0
2001-05-12,400009.0,"Cañal Bajo,  Osorno Ad.",-40.61444,-73.0575,1.1428571428571428,5.0
2001-05-12,410005.0,El Tepual  Puerto Montt Ap.,-41.4475,-73.09583,2.2083333333333335,9.0
2001-05-12,430001.0,Quellón Ad.,-43.13361,-73.63278,5.4,10.0
2001-05-12,430002.0,Futaleufú Ad.,-43.18889,-71.85222,3.2,10.0
2001-05-12,450004.0,"Teniente Vidal, Coyhaique Ad.",-45.59083,-72.10222,0.8,4.0
2001-05-12,450005.0,Balmaceda Ad.,-45.91833,-71.67778,3.4583333333333335,9.0
2001-05-12,520006.0,"Carlos Ibañez, Punta Arenas Ap.",-53.00167,-70.83861,4.703703703703703,9.0
2001-05-12,530005.0,"Fuentes Martínez, Porvenir Ad.",-53.25361,-70.32611,8.636363636363637,13.0
2001-05-12,950001.0,"C.M.A. Eduardo Frei Montalva, Antártica ",-62.19194,-58.97972,3.625,6.0
2001-05-13,180005.0,"Chacalluta, Arica Ap.",-18.35555,-70.34028,3.6666666666666665,10.0
2001-05-13,200006.0,Diego Aracena Iquique Ap.,-20.54917,-70.18111,4.875,10.0
2001-05-13,220002.0,"El Loa, Calama Ad.",-22.49806,-68.8925,14.090909090909092,21.0
2001-05-13,270001.0,Mataveri  Isla de Pascua Ap.,-27.15889,-109.4325,5.833333333333333,11.0
2001-05-13,290004.0,"La Florida, La Serena Ad.",-29.91444,-71.20667,3.3529411764705883,6.0
2001-05-13,330007.0,"Rodelillo, Ad.",-33.06528,-71.55639,3.090909090909091,5.0
2001-05-13,330019.0,"Eulogio Sánchez, Tobalaba Ad.",-33.45528,-70.54861,0.36363636363636365,2.0
2001-05-13,330020.0,"Quinta Normal, Santiago",-33.445,-70.68278,1.6,2.0
2001-05-13,330021.0,Pudahuel Santiago ,-33.37833,-70.78778,2.1666666666666665,7.0
2001-05-13,330030.0,"Santo Domingo, Ad.",-33.65611,-71.61333,1.6153846153846154,4.0
2001-05-13,330031.0,"Juan Fernández, Estación Meteorológica.",-33.63583,-78.83305,5.0,6.0
2001-05-13,340031.0,"General Freire, Curicó Ad.",-34.96944,-71.21694,4.2,7.0
2001-05-13,360011.0,"General Bernardo O'Higgins, Chillán Ad.",-36.58583,-72.03667,5.666666666666667,9.0
2001-05-13,360019.0,"Carriel Sur, Concepción Ap.",-36.78055,-73.06639,4.458333333333333,12.0
2001-05-13,370033.0,"María Dolores, Los Angeles Ad.",-37.39694,-72.42389,3.5,5.0
2001-05-13,380013.0,"Maquehue, Temuco Ad.",-38.76778,-72.63194,3.9583333333333335,10.0
2001-05-13,390006.0,"Pichoy, Valdivia Ad.",-39.65667,-73.08722,6.5,8.0
2001-05-13,400009.0,"Cañal Bajo,  Osorno Ad.",-40.61444,-73.0575,4.928571428571429,15.0
2001-05-13,410005.0,El Tepual  Puerto Montt Ap.,-41.4475,-73.09583,3.5833333333333335,9.0
2001-05-13,430001.0,Quellón Ad.,-43.13361,-73.63278,4.5,6.0
2001-05-13,430002.0,Futaleufú Ad.,-43.18889,-71.85222,0.0,0.0
2001-05-13,450004.0,"Teniente Vidal, Coyhaique Ad.",-45.59083,-72.10222,3.0,7.0
2001-05-13,450005.0,Balmaceda Ad.,-45.91833,-71.67778,8.666666666666666,12.0
2001-05-13,520006.0,"Carlos Ibañez, Punta Arenas Ap.",-53.00167,-70.83861,3.8214285714285716,7.0
2001-05-13,950001.0,"C.M.A. Eduardo Frei Montalva, Antártica ",-62.19194,-58.97972,8.5,18.0
2001-05-14,180005.0,"Chacalluta, Arica Ap.",-18.35555,-70.34028,5.791666666666667,12.0
2001-05-14,200006.0,Diego Aracena Iquique Ap.,-20.54917,-70.18111,5.791666666666667,14.0
2001-05-14,220002.0,"El Loa, Calama Ad.",-22.49806,-68.8925,13.875,22.0
2001-05-14,270001.0,Mataveri  Isla de Pascua Ap.,-27.15889,-109.4325,8.333333333333334,12.0
2001-05-14,290004.0,"La Florida, La Serena Ad.",-29.91444,-71.20667,5.705882352941177,9.0
2001-05-14,330007.0,"Rodelillo, Ad.",-33.06528,-71.55639,15.666666666666666,20.0
2001-05-14,330019.0,"Eulogio Sánchez, Tobalaba Ad.",-33.45528,-70.54861,0.18181818181818182,2.0
2001-05-14,330020.0,"Quinta Normal, Santiago",-33.445,-70.68278,2.0,4.0
2001-05-14,330021.0,Pudahuel Santiago ,-33.37833,-70.78778,3.5833333333333335,9.0
2001-05-14,330030.0,"Santo Domingo, Ad.",-33.65611,-71.61333,3.769230769230769,8.0
2001-05-14,330031.0,"Juan Fernández, Estación Meteorológica.",-33.63583,-78.83305,19.0,25.0
2001-05-14,340031.0,"General Freire, Curicó Ad.",-34.96944,-71.21694,4.1,9.0
2001-05-14,360011.0,"General Bernardo O'Higgins, Chillán Ad.",-36.58583,-72.03667,5.333333333333333,9.0
2001-05-14,360019.0,"Carriel Sur, Concepción Ap.",-36.78055,-73.06639,4.166666666666667,12.0
2001-05-14,370033.0,"María Dolores, Los Angeles Ad.",-37.39694,-72.42389,7.75,20.0
2001-05-14,380013.0,"Maquehue, Temuco Ad.",-38.76778,-72.63194,2.9166666666666665,6.0
2001-05-14,390006.0,"Pichoy, Valdivia Ad.",-39.65667,-73.08722,1.25,3.0
2001-05-14,400009.0,"Cañal Bajo,  Osorno Ad.",-40.61444,-73.0575,2.6153846153846154,5.0
2001-05-14,410005.0,El Tepual  Puerto Montt Ap.,-41.4475,-73.09583,2.625,7.0
2001-05-14,430001.0,Quellón Ad.,-43.13361,-73.63278,3.2,5.0
2001-05-14,430002.0,Futaleufú Ad.,-43.18889,-71.85222,9.6,16.0
2001-05-14,450001.0,Puerto Aysén Ad.,-45.39944,-72.67722,2.25,8.0
2001-05-14,450004.0,"Teniente Vidal, Coyhaique Ad.",-45.59083,-72.10222,2.6,6.0
2001-05-14,450005.0,Balmaceda Ad.,-45.91833,-71.67778,7.333333333333333,13.0
2001-05-14,520006.0,"Carlos Ibañez, Punta Arenas Ap.",-53.00167,-70.83861,8.08,12.0
2001-05-14,530005.0,"Fuentes Martínez, Porvenir Ad.",-53.25361,-70.32611,14.181818181818182,20.0
2001-05-14,550001.0,"Guardiamarina Zañartu, Pto Williams Ad.",-54.93167,-67.61556,8.333333333333334,18.0
2001-05-14,950001.0,"C.M.A. Eduardo Frei Montalva, Antártica ",-62.19194,-58.97972,11.75,15.0
2001-05-15,180005.0,"Chacalluta, Arica Ap.",-18.35555,-70.34028,4.083333333333333,11.0
2001-05-15,200006.0,Diego Aracena Iquique Ap.,-20.54917,-70.18111,9.541666666666666,17.0
2001-05-15,220002.0,"El Loa, Calama Ad.",-22.49806,-68.8925,12.8125,21.0
2001-05-15,270001.0,Mataveri  Isla de Pascua Ap.,-27.15889,-109.4325,4.833333333333333,7.0
2001-05-15,290004.0,"La Florida, La Serena Ad.",-29.91444,-71.20667,5.352941176470588,10.0
2001-05-15,330007.0,"Rodelillo, Ad.",-33.06528,-71.55639,7.0,9.0
2001-05-15,330019.0,"Eulogio Sánchez, Tobalaba Ad.",-33.45528,-70.54861,0.8181818181818182,2.0
2001-05-15,330020.0,"Quinta Normal, Santiago",-33.445,-70.68278,2.4,4.0
2001-05-15,330021.0,Pudahuel Santiago ,-33.37833,-70.78778,7.576923076923077,13.0
2001-05-15,330030.0,"Santo Domingo, Ad.",-33.65611,-71.61333,5.384615384615385,10.0
2001-05-15,330031.0,"Juan Fernández, Estación Meteorológica.",-33.63583,-78.83305,6.4,25.0
2001-05-15,340031.0,"General Freire, Curicó Ad.",-34.96944,-71.21694,10.1,18.0
2001-05-15,360011.0,"General Bernardo O'Higgins, Chillán Ad.",-36.58583,-72.03667,13.666666666666666,21.0
2001-05-15,360019.0,"Carriel Sur, Concepción Ap.",-36.78055,-73.06639,10.208333333333334,14.0
2001-05-15,370033.0,"María Dolores, Los Angeles Ad.",-37.39694,-72.42389,7.25,13.0
2001-05-15,380013.0,"Maquehue, Temuco Ad.",-38.76778,-72.63194,1.8846153846153846,5.0
2001-05-15,390006.0,"Pichoy, Valdivia Ad.",-39.65667,-73.08722,1.5,3.0
2001-05-15,400009.0,"Cañal Bajo,  Osorno Ad.",-40.61444,-73.0575,1.8571428571428572,4.0
2001-05-15,410005.0,El Tepual  Puerto Montt Ap.,-41.4475,-73.09583,0.9583333333333334,3.0
2001-05-15,430001.0,Quellón Ad.,-43.13361,-73.63278,3.1,6.0
2001-05-15,430002.0,Futaleufú Ad.,-43.18889,-71.85222,2.4,12.0
2001-05-15,450001.0,Puerto Aysén Ad.,-45.39944,-72.67722,1.5,4.0
2001-05-15,450004.0,"Teniente Vidal, Coyhaique Ad.",-45.59083,-72.10222,2.8,6.0
2001-05-15,450005.0,Balmaceda Ad.,-45.91833,-71.67778,5.916666666666667,12.0
2001-05-15,520006.0,"Carlos Ibañez, Punta Arenas Ap.",-53.00167,-70.83861,10.583333333333334,14.0
2001-05-15,530005.0,"Fuentes Martínez, Porvenir Ad.",-53.25361,-70.32611,17.166666666666668,20.0
2001-05-15,550001.0,"Guardiamarina Zañartu, Pto Williams Ad.",-54.93167,-67.61556,11.0,20.0
2001-05-15,950001.0,"C.M.A. Eduardo Frei Montalva, Antártica ",-62.19194,-58.97972,13.125,25.0
2001-05-16,180005.0,"Chacalluta, Arica Ap.",-18.35555,-70.34028,6.875,11.0
2001-05-16,200006.0,Diego Aracena Iquique Ap.,-20.54917,-70.18111,5.625,12.0
2001-05-16,220002.0,"El Loa, Calama Ad.",-22.49806,-68.8925,13.9375,21.0
2001-05-16,270001.0,Mataveri  Isla de Pascua Ap.,-27.15889,-109.4325,5.5,8.0
2001-05-16,290004.0,"La Florida, La Serena Ad.",-29.91444,-71.20667,5.944444444444445,11.0
2001-05-16,330007.0,"Rodelillo, Ad.",-33.06528,-71.55639,4.0,5.0
2001-05-16,330019.0,"Eulogio Sánchez, Tobalaba Ad.",-33.45528,-70.54861,0.0,0.0
2001-05-16,330020.0,"Quinta Normal, Santiago",-33.445,-70.68278,1.2,2.0
2001-05-16,330021.0,Pudahuel Santiago ,-33.37833,-70.78778,1.8571428571428572,5.0
2001-05-16,330030.0,"Santo Domingo, Ad.",-33.65611,-71.61333,5.769230769230769,12.0
2001-05-16,330031.0,"Juan Fernández, Estación Meteorológica.",-33.63583,-78.83305,6.8,10.0
2001-05-16,340031.0,"General Freire, Curicó Ad.",-34.96944,-71.21694,2.0,5.0
2001-05-16,360011.0,"General Bernardo O'Higgins, Chillán Ad.",-36.58583,-72.03667,6.0,8.0
2001-05-16,360019.0,"Carriel Sur, Concepción Ap.",-36.78055,-73.06639,9.208333333333334,13.0
2001-05-16,370033.0,"María Dolores, Los Angeles Ad.",-37.39694,-72.42389,9.5,13.0
2001-05-16,380013.0,"Maquehue, Temuco Ad.",-38.76778,-72.63194,6.458333333333333,10.0
2001-05-16,390006.0,"Pichoy, Valdivia Ad.",-39.65667,-73.08722,8.5,10.0
2001-05-16,400009.0,"Cañal Bajo,  Osorno Ad.",-40.61444,-73.0575,8.384615384615385,14.0
2001-05-16,410005.0,El Tepual  Puerto Montt Ap.,-41.4475,-73.09583,10.333333333333334,21.0
2001-05-16,430001.0,Quellón Ad.,-43.13361,-73.63278,9.4,12.0
2001-05-16,430002.0,Futaleufú Ad.,-43.18889,-71.85222,0.6,3.0
2001-05-16,450001.0,Puerto Aysén Ad.,-45.39944,-72.67722,0.0,0.0
2001-05-16,450004.0,"Teniente Vidal, Coyhaique Ad.",-45.59083,-72.10222,2.8,4.0
2001-05-16,450005.0,Balmaceda Ad.,-45.91833,-71.67778,1.0,3.0
2001-05-16,520006.0,"Carlos Ibañez, Punta Arenas Ap.",-53.00167,-70.83861,7.75,12.0
2001-05-16,530005.0,"Fuentes Martínez, Porvenir Ad.",-53.25361,-70.32611,16.454545454545453,20.0
2001-05-16,550001.0,"Guardiamarina Zañartu, Pto Williams Ad.",-54.93167,-67.61556,18.333333333333332,23.0
2001-05-16,950001.0,"C.M.A. Eduardo Frei Montalva, Antártica ",-62.19194,-58.97972,15.625,19.0
2001-05-17,180005.0,"Chacalluta, Arica Ap.",-18.35555,-70.34028,5.791666666666667,10.0
2001-05-17,200006.0,Diego Aracena Iquique Ap.,-20.54917,-70.18111,3.625,8.0
2001-05-17,220002.0,"El Loa, Calama Ad.",-22.49806,-68.8925,13.0,24.0
2001-05-17,270001.0,Mataveri  Isla de Pascua Ap.,-27.15889,-109.4325,6.833333333333333,12.0
2001-05-17,290004.0,"La Florida, La Serena Ad.",-29.91444,-71.20667,7.117647058823529,11.0
2001-05-17,330007.0,"Rodelillo, Ad.",-33.06528,-71.55639,2.909090909090909,5.0
2001-05-17,330019.0,"Eulogio Sánchez, Tobalaba Ad.",-33.45528,-70.54861,0.0,0.0
2001-05-17,330020.0,"Quinta Normal, Santiago",-33.445,-70.68278,0.4,2.0
2001-05-17,330021.0,Pudahuel Santiago ,-33.37833,-70.78778,2.0416666666666665,4.0
2001-05-17,330030.0,"Santo Domingo, Ad.",-33.65611,-71.61333,3.8461538461538463,10.0
2001-05-17,330031.0,"Juan Fernández, Estación Meteorológica.",-33.63583,-78.83305,3.8,6.0
2001-05-17,340031.0,"General Freire, Curicó Ad.",-34.96944,-71.21694,3.2,5.0
2001-05-17,360011.0,"General Bernardo O'Higgins, Chillán Ad.",-36.58583,-72.03667,9.666666666666666,12.0
2001-05-17,360019.0,"Carriel Sur, Concepción Ap.",-36.78055,-73.06639,9.541666666666666,15.0
2001-05-17,370033.0,"María Dolores, Los Angeles Ad.",-37.39694,-72.42389,8.25,10.0
2001-05-17,380013.0,"Maquehue, Temuco Ad.",-38.76778,-72.63194,5.833333333333333,11.0
2001-05-17,390006.0,"Pichoy, Valdivia Ad.",-39.65667,-73.08722,7.0,12.0
2001-05-17,400009.0,"Cañal Bajo,  Osorno Ad.",-40.61444,-73.0575,7.6923076923076925,10.0
2001-05-17,410005.0,El Tepual  Puerto Montt Ap.,-41.4475,-73.09583,8.375,18.0
2001-05-17,430001.0,Quellón Ad.,-43.13361,-73.63278,8.6,12.0
2001-05-17,430002.0,Futaleufú Ad.,-43.18889,-71.85222,1.6,8.0
2001-05-17,450001.0,Puerto Aysén Ad.,-45.39944,-72.67722,4.5,12.0
2001-05-17,450004.0,"Teniente Vidal, Coyhaique Ad.",-45.59083,-72.10222,4.6,10.0
2001-05-17,450005.0,Balmaceda Ad.,-45.91833,-71.67778,10.25,17.0
2001-05-17,520006.0,"Carlos Ibañez, Punta Arenas Ap.",-53.00167,-70.83861,8.458333333333334,17.0
2001-05-17,530005.0,"Fuentes Martínez, Porvenir Ad.",-53.25361,-70.32611,16.272727272727273,25.0
2001-05-17,550001.0,"Guardiamarina Zañartu, Pto Williams Ad.",-54.93167,-67.61556,9.0,15.0
2001-05-17,950001.0,"C.M.A. Eduardo Frei Montalva, Antártica ",-62.19194,-58.97972,18.0,23.0
2001-05-18,180005.0,"Chacalluta, Arica Ap.",-18.35555,-70.34028,3.9583333333333335,9.0
2001-05-18,200006.0,Diego Aracena Iquique Ap.,-20.54917,-70.18111,3.2083333333333335,7.0
2001-05-18,220002.0,"El Loa, Calama Ad.",-22.49806,-68.8925,14.125,26.0
2001-05-18,270001.0,Mataveri  Isla de Pascua Ap.,-27.15889,-109.4325,6.833333333333333,8.0
2001-05-18,290004.0,"La Florida, La Serena Ad.",-29.91444,-71.20667,6.117647058823529,11.0
2001-05-18,330007.0,"Rodelillo, Ad.",-33.06528,-71.55639,9.636363636363637,15.0
2001-05-18,330019.0,"Eulogio Sánchez, Tobalaba Ad.",-33.45528,-70.54861,0.09090909090909091,1.0
2001-05-18,330020.0,"Quinta Normal, Santiago",-33.445,-70.68278,1.6,4.0
2001-05-18,330021.0,Pudahuel Santiago ,-33.37833,-70.78778,4.0,12.0
2001-05-18,330030.0,"Santo Domingo, Ad.",-33.65611,-71.61333,4.230769230769231,12.0
2001-05-18,330031.0,"Juan Fernández, Estación Meteorológica.",-33.63583,-78.83305,4.4,10.0
2001-05-18,340031.0,"General Freire, Curicó Ad.",-34.96944,-71.21694,5.4,10.0
2001-05-18,360011.0,"General Bernardo O'Higgins, Chillán Ad.",-36.58583,-72.03667,2.6666666666666665,4.0
2001-05-18,360019.0,"Carriel Sur, Concepción Ap.",-36.78055,-73.06639,3.9166666666666665,10.0
2001-05-18,370033.0,"María Dolores, Los Angeles Ad.",-37.39694,-72.42389,3.75,7.0
2001-05-18,380013.0,"Maquehue, Temuco Ad.",-38.76778,-72.63194,5.5,12.0
2001-05-18,390006.0,"Pichoy, Valdivia Ad.",-39.65667,-73.08722,7.0,11.0
2001-05-18,400009.0,"Cañal Bajo,  Osorno Ad.",-40.61444,-73.0575,8.615384615384615,15.0
2001-05-18,410005.0,El Tepual  Puerto Montt Ap.,-41.4475,-73.09583,8.375,18.0
2001-05-18,430001.0,Quellón Ad.,-43.13361,-73.63278,10.2,12.0
2001-05-18,430002.0,Futaleufú Ad.,-43.18889,-71.85222,6.2,12.0
2001-05-18,450001.0,Puerto Aysén Ad.,-45.39944,-72.67722,6.25,12.0
2001-05-18,450004.0,"Teniente Vidal, Coyhaique Ad.",-45.59083,-72.10222,7.2,11.0
2001-05-18,450005.0,Balmaceda Ad.,-45.91833,-71.67778,11.291666666666666,21.0
2001-05-18,520006.0,"Carlos Ibañez, Punta Arenas Ap.",-53.00167,-70.83861,10.25,17.0
2001-05-18,530005.0,"Fuentes Martínez, Porvenir Ad.",-53.25361,-70.32611,19.818181818181817,27.0
2001-05-18,550001.0,"Guardiamarina Zañartu, Pto Williams Ad.",-54.93167,-67.61556,6.875,15.0
2001-05-18,950001.0,"C.M.A. Eduardo Frei Montalva, Antártica ",-62.19194,-58.97972,21.58823529411765,37.0
2001-05-19,180005.0,"Chacalluta, Arica Ap.",-18.35555,-70.34028,5.125,10.0
2001-05-19,200006.0,Diego Aracena Iquique Ap.,-20.54917,-70.18111,3.9166666666666665,10.0
2001-05-19,220002.0,"El Loa, Calama Ad.",-22.49806,-68.8925,11.294117647058824,21.0
2001-05-19,270001.0,Mataveri  Isla de Pascua Ap.,-27.15889,-109.4325,4.666666666666667,8.0
2001-05-19,290004.0,"La Florida, La Serena Ad.",-29.91444,-71.20667,4.9411764705882355,12.0
2001-05-19,330007.0,"Rodelillo, Ad.",-33.06528,-71.55639,5.181818181818182,9.0
2001-05-19,330019.0,"Eulogio Sánchez, Tobalaba Ad.",-33.45528,-70.54861,0.0,0.0
2001-05-19,330020.0,"Quinta Normal, Santiago",-33.445,-70.68278,1.6,6.0
2001-05-19,330021.0,Pudahuel Santiago ,-33.37833,-70.78778,2.6774193548387095,8.0
2001-05-19,330030.0,"Santo Domingo, Ad.",-33.65611,-71.61333,4.0,8.0
2001-05-19,330031.0,"Juan Fernández, Estación Meteorológica.",-33.63583,-78.83305,1.25,3.0
2001-05-19,340031.0,"General Freire, Curicó Ad.",-34.96944,-71.21694,1.2,3.0
2001-05-19,360011.0,"General Bernardo O'Higgins, Chillán Ad.",-36.58583,-72.03667,2.6666666666666665,3.0
2001-05-19,360019.0,"Carriel Sur, Concepción Ap.",-36.78055,-73.06639,4.708333333333333,12.0
2001-05-19,370033.0,"María Dolores, Los Angeles Ad.",-37.39694,-72.42389,6.25,12.0
2001-05-19,380013.0,"Maquehue, Temuco Ad.",-38.76778,-72.63194,7.75,11.0
2001-05-19,390006.0,"Pichoy, Valdivia Ad.",-39.65667,-73.08722,13.0,18.0
2001-05-19,400009.0,"Cañal Bajo,  Osorno Ad.",-40.61444,-73.0575,9.846153846153847,15.0
2001-05-19,410005.0,El Tepual  Puerto Montt Ap.,-41.4475,-73.09583,14.25,19.0
2001-05-19,430001.0,Quellón Ad.,-43.13361,-73.63278,5.6,8.0
2001-05-19,430002.0,Futaleufú Ad.,-43.18889,-71.85222,3.0,7.0
2001-05-19,450004.0,"Teniente Vidal, Coyhaique Ad.",-45.59083,-72.10222,8.8,13.0
2001-05-19,450005.0,Balmaceda Ad.,-45.91833,-71.67778,13.583333333333334,23.0
2001-05-19,520006.0,"Carlos Ibañez, Punta Arenas Ap.",-53.00167,-70.83861,9.375,18.0
2001-05-19,530005.0,"Fuentes Martínez, Porvenir Ad.",-53.25361,-70.32611,11.272727272727273,21.0
2001-05-19,950001.0,"C.M.A. Eduardo Frei Montalva, Antártica ",-62.19194,-58.97972,16.5,22.0
2001-05-20,180005.0,"Chacalluta, Arica Ap.",-18.35555,-70.34028,4.916666666666667,11.0
2001-05-20,200006.0,Diego Aracena Iquique Ap.,-20.54917,-70.18111,5.541666666666667,13.0
2001-05-20,220002.0,"El Loa, Calama Ad.",-22.49806,-68.8925,13.0,22.0
2001-05-20,270001.0,Mataveri  Isla de Pascua Ap.,-27.15889,-109.4325,4.5,7.0
2001-05-20,290004.0,"La Florida, La Serena Ad.",-29.91444,-71.20667,3.5294117647058822,9.0
2001-05-20,330007.0,"Rodelillo, Ad.",-33.06528,-71.55639,3.909090909090909,6.0
2001-05-20,330019.0,"Eulogio Sánchez, Tobalaba Ad.",-33.45528,-70.54861,0.36363636363636365,2.0
2001-05-20,330020.0,"Quinta Normal, Santiago",-33.445,-70.68278,2.0,6.0
2001-05-20,330021.0,Pudahuel Santiago ,-33.37833,-70.78778,3.4166666666666665,9.0
2001-05-20,330030.0,"Santo Domingo, Ad.",-33.65611,-71.61333,2.6923076923076925,6.0
2001-05-20,330031.0,"Juan Fernández, Estación Meteorológica.",-33.63583,-78.83305,3.25,6.0
2001-05-20,340031.0,"General Freire, Curicó Ad.",-34.96944,-71.21694,2.7,5.0
2001-05-20,360011.0,"General Bernardo O'Higgins, Chillán Ad.",-36.58583,-72.03667,7.333333333333333,8.0
2001-05-20,360019.0,"Carriel Sur, Concepción Ap.",-36.78055,-73.06639,9.333333333333334,18.0
2001-05-20,370033.0,"María Dolores, Los Angeles Ad.",-37.39694,-72.42389,7.25,11.0
2001-05-20,380013.0,"Maquehue, Temuco Ad.",-38.76778,-72.63194,6.041666666666667,11.0
2001-05-20,390006.0,"Pichoy, Valdivia Ad.",-39.65667,-73.08722,9.0,11.0
2001-05-20,400009.0,"Cañal Bajo,  Osorno Ad.",-40.61444,-73.0575,5.538461538461538,8.0
2001-05-20,410005.0,El Tepual  Puerto Montt Ap.,-41.4475,-73.09583,7.375,14.0
2001-05-20,430001.0,Quellón Ad.,-43.13361,-73.63278,8.6,10.0
2001-05-20,430002.0,Futaleufú Ad.,-43.18889,-71.85222,4.0,4.0
2001-05-20,450004.0,"Teniente Vidal, Coyhaique Ad.",-45.59083,-72.10222,3.8,7.0
2001-05-20,450005.0,Balmaceda Ad.,-45.91833,-71.67778,5.291666666666667,15.0
2001-05-20,520006.0,"Carlos Ibañez, Punta Arenas Ap.",-53.00167,-70.83861,10.333333333333334,18.0
2001-05-20,950001.0,"C.M.A. Eduardo Frei Montalva, Antártica ",-62.19194,-58.97972,21.25,36.0
2001-05-21,180005.0,"Chacalluta, Arica Ap.",-18.35555,-70.34028,4.875,12.0
2001-05-21,200006.0,Diego Aracena Iquique Ap.,-20.54917,-70.18111,9.625,19.0
2001-05-21,220002.0,"El Loa, Calama Ad.",-22.49806,-68.8925,13.8125,21.0
2001-05-21,270001.0,Mataveri  Isla de Pascua Ap.,-27.15889,-109.4325,4.833333333333333,7.0
2001-05-21,290004.0,"La Florida, La Serena Ad.",-29.91444,-71.20667,5.588235294117647,9.0
2001-05-21,330007.0,"Rodelillo, Ad.",-33.06528,-71.55639,4.818181818181818,6.0
2001-05-21,330019.0,"Eulogio Sánchez, Tobalaba Ad.",-33.45528,-70.54861,0.36363636363636365,4.0
2001-05-21,330020.0,"Quinta Normal, Santiago",-33.445,-70.68278,0.8,2.0
2001-05-21,330021.0,Pudahuel Santiago ,-33.37833,-70.78778,2.6,5.0
2001-05-21,330030.0,"Santo Domingo, Ad.",-33.65611,-71.61333,1.8461538461538463,5.0
2001-05-21,330031.0,"Juan Fernández, Estación Meteorológica.",-33.63583,-78.83305,7.5,10.0
2001-05-21,340031.0,"General Freire, Curicó Ad.",-34.96944,-71.21694,7.1,11.0
2001-05-21,360011.0,"General Bernardo O'Higgins, Chillán Ad.",-36.58583,-72.03667,21.0,25.0
2001-05-21,360019.0,"Carriel Sur, Concepción Ap.",-36.78055,-73.06639,15.416666666666666,26.0
2001-05-21,370033.0,"María Dolores, Los Angeles Ad.",-37.39694,-72.42389,15.25,20.0
2001-05-21,380013.0,"Maquehue, Temuco Ad.",-38.76778,-72.63194,7.92,14.0
2001-05-21,390006.0,"Pichoy, Valdivia Ad.",-39.65667,-73.08722,12.75,18.0
2001-05-21,400009.0,"Cañal Bajo,  Osorno Ad.",-40.61444,-73.0575,7.846153846153846,14.0
2001-05-21,410005.0,El Tepual  Puerto Montt Ap.,-41.4475,-73.09583,9.5,15.0
2001-05-21,430001.0,Quellón Ad.,-43.13361,-73.63278,7.4,12.0
2001-05-21,430002.0,Futaleufú Ad.,-43.18889,-71.85222,5.0,14.0
2001-05-21,450004.0,"Teniente Vidal, Coyhaique Ad.",-45.59083,-72.10222,5.4,12.0
2001-05-21,450005.0,Balmaceda Ad.,-45.91833,-71.67778,8.958333333333334,20.0
2001-05-21,520006.0,"Carlos Ibañez, Punta Arenas Ap.",-53.00167,-70.83861,6.0,17.0
2001-05-21,530005.0,"Fuentes Martínez, Porvenir Ad.",-53.25361,-70.32611,6.090909090909091,14.0
2001-05-21,950001.0,"C.M.A. Eduardo Frei Montalva, Antártica ",-62.19194,-58.97972,16.375,23.0
2001-05-22,180005.0,"Chacalluta, Arica Ap.",-18.35555,-70.34028,3.5,11.0
2001-05-22,200006.0,Diego Aracena Iquique Ap.,-20.54917,-70.18111,4.375,10.0
2001-05-22,220002.0,"El Loa, Calama Ad.",-22.49806,-68.8925,13.375,22.0
2001-05-22,270001.0,Mataveri  Isla de Pascua Ap.,-27.15889,-109.4325,9.166666666666666,13.0
2001-05-22,290004.0,"La Florida, La Serena Ad.",-29.91444,-71.20667,4.705882352941177,9.0
2001-05-22,330007.0,"Rodelillo, Ad.",-33.06528,-71.55639,2.5454545454545454,8.0
2001-05-22,330019.0,"Eulogio Sánchez, Tobalaba Ad.",-33.45528,-70.54861,0.36363636363636365,2.0
2001-05-22,330020.0,"Quinta Normal, Santiago",-33.445,-70.68278,1.6,4.0
2001-05-22,330021.0,Pudahuel Santiago ,-33.37833,-70.78778,3.769230769230769,10.0
2001-05-22,330030.0,"Santo Domingo, Ad.",-33.65611,-71.61333,5.076923076923077,10.0
2001-05-22,330031.0,"Juan Fernández, Estación Meteorológica.",-33.63583,-78.83305,4.2,6.0
2001-05-22,340031.0,"General Freire, Curicó Ad.",-34.96944,-71.21694,2.4,3.0
2001-05-22,360011.0,"General Bernardo O'Higgins, Chillán Ad.",-36.58583,-72.03667,7.0,10.0
2001-05-22,360019.0,"Carriel Sur, Concepción Ap.",-36.78055,-73.06639,8.333333333333334,13.0
2001-05-22,370033.0,"María Dolores, Los Angeles Ad.",-37.39694,-72.42389,7.5,9.0
2001-05-22,380013.0,"Maquehue, Temuco Ad.",-38.76778,-72.63194,4.875,12.0
2001-05-22,390006.0,"Pichoy, Valdivia Ad.",-39.65667,-73.08722,11.75,17.0
2001-05-22,400009.0,"Cañal Bajo,  Osorno Ad.",-40.61444,-73.0575,7.4375,15.0
2001-05-22,410005.0,El Tepual  Puerto Montt Ap.,-41.4475,-73.09583,9.958333333333334,18.0
2001-05-22,430001.0,Quellón Ad.,-43.13361,-73.63278,13.6,25.0
2001-05-22,430002.0,Futaleufú Ad.,-43.18889,-71.85222,10.8,18.0
2001-05-22,450004.0,"Teniente Vidal, Coyhaique Ad.",-45.59083,-72.10222,6.4,12.0
2001-05-22,450005.0,Balmaceda Ad.,-45.91833,-71.67778,10.75,17.0
2001-05-22,520006.0,"Carlos Ibañez, Punta Arenas Ap.",-53.00167,-70.83861,12.5,22.0
2001-05-22,530005.0,"Fuentes Martínez, Porvenir Ad.",-53.25361,-70.32611,14.0,20.0
2001-05-22,550001.0,"Guardiamarina Zañartu, Pto Williams Ad.",-54.93167,-67.61556,9.285714285714286,12.0
2001-05-22,950001.0,"C.M.A. Eduardo Frei Montalva, Antártica ",-62.19194,-58.97972,37.375,42.0
2001-05-23,180005.0,"Chacalluta, Arica Ap.",-18.35555,-70.34028,3.5833333333333335,8.0
2001-05-23,200006.0,Diego Aracena Iquique Ap.,-20.54917,-70.18111,5.291666666666667,14.0
2001-05-23,220002.0,"El Loa, Calama Ad.",-22.49806,-68.8925,12.3125,23.0
2001-05-23,270001.0,Mataveri  Isla de Pascua Ap.,-27.15889,-109.4325,6.142857142857143,7.0
2001-05-23,290004.0,"La Florida, La Serena Ad.",-29.91444,-71.20667,5.764705882352941,9.0
2001-05-23,330007.0,"Rodelillo, Ad.",-33.06528,-71.55639,4.636363636363637,7.0
2001-05-23,330019.0,"Eulogio Sánchez, Tobalaba Ad.",-33.45528,-70.54861,0.0,0.0
2001-05-23,330020.0,"Quinta Normal, Santiago",-33.445,-70.68278,0.4,2.0
2001-05-23,330021.0,Pudahuel Santiago ,-33.37833,-70.78778,1.7916666666666667,4.0
2001-05-23,330030.0,"Santo Domingo, Ad.",-33.65611,-71.61333,4.538461538461538,10.0
2001-05-23,330031.0,"Juan Fernández, Estación Meteorológica.",-33.63583,-78.83305,3.2,6.0
2001-05-23,340031.0,"General Freire, Curicó Ad.",-34.96944,-71.21694,4.6,8.0
2001-05-23,360011.0,"General Bernardo O'Higgins, Chillán Ad.",-36.58583,-72.03667,1.6666666666666667,2.0
2001-05-23,360019.0,"Carriel Sur, Concepción Ap.",-36.78055,-73.06639,3.25,7.0
2001-05-23,370033.0,"María Dolores, Los Angeles Ad.",-37.39694,-72.42389,2.25,3.0
2001-05-23,380013.0,"Maquehue, Temuco Ad.",-38.76778,-72.63194,4.75,8.0
2001-05-23,390006.0,"Pichoy, Valdivia Ad.",-39.65667,-73.08722,10.0,17.0
2001-05-23,400009.0,"Cañal Bajo,  Osorno Ad.",-40.61444,-73.0575,7.6923076923076925,10.0
2001-05-23,410005.0,El Tepual  Puerto Montt Ap.,-41.4475,-73.09583,9.458333333333334,13.0
2001-05-23,430001.0,Quellón Ad.,-43.13361,-73.63278,12.6,18.0
2001-05-23,430002.0,Futaleufú Ad.,-43.18889,-71.85222,5.6,18.0
2001-05-23,450001.0,Puerto Aysén Ad.,-45.39944,-72.67722,5.25,8.0
2001-05-23,450004.0,"Teniente Vidal, Coyhaique Ad.",-45.59083,-72.10222,5.8,9.0
2001-05-23,450005.0,Balmaceda Ad.,-45.91833,-71.67778,8.75,17.0
2001-05-23,520006.0,"Carlos Ibañez, Punta Arenas Ap.",-53.00167,-70.83861,15.833333333333334,29.0
2001-05-23,530005.0,"Fuentes Martínez, Porvenir Ad.",-53.25361,-70.32611,15.909090909090908,28.0
2001-05-23,550001.0,"Guardiamarina Zañartu, Pto Williams Ad.",-54.93167,-67.61556,3.4444444444444446,8.0
2001-05-23,950001.0,"C.M.A. Eduardo Frei Montalva, Antártica ",-62.19194,-58.97972,13.2,28.0
2001-05-24,180005.0,"Chacalluta, Arica Ap.",-18.35555,-70.34028,5.416666666666667,13.0
2001-05-24,200006.0,Diego Aracena Iquique Ap.,-20.54917,-70.18111,5.208333333333333,11.0
2001-05-24,220002.0,"El Loa, Calama Ad.",-22.49806,-68.8925,13.125,21.0
2001-05-24,270001.0,Mataveri  Isla de Pascua Ap.,-27.15889,-109.4325,14.833333333333334,20.0
2001-05-24,290004.0,"La Florida, La Serena Ad.",-29.91444,-71.20667,3.764705882352941,5.0
2001-05-24,330007.0,"Rodelillo, Ad.",-33.06528,-71.55639,3.090909090909091,4.0
2001-05-24,330019.0,"Eulogio Sánchez, Tobalaba Ad.",-33.45528,-70.54861,0.0,0.0
2001-05-24,330020.0,"Quinta Normal, Santiago",-33.445,-70.68278,1.6,4.0
2001-05-24,330021.0,Pudahuel Santiago ,-33.37833,-70.78778,3.2413793103448274,7.0
2001-05-24,330030.0,"Santo Domingo, Ad.",-33.65611,-71.61333,2.6153846153846154,8.0
2001-05-24,330031.0,"Juan Fernández, Estación Meteorológica.",-33.63583,-78.83305,6.0,10.0
2001-05-24,340031.0,"General Freire, Curicó Ad.",-34.96944,-71.21694,4.2,10.0
2001-05-24,360011.0,"General Bernardo O'Higgins, Chillán Ad.",-36.58583,-72.03667,6.0,8.0
2001-05-24,360019.0,"Carriel Sur, Concepción Ap.",-36.78055,-73.06639,8.5,21.0
2001-05-24,370033.0,"María Dolores, Los Angeles Ad.",-37.39694,-72.42389,8.0,12.0
2001-05-24,380013.0,"Maquehue, Temuco Ad.",-38.76778,-72.63194,6.666666666666667,12.0
2001-05-24,390006.0,"Pichoy, Valdivia Ad.",-39.65667,-73.08722,12.5,16.0
2001-05-24,400009.0,"Cañal Bajo,  Osorno Ad.",-40.61444,-73.0575,9.923076923076923,13.0
2001-05-24,410005.0,El Tepual  Puerto Montt Ap.,-41.4475,-73.09583,16.347826086956523,20.0
2001-05-24,430001.0,Quellón Ad.,-43.13361,-73.63278,10.6,14.0
2001-05-24,430002.0,Futaleufú Ad.,-43.18889,-71.85222,7.6,16.0
2001-05-24,450001.0,Puerto Aysén Ad.,-45.39944,-72.67722,8.75,18.0
2001-05-24,450004.0,"Teniente Vidal, Coyhaique Ad.",-45.59083,-72.10222,8.0,13.0
2001-05-24,450005.0,Balmaceda Ad.,-45.91833,-71.67778,10.416666666666666,20.0
2001-05-24,520006.0,"Carlos Ibañez, Punta Arenas Ap.",-53.00167,-70.83861,11.166666666666666,22.0
2001-05-24,530005.0,"Fuentes Martínez, Porvenir Ad.",-53.25361,-70.32611,11.545454545454545,17.0
2001-05-24,550001.0,"Guardiamarina Zañartu, Pto Williams Ad.",-54.93167,-67.61556,3.111111111111111,7.0
2001-05-24,950001.0,"C.M.A. Eduardo Frei Montalva, Antártica ",-62.19194,-58.97972,14.0,23.0
2001-05-25,180005.0,"Chacalluta, Arica Ap.",-18.35555,-70.34028,5.041666666666667,10.0
2001-05-25,200006.0,Diego Aracena Iquique Ap.,-20.54917,-70.18111,7.416666666666667,10.0
2001-05-25,220002.0,"El Loa, Calama Ad.",-22.49806,-68.8925,15.375,25.0
2001-05-25,270001.0,Mataveri  Isla de Pascua Ap.,-27.15889,-109.4325,12.5,18.0
2001-05-25,290004.0,"La Florida, La Serena Ad.",-29.91444,-71.20667,4.9411764705882355,9.0
2001-05-25,330007.0,"Rodelillo, Ad.",-33.06528,-71.55639,3.5454545454545454,6.0
2001-05-25,330019.0,"Eulogio Sánchez, Tobalaba Ad.",-33.45528,-70.54861,0.0,0.0
2001-05-25,330020.0,"Quinta Normal, Santiago",-33.445,-70.68278,1.6,3.0
2001-05-25,330021.0,Pudahuel Santiago ,-33.37833,-70.78778,2.76,7.0
2001-05-25,330030.0,"Santo Domingo, Ad.",-33.65611,-71.61333,2.3846153846153846,5.0
2001-05-25,330031.0,"Juan Fernández, Estación Meteorológica.",-33.63583,-78.83305,4.6,8.0
2001-05-25,340031.0,"General Freire, Curicó Ad.",-34.96944,-71.21694,6.3,8.0
2001-05-25,360011.0,"General Bernardo O'Higgins, Chillán Ad.",-36.58583,-72.03667,13.333333333333334,14.0
2001-05-25,360019.0,"Carriel Sur, Concepción Ap.",-36.78055,-73.06639,17.458333333333332,23.0
2001-05-25,370033.0,"María Dolores, Los Angeles Ad.",-37.39694,-72.42389,12.25,17.0
2001-05-25,380013.0,"Maquehue, Temuco Ad.",-38.76778,-72.63194,6.25,10.0
2001-05-25,390006.0,"Pichoy, Valdivia Ad.",-39.65667,-73.08722,3.0,4.0
2001-05-25,400009.0,"Cañal Bajo,  Osorno Ad.",-40.61444,-73.0575,2.8461538461538463,8.0
2001-05-25,410005.0,El Tepual  Puerto Montt Ap.,-41.4475,-73.09583,5.083333333333333,12.0
2001-05-25,430001.0,Quellón Ad.,-43.13361,-73.63278,5.4,6.0
2001-05-25,430002.0,Futaleufú Ad.,-43.18889,-71.85222,3.4,6.0
2001-05-25,450001.0,Puerto Aysén Ad.,-45.39944,-72.67722,4.25,8.0
2001-05-25,450004.0,"Teniente Vidal, Coyhaique Ad.",-45.59083,-72.10222,6.6,12.0
2001-05-25,450005.0,Balmaceda Ad.,-45.91833,-71.67778,13.625,19.0
2001-05-25,520006.0,"Carlos Ibañez, Punta Arenas Ap.",-53.00167,-70.83861,13.458333333333334,20.0
2001-05-25,530005.0,"Fuentes Martínez, Porvenir Ad.",-53.25361,-70.32611,13.363636363636363,20.0
2001-05-25,550001.0,"Guardiamarina Zañartu, Pto Williams Ad.",-54.93167,-67.61556,12.25,17.0
2001-05-25,950001.0,"C.M.A. Eduardo Frei Montalva, Antártica ",-62.19194,-58.97972,36.0,50.0
2001-05-26,180005.0,"Chacalluta, Arica Ap.",-18.35555,-70.34028,6.75,13.0
2001-05-26,200006.0,Diego Aracena Iquique Ap.,-20.54917,-70.18111,6.375,13.0
2001-05-26,220002.0,"El Loa, Calama Ad.",-22.49806,-68.8925,14.0,25.0
2001-05-26,270001.0,Mataveri  Isla de Pascua Ap.,-27.15889,-109.4325,6.166666666666667,8.0
2001-05-26,290004.0,"La Florida, La Serena Ad.",-29.91444,-71.20667,5.647058823529412,11.0
2001-05-26,330007.0,"Rodelillo, Ad.",-33.06528,-71.55639,5.363636363636363,8.0
2001-05-26,330019.0,"Eulogio Sánchez, Tobalaba Ad.",-33.45528,-70.54861,0.0,0.0
2001-05-26,330020.0,"Quinta Normal, Santiago",-33.445,-70.68278,0.8,2.0
2001-05-26,330021.0,Pudahuel Santiago ,-33.37833,-70.78778,3.2,6.0
2001-05-26,330030.0,"Santo Domingo, Ad.",-33.65611,-71.61333,4.076923076923077,7.0
2001-05-26,330031.0,"Juan Fernández, Estación Meteorológica.",-33.63583,-78.83305,10.75,15.0
2001-05-26,340031.0,"General Freire, Curicó Ad.",-34.96944,-71.21694,6.0,10.0
2001-05-26,360011.0,"General Bernardo O'Higgins, Chillán Ad.",-36.58583,-72.03667,16.333333333333332,23.0
2001-05-26,360019.0,"Carriel Sur, Concepción Ap.",-36.78055,-73.06639,14.666666666666666,32.0
2001-05-26,370033.0,"María Dolores, Los Angeles Ad.",-37.39694,-72.42389,16.5,20.0
2001-05-26,380013.0,"Maquehue, Temuco Ad.",-38.76778,-72.63194,7.961538461538462,18.0
2001-05-26,390006.0,"Pichoy, Valdivia Ad.",-39.65667,-73.08722,2.2,5.0
2001-05-26,400009.0,"Cañal Bajo,  Osorno Ad.",-40.61444,-73.0575,2.466666666666667,6.0
2001-05-26,410005.0,El Tepual  Puerto Montt Ap.,-41.4475,-73.09583,2.4166666666666665,6.0
2001-05-26,430001.0,Quellón Ad.,-43.13361,-73.63278,3.1,4.0
2001-05-26,430002.0,Futaleufú Ad.,-43.18889,-71.85222,0.6,3.0
2001-05-26,450004.0,"Teniente Vidal, Coyhaique Ad.",-45.59083,-72.10222,4.8,9.0
2001-05-26,450005.0,Balmaceda Ad.,-45.91833,-71.67778,13.333333333333334,17.0
2001-05-26,520006.0,"Carlos Ibañez, Punta Arenas Ap.",-53.00167,-70.83861,13.5,18.0
2001-05-26,530005.0,"Fuentes Martínez, Porvenir Ad.",-53.25361,-70.32611,16.272727272727273,20.0
2001-05-26,950001.0,"C.M.A. Eduardo Frei Montalva, Antártica ",-62.19194,-58.97972,14.375,34.0
2001-05-27,180005.0,"Chacalluta, Arica Ap.",-18.35555,-70.34028,6.541666666666667,11.0
2001-05-27,200006.0,Diego Aracena Iquique Ap.,-20.54917,-70.18111,4.125,8.0
2001-05-27,220002.0,"El Loa, Calama Ad.",-22.49806,-68.8925,12.181818181818182,24.0
2001-05-27,270001.0,Mataveri  Isla de Pascua Ap.,-27.15889,-109.4325,9.333333333333334,12.0
2001-05-27,290004.0,"La Florida, La Serena Ad.",-29.91444,-71.20667,5.529411764705882,9.0
2001-05-27,330007.0,"Rodelillo, Ad.",-33.06528,-71.55639,2.909090909090909,7.0
2001-05-27,330019.0,"Eulogio Sánchez, Tobalaba Ad.",-33.45528,-70.54861,0.45454545454545453,3.0
2001-05-27,330020.0,"Quinta Normal, Santiago",-33.445,-70.68278,2.0,6.0
2001-05-27,330021.0,Pudahuel Santiago ,-33.37833,-70.78778,3.0833333333333335,10.0
2001-05-27,330030.0,"Santo Domingo, Ad.",-33.65611,-71.61333,1.5384615384615385,6.0
2001-05-27,330031.0,"Juan Fernández, Estación Meteorológica.",-33.63583,-78.83305,9.5,10.0
2001-05-27,340031.0,"General Freire, Curicó Ad.",-34.96944,-71.21694,4.0,7.0
2001-05-27,360011.0,"General Bernardo O'Higgins, Chillán Ad.",-36.58583,-72.03667,10.333333333333334,11.0
2001-05-27,360019.0,"Carriel Sur, Concepción Ap.",-36.78055,-73.06639,15.458333333333334,28.0
2001-05-27,370033.0,"María Dolores, Los Angeles Ad.",-37.39694,-72.42389,17.25,24.0
2001-05-27,380013.0,"Maquehue, Temuco Ad.",-38.76778,-72.63194,8.125,12.0
2001-05-27,390006.0,"Pichoy, Valdivia Ad.",-39.65667,-73.08722,15.5,27.0
2001-05-27,400009.0,"Cañal Bajo,  Osorno Ad.",-40.61444,-73.0575,10.142857142857142,18.0
2001-05-27,410005.0,El Tepual  Puerto Montt Ap.,-41.4475,-73.09583,7.541666666666667,18.0
2001-05-27,430001.0,Quellón Ad.,-43.13361,-73.63278,6.1,12.0
2001-05-27,430002.0,Futaleufú Ad.,-43.18889,-71.85222,0.0,0.0
2001-05-27,450004.0,"Teniente Vidal, Coyhaique Ad.",-45.59083,-72.10222,4.6,7.0
2001-05-27,450005.0,Balmaceda Ad.,-45.91833,-71.67778,4.708333333333333,13.0
2001-05-27,520006.0,"Carlos Ibañez, Punta Arenas Ap.",-53.00167,-70.83861,11.375,16.0
2001-05-27,950001.0,"C.M.A. Eduardo Frei Montalva, Antártica ",-62.19194,-58.97972,13.75,20.0
2001-05-28,180005.0,"Chacalluta, Arica Ap.",-18.35555,-70.34028,6.125,12.0
2001-05-28,200006.0,Diego Aracena Iquique Ap.,-20.54917,-70.18111,7.0,15.0
2001-05-28,220002.0,"El Loa, Calama Ad.",-22.49806,-68.8925,13.875,26.0
2001-05-28,270001.0,Mataveri  Isla de Pascua Ap.,-27.15889,-109.4325,10.666666666666666,12.0
2001-05-28,290004.0,"La Florida, La Serena Ad.",-29.91444,-71.20667,5.176470588235294,8.0
2001-05-28,330007.0,"Rodelillo, Ad.",-33.06528,-71.55639,9.636363636363637,13.0
2001-05-28,330019.0,"Eulogio Sánchez, Tobalaba Ad.",-33.45528,-70.54861,0.45454545454545453,3.0
2001-05-28,330020.0,"Quinta Normal, Santiago",-33.445,-70.68278,2.8,6.0
2001-05-28,330021.0,Pudahuel Santiago ,-33.37833,-70.78778,3.2413793103448274,10.0
2001-05-28,330030.0,"Santo Domingo, Ad.",-33.65611,-71.61333,6.769230769230769,11.0
2001-05-28,330031.0,"Juan Fernández, Estación Meteorológica.",-33.63583,-78.83305,7.2,10.0
2001-05-28,340031.0,"General Freire, Curicó Ad.",-34.96944,-71.21694,12.4,18.0
2001-05-28,360011.0,"General Bernardo O'Higgins, Chillán Ad.",-36.58583,-72.03667,5.0,5.0
2001-05-28,360019.0,"Carriel Sur, Concepción Ap.",-36.78055,-73.06639,11.875,17.0
2001-05-28,370033.0,"María Dolores, Los Angeles Ad.",-37.39694,-72.42389,11.75,16.0
2001-05-28,380013.0,"Maquehue, Temuco Ad.",-38.76778,-72.63194,8.916666666666666,14.0
2001-05-28,390006.0,"Pichoy, Valdivia Ad.",-39.65667,-73.08722,20.75,28.0
2001-05-28,400009.0,"Cañal Bajo,  Osorno Ad.",-40.61444,-73.0575,9.307692307692308,15.0
2001-05-28,410005.0,El Tepual  Puerto Montt Ap.,-41.4475,-73.09583,13.208333333333334,20.0
2001-05-28,430001.0,Quellón Ad.,-43.13361,-73.63278,6.5,8.0
2001-05-28,430002.0,Futaleufú Ad.,-43.18889,-71.85222,3.25,10.0
2001-05-28,450001.0,Puerto Aysén Ad.,-45.39944,-72.67722,4.25,8.0
2001-05-28,450004.0,"Teniente Vidal, Coyhaique Ad.",-45.59083,-72.10222,3.8,7.0
2001-05-28,450005.0,Balmaceda Ad.,-45.91833,-71.67778,7.375,19.0
2001-05-28,520006.0,"Carlos Ibañez, Punta Arenas Ap.",-53.00167,-70.83861,6.037037037037037,17.0
2001-05-28,530005.0,"Fuentes Martínez, Porvenir Ad.",-53.25361,-70.32611,7.545454545454546,20.0
2001-05-28,550001.0,"Guardiamarina Zañartu, Pto Williams Ad.",-54.93167,-67.61556,8.555555555555555,13.0
2001-05-28,950001.0,"C.M.A. Eduardo Frei Montalva, Antártica ",-62.19194,-58.97972,12.25,19.0
2001-05-29,180005.0,"Chacalluta, Arica Ap.",-18.35555,-70.34028,5.458333333333333,13.0
2001-05-29,200006.0,Diego Aracena Iquique Ap.,-20.54917,-70.18111,5.875,11.0
2001-05-29,220002.0,"El Loa, Calama Ad.",-22.49806,-68.8925,14.6875,25.0
2001-05-29,270001.0,Mataveri  Isla de Pascua Ap.,-27.15889,-109.4325,10.666666666666666,15.0
2001-05-29,290004.0,"La Florida, La Serena Ad.",-29.91444,-71.20667,5.117647058823529,10.0
2001-05-29,330007.0,"Rodelillo, Ad.",-33.06528,-71.55639,0.45454545454545453,3.0
2001-05-29,330019.0,"Eulogio Sánchez, Tobalaba Ad.",-33.45528,-70.54861,0.9090909090909091,2.0
2001-05-29,330020.0,"Quinta Normal, Santiago",-33.445,-70.68278,2.6,4.0
2001-05-29,330021.0,Pudahuel Santiago ,-33.37833,-70.78778,5.84,9.0
2001-05-29,330030.0,"Santo Domingo, Ad.",-33.65611,-71.61333,5.0,10.0
2001-05-29,330031.0,"Juan Fernández, Estación Meteorológica.",-33.63583,-78.83305,4.2,8.0
2001-05-29,340031.0,"General Freire, Curicó Ad.",-34.96944,-71.21694,5.1,8.0
2001-05-29,360011.0,"General Bernardo O'Higgins, Chillán Ad.",-36.58583,-72.03667,8.666666666666666,11.0
2001-05-29,360019.0,"Carriel Sur, Concepción Ap.",-36.78055,-73.06639,6.5,11.0
2001-05-29,370033.0,"María Dolores, Los Angeles Ad.",-37.39694,-72.42389,9.0,10.0
2001-05-29,380013.0,"Maquehue, Temuco Ad.",-38.76778,-72.63194,4.208333333333333,8.0
2001-05-29,390006.0,"Pichoy, Valdivia Ad.",-39.65667,-73.08722,7.5,11.0
2001-05-29,400009.0,"Cañal Bajo,  Osorno Ad.",-40.61444,-73.0575,7.846153846153846,15.0
2001-05-29,410005.0,El Tepual  Puerto Montt Ap.,-41.4475,-73.09583,7.75,16.0
2001-05-29,430001.0,Quellón Ad.,-43.13361,-73.63278,7.3,10.0
2001-05-29,430002.0,Futaleufú Ad.,-43.18889,-71.85222,6.4,14.0
2001-05-29,450001.0,Puerto Aysén Ad.,-45.39944,-72.67722,2.0,6.0
2001-05-29,450004.0,"Teniente Vidal, Coyhaique Ad.",-45.59083,-72.10222,5.4,8.0
2001-05-29,450005.0,Balmaceda Ad.,-45.91833,-71.67778,13.875,20.0
2001-05-29,520006.0,"Carlos Ibañez, Punta Arenas Ap.",-53.00167,-70.83861,9.625,16.0
2001-05-29,530005.0,"Fuentes Martínez, Porvenir Ad.",-53.25361,-70.32611,8.181818181818182,15.0
2001-05-29,550001.0,"Guardiamarina Zañartu, Pto Williams Ad.",-54.93167,-67.61556,13.11111111111111,19.0
2001-05-29,950001.0,"C.M.A. Eduardo Frei Montalva, Antártica ",-62.19194,-58.97972,12.0,14.0
2001-05-30,180005.0,"Chacalluta, Arica Ap.",-18.35555,-70.34028,6.041666666666667,15.0
2001-05-30,200006.0,Diego Aracena Iquique Ap.,-20.54917,-70.18111,7.458333333333333,16.0
2001-05-30,220002.0,"El Loa, Calama Ad.",-22.49806,-68.8925,14.9375,23.0
2001-05-30,270001.0,Mataveri  Isla de Pascua Ap.,-27.15889,-109.4325,11.0,13.0
2001-05-30,290004.0,"La Florida, La Serena Ad.",-29.91444,-71.20667,4.411764705882353,8.0
2001-05-30,330007.0,"Rodelillo, Ad.",-33.06528,-71.55639,8.181818181818182,12.0
2001-05-30,330019.0,"Eulogio Sánchez, Tobalaba Ad.",-33.45528,-70.54861,0.36363636363636365,2.0
2001-05-30,330020.0,"Quinta Normal, Santiago",-33.445,-70.68278,2.6,4.0
2001-05-30,330021.0,Pudahuel Santiago ,-33.37833,-70.78778,4.16,9.0
2001-05-30,330030.0,"Santo Domingo, Ad.",-33.65611,-71.61333,3.230769230769231,6.0
2001-05-30,330031.0,"Juan Fernández, Estación Meteorológica.",-33.63583,-78.83305,6.8,8.0
2001-05-30,340031.0,"General Freire, Curicó Ad.",-34.96944,-71.21694,1.0,3.0
2001-05-30,360011.0,"General Bernardo O'Higgins, Chillán Ad.",-36.58583,-72.03667,4.0,5.0
2001-05-30,360019.0,"Carriel Sur, Concepción Ap.",-36.78055,-73.06639,5.333333333333333,14.0
2001-05-30,370033.0,"María Dolores, Los Angeles Ad.",-37.39694,-72.42389,9.75,14.0
2001-05-30,380013.0,"Maquehue, Temuco Ad.",-38.76778,-72.63194,7.291666666666667,13.0
2001-05-30,390006.0,"Pichoy, Valdivia Ad.",-39.65667,-73.08722,10.75,15.0
2001-05-30,400009.0,"Cañal Bajo,  Osorno Ad.",-40.61444,-73.0575,7.285714285714286,11.0
2001-05-30,410005.0,El Tepual  Puerto Montt Ap.,-41.4475,-73.09583,8.625,13.0
2001-05-30,430001.0,Quellón Ad.,-43.13361,-73.63278,7.7,10.0
2001-05-30,430002.0,Futaleufú Ad.,-43.18889,-71.85222,6.6,10.0
2001-05-30,450001.0,Puerto Aysén Ad.,-45.39944,-72.67722,6.5,16.0
2001-05-30,450004.0,"Teniente Vidal, Coyhaique Ad.",-45.59083,-72.10222,5.2,7.0
2001-05-30,450005.0,Balmaceda Ad.,-45.91833,-71.67778,11.25,20.0
2001-05-30,520006.0,"Carlos Ibañez, Punta Arenas Ap.",-53.00167,-70.83861,6.541666666666667,14.0
2001-05-30,530005.0,"Fuentes Martínez, Porvenir Ad.",-53.25361,-70.32611,8.727272727272727,13.0
2001-05-30,550001.0,"Guardiamarina Zañartu, Pto Williams Ad.",-54.93167,-67.61556,11.88888888888889,19.0
2001-05-30,950001.0,"C.M.A. Eduardo Frei Montalva, Antártica ",-62.19194,-58.97972,19.866666666666667,28.0
2001-05-31,180005.0,"Chacalluta, Arica Ap.",-18.35555,-70.34028,5.625,11.0
2001-05-31,200006.0,Diego Aracena Iquique Ap.,-20.54917,-70.18111,6.541666666666667,14.0
2001-05-31,220002.0,"El Loa, Calama Ad.",-22.49806,-68.8925,15.0625,25.0
2001-05-31,270001.0,Mataveri  Isla de Pascua Ap.,-27.15889,-109.4325,7.166666666666667,10.0
2001-05-31,290004.0,"La Florida, La Serena Ad.",-29.91444,-71.20667,4.823529411764706,10.0
2001-05-31,330007.0,"Rodelillo, Ad.",-33.06528,-71.55639,7.2727272727272725,12.0
2001-05-31,330019.0,"Eulogio Sánchez, Tobalaba Ad.",-33.45528,-70.54861,0.0,0.0
2001-05-31,330020.0,"Quinta Normal, Santiago",-33.445,-70.68278,0.8,2.0
2001-05-31,330021.0,Pudahuel Santiago ,-33.37833,-70.78778,2.5,5.0
2001-05-31,330030.0,"Santo Domingo, Ad.",-33.65611,-71.61333,3.4615384615384617,8.0
2001-05-31,330031.0,"Juan Fernández, Estación Meteorológica.",-33.63583,-78.83305,1.8,3.0
2001-05-31,340031.0,"General Freire, Curicó Ad.",-34.96944,-71.21694,2.7,4.0
2001-05-31,360011.0,"General Bernardo O'Higgins, Chillán Ad.",-36.58583,-72.03667,1.6666666666666667,3.0
2001-05-31,360019.0,"Carriel Sur, Concepción Ap.",-36.78055,-73.06639,3.7916666666666665,8.0
2001-05-31,370033.0,"María Dolores, Los Angeles Ad.",-37.39694,-72.42389,3.25,6.0
2001-05-31,380013.0,"Maquehue, Temuco Ad.",-38.76778,-72.63194,2.7083333333333335,7.0
2001-05-31,390006.0,"Pichoy, Valdivia Ad.",-39.65667,-73.08722,3.0,6.0
2001-05-31,400009.0,"Cañal Bajo,  Osorno Ad.",-40.61444,-73.0575,6.6923076923076925,10.0
2001-05-31,410005.0,El Tepual  Puerto Montt Ap.,-41.4475,-73.09583,7.125,13.0
2001-05-31,430001.0,Quellón Ad.,-43.13361,-73.63278,7.1,10.0
2001-05-31,430002.0,Futaleufú Ad.,-43.18889,-71.85222,3.6,10.0
2001-05-31,450001.0,Puerto Aysén Ad.,-45.39944,-72.67722,3.0,8.0
2001-05-31,450004.0,"Teniente Vidal, Coyhaique Ad.",-45.59083,-72.10222,6.2,10.0
2001-05-31,450005.0,Balmaceda Ad.,-45.91833,-71.67778,16.541666666666668,23.0
2001-05-31,520006.0,"Carlos Ibañez, Punta Arenas Ap.",-53.00167,-70.83861,10.166666666666666,19.0
2001-05-31,530005.0,"Fuentes Martínez, Porvenir Ad.",-53.25361,-70.32611,20.272727272727273,28.0
2001-05-31,550001.0,"Guardiamarina Zañartu, Pto Williams Ad.",-54.93167,-67.61556,8.333333333333334,18.0
2001-05-31,950001.0,"C.M.A. Eduardo Frei Montalva, Antártica ",-62.19194,-58.97972,15.0,21.0
2001-06-01,180005.0,"Chacalluta, Arica Ap.",-18.35555,-70.34028,5.166666666666667,12.0
2001-06-01,200006.0,Diego Aracena Iquique Ap.,-20.54917,-70.18111,5.25,12.0
2001-06-01,220002.0,"El Loa, Calama Ad.",-22.49806,-68.8925,13.9375,28.0
2001-06-01,270001.0,Mataveri  Isla de Pascua Ap.,-27.15889,-109.4325,12.5,18.0
2001-06-01,290004.0,"La Florida, La Serena Ad.",-29.91444,-71.20667,5.647058823529412,11.0
2001-06-01,330007.0,"Rodelillo, Ad.",-33.06528,-71.55639,4.090909090909091,5.0
2001-06-01,330019.0,"Eulogio Sánchez, Tobalaba Ad.",-33.45528,-70.54861,0.0,0.0
2001-06-01,330020.0,"Quinta Normal, Santiago",-33.445,-70.68278,0.8,4.0
2001-06-01,330021.0,Pudahuel Santiago ,-33.37833,-70.78778,2.1481481481481484,6.0
2001-06-01,330030.0,"Santo Domingo, Ad.",-33.65611,-71.61333,4.538461538461538,10.0
2001-06-01,330031.0,"Juan Fernández, Estación Meteorológica.",-33.63583,-78.83305,5.4,7.0
2001-06-01,340031.0,"General Freire, Curicó Ad.",-34.96944,-71.21694,1.3,5.0
2001-06-01,360011.0,"General Bernardo O'Higgins, Chillán Ad.",-36.58583,-72.03667,5.0,6.0
2001-06-01,360019.0,"Carriel Sur, Concepción Ap.",-36.78055,-73.06639,5.125,13.0
2001-06-01,370033.0,"María Dolores, Los Angeles Ad.",-37.39694,-72.42389,7.75,13.0
2001-06-01,380013.0,"Maquehue, Temuco Ad.",-38.76778,-72.63194,5.666666666666667,10.0
2001-06-01,390006.0,"Pichoy, Valdivia Ad.",-39.65667,-73.08722,12.0,17.0
2001-06-01,400009.0,"Cañal Bajo,  Osorno Ad.",-40.61444,-73.0575,10.071428571428571,12.0
2001-06-01,410005.0,El Tepual  Puerto Montt Ap.,-41.4475,-73.09583,13.5,23.0
2001-06-01,430001.0,Quellón Ad.,-43.13361,-73.63278,6.7,8.0
2001-06-01,430002.0,Futaleufú Ad.,-43.18889,-71.85222,8.0,16.0
2001-06-01,450001.0,Puerto Aysén Ad.,-45.39944,-72.67722,6.75,14.0
2001-06-01,450004.0,"Teniente Vidal, Coyhaique Ad.",-45.59083,-72.10222,7.2,14.0
2001-06-01,450005.0,Balmaceda Ad.,-45.91833,-71.67778,16.041666666666668,28.0
2001-06-01,520006.0,"Carlos Ibañez, Punta Arenas Ap.",-53.00167,-70.83861,10.458333333333334,24.0
2001-06-01,530005.0,"Fuentes Martínez, Porvenir Ad.",-53.25361,-70.32611,11.818181818181818,17.0
2001-06-01,550001.0,"Guardiamarina Zañartu, Pto Williams Ad.",-54.93167,-67.61556,6.125,12.0
2001-06-01,950001.0,"C.M.A. Eduardo Frei Montalva, Antártica ",-62.19194,-58.97972,23.25,36.0
2001-06-02,180005.0,"Chacalluta, Arica Ap.",-18.35555,-70.34028,4.166666666666667,10.0
2001-06-02,200006.0,Diego Aracena Iquique Ap.,-20.54917,-70.18111,4.5,8.0
2001-06-02,220002.0,"El Loa, Calama Ad.",-22.49806,-68.8925,13.8125,23.0
2001-06-02,270001.0,Mataveri  Isla de Pascua Ap.,-27.15889,-109.4325,14.166666666666666,17.0
2001-06-02,290004.0,"La Florida, La Serena Ad.",-29.91444,-71.20667,5.235294117647059,9.0
2001-06-02,330007.0,"Rodelillo, Ad.",-33.06528,-71.55639,3.3636363636363638,6.0
2001-06-02,330019.0,"Eulogio Sánchez, Tobalaba Ad.",-33.45528,-70.54861,0.2727272727272727,2.0
2001-06-02,330020.0,"Quinta Normal, Santiago",-33.445,-70.68278,0.8,2.0
2001-06-02,330021.0,Pudahuel Santiago ,-33.37833,-70.78778,3.0,6.0
2001-06-02,330030.0,"Santo Domingo, Ad.",-33.65611,-71.61333,3.4615384615384617,6.0
2001-06-02,330031.0,"Juan Fernández, Estación Meteorológica.",-33.63583,-78.83305,6.5,8.0
2001-06-02,340031.0,"General Freire, Curicó Ad.",-34.96944,-71.21694,3.9,11.0
2001-06-02,360011.0,"General Bernardo O'Higgins, Chillán Ad.",-36.58583,-72.03667,4.333333333333333,6.0
2001-06-02,360019.0,"Carriel Sur, Concepción Ap.",-36.78055,-73.06639,6.416666666666667,18.0
2001-06-02,370033.0,"María Dolores, Los Angeles Ad.",-37.39694,-72.42389,2.25,3.0
2001-06-02,380013.0,"Maquehue, Temuco Ad.",-38.76778,-72.63194,4.625,12.0
2001-06-02,390006.0,"Pichoy, Valdivia Ad.",-39.65667,-73.08722,5.0,8.0
2001-06-02,400009.0,"Cañal Bajo,  Osorno Ad.",-40.61444,-73.0575,5.384615384615385,9.0
2001-06-02,410005.0,El Tepual  Puerto Montt Ap.,-41.4475,-73.09583,6.375,13.0
2001-06-02,430001.0,Quellón Ad.,-43.13361,-73.63278,,
2001-06-02,430002.0,Futaleufú Ad.,-43.18889,-71.85222,14.8,20.0
2001-06-02,450004.0,"Teniente Vidal, Coyhaique Ad.",-45.59083,-72.10222,11.4,15.0
2001-06-02,450005.0,Balmaceda Ad.,-45.91833,-71.67778,19.916666666666668,28.0
2001-06-02,520006.0,"Carlos Ibañez, Punta Arenas Ap.",-53.00167,-70.83861,14.423076923076923,20.0
2001-06-02,530005.0,"Fuentes Martínez, Porvenir Ad.",-53.25361,-70.32611,20.727272727272727,30.0
2001-06-02,950001.0,"C.M.A. Eduardo Frei Montalva, Antártica ",-62.19194,-58.97972,41.5,52.0
2001-06-03,180005.0,"Chacalluta, Arica Ap.",-18.35555,-70.34028,4.833333333333333,11.0
2001-06-03,200006.0,Diego Aracena Iquique Ap.,-20.54917,-70.18111,7.375,16.0
2001-06-03,220002.0,"El Loa, Calama Ad.",-22.49806,-68.8925,15.636363636363637,25.0
2001-06-03,270001.0,Mataveri  Isla de Pascua Ap.,-27.15889,-109.4325,9.833333333333334,13.0
2001-06-03,290004.0,"La Florida, La Serena Ad.",-29.91444,-71.20667,5.647058823529412,9.0
2001-06-03,330007.0,"Rodelillo, Ad.",-33.06528,-71.55639,10.181818181818182,14.0
2001-06-03,330019.0,"Eulogio Sánchez, Tobalaba Ad.",-33.45528,-70.54861,0.0,0.0
2001-06-03,330020.0,"Quinta Normal, Santiago",-33.445,-70.68278,0.8,4.0
2001-06-03,330021.0,Pudahuel Santiago ,-33.37833,-70.78778,2.25,7.0
2001-06-03,330030.0,"Santo Domingo, Ad.",-33.65611,-71.61333,5.615384615384615,9.0
2001-06-03,330031.0,"Juan Fernández, Estación Meteorológica.",-33.63583,-78.83305,5.75,8.0
2001-06-03,340031.0,"General Freire, Curicó Ad.",-34.96944,-71.21694,5.1,8.0
2001-06-03,360011.0,"General Bernardo O'Higgins, Chillán Ad.",-36.58583,-72.03667,4.666666666666667,7.0
2001-06-03,360019.0,"Carriel Sur, Concepción Ap.",-36.78055,-73.06639,2.8333333333333335,7.0
2001-06-03,370033.0,"María Dolores, Los Angeles Ad.",-37.39694,-72.42389,3.25,6.0
2001-06-03,380013.0,"Maquehue, Temuco Ad.",-38.76778,-72.63194,6.791666666666667,11.0
2001-06-03,390006.0,"Pichoy, Valdivia Ad.",-39.65667,-73.08722,11.0,13.0
2001-06-03,400009.0,"Cañal Bajo,  Osorno Ad.",-40.61444,-73.0575,5.6923076923076925,9.0
2001-06-03,410005.0,El Tepual  Puerto Montt Ap.,-41.4475,-73.09583,10.375,15.0
2001-06-03,430001.0,Quellón Ad.,-43.13361,-73.63278,,
2001-06-03,430002.0,Futaleufú Ad.,-43.18889,-71.85222,12.0,12.0
2001-06-03,450004.0,"Teniente Vidal, Coyhaique Ad.",-45.59083,-72.10222,5.8,9.0
2001-06-03,450005.0,Balmaceda Ad.,-45.91833,-71.67778,16.125,20.0
2001-06-03,520006.0,"Carlos Ibañez, Punta Arenas Ap.",-53.00167,-70.83861,19.708333333333332,34.0
2001-06-03,950001.0,"C.M.A. Eduardo Frei Montalva, Antártica ",-62.19194,-58.97972,33.25,40.0
2001-06-04,180005.0,"Chacalluta, Arica Ap.",-18.35555,-70.34028,4.541666666666667,14.0
2001-06-04,200006.0,Diego Aracena Iquique Ap.,-20.54917,-70.18111,4.916666666666667,7.0
2001-06-04,220002.0,"El Loa, Calama Ad.",-22.49806,-68.8925,13.4375,22.0
2001-06-04,270001.0,Mataveri  Isla de Pascua Ap.,-27.15889,-109.4325,7.833333333333333,12.0
2001-06-04,290004.0,"La Florida, La Serena Ad.",-29.91444,-71.20667,4.588235294117647,10.0
2001-06-04,330007.0,"Rodelillo, Ad.",-33.06528,-71.55639,11.727272727272727,16.0
2001-06-04,330019.0,"Eulogio Sánchez, Tobalaba Ad.",-33.45528,-70.54861,0.18181818181818182,1.0
2001-06-04,330020.0,"Quinta Normal, Santiago",-33.445,-70.68278,1.4,4.0
2001-06-04,330021.0,Pudahuel Santiago ,-33.37833,-70.78778,2.04,9.0
2001-06-04,330030.0,"Santo Domingo, Ad.",-33.65611,-71.61333,7.0,12.0
2001-06-04,330031.0,"Juan Fernández, Estación Meteorológica.",-33.63583,-78.83305,6.0,8.0
2001-06-04,340031.0,"General Freire, Curicó Ad.",-34.96944,-71.21694,3.7,6.0
2001-06-04,360011.0,"General Bernardo O'Higgins, Chillán Ad.",-36.58583,-72.03667,3.3333333333333335,4.0
2001-06-04,360019.0,"Carriel Sur, Concepción Ap.",-36.78055,-73.06639,3.7083333333333335,11.0
2001-06-04,370033.0,"María Dolores, Los Angeles Ad.",-37.39694,-72.42389,7.5,10.0
2001-06-04,380013.0,"Maquehue, Temuco Ad.",-38.76778,-72.63194,5.666666666666667,10.0
2001-06-04,390006.0,"Pichoy, Valdivia Ad.",-39.65667,-73.08722,8.0,17.0
2001-06-04,400009.0,"Cañal Bajo,  Osorno Ad.",-40.61444,-73.0575,6.285714285714286,9.0
2001-06-04,410005.0,El Tepual  Puerto Montt Ap.,-41.4475,-73.09583,7.625,11.0
2001-06-04,430001.0,Quellón Ad.,-43.13361,-73.63278,5.1,6.0
2001-06-04,430002.0,Futaleufú Ad.,-43.18889,-71.85222,4.5,14.0
2001-06-04,450001.0,Puerto Aysén Ad.,-45.39944,-72.67722,6.5,12.0
2001-06-04,450004.0,"Teniente Vidal, Coyhaique Ad.",-45.59083,-72.10222,3.6,8.0
2001-06-04,450005.0,Balmaceda Ad.,-45.91833,-71.67778,16.25,20.0
2001-06-04,520006.0,"Carlos Ibañez, Punta Arenas Ap.",-53.00167,-70.83861,12.11111111111111,20.0
2001-06-04,530005.0,"Fuentes Martínez, Porvenir Ad.",-53.25361,-70.32611,13.818181818181818,15.0
2001-06-04,550001.0,"Guardiamarina Zañartu, Pto Williams Ad.",-54.93167,-67.61556,7.111111111111111,19.0
2001-06-04,950001.0,"C.M.A. Eduardo Frei Montalva, Antártica ",-62.19194,-58.97972,10.454545454545455,23.0
2001-06-05,180005.0,"Chacalluta, Arica Ap.",-18.35555,-70.34028,6.708333333333333,14.0
2001-06-05,200006.0,Diego Aracena Iquique Ap.,-20.54917,-70.18111,6.833333333333333,16.0
2001-06-05,220002.0,"El Loa, Calama Ad.",-22.49806,-68.8925,11.0,24.0
2001-06-05,270001.0,Mataveri  Isla de Pascua Ap.,-27.15889,-109.4325,6.333333333333333,9.0
2001-06-05,290004.0,"La Florida, La Serena Ad.",-29.91444,-71.20667,5.411764705882353,8.0
2001-06-05,330007.0,"Rodelillo, Ad.",-33.06528,-71.55639,4.818181818181818,7.0
2001-06-05,330019.0,"Eulogio Sánchez, Tobalaba Ad.",-33.45528,-70.54861,0.0,0.0
2001-06-05,330020.0,"Quinta Normal, Santiago",-33.445,-70.68278,1.6,4.0
2001-06-05,330021.0,Pudahuel Santiago ,-33.37833,-70.78778,2.8076923076923075,7.0
2001-06-05,330030.0,"Santo Domingo, Ad.",-33.65611,-71.61333,3.3076923076923075,7.0
2001-06-05,330031.0,"Juan Fernández, Estación Meteorológica.",-33.63583,-78.83305,5.8,7.0
2001-06-05,340031.0,"General Freire, Curicó Ad.",-34.96944,-71.21694,1.3,3.0
2001-06-05,360011.0,"General Bernardo O'Higgins, Chillán Ad.",-36.58583,-72.03667,7.333333333333333,10.0
2001-06-05,360019.0,"Carriel Sur, Concepción Ap.",-36.78055,-73.06639,6.125,11.0
2001-06-05,370033.0,"María Dolores, Los Angeles Ad.",-37.39694,-72.42389,9.25,13.0
2001-06-05,380013.0,"Maquehue, Temuco Ad.",-38.76778,-72.63194,5.333333333333333,11.0
2001-06-05,390006.0,"Pichoy, Valdivia Ad.",-39.65667,-73.08722,13.5,17.0
2001-06-05,400009.0,"Cañal Bajo,  Osorno Ad.",-40.61444,-73.0575,8.066666666666666,12.0
2001-06-05,410005.0,El Tepual  Puerto Montt Ap.,-41.4475,-73.09583,10.625,18.0
2001-06-05,430001.0,Quellón Ad.,-43.13361,-73.63278,5.9,7.0
2001-06-05,430002.0,Futaleufú Ad.,-43.18889,-71.85222,3.2,8.0
2001-06-05,450001.0,Puerto Aysén Ad.,-45.39944,-72.67722,2.75,6.0
2001-06-05,450004.0,"Teniente Vidal, Coyhaique Ad.",-45.59083,-72.10222,5.0,8.0
2001-06-05,450005.0,Balmaceda Ad.,-45.91833,-71.67778,9.041666666666666,22.0
2001-06-05,520006.0,"Carlos Ibañez, Punta Arenas Ap.",-53.00167,-70.83861,8.708333333333334,18.0
2001-06-05,530005.0,"Fuentes Martínez, Porvenir Ad.",-53.25361,-70.32611,7.181818181818182,15.0
2001-06-05,550001.0,"Guardiamarina Zañartu, Pto Williams Ad.",-54.93167,-67.61556,12.444444444444445,17.0
2001-06-05,950001.0,"C.M.A. Eduardo Frei Montalva, Antártica ",-62.19194,-58.97972,9.9,20.0
2001-06-06,180005.0,"Chacalluta, Arica Ap.",-18.35555,-70.34028,4.875,12.0
2001-06-06,200006.0,Diego Aracena Iquique Ap.,-20.54917,-70.18111,6.208333333333333,12.0
2001-06-06,220002.0,"El Loa, Calama Ad.",-22.49806,-68.8925,12.4375,22.0
2001-06-06,270001.0,Mataveri  Isla de Pascua Ap.,-27.15889,-109.4325,3.3333333333333335,6.0
2001-06-06,290004.0,"La Florida, La Serena Ad.",-29.91444,-71.20667,4.647058823529412,10.0
2001-06-06,330007.0,"Rodelillo, Ad.",-33.06528,-71.55639,4.454545454545454,8.0
2001-06-06,330019.0,"Eulogio Sánchez, Tobalaba Ad.",-33.45528,-70.54861,0.6363636363636364,2.0
2001-06-06,330020.0,"Quinta Normal, Santiago",-33.445,-70.68278,2.2,5.0
2001-06-06,330021.0,Pudahuel Santiago ,-33.37833,-70.78778,3.5,9.0
2001-06-06,330030.0,"Santo Domingo, Ad.",-33.65611,-71.61333,4.615384615384615,10.0
2001-06-06,330031.0,"Juan Fernández, Estación Meteorológica.",-33.63583,-78.83305,6.0,10.0
2001-06-06,340031.0,"General Freire, Curicó Ad.",-34.96944,-71.21694,2.3,5.0
2001-06-06,360011.0,"General Bernardo O'Higgins, Chillán Ad.",-36.58583,-72.03667,7.666666666666667,8.0
2001-06-06,360019.0,"Carriel Sur, Concepción Ap.",-36.78055,-73.06639,13.583333333333334,20.0
2001-06-06,370033.0,"María Dolores, Los Angeles Ad.",-37.39694,-72.42389,18.5,22.0
2001-06-06,380013.0,"Maquehue, Temuco Ad.",-38.76778,-72.63194,7.458333333333333,14.0
2001-06-06,390006.0,"Pichoy, Valdivia Ad.",-39.65667,-73.08722,11.5,19.0
2001-06-06,400009.0,"Cañal Bajo,  Osorno Ad.",-40.61444,-73.0575,6.285714285714286,9.0
2001-06-06,410005.0,El Tepual  Puerto Montt Ap.,-41.4475,-73.09583,8.333333333333334,12.0
2001-06-06,430001.0,Quellón Ad.,-43.13361,-73.63278,6.9,10.0
2001-06-06,430002.0,Futaleufú Ad.,-43.18889,-71.85222,1.8,6.0
2001-06-06,450001.0,Puerto Aysén Ad.,-45.39944,-72.67722,4.75,14.0
2001-06-06,450004.0,"Teniente Vidal, Coyhaique Ad.",-45.59083,-72.10222,4.8,7.0
2001-06-06,450005.0,Balmaceda Ad.,-45.91833,-71.67778,11.083333333333334,19.0
2001-06-06,520006.0,"Carlos Ibañez, Punta Arenas Ap.",-53.00167,-70.83861,6.291666666666667,10.0
2001-06-06,530005.0,"Fuentes Martínez, Porvenir Ad.",-53.25361,-70.32611,14.818181818181818,20.0
2001-06-06,550001.0,"Guardiamarina Zañartu, Pto Williams Ad.",-54.93167,-67.61556,3.4444444444444446,9.0
2001-06-06,950001.0,"C.M.A. Eduardo Frei Montalva, Antártica ",-62.19194,-58.97972,17.25,36.0
2001-06-07,180005.0,"Chacalluta, Arica Ap.",-18.35555,-70.34028,2.625,8.0
2001-06-07,200006.0,Diego Aracena Iquique Ap.,-20.54917,-70.18111,4.041666666666667,7.0
2001-06-07,220002.0,"El Loa, Calama Ad.",-22.49806,-68.8925,15.0,26.0
2001-06-07,270001.0,Mataveri  Isla de Pascua Ap.,-27.15889,-109.4325,4.666666666666667,7.0
2001-06-07,290004.0,"La Florida, La Serena Ad.",-29.91444,-71.20667,6.882352941176471,10.0
2001-06-07,330007.0,"Rodelillo, Ad.",-33.06528,-71.55639,6.7272727272727275,12.0
2001-06-07,330019.0,"Eulogio Sánchez, Tobalaba Ad.",-33.45528,-70.54861,0.0,0.0
2001-06-07,330020.0,"Quinta Normal, Santiago",-33.445,-70.68278,0.8,2.0
2001-06-07,330021.0,Pudahuel Santiago ,-33.37833,-70.78778,2.2916666666666665,7.0
2001-06-07,330030.0,"Santo Domingo, Ad.",-33.65611,-71.61333,4.153846153846154,9.0
2001-06-07,330031.0,"Juan Fernández, Estación Meteorológica.",-33.63583,-78.83305,5.8,7.0
2001-06-07,340031.0,"General Freire, Curicó Ad.",-34.96944,-71.21694,3.3,8.0
2001-06-07,360011.0,"General Bernardo O'Higgins, Chillán Ad.",-36.58583,-72.03667,2.0,4.0
2001-06-07,360019.0,"Carriel Sur, Concepción Ap.",-36.78055,-73.06639,6.708333333333333,12.0
2001-06-07,370033.0,"María Dolores, Los Angeles Ad.",-37.39694,-72.42389,6.25,8.0
2001-06-07,380013.0,"Maquehue, Temuco Ad.",-38.76778,-72.63194,7.833333333333333,13.0
2001-06-07,390006.0,"Pichoy, Valdivia Ad.",-39.65667,-73.08722,11.0,17.0
2001-06-07,400009.0,"Cañal Bajo,  Osorno Ad.",-40.61444,-73.0575,5.466666666666667,10.0
2001-06-07,410005.0,El Tepual  Puerto Montt Ap.,-41.4475,-73.09583,5.875,12.0
2001-06-07,430001.0,Quellón Ad.,-43.13361,-73.63278,5.8,8.0
2001-06-07,430002.0,Futaleufú Ad.,-43.18889,-71.85222,4.8,10.0
2001-06-07,450001.0,Puerto Aysén Ad.,-45.39944,-72.67722,3.0,8.0
2001-06-07,450004.0,"Teniente Vidal, Coyhaique Ad.",-45.59083,-72.10222,5.0,10.0
2001-06-07,450005.0,Balmaceda Ad.,-45.91833,-71.67778,8.583333333333334,17.0
2001-06-07,520006.0,"Carlos Ibañez, Punta Arenas Ap.",-53.00167,-70.83861,3.90625,7.0
2001-06-07,530005.0,"Fuentes Martínez, Porvenir Ad.",-53.25361,-70.32611,6.545454545454546,10.0
2001-06-07,550001.0,"Guardiamarina Zañartu, Pto Williams Ad.",-54.93167,-67.61556,1.5555555555555556,5.0
2001-06-07,950001.0,"C.M.A. Eduardo Frei Montalva, Antártica ",-62.19194,-58.97972,11.625,16.0
2001-06-08,180005.0,"Chacalluta, Arica Ap.",-18.35555,-70.34028,2.7083333333333335,7.0
2001-06-08,200006.0,Diego Aracena Iquique Ap.,-20.54917,-70.18111,3.8333333333333335,8.0
2001-06-08,220002.0,"El Loa, Calama Ad.",-22.49806,-68.8925,16.25,27.0
2001-06-08,270001.0,Mataveri  Isla de Pascua Ap.,-27.15889,-109.4325,9.5,13.0
2001-06-08,290004.0,"La Florida, La Serena Ad.",-29.91444,-71.20667,5.166666666666667,13.0
2001-06-08,330007.0,"Rodelillo, Ad.",-33.06528,-71.55639,7.2727272727272725,14.0
2001-06-08,330019.0,"Eulogio Sánchez, Tobalaba Ad.",-33.45528,-70.54861,0.0,0.0
2001-06-08,330020.0,"Quinta Normal, Santiago",-33.445,-70.68278,1.0,2.0
2001-06-08,330021.0,Pudahuel Santiago ,-33.37833,-70.78778,2.5416666666666665,7.0
2001-06-08,330030.0,"Santo Domingo, Ad.",-33.65611,-71.61333,1.7692307692307692,7.0
2001-06-08,330031.0,"Juan Fernández, Estación Meteorológica.",-33.63583,-78.83305,5.4,7.0
2001-06-08,340031.0,"General Freire, Curicó Ad.",-34.96944,-71.21694,3.2,5.0
2001-06-08,360011.0,"General Bernardo O'Higgins, Chillán Ad.",-36.58583,-72.03667,3.3333333333333335,4.0
2001-06-08,360019.0,"Carriel Sur, Concepción Ap.",-36.78055,-73.06639,2.5416666666666665,6.0
2001-06-08,370033.0,"María Dolores, Los Angeles Ad.",-37.39694,-72.42389,4.0,6.0
2001-06-08,380013.0,"Maquehue, Temuco Ad.",-38.76778,-72.63194,5.0,11.0
2001-06-08,390006.0,"Pichoy, Valdivia Ad.",-39.65667,-73.08722,3.0,5.0
2001-06-08,400009.0,"Cañal Bajo,  Osorno Ad.",-40.61444,-73.0575,1.8461538461538463,6.0
2001-06-08,410005.0,El Tepual  Puerto Montt Ap.,-41.4475,-73.09583,4.833333333333333,9.0
2001-06-08,430001.0,Quellón Ad.,-43.13361,-73.63278,3.3,4.0
2001-06-08,430002.0,Futaleufú Ad.,-43.18889,-71.85222,4.2,6.0
2001-06-08,450001.0,Puerto Aysén Ad.,-45.39944,-72.67722,2.5,6.0
2001-06-08,450004.0,"Teniente Vidal, Coyhaique Ad.",-45.59083,-72.10222,4.4,7.0
2001-06-08,450005.0,Balmaceda Ad.,-45.91833,-71.67778,11.833333333333334,16.0
2001-06-08,520006.0,"Carlos Ibañez, Punta Arenas Ap.",-53.00167,-70.83861,9.583333333333334,16.0
2001-06-08,530005.0,"Fuentes Martínez, Porvenir Ad.",-53.25361,-70.32611,9.636363636363637,13.0
2001-06-08,550001.0,"Guardiamarina Zañartu, Pto Williams Ad.",-54.93167,-67.61556,6.875,12.0
2001-06-08,950001.0,"C.M.A. Eduardo Frei Montalva, Antártica ",-62.19194,-58.97972,15.75,27.0
2001-06-09,180005.0,"Chacalluta, Arica Ap.",-18.35555,-70.34028,4.791666666666667,10.0
2001-06-09,200006.0,Diego Aracena Iquique Ap.,-20.54917,-70.18111,5.208333333333333,13.0
2001-06-09,220002.0,"El Loa, Calama Ad.",-22.49806,-68.8925,12.5,27.0
2001-06-09,270001.0,Mataveri  Isla de Pascua Ap.,-27.15889,-109.4325,6.5,9.0
2001-06-09,290004.0,"La Florida, La Serena Ad.",-29.91444,-71.20667,4.470588235294118,9.0
2001-06-09,330007.0,"Rodelillo, Ad.",-33.06528,-71.55639,1.7272727272727273,3.0
2001-06-09,330019.0,"Eulogio Sánchez, Tobalaba Ad.",-33.45528,-70.54861,0.0,0.0
2001-06-09,330020.0,"Quinta Normal, Santiago",-33.445,-70.68278,0.0,0.0
2001-06-09,330021.0,Pudahuel Santiago ,-33.37833,-70.78778,1.7692307692307692,4.0
2001-06-09,330030.0,"Santo Domingo, Ad.",-33.65611,-71.61333,2.1538461538461537,6.0
2001-06-09,330031.0,"Juan Fernández, Estación Meteorológica.",-33.63583,-78.83305,6.25,8.0
2001-06-09,340031.0,"General Freire, Curicó Ad.",-34.96944,-71.21694,4.5,6.0
2001-06-09,360011.0,"General Bernardo O'Higgins, Chillán Ad.",-36.58583,-72.03667,4.666666666666667,5.0
2001-06-09,360019.0,"Carriel Sur, Concepción Ap.",-36.78055,-73.06639,4.0,8.0
2001-06-09,370033.0,"María Dolores, Los Angeles Ad.",-37.39694,-72.42389,4.75,7.0
2001-06-09,380013.0,"Maquehue, Temuco Ad.",-38.76778,-72.63194,1.7857142857142858,4.0
2001-06-09,390006.0,"Pichoy, Valdivia Ad.",-39.65667,-73.08722,1.75,2.0
2001-06-09,400009.0,"Cañal Bajo,  Osorno Ad.",-40.61444,-73.0575,3.2142857142857144,6.0
2001-06-09,410005.0,El Tepual  Puerto Montt Ap.,-41.4475,-73.09583,1.875,7.0
2001-06-09,430002.0,Futaleufú Ad.,-43.18889,-71.85222,1.4,4.0
2001-06-09,450004.0,"Teniente Vidal, Coyhaique Ad.",-45.59083,-72.10222,6.4,12.0
2001-06-09,450005.0,Balmaceda Ad.,-45.91833,-71.67778,17.666666666666668,25.0
2001-06-09,520006.0,"Carlos Ibañez, Punta Arenas Ap.",-53.00167,-70.83861,17.258064516129032,30.0
2001-06-09,530005.0,"Fuentes Martínez, Porvenir Ad.",-53.25361,-70.32611,23.727272727272727,35.0
2001-06-09,950001.0,"C.M.A. Eduardo Frei Montalva, Antártica ",-62.19194,-58.97972,24.375,29.0
2001-06-10,180005.0,"Chacalluta, Arica Ap.",-18.35555,-70.34028,4.0,10.0
2001-06-10,200006.0,Diego Aracena Iquique Ap.,-20.54917,-70.18111,4.541666666666667,10.0
2001-06-10,220002.0,"El Loa, Calama Ad.",-22.49806,-68.8925,13.25,21.0
2001-06-10,270001.0,Mataveri  Isla de Pascua Ap.,-27.15889,-109.4325,4.333333333333333,10.0
2001-06-10,290004.0,"La Florida, La Serena Ad.",-29.91444,-71.20667,3.9411764705882355,6.0
2001-06-10,330007.0,"Rodelillo, Ad.",-33.06528,-71.55639,6.636363636363637,10.0
2001-06-10,330019.0,"Eulogio Sánchez, Tobalaba Ad.",-33.45528,-70.54861,0.36363636363636365,2.0
2001-06-10,330020.0,"Quinta Normal, Santiago",-33.445,-70.68278,1.0,3.0
2001-06-10,330021.0,Pudahuel Santiago ,-33.37833,-70.78778,2.5,8.0
2001-06-10,330030.0,"Santo Domingo, Ad.",-33.65611,-71.61333,3.8461538461538463,8.0
2001-06-10,330031.0,"Juan Fernández, Estación Meteorológica.",-33.63583,-78.83305,3.0,8.0
2001-06-10,340031.0,"General Freire, Curicó Ad.",-34.96944,-71.21694,2.0,4.0
2001-06-10,360011.0,"General Bernardo O'Higgins, Chillán Ad.",-36.58583,-72.03667,1.3333333333333333,2.0
2001-06-10,360019.0,"Carriel Sur, Concepción Ap.",-36.78055,-73.06639,3.9166666666666665,8.0
2001-06-10,370033.0,"María Dolores, Los Angeles Ad.",-37.39694,-72.42389,2.5,4.0
2001-06-10,380013.0,"Maquehue, Temuco Ad.",-38.76778,-72.63194,1.9583333333333333,4.0
2001-06-10,390006.0,"Pichoy, Valdivia Ad.",-39.65667,-73.08722,0.5,1.0
2001-06-10,400009.0,"Cañal Bajo,  Osorno Ad.",-40.61444,-73.0575,1.4615384615384615,3.0
2001-06-10,410005.0,El Tepual  Puerto Montt Ap.,-41.4475,-73.09583,2.75,6.0
2001-06-10,430002.0,Futaleufú Ad.,-43.18889,-71.85222,0.0,0.0
2001-06-10,450004.0,"Teniente Vidal, Coyhaique Ad.",-45.59083,-72.10222,2.4,5.0
2001-06-10,450005.0,Balmaceda Ad.,-45.91833,-71.67778,3.25,13.0
2001-06-10,520006.0,"Carlos Ibañez, Punta Arenas Ap.",-53.00167,-70.83861,11.416666666666666,24.0
2001-06-10,950001.0,"C.M.A. Eduardo Frei Montalva, Antártica ",-62.19194,-58.97972,28.5,32.0
2001-06-11,180005.0,"Chacalluta, Arica Ap.",-18.35555,-70.34028,4.583333333333333,12.0
2001-06-11,200006.0,Diego Aracena Iquique Ap.,-20.54917,-70.18111,10.291666666666666,23.0
2001-06-11,220002.0,"El Loa, Calama Ad.",-22.49806,-68.8925,16.375,26.0
2001-06-11,270001.0,Mataveri  Isla de Pascua Ap.,-27.15889,-109.4325,12.166666666666666,14.0
2001-06-11,290004.0,"La Florida, La Serena Ad.",-29.91444,-71.20667,4.235294117647059,11.0
2001-06-11,330007.0,"Rodelillo, Ad.",-33.06528,-71.55639,12.181818181818182,20.0
2001-06-11,330019.0,"Eulogio Sánchez, Tobalaba Ad.",-33.45528,-70.54861,0.18181818181818182,2.0
2001-06-11,330020.0,"Quinta Normal, Santiago",-33.445,-70.68278,1.8,3.0
2001-06-11,330021.0,Pudahuel Santiago ,-33.37833,-70.78778,4.333333333333333,8.0
2001-06-11,330030.0,"Santo Domingo, Ad.",-33.65611,-71.61333,4.923076923076923,9.0
2001-06-11,330031.0,"Juan Fernández, Estación Meteorológica.",-33.63583,-78.83305,4.75,6.0
2001-06-11,340031.0,"General Freire, Curicó Ad.",-34.96944,-71.21694,5.1,7.0
2001-06-11,360011.0,"General Bernardo O'Higgins, Chillán Ad.",-36.58583,-72.03667,13.333333333333334,25.0
2001-06-11,360019.0,"Carriel Sur, Concepción Ap.",-36.78055,-73.06639,11.375,22.0
2001-06-11,370033.0,"María Dolores, Los Angeles Ad.",-37.39694,-72.42389,13.75,20.0
2001-06-11,380013.0,"Maquehue, Temuco Ad.",-38.76778,-72.63194,6.541666666666667,16.0
2001-06-11,390006.0,"Pichoy, Valdivia Ad.",-39.65667,-73.08722,9.25,10.0
2001-06-11,400009.0,"Cañal Bajo,  Osorno Ad.",-40.61444,-73.0575,8.5625,14.0
2001-06-11,410005.0,El Tepual  Puerto Montt Ap.,-41.4475,-73.09583,9.0,18.0
2001-06-11,430002.0,Futaleufú Ad.,-43.18889,-71.85222,1.25,5.0
2001-06-11,450004.0,"Teniente Vidal, Coyhaique Ad.",-45.59083,-72.10222,2.2,4.0
2001-06-11,450005.0,Balmaceda Ad.,-45.91833,-71.67778,4.375,12.0
2001-06-11,520006.0,"Carlos Ibañez, Punta Arenas Ap.",-53.00167,-70.83861,3.9583333333333335,9.0
2001-06-11,530005.0,"Fuentes Martínez, Porvenir Ad.",-53.25361,-70.32611,7.454545454545454,10.0
2001-06-11,950001.0,"C.M.A. Eduardo Frei Montalva, Antártica ",-62.19194,-58.97972,13.0,21.0
2001-06-12,180005.0,"Chacalluta, Arica Ap.",-18.35555,-70.34028,4.041666666666667,10.0
2001-06-12,200006.0,Diego Aracena Iquique Ap.,-20.54917,-70.18111,5.375,13.0
2001-06-12,220002.0,"El Loa, Calama Ad.",-22.49806,-68.8925,15.266666666666667,27.0
2001-06-12,270001.0,Mataveri  Isla de Pascua Ap.,-27.15889,-109.4325,10.666666666666666,13.0
2001-06-12,290004.0,"La Florida, La Serena Ad.",-29.91444,-71.20667,6.235294117647059,10.0
2001-06-12,330007.0,"Rodelillo, Ad.",-33.06528,-71.55639,4.363636363636363,8.0
2001-06-12,330019.0,"Eulogio Sánchez, Tobalaba Ad.",-33.45528,-70.54861,0.18181818181818182,2.0
2001-06-12,330020.0,"Quinta Normal, Santiago",-33.445,-70.68278,0.0,0.0
2001-06-12,330021.0,Pudahuel Santiago ,-33.37833,-70.78778,3.0416666666666665,6.0
2001-06-12,330030.0,"Santo Domingo, Ad.",-33.65611,-71.61333,1.1538461538461537,5.0
2001-06-12,330031.0,"Juan Fernández, Estación Meteorológica.",-33.63583,-78.83305,6.6,10.0
2001-06-12,340031.0,"General Freire, Curicó Ad.",-34.96944,-71.21694,1.5,5.0
2001-06-12,360011.0,"General Bernardo O'Higgins, Chillán Ad.",-36.58583,-72.03667,3.3333333333333335,6.0
2001-06-12,360019.0,"Carriel Sur, Concepción Ap.",-36.78055,-73.06639,5.416666666666667,10.0
2001-06-12,370033.0,"María Dolores, Los Angeles Ad.",-37.39694,-72.42389,3.75,8.0
2001-06-12,380013.0,"Maquehue, Temuco Ad.",-38.76778,-72.63194,5.375,14.0
2001-06-12,390006.0,"Pichoy, Valdivia Ad.",-39.65667,-73.08722,5.25,9.0
2001-06-12,400009.0,"Cañal Bajo,  Osorno Ad.",-40.61444,-73.0575,7.384615384615385,11.0
2001-06-12,410005.0,El Tepual  Puerto Montt Ap.,-41.4475,-73.09583,11.916666666666666,20.0
2001-06-12,430001.0,Quellón Ad.,-43.13361,-73.63278,13.0,73.0
2001-06-12,430002.0,Futaleufú Ad.,-43.18889,-71.85222,2.0,6.0
2001-06-12,450001.0,Puerto Aysén Ad.,-45.39944,-72.67722,1.0,4.0
2001-06-12,450004.0,"Teniente Vidal, Coyhaique Ad.",-45.59083,-72.10222,1.6,4.0
2001-06-12,450005.0,Balmaceda Ad.,-45.91833,-71.67778,1.125,5.0
2001-06-12,520006.0,"Carlos Ibañez, Punta Arenas Ap.",-53.00167,-70.83861,4.076923076923077,7.0
2001-06-12,530005.0,"Fuentes Martínez, Porvenir Ad.",-53.25361,-70.32611,6.2727272727272725,10.0
2001-06-12,550001.0,"Guardiamarina Zañartu, Pto Williams Ad.",-54.93167,-67.61556,2.111111111111111,3.0
2001-06-12,950001.0,"C.M.A. Eduardo Frei Montalva, Antártica ",-62.19194,-58.97972,12.555555555555555,25.0
2001-06-13,180005.0,"Chacalluta, Arica Ap.",-18.35555,-70.34028,6.75,10.0
2001-06-13,200006.0,Diego Aracena Iquique Ap.,-20.54917,-70.18111,5.875,13.0
2001-06-13,220002.0,"El Loa, Calama Ad.",-22.49806,-68.8925,15.1875,27.0
2001-06-13,270001.0,Mataveri  Isla de Pascua Ap.,-27.15889,-109.4325,10.333333333333334,13.0
2001-06-13,290004.0,"La Florida, La Serena Ad.",-29.91444,-71.20667,5.176470588235294,9.0
2001-06-13,330007.0,"Rodelillo, Ad.",-33.06528,-71.55639,2.25,3.0
2001-06-13,330019.0,"Eulogio Sánchez, Tobalaba Ad.",-33.45528,-70.54861,0.09090909090909091,1.0
2001-06-13,330020.0,"Quinta Normal, Santiago",-33.445,-70.68278,0.0,0.0
2001-06-13,330021.0,Pudahuel Santiago ,-33.37833,-70.78778,1.7916666666666667,5.0
2001-06-13,330030.0,"Santo Domingo, Ad.",-33.65611,-71.61333,2.5384615384615383,6.0
2001-06-13,330031.0,"Juan Fernández, Estación Meteorológica.",-33.63583,-78.83305,5.6,10.0
2001-06-13,340031.0,"General Freire, Curicó Ad.",-34.96944,-71.21694,5.5,9.0
2001-06-13,360011.0,"General Bernardo O'Higgins, Chillán Ad.",-36.58583,-72.03667,19.0,25.0
2001-06-13,360019.0,"Carriel Sur, Concepción Ap.",-36.78055,-73.06639,11.083333333333334,21.0
2001-06-13,370033.0,"María Dolores, Los Angeles Ad.",-37.39694,-72.42389,14.75,18.0
2001-06-13,380013.0,"Maquehue, Temuco Ad.",-38.76778,-72.63194,6.791666666666667,13.0
2001-06-13,390006.0,"Pichoy, Valdivia Ad.",-39.65667,-73.08722,7.75,11.0
2001-06-13,400009.0,"Cañal Bajo,  Osorno Ad.",-40.61444,-73.0575,5.153846153846154,10.0
2001-06-13,410005.0,El Tepual  Puerto Montt Ap.,-41.4475,-73.09583,12.791666666666666,24.0
2001-06-13,430001.0,Quellón Ad.,-43.13361,-73.63278,6.4,8.0
2001-06-13,430002.0,Futaleufú Ad.,-43.18889,-71.85222,0.0,0.0
2001-06-13,450001.0,Puerto Aysén Ad.,-45.39944,-72.67722,2.0,4.0
2001-06-13,450004.0,"Teniente Vidal, Coyhaique Ad.",-45.59083,-72.10222,0.0,0.0
2001-06-13,450005.0,Balmaceda Ad.,-45.91833,-71.67778,7.0,14.0
2001-06-13,520006.0,"Carlos Ibañez, Punta Arenas Ap.",-53.00167,-70.83861,4.678571428571429,10.0
2001-06-13,530005.0,"Fuentes Martínez, Porvenir Ad.",-53.25361,-70.32611,5.615384615384615,10.0
2001-06-13,550001.0,"Guardiamarina Zañartu, Pto Williams Ad.",-54.93167,-67.61556,2.3333333333333335,5.0
2001-06-13,950001.0,"C.M.A. Eduardo Frei Montalva, Antártica ",-62.19194,-58.97972,18.5,24.0
2001-06-14,180005.0,"Chacalluta, Arica Ap.",-18.35555,-70.34028,5.833333333333333,10.0
2001-06-14,200006.0,Diego Aracena Iquique Ap.,-20.54917,-70.18111,5.0,8.0
2001-06-14,220002.0,"El Loa, Calama Ad.",-22.49806,-68.8925,15.125,25.0
2001-06-14,270001.0,Mataveri  Isla de Pascua Ap.,-27.15889,-109.4325,7.833333333333333,13.0
2001-06-14,290004.0,"La Florida, La Serena Ad.",-29.91444,-71.20667,7.117647058823529,10.0
2001-06-14,330007.0,"Rodelillo, Ad.",-33.06528,-71.55639,2.6,4.0
2001-06-14,330019.0,"Eulogio Sánchez, Tobalaba Ad.",-33.45528,-70.54861,0.8181818181818182,2.0
2001-06-14,330020.0,"Quinta Normal, Santiago",-33.445,-70.68278,2.2,6.0
2001-06-14,330021.0,Pudahuel Santiago ,-33.37833,-70.78778,3.4166666666666665,9.0
2001-06-14,330030.0,"Santo Domingo, Ad.",-33.65611,-71.61333,5.076923076923077,9.0
2001-06-14,330031.0,"Juan Fernández, Estación Meteorológica.",-33.63583,-78.83305,5.6,10.0
2001-06-14,340031.0,"General Freire, Curicó Ad.",-34.96944,-71.21694,7.1,11.0
2001-06-14,360011.0,"General Bernardo O'Higgins, Chillán Ad.",-36.58583,-72.03667,3.0,4.0
2001-06-14,360019.0,"Carriel Sur, Concepción Ap.",-36.78055,-73.06639,5.375,11.0
2001-06-14,370033.0,"María Dolores, Los Angeles Ad.",-37.39694,-72.42389,5.75,7.0
2001-06-14,380013.0,"Maquehue, Temuco Ad.",-38.76778,-72.63194,2.875,9.0
2001-06-14,390006.0,"Pichoy, Valdivia Ad.",-39.65667,-73.08722,5.0,7.0
2001-06-14,400009.0,"Cañal Bajo,  Osorno Ad.",-40.61444,-73.0575,4.6923076923076925,7.0
2001-06-14,410005.0,El Tepual  Puerto Montt Ap.,-41.4475,-73.09583,6.5,10.0
2001-06-14,430001.0,Quellón Ad.,-43.13361,-73.63278,5.0,6.0
2001-06-14,430002.0,Futaleufú Ad.,-43.18889,-71.85222,0.6,3.0
2001-06-14,450001.0,Puerto Aysén Ad.,-45.39944,-72.67722,1.5,4.0
2001-06-14,450004.0,"Teniente Vidal, Coyhaique Ad.",-45.59083,-72.10222,1.8,4.0
2001-06-14,450005.0,Balmaceda Ad.,-45.91833,-71.67778,2.2083333333333335,7.0
2001-06-14,520006.0,"Carlos Ibañez, Punta Arenas Ap.",-53.00167,-70.83861,5.884615384615385,11.0
2001-06-14,530005.0,"Fuentes Martínez, Porvenir Ad.",-53.25361,-70.32611,5.636363636363637,14.0
2001-06-14,550001.0,"Guardiamarina Zañartu, Pto Williams Ad.",-54.93167,-67.61556,4.777777777777778,10.0
2001-06-14,950001.0,"C.M.A. Eduardo Frei Montalva, Antártica ",-62.19194,-58.97972,22.5,42.0
2001-06-15,180005.0,"Chacalluta, Arica Ap.",-18.35555,-70.34028,4.5,8.0
2001-06-15,200006.0,Diego Aracena Iquique Ap.,-20.54917,-70.18111,4.375,7.0
2001-06-15,220002.0,"El Loa, Calama Ad.",-22.49806,-68.8925,14.1875,23.0
2001-06-15,270001.0,Mataveri  Isla de Pascua Ap.,-27.15889,-109.4325,5.833333333333333,11.0
2001-06-15,290004.0,"La Florida, La Serena Ad.",-29.91444,-71.20667,4.764705882352941,9.0
2001-06-15,330007.0,"Rodelillo, Ad.",-33.06528,-71.55639,13.0,17.0
2001-06-15,330019.0,"Eulogio Sánchez, Tobalaba Ad.",-33.45528,-70.54861,0.2727272727272727,3.0
2001-06-15,330020.0,"Quinta Normal, Santiago",-33.445,-70.68278,3.8,6.0
2001-06-15,330021.0,Pudahuel Santiago ,-33.37833,-70.78778,5.25,8.0
2001-06-15,330030.0,"Santo Domingo, Ad.",-33.65611,-71.61333,4.615384615384615,10.0
2001-06-15,330031.0,"Juan Fernández, Estación Meteorológica.",-33.63583,-78.83305,10.8,15.0
2001-06-15,340031.0,"General Freire, Curicó Ad.",-34.96944,-71.21694,3.2,7.0
2001-06-15,360011.0,"General Bernardo O'Higgins, Chillán Ad.",-36.58583,-72.03667,5.0,6.0
2001-06-15,360019.0,"Carriel Sur, Concepción Ap.",-36.78055,-73.06639,4.5,8.0
2001-06-15,370033.0,"María Dolores, Los Angeles Ad.",-37.39694,-72.42389,7.75,12.0
2001-06-15,380013.0,"Maquehue, Temuco Ad.",-38.76778,-72.63194,3.3333333333333335,6.0
2001-06-15,390006.0,"Pichoy, Valdivia Ad.",-39.65667,-73.08722,2.5,5.0
2001-06-15,400009.0,"Cañal Bajo,  Osorno Ad.",-40.61444,-73.0575,5.142857142857143,9.0
2001-06-15,410005.0,El Tepual  Puerto Montt Ap.,-41.4475,-73.09583,2.6666666666666665,7.0
2001-06-15,430001.0,Quellón Ad.,-43.13361,-73.63278,3.8,5.0
2001-06-15,430002.0,Futaleufú Ad.,-43.18889,-71.85222,0.0,0.0
2001-06-15,450001.0,Puerto Aysén Ad.,-45.39944,-72.67722,1.0,4.0
2001-06-15,450004.0,"Teniente Vidal, Coyhaique Ad.",-45.59083,-72.10222,2.6,5.0
2001-06-15,450005.0,Balmaceda Ad.,-45.91833,-71.67778,2.25,6.0
2001-06-15,520006.0,"Carlos Ibañez, Punta Arenas Ap.",-53.00167,-70.83861,6.615384615384615,15.0
2001-06-15,530005.0,"Fuentes Martínez, Porvenir Ad.",-53.25361,-70.32611,5.333333333333333,9.0
2001-06-15,550001.0,"Guardiamarina Zañartu, Pto Williams Ad.",-54.93167,-67.61556,3.875,8.0
2001-06-15,950001.0,"C.M.A. Eduardo Frei Montalva, Antártica ",-62.19194,-58.97972,20.75,27.0
2001-06-16,180005.0,"Chacalluta, Arica Ap.",-18.35555,-70.34028,5.0,11.0
2001-06-16,200006.0,Diego Aracena Iquique Ap.,-20.54917,-70.18111,5.166666666666667,13.0
2001-06-16,220002.0,"El Loa, Calama Ad.",-22.49806,-68.8925,12.5625,21.0
2001-06-16,270001.0,Mataveri  Isla de Pascua Ap.,-27.15889,-109.4325,8.833333333333334,13.0
2001-06-16,290004.0,"La Florida, La Serena Ad.",-29.91444,-71.20667,5.882352941176471,11.0
2001-06-16,330007.0,"Rodelillo, Ad.",-33.06528,-71.55639,6.454545454545454,12.0
2001-06-16,330019.0,"Eulogio Sánchez, Tobalaba Ad.",-33.45528,-70.54861,0.09090909090909091,1.0
2001-06-16,330020.0,"Quinta Normal, Santiago",-33.445,-70.68278,1.4,3.0
2001-06-16,330021.0,Pudahuel Santiago ,-33.37833,-70.78778,2.0,7.0
2001-06-16,330030.0,"Santo Domingo, Ad.",-33.65611,-71.61333,3.6153846153846154,8.0
2001-06-16,330031.0,"Juan Fernández, Estación Meteorológica.",-33.63583,-78.83305,13.0,14.0
2001-06-16,340031.0,"General Freire, Curicó Ad.",-34.96944,-71.21694,4.5,8.0
2001-06-16,360011.0,"General Bernardo O'Higgins, Chillán Ad.",-36.58583,-72.03667,4.0,5.0
2001-06-16,360019.0,"Carriel Sur, Concepción Ap.",-36.78055,-73.06639,8.708333333333334,17.0
2001-06-16,370033.0,"María Dolores, Los Angeles Ad.",-37.39694,-72.42389,11.25,14.0
2001-06-16,380013.0,"Maquehue, Temuco Ad.",-38.76778,-72.63194,5.5,11.0
2001-06-16,390006.0,"Pichoy, Valdivia Ad.",-39.65667,-73.08722,2.25,4.0
2001-06-16,400009.0,"Cañal Bajo,  Osorno Ad.",-40.61444,-73.0575,2.5384615384615383,6.0
2001-06-16,410005.0,El Tepual  Puerto Montt Ap.,-41.4475,-73.09583,2.3333333333333335,11.0
2001-06-16,430002.0,Futaleufú Ad.,-43.18889,-71.85222,0.8,4.0
2001-06-16,450004.0,"Teniente Vidal, Coyhaique Ad.",-45.59083,-72.10222,1.2,4.0
2001-06-16,450005.0,Balmaceda Ad.,-45.91833,-71.67778,1.0833333333333333,3.0
2001-06-16,520006.0,"Carlos Ibañez, Punta Arenas Ap.",-53.00167,-70.83861,7.208333333333333,14.0
2001-06-16,530005.0,"Fuentes Martínez, Porvenir Ad.",-53.25361,-70.32611,4.090909090909091,7.0
2001-06-16,950001.0,"C.M.A. Eduardo Frei Montalva, Antártica ",-62.19194,-58.97972,22.75,33.0
2001-06-17,180005.0,"Chacalluta, Arica Ap.",-18.35555,-70.34028,5.125,11.0
2001-06-17,200006.0,Diego Aracena Iquique Ap.,-20.54917,-70.18111,4.625,9.0
2001-06-17,220002.0,"El Loa, Calama Ad.",-22.49806,-68.8925,15.454545454545455,26.0
2001-06-17,270001.0,Mataveri  Isla de Pascua Ap.,-27.15889,-109.4325,4.166666666666667,8.0
2001-06-17,290004.0,"La Florida, La Serena Ad.",-29.91444,-71.20667,5.647058823529412,9.0
2001-06-17,330007.0,"Rodelillo, Ad.",-33.06528,-71.55639,2.0,4.0
2001-06-17,330019.0,"Eulogio Sánchez, Tobalaba Ad.",-33.45528,-70.54861,0.18181818181818182,1.0
2001-06-17,330020.0,"Quinta Normal, Santiago",-33.445,-70.68278,1.6,4.0
2001-06-17,330021.0,Pudahuel Santiago ,-33.37833,-70.78778,2.5,9.0
2001-06-17,330030.0,"Santo Domingo, Ad.",-33.65611,-71.61333,3.3076923076923075,7.0
2001-06-17,330031.0,"Juan Fernández, Estación Meteorológica.",-33.63583,-78.83305,15.25,20.0
2001-06-17,340031.0,"General Freire, Curicó Ad.",-34.96944,-71.21694,2.5,4.0
2001-06-17,360011.0,"General Bernardo O'Higgins, Chillán Ad.",-36.58583,-72.03667,4.666666666666667,7.0
2001-06-17,360019.0,"Carriel Sur, Concepción Ap.",-36.78055,-73.06639,9.125,12.0
2001-06-17,370033.0,"María Dolores, Los Angeles Ad.",-37.39694,-72.42389,9.5,11.0
2001-06-17,380013.0,"Maquehue, Temuco Ad.",-38.76778,-72.63194,4.166666666666667,7.0
2001-06-17,390006.0,"Pichoy, Valdivia Ad.",-39.65667,-73.08722,0.0,0.0
2001-06-17,400009.0,"Cañal Bajo,  Osorno Ad.",-40.61444,-73.0575,3.642857142857143,7.0
2001-06-17,410005.0,El Tepual  Puerto Montt Ap.,-41.4475,-73.09583,2.125,11.0
2001-06-17,430002.0,Futaleufú Ad.,-43.18889,-71.85222,0.0,0.0
2001-06-17,450004.0,"Teniente Vidal, Coyhaique Ad.",-45.59083,-72.10222,0.0,0.0
2001-06-17,450005.0,Balmaceda Ad.,-45.91833,-71.67778,0.9166666666666666,3.0
2001-06-17,520006.0,"Carlos Ibañez, Punta Arenas Ap.",-53.00167,-70.83861,8.384615384615385,12.0
2001-06-17,950001.0,"C.M.A. Eduardo Frei Montalva, Antártica ",-62.19194,-58.97972,20.375,32.0
2001-06-18,180005.0,"Chacalluta, Arica Ap.",-18.35555,-70.34028,5.25,13.0
2001-06-18,200006.0,Diego Aracena Iquique Ap.,-20.54917,-70.18111,8.708333333333334,16.0
2001-06-18,220002.0,"El Loa, Calama Ad.",-22.49806,-68.8925,12.6875,30.0
2001-06-18,270001.0,Mataveri  Isla de Pascua Ap.,-27.15889,-109.4325,4.833333333333333,9.0
2001-06-18,290004.0,"La Florida, La Serena Ad.",-29.91444,-71.20667,5.529411764705882,9.0
2001-06-18,330007.0,"Rodelillo, Ad.",-33.06528,-71.55639,4.909090909090909,10.0
2001-06-18,330019.0,"Eulogio Sánchez, Tobalaba Ad.",-33.45528,-70.54861,0.5454545454545454,2.0
2001-06-18,330020.0,"Quinta Normal, Santiago",-33.445,-70.68278,1.4,3.0
2001-06-18,330021.0,Pudahuel Santiago ,-33.37833,-70.78778,2.75,9.0
2001-06-18,330030.0,"Santo Domingo, Ad.",-33.65611,-71.61333,3.0,7.0
2001-06-18,330031.0,"Juan Fernández, Estación Meteorológica.",-33.63583,-78.83305,16.0,18.0
2001-06-18,340031.0,"General Freire, Curicó Ad.",-34.96944,-71.21694,1.4,3.0
2001-06-18,360011.0,"General Bernardo O'Higgins, Chillán Ad.",-36.58583,-72.03667,2.6666666666666665,4.0
2001-06-18,360019.0,"Carriel Sur, Concepción Ap.",-36.78055,-73.06639,4.666666666666667,11.0
2001-06-18,370033.0,"María Dolores, Los Angeles Ad.",-37.39694,-72.42389,7.75,14.0
2001-06-18,380013.0,"Maquehue, Temuco Ad.",-38.76778,-72.63194,2.16,5.0
2001-06-18,390006.0,"Pichoy, Valdivia Ad.",-39.65667,-73.08722,1.5,3.0
2001-06-18,400009.0,"Cañal Bajo,  Osorno Ad.",-40.61444,-73.0575,2.7142857142857144,5.0
2001-06-18,410005.0,El Tepual  Puerto Montt Ap.,-41.4475,-73.09583,1.5,5.0
2001-06-18,430001.0,Quellón Ad.,-43.13361,-73.63278,3.0,3.0
2001-06-18,430002.0,Futaleufú Ad.,-43.18889,-71.85222,6.75,8.0
2001-06-18,450001.0,Puerto Aysén Ad.,-45.39944,-72.67722,0.0,0.0
2001-06-18,450004.0,"Teniente Vidal, Coyhaique Ad.",-45.59083,-72.10222,3.0,11.0
2001-06-18,450005.0,Balmaceda Ad.,-45.91833,-71.67778,4.75,17.0
2001-06-18,520006.0,"Carlos Ibañez, Punta Arenas Ap.",-53.00167,-70.83861,19.208333333333332,37.0
2001-06-18,530005.0,"Fuentes Martínez, Porvenir Ad.",-53.25361,-70.32611,21.818181818181817,35.0
2001-06-18,550001.0,"Guardiamarina Zañartu, Pto Williams Ad.",-54.93167,-67.61556,12.555555555555555,23.0
2001-06-18,950001.0,"C.M.A. Eduardo Frei Montalva, Antártica ",-62.19194,-58.97972,13.125,19.0
2001-06-19,180005.0,"Chacalluta, Arica Ap.",-18.35555,-70.34028,5.458333333333333,13.0
2001-06-19,200006.0,Diego Aracena Iquique Ap.,-20.54917,-70.18111,7.125,16.0
2001-06-19,220002.0,"El Loa, Calama Ad.",-22.49806,-68.8925,11.625,21.0
2001-06-19,270001.0,Mataveri  Isla de Pascua Ap.,-27.15889,-109.4325,7.833333333333333,12.0
2001-06-19,290004.0,"La Florida, La Serena Ad.",-29.91444,-71.20667,5.294117647058823,9.0
2001-06-19,330007.0,"Rodelillo, Ad.",-33.06528,-71.55639,5.090909090909091,10.0
2001-06-19,330019.0,"Eulogio Sánchez, Tobalaba Ad.",-33.45528,-70.54861,0.7272727272727273,2.0
2001-06-19,330020.0,"Quinta Normal, Santiago",-33.445,-70.68278,0.0,0.0
2001-06-19,330021.0,Pudahuel Santiago ,-33.37833,-70.78778,2.25,5.0
2001-06-19,330030.0,"Santo Domingo, Ad.",-33.65611,-71.61333,5.384615384615385,11.0
2001-06-19,330031.0,"Juan Fernández, Estación Meteorológica.",-33.63583,-78.83305,9.6,12.0
2001-06-19,340031.0,"General Freire, Curicó Ad.",-34.96944,-71.21694,3.2,6.0
2001-06-19,360011.0,"General Bernardo O'Higgins, Chillán Ad.",-36.58583,-72.03667,1.3333333333333333,3.0
2001-06-19,360019.0,"Carriel Sur, Concepción Ap.",-36.78055,-73.06639,3.25,5.0
2001-06-19,370033.0,"María Dolores, Los Angeles Ad.",-37.39694,-72.42389,3.5,6.0
2001-06-19,380013.0,"Maquehue, Temuco Ad.",-38.76778,-72.63194,2.25,4.0
2001-06-19,390006.0,"Pichoy, Valdivia Ad.",-39.65667,-73.08722,1.0,3.0
2001-06-19,400009.0,"Cañal Bajo,  Osorno Ad.",-40.61444,-73.0575,1.2142857142857142,3.0
2001-06-19,410005.0,El Tepual  Puerto Montt Ap.,-41.4475,-73.09583,1.0833333333333333,4.0
2001-06-19,430001.0,Quellón Ad.,-43.13361,-73.63278,3.7,5.0
2001-06-19,430002.0,Futaleufú Ad.,-43.18889,-71.85222,1.2,6.0
2001-06-19,450001.0,Puerto Aysén Ad.,-45.39944,-72.67722,4.25,8.0
2001-06-19,450004.0,"Teniente Vidal, Coyhaique Ad.",-45.59083,-72.10222,6.0,9.0
2001-06-19,450005.0,Balmaceda Ad.,-45.91833,-71.67778,6.833333333333333,14.0
2001-06-19,520006.0,"Carlos Ibañez, Punta Arenas Ap.",-53.00167,-70.83861,20.791666666666668,37.0
2001-06-19,530005.0,"Fuentes Martínez, Porvenir Ad.",-53.25361,-70.32611,16.818181818181817,22.0
2001-06-19,550001.0,"Guardiamarina Zañartu, Pto Williams Ad.",-54.93167,-67.61556,20.22222222222222,24.0
2001-06-19,950001.0,"C.M.A. Eduardo Frei Montalva, Antártica ",-62.19194,-58.97972,22.8,36.0
2001-06-20,180005.0,"Chacalluta, Arica Ap.",-18.35555,-70.34028,4.041666666666667,9.0
2001-06-20,200006.0,Diego Aracena Iquique Ap.,-20.54917,-70.18111,4.583333333333333,8.0
2001-06-20,220002.0,"El Loa, Calama Ad.",-22.49806,-68.8925,16.0,33.0
2001-06-20,270001.0,Mataveri  Isla de Pascua Ap.,-27.15889,-109.4325,6.833333333333333,9.0
2001-06-20,290004.0,"La Florida, La Serena Ad.",-29.91444,-71.20667,6.0,10.0
2001-06-20,330007.0,"Rodelillo, Ad.",-33.06528,-71.55639,8.636363636363637,13.0
2001-06-20,330019.0,"Eulogio Sánchez, Tobalaba Ad.",-33.45528,-70.54861,0.09090909090909091,1.0
2001-06-20,330020.0,"Quinta Normal, Santiago",-33.445,-70.68278,0.2,1.0
2001-06-20,330021.0,Pudahuel Santiago ,-33.37833,-70.78778,1.625,4.0
2001-06-20,330030.0,"Santo Domingo, Ad.",-33.65611,-71.61333,4.461538461538462,8.0
2001-06-20,330031.0,"Juan Fernández, Estación Meteorológica.",-33.63583,-78.83305,9.6,12.0
2001-06-20,340031.0,"General Freire, Curicó Ad.",-34.96944,-71.21694,6.4,8.0
2001-06-20,360011.0,"General Bernardo O'Higgins, Chillán Ad.",-36.58583,-72.03667,8.666666666666666,10.0
2001-06-20,360019.0,"Carriel Sur, Concepción Ap.",-36.78055,-73.06639,4.125,10.0
2001-06-20,370033.0,"María Dolores, Los Angeles Ad.",-37.39694,-72.42389,9.25,12.0
2001-06-20,380013.0,"Maquehue, Temuco Ad.",-38.76778,-72.63194,2.0833333333333335,7.0
2001-06-20,390006.0,"Pichoy, Valdivia Ad.",-39.65667,-73.08722,4.75,9.0
2001-06-20,400009.0,"Cañal Bajo,  Osorno Ad.",-40.61444,-73.0575,4.0,8.0
2001-06-20,410005.0,El Tepual  Puerto Montt Ap.,-41.4475,-73.09583,2.5833333333333335,8.0
2001-06-20,430001.0,Quellón Ad.,-43.13361,-73.63278,3.7,5.0
2001-06-20,430002.0,Futaleufú Ad.,-43.18889,-71.85222,2.6,6.0
2001-06-20,450001.0,Puerto Aysén Ad.,-45.39944,-72.67722,4.0,8.0
2001-06-20,450004.0,"Teniente Vidal, Coyhaique Ad.",-45.59083,-72.10222,5.4,8.0
2001-06-20,450005.0,Balmaceda Ad.,-45.91833,-71.67778,4.25,10.0
2001-06-20,520006.0,"Carlos Ibañez, Punta Arenas Ap.",-53.00167,-70.83861,18.041666666666668,32.0
2001-06-20,530005.0,"Fuentes Martínez, Porvenir Ad.",-53.25361,-70.32611,7.7272727272727275,14.0
2001-06-20,550001.0,"Guardiamarina Zañartu, Pto Williams Ad.",-54.93167,-67.61556,17.666666666666668,22.0
2001-06-20,950001.0,"C.M.A. Eduardo Frei Montalva, Antártica ",-62.19194,-58.97972,24.25,48.0
2001-06-21,180005.0,"Chacalluta, Arica Ap.",-18.35555,-70.34028,3.375,8.0
2001-06-21,200006.0,Diego Aracena Iquique Ap.,-20.54917,-70.18111,4.166666666666667,7.0
2001-06-21,220002.0,"El Loa, Calama Ad.",-22.49806,-68.8925,17.9375,30.0
2001-06-21,270001.0,Mataveri  Isla de Pascua Ap.,-27.15889,-109.4325,7.333333333333333,14.0
2001-06-21,290004.0,"La Florida, La Serena Ad.",-29.91444,-71.20667,5.529411764705882,12.0
2001-06-21,330007.0,"Rodelillo, Ad.",-33.06528,-71.55639,4.583333333333333,10.0
2001-06-21,330019.0,"Eulogio Sánchez, Tobalaba Ad.",-33.45528,-70.54861,0.18181818181818182,1.0
2001-06-21,330020.0,"Quinta Normal, Santiago",-33.445,-70.68278,0.4,2.0
2001-06-21,330021.0,Pudahuel Santiago ,-33.37833,-70.78778,2.625,7.0
2001-06-21,330030.0,"Santo Domingo, Ad.",-33.65611,-71.61333,4.923076923076923,8.0
2001-06-21,330031.0,"Juan Fernández, Estación Meteorológica.",-33.63583,-78.83305,8.0,12.0
2001-06-21,340031.0,"General Freire, Curicó Ad.",-34.96944,-71.21694,5.5,10.0
2001-06-21,360011.0,"General Bernardo O'Higgins, Chillán Ad.",-36.58583,-72.03667,6.333333333333333,8.0
2001-06-21,360019.0,"Carriel Sur, Concepción Ap.",-36.78055,-73.06639,5.583333333333333,9.0
2001-06-21,370033.0,"María Dolores, Los Angeles Ad.",-37.39694,-72.42389,9.75,12.0
2001-06-21,380013.0,"Maquehue, Temuco Ad.",-38.76778,-72.63194,1.7083333333333333,4.0
2001-06-21,390006.0,"Pichoy, Valdivia Ad.",-39.65667,-73.08722,3.75,7.0
2001-06-21,400009.0,"Cañal Bajo,  Osorno Ad.",-40.61444,-73.0575,4.571428571428571,7.0
2001-06-21,410005.0,El Tepual  Puerto Montt Ap.,-41.4475,-73.09583,3.8333333333333335,7.0
2001-06-21,430001.0,Quellón Ad.,-43.13361,-73.63278,3.8,5.0
2001-06-21,430002.0,Futaleufú Ad.,-43.18889,-71.85222,1.4,4.0
2001-06-21,450001.0,Puerto Aysén Ad.,-45.39944,-72.67722,2.5,6.0
2001-06-21,450004.0,"Teniente Vidal, Coyhaique Ad.",-45.59083,-72.10222,4.6,8.0
2001-06-21,450005.0,Balmaceda Ad.,-45.91833,-71.67778,8.416666666666666,16.0
2001-06-21,520006.0,"Carlos Ibañez, Punta Arenas Ap.",-53.00167,-70.83861,10.291666666666666,19.0
2001-06-21,530005.0,"Fuentes Martínez, Porvenir Ad.",-53.25361,-70.32611,8.818181818181818,13.0
2001-06-21,550001.0,"Guardiamarina Zañartu, Pto Williams Ad.",-54.93167,-67.61556,16.666666666666668,22.0
2001-06-21,950001.0,"C.M.A. Eduardo Frei Montalva, Antártica ",-62.19194,-58.97972,22.0,33.0
2001-06-22,180005.0,"Chacalluta, Arica Ap.",-18.35555,-70.34028,4.708333333333333,9.0
2001-06-22,200006.0,Diego Aracena Iquique Ap.,-20.54917,-70.18111,3.9166666666666665,6.0
2001-06-22,220002.0,"El Loa, Calama Ad.",-22.49806,-68.8925,13.8125,22.0
2001-06-22,270001.0,Mataveri  Isla de Pascua Ap.,-27.15889,-109.4325,9.833333333333334,14.0
2001-06-22,290004.0,"La Florida, La Serena Ad.",-29.91444,-71.20667,4.176470588235294,7.0
2001-06-22,330007.0,"Rodelillo, Ad.",-33.06528,-71.55639,2.0,3.0
2001-06-22,330019.0,"Eulogio Sánchez, Tobalaba Ad.",-33.45528,-70.54861,0.0,0.0
2001-06-22,330020.0,"Quinta Normal, Santiago",-33.445,-70.68278,0.2,1.0
2001-06-22,330021.0,Pudahuel Santiago ,-33.37833,-70.78778,2.625,6.0
2001-06-22,330030.0,"Santo Domingo, Ad.",-33.65611,-71.61333,2.230769230769231,9.0
2001-06-22,330031.0,"Juan Fernández, Estación Meteorológica.",-33.63583,-78.83305,4.2,6.0
2001-06-22,340031.0,"General Freire, Curicó Ad.",-34.96944,-71.21694,2.1,5.0
2001-06-22,360011.0,"General Bernardo O'Higgins, Chillán Ad.",-36.58583,-72.03667,1.6666666666666667,3.0
2001-06-22,360019.0,"Carriel Sur, Concepción Ap.",-36.78055,-73.06639,3.9166666666666665,7.0
2001-06-22,370033.0,"María Dolores, Los Angeles Ad.",-37.39694,-72.42389,1.5,2.0
2001-06-22,380013.0,"Maquehue, Temuco Ad.",-38.76778,-72.63194,2.8,6.0
2001-06-22,390006.0,"Pichoy, Valdivia Ad.",-39.65667,-73.08722,0.5,2.0
2001-06-22,400009.0,"Cañal Bajo,  Osorno Ad.",-40.61444,-73.0575,2.6923076923076925,5.0
2001-06-22,410005.0,El Tepual  Puerto Montt Ap.,-41.4475,-73.09583,3.2083333333333335,8.0
2001-06-22,430001.0,Quellón Ad.,-43.13361,-73.63278,4.3,6.0
2001-06-22,430002.0,Futaleufú Ad.,-43.18889,-71.85222,2.4,6.0
2001-06-22,450001.0,Puerto Aysén Ad.,-45.39944,-72.67722,1.25,6.0
2001-06-22,450004.0,"Teniente Vidal, Coyhaique Ad.",-45.59083,-72.10222,4.2,7.0
2001-06-22,450005.0,Balmaceda Ad.,-45.91833,-71.67778,3.75,8.0
2001-06-22,520006.0,"Carlos Ibañez, Punta Arenas Ap.",-53.00167,-70.83861,7.333333333333333,16.0
2001-06-22,530005.0,"Fuentes Martínez, Porvenir Ad.",-53.25361,-70.32611,16.636363636363637,25.0
2001-06-22,550001.0,"Guardiamarina Zañartu, Pto Williams Ad.",-54.93167,-67.61556,10.333333333333334,15.0
2001-06-22,950001.0,"C.M.A. Eduardo Frei Montalva, Antártica ",-62.19194,-58.97972,24.0,40.0
2001-06-23,180005.0,"Chacalluta, Arica Ap.",-18.35555,-70.34028,4.708333333333333,11.0
2001-06-23,200006.0,Diego Aracena Iquique Ap.,-20.54917,-70.18111,6.458333333333333,14.0
2001-06-23,220002.0,"El Loa, Calama Ad.",-22.49806,-68.8925,14.6875,22.0
2001-06-23,270001.0,Mataveri  Isla de Pascua Ap.,-27.15889,-109.4325,5.666666666666667,8.0
2001-06-23,290004.0,"La Florida, La Serena Ad.",-29.91444,-71.20667,5.0,9.0
2001-06-23,330007.0,"Rodelillo, Ad.",-33.06528,-71.55639,11.636363636363637,18.0
2001-06-23,330019.0,"Eulogio Sánchez, Tobalaba Ad.",-33.45528,-70.54861,0.9090909090909091,2.0
2001-06-23,330020.0,"Quinta Normal, Santiago",-33.445,-70.68278,2.0,4.0
2001-06-23,330021.0,Pudahuel Santiago ,-33.37833,-70.78778,4.958333333333333,16.0
2001-06-23,330030.0,"Santo Domingo, Ad.",-33.65611,-71.61333,4.230769230769231,8.0
2001-06-23,330031.0,"Juan Fernández, Estación Meteorológica.",-33.63583,-78.83305,11.0,12.0
2001-06-23,340031.0,"General Freire, Curicó Ad.",-34.96944,-71.21694,4.5,13.0
2001-06-23,360011.0,"General Bernardo O'Higgins, Chillán Ad.",-36.58583,-72.03667,5.333333333333333,7.0
2001-06-23,360019.0,"Carriel Sur, Concepción Ap.",-36.78055,-73.06639,3.9583333333333335,8.0
2001-06-23,370033.0,"María Dolores, Los Angeles Ad.",-37.39694,-72.42389,7.75,11.0
2001-06-23,380013.0,"Maquehue, Temuco Ad.",-38.76778,-72.63194,5.083333333333333,15.0
2001-06-23,390006.0,"Pichoy, Valdivia Ad.",-39.65667,-73.08722,3.5,5.0
2001-06-23,400009.0,"Cañal Bajo,  Osorno Ad.",-40.61444,-73.0575,3.3076923076923075,5.0
2001-06-23,410005.0,El Tepual  Puerto Montt Ap.,-41.4475,-73.09583,5.041666666666667,10.0
2001-06-23,430002.0,Futaleufú Ad.,-43.18889,-71.85222,0.0,0.0
2001-06-23,450004.0,"Teniente Vidal, Coyhaique Ad.",-45.59083,-72.10222,1.2,3.0
2001-06-23,450005.0,Balmaceda Ad.,-45.91833,-71.67778,1.4166666666666667,5.0
2001-06-23,520006.0,"Carlos Ibañez, Punta Arenas Ap.",-53.00167,-70.83861,3.5416666666666665,6.0
2001-06-23,530005.0,"Fuentes Martínez, Porvenir Ad.",-53.25361,-70.32611,6.454545454545454,10.0
2001-06-23,950001.0,"C.M.A. Eduardo Frei Montalva, Antártica ",-62.19194,-58.97972,11.272727272727273,16.0
2001-06-24,180005.0,"Chacalluta, Arica Ap.",-18.35555,-70.34028,4.166666666666667,10.0
2001-06-24,200006.0,Diego Aracena Iquique Ap.,-20.54917,-70.18111,6.625,12.0
2001-06-24,220002.0,"El Loa, Calama Ad.",-22.49806,-68.8925,17.545454545454547,26.0
2001-06-24,270001.0,Mataveri  Isla de Pascua Ap.,-27.15889,-109.4325,6.166666666666667,9.0
2001-06-24,290004.0,"La Florida, La Serena Ad.",-29.91444,-71.20667,5.411764705882353,9.0
2001-06-24,330007.0,"Rodelillo, Ad.",-33.06528,-71.55639,9.818181818181818,15.0
2001-06-24,330019.0,"Eulogio Sánchez, Tobalaba Ad.",-33.45528,-70.54861,0.6363636363636364,2.0
2001-06-24,330020.0,"Quinta Normal, Santiago",-33.445,-70.68278,1.2,2.0
2001-06-24,330021.0,Pudahuel Santiago ,-33.37833,-70.78778,2.72,8.0
2001-06-24,330030.0,"Santo Domingo, Ad.",-33.65611,-71.61333,5.538461538461538,10.0
2001-06-24,330031.0,"Juan Fernández, Estación Meteorológica.",-33.63583,-78.83305,6.5,8.0
2001-06-24,340031.0,"General Freire, Curicó Ad.",-34.96944,-71.21694,3.2,7.0
2001-06-24,360011.0,"General Bernardo O'Higgins, Chillán Ad.",-36.58583,-72.03667,5.666666666666667,7.0
2001-06-24,360019.0,"Carriel Sur, Concepción Ap.",-36.78055,-73.06639,4.333333333333333,7.0
2001-06-24,370033.0,"María Dolores, Los Angeles Ad.",-37.39694,-72.42389,5.0,8.0
2001-06-24,380013.0,"Maquehue, Temuco Ad.",-38.76778,-72.63194,2.28,5.0
2001-06-24,390006.0,"Pichoy, Valdivia Ad.",-39.65667,-73.08722,1.0,2.0
2001-06-24,400009.0,"Cañal Bajo,  Osorno Ad.",-40.61444,-73.0575,0.6923076923076923,4.0
2001-06-24,410005.0,El Tepual  Puerto Montt Ap.,-41.4475,-73.09583,2.2916666666666665,7.0
2001-06-24,430002.0,Futaleufú Ad.,-43.18889,-71.85222,0.0,0.0
2001-06-24,450004.0,"Teniente Vidal, Coyhaique Ad.",-45.59083,-72.10222,8.4,13.0
2001-06-24,450005.0,Balmaceda Ad.,-45.91833,-71.67778,16.583333333333332,23.0
2001-06-24,520006.0,"Carlos Ibañez, Punta Arenas Ap.",-53.00167,-70.83861,8.25,19.0
2001-06-24,950001.0,"C.M.A. Eduardo Frei Montalva, Antártica ",-62.19194,-58.97972,13.25,17.0
2001-06-25,180005.0,"Chacalluta, Arica Ap.",-18.35555,-70.34028,3.6666666666666665,9.0
2001-06-25,200006.0,Diego Aracena Iquique Ap.,-20.54917,-70.18111,5.041666666666667,9.0
2001-06-25,220002.0,"El Loa, Calama Ad.",-22.49806,-68.8925,12.3125,23.0
2001-06-25,270001.0,Mataveri  Isla de Pascua Ap.,-27.15889,-109.4325,5.333333333333333,9.0
2001-06-25,290004.0,"La Florida, La Serena Ad.",-29.91444,-71.20667,5.705882352941177,9.0
2001-06-25,330007.0,"Rodelillo, Ad.",-33.06528,-71.55639,5.818181818181818,8.0
2001-06-25,330019.0,"Eulogio Sánchez, Tobalaba Ad.",-33.45528,-70.54861,0.7272727272727273,2.0
2001-06-25,330020.0,"Quinta Normal, Santiago",-33.445,-70.68278,0.8,4.0
2001-06-25,330021.0,Pudahuel Santiago ,-33.37833,-70.78778,2.4166666666666665,6.0
2001-06-25,330030.0,"Santo Domingo, Ad.",-33.65611,-71.61333,5.461538461538462,10.0
2001-06-25,330031.0,"Juan Fernández, Estación Meteorológica.",-33.63583,-78.83305,6.4,8.0
2001-06-25,340031.0,"General Freire, Curicó Ad.",-34.96944,-71.21694,4.3,7.0
2001-06-25,360011.0,"General Bernardo O'Higgins, Chillán Ad.",-36.58583,-72.03667,11.0,17.0
2001-06-25,360019.0,"Carriel Sur, Concepción Ap.",-36.78055,-73.06639,5.333333333333333,12.0
2001-06-25,370033.0,"María Dolores, Los Angeles Ad.",-37.39694,-72.42389,12.75,16.0
2001-06-25,380013.0,"Maquehue, Temuco Ad.",-38.76778,-72.63194,1.4615384615384615,3.0
2001-06-25,390006.0,"Pichoy, Valdivia Ad.",-39.65667,-73.08722,0.75,2.0
2001-06-25,400009.0,"Cañal Bajo,  Osorno Ad.",-40.61444,-73.0575,6.3076923076923075,10.0
2001-06-25,410005.0,El Tepual  Puerto Montt Ap.,-41.4475,-73.09583,6.291666666666667,10.0
2001-06-25,430001.0,Quellón Ad.,-43.13361,-73.63278,6.1,9.0
2001-06-25,430002.0,Futaleufú Ad.,-43.18889,-71.85222,9.75,15.0
2001-06-25,450001.0,Puerto Aysén Ad.,-45.39944,-72.67722,4.75,10.0
2001-06-25,450004.0,"Teniente Vidal, Coyhaique Ad.",-45.59083,-72.10222,5.2,8.0
2001-06-25,450005.0,Balmaceda Ad.,-45.91833,-71.67778,15.833333333333334,19.0
2001-06-25,520006.0,"Carlos Ibañez, Punta Arenas Ap.",-53.00167,-70.83861,19.625,28.0
2001-06-25,530005.0,"Fuentes Martínez, Porvenir Ad.",-53.25361,-70.32611,16.363636363636363,21.0
2001-06-25,550001.0,"Guardiamarina Zañartu, Pto Williams Ad.",-54.93167,-67.61556,15.666666666666666,20.0
2001-06-25,950001.0,"C.M.A. Eduardo Frei Montalva, Antártica ",-62.19194,-58.97972,9.625,12.0
2001-06-26,180005.0,"Chacalluta, Arica Ap.",-18.35555,-70.34028,4.0,11.0
2001-06-26,200006.0,Diego Aracena Iquique Ap.,-20.54917,-70.18111,3.9166666666666665,9.0
2001-06-26,220002.0,"El Loa, Calama Ad.",-22.49806,-68.8925,16.8125,28.0
2001-06-26,270001.0,Mataveri  Isla de Pascua Ap.,-27.15889,-109.4325,8.0,10.0
2001-06-26,290004.0,"La Florida, La Serena Ad.",-29.91444,-71.20667,5.117647058823529,12.0
2001-06-26,330007.0,"Rodelillo, Ad.",-33.06528,-71.55639,1.5454545454545454,3.0
2001-06-26,330019.0,"Eulogio Sánchez, Tobalaba Ad.",-33.45528,-70.54861,0.0,0.0
2001-06-26,330020.0,"Quinta Normal, Santiago",-33.445,-70.68278,0.0,0.0
2001-06-26,330021.0,Pudahuel Santiago ,-33.37833,-70.78778,1.5,4.0
2001-06-26,330030.0,"Santo Domingo, Ad.",-33.65611,-71.61333,3.3846153846153846,7.0
2001-06-26,330031.0,"Juan Fernández, Estación Meteorológica.",-33.63583,-78.83305,2.0,8.0
2001-06-26,340031.0,"General Freire, Curicó Ad.",-34.96944,-71.21694,4.0,6.0
2001-06-26,360011.0,"General Bernardo O'Higgins, Chillán Ad.",-36.58583,-72.03667,7.0,10.0
2001-06-26,360019.0,"Carriel Sur, Concepción Ap.",-36.78055,-73.06639,6.833333333333333,11.0
2001-06-26,370033.0,"María Dolores, Los Angeles Ad.",-37.39694,-72.42389,13.75,19.0
2001-06-26,380013.0,"Maquehue, Temuco Ad.",-38.76778,-72.63194,2.12,5.0
2001-06-26,390006.0,"Pichoy, Valdivia Ad.",-39.65667,-73.08722,1.75,4.0
2001-06-26,400009.0,"Cañal Bajo,  Osorno Ad.",-40.61444,-73.0575,3.3846153846153846,6.0
2001-06-26,410005.0,El Tepual  Puerto Montt Ap.,-41.4475,-73.09583,2.6666666666666665,6.0
2001-06-26,430001.0,Quellón Ad.,-43.13361,-73.63278,4.6,6.0
2001-06-26,430002.0,Futaleufú Ad.,-43.18889,-71.85222,4.8,10.0
2001-06-26,450001.0,Puerto Aysén Ad.,-45.39944,-72.67722,0.5,4.0
2001-06-26,450004.0,"Teniente Vidal, Coyhaique Ad.",-45.59083,-72.10222,3.2,6.0
2001-06-26,450005.0,Balmaceda Ad.,-45.91833,-71.67778,15.5,21.0
2001-06-26,520006.0,"Carlos Ibañez, Punta Arenas Ap.",-53.00167,-70.83861,13.125,25.0
2001-06-26,530005.0,"Fuentes Martínez, Porvenir Ad.",-53.25361,-70.32611,8.181818181818182,20.0
2001-06-26,550001.0,"Guardiamarina Zañartu, Pto Williams Ad.",-54.93167,-67.61556,6.555555555555555,15.0
2001-06-26,950001.0,"C.M.A. Eduardo Frei Montalva, Antártica ",-62.19194,-58.97972,13.363636363636363,39.0
2001-06-27,180005.0,"Chacalluta, Arica Ap.",-18.35555,-70.34028,4.16,11.0
2001-06-27,200006.0,Diego Aracena Iquique Ap.,-20.54917,-70.18111,4.791666666666667,8.0
2001-06-27,220002.0,"El Loa, Calama Ad.",-22.49806,-68.8925,11.25,25.0
2001-06-27,270001.0,Mataveri  Isla de Pascua Ap.,-27.15889,-109.4325,11.166666666666666,15.0
2001-06-27,290004.0,"La Florida, La Serena Ad.",-29.91444,-71.20667,3.823529411764706,8.0
2001-06-27,330007.0,"Rodelillo, Ad.",-33.06528,-71.55639,6.090909090909091,9.0
2001-06-27,330019.0,"Eulogio Sánchez, Tobalaba Ad.",-33.45528,-70.54861,1.3636363636363635,3.0
2001-06-27,330020.0,"Quinta Normal, Santiago",-33.445,-70.68278,3.2,8.0
2001-06-27,330021.0,Pudahuel Santiago ,-33.37833,-70.78778,4.041666666666667,12.0
2001-06-27,330030.0,"Santo Domingo, Ad.",-33.65611,-71.61333,3.6153846153846154,8.0
2001-06-27,330031.0,"Juan Fernández, Estación Meteorológica.",-33.63583,-78.83305,3.4,6.0
2001-06-27,340031.0,"General Freire, Curicó Ad.",-34.96944,-71.21694,2.5,6.0
2001-06-27,360011.0,"General Bernardo O'Higgins, Chillán Ad.",-36.58583,-72.03667,3.3333333333333335,4.0
2001-06-27,360019.0,"Carriel Sur, Concepción Ap.",-36.78055,-73.06639,4.291666666666667,6.0
2001-06-27,370033.0,"María Dolores, Los Angeles Ad.",-37.39694,-72.42389,6.25,9.0
2001-06-27,380013.0,"Maquehue, Temuco Ad.",-38.76778,-72.63194,1.56,4.0
2001-06-27,390006.0,"Pichoy, Valdivia Ad.",-39.65667,-73.08722,2.0,4.0
2001-06-27,400009.0,"Cañal Bajo,  Osorno Ad.",-40.61444,-73.0575,3.5714285714285716,6.0
2001-06-27,410005.0,El Tepual  Puerto Montt Ap.,-41.4475,-73.09583,3.375,11.0
2001-06-27,430001.0,Quellón Ad.,-43.13361,-73.63278,5.5,7.0
2001-06-27,430002.0,Futaleufú Ad.,-43.18889,-71.85222,4.0,10.0
2001-06-27,450001.0,Puerto Aysén Ad.,-45.39944,-72.67722,2.25,8.0
2001-06-27,450004.0,"Teniente Vidal, Coyhaique Ad.",-45.59083,-72.10222,8.8,15.0
2001-06-27,450005.0,Balmaceda Ad.,-45.91833,-71.67778,13.541666666666666,26.0
2001-06-27,520006.0,"Carlos Ibañez, Punta Arenas Ap.",-53.00167,-70.83861,5.846153846153846,14.0
2001-06-27,530005.0,"Fuentes Martínez, Porvenir Ad.",-53.25361,-70.32611,3.3636363636363638,7.0
2001-06-27,550001.0,"Guardiamarina Zañartu, Pto Williams Ad.",-54.93167,-67.61556,3.4,10.0
2001-06-27,950001.0,"C.M.A. Eduardo Frei Montalva, Antártica ",-62.19194,-58.97972,22.583333333333332,32.0
2001-06-28,180005.0,"Chacalluta, Arica Ap.",-18.35555,-70.34028,4.458333333333333,11.0
2001-06-28,200006.0,Diego Aracena Iquique Ap.,-20.54917,-70.18111,8.25,16.0
2001-06-28,220002.0,"El Loa, Calama Ad.",-22.49806,-68.8925,12.375,23.0
2001-06-28,270001.0,Mataveri  Isla de Pascua Ap.,-27.15889,-109.4325,10.833333333333334,15.0
2001-06-28,290004.0,"La Florida, La Serena Ad.",-29.91444,-71.20667,5.411764705882353,9.0
2001-06-28,330007.0,"Rodelillo, Ad.",-33.06528,-71.55639,3.727272727272727,8.0
2001-06-28,330019.0,"Eulogio Sánchez, Tobalaba Ad.",-33.45528,-70.54861,0.18181818181818182,2.0
2001-06-28,330020.0,"Quinta Normal, Santiago",-33.445,-70.68278,1.6,3.0
2001-06-28,330021.0,Pudahuel Santiago ,-33.37833,-70.78778,2.4,5.0
2001-06-28,330030.0,"Santo Domingo, Ad.",-33.65611,-71.61333,2.6923076923076925,5.0
2001-06-28,330031.0,"Juan Fernández, Estación Meteorológica.",-33.63583,-78.83305,1.4,4.0
2001-06-28,340031.0,"General Freire, Curicó Ad.",-34.96944,-71.21694,3.7,8.0
2001-06-28,360011.0,"General Bernardo O'Higgins, Chillán Ad.",-36.58583,-72.03667,2.6666666666666665,3.0
2001-06-28,360019.0,"Carriel Sur, Concepción Ap.",-36.78055,-73.06639,4.5,8.0
2001-06-28,370033.0,"María Dolores, Los Angeles Ad.",-37.39694,-72.42389,1.0,2.0
2001-06-28,380013.0,"Maquehue, Temuco Ad.",-38.76778,-72.63194,1.962962962962963,5.0
2001-06-28,390006.0,"Pichoy, Valdivia Ad.",-39.65667,-73.08722,0.75,2.0
2001-06-28,400009.0,"Cañal Bajo,  Osorno Ad.",-40.61444,-73.0575,1.4615384615384615,4.0
2001-06-28,410005.0,El Tepual  Puerto Montt Ap.,-41.4475,-73.09583,0.8333333333333334,3.0
2001-06-28,430001.0,Quellón Ad.,-43.13361,-73.63278,3.4,5.0
2001-06-28,430002.0,Futaleufú Ad.,-43.18889,-71.85222,1.6,8.0
2001-06-28,450001.0,Puerto Aysén Ad.,-45.39944,-72.67722,3.5,6.0
2001-06-28,450004.0,"Teniente Vidal, Coyhaique Ad.",-45.59083,-72.10222,3.8,7.0
2001-06-28,450005.0,Balmaceda Ad.,-45.91833,-71.67778,11.0,20.0
2001-06-28,520006.0,"Carlos Ibañez, Punta Arenas Ap.",-53.00167,-70.83861,15.708333333333334,29.0
2001-06-28,530005.0,"Fuentes Martínez, Porvenir Ad.",-53.25361,-70.32611,10.727272727272727,18.0
2001-06-28,550001.0,"Guardiamarina Zañartu, Pto Williams Ad.",-54.93167,-67.61556,12.454545454545455,20.0
2001-06-28,950001.0,"C.M.A. Eduardo Frei Montalva, Antártica ",-62.19194,-58.97972,13.2,19.0
2001-06-29,180005.0,"Chacalluta, Arica Ap.",-18.35555,-70.34028,4.5,13.0
2001-06-29,200006.0,Diego Aracena Iquique Ap.,-20.54917,-70.18111,5.708333333333333,16.0
2001-06-29,220002.0,"El Loa, Calama Ad.",-22.49806,-68.8925,16.8,23.0
2001-06-29,270001.0,Mataveri  Isla de Pascua Ap.,-27.15889,-109.4325,6.666666666666667,8.0
2001-06-29,290004.0,"La Florida, La Serena Ad.",-29.91444,-71.20667,5.352941176470588,9.0
2001-06-29,330007.0,"Rodelillo, Ad.",-33.06528,-71.55639,5.454545454545454,8.0
2001-06-29,330019.0,"Eulogio Sánchez, Tobalaba Ad.",-33.45528,-70.54861,0.0,0.0
2001-06-29,330020.0,"Quinta Normal, Santiago",-33.445,-70.68278,0.4,2.0
2001-06-29,330021.0,Pudahuel Santiago ,-33.37833,-70.78778,2.888888888888889,5.0
2001-06-29,330030.0,"Santo Domingo, Ad.",-33.65611,-71.61333,4.3076923076923075,8.0
2001-06-29,330031.0,"Juan Fernández, Estación Meteorológica.",-33.63583,-78.83305,6.0,8.0
2001-06-29,340031.0,"General Freire, Curicó Ad.",-34.96944,-71.21694,4.9,9.0
2001-06-29,360011.0,"General Bernardo O'Higgins, Chillán Ad.",-36.58583,-72.03667,6.333333333333333,8.0
2001-06-29,360019.0,"Carriel Sur, Concepción Ap.",-36.78055,-73.06639,7.916666666666667,18.0
2001-06-29,370033.0,"María Dolores, Los Angeles Ad.",-37.39694,-72.42389,7.0,14.0
2001-06-29,380013.0,"Maquehue, Temuco Ad.",-38.76778,-72.63194,5.083333333333333,16.0
2001-06-29,390006.0,"Pichoy, Valdivia Ad.",-39.65667,-73.08722,10.25,13.0
2001-06-29,400009.0,"Cañal Bajo,  Osorno Ad.",-40.61444,-73.0575,8.0,12.0
2001-06-29,410005.0,El Tepual  Puerto Montt Ap.,-41.4475,-73.09583,7.625,17.0
2001-06-29,430001.0,Quellón Ad.,-43.13361,-73.63278,6.6,8.0
2001-06-29,430002.0,Futaleufú Ad.,-43.18889,-71.85222,2.4,5.0
2001-06-29,450001.0,Puerto Aysén Ad.,-45.39944,-72.67722,2.25,6.0
2001-06-29,450004.0,"Teniente Vidal, Coyhaique Ad.",-45.59083,-72.10222,4.2,8.0
2001-06-29,450005.0,Balmaceda Ad.,-45.91833,-71.67778,3.9166666666666665,11.0
2001-06-29,520006.0,"Carlos Ibañez, Punta Arenas Ap.",-53.00167,-70.83861,5.833333333333333,10.0
2001-06-29,530005.0,"Fuentes Martínez, Porvenir Ad.",-53.25361,-70.32611,5.363636363636363,15.0
2001-06-29,550001.0,"Guardiamarina Zañartu, Pto Williams Ad.",-54.93167,-67.61556,5.125,8.0
2001-06-29,950001.0,"C.M.A. Eduardo Frei Montalva, Antártica ",-62.19194,-58.97972,10.666666666666666,15.0
2001-06-30,180005.0,"Chacalluta, Arica Ap.",-18.35555,-70.34028,4.5,9.0
2001-06-30,200006.0,Diego Aracena Iquique Ap.,-20.54917,-70.18111,5.625,11.0
2001-06-30,220002.0,"El Loa, Calama Ad.",-22.49806,-68.8925,10.75,17.0
2001-06-30,270001.0,Mataveri  Isla de Pascua Ap.,-27.15889,-109.4325,5.833333333333333,8.0
2001-06-30,290004.0,"La Florida, La Serena Ad.",-29.91444,-71.20667,5.529411764705882,10.0
2001-06-30,330007.0,"Rodelillo, Ad.",-33.06528,-71.55639,4.636363636363637,10.0
2001-06-30,330019.0,"Eulogio Sánchez, Tobalaba Ad.",-33.45528,-70.54861,0.18181818181818182,2.0
2001-06-30,330020.0,"Quinta Normal, Santiago",-33.445,-70.68278,1.8,3.0
2001-06-30,330021.0,Pudahuel Santiago ,-33.37833,-70.78778,3.4166666666666665,7.0
2001-06-30,330030.0,"Santo Domingo, Ad.",-33.65611,-71.61333,2.923076923076923,8.0
2001-06-30,330031.0,"Juan Fernández, Estación Meteorológica.",-33.63583,-78.83305,10.75,16.0
2001-06-30,340031.0,"General Freire, Curicó Ad.",-34.96944,-71.21694,2.8,5.0
2001-06-30,360011.0,"General Bernardo O'Higgins, Chillán Ad.",-36.58583,-72.03667,14.0,15.0
2001-06-30,360019.0,"Carriel Sur, Concepción Ap.",-36.78055,-73.06639,15.0,18.0
2001-06-30,370033.0,"María Dolores, Los Angeles Ad.",-37.39694,-72.42389,14.25,15.0
2001-06-30,380013.0,"Maquehue, Temuco Ad.",-38.76778,-72.63194,10.0,16.0
2001-06-30,390006.0,"Pichoy, Valdivia Ad.",-39.65667,-73.08722,17.25,27.0
2001-06-30,400009.0,"Cañal Bajo,  Osorno Ad.",-40.61444,-73.0575,10.076923076923077,14.0
2001-06-30,410005.0,El Tepual  Puerto Montt Ap.,-41.4475,-73.09583,11.333333333333334,17.0
2001-06-30,430002.0,Futaleufú Ad.,-43.18889,-71.85222,8.8,18.0
2001-06-30,450004.0,"Teniente Vidal, Coyhaique Ad.",-45.59083,-72.10222,6.2,10.0
2001-06-30,450005.0,Balmaceda Ad.,-45.91833,-71.67778,11.166666666666666,22.0
2001-06-30,520006.0,"Carlos Ibañez, Punta Arenas Ap.",-53.00167,-70.83861,5.375,9.0
2001-06-30,530005.0,"Fuentes Martínez, Porvenir Ad.",-53.25361,-70.32611,9.545454545454545,20.0
2001-06-30,950001.0,"C.M.A. Eduardo Frei Montalva, Antártica ",-62.19194,-58.97972,16.0,29.0
2001-07-01,180005.0,"Chacalluta, Arica Ap.",-18.35555,-70.34028,3.8333333333333335,11.0
2001-07-01,200006.0,Diego Aracena Iquique Ap.,-20.54917,-70.18111,3.9583333333333335,9.0
2001-07-01,220002.0,"El Loa, Calama Ad.",-22.49806,-68.8925,14.0,24.0
2001-07-01,270001.0,Mataveri  Isla de Pascua Ap.,-27.15889,-109.4325,6.166666666666667,9.0
2001-07-01,290004.0,"La Florida, La Serena Ad.",-29.91444,-71.20667,5.705882352941177,11.0
2001-07-01,330007.0,"Rodelillo, Ad.",-33.06528,-71.55639,5.7272727272727275,12.0
2001-07-01,330019.0,"Eulogio Sánchez, Tobalaba Ad.",-33.45528,-70.54861,0.18181818181818182,2.0
2001-07-01,330020.0,"Quinta Normal, Santiago",-33.445,-70.68278,1.6,6.0
2001-07-01,330021.0,Pudahuel Santiago ,-33.37833,-70.78778,4.5,12.0
2001-07-01,330030.0,"Santo Domingo, Ad.",-33.65611,-71.61333,2.8461538461538463,6.0
2001-07-01,330031.0,"Juan Fernández, Estación Meteorológica.",-33.63583,-78.83305,1.5,6.0
2001-07-01,340031.0,"General Freire, Curicó Ad.",-34.96944,-71.21694,3.6,7.0
2001-07-01,360011.0,"General Bernardo O'Higgins, Chillán Ad.",-36.58583,-72.03667,3.6666666666666665,4.0
2001-07-01,360019.0,"Carriel Sur, Concepción Ap.",-36.78055,-73.06639,5.416666666666667,10.0
2001-07-01,370033.0,"María Dolores, Los Angeles Ad.",-37.39694,-72.42389,4.0,5.0
2001-07-01,380013.0,"Maquehue, Temuco Ad.",-38.76778,-72.63194,2.2083333333333335,5.0
2001-07-01,390006.0,"Pichoy, Valdivia Ad.",-39.65667,-73.08722,0.75,1.0
2001-07-01,400009.0,"Cañal Bajo,  Osorno Ad.",-40.61444,-73.0575,2.2857142857142856,6.0
2001-07-01,410005.0,El Tepual  Puerto Montt Ap.,-41.4475,-73.09583,3.7083333333333335,10.0
2001-07-01,430002.0,Futaleufú Ad.,-43.18889,-71.85222,0.0,0.0
2001-07-01,450004.0,"Teniente Vidal, Coyhaique Ad.",-45.59083,-72.10222,6.6,12.0
2001-07-01,450005.0,Balmaceda Ad.,-45.91833,-71.67778,13.625,18.0
2001-07-01,520006.0,"Carlos Ibañez, Punta Arenas Ap.",-53.00167,-70.83861,14.2,23.0
2001-07-01,950001.0,"C.M.A. Eduardo Frei Montalva, Antártica ",-62.19194,-58.97972,31.25,36.0
2001-07-02,180005.0,"Chacalluta, Arica Ap.",-18.35555,-70.34028,4.666666666666667,11.0
2001-07-02,200006.0,Diego Aracena Iquique Ap.,-20.54917,-70.18111,4.875,11.0
2001-07-02,220002.0,"El Loa, Calama Ad.",-22.49806,-68.8925,13.5625,28.0
2001-07-02,270001.0,Mataveri  Isla de Pascua Ap.,-27.15889,-109.4325,9.0,13.0
2001-07-02,290004.0,"La Florida, La Serena Ad.",-29.91444,-71.20667,5.529411764705882,11.0
2001-07-02,330007.0,"Rodelillo, Ad.",-33.06528,-71.55639,5.454545454545454,12.0
2001-07-02,330019.0,"Eulogio Sánchez, Tobalaba Ad.",-33.45528,-70.54861,0.45454545454545453,2.0
2001-07-02,330020.0,"Quinta Normal, Santiago",-33.445,-70.68278,1.6,4.0
2001-07-02,330021.0,Pudahuel Santiago ,-33.37833,-70.78778,2.7916666666666665,10.0
2001-07-02,330030.0,"Santo Domingo, Ad.",-33.65611,-71.61333,2.3846153846153846,7.0
2001-07-02,330031.0,"Juan Fernández, Estación Meteorológica.",-33.63583,-78.83305,5.75,8.0
2001-07-02,340031.0,"General Freire, Curicó Ad.",-34.96944,-71.21694,3.1,6.0
2001-07-02,360011.0,"General Bernardo O'Higgins, Chillán Ad.",-36.58583,-72.03667,10.0,10.0
2001-07-02,360019.0,"Carriel Sur, Concepción Ap.",-36.78055,-73.06639,11.666666666666666,18.0
2001-07-02,370033.0,"María Dolores, Los Angeles Ad.",-37.39694,-72.42389,11.25,15.0
2001-07-02,380013.0,"Maquehue, Temuco Ad.",-38.76778,-72.63194,5.8076923076923075,11.0
2001-07-02,390006.0,"Pichoy, Valdivia Ad.",-39.65667,-73.08722,8.5,12.0
2001-07-02,400009.0,"Cañal Bajo,  Osorno Ad.",-40.61444,-73.0575,6.461538461538462,13.0
2001-07-02,410005.0,El Tepual  Puerto Montt Ap.,-41.4475,-73.09583,9.666666666666666,19.0
2001-07-02,430002.0,Futaleufú Ad.,-43.18889,-71.85222,0.0,0.0
2001-07-02,450004.0,"Teniente Vidal, Coyhaique Ad.",-45.59083,-72.10222,5.8,10.0
2001-07-02,450005.0,Balmaceda Ad.,-45.91833,-71.67778,5.791666666666667,16.0
2001-07-02,520006.0,"Carlos Ibañez, Punta Arenas Ap.",-53.00167,-70.83861,7.125,15.0
2001-07-02,530005.0,"Fuentes Martínez, Porvenir Ad.",-53.25361,-70.32611,11.727272727272727,15.0
2001-07-02,950001.0,"C.M.A. Eduardo Frei Montalva, Antártica ",-62.19194,-58.97972,11.875,23.0
2001-07-03,180005.0,"Chacalluta, Arica Ap.",-18.35555,-70.34028,3.7916666666666665,10.0
2001-07-03,200006.0,Diego Aracena Iquique Ap.,-20.54917,-70.18111,5.916666666666667,9.0
2001-07-03,220002.0,"El Loa, Calama Ad.",-22.49806,-68.8925,13.6875,25.0
2001-07-03,270001.0,Mataveri  Isla de Pascua Ap.,-27.15889,-109.4325,17.833333333333332,21.0
2001-07-03,290004.0,"La Florida, La Serena Ad.",-29.91444,-71.20667,5.9411764705882355,12.0
2001-07-03,330007.0,"Rodelillo, Ad.",-33.06528,-71.55639,5.7272727272727275,7.0
2001-07-03,330019.0,"Eulogio Sánchez, Tobalaba Ad.",-33.45528,-70.54861,0.0,0.0
2001-07-03,330020.0,"Quinta Normal, Santiago",-33.445,-70.68278,0.8,2.0
2001-07-03,330021.0,Pudahuel Santiago ,-33.37833,-70.78778,3.4166666666666665,8.0
2001-07-03,330030.0,"Santo Domingo, Ad.",-33.65611,-71.61333,2.076923076923077,6.0
2001-07-03,330031.0,"Juan Fernández, Estación Meteorológica.",-33.63583,-78.83305,6.8,10.0
2001-07-03,340031.0,"General Freire, Curicó Ad.",-34.96944,-71.21694,5.7,7.0
2001-07-03,360011.0,"General Bernardo O'Higgins, Chillán Ad.",-36.58583,-72.03667,7.666666666666667,10.0
2001-07-03,360019.0,"Carriel Sur, Concepción Ap.",-36.78055,-73.06639,11.291666666666666,14.0
2001-07-03,370033.0,"María Dolores, Los Angeles Ad.",-37.39694,-72.42389,14.5,21.0
2001-07-03,380013.0,"Maquehue, Temuco Ad.",-38.76778,-72.63194,10.833333333333334,19.0
2001-07-03,390006.0,"Pichoy, Valdivia Ad.",-39.65667,-73.08722,13.75,22.0
2001-07-03,400009.0,"Cañal Bajo,  Osorno Ad.",-40.61444,-73.0575,12.692307692307692,16.0
2001-07-03,410005.0,El Tepual  Puerto Montt Ap.,-41.4475,-73.09583,9.25,16.0
2001-07-03,430001.0,Quellón Ad.,-43.13361,-73.63278,7.2,10.0
2001-07-03,430002.0,Futaleufú Ad.,-43.18889,-71.85222,7.2,16.0
2001-07-03,450001.0,Puerto Aysén Ad.,-45.39944,-72.67722,1.0,4.0
2001-07-03,450004.0,"Teniente Vidal, Coyhaique Ad.",-45.59083,-72.10222,6.6,10.0
2001-07-03,450005.0,Balmaceda Ad.,-45.91833,-71.67778,11.791666666666666,20.0
2001-07-03,520006.0,"Carlos Ibañez, Punta Arenas Ap.",-53.00167,-70.83861,7.208333333333333,15.0
2001-07-03,530005.0,"Fuentes Martínez, Porvenir Ad.",-53.25361,-70.32611,19.727272727272727,27.0
2001-07-03,550001.0,"Guardiamarina Zañartu, Pto Williams Ad.",-54.93167,-67.61556,7.666666666666667,16.0
2001-07-03,950001.0,"C.M.A. Eduardo Frei Montalva, Antártica ",-62.19194,-58.97972,6.5,12.0
2001-07-04,180005.0,"Chacalluta, Arica Ap.",-18.35555,-70.34028,4.75,13.0
2001-07-04,200006.0,Diego Aracena Iquique Ap.,-20.54917,-70.18111,4.208333333333333,7.0
2001-07-04,220002.0,"El Loa, Calama Ad.",-22.49806,-68.8925,16.875,30.0
2001-07-04,270001.0,Mataveri  Isla de Pascua Ap.,-27.15889,-109.4325,8.5,12.0
2001-07-04,290004.0,"La Florida, La Serena Ad.",-29.91444,-71.20667,5.117647058823529,11.0
2001-07-04,330007.0,"Rodelillo, Ad.",-33.06528,-71.55639,4.545454545454546,8.0
2001-07-04,330019.0,"Eulogio Sánchez, Tobalaba Ad.",-33.45528,-70.54861,0.45454545454545453,3.0
2001-07-04,330020.0,"Quinta Normal, Santiago",-33.445,-70.68278,1.2,3.0
2001-07-04,330021.0,Pudahuel Santiago ,-33.37833,-70.78778,3.625,9.0
2001-07-04,330030.0,"Santo Domingo, Ad.",-33.65611,-71.61333,6.230769230769231,12.0
2001-07-04,330031.0,"Juan Fernández, Estación Meteorológica.",-33.63583,-78.83305,2.8,6.0
2001-07-04,340031.0,"General Freire, Curicó Ad.",-34.96944,-71.21694,6.9,10.0
2001-07-04,360011.0,"General Bernardo O'Higgins, Chillán Ad.",-36.58583,-72.03667,8.666666666666666,13.0
2001-07-04,360019.0,"Carriel Sur, Concepción Ap.",-36.78055,-73.06639,5.166666666666667,11.0
2001-07-04,370033.0,"María Dolores, Los Angeles Ad.",-37.39694,-72.42389,7.25,10.0
2001-07-04,380013.0,"Maquehue, Temuco Ad.",-38.76778,-72.63194,3.9166666666666665,9.0
2001-07-04,390006.0,"Pichoy, Valdivia Ad.",-39.65667,-73.08722,0.75,3.0
2001-07-04,400009.0,"Cañal Bajo,  Osorno Ad.",-40.61444,-73.0575,2.0,10.0
2001-07-04,410005.0,El Tepual  Puerto Montt Ap.,-41.4475,-73.09583,3.4583333333333335,8.0
2001-07-04,430001.0,Quellón Ad.,-43.13361,-73.63278,4.1,5.0
2001-07-04,430002.0,Futaleufú Ad.,-43.18889,-71.85222,7.6,14.0
2001-07-04,450001.0,Puerto Aysén Ad.,-45.39944,-72.67722,6.0,10.0
2001-07-04,450004.0,"Teniente Vidal, Coyhaique Ad.",-45.59083,-72.10222,3.2,5.0
2001-07-04,450005.0,Balmaceda Ad.,-45.91833,-71.67778,15.0,22.0
2001-07-04,520006.0,"Carlos Ibañez, Punta Arenas Ap.",-53.00167,-70.83861,13.833333333333334,22.0
2001-07-04,530005.0,"Fuentes Martínez, Porvenir Ad.",-53.25361,-70.32611,16.0,20.0
2001-07-04,550001.0,"Guardiamarina Zañartu, Pto Williams Ad.",-54.93167,-67.61556,14.777777777777779,21.0
2001-07-04,950001.0,"C.M.A. Eduardo Frei Montalva, Antártica ",-62.19194,-58.97972,12.0,20.0
2001-07-05,180005.0,"Chacalluta, Arica Ap.",-18.35555,-70.34028,3.375,10.0
2001-07-05,200006.0,Diego Aracena Iquique Ap.,-20.54917,-70.18111,5.208333333333333,14.0
2001-07-05,220002.0,"El Loa, Calama Ad.",-22.49806,-68.8925,15.1875,28.0
2001-07-05,270001.0,Mataveri  Isla de Pascua Ap.,-27.15889,-109.4325,5.5,9.0
2001-07-05,290004.0,"La Florida, La Serena Ad.",-29.91444,-71.20667,5.176470588235294,9.0
2001-07-05,330007.0,"Rodelillo, Ad.",-33.06528,-71.55639,7.545454545454546,12.0
2001-07-05,330019.0,"Eulogio Sánchez, Tobalaba Ad.",-33.45528,-70.54861,0.0,0.0
2001-07-05,330020.0,"Quinta Normal, Santiago",-33.445,-70.68278,0.4,2.0
2001-07-05,330021.0,Pudahuel Santiago ,-33.37833,-70.78778,1.92,5.0
2001-07-05,330030.0,"Santo Domingo, Ad.",-33.65611,-71.61333,4.769230769230769,7.0
2001-07-05,330031.0,"Juan Fernández, Estación Meteorológica.",-33.63583,-78.83305,4.8,6.0
2001-07-05,340031.0,"General Freire, Curicó Ad.",-34.96944,-71.21694,2.2,4.0
2001-07-05,360011.0,"General Bernardo O'Higgins, Chillán Ad.",-36.58583,-72.03667,3.0,4.0
2001-07-05,360019.0,"Carriel Sur, Concepción Ap.",-36.78055,-73.06639,4.375,9.0
2001-07-05,370033.0,"María Dolores, Los Angeles Ad.",-37.39694,-72.42389,3.75,5.0
2001-07-05,380013.0,"Maquehue, Temuco Ad.",-38.76778,-72.63194,2.4166666666666665,6.0
2001-07-05,390006.0,"Pichoy, Valdivia Ad.",-39.65667,-73.08722,2.0,4.0
2001-07-05,400009.0,"Cañal Bajo,  Osorno Ad.",-40.61444,-73.0575,1.4666666666666666,4.0
2001-07-05,410005.0,El Tepual  Puerto Montt Ap.,-41.4475,-73.09583,3.6666666666666665,10.0
2001-07-05,430001.0,Quellón Ad.,-43.13361,-73.63278,5.7,8.0
2001-07-05,430002.0,Futaleufú Ad.,-43.18889,-71.85222,0.0,0.0
2001-07-05,450001.0,Puerto Aysén Ad.,-45.39944,-72.67722,2.0,8.0
2001-07-05,450004.0,"Teniente Vidal, Coyhaique Ad.",-45.59083,-72.10222,3.8,7.0
2001-07-05,450005.0,Balmaceda Ad.,-45.91833,-71.67778,8.958333333333334,17.0
2001-07-05,520006.0,"Carlos Ibañez, Punta Arenas Ap.",-53.00167,-70.83861,9.041666666666666,16.0
2001-07-05,530005.0,"Fuentes Martínez, Porvenir Ad.",-53.25361,-70.32611,10.916666666666666,20.0
2001-07-05,550001.0,"Guardiamarina Zañartu, Pto Williams Ad.",-54.93167,-67.61556,5.666666666666667,8.0
2001-07-05,950001.0,"C.M.A. Eduardo Frei Montalva, Antártica ",-62.19194,-58.97972,9.75,16.0
2001-07-06,180005.0,"Chacalluta, Arica Ap.",-18.35555,-70.34028,4.5,10.0
2001-07-06,200006.0,Diego Aracena Iquique Ap.,-20.54917,-70.18111,5.333333333333333,10.0
2001-07-06,220002.0,"El Loa, Calama Ad.",-22.49806,-68.8925,11.6875,19.0
2001-07-06,270001.0,Mataveri  Isla de Pascua Ap.,-27.15889,-109.4325,8.0,10.0
2001-07-06,290004.0,"La Florida, La Serena Ad.",-29.91444,-71.20667,5.117647058823529,12.0
2001-07-06,330007.0,"Rodelillo, Ad.",-33.06528,-71.55639,13.272727272727273,16.0
2001-07-06,330019.0,"Eulogio Sánchez, Tobalaba Ad.",-33.45528,-70.54861,0.9090909090909091,3.0
2001-07-06,330020.0,"Quinta Normal, Santiago",-33.445,-70.68278,2.0,5.0
2001-07-06,330021.0,Pudahuel Santiago ,-33.37833,-70.78778,4.038461538461538,12.0
2001-07-06,330030.0,"Santo Domingo, Ad.",-33.65611,-71.61333,4.384615384615385,7.0
2001-07-06,330031.0,"Juan Fernández, Estación Meteorológica.",-33.63583,-78.83305,8.6,10.0
2001-07-06,340031.0,"General Freire, Curicó Ad.",-34.96944,-71.21694,5.3,11.0
2001-07-06,360011.0,"General Bernardo O'Higgins, Chillán Ad.",-36.58583,-72.03667,11.0,15.0
2001-07-06,360019.0,"Carriel Sur, Concepción Ap.",-36.78055,-73.06639,10.583333333333334,21.0
2001-07-06,370033.0,"María Dolores, Los Angeles Ad.",-37.39694,-72.42389,8.75,12.0
2001-07-06,380013.0,"Maquehue, Temuco Ad.",-38.76778,-72.63194,5.333333333333333,13.0
2001-07-06,390006.0,"Pichoy, Valdivia Ad.",-39.65667,-73.08722,9.5,11.0
2001-07-06,400009.0,"Cañal Bajo,  Osorno Ad.",-40.61444,-73.0575,11.692307692307692,17.0
2001-07-06,410005.0,El Tepual  Puerto Montt Ap.,-41.4475,-73.09583,12.875,22.0
2001-07-06,430001.0,Quellón Ad.,-43.13361,-73.63278,5.8,8.0
2001-07-06,430002.0,Futaleufú Ad.,-43.18889,-71.85222,1.2,3.0
2001-07-06,450001.0,Puerto Aysén Ad.,-45.39944,-72.67722,7.75,14.0
2001-07-06,450004.0,"Teniente Vidal, Coyhaique Ad.",-45.59083,-72.10222,4.4,7.0
2001-07-06,450005.0,Balmaceda Ad.,-45.91833,-71.67778,11.458333333333334,22.0
2001-07-06,520006.0,"Carlos Ibañez, Punta Arenas Ap.",-53.00167,-70.83861,6.125,12.0
2001-07-06,530005.0,"Fuentes Martínez, Porvenir Ad.",-53.25361,-70.32611,9.0,13.0
2001-07-06,550001.0,"Guardiamarina Zañartu, Pto Williams Ad.",-54.93167,-67.61556,6.1,10.0
2001-07-06,950001.0,"C.M.A. Eduardo Frei Montalva, Antártica ",-62.19194,-58.97972,25.875,39.0
2001-07-07,180005.0,"Chacalluta, Arica Ap.",-18.35555,-70.34028,4.041666666666667,11.0
2001-07-07,200006.0,Diego Aracena Iquique Ap.,-20.54917,-70.18111,5.708333333333333,13.0
2001-07-07,220002.0,"El Loa, Calama Ad.",-22.49806,-68.8925,13.75,26.0
2001-07-07,270001.0,Mataveri  Isla de Pascua Ap.,-27.15889,-109.4325,4.0,6.0
2001-07-07,290004.0,"La Florida, La Serena Ad.",-29.91444,-71.20667,5.764705882352941,10.0
2001-07-07,330007.0,"Rodelillo, Ad.",-33.06528,-71.55639,7.090909090909091,10.0
2001-07-07,330019.0,"Eulogio Sánchez, Tobalaba Ad.",-33.45528,-70.54861,0.36363636363636365,2.0
2001-07-07,330020.0,"Quinta Normal, Santiago",-33.445,-70.68278,0.8,4.0
2001-07-07,330021.0,Pudahuel Santiago ,-33.37833,-70.78778,3.0,6.0
2001-07-07,330030.0,"Santo Domingo, Ad.",-33.65611,-71.61333,4.538461538461538,10.0
2001-07-07,330031.0,"Juan Fernández, Estación Meteorológica.",-33.63583,-78.83305,8.5,10.0
2001-07-07,340031.0,"General Freire, Curicó Ad.",-34.96944,-71.21694,4.7,7.0
2001-07-07,360011.0,"General Bernardo O'Higgins, Chillán Ad.",-36.58583,-72.03667,10.0,13.0
2001-07-07,360019.0,"Carriel Sur, Concepción Ap.",-36.78055,-73.06639,20.291666666666668,24.0
2001-07-07,370033.0,"María Dolores, Los Angeles Ad.",-37.39694,-72.42389,12.75,15.0
2001-07-07,380013.0,"Maquehue, Temuco Ad.",-38.76778,-72.63194,8.458333333333334,19.0
2001-07-07,390006.0,"Pichoy, Valdivia Ad.",-39.65667,-73.08722,9.25,20.0
2001-07-07,400009.0,"Cañal Bajo,  Osorno Ad.",-40.61444,-73.0575,4.846153846153846,13.0
2001-07-07,410005.0,El Tepual  Puerto Montt Ap.,-41.4475,-73.09583,8.625,17.0
2001-07-07,430001.0,Quellón Ad.,-43.13361,-73.63278,,
2001-07-07,430002.0,Futaleufú Ad.,-43.18889,-71.85222,0.8,4.0
2001-07-07,450004.0,"Teniente Vidal, Coyhaique Ad.",-45.59083,-72.10222,4.4,7.0
2001-07-07,450005.0,Balmaceda Ad.,-45.91833,-71.67778,9.333333333333334,22.0
2001-07-07,520006.0,"Carlos Ibañez, Punta Arenas Ap.",-53.00167,-70.83861,9.291666666666666,14.0
2001-07-07,530005.0,"Fuentes Martínez, Porvenir Ad.",-53.25361,-70.32611,3.3636363636363638,9.0
2001-07-07,950001.0,"C.M.A. Eduardo Frei Montalva, Antártica ",-62.19194,-58.97972,24.0,40.0
2001-07-08,180005.0,"Chacalluta, Arica Ap.",-18.35555,-70.34028,4.166666666666667,10.0
2001-07-08,200006.0,Diego Aracena Iquique Ap.,-20.54917,-70.18111,5.875,12.0
2001-07-08,220002.0,"El Loa, Calama Ad.",-22.49806,-68.8925,14.454545454545455,24.0
2001-07-08,270001.0,Mataveri  Isla de Pascua Ap.,-27.15889,-109.4325,6.166666666666667,7.0
2001-07-08,290004.0,"La Florida, La Serena Ad.",-29.91444,-71.20667,4.117647058823529,9.0
2001-07-08,330007.0,"Rodelillo, Ad.",-33.06528,-71.55639,8.727272727272727,12.0
2001-07-08,330019.0,"Eulogio Sánchez, Tobalaba Ad.",-33.45528,-70.54861,1.2727272727272727,4.0
2001-07-08,330020.0,"Quinta Normal, Santiago",-33.445,-70.68278,2.0,3.0
2001-07-08,330021.0,Pudahuel Santiago ,-33.37833,-70.78778,4.625,7.0
2001-07-08,330030.0,"Santo Domingo, Ad.",-33.65611,-71.61333,4.846153846153846,9.0
2001-07-08,330031.0,"Juan Fernández, Estación Meteorológica.",-33.63583,-78.83305,11.0,12.0
2001-07-08,340031.0,"General Freire, Curicó Ad.",-34.96944,-71.21694,8.2,15.0
2001-07-08,360011.0,"General Bernardo O'Higgins, Chillán Ad.",-36.58583,-72.03667,6.666666666666667,10.0
2001-07-08,360019.0,"Carriel Sur, Concepción Ap.",-36.78055,-73.06639,16.125,31.0
2001-07-08,370033.0,"María Dolores, Los Angeles Ad.",-37.39694,-72.42389,11.0,19.0
2001-07-08,380013.0,"Maquehue, Temuco Ad.",-38.76778,-72.63194,8.25,19.0
2001-07-08,390006.0,"Pichoy, Valdivia Ad.",-39.65667,-73.08722,9.0,13.0
2001-07-08,400009.0,"Cañal Bajo,  Osorno Ad.",-40.61444,-73.0575,3.3076923076923075,8.0
2001-07-08,410005.0,El Tepual  Puerto Montt Ap.,-41.4475,-73.09583,5.375,9.0
2001-07-08,430002.0,Futaleufú Ad.,-43.18889,-71.85222,0.0,0.0
2001-07-08,450004.0,"Teniente Vidal, Coyhaique Ad.",-45.59083,-72.10222,1.6,5.0
2001-07-08,450005.0,Balmaceda Ad.,-45.91833,-71.67778,6.166666666666667,13.0
2001-07-08,520006.0,"Carlos Ibañez, Punta Arenas Ap.",-53.00167,-70.83861,3.875,8.0
2001-07-08,950001.0,"C.M.A. Eduardo Frei Montalva, Antártica ",-62.19194,-58.97972,22.5,32.0
2001-07-09,180005.0,"Chacalluta, Arica Ap.",-18.35555,-70.34028,5.375,11.0
2001-07-09,200006.0,Diego Aracena Iquique Ap.,-20.54917,-70.18111,8.041666666666666,16.0
2001-07-09,220002.0,"El Loa, Calama Ad.",-22.49806,-68.8925,12.705882352941176,25.0
2001-07-09,270001.0,Mataveri  Isla de Pascua Ap.,-27.15889,-109.4325,5.333333333333333,7.0
2001-07-09,290004.0,"La Florida, La Serena Ad.",-29.91444,-71.20667,6.117647058823529,10.0
2001-07-09,330007.0,"Rodelillo, Ad.",-33.06528,-71.55639,14.363636363636363,16.0
2001-07-09,330019.0,"Eulogio Sánchez, Tobalaba Ad.",-33.45528,-70.54861,0.36363636363636365,2.0
2001-07-09,330020.0,"Quinta Normal, Santiago",-33.445,-70.68278,0.8,2.0
2001-07-09,330021.0,Pudahuel Santiago ,-33.37833,-70.78778,3.6923076923076925,7.0
2001-07-09,330030.0,"Santo Domingo, Ad.",-33.65611,-71.61333,5.0,7.0
2001-07-09,330031.0,"Juan Fernández, Estación Meteorológica.",-33.63583,-78.83305,5.4,6.0
2001-07-09,340031.0,"General Freire, Curicó Ad.",-34.96944,-71.21694,4.4,11.0
2001-07-09,360011.0,"General Bernardo O'Higgins, Chillán Ad.",-36.58583,-72.03667,4.666666666666667,6.0
2001-07-09,360019.0,"Carriel Sur, Concepción Ap.",-36.78055,-73.06639,4.583333333333333,13.0
2001-07-09,370033.0,"María Dolores, Los Angeles Ad.",-37.39694,-72.42389,7.75,12.0
2001-07-09,380013.0,"Maquehue, Temuco Ad.",-38.76778,-72.63194,6.333333333333333,11.0
2001-07-09,390006.0,"Pichoy, Valdivia Ad.",-39.65667,-73.08722,10.5,12.0
2001-07-09,400009.0,"Cañal Bajo,  Osorno Ad.",-40.61444,-73.0575,6.461538461538462,9.0
2001-07-09,410005.0,El Tepual  Puerto Montt Ap.,-41.4475,-73.09583,10.458333333333334,16.0
2001-07-09,430001.0,Quellón Ad.,-43.13361,-73.63278,5.8,7.0
2001-07-09,430002.0,Futaleufú Ad.,-43.18889,-71.85222,1.0,4.0
2001-07-09,450001.0,Puerto Aysén Ad.,-45.39944,-72.67722,2.25,6.0
2001-07-09,450004.0,"Teniente Vidal, Coyhaique Ad.",-45.59083,-72.10222,1.2,4.0
2001-07-09,450005.0,Balmaceda Ad.,-45.91833,-71.67778,3.9166666666666665,13.0
2001-07-09,520006.0,"Carlos Ibañez, Punta Arenas Ap.",-53.00167,-70.83861,8.958333333333334,16.0
2001-07-09,530005.0,"Fuentes Martínez, Porvenir Ad.",-53.25361,-70.32611,6.454545454545454,12.0
2001-07-09,550001.0,"Guardiamarina Zañartu, Pto Williams Ad.",-54.93167,-67.61556,3.0,5.0
2001-07-09,950001.0,"C.M.A. Eduardo Frei Montalva, Antártica ",-62.19194,-58.97972,35.25,50.0
2001-07-10,180005.0,"Chacalluta, Arica Ap.",-18.35555,-70.34028,3.75,7.0
2001-07-10,200006.0,Diego Aracena Iquique Ap.,-20.54917,-70.18111,6.333333333333333,15.0
2001-07-10,220002.0,"El Loa, Calama Ad.",-22.49806,-68.8925,13.8125,20.0
2001-07-10,270001.0,Mataveri  Isla de Pascua Ap.,-27.15889,-109.4325,9.166666666666666,11.0
2001-07-10,290004.0,"La Florida, La Serena Ad.",-29.91444,-71.20667,3.764705882352941,9.0
2001-07-10,330007.0,"Rodelillo, Ad.",-33.06528,-71.55639,10.0,13.0
2001-07-10,330019.0,"Eulogio Sánchez, Tobalaba Ad.",-33.45528,-70.54861,1.4545454545454546,3.0
2001-07-10,330020.0,"Quinta Normal, Santiago",-33.445,-70.68278,2.4,4.0
2001-07-10,330021.0,Pudahuel Santiago ,-33.37833,-70.78778,4.0,10.0
2001-07-10,330030.0,"Santo Domingo, Ad.",-33.65611,-71.61333,5.615384615384615,10.0
2001-07-10,330031.0,"Juan Fernández, Estación Meteorológica.",-33.63583,-78.83305,2.8,6.0
2001-07-10,340031.0,"General Freire, Curicó Ad.",-34.96944,-71.21694,4.1,7.0
2001-07-10,360011.0,"General Bernardo O'Higgins, Chillán Ad.",-36.58583,-72.03667,1.6666666666666667,3.0
2001-07-10,360019.0,"Carriel Sur, Concepción Ap.",-36.78055,-73.06639,3.5,8.0
2001-07-10,370033.0,"María Dolores, Los Angeles Ad.",-37.39694,-72.42389,1.5,3.0
2001-07-10,380013.0,"Maquehue, Temuco Ad.",-38.76778,-72.63194,4.083333333333333,8.0
2001-07-10,390006.0,"Pichoy, Valdivia Ad.",-39.65667,-73.08722,4.75,9.0
2001-07-10,400009.0,"Cañal Bajo,  Osorno Ad.",-40.61444,-73.0575,5.153846153846154,8.0
2001-07-10,410005.0,El Tepual  Puerto Montt Ap.,-41.4475,-73.09583,5.208333333333333,10.0
2001-07-10,430001.0,Quellón Ad.,-43.13361,-73.63278,4.0,5.0
2001-07-10,430002.0,Futaleufú Ad.,-43.18889,-71.85222,3.0,6.0
2001-07-10,450001.0,Puerto Aysén Ad.,-45.39944,-72.67722,1.0,4.0
2001-07-10,450004.0,"Teniente Vidal, Coyhaique Ad.",-45.59083,-72.10222,2.4,5.0
2001-07-10,450005.0,Balmaceda Ad.,-45.91833,-71.67778,6.25,16.0
2001-07-10,520006.0,"Carlos Ibañez, Punta Arenas Ap.",-53.00167,-70.83861,6.0,12.0
2001-07-10,530005.0,"Fuentes Martínez, Porvenir Ad.",-53.25361,-70.32611,6.363636363636363,11.0
2001-07-10,550001.0,"Guardiamarina Zañartu, Pto Williams Ad.",-54.93167,-67.61556,7.444444444444445,10.0
2001-07-10,950001.0,"C.M.A. Eduardo Frei Montalva, Antártica ",-62.19194,-58.97972,19.75,30.0
2001-07-11,180005.0,"Chacalluta, Arica Ap.",-18.35555,-70.34028,5.541666666666667,11.0
2001-07-11,200006.0,Diego Aracena Iquique Ap.,-20.54917,-70.18111,8.25,16.0
2001-07-11,220002.0,"El Loa, Calama Ad.",-22.49806,-68.8925,12.0625,20.0
2001-07-11,270001.0,Mataveri  Isla de Pascua Ap.,-27.15889,-109.4325,5.833333333333333,11.0
2001-07-11,290004.0,"La Florida, La Serena Ad.",-29.91444,-71.20667,6.352941176470588,9.0
2001-07-11,330007.0,"Rodelillo, Ad.",-33.06528,-71.55639,3.4545454545454546,7.0
2001-07-11,330019.0,"Eulogio Sánchez, Tobalaba Ad.",-33.45528,-70.54861,0.36363636363636365,2.0
2001-07-11,330020.0,"Quinta Normal, Santiago",-33.445,-70.68278,0.4,2.0
2001-07-11,330021.0,Pudahuel Santiago ,-33.37833,-70.78778,2.375,5.0
2001-07-11,330030.0,"Santo Domingo, Ad.",-33.65611,-71.61333,3.3846153846153846,8.0
2001-07-11,330031.0,"Juan Fernández, Estación Meteorológica.",-33.63583,-78.83305,8.0,10.0
2001-07-11,340031.0,"General Freire, Curicó Ad.",-34.96944,-71.21694,3.9,9.0
2001-07-11,360011.0,"General Bernardo O'Higgins, Chillán Ad.",-36.58583,-72.03667,5.333333333333333,7.0
2001-07-11,360019.0,"Carriel Sur, Concepción Ap.",-36.78055,-73.06639,9.041666666666666,16.0
2001-07-11,370033.0,"María Dolores, Los Angeles Ad.",-37.39694,-72.42389,7.75,9.0
2001-07-11,380013.0,"Maquehue, Temuco Ad.",-38.76778,-72.63194,8.791666666666666,21.0
2001-07-11,390006.0,"Pichoy, Valdivia Ad.",-39.65667,-73.08722,9.25,11.0
2001-07-11,400009.0,"Cañal Bajo,  Osorno Ad.",-40.61444,-73.0575,12.0,16.0
2001-07-11,410005.0,El Tepual  Puerto Montt Ap.,-41.4475,-73.09583,11.458333333333334,23.0
2001-07-11,430001.0,Quellón Ad.,-43.13361,-73.63278,6.2,8.0
2001-07-11,430002.0,Futaleufú Ad.,-43.18889,-71.85222,1.8,5.0
2001-07-11,450001.0,Puerto Aysén Ad.,-45.39944,-72.67722,2.75,6.0
2001-07-11,450004.0,"Teniente Vidal, Coyhaique Ad.",-45.59083,-72.10222,3.8,6.0
2001-07-11,450005.0,Balmaceda Ad.,-45.91833,-71.67778,4.416666666666667,16.0
2001-07-11,520006.0,"Carlos Ibañez, Punta Arenas Ap.",-53.00167,-70.83861,4.291666666666667,5.0
2001-07-11,530005.0,"Fuentes Martínez, Porvenir Ad.",-53.25361,-70.32611,5.181818181818182,12.0
2001-07-11,550001.0,"Guardiamarina Zañartu, Pto Williams Ad.",-54.93167,-67.61556,9.88888888888889,17.0
2001-07-11,950001.0,"C.M.A. Eduardo Frei Montalva, Antártica ",-62.19194,-58.97972,9.833333333333334,18.0
2001-07-12,180005.0,"Chacalluta, Arica Ap.",-18.35555,-70.34028,4.166666666666667,11.0
2001-07-12,200006.0,Diego Aracena Iquique Ap.,-20.54917,-70.18111,4.083333333333333,8.0
2001-07-12,220002.0,"El Loa, Calama Ad.",-22.49806,-68.8925,14.5,30.0
2001-07-12,270001.0,Mataveri  Isla de Pascua Ap.,-27.15889,-109.4325,8.0,12.0
2001-07-12,290004.0,"La Florida, La Serena Ad.",-29.91444,-71.20667,5.470588235294118,11.0
2001-07-12,330007.0,"Rodelillo, Ad.",-33.06528,-71.55639,2.1818181818181817,3.0
2001-07-12,330019.0,"Eulogio Sánchez, Tobalaba Ad.",-33.45528,-70.54861,0.36363636363636365,4.0
2001-07-12,330020.0,"Quinta Normal, Santiago",-33.445,-70.68278,1.8,7.0
2001-07-12,330021.0,Pudahuel Santiago ,-33.37833,-70.78778,4.36,13.0
2001-07-12,330030.0,"Santo Domingo, Ad.",-33.65611,-71.61333,3.0,8.0
2001-07-12,330031.0,"Juan Fernández, Estación Meteorológica.",-33.63583,-78.83305,3.2,12.0
2001-07-12,340031.0,"General Freire, Curicó Ad.",-34.96944,-71.21694,5.4,10.0
2001-07-12,360011.0,"General Bernardo O'Higgins, Chillán Ad.",-36.58583,-72.03667,13.666666666666666,14.0
2001-07-12,360019.0,"Carriel Sur, Concepción Ap.",-36.78055,-73.06639,17.416666666666668,25.0
2001-07-12,370033.0,"María Dolores, Los Angeles Ad.",-37.39694,-72.42389,11.75,20.0
2001-07-12,380013.0,"Maquehue, Temuco Ad.",-38.76778,-72.63194,8.875,19.0
2001-07-12,390006.0,"Pichoy, Valdivia Ad.",-39.65667,-73.08722,8.25,13.0
2001-07-12,400009.0,"Cañal Bajo,  Osorno Ad.",-40.61444,-73.0575,7.230769230769231,14.0
2001-07-12,410005.0,El Tepual  Puerto Montt Ap.,-41.4475,-73.09583,13.666666666666666,23.0
2001-07-12,430001.0,Quellón Ad.,-43.13361,-73.63278,5.7,7.0
2001-07-12,430002.0,Futaleufú Ad.,-43.18889,-71.85222,1.2,3.0
2001-07-12,450001.0,Puerto Aysén Ad.,-45.39944,-72.67722,6.75,12.0
2001-07-12,450004.0,"Teniente Vidal, Coyhaique Ad.",-45.59083,-72.10222,6.4,8.0
2001-07-12,450005.0,Balmaceda Ad.,-45.91833,-71.67778,9.916666666666666,20.0
2001-07-12,520006.0,"Carlos Ibañez, Punta Arenas Ap.",-53.00167,-70.83861,7.625,15.0
2001-07-12,530005.0,"Fuentes Martínez, Porvenir Ad.",-53.25361,-70.32611,8.909090909090908,15.0
2001-07-12,550001.0,"Guardiamarina Zañartu, Pto Williams Ad.",-54.93167,-67.61556,1.6666666666666667,4.0
2001-07-12,950001.0,"C.M.A. Eduardo Frei Montalva, Antártica ",-62.19194,-58.97972,15.625,27.0
2001-07-13,180005.0,"Chacalluta, Arica Ap.",-18.35555,-70.34028,4.125,9.0
2001-07-13,200006.0,Diego Aracena Iquique Ap.,-20.54917,-70.18111,4.666666666666667,9.0
2001-07-13,220002.0,"El Loa, Calama Ad.",-22.49806,-68.8925,14.0625,29.0
2001-07-13,270001.0,Mataveri  Isla de Pascua Ap.,-27.15889,-109.4325,12.333333333333334,19.0
2001-07-13,290004.0,"La Florida, La Serena Ad.",-29.91444,-71.20667,4.882352941176471,11.0
2001-07-13,330007.0,"Rodelillo, Ad.",-33.06528,-71.55639,2.090909090909091,6.0
2001-07-13,330019.0,"Eulogio Sánchez, Tobalaba Ad.",-33.45528,-70.54861,0.0,0.0
2001-07-13,330020.0,"Quinta Normal, Santiago",-33.445,-70.68278,1.6,4.0
2001-07-13,330021.0,Pudahuel Santiago ,-33.37833,-70.78778,5.791666666666667,14.0
2001-07-13,330030.0,"Santo Domingo, Ad.",-33.65611,-71.61333,3.1538461538461537,7.0
2001-07-13,330031.0,"Juan Fernández, Estación Meteorológica.",-33.63583,-78.83305,5.6,6.0
2001-07-13,340031.0,"General Freire, Curicó Ad.",-34.96944,-71.21694,4.3,11.0
2001-07-13,360011.0,"General Bernardo O'Higgins, Chillán Ad.",-36.58583,-72.03667,3.0,3.0
2001-07-13,360019.0,"Carriel Sur, Concepción Ap.",-36.78055,-73.06639,8.125,12.0
2001-07-13,370033.0,"María Dolores, Los Angeles Ad.",-37.39694,-72.42389,6.0,7.0
2001-07-13,380013.0,"Maquehue, Temuco Ad.",-38.76778,-72.63194,4.416666666666667,10.0
2001-07-13,390006.0,"Pichoy, Valdivia Ad.",-39.65667,-73.08722,8.0,10.0
2001-07-13,400009.0,"Cañal Bajo,  Osorno Ad.",-40.61444,-73.0575,3.642857142857143,6.0
2001-07-13,410005.0,El Tepual  Puerto Montt Ap.,-41.4475,-73.09583,5.333333333333333,11.0
2001-07-13,430001.0,Quellón Ad.,-43.13361,-73.63278,4.2,5.0
2001-07-13,430002.0,Futaleufú Ad.,-43.18889,-71.85222,0.6,3.0
2001-07-13,450001.0,Puerto Aysén Ad.,-45.39944,-72.67722,3.5,6.0
2001-07-13,450004.0,"Teniente Vidal, Coyhaique Ad.",-45.59083,-72.10222,3.6,6.0
2001-07-13,450005.0,Balmaceda Ad.,-45.91833,-71.67778,1.6666666666666667,3.0
2001-07-13,520006.0,"Carlos Ibañez, Punta Arenas Ap.",-53.00167,-70.83861,8.884615384615385,14.0
2001-07-13,530005.0,"Fuentes Martínez, Porvenir Ad.",-53.25361,-70.32611,6.2727272727272725,10.0
2001-07-13,550001.0,"Guardiamarina Zañartu, Pto Williams Ad.",-54.93167,-67.61556,1.75,2.0
2001-07-13,950001.0,"C.M.A. Eduardo Frei Montalva, Antártica ",-62.19194,-58.97972,14.636363636363637,31.0
2001-07-14,180005.0,"Chacalluta, Arica Ap.",-18.35555,-70.34028,3.7916666666666665,11.0
2001-07-14,200006.0,Diego Aracena Iquique Ap.,-20.54917,-70.18111,5.166666666666667,9.0
2001-07-14,220002.0,"El Loa, Calama Ad.",-22.49806,-68.8925,13.058823529411764,25.0
2001-07-14,270001.0,Mataveri  Isla de Pascua Ap.,-27.15889,-109.4325,10.666666666666666,13.0
2001-07-14,290004.0,"La Florida, La Serena Ad.",-29.91444,-71.20667,6.764705882352941,12.0
2001-07-14,330007.0,"Rodelillo, Ad.",-33.06528,-71.55639,2.272727272727273,9.0
2001-07-14,330019.0,"Eulogio Sánchez, Tobalaba Ad.",-33.45528,-70.54861,0.18181818181818182,1.0
2001-07-14,330020.0,"Quinta Normal, Santiago",-33.445,-70.68278,0.0,0.0
2001-07-14,330021.0,Pudahuel Santiago ,-33.37833,-70.78778,2.52,6.0
2001-07-14,330030.0,"Santo Domingo, Ad.",-33.65611,-71.61333,2.923076923076923,9.0
2001-07-14,330031.0,"Juan Fernández, Estación Meteorológica.",-33.63583,-78.83305,8.0,10.0
2001-07-14,340031.0,"General Freire, Curicó Ad.",-34.96944,-71.21694,2.1,3.0
2001-07-14,360011.0,"General Bernardo O'Higgins, Chillán Ad.",-36.58583,-72.03667,1.0,3.0
2001-07-14,360019.0,"Carriel Sur, Concepción Ap.",-36.78055,-73.06639,2.8333333333333335,6.0
2001-07-14,370033.0,"María Dolores, Los Angeles Ad.",-37.39694,-72.42389,0.75,3.0
2001-07-14,380013.0,"Maquehue, Temuco Ad.",-38.76778,-72.63194,4.625,8.0
2001-07-14,390006.0,"Pichoy, Valdivia Ad.",-39.65667,-73.08722,8.75,13.0
2001-07-14,400009.0,"Cañal Bajo,  Osorno Ad.",-40.61444,-73.0575,9.615384615384615,15.0
2001-07-14,410005.0,El Tepual  Puerto Montt Ap.,-41.4475,-73.09583,11.5,20.0
2001-07-14,430001.0,Quellón Ad.,-43.13361,-73.63278,,
2001-07-14,430002.0,Futaleufú Ad.,-43.18889,-71.85222,0.6,3.0
2001-07-14,450004.0,"Teniente Vidal, Coyhaique Ad.",-45.59083,-72.10222,4.6,8.0
2001-07-14,450005.0,Balmaceda Ad.,-45.91833,-71.67778,3.9583333333333335,8.0
2001-07-14,520006.0,"Carlos Ibañez, Punta Arenas Ap.",-53.00167,-70.83861,10.083333333333334,19.0
2001-07-14,530005.0,"Fuentes Martínez, Porvenir Ad.",-53.25361,-70.32611,9.272727272727273,16.0
2001-07-14,950001.0,"C.M.A. Eduardo Frei Montalva, Antártica ",-62.19194,-58.97972,14.875,33.0
2001-07-15,180005.0,"Chacalluta, Arica Ap.",-18.35555,-70.34028,4.0,8.0
2001-07-15,200006.0,Diego Aracena Iquique Ap.,-20.54917,-70.18111,4.416666666666667,7.0
2001-07-15,220002.0,"El Loa, Calama Ad.",-22.49806,-68.8925,13.909090909090908,27.0
2001-07-15,270001.0,Mataveri  Isla de Pascua Ap.,-27.15889,-109.4325,8.833333333333334,16.0
2001-07-15,290004.0,"La Florida, La Serena Ad.",-29.91444,-71.20667,5.294117647058823,10.0
2001-07-15,330007.0,"Rodelillo, Ad.",-33.06528,-71.55639,5.454545454545454,9.0
2001-07-15,330019.0,"Eulogio Sánchez, Tobalaba Ad.",-33.45528,-70.54861,0.18181818181818182,1.0
2001-07-15,330020.0,"Quinta Normal, Santiago",-33.445,-70.68278,1.6,4.0
2001-07-15,330021.0,Pudahuel Santiago ,-33.37833,-70.78778,2.392857142857143,6.0
2001-07-15,330030.0,"Santo Domingo, Ad.",-33.65611,-71.61333,3.923076923076923,7.0
2001-07-15,330031.0,"Juan Fernández, Estación Meteorológica.",-33.63583,-78.83305,14.0,20.0
2001-07-15,340031.0,"General Freire, Curicó Ad.",-34.96944,-71.21694,6.7,12.0
2001-07-15,360011.0,"General Bernardo O'Higgins, Chillán Ad.",-36.58583,-72.03667,8.666666666666666,10.0
2001-07-15,360019.0,"Carriel Sur, Concepción Ap.",-36.78055,-73.06639,7.708333333333333,19.0
2001-07-15,370033.0,"María Dolores, Los Angeles Ad.",-37.39694,-72.42389,9.5,18.0
2001-07-15,380013.0,"Maquehue, Temuco Ad.",-38.76778,-72.63194,4.375,10.0
2001-07-15,390006.0,"Pichoy, Valdivia Ad.",-39.65667,-73.08722,4.75,7.0
2001-07-15,400009.0,"Cañal Bajo,  Osorno Ad.",-40.61444,-73.0575,10.076923076923077,15.0
2001-07-15,410005.0,El Tepual  Puerto Montt Ap.,-41.4475,-73.09583,8.458333333333334,18.0
2001-07-15,430002.0,Futaleufú Ad.,-43.18889,-71.85222,0.0,0.0
2001-07-15,450004.0,"Teniente Vidal, Coyhaique Ad.",-45.59083,-72.10222,2.4,7.0
2001-07-15,450005.0,Balmaceda Ad.,-45.91833,-71.67778,4.583333333333333,11.0
2001-07-15,520006.0,"Carlos Ibañez, Punta Arenas Ap.",-53.00167,-70.83861,10.833333333333334,18.0
2001-07-15,950001.0,"C.M.A. Eduardo Frei Montalva, Antártica ",-62.19194,-58.97972,18.125,35.0
2001-07-16,180005.0,"Chacalluta, Arica Ap.",-18.35555,-70.34028,4.25,11.0
2001-07-16,200006.0,Diego Aracena Iquique Ap.,-20.54917,-70.18111,4.708333333333333,9.0
2001-07-16,220002.0,"El Loa, Calama Ad.",-22.49806,-68.8925,15.5625,30.0
2001-07-16,270001.0,Mataveri  Isla de Pascua Ap.,-27.15889,-109.4325,6.833333333333333,8.0
2001-07-16,290004.0,"La Florida, La Serena Ad.",-29.91444,-71.20667,4.388888888888889,10.0
2001-07-16,330007.0,"Rodelillo, Ad.",-33.06528,-71.55639,6.545454545454546,12.0
2001-07-16,330019.0,"Eulogio Sánchez, Tobalaba Ad.",-33.45528,-70.54861,0.45454545454545453,3.0
2001-07-16,330020.0,"Quinta Normal, Santiago",-33.445,-70.68278,0.8,4.0
2001-07-16,330021.0,Pudahuel Santiago ,-33.37833,-70.78778,3.4583333333333335,9.0
2001-07-16,330030.0,"Santo Domingo, Ad.",-33.65611,-71.61333,3.3076923076923075,8.0
2001-07-16,330031.0,"Juan Fernández, Estación Meteorológica.",-33.63583,-78.83305,9.6,20.0
2001-07-16,340031.0,"General Freire, Curicó Ad.",-34.96944,-71.21694,6.0,8.0
2001-07-16,360011.0,"General Bernardo O'Higgins, Chillán Ad.",-36.58583,-72.03667,12.0,13.0
2001-07-16,360019.0,"Carriel Sur, Concepción Ap.",-36.78055,-73.06639,20.25,25.0
2001-07-16,370033.0,"María Dolores, Los Angeles Ad.",-37.39694,-72.42389,14.75,20.0
2001-07-16,380013.0,"Maquehue, Temuco Ad.",-38.76778,-72.63194,5.833333333333333,13.0
2001-07-16,390006.0,"Pichoy, Valdivia Ad.",-39.65667,-73.08722,7.75,9.0
2001-07-16,400009.0,"Cañal Bajo,  Osorno Ad.",-40.61444,-73.0575,6.3076923076923075,8.0
2001-07-16,410005.0,El Tepual  Puerto Montt Ap.,-41.4475,-73.09583,10.166666666666666,16.0
2001-07-16,430001.0,Quellón Ad.,-43.13361,-73.63278,4.6,6.0
2001-07-16,430002.0,Futaleufú Ad.,-43.18889,-71.85222,1.75,4.0
2001-07-16,450001.0,Puerto Aysén Ad.,-45.39944,-72.67722,6.0,8.0
2001-07-16,450004.0,"Teniente Vidal, Coyhaique Ad.",-45.59083,-72.10222,3.8,9.0
2001-07-16,450005.0,Balmaceda Ad.,-45.91833,-71.67778,2.7916666666666665,11.0
2001-07-16,520006.0,"Carlos Ibañez, Punta Arenas Ap.",-53.00167,-70.83861,13.041666666666666,23.0
2001-07-16,530005.0,"Fuentes Martínez, Porvenir Ad.",-53.25361,-70.32611,19.181818181818183,23.0
2001-07-16,550001.0,"Guardiamarina Zañartu, Pto Williams Ad.",-54.93167,-67.61556,16.666666666666668,20.0
2001-07-16,950001.0,"C.M.A. Eduardo Frei Montalva, Antártica ",-62.19194,-58.97972,25.625,34.0
2001-07-17,180005.0,"Chacalluta, Arica Ap.",-18.35555,-70.34028,2.9583333333333335,8.0
2001-07-17,200006.0,Diego Aracena Iquique Ap.,-20.54917,-70.18111,6.291666666666667,14.0
2001-07-17,220002.0,"El Loa, Calama Ad.",-22.49806,-68.8925,13.625,23.0
2001-07-17,270001.0,Mataveri  Isla de Pascua Ap.,-27.15889,-109.4325,5.333333333333333,8.0
2001-07-17,290004.0,"La Florida, La Serena Ad.",-29.91444,-71.20667,4.529411764705882,7.0
2001-07-17,330007.0,"Rodelillo, Ad.",-33.06528,-71.55639,7.7272727272727275,12.0
2001-07-17,330019.0,"Eulogio Sánchez, Tobalaba Ad.",-33.45528,-70.54861,0.5454545454545454,2.0
2001-07-17,330020.0,"Quinta Normal, Santiago",-33.445,-70.68278,1.0,5.0
2001-07-17,330021.0,Pudahuel Santiago ,-33.37833,-70.78778,5.769230769230769,13.0
2001-07-17,330030.0,"Santo Domingo, Ad.",-33.65611,-71.61333,6.769230769230769,12.0
2001-07-17,330031.0,"Juan Fernández, Estación Meteorológica.",-33.63583,-78.83305,7.0,9.0
2001-07-17,340031.0,"General Freire, Curicó Ad.",-34.96944,-71.21694,10.8,17.0
2001-07-17,360011.0,"General Bernardo O'Higgins, Chillán Ad.",-36.58583,-72.03667,14.333333333333334,17.0
2001-07-17,360019.0,"Carriel Sur, Concepción Ap.",-36.78055,-73.06639,11.541666666666666,19.0
2001-07-17,370033.0,"María Dolores, Los Angeles Ad.",-37.39694,-72.42389,13.75,18.0
2001-07-17,380013.0,"Maquehue, Temuco Ad.",-38.76778,-72.63194,6.416666666666667,15.0
2001-07-17,390006.0,"Pichoy, Valdivia Ad.",-39.65667,-73.08722,9.0,13.0
2001-07-17,400009.0,"Cañal Bajo,  Osorno Ad.",-40.61444,-73.0575,4.846153846153846,8.0
2001-07-17,410005.0,El Tepual  Puerto Montt Ap.,-41.4475,-73.09583,6.875,9.0
2001-07-17,430001.0,Quellón Ad.,-43.13361,-73.63278,3.6,5.0
2001-07-17,430002.0,Futaleufú Ad.,-43.18889,-71.85222,1.8,3.0
2001-07-17,450001.0,Puerto Aysén Ad.,-45.39944,-72.67722,0.75,6.0
2001-07-17,450004.0,"Teniente Vidal, Coyhaique Ad.",-45.59083,-72.10222,3.8,5.0
2001-07-17,450005.0,Balmaceda Ad.,-45.91833,-71.67778,2.875,11.0
2001-07-17,520006.0,"Carlos Ibañez, Punta Arenas Ap.",-53.00167,-70.83861,9.5,20.0
2001-07-17,530005.0,"Fuentes Martínez, Porvenir Ad.",-53.25361,-70.32611,16.0,20.0
2001-07-17,550001.0,"Guardiamarina Zañartu, Pto Williams Ad.",-54.93167,-67.61556,10.5,15.0
2001-07-17,950001.0,"C.M.A. Eduardo Frei Montalva, Antártica ",-62.19194,-58.97972,9.5,19.0
2001-07-18,180005.0,"Chacalluta, Arica Ap.",-18.35555,-70.34028,5.041666666666667,8.0
2001-07-18,200006.0,Diego Aracena Iquique Ap.,-20.54917,-70.18111,4.833333333333333,9.0
2001-07-18,220002.0,"El Loa, Calama Ad.",-22.49806,-68.8925,12.8125,22.0
2001-07-18,270001.0,Mataveri  Isla de Pascua Ap.,-27.15889,-109.4325,5.333333333333333,7.0
2001-07-18,290004.0,"La Florida, La Serena Ad.",-29.91444,-71.20667,4.666666666666667,8.0
2001-07-18,330007.0,"Rodelillo, Ad.",-33.06528,-71.55639,12.454545454545455,16.0
2001-07-18,330019.0,"Eulogio Sánchez, Tobalaba Ad.",-33.45528,-70.54861,0.7272727272727273,2.0
2001-07-18,330020.0,"Quinta Normal, Santiago",-33.445,-70.68278,0.6,3.0
2001-07-18,330021.0,Pudahuel Santiago ,-33.37833,-70.78778,3.4,11.0
2001-07-18,330030.0,"Santo Domingo, Ad.",-33.65611,-71.61333,7.846153846153846,18.0
2001-07-18,330031.0,"Juan Fernández, Estación Meteorológica.",-33.63583,-78.83305,17.2,28.0
2001-07-18,340031.0,"General Freire, Curicó Ad.",-34.96944,-71.21694,10.3,20.0
2001-07-18,360011.0,"General Bernardo O'Higgins, Chillán Ad.",-36.58583,-72.03667,9.666666666666666,10.0
2001-07-18,360019.0,"Carriel Sur, Concepción Ap.",-36.78055,-73.06639,13.916666666666666,22.0
2001-07-18,370033.0,"María Dolores, Los Angeles Ad.",-37.39694,-72.42389,12.25,16.0
2001-07-18,380013.0,"Maquehue, Temuco Ad.",-38.76778,-72.63194,5.333333333333333,10.0
2001-07-18,390006.0,"Pichoy, Valdivia Ad.",-39.65667,-73.08722,5.0,7.0
2001-07-18,400009.0,"Cañal Bajo,  Osorno Ad.",-40.61444,-73.0575,4.615384615384615,7.0
2001-07-18,410005.0,El Tepual  Puerto Montt Ap.,-41.4475,-73.09583,7.416666666666667,11.0
2001-07-18,430001.0,Quellón Ad.,-43.13361,-73.63278,3.9,5.0
2001-07-18,430002.0,Futaleufú Ad.,-43.18889,-71.85222,3.6,10.0
2001-07-18,450001.0,Puerto Aysén Ad.,-45.39944,-72.67722,14.75,20.0
2001-07-18,450004.0,"Teniente Vidal, Coyhaique Ad.",-45.59083,-72.10222,6.6,10.0
2001-07-18,450005.0,Balmaceda Ad.,-45.91833,-71.67778,7.583333333333333,12.0
2001-07-18,520006.0,"Carlos Ibañez, Punta Arenas Ap.",-53.00167,-70.83861,7.083333333333333,12.0
2001-07-18,530005.0,"Fuentes Martínez, Porvenir Ad.",-53.25361,-70.32611,15.909090909090908,20.0
2001-07-18,550001.0,"Guardiamarina Zañartu, Pto Williams Ad.",-54.93167,-67.61556,8.11111111111111,12.0
2001-07-18,950001.0,"C.M.A. Eduardo Frei Montalva, Antártica ",-62.19194,-58.97972,4.909090909090909,8.0
2001-07-19,180005.0,"Chacalluta, Arica Ap.",-18.35555,-70.34028,4.416666666666667,8.0
2001-07-19,200006.0,Diego Aracena Iquique Ap.,-20.54917,-70.18111,8.75,15.0
2001-07-19,220002.0,"El Loa, Calama Ad.",-22.49806,-68.8925,12.941176470588236,25.0
2001-07-19,270001.0,Mataveri  Isla de Pascua Ap.,-27.15889,-109.4325,4.0,5.0
2001-07-19,290004.0,"La Florida, La Serena Ad.",-29.91444,-71.20667,5.176470588235294,10.0
2001-07-19,330007.0,"Rodelillo, Ad.",-33.06528,-71.55639,11.909090909090908,15.0
2001-07-19,330019.0,"Eulogio Sánchez, Tobalaba Ad.",-33.45528,-70.54861,2.6363636363636362,6.0
2001-07-19,330020.0,"Quinta Normal, Santiago",-33.445,-70.68278,4.6,6.0
2001-07-19,330021.0,Pudahuel Santiago ,-33.37833,-70.78778,7.333333333333333,17.0
2001-07-19,330030.0,"Santo Domingo, Ad.",-33.65611,-71.61333,9.461538461538462,16.0
2001-07-19,330031.0,"Juan Fernández, Estación Meteorológica.",-33.63583,-78.83305,11.8,15.0
2001-07-19,340031.0,"General Freire, Curicó Ad.",-34.96944,-71.21694,9.6,16.0
2001-07-19,360011.0,"General Bernardo O'Higgins, Chillán Ad.",-36.58583,-72.03667,9.333333333333334,11.0
2001-07-19,360019.0,"Carriel Sur, Concepción Ap.",-36.78055,-73.06639,14.666666666666666,19.0
2001-07-19,370033.0,"María Dolores, Los Angeles Ad.",-37.39694,-72.42389,16.5,20.0
2001-07-19,380013.0,"Maquehue, Temuco Ad.",-38.76778,-72.63194,9.75,21.0
2001-07-19,390006.0,"Pichoy, Valdivia Ad.",-39.65667,-73.08722,12.0,21.0
2001-07-19,400009.0,"Cañal Bajo,  Osorno Ad.",-40.61444,-73.0575,9.076923076923077,13.0
2001-07-19,410005.0,El Tepual  Puerto Montt Ap.,-41.4475,-73.09583,9.083333333333334,17.0
2001-07-19,430001.0,Quellón Ad.,-43.13361,-73.63278,6.0,8.0
2001-07-19,430002.0,Futaleufú Ad.,-43.18889,-71.85222,9.6,12.0
2001-07-19,450001.0,Puerto Aysén Ad.,-45.39944,-72.67722,10.0,14.0
2001-07-19,450004.0,"Teniente Vidal, Coyhaique Ad.",-45.59083,-72.10222,2.8,5.0
2001-07-19,450005.0,Balmaceda Ad.,-45.91833,-71.67778,8.708333333333334,12.0
2001-07-19,520006.0,"Carlos Ibañez, Punta Arenas Ap.",-53.00167,-70.83861,7.875,13.0
2001-07-19,530005.0,"Fuentes Martínez, Porvenir Ad.",-53.25361,-70.32611,9.181818181818182,12.0
2001-07-19,550001.0,"Guardiamarina Zañartu, Pto Williams Ad.",-54.93167,-67.61556,11.333333333333334,15.0
2001-07-19,950001.0,"C.M.A. Eduardo Frei Montalva, Antártica ",-62.19194,-58.97972,10.6,19.0
2001-07-20,180005.0,"Chacalluta, Arica Ap.",-18.35555,-70.34028,4.375,9.0
2001-07-20,200006.0,Diego Aracena Iquique Ap.,-20.54917,-70.18111,5.291666666666667,9.0
2001-07-20,220002.0,"El Loa, Calama Ad.",-22.49806,-68.8925,14.9375,28.0
2001-07-20,270001.0,Mataveri  Isla de Pascua Ap.,-27.15889,-109.4325,6.833333333333333,8.0
2001-07-20,290004.0,"La Florida, La Serena Ad.",-29.91444,-71.20667,4.823529411764706,10.0
2001-07-20,330007.0,"Rodelillo, Ad.",-33.06528,-71.55639,3.6363636363636362,7.0
2001-07-20,330019.0,"Eulogio Sánchez, Tobalaba Ad.",-33.45528,-70.54861,0.5454545454545454,2.0
2001-07-20,330020.0,"Quinta Normal, Santiago",-33.445,-70.68278,2.2,5.0
2001-07-20,330021.0,Pudahuel Santiago ,-33.37833,-70.78778,3.3076923076923075,7.0
2001-07-20,330030.0,"Santo Domingo, Ad.",-33.65611,-71.61333,4.846153846153846,8.0
2001-07-20,330031.0,"Juan Fernández, Estación Meteorológica.",-33.63583,-78.83305,7.2,12.0
2001-07-20,340031.0,"General Freire, Curicó Ad.",-34.96944,-71.21694,7.6,18.0
2001-07-20,360011.0,"General Bernardo O'Higgins, Chillán Ad.",-36.58583,-72.03667,8.333333333333334,10.0
2001-07-20,360019.0,"Carriel Sur, Concepción Ap.",-36.78055,-73.06639,6.75,14.0
2001-07-20,370033.0,"María Dolores, Los Angeles Ad.",-37.39694,-72.42389,5.0,6.0
2001-07-20,380013.0,"Maquehue, Temuco Ad.",-38.76778,-72.63194,2.875,7.0
2001-07-20,390006.0,"Pichoy, Valdivia Ad.",-39.65667,-73.08722,5.75,14.0
2001-07-20,400009.0,"Cañal Bajo,  Osorno Ad.",-40.61444,-73.0575,4.230769230769231,7.0
2001-07-20,410005.0,El Tepual  Puerto Montt Ap.,-41.4475,-73.09583,4.333333333333333,10.0
2001-07-20,430001.0,Quellón Ad.,-43.13361,-73.63278,4.5,6.0
2001-07-20,430002.0,Futaleufú Ad.,-43.18889,-71.85222,3.2,12.0
2001-07-20,450001.0,Puerto Aysén Ad.,-45.39944,-72.67722,8.5,10.0
2001-07-20,450004.0,"Teniente Vidal, Coyhaique Ad.",-45.59083,-72.10222,2.0,5.0
2001-07-20,450005.0,Balmaceda Ad.,-45.91833,-71.67778,6.333333333333333,11.0
2001-07-20,520006.0,"Carlos Ibañez, Punta Arenas Ap.",-53.00167,-70.83861,8.083333333333334,13.0
2001-07-20,530005.0,"Fuentes Martínez, Porvenir Ad.",-53.25361,-70.32611,10.272727272727273,21.0
2001-07-20,550001.0,"Guardiamarina Zañartu, Pto Williams Ad.",-54.93167,-67.61556,13.75,18.0
2001-07-20,950001.0,"C.M.A. Eduardo Frei Montalva, Antártica ",-62.19194,-58.97972,11.0,26.0
2001-07-21,180005.0,"Chacalluta, Arica Ap.",-18.35555,-70.34028,3.9583333333333335,14.0
2001-07-21,200006.0,Diego Aracena Iquique Ap.,-20.54917,-70.18111,6.166666666666667,10.0
2001-07-21,220002.0,"El Loa, Calama Ad.",-22.49806,-68.8925,14.0,27.0
2001-07-21,270001.0,Mataveri  Isla de Pascua Ap.,-27.15889,-109.4325,4.571428571428571,7.0
2001-07-21,290004.0,"La Florida, La Serena Ad.",-29.91444,-71.20667,5.176470588235294,9.0
2001-07-21,330007.0,"Rodelillo, Ad.",-33.06528,-71.55639,13.272727272727273,16.0
2001-07-21,330019.0,"Eulogio Sánchez, Tobalaba Ad.",-33.45528,-70.54861,0.18181818181818182,2.0
2001-07-21,330020.0,"Quinta Normal, Santiago",-33.445,-70.68278,1.2,4.0
2001-07-21,330021.0,Pudahuel Santiago ,-33.37833,-70.78778,2.4814814814814814,6.0
2001-07-21,330030.0,"Santo Domingo, Ad.",-33.65611,-71.61333,5.3076923076923075,10.0
2001-07-21,330031.0,"Juan Fernández, Estación Meteorológica.",-33.63583,-78.83305,3.75,4.0
2001-07-21,340031.0,"General Freire, Curicó Ad.",-34.96944,-71.21694,5.7,12.0
2001-07-21,360011.0,"General Bernardo O'Higgins, Chillán Ad.",-36.58583,-72.03667,4.0,5.0
2001-07-21,360019.0,"Carriel Sur, Concepción Ap.",-36.78055,-73.06639,4.333333333333333,9.0
2001-07-21,370033.0,"María Dolores, Los Angeles Ad.",-37.39694,-72.42389,2.25,4.0
2001-07-21,380013.0,"Maquehue, Temuco Ad.",-38.76778,-72.63194,2.4166666666666665,6.0
2001-07-21,390006.0,"Pichoy, Valdivia Ad.",-39.65667,-73.08722,1.5,5.0
2001-07-21,400009.0,"Cañal Bajo,  Osorno Ad.",-40.61444,-73.0575,1.3571428571428572,3.0
2001-07-21,410005.0,El Tepual  Puerto Montt Ap.,-41.4475,-73.09583,1.9583333333333333,7.0
2001-07-21,430002.0,Futaleufú Ad.,-43.18889,-71.85222,0.0,0.0
2001-07-21,450004.0,"Teniente Vidal, Coyhaique Ad.",-45.59083,-72.10222,4.2,9.0
2001-07-21,450005.0,Balmaceda Ad.,-45.91833,-71.67778,1.9166666666666667,5.0
2001-07-21,520006.0,"Carlos Ibañez, Punta Arenas Ap.",-53.00167,-70.83861,7.791666666666667,14.0
2001-07-21,530005.0,"Fuentes Martínez, Porvenir Ad.",-53.25361,-70.32611,8.181818181818182,12.0
2001-07-21,950001.0,"C.M.A. Eduardo Frei Montalva, Antártica ",-62.19194,-58.97972,7.5,14.0
2001-07-22,180005.0,"Chacalluta, Arica Ap.",-18.35555,-70.34028,5.875,10.0
2001-07-22,200006.0,Diego Aracena Iquique Ap.,-20.54917,-70.18111,5.791666666666667,10.0
2001-07-22,220002.0,"El Loa, Calama Ad.",-22.49806,-68.8925,13.545454545454545,23.0
2001-07-22,270001.0,Mataveri  Isla de Pascua Ap.,-27.15889,-109.4325,4.333333333333333,7.0
2001-07-22,290004.0,"La Florida, La Serena Ad.",-29.91444,-71.20667,5.764705882352941,11.0
2001-07-22,330007.0,"Rodelillo, Ad.",-33.06528,-71.55639,3.8181818181818183,10.0
2001-07-22,330019.0,"Eulogio Sánchez, Tobalaba Ad.",-33.45528,-70.54861,0.0,0.0
2001-07-22,330020.0,"Quinta Normal, Santiago",-33.445,-70.68278,1.0,3.0
2001-07-22,330021.0,Pudahuel Santiago ,-33.37833,-70.78778,1.8888888888888888,6.0
2001-07-22,330030.0,"Santo Domingo, Ad.",-33.65611,-71.61333,3.3076923076923075,10.0
2001-07-22,330031.0,"Juan Fernández, Estación Meteorológica.",-33.63583,-78.83305,5.75,8.0
2001-07-22,340031.0,"General Freire, Curicó Ad.",-34.96944,-71.21694,3.9,6.0
2001-07-22,360011.0,"General Bernardo O'Higgins, Chillán Ad.",-36.58583,-72.03667,3.6666666666666665,5.0
2001-07-22,360019.0,"Carriel Sur, Concepción Ap.",-36.78055,-73.06639,4.166666666666667,8.0
2001-07-22,370033.0,"María Dolores, Los Angeles Ad.",-37.39694,-72.42389,9.75,13.0
2001-07-22,380013.0,"Maquehue, Temuco Ad.",-38.76778,-72.63194,1.8148148148148149,4.0
2001-07-22,390006.0,"Pichoy, Valdivia Ad.",-39.65667,-73.08722,1.0,2.0
2001-07-22,400009.0,"Cañal Bajo,  Osorno Ad.",-40.61444,-73.0575,7.076923076923077,14.0
2001-07-22,410005.0,El Tepual  Puerto Montt Ap.,-41.4475,-73.09583,4.333333333333333,14.0
2001-07-22,430002.0,Futaleufú Ad.,-43.18889,-71.85222,0.0,0.0
2001-07-22,450004.0,"Teniente Vidal, Coyhaique Ad.",-45.59083,-72.10222,0.8,4.0
2001-07-22,450005.0,Balmaceda Ad.,-45.91833,-71.67778,2.125,5.0
2001-07-22,520006.0,"Carlos Ibañez, Punta Arenas Ap.",-53.00167,-70.83861,13.416666666666666,19.0
2001-07-22,950001.0,"C.M.A. Eduardo Frei Montalva, Antártica ",-62.19194,-58.97972,10.875,23.0
2001-07-23,180005.0,"Chacalluta, Arica Ap.",-18.35555,-70.34028,6.041666666666667,10.0
2001-07-23,200006.0,Diego Aracena Iquique Ap.,-20.54917,-70.18111,5.166666666666667,10.0
2001-07-23,220002.0,"El Loa, Calama Ad.",-22.49806,-68.8925,11.941176470588236,21.0
2001-07-23,270001.0,Mataveri  Isla de Pascua Ap.,-27.15889,-109.4325,6.0,10.0
2001-07-23,290004.0,"La Florida, La Serena Ad.",-29.91444,-71.20667,3.8823529411764706,8.0
2001-07-23,330007.0,"Rodelillo, Ad.",-33.06528,-71.55639,4.090909090909091,6.0
2001-07-23,330019.0,"Eulogio Sánchez, Tobalaba Ad.",-33.45528,-70.54861,0.5454545454545454,2.0
2001-07-23,330020.0,"Quinta Normal, Santiago",-33.445,-70.68278,2.0,6.0
2001-07-23,330021.0,Pudahuel Santiago ,-33.37833,-70.78778,4.0,10.0
2001-07-23,330030.0,"Santo Domingo, Ad.",-33.65611,-71.61333,2.8461538461538463,7.0
2001-07-23,330031.0,"Juan Fernández, Estación Meteorológica.",-33.63583,-78.83305,7.6,10.0
2001-07-23,340031.0,"General Freire, Curicó Ad.",-34.96944,-71.21694,4.0,7.0
2001-07-23,360011.0,"General Bernardo O'Higgins, Chillán Ad.",-36.58583,-72.03667,2.3333333333333335,3.0
2001-07-23,360019.0,"Carriel Sur, Concepción Ap.",-36.78055,-73.06639,2.8333333333333335,7.0
2001-07-23,370033.0,"María Dolores, Los Angeles Ad.",-37.39694,-72.42389,3.5,6.0
2001-07-23,380013.0,"Maquehue, Temuco Ad.",-38.76778,-72.63194,2.4583333333333335,5.0
2001-07-23,390006.0,"Pichoy, Valdivia Ad.",-39.65667,-73.08722,0.25,1.0
2001-07-23,400009.0,"Cañal Bajo,  Osorno Ad.",-40.61444,-73.0575,2.3846153846153846,5.0
2001-07-23,410005.0,El Tepual  Puerto Montt Ap.,-41.4475,-73.09583,1.5,9.0
2001-07-23,430001.0,Quellón Ad.,-43.13361,-73.63278,3.7,6.0
2001-07-23,430002.0,Futaleufú Ad.,-43.18889,-71.85222,0.75,3.0
2001-07-23,450001.0,Puerto Aysén Ad.,-45.39944,-72.67722,6.5,10.0
2001-07-23,450004.0,"Teniente Vidal, Coyhaique Ad.",-45.59083,-72.10222,1.4,4.0
2001-07-23,450005.0,Balmaceda Ad.,-45.91833,-71.67778,3.6666666666666665,14.0
2001-07-23,520006.0,"Carlos Ibañez, Punta Arenas Ap.",-53.00167,-70.83861,6.0,12.0
2001-07-23,530005.0,"Fuentes Martínez, Porvenir Ad.",-53.25361,-70.32611,9.818181818181818,13.0
2001-07-23,550001.0,"Guardiamarina Zañartu, Pto Williams Ad.",-54.93167,-67.61556,3.0,5.0
2001-07-23,950001.0,"C.M.A. Eduardo Frei Montalva, Antártica ",-62.19194,-58.97972,16.375,21.0
2001-07-24,180005.0,"Chacalluta, Arica Ap.",-18.35555,-70.34028,5.041666666666667,9.0
2001-07-24,200006.0,Diego Aracena Iquique Ap.,-20.54917,-70.18111,7.416666666666667,15.0
2001-07-24,220002.0,"El Loa, Calama Ad.",-22.49806,-68.8925,14.9375,22.0
2001-07-24,270001.0,Mataveri  Isla de Pascua Ap.,-27.15889,-109.4325,12.0,15.0
2001-07-24,290004.0,"La Florida, La Serena Ad.",-29.91444,-71.20667,5.352941176470588,8.0
2001-07-24,330007.0,"Rodelillo, Ad.",-33.06528,-71.55639,6.2727272727272725,10.0
2001-07-24,330019.0,"Eulogio Sánchez, Tobalaba Ad.",-33.45528,-70.54861,0.0,0.0
2001-07-24,330020.0,"Quinta Normal, Santiago",-33.445,-70.68278,2.6,4.0
2001-07-24,330021.0,Pudahuel Santiago ,-33.37833,-70.78778,3.3333333333333335,6.0
2001-07-24,330030.0,"Santo Domingo, Ad.",-33.65611,-71.61333,5.538461538461538,13.0
2001-07-24,330031.0,"Juan Fernández, Estación Meteorológica.",-33.63583,-78.83305,8.8,14.0
2001-07-24,340031.0,"General Freire, Curicó Ad.",-34.96944,-71.21694,7.6,10.0
2001-07-24,360011.0,"General Bernardo O'Higgins, Chillán Ad.",-36.58583,-72.03667,3.6666666666666665,5.0
2001-07-24,360019.0,"Carriel Sur, Concepción Ap.",-36.78055,-73.06639,5.125,15.0
2001-07-24,370033.0,"María Dolores, Los Angeles Ad.",-37.39694,-72.42389,5.25,10.0
2001-07-24,380013.0,"Maquehue, Temuco Ad.",-38.76778,-72.63194,3.3333333333333335,6.0
2001-07-24,390006.0,"Pichoy, Valdivia Ad.",-39.65667,-73.08722,1.25,2.0
2001-07-24,400009.0,"Cañal Bajo,  Osorno Ad.",-40.61444,-73.0575,3.3846153846153846,10.0
2001-07-24,410005.0,El Tepual  Puerto Montt Ap.,-41.4475,-73.09583,1.9166666666666667,8.0
2001-07-24,430001.0,Quellón Ad.,-43.13361,-73.63278,3.9,5.0
2001-07-24,430002.0,Futaleufú Ad.,-43.18889,-71.85222,1.4,4.0
2001-07-24,450001.0,Puerto Aysén Ad.,-45.39944,-72.67722,1.0,4.0
2001-07-24,450004.0,"Teniente Vidal, Coyhaique Ad.",-45.59083,-72.10222,0.6,3.0
2001-07-24,450005.0,Balmaceda Ad.,-45.91833,-71.67778,1.9166666666666667,6.0
2001-07-24,520006.0,"Carlos Ibañez, Punta Arenas Ap.",-53.00167,-70.83861,6.291666666666667,17.0
2001-07-24,530005.0,"Fuentes Martínez, Porvenir Ad.",-53.25361,-70.32611,4.545454545454546,6.0
2001-07-24,550001.0,"Guardiamarina Zañartu, Pto Williams Ad.",-54.93167,-67.61556,9.222222222222221,13.0
2001-07-24,950001.0,"C.M.A. Eduardo Frei Montalva, Antártica ",-62.19194,-58.97972,17.5,22.0
2001-07-25,180005.0,"Chacalluta, Arica Ap.",-18.35555,-70.34028,4.875,13.0
2001-07-25,200006.0,Diego Aracena Iquique Ap.,-20.54917,-70.18111,7.541666666666667,14.0
2001-07-25,220002.0,"El Loa, Calama Ad.",-22.49806,-68.8925,14.1875,25.0
2001-07-25,270001.0,Mataveri  Isla de Pascua Ap.,-27.15889,-109.4325,7.333333333333333,14.0
2001-07-25,290004.0,"La Florida, La Serena Ad.",-29.91444,-71.20667,4.823529411764706,8.0
2001-07-25,330007.0,"Rodelillo, Ad.",-33.06528,-71.55639,12.818181818181818,15.0
2001-07-25,330019.0,"Eulogio Sánchez, Tobalaba Ad.",-33.45528,-70.54861,0.0,0.0
2001-07-25,330020.0,"Quinta Normal, Santiago",-33.445,-70.68278,2.6,4.0
2001-07-25,330021.0,Pudahuel Santiago ,-33.37833,-70.78778,3.8333333333333335,9.0
2001-07-25,330030.0,"Santo Domingo, Ad.",-33.65611,-71.61333,5.461538461538462,12.0
2001-07-25,330031.0,"Juan Fernández, Estación Meteorológica.",-33.63583,-78.83305,5.0,8.0
2001-07-25,340031.0,"General Freire, Curicó Ad.",-34.96944,-71.21694,5.7,9.0
2001-07-25,360011.0,"General Bernardo O'Higgins, Chillán Ad.",-36.58583,-72.03667,5.666666666666667,6.0
2001-07-25,360019.0,"Carriel Sur, Concepción Ap.",-36.78055,-73.06639,4.583333333333333,10.0
2001-07-25,370033.0,"María Dolores, Los Angeles Ad.",-37.39694,-72.42389,13.25,18.0
2001-07-25,380013.0,"Maquehue, Temuco Ad.",-38.76778,-72.63194,2.5,8.0
2001-07-25,390006.0,"Pichoy, Valdivia Ad.",-39.65667,-73.08722,5.0,9.0
2001-07-25,400009.0,"Cañal Bajo,  Osorno Ad.",-40.61444,-73.0575,7.461538461538462,13.0
2001-07-25,410005.0,El Tepual  Puerto Montt Ap.,-41.4475,-73.09583,4.041666666666667,11.0
2001-07-25,430001.0,Quellón Ad.,-43.13361,-73.63278,3.6,5.0
2001-07-25,430002.0,Futaleufú Ad.,-43.18889,-71.85222,4.2,10.0
2001-07-25,450001.0,Puerto Aysén Ad.,-45.39944,-72.67722,1.25,6.0
2001-07-25,450004.0,"Teniente Vidal, Coyhaique Ad.",-45.59083,-72.10222,4.2,5.0
2001-07-25,450005.0,Balmaceda Ad.,-45.91833,-71.67778,3.125,8.0
2001-07-25,520006.0,"Carlos Ibañez, Punta Arenas Ap.",-53.00167,-70.83861,7.96,16.0
2001-07-25,530005.0,"Fuentes Martínez, Porvenir Ad.",-53.25361,-70.32611,7.2727272727272725,10.0
2001-07-25,550001.0,"Guardiamarina Zañartu, Pto Williams Ad.",-54.93167,-67.61556,11.777777777777779,16.0
2001-07-25,950001.0,"C.M.A. Eduardo Frei Montalva, Antártica ",-62.19194,-58.97972,28.3125,38.0
2001-07-26,180005.0,"Chacalluta, Arica Ap.",-18.35555,-70.34028,4.791666666666667,11.0
2001-07-26,200006.0,Diego Aracena Iquique Ap.,-20.54917,-70.18111,5.041666666666667,9.0
2001-07-26,220002.0,"El Loa, Calama Ad.",-22.49806,-68.8925,13.375,25.0
2001-07-26,270001.0,Mataveri  Isla de Pascua Ap.,-27.15889,-109.4325,5.666666666666667,9.0
2001-07-26,290004.0,"La Florida, La Serena Ad.",-29.91444,-71.20667,5.882352941176471,9.0
2001-07-26,330007.0,"Rodelillo, Ad.",-33.06528,-71.55639,6.2727272727272725,10.0
2001-07-26,330019.0,"Eulogio Sánchez, Tobalaba Ad.",-33.45528,-70.54861,0.0,0.0
2001-07-26,330020.0,"Quinta Normal, Santiago",-33.445,-70.68278,0.8,2.0
2001-07-26,330021.0,Pudahuel Santiago ,-33.37833,-70.78778,1.5416666666666667,4.0
2001-07-26,330030.0,"Santo Domingo, Ad.",-33.65611,-71.61333,5.3076923076923075,10.0
2001-07-26,330031.0,"Juan Fernández, Estación Meteorológica.",-33.63583,-78.83305,8.4,10.0
2001-07-26,340031.0,"General Freire, Curicó Ad.",-34.96944,-71.21694,3.2,6.0
2001-07-26,360011.0,"General Bernardo O'Higgins, Chillán Ad.",-36.58583,-72.03667,5.666666666666667,6.0
2001-07-26,360019.0,"Carriel Sur, Concepción Ap.",-36.78055,-73.06639,4.791666666666667,10.0
2001-07-26,370033.0,"María Dolores, Los Angeles Ad.",-37.39694,-72.42389,7.5,9.0
2001-07-26,380013.0,"Maquehue, Temuco Ad.",-38.76778,-72.63194,1.72,6.0
2001-07-26,390006.0,"Pichoy, Valdivia Ad.",-39.65667,-73.08722,3.25,4.0
2001-07-26,400009.0,"Cañal Bajo,  Osorno Ad.",-40.61444,-73.0575,1.8,5.0
2001-07-26,410005.0,El Tepual  Puerto Montt Ap.,-41.4475,-73.09583,1.9166666666666667,9.0
2001-07-26,430001.0,Quellón Ad.,-43.13361,-73.63278,3.4,4.0
2001-07-26,430002.0,Futaleufú Ad.,-43.18889,-71.85222,4.2,5.0
2001-07-26,450001.0,Puerto Aysén Ad.,-45.39944,-72.67722,1.2222222222222223,7.0
2001-07-26,450004.0,"Teniente Vidal, Coyhaique Ad.",-45.59083,-72.10222,2.4,5.0
2001-07-26,450005.0,Balmaceda Ad.,-45.91833,-71.67778,1.875,5.0
2001-07-26,520006.0,"Carlos Ibañez, Punta Arenas Ap.",-53.00167,-70.83861,13.083333333333334,29.0
2001-07-26,530005.0,"Fuentes Martínez, Porvenir Ad.",-53.25361,-70.32611,14.727272727272727,21.0
2001-07-26,550001.0,"Guardiamarina Zañartu, Pto Williams Ad.",-54.93167,-67.61556,13.333333333333334,20.0
2001-07-26,950001.0,"C.M.A. Eduardo Frei Montalva, Antártica ",-62.19194,-58.97972,18.6,31.0
2001-07-27,180005.0,"Chacalluta, Arica Ap.",-18.35555,-70.34028,5.125,10.0
2001-07-27,200006.0,Diego Aracena Iquique Ap.,-20.54917,-70.18111,6.208333333333333,11.0
2001-07-27,220002.0,"El Loa, Calama Ad.",-22.49806,-68.8925,12.5625,24.0
2001-07-27,270001.0,Mataveri  Isla de Pascua Ap.,-27.15889,-109.4325,8.0,10.0
2001-07-27,290004.0,"La Florida, La Serena Ad.",-29.91444,-71.20667,5.705882352941177,11.0
2001-07-27,330007.0,"Rodelillo, Ad.",-33.06528,-71.55639,3.272727272727273,5.0
2001-07-27,330019.0,"Eulogio Sánchez, Tobalaba Ad.",-33.45528,-70.54861,0.0,0.0
2001-07-27,330020.0,"Quinta Normal, Santiago",-33.445,-70.68278,0.8,4.0
2001-07-27,330021.0,Pudahuel Santiago ,-33.37833,-70.78778,2.2083333333333335,5.0
2001-07-27,330030.0,"Santo Domingo, Ad.",-33.65611,-71.61333,1.7692307692307692,6.0
2001-07-27,330031.0,"Juan Fernández, Estación Meteorológica.",-33.63583,-78.83305,2.0,6.0
2001-07-27,340031.0,"General Freire, Curicó Ad.",-34.96944,-71.21694,2.4,4.0
2001-07-27,360011.0,"General Bernardo O'Higgins, Chillán Ad.",-36.58583,-72.03667,2.0,2.0
2001-07-27,360019.0,"Carriel Sur, Concepción Ap.",-36.78055,-73.06639,4.166666666666667,9.0
2001-07-27,370033.0,"María Dolores, Los Angeles Ad.",-37.39694,-72.42389,2.5,7.0
2001-07-27,380013.0,"Maquehue, Temuco Ad.",-38.76778,-72.63194,2.5,6.0
2001-07-27,390006.0,"Pichoy, Valdivia Ad.",-39.65667,-73.08722,1.0,2.0
2001-07-27,400009.0,"Cañal Bajo,  Osorno Ad.",-40.61444,-73.0575,1.4285714285714286,3.0
2001-07-27,410005.0,El Tepual  Puerto Montt Ap.,-41.4475,-73.09583,1.6666666666666667,7.0
2001-07-27,430001.0,Quellón Ad.,-43.13361,-73.63278,3.7,4.0
2001-07-27,430002.0,Futaleufú Ad.,-43.18889,-71.85222,5.8,8.0
2001-07-27,450001.0,Puerto Aysén Ad.,-45.39944,-72.67722,0.5,4.0
2001-07-27,450004.0,"Teniente Vidal, Coyhaique Ad.",-45.59083,-72.10222,1.2,3.0
2001-07-27,450005.0,Balmaceda Ad.,-45.91833,-71.67778,0.9583333333333334,3.0
2001-07-27,520006.0,"Carlos Ibañez, Punta Arenas Ap.",-53.00167,-70.83861,7.333333333333333,15.0
2001-07-27,530005.0,"Fuentes Martínez, Porvenir Ad.",-53.25361,-70.32611,7.363636363636363,10.0
2001-07-27,550001.0,"Guardiamarina Zañartu, Pto Williams Ad.",-54.93167,-67.61556,2.5,4.0
2001-07-27,950001.0,"C.M.A. Eduardo Frei Montalva, Antártica ",-62.19194,-58.97972,10.083333333333334,23.0
2001-07-28,180005.0,"Chacalluta, Arica Ap.",-18.35555,-70.34028,5.125,14.0
2001-07-28,200006.0,Diego Aracena Iquique Ap.,-20.54917,-70.18111,5.666666666666667,16.0
2001-07-28,220002.0,"El Loa, Calama Ad.",-22.49806,-68.8925,14.0,25.0
2001-07-28,270001.0,Mataveri  Isla de Pascua Ap.,-27.15889,-109.4325,7.0,8.0
2001-07-28,290004.0,"La Florida, La Serena Ad.",-29.91444,-71.20667,4.411764705882353,10.0
2001-07-28,330007.0,"Rodelillo, Ad.",-33.06528,-71.55639,10.909090909090908,14.0
2001-07-28,330019.0,"Eulogio Sánchez, Tobalaba Ad.",-33.45528,-70.54861,0.5454545454545454,2.0
2001-07-28,330020.0,"Quinta Normal, Santiago",-33.445,-70.68278,1.6,4.0
2001-07-28,330021.0,Pudahuel Santiago ,-33.37833,-70.78778,3.2916666666666665,10.0
2001-07-28,330030.0,"Santo Domingo, Ad.",-33.65611,-71.61333,6.153846153846154,14.0
2001-07-28,330031.0,"Juan Fernández, Estación Meteorológica.",-33.63583,-78.83305,7.0,10.0
2001-07-28,340031.0,"General Freire, Curicó Ad.",-34.96944,-71.21694,7.8,13.0
2001-07-28,360011.0,"General Bernardo O'Higgins, Chillán Ad.",-36.58583,-72.03667,12.0,14.0
2001-07-28,360019.0,"Carriel Sur, Concepción Ap.",-36.78055,-73.06639,8.791666666666666,24.0
2001-07-28,370033.0,"María Dolores, Los Angeles Ad.",-37.39694,-72.42389,8.25,12.0
2001-07-28,380013.0,"Maquehue, Temuco Ad.",-38.76778,-72.63194,5.769230769230769,16.0
2001-07-28,390006.0,"Pichoy, Valdivia Ad.",-39.65667,-73.08722,2.75,9.0
2001-07-28,400009.0,"Cañal Bajo,  Osorno Ad.",-40.61444,-73.0575,6.6923076923076925,14.0
2001-07-28,410005.0,El Tepual  Puerto Montt Ap.,-41.4475,-73.09583,7.916666666666667,24.0
2001-07-28,430002.0,Futaleufú Ad.,-43.18889,-71.85222,2.2,4.0
2001-07-28,450004.0,"Teniente Vidal, Coyhaique Ad.",-45.59083,-72.10222,2.0,3.0
2001-07-28,450005.0,Balmaceda Ad.,-45.91833,-71.67778,1.0833333333333333,3.0
2001-07-28,520006.0,"Carlos Ibañez, Punta Arenas Ap.",-53.00167,-70.83861,6.76,18.0
2001-07-28,530005.0,"Fuentes Martínez, Porvenir Ad.",-53.25361,-70.32611,14.090909090909092,24.0
2001-07-28,950001.0,"C.M.A. Eduardo Frei Montalva, Antártica ",-62.19194,-58.97972,8.25,15.0
2001-07-29,180005.0,"Chacalluta, Arica Ap.",-18.35555,-70.34028,5.083333333333333,13.0
2001-07-29,200006.0,Diego Aracena Iquique Ap.,-20.54917,-70.18111,5.5,11.0
2001-07-29,220002.0,"El Loa, Calama Ad.",-22.49806,-68.8925,15.272727272727273,21.0
2001-07-29,270001.0,Mataveri  Isla de Pascua Ap.,-27.15889,-109.4325,5.166666666666667,9.0
2001-07-29,290004.0,"La Florida, La Serena Ad.",-29.91444,-71.20667,4.294117647058823,9.0
2001-07-29,330007.0,"Rodelillo, Ad.",-33.06528,-71.55639,11.909090909090908,22.0
2001-07-29,330019.0,"Eulogio Sánchez, Tobalaba Ad.",-33.45528,-70.54861,3.5454545454545454,13.0
2001-07-29,330020.0,"Quinta Normal, Santiago",-33.445,-70.68278,3.6,6.0
2001-07-29,330021.0,Pudahuel Santiago ,-33.37833,-70.78778,7.8,17.0
2001-07-29,330030.0,"Santo Domingo, Ad.",-33.65611,-71.61333,8.076923076923077,12.0
2001-07-29,330031.0,"Juan Fernández, Estación Meteorológica.",-33.63583,-78.83305,6.0,8.0
2001-07-29,340031.0,"General Freire, Curicó Ad.",-34.96944,-71.21694,19.4,24.0
2001-07-29,360011.0,"General Bernardo O'Higgins, Chillán Ad.",-36.58583,-72.03667,23.0,30.0
2001-07-29,360019.0,"Carriel Sur, Concepción Ap.",-36.78055,-73.06639,15.833333333333334,29.0
2001-07-29,370033.0,"María Dolores, Los Angeles Ad.",-37.39694,-72.42389,13.75,20.0
2001-07-29,380013.0,"Maquehue, Temuco Ad.",-38.76778,-72.63194,11.708333333333334,29.0
2001-07-29,390006.0,"Pichoy, Valdivia Ad.",-39.65667,-73.08722,2.5,4.0
2001-07-29,400009.0,"Cañal Bajo,  Osorno Ad.",-40.61444,-73.0575,3.3333333333333335,12.0
2001-07-29,410005.0,El Tepual  Puerto Montt Ap.,-41.4475,-73.09583,6.541666666666667,20.0
2001-07-29,430002.0,Futaleufú Ad.,-43.18889,-71.85222,0.0,0.0
2001-07-29,450004.0,"Teniente Vidal, Coyhaique Ad.",-45.59083,-72.10222,4.4,8.0
2001-07-29,450005.0,Balmaceda Ad.,-45.91833,-71.67778,5.333333333333333,13.0
2001-07-29,520006.0,"Carlos Ibañez, Punta Arenas Ap.",-53.00167,-70.83861,12.24,21.0
2001-07-29,950001.0,"C.M.A. Eduardo Frei Montalva, Antártica ",-62.19194,-58.97972,11.375,16.0
2001-07-30,180005.0,"Chacalluta, Arica Ap.",-18.35555,-70.34028,5.333333333333333,13.0
2001-07-30,200006.0,Diego Aracena Iquique Ap.,-20.54917,-70.18111,7.708333333333333,18.0
2001-07-30,220002.0,"El Loa, Calama Ad.",-22.49806,-68.8925,13.4,22.0
2001-07-30,270001.0,Mataveri  Isla de Pascua Ap.,-27.15889,-109.4325,8.5,11.0
2001-07-30,290004.0,"La Florida, La Serena Ad.",-29.91444,-71.20667,4.294117647058823,8.0
2001-07-30,330007.0,"Rodelillo, Ad.",-33.06528,-71.55639,19.09090909090909,26.0
2001-07-30,330019.0,"Eulogio Sánchez, Tobalaba Ad.",-33.45528,-70.54861,0.45454545454545453,3.0
2001-07-30,330020.0,"Quinta Normal, Santiago",-33.445,-70.68278,2.4,4.0
2001-07-30,330021.0,Pudahuel Santiago ,-33.37833,-70.78778,11.291666666666666,28.0
2001-07-30,330030.0,"Santo Domingo, Ad.",-33.65611,-71.61333,8.76923076923077,16.0
2001-07-30,330031.0,"Juan Fernández, Estación Meteorológica.",-33.63583,-78.83305,9.6,14.0
2001-07-30,340031.0,"General Freire, Curicó Ad.",-34.96944,-71.21694,7.3,12.0
2001-07-30,360011.0,"General Bernardo O'Higgins, Chillán Ad.",-36.58583,-72.03667,13.0,15.0
2001-07-30,360019.0,"Carriel Sur, Concepción Ap.",-36.78055,-73.06639,13.25,23.0
2001-07-30,370033.0,"María Dolores, Los Angeles Ad.",-37.39694,-72.42389,16.0,18.0
2001-07-30,380013.0,"Maquehue, Temuco Ad.",-38.76778,-72.63194,9.25,18.0
2001-07-30,390006.0,"Pichoy, Valdivia Ad.",-39.65667,-73.08722,20.5,31.0
2001-07-30,400009.0,"Cañal Bajo,  Osorno Ad.",-40.61444,-73.0575,9.615384615384615,18.0
2001-07-30,410005.0,El Tepual  Puerto Montt Ap.,-41.4475,-73.09583,8.583333333333334,33.0
2001-07-30,430001.0,Quellón Ad.,-43.13361,-73.63278,5.1,10.0
2001-07-30,430002.0,Futaleufú Ad.,-43.18889,-71.85222,4.5,7.0
2001-07-30,450001.0,Puerto Aysén Ad.,-45.39944,-72.67722,5.75,16.0
2001-07-30,450004.0,"Teniente Vidal, Coyhaique Ad.",-45.59083,-72.10222,4.2,8.0
2001-07-30,450005.0,Balmaceda Ad.,-45.91833,-71.67778,5.958333333333333,13.0
2001-07-30,520006.0,"Carlos Ibañez, Punta Arenas Ap.",-53.00167,-70.83861,5.16,12.0
2001-07-30,530005.0,"Fuentes Martínez, Porvenir Ad.",-53.25361,-70.32611,6.909090909090909,10.0
2001-07-30,550001.0,"Guardiamarina Zañartu, Pto Williams Ad.",-54.93167,-67.61556,2.111111111111111,3.0
2001-07-30,950001.0,"C.M.A. Eduardo Frei Montalva, Antártica ",-62.19194,-58.97972,16.076923076923077,30.0
2001-07-31,180005.0,"Chacalluta, Arica Ap.",-18.35555,-70.34028,5.0,9.0
2001-07-31,200006.0,Diego Aracena Iquique Ap.,-20.54917,-70.18111,6.208333333333333,12.0
2001-07-31,220002.0,"El Loa, Calama Ad.",-22.49806,-68.8925,14.8125,27.0
2001-07-31,270001.0,Mataveri  Isla de Pascua Ap.,-27.15889,-109.4325,7.833333333333333,9.0
2001-07-31,290004.0,"La Florida, La Serena Ad.",-29.91444,-71.20667,5.117647058823529,9.0
2001-07-31,330007.0,"Rodelillo, Ad.",-33.06528,-71.55639,7.75,12.0
2001-07-31,330019.0,"Eulogio Sánchez, Tobalaba Ad.",-33.45528,-70.54861,0.0,0.0
2001-07-31,330020.0,"Quinta Normal, Santiago",-33.445,-70.68278,0.8,4.0
2001-07-31,330021.0,Pudahuel Santiago ,-33.37833,-70.78778,3.44,9.0
2001-07-31,330030.0,"Santo Domingo, Ad.",-33.65611,-71.61333,2.230769230769231,6.0
2001-07-31,330031.0,"Juan Fernández, Estación Meteorológica.",-33.63583,-78.83305,13.0,25.0
2001-07-31,340031.0,"General Freire, Curicó Ad.",-34.96944,-71.21694,6.2,8.0
2001-07-31,360011.0,"General Bernardo O'Higgins, Chillán Ad.",-36.58583,-72.03667,16.333333333333332,20.0
2001-07-31,360019.0,"Carriel Sur, Concepción Ap.",-36.78055,-73.06639,18.333333333333332,29.0
2001-07-31,370033.0,"María Dolores, Los Angeles Ad.",-37.39694,-72.42389,19.0,26.0
2001-07-31,380013.0,"Maquehue, Temuco Ad.",-38.76778,-72.63194,9.5,20.0
2001-07-31,390006.0,"Pichoy, Valdivia Ad.",-39.65667,-73.08722,11.5,18.0
2001-07-31,400009.0,"Cañal Bajo,  Osorno Ad.",-40.61444,-73.0575,10.533333333333333,16.0
2001-07-31,410005.0,El Tepual  Puerto Montt Ap.,-41.4475,-73.09583,14.541666666666666,28.0
2001-07-31,430001.0,Quellón Ad.,-43.13361,-73.63278,5.3,8.0
2001-07-31,430002.0,Futaleufú Ad.,-43.18889,-71.85222,2.2,5.0
2001-07-31,450001.0,Puerto Aysén Ad.,-45.39944,-72.67722,0.5,4.0
2001-07-31,450004.0,"Teniente Vidal, Coyhaique Ad.",-45.59083,-72.10222,4.2,7.0
2001-07-31,450005.0,Balmaceda Ad.,-45.91833,-71.67778,8.083333333333334,13.0
2001-07-31,520006.0,"Carlos Ibañez, Punta Arenas Ap.",-53.00167,-70.83861,7.96,13.0
2001-07-31,530005.0,"Fuentes Martínez, Porvenir Ad.",-53.25361,-70.32611,10.818181818181818,15.0
2001-07-31,550001.0,"Guardiamarina Zañartu, Pto Williams Ad.",-54.93167,-67.61556,3.2222222222222223,6.0
2001-07-31,950001.0,"C.M.A. Eduardo Frei Montalva, Antártica ",-62.19194,-58.97972,19.214285714285715,40.0
2001-08-01,180005.0,"Chacalluta, Arica Ap.",-18.35555,-70.34028,3.7083333333333335,10.0
2001-08-01,200006.0,Diego Aracena Iquique Ap.,-20.54917,-70.18111,5.083333333333333,8.0
2001-08-01,220002.0,"El Loa, Calama Ad.",-22.49806,-68.8925,15.75,26.0
2001-08-01,270001.0,Mataveri  Isla de Pascua Ap.,-27.15889,-109.4325,8.5,11.0
2001-08-01,290004.0,"La Florida, La Serena Ad.",-29.91444,-71.20667,6.411764705882353,10.0
2001-08-01,330007.0,"Rodelillo, Ad.",-33.06528,-71.55639,5.416666666666667,10.0
2001-08-01,330019.0,"Eulogio Sánchez, Tobalaba Ad.",-33.45528,-70.54861,0.0,0.0
2001-08-01,330020.0,"Quinta Normal, Santiago",-33.445,-70.68278,2.2,4.0
2001-08-01,330021.0,Pudahuel Santiago ,-33.37833,-70.78778,2.4482758620689653,9.0
2001-08-01,330030.0,"Santo Domingo, Ad.",-33.65611,-71.61333,3.230769230769231,8.0
2001-08-01,330031.0,"Juan Fernández, Estación Meteorológica.",-33.63583,-78.83305,11.6,12.0
2001-08-01,340031.0,"General Freire, Curicó Ad.",-34.96944,-71.21694,7.0,10.0
2001-08-01,360011.0,"General Bernardo O'Higgins, Chillán Ad.",-36.58583,-72.03667,9.0,15.0
2001-08-01,360019.0,"Carriel Sur, Concepción Ap.",-36.78055,-73.06639,19.666666666666668,29.0
2001-08-01,370033.0,"María Dolores, Los Angeles Ad.",-37.39694,-72.42389,13.25,19.0
2001-08-01,380013.0,"Maquehue, Temuco Ad.",-38.76778,-72.63194,9.32,16.0
2001-08-01,390006.0,"Pichoy, Valdivia Ad.",-39.65667,-73.08722,20.25,24.0
2001-08-01,400009.0,"Cañal Bajo,  Osorno Ad.",-40.61444,-73.0575,10.0,16.0
2001-08-01,410005.0,El Tepual  Puerto Montt Ap.,-41.4475,-73.09583,10.25,21.0
2001-08-01,430001.0,Quellón Ad.,-43.13361,-73.63278,5.7,8.0
2001-08-01,430002.0,Futaleufú Ad.,-43.18889,-71.85222,0.6,3.0
2001-08-01,450001.0,Puerto Aysén Ad.,-45.39944,-72.67722,0.0,0.0
2001-08-01,450004.0,"Teniente Vidal, Coyhaique Ad.",-45.59083,-72.10222,3.8,9.0
2001-08-01,450005.0,Balmaceda Ad.,-45.91833,-71.67778,6.208333333333333,15.0
2001-08-01,520006.0,"Carlos Ibañez, Punta Arenas Ap.",-53.00167,-70.83861,5.037037037037037,8.0
2001-08-01,530005.0,"Fuentes Martínez, Porvenir Ad.",-53.25361,-70.32611,4.666666666666667,10.0
2001-08-01,550001.0,"Guardiamarina Zañartu, Pto Williams Ad.",-54.93167,-67.61556,2.888888888888889,4.0
2001-08-01,950001.0,"C.M.A. Eduardo Frei Montalva, Antártica ",-62.19194,-58.97972,9.7,15.0
2001-08-02,180005.0,"Chacalluta, Arica Ap.",-18.35555,-70.34028,4.083333333333333,11.0
2001-08-02,200006.0,Diego Aracena Iquique Ap.,-20.54917,-70.18111,5.875,10.0
2001-08-02,220002.0,"El Loa, Calama Ad.",-22.49806,-68.8925,15.4375,23.0
2001-08-02,270001.0,Mataveri  Isla de Pascua Ap.,-27.15889,-109.4325,9.833333333333334,14.0
2001-08-02,290004.0,"La Florida, La Serena Ad.",-29.91444,-71.20667,3.7058823529411766,9.0
2001-08-02,330007.0,"Rodelillo, Ad.",-33.06528,-71.55639,5.181818181818182,8.0
2001-08-02,330019.0,"Eulogio Sánchez, Tobalaba Ad.",-33.45528,-70.54861,0.45454545454545453,3.0
2001-08-02,330020.0,"Quinta Normal, Santiago",-33.445,-70.68278,0.0,0.0
2001-08-02,330021.0,Pudahuel Santiago ,-33.37833,-70.78778,2.92,7.0
2001-08-02,330030.0,"Santo Domingo, Ad.",-33.65611,-71.61333,3.0,8.0
2001-08-02,330031.0,"Juan Fernández, Estación Meteorológica.",-33.63583,-78.83305,5.0,10.0
2001-08-02,340031.0,"General Freire, Curicó Ad.",-34.96944,-71.21694,4.7,8.0
2001-08-02,360011.0,"General Bernardo O'Higgins, Chillán Ad.",-36.58583,-72.03667,1.6666666666666667,2.0
2001-08-02,360019.0,"Carriel Sur, Concepción Ap.",-36.78055,-73.06639,9.25,13.0
2001-08-02,370033.0,"María Dolores, Los Angeles Ad.",-37.39694,-72.42389,6.0,9.0
2001-08-02,380013.0,"Maquehue, Temuco Ad.",-38.76778,-72.63194,4.833333333333333,10.0
2001-08-02,390006.0,"Pichoy, Valdivia Ad.",-39.65667,-73.08722,7.0,10.0
2001-08-02,400009.0,"Cañal Bajo,  Osorno Ad.",-40.61444,-73.0575,5.0,7.0
2001-08-02,410005.0,El Tepual  Puerto Montt Ap.,-41.4475,-73.09583,4.0,7.0
2001-08-02,430001.0,Quellón Ad.,-43.13361,-73.63278,4.2,5.0
2001-08-02,430002.0,Futaleufú Ad.,-43.18889,-71.85222,2.4,5.0
2001-08-02,450001.0,Puerto Aysén Ad.,-45.39944,-72.67722,4.5,10.0
2001-08-02,450004.0,"Teniente Vidal, Coyhaique Ad.",-45.59083,-72.10222,4.0,9.0
2001-08-02,450005.0,Balmaceda Ad.,-45.91833,-71.67778,10.25,18.0
2001-08-02,520006.0,"Carlos Ibañez, Punta Arenas Ap.",-53.00167,-70.83861,8.72,16.0
2001-08-02,530005.0,"Fuentes Martínez, Porvenir Ad.",-53.25361,-70.32611,6.0,11.0
2001-08-02,550001.0,"Guardiamarina Zañartu, Pto Williams Ad.",-54.93167,-67.61556,9.666666666666666,17.0
2001-08-02,950001.0,"C.M.A. Eduardo Frei Montalva, Antártica ",-62.19194,-58.97972,5.454545454545454,11.0
2001-08-03,180005.0,"Chacalluta, Arica Ap.",-18.35555,-70.34028,4.708333333333333,9.0
2001-08-03,200006.0,Diego Aracena Iquique Ap.,-20.54917,-70.18111,5.166666666666667,8.0
2001-08-03,220002.0,"El Loa, Calama Ad.",-22.49806,-68.8925,13.1875,22.0
2001-08-03,270001.0,Mataveri  Isla de Pascua Ap.,-27.15889,-109.4325,8.666666666666666,12.0
2001-08-03,290004.0,"La Florida, La Serena Ad.",-29.91444,-71.20667,3.0588235294117645,7.0
2001-08-03,330007.0,"Rodelillo, Ad.",-33.06528,-71.55639,3.272727272727273,6.0
2001-08-03,330019.0,"Eulogio Sánchez, Tobalaba Ad.",-33.45528,-70.54861,0.0,0.0
2001-08-03,330020.0,"Quinta Normal, Santiago",-33.445,-70.68278,1.2,2.0
2001-08-03,330021.0,Pudahuel Santiago ,-33.37833,-70.78778,1.56,4.0
2001-08-03,330030.0,"Santo Domingo, Ad.",-33.65611,-71.61333,2.4615384615384617,6.0
2001-08-03,330031.0,"Juan Fernández, Estación Meteorológica.",-33.63583,-78.83305,8.0,10.0
2001-08-03,340031.0,"General Freire, Curicó Ad.",-34.96944,-71.21694,3.7,5.0
2001-08-03,360011.0,"General Bernardo O'Higgins, Chillán Ad.",-36.58583,-72.03667,4.666666666666667,5.0
2001-08-03,360019.0,"Carriel Sur, Concepción Ap.",-36.78055,-73.06639,4.916666666666667,9.0
2001-08-03,370033.0,"María Dolores, Los Angeles Ad.",-37.39694,-72.42389,11.0,12.0
2001-08-03,380013.0,"Maquehue, Temuco Ad.",-38.76778,-72.63194,2.7083333333333335,7.0
2001-08-03,390006.0,"Pichoy, Valdivia Ad.",-39.65667,-73.08722,5.0,8.0
2001-08-03,400009.0,"Cañal Bajo,  Osorno Ad.",-40.61444,-73.0575,10.615384615384615,17.0
2001-08-03,410005.0,El Tepual  Puerto Montt Ap.,-41.4475,-73.09583,6.041666666666667,15.0
2001-08-03,430001.0,Quellón Ad.,-43.13361,-73.63278,6.3,10.0
2001-08-03,430002.0,Futaleufú Ad.,-43.18889,-71.85222,2.4,5.0
2001-08-03,450001.0,Puerto Aysén Ad.,-45.39944,-72.67722,0.0,0.0
2001-08-03,450004.0,"Teniente Vidal, Coyhaique Ad.",-45.59083,-72.10222,2.8,5.0
2001-08-03,450005.0,Balmaceda Ad.,-45.91833,-71.67778,4.291666666666667,9.0
2001-08-03,520006.0,"Carlos Ibañez, Punta Arenas Ap.",-53.00167,-70.83861,14.708333333333334,24.0
2001-08-03,530005.0,"Fuentes Martínez, Porvenir Ad.",-53.25361,-70.32611,7.818181818181818,12.0
2001-08-03,550001.0,"Guardiamarina Zañartu, Pto Williams Ad.",-54.93167,-67.61556,16.125,23.0
2001-08-03,950001.0,"C.M.A. Eduardo Frei Montalva, Antártica ",-62.19194,-58.97972,14.88888888888889,19.0
2001-08-04,180005.0,"Chacalluta, Arica Ap.",-18.35555,-70.34028,4.916666666666667,10.0
2001-08-04,200006.0,Diego Aracena Iquique Ap.,-20.54917,-70.18111,6.333333333333333,14.0
2001-08-04,220002.0,"El Loa, Calama Ad.",-22.49806,-68.8925,15.875,24.0
2001-08-04,270001.0,Mataveri  Isla de Pascua Ap.,-27.15889,-109.4325,5.0,9.0
2001-08-04,290004.0,"La Florida, La Serena Ad.",-29.91444,-71.20667,4.882352941176471,8.0
2001-08-04,330007.0,"Rodelillo, Ad.",-33.06528,-71.55639,7.384615384615385,10.0
2001-08-04,330019.0,"Eulogio Sánchez, Tobalaba Ad.",-33.45528,-70.54861,0.18181818181818182,2.0
2001-08-04,330020.0,"Quinta Normal, Santiago",-33.445,-70.68278,3.2,6.0
2001-08-04,330021.0,Pudahuel Santiago ,-33.37833,-70.78778,4.214285714285714,7.0
2001-08-04,330030.0,"Santo Domingo, Ad.",-33.65611,-71.61333,4.0,7.0
2001-08-04,330031.0,"Juan Fernández, Estación Meteorológica.",-33.63583,-78.83305,10.0,12.0
2001-08-04,340031.0,"General Freire, Curicó Ad.",-34.96944,-71.21694,5.0,7.0
2001-08-04,360011.0,"General Bernardo O'Higgins, Chillán Ad.",-36.58583,-72.03667,7.666666666666667,10.0
2001-08-04,360019.0,"Carriel Sur, Concepción Ap.",-36.78055,-73.06639,5.208333333333333,14.0
2001-08-04,370033.0,"María Dolores, Los Angeles Ad.",-37.39694,-72.42389,5.75,11.0
2001-08-04,380013.0,"Maquehue, Temuco Ad.",-38.76778,-72.63194,3.12,9.0
2001-08-04,390006.0,"Pichoy, Valdivia Ad.",-39.65667,-73.08722,2.5,5.0
2001-08-04,400009.0,"Cañal Bajo,  Osorno Ad.",-40.61444,-73.0575,2.4615384615384617,7.0
2001-08-04,410005.0,El Tepual  Puerto Montt Ap.,-41.4475,-73.09583,2.0416666666666665,9.0
2001-08-04,430002.0,Futaleufú Ad.,-43.18889,-71.85222,16.8,20.0
2001-08-04,450004.0,"Teniente Vidal, Coyhaique Ad.",-45.59083,-72.10222,5.0,7.0
2001-08-04,450005.0,Balmaceda Ad.,-45.91833,-71.67778,8.291666666666666,14.0
2001-08-04,520006.0,"Carlos Ibañez, Punta Arenas Ap.",-53.00167,-70.83861,7.25,17.0
2001-08-04,530005.0,"Fuentes Martínez, Porvenir Ad.",-53.25361,-70.32611,10.181818181818182,18.0
2001-08-04,950001.0,"C.M.A. Eduardo Frei Montalva, Antártica ",-62.19194,-58.97972,15.357142857142858,20.0
2001-08-05,180005.0,"Chacalluta, Arica Ap.",-18.35555,-70.34028,5.25,9.0
2001-08-05,200006.0,Diego Aracena Iquique Ap.,-20.54917,-70.18111,7.791666666666667,15.0
2001-08-05,220002.0,"El Loa, Calama Ad.",-22.49806,-68.8925,14.090909090909092,24.0
2001-08-05,270001.0,Mataveri  Isla de Pascua Ap.,-27.15889,-109.4325,7.833333333333333,10.0
2001-08-05,290004.0,"La Florida, La Serena Ad.",-29.91444,-71.20667,6.117647058823529,10.0
2001-08-05,330007.0,"Rodelillo, Ad.",-33.06528,-71.55639,4.0,5.0
2001-08-05,330019.0,"Eulogio Sánchez, Tobalaba Ad.",-33.45528,-70.54861,0.0,0.0
2001-08-05,330020.0,"Quinta Normal, Santiago",-33.445,-70.68278,2.8,4.0
2001-08-05,330021.0,Pudahuel Santiago ,-33.37833,-70.78778,3.5833333333333335,8.0
2001-08-05,330030.0,"Santo Domingo, Ad.",-33.65611,-71.61333,3.8461538461538463,7.0
2001-08-05,330031.0,"Juan Fernández, Estación Meteorológica.",-33.63583,-78.83305,13.5,18.0
2001-08-05,340031.0,"General Freire, Curicó Ad.",-34.96944,-71.21694,5.1,9.0
2001-08-05,360011.0,"General Bernardo O'Higgins, Chillán Ad.",-36.58583,-72.03667,5.333333333333333,7.0
2001-08-05,360019.0,"Carriel Sur, Concepción Ap.",-36.78055,-73.06639,3.6666666666666665,12.0
2001-08-05,370033.0,"María Dolores, Los Angeles Ad.",-37.39694,-72.42389,5.75,9.0
2001-08-05,380013.0,"Maquehue, Temuco Ad.",-38.76778,-72.63194,2.5,8.0
2001-08-05,390006.0,"Pichoy, Valdivia Ad.",-39.65667,-73.08722,1.0,2.0
2001-08-05,400009.0,"Cañal Bajo,  Osorno Ad.",-40.61444,-73.0575,2.3076923076923075,4.0
2001-08-05,410005.0,El Tepual  Puerto Montt Ap.,-41.4475,-73.09583,2.5,7.0
2001-08-05,430002.0,Futaleufú Ad.,-43.18889,-71.85222,2.2,6.0
2001-08-05,450004.0,"Teniente Vidal, Coyhaique Ad.",-45.59083,-72.10222,3.2,5.0
2001-08-05,450005.0,Balmaceda Ad.,-45.91833,-71.67778,6.666666666666667,23.0
2001-08-05,520006.0,"Carlos Ibañez, Punta Arenas Ap.",-53.00167,-70.83861,8.625,18.0
2001-08-05,950001.0,"C.M.A. Eduardo Frei Montalva, Antártica ",-62.19194,-58.97972,15.75,17.0
2001-08-06,180005.0,"Chacalluta, Arica Ap.",-18.35555,-70.34028,5.666666666666667,12.0
2001-08-06,200006.0,Diego Aracena Iquique Ap.,-20.54917,-70.18111,6.416666666666667,13.0
2001-08-06,220002.0,"El Loa, Calama Ad.",-22.49806,-68.8925,14.5,28.0
2001-08-06,270001.0,Mataveri  Isla de Pascua Ap.,-27.15889,-109.4325,7.833333333333333,12.0
2001-08-06,290004.0,"La Florida, La Serena Ad.",-29.91444,-71.20667,6.588235294117647,10.0
2001-08-06,330007.0,"Rodelillo, Ad.",-33.06528,-71.55639,8.0,12.0
2001-08-06,330019.0,"Eulogio Sánchez, Tobalaba Ad.",-33.45528,-70.54861,0.09090909090909091,1.0
2001-08-06,330020.0,"Quinta Normal, Santiago",-33.445,-70.68278,1.2,2.0
2001-08-06,330021.0,Pudahuel Santiago ,-33.37833,-70.78778,2.107142857142857,4.0
2001-08-06,330030.0,"Santo Domingo, Ad.",-33.65611,-71.61333,5.461538461538462,10.0
2001-08-06,330031.0,"Juan Fernández, Estación Meteorológica.",-33.63583,-78.83305,2.8,6.0
2001-08-06,340031.0,"General Freire, Curicó Ad.",-34.96944,-71.21694,5.4,10.0
2001-08-06,360011.0,"General Bernardo O'Higgins, Chillán Ad.",-36.58583,-72.03667,5.0,6.0
2001-08-06,360019.0,"Carriel Sur, Concepción Ap.",-36.78055,-73.06639,4.125,10.0
2001-08-06,370033.0,"María Dolores, Los Angeles Ad.",-37.39694,-72.42389,4.0,7.0
2001-08-06,380013.0,"Maquehue, Temuco Ad.",-38.76778,-72.63194,2.2916666666666665,5.0
2001-08-06,390006.0,"Pichoy, Valdivia Ad.",-39.65667,-73.08722,2.75,4.0
2001-08-06,400009.0,"Cañal Bajo,  Osorno Ad.",-40.61444,-73.0575,3.5384615384615383,7.0
2001-08-06,410005.0,El Tepual  Puerto Montt Ap.,-41.4475,-73.09583,4.333333333333333,13.0
2001-08-06,430001.0,Quellón Ad.,-43.13361,-73.63278,7.0,8.0
2001-08-06,430002.0,Futaleufú Ad.,-43.18889,-71.85222,6.0,12.0
2001-08-06,450001.0,Puerto Aysén Ad.,-45.39944,-72.67722,1.0,4.0
2001-08-06,450004.0,"Teniente Vidal, Coyhaique Ad.",-45.59083,-72.10222,3.4,6.0
2001-08-06,450005.0,Balmaceda Ad.,-45.91833,-71.67778,15.625,25.0
2001-08-06,520006.0,"Carlos Ibañez, Punta Arenas Ap.",-53.00167,-70.83861,11.333333333333334,22.0
2001-08-06,530005.0,"Fuentes Martínez, Porvenir Ad.",-53.25361,-70.32611,8.818181818181818,14.0
2001-08-06,550001.0,"Guardiamarina Zañartu, Pto Williams Ad.",-54.93167,-67.61556,8.0,17.0
2001-08-06,950001.0,"C.M.A. Eduardo Frei Montalva, Antártica ",-62.19194,-58.97972,19.375,32.0
2001-08-07,180005.0,"Chacalluta, Arica Ap.",-18.35555,-70.34028,4.416666666666667,11.0
2001-08-07,200006.0,Diego Aracena Iquique Ap.,-20.54917,-70.18111,4.458333333333333,10.0
2001-08-07,220002.0,"El Loa, Calama Ad.",-22.49806,-68.8925,12.6875,27.0
2001-08-07,270001.0,Mataveri  Isla de Pascua Ap.,-27.15889,-109.4325,5.166666666666667,11.0
2001-08-07,290004.0,"La Florida, La Serena Ad.",-29.91444,-71.20667,4.764705882352941,10.0
2001-08-07,330007.0,"Rodelillo, Ad.",-33.06528,-71.55639,5.181818181818182,10.0
2001-08-07,330019.0,"Eulogio Sánchez, Tobalaba Ad.",-33.45528,-70.54861,0.5454545454545454,2.0
2001-08-07,330020.0,"Quinta Normal, Santiago",-33.445,-70.68278,2.0,6.0
2001-08-07,330021.0,Pudahuel Santiago ,-33.37833,-70.78778,2.9166666666666665,11.0
2001-08-07,330030.0,"Santo Domingo, Ad.",-33.65611,-71.61333,5.538461538461538,12.0
2001-08-07,330031.0,"Juan Fernández, Estación Meteorológica.",-33.63583,-78.83305,3.2,4.0
2001-08-07,340031.0,"General Freire, Curicó Ad.",-34.96944,-71.21694,4.8,8.0
2001-08-07,360011.0,"General Bernardo O'Higgins, Chillán Ad.",-36.58583,-72.03667,4.333333333333333,5.0
2001-08-07,360019.0,"Carriel Sur, Concepción Ap.",-36.78055,-73.06639,5.416666666666667,12.0
2001-08-07,370033.0,"María Dolores, Los Angeles Ad.",-37.39694,-72.42389,5.0,8.0
2001-08-07,380013.0,"Maquehue, Temuco Ad.",-38.76778,-72.63194,1.6538461538461537,6.0
2001-08-07,390006.0,"Pichoy, Valdivia Ad.",-39.65667,-73.08722,2.25,3.0
2001-08-07,400009.0,"Cañal Bajo,  Osorno Ad.",-40.61444,-73.0575,3.142857142857143,7.0
2001-08-07,410005.0,El Tepual  Puerto Montt Ap.,-41.4475,-73.09583,5.916666666666667,13.0
2001-08-07,430001.0,Quellón Ad.,-43.13361,-73.63278,6.4,9.0
2001-08-07,430002.0,Futaleufú Ad.,-43.18889,-71.85222,5.0,10.0
2001-08-07,450001.0,Puerto Aysén Ad.,-45.39944,-72.67722,4.5,10.0
2001-08-07,450004.0,"Teniente Vidal, Coyhaique Ad.",-45.59083,-72.10222,6.8,13.0
2001-08-07,450005.0,Balmaceda Ad.,-45.91833,-71.67778,19.666666666666668,34.0
2001-08-07,520006.0,"Carlos Ibañez, Punta Arenas Ap.",-53.00167,-70.83861,4.96,8.0
2001-08-07,530005.0,"Fuentes Martínez, Porvenir Ad.",-53.25361,-70.32611,12.545454545454545,24.0
2001-08-07,550001.0,"Guardiamarina Zañartu, Pto Williams Ad.",-54.93167,-67.61556,12.88888888888889,18.0
2001-08-07,950001.0,"C.M.A. Eduardo Frei Montalva, Antártica ",-62.19194,-58.97972,18.125,31.0
2001-08-08,180005.0,"Chacalluta, Arica Ap.",-18.35555,-70.34028,4.833333333333333,11.0
2001-08-08,200006.0,Diego Aracena Iquique Ap.,-20.54917,-70.18111,5.458333333333333,11.0
2001-08-08,220002.0,"El Loa, Calama Ad.",-22.49806,-68.8925,13.375,27.0
2001-08-08,270001.0,Mataveri  Isla de Pascua Ap.,-27.15889,-109.4325,5.666666666666667,7.0
2001-08-08,290004.0,"La Florida, La Serena Ad.",-29.91444,-71.20667,4.176470588235294,7.0
2001-08-08,330007.0,"Rodelillo, Ad.",-33.06528,-71.55639,2.375,4.0
2001-08-08,330019.0,"Eulogio Sánchez, Tobalaba Ad.",-33.45528,-70.54861,0.0,0.0
2001-08-08,330020.0,"Quinta Normal, Santiago",-33.445,-70.68278,1.2,4.0
2001-08-08,330021.0,Pudahuel Santiago ,-33.37833,-70.78778,2.6666666666666665,7.0
2001-08-08,330030.0,"Santo Domingo, Ad.",-33.65611,-71.61333,3.3076923076923075,7.0
2001-08-08,330031.0,"Juan Fernández, Estación Meteorológica.",-33.63583,-78.83305,4.4,6.0
2001-08-08,340031.0,"General Freire, Curicó Ad.",-34.96944,-71.21694,4.0,7.0
2001-08-08,360011.0,"General Bernardo O'Higgins, Chillán Ad.",-36.58583,-72.03667,7.0,10.0
2001-08-08,360019.0,"Carriel Sur, Concepción Ap.",-36.78055,-73.06639,4.958333333333333,8.0
2001-08-08,370033.0,"María Dolores, Los Angeles Ad.",-37.39694,-72.42389,10.75,15.0
2001-08-08,380013.0,"Maquehue, Temuco Ad.",-38.76778,-72.63194,2.24,6.0
2001-08-08,390006.0,"Pichoy, Valdivia Ad.",-39.65667,-73.08722,0.5,1.0
2001-08-08,400009.0,"Cañal Bajo,  Osorno Ad.",-40.61444,-73.0575,1.6153846153846154,5.0
2001-08-08,410005.0,El Tepual  Puerto Montt Ap.,-41.4475,-73.09583,3.7916666666666665,11.0
2001-08-08,430001.0,Quellón Ad.,-43.13361,-73.63278,4.4,6.0
2001-08-08,430002.0,Futaleufú Ad.,-43.18889,-71.85222,3.6,6.0
2001-08-08,450001.0,Puerto Aysén Ad.,-45.39944,-72.67722,2.75,6.0
2001-08-08,450004.0,"Teniente Vidal, Coyhaique Ad.",-45.59083,-72.10222,3.6,6.0
2001-08-08,450005.0,Balmaceda Ad.,-45.91833,-71.67778,7.291666666666667,13.0
2001-08-08,520006.0,"Carlos Ibañez, Punta Arenas Ap.",-53.00167,-70.83861,9.041666666666666,14.0
2001-08-08,530005.0,"Fuentes Martínez, Porvenir Ad.",-53.25361,-70.32611,18.272727272727273,25.0
2001-08-08,550001.0,"Guardiamarina Zañartu, Pto Williams Ad.",-54.93167,-67.61556,15.444444444444445,19.0
2001-08-08,950001.0,"C.M.A. Eduardo Frei Montalva, Antártica ",-62.19194,-58.97972,19.5,36.0
2001-08-09,180005.0,"Chacalluta, Arica Ap.",-18.35555,-70.34028,4.708333333333333,10.0
2001-08-09,200006.0,Diego Aracena Iquique Ap.,-20.54917,-70.18111,7.0,15.0
2001-08-09,220002.0,"El Loa, Calama Ad.",-22.49806,-68.8925,12.625,23.0
2001-08-09,270001.0,Mataveri  Isla de Pascua Ap.,-27.15889,-109.4325,10.0,15.0
2001-08-09,290004.0,"La Florida, La Serena Ad.",-29.91444,-71.20667,5.5,8.0
2001-08-09,330007.0,"Rodelillo, Ad.",-33.06528,-71.55639,3.6363636363636362,6.0
2001-08-09,330020.0,"Quinta Normal, Santiago",-33.445,-70.68278,2.0,5.0
2001-08-09,330021.0,Pudahuel Santiago ,-33.37833,-70.78778,2.12,6.0
2001-08-09,330030.0,"Santo Domingo, Ad.",-33.65611,-71.61333,2.5384615384615383,6.0
2001-08-09,330031.0,"Juan Fernández, Estación Meteorológica.",-33.63583,-78.83305,1.4,4.0
2001-08-09,340031.0,"General Freire, Curicó Ad.",-34.96944,-71.21694,3.1,5.0
2001-08-09,360011.0,"General Bernardo O'Higgins, Chillán Ad.",-36.58583,-72.03667,1.6666666666666667,3.0
2001-08-09,360019.0,"Carriel Sur, Concepción Ap.",-36.78055,-73.06639,4.791666666666667,10.0
2001-08-09,370033.0,"María Dolores, Los Angeles Ad.",-37.39694,-72.42389,4.75,6.0
2001-08-09,380013.0,"Maquehue, Temuco Ad.",-38.76778,-72.63194,1.6,4.0
2001-08-09,390006.0,"Pichoy, Valdivia Ad.",-39.65667,-73.08722,1.75,2.0
2001-08-09,400009.0,"Cañal Bajo,  Osorno Ad.",-40.61444,-73.0575,3.142857142857143,6.0
2001-08-09,410005.0,El Tepual  Puerto Montt Ap.,-41.4475,-73.09583,2.8333333333333335,9.0
2001-08-09,430001.0,Quellón Ad.,-43.13361,-73.63278,4.5,6.0
2001-08-09,430002.0,Futaleufú Ad.,-43.18889,-71.85222,0.6,3.0
2001-08-09,450001.0,Puerto Aysén Ad.,-45.39944,-72.67722,0.5,4.0
2001-08-09,450004.0,"Teniente Vidal, Coyhaique Ad.",-45.59083,-72.10222,2.8,6.0
2001-08-09,450005.0,Balmaceda Ad.,-45.91833,-71.67778,1.7083333333333333,6.0
2001-08-09,520006.0,"Carlos Ibañez, Punta Arenas Ap.",-53.00167,-70.83861,5.083333333333333,11.0
2001-08-09,530005.0,"Fuentes Martínez, Porvenir Ad.",-53.25361,-70.32611,3.8181818181818183,7.0
2001-08-09,550001.0,"Guardiamarina Zañartu, Pto Williams Ad.",-54.93167,-67.61556,13.454545454545455,17.0
2001-08-09,950001.0,"C.M.A. Eduardo Frei Montalva, Antártica ",-62.19194,-58.97972,26.125,36.0
2001-08-10,180005.0,"Chacalluta, Arica Ap.",-18.35555,-70.34028,3.7916666666666665,10.0
2001-08-10,200006.0,Diego Aracena Iquique Ap.,-20.54917,-70.18111,4.083333333333333,9.0
2001-08-10,220002.0,"El Loa, Calama Ad.",-22.49806,-68.8925,12.1875,24.0
2001-08-10,270001.0,Mataveri  Isla de Pascua Ap.,-27.15889,-109.4325,11.5,14.0
2001-08-10,290004.0,"La Florida, La Serena Ad.",-29.91444,-71.20667,3.588235294117647,6.0
2001-08-10,330007.0,"Rodelillo, Ad.",-33.06528,-71.55639,13.545454545454545,20.0
2001-08-10,330019.0,"Eulogio Sánchez, Tobalaba Ad.",-33.45528,-70.54861,0.7272727272727273,2.0
2001-08-10,330020.0,"Quinta Normal, Santiago",-33.445,-70.68278,1.2,4.0
2001-08-10,330021.0,Pudahuel Santiago ,-33.37833,-70.78778,3.0,11.0
2001-08-10,330030.0,"Santo Domingo, Ad.",-33.65611,-71.61333,4.923076923076923,12.0
2001-08-10,330031.0,"Juan Fernández, Estación Meteorológica.",-33.63583,-78.83305,2.6,6.0
2001-08-10,340031.0,"General Freire, Curicó Ad.",-34.96944,-71.21694,2.8,11.0
2001-08-10,360011.0,"General Bernardo O'Higgins, Chillán Ad.",-36.58583,-72.03667,3.0,3.0
2001-08-10,360019.0,"Carriel Sur, Concepción Ap.",-36.78055,-73.06639,6.208333333333333,16.0
2001-08-10,370033.0,"María Dolores, Los Angeles Ad.",-37.39694,-72.42389,4.25,5.0
2001-08-10,380013.0,"Maquehue, Temuco Ad.",-38.76778,-72.63194,2.56,4.0
2001-08-10,390006.0,"Pichoy, Valdivia Ad.",-39.65667,-73.08722,0.5,2.0
2001-08-10,400009.0,"Cañal Bajo,  Osorno Ad.",-40.61444,-73.0575,2.769230769230769,6.0
2001-08-10,410005.0,El Tepual  Puerto Montt Ap.,-41.4475,-73.09583,2.2083333333333335,9.0
2001-08-10,430001.0,Quellón Ad.,-43.13361,-73.63278,3.9,5.0
2001-08-10,430002.0,Futaleufú Ad.,-43.18889,-71.85222,0.8,4.0
2001-08-10,450001.0,Puerto Aysén Ad.,-45.39944,-72.67722,1.5,4.0
2001-08-10,450004.0,"Teniente Vidal, Coyhaique Ad.",-45.59083,-72.10222,4.0,6.0
2001-08-10,450005.0,Balmaceda Ad.,-45.91833,-71.67778,4.5,12.0
2001-08-10,520006.0,"Carlos Ibañez, Punta Arenas Ap.",-53.00167,-70.83861,6.75,11.0
2001-08-10,530005.0,"Fuentes Martínez, Porvenir Ad.",-53.25361,-70.32611,10.181818181818182,16.0
2001-08-10,550001.0,"Guardiamarina Zañartu, Pto Williams Ad.",-54.93167,-67.61556,9.25,13.0
2001-08-10,950001.0,"C.M.A. Eduardo Frei Montalva, Antártica ",-62.19194,-58.97972,34.125,40.0
2001-08-11,180005.0,"Chacalluta, Arica Ap.",-18.35555,-70.34028,4.458333333333333,9.0
2001-08-11,200006.0,Diego Aracena Iquique Ap.,-20.54917,-70.18111,6.208333333333333,12.0
2001-08-11,220002.0,"El Loa, Calama Ad.",-22.49806,-68.8925,14.764705882352942,23.0
2001-08-11,270001.0,Mataveri  Isla de Pascua Ap.,-27.15889,-109.4325,6.833333333333333,10.0
2001-08-11,290004.0,"La Florida, La Serena Ad.",-29.91444,-71.20667,4.823529411764706,10.0
2001-08-11,330007.0,"Rodelillo, Ad.",-33.06528,-71.55639,18.272727272727273,30.0
2001-08-11,330019.0,"Eulogio Sánchez, Tobalaba Ad.",-33.45528,-70.54861,0.36363636363636365,2.0
2001-08-11,330020.0,"Quinta Normal, Santiago",-33.445,-70.68278,2.6,5.0
2001-08-11,330021.0,Pudahuel Santiago ,-33.37833,-70.78778,4.36,8.0
2001-08-11,330030.0,"Santo Domingo, Ad.",-33.65611,-71.61333,5.3076923076923075,10.0
2001-08-11,330031.0,"Juan Fernández, Estación Meteorológica.",-33.63583,-78.83305,7.75,12.0
2001-08-11,340031.0,"General Freire, Curicó Ad.",-34.96944,-71.21694,6.8,10.0
2001-08-11,360011.0,"General Bernardo O'Higgins, Chillán Ad.",-36.58583,-72.03667,15.666666666666666,19.0
2001-08-11,360019.0,"Carriel Sur, Concepción Ap.",-36.78055,-73.06639,16.291666666666668,23.0
2001-08-11,370033.0,"María Dolores, Los Angeles Ad.",-37.39694,-72.42389,11.5,16.0
2001-08-11,380013.0,"Maquehue, Temuco Ad.",-38.76778,-72.63194,8.125,14.0
2001-08-11,390006.0,"Pichoy, Valdivia Ad.",-39.65667,-73.08722,6.5,10.0
2001-08-11,400009.0,"Cañal Bajo,  Osorno Ad.",-40.61444,-73.0575,5.538461538461538,10.0
2001-08-11,410005.0,El Tepual  Puerto Montt Ap.,-41.4475,-73.09583,5.458333333333333,13.0
2001-08-11,430002.0,Futaleufú Ad.,-43.18889,-71.85222,1.4,4.0
2001-08-11,450004.0,"Teniente Vidal, Coyhaique Ad.",-45.59083,-72.10222,1.0,2.0
2001-08-11,450005.0,Balmaceda Ad.,-45.91833,-71.67778,5.416666666666667,11.0
2001-08-11,520006.0,"Carlos Ibañez, Punta Arenas Ap.",-53.00167,-70.83861,5.625,11.0
2001-08-11,530005.0,"Fuentes Martínez, Porvenir Ad.",-53.25361,-70.32611,8.454545454545455,11.0
2001-08-11,950001.0,"C.M.A. Eduardo Frei Montalva, Antártica ",-62.19194,-58.97972,29.727272727272727,36.0
2001-08-12,180005.0,"Chacalluta, Arica Ap.",-18.35555,-70.34028,5.166666666666667,10.0
2001-08-12,200006.0,Diego Aracena Iquique Ap.,-20.54917,-70.18111,8.75,16.0
2001-08-12,220002.0,"El Loa, Calama Ad.",-22.49806,-68.8925,16.272727272727273,28.0
2001-08-12,270001.0,Mataveri  Isla de Pascua Ap.,-27.15889,-109.4325,6.666666666666667,9.0
2001-08-12,290004.0,"La Florida, La Serena Ad.",-29.91444,-71.20667,5.647058823529412,11.0
2001-08-12,330007.0,"Rodelillo, Ad.",-33.06528,-71.55639,3.4545454545454546,7.0
2001-08-12,330019.0,"Eulogio Sánchez, Tobalaba Ad.",-33.45528,-70.54861,0.2727272727272727,2.0
2001-08-12,330020.0,"Quinta Normal, Santiago",-33.445,-70.68278,2.4,4.0
2001-08-12,330021.0,Pudahuel Santiago ,-33.37833,-70.78778,2.7916666666666665,7.0
2001-08-12,330030.0,"Santo Domingo, Ad.",-33.65611,-71.61333,3.8461538461538463,8.0
2001-08-12,330031.0,"Juan Fernández, Estación Meteorológica.",-33.63583,-78.83305,9.5,18.0
2001-08-12,340031.0,"General Freire, Curicó Ad.",-34.96944,-71.21694,4.3,7.0
2001-08-12,360011.0,"General Bernardo O'Higgins, Chillán Ad.",-36.58583,-72.03667,9.333333333333334,15.0
2001-08-12,360019.0,"Carriel Sur, Concepción Ap.",-36.78055,-73.06639,11.333333333333334,16.0
2001-08-12,370033.0,"María Dolores, Los Angeles Ad.",-37.39694,-72.42389,9.5,14.0
2001-08-12,380013.0,"Maquehue, Temuco Ad.",-38.76778,-72.63194,6.875,14.0
2001-08-12,390006.0,"Pichoy, Valdivia Ad.",-39.65667,-73.08722,6.5,11.0
2001-08-12,400009.0,"Cañal Bajo,  Osorno Ad.",-40.61444,-73.0575,8.76923076923077,14.0
2001-08-12,410005.0,El Tepual  Puerto Montt Ap.,-41.4475,-73.09583,10.75,14.0
2001-08-12,430002.0,Futaleufú Ad.,-43.18889,-71.85222,5.8,15.0
2001-08-12,450004.0,"Teniente Vidal, Coyhaique Ad.",-45.59083,-72.10222,5.6,16.0
2001-08-12,450005.0,Balmaceda Ad.,-45.91833,-71.67778,8.333333333333334,25.0
2001-08-12,520006.0,"Carlos Ibañez, Punta Arenas Ap.",-53.00167,-70.83861,5.958333333333333,12.0
2001-08-12,950001.0,"C.M.A. Eduardo Frei Montalva, Antártica ",-62.19194,-58.97972,27.375,35.0
2001-08-13,180005.0,"Chacalluta, Arica Ap.",-18.35555,-70.34028,5.0,9.0
2001-08-13,200006.0,Diego Aracena Iquique Ap.,-20.54917,-70.18111,5.166666666666667,9.0
2001-08-13,220002.0,"El Loa, Calama Ad.",-22.49806,-68.8925,13.0625,23.0
2001-08-13,270001.0,Mataveri  Isla de Pascua Ap.,-27.15889,-109.4325,6.666666666666667,10.0
2001-08-13,290004.0,"La Florida, La Serena Ad.",-29.91444,-71.20667,6.0,11.0
2001-08-13,330007.0,"Rodelillo, Ad.",-33.06528,-71.55639,4.714285714285714,10.0
2001-08-13,330019.0,"Eulogio Sánchez, Tobalaba Ad.",-33.45528,-70.54861,0.9090909090909091,3.0
2001-08-13,330020.0,"Quinta Normal, Santiago",-33.445,-70.68278,2.4,6.0
2001-08-13,330021.0,Pudahuel Santiago ,-33.37833,-70.78778,3.84,11.0
2001-08-13,330030.0,"Santo Domingo, Ad.",-33.65611,-71.61333,4.153846153846154,8.0
2001-08-13,330031.0,"Juan Fernández, Estación Meteorológica.",-33.63583,-78.83305,7.2,10.0
2001-08-13,340031.0,"General Freire, Curicó Ad.",-34.96944,-71.21694,4.0,9.0
2001-08-13,360011.0,"General Bernardo O'Higgins, Chillán Ad.",-36.58583,-72.03667,7.666666666666667,14.0
2001-08-13,360019.0,"Carriel Sur, Concepción Ap.",-36.78055,-73.06639,8.833333333333334,16.0
2001-08-13,370033.0,"María Dolores, Los Angeles Ad.",-37.39694,-72.42389,7.5,11.0
2001-08-13,380013.0,"Maquehue, Temuco Ad.",-38.76778,-72.63194,7.458333333333333,13.0
2001-08-13,390006.0,"Pichoy, Valdivia Ad.",-39.65667,-73.08722,11.0,16.0
2001-08-13,400009.0,"Cañal Bajo,  Osorno Ad.",-40.61444,-73.0575,5.769230769230769,16.0
2001-08-13,410005.0,El Tepual  Puerto Montt Ap.,-41.4475,-73.09583,8.583333333333334,16.0
2001-08-13,430001.0,Quellón Ad.,-43.13361,-73.63278,6.3,10.0
2001-08-13,430002.0,Futaleufú Ad.,-43.18889,-71.85222,6.8,10.0
2001-08-13,450001.0,Puerto Aysén Ad.,-45.39944,-72.67722,7.75,12.0
2001-08-13,450004.0,"Teniente Vidal, Coyhaique Ad.",-45.59083,-72.10222,7.0,10.0
2001-08-13,450005.0,Balmaceda Ad.,-45.91833,-71.67778,17.166666666666668,33.0
2001-08-13,520006.0,"Carlos Ibañez, Punta Arenas Ap.",-53.00167,-70.83861,8.125,20.0
2001-08-13,530005.0,"Fuentes Martínez, Porvenir Ad.",-53.25361,-70.32611,8.181818181818182,10.0
2001-08-13,550001.0,"Guardiamarina Zañartu, Pto Williams Ad.",-54.93167,-67.61556,11.444444444444445,17.0
2001-08-13,950001.0,"C.M.A. Eduardo Frei Montalva, Antártica ",-62.19194,-58.97972,26.625,44.0
2001-08-14,180005.0,"Chacalluta, Arica Ap.",-18.35555,-70.34028,4.083333333333333,9.0
2001-08-14,200006.0,Diego Aracena Iquique Ap.,-20.54917,-70.18111,4.5,9.0
2001-08-14,220002.0,"El Loa, Calama Ad.",-22.49806,-68.8925,13.0,24.0
2001-08-14,270001.0,Mataveri  Isla de Pascua Ap.,-27.15889,-109.4325,6.833333333333333,9.0
2001-08-14,290004.0,"La Florida, La Serena Ad.",-29.91444,-71.20667,4.882352941176471,9.0
2001-08-14,330007.0,"Rodelillo, Ad.",-33.06528,-71.55639,12.727272727272727,16.0
2001-08-14,330019.0,"Eulogio Sánchez, Tobalaba Ad.",-33.45528,-70.54861,0.18181818181818182,2.0
2001-08-14,330020.0,"Quinta Normal, Santiago",-33.445,-70.68278,1.6,4.0
2001-08-14,330021.0,Pudahuel Santiago ,-33.37833,-70.78778,4.958333333333333,11.0
2001-08-14,330030.0,"Santo Domingo, Ad.",-33.65611,-71.61333,5.538461538461538,10.0
2001-08-14,330031.0,"Juan Fernández, Estación Meteorológica.",-33.63583,-78.83305,8.8,15.0
2001-08-14,340031.0,"General Freire, Curicó Ad.",-34.96944,-71.21694,5.8,8.0
2001-08-14,360011.0,"General Bernardo O'Higgins, Chillán Ad.",-36.58583,-72.03667,9.0,10.0
2001-08-14,360019.0,"Carriel Sur, Concepción Ap.",-36.78055,-73.06639,4.958333333333333,13.0
2001-08-14,370033.0,"María Dolores, Los Angeles Ad.",-37.39694,-72.42389,8.0,15.0
2001-08-14,380013.0,"Maquehue, Temuco Ad.",-38.76778,-72.63194,2.8333333333333335,7.0
2001-08-14,390006.0,"Pichoy, Valdivia Ad.",-39.65667,-73.08722,2.0,5.0
2001-08-14,400009.0,"Cañal Bajo,  Osorno Ad.",-40.61444,-73.0575,2.0,5.0
2001-08-14,410005.0,El Tepual  Puerto Montt Ap.,-41.4475,-73.09583,2.6666666666666665,6.0
2001-08-14,430001.0,Quellón Ad.,-43.13361,-73.63278,5.3,8.0
2001-08-14,430002.0,Futaleufú Ad.,-43.18889,-71.85222,10.4,14.0
2001-08-14,450001.0,Puerto Aysén Ad.,-45.39944,-72.67722,4.0,10.0
2001-08-14,450004.0,"Teniente Vidal, Coyhaique Ad.",-45.59083,-72.10222,6.8,11.0
2001-08-14,450005.0,Balmaceda Ad.,-45.91833,-71.67778,17.5,27.0
2001-08-14,520006.0,"Carlos Ibañez, Punta Arenas Ap.",-53.00167,-70.83861,17.08,30.0
2001-08-14,530005.0,"Fuentes Martínez, Porvenir Ad.",-53.25361,-70.32611,19.363636363636363,35.0
2001-08-14,550001.0,"Guardiamarina Zañartu, Pto Williams Ad.",-54.93167,-67.61556,12.666666666666666,20.0
2001-08-14,950001.0,"C.M.A. Eduardo Frei Montalva, Antártica ",-62.19194,-58.97972,28.875,44.0
2001-08-15,180005.0,"Chacalluta, Arica Ap.",-18.35555,-70.34028,5.083333333333333,10.0
2001-08-15,200006.0,Diego Aracena Iquique Ap.,-20.54917,-70.18111,7.166666666666667,14.0
2001-08-15,220002.0,"El Loa, Calama Ad.",-22.49806,-68.8925,14.9375,28.0
2001-08-15,270001.0,Mataveri  Isla de Pascua Ap.,-27.15889,-109.4325,6.0,8.0
2001-08-15,290004.0,"La Florida, La Serena Ad.",-29.91444,-71.20667,3.823529411764706,9.0
2001-08-15,330007.0,"Rodelillo, Ad.",-33.06528,-71.55639,7.636363636363637,10.0
2001-08-15,330019.0,"Eulogio Sánchez, Tobalaba Ad.",-33.45528,-70.54861,0.0,0.0
2001-08-15,330020.0,"Quinta Normal, Santiago",-33.445,-70.68278,2.4,6.0
2001-08-15,330021.0,Pudahuel Santiago ,-33.37833,-70.78778,3.6666666666666665,7.0
2001-08-15,330030.0,"Santo Domingo, Ad.",-33.65611,-71.61333,1.9230769230769231,6.0
2001-08-15,330031.0,"Juan Fernández, Estación Meteorológica.",-33.63583,-78.83305,4.5,6.0
2001-08-15,340031.0,"General Freire, Curicó Ad.",-34.96944,-71.21694,3.7,6.0
2001-08-15,360011.0,"General Bernardo O'Higgins, Chillán Ad.",-36.58583,-72.03667,7.0,9.0
2001-08-15,360019.0,"Carriel Sur, Concepción Ap.",-36.78055,-73.06639,3.75,10.0
2001-08-15,370033.0,"María Dolores, Los Angeles Ad.",-37.39694,-72.42389,7.5,11.0
2001-08-15,380013.0,"Maquehue, Temuco Ad.",-38.76778,-72.63194,2.4,6.0
2001-08-15,390006.0,"Pichoy, Valdivia Ad.",-39.65667,-73.08722,1.5,3.0
2001-08-15,400009.0,"Cañal Bajo,  Osorno Ad.",-40.61444,-73.0575,1.4285714285714286,3.0
2001-08-15,410005.0,El Tepual  Puerto Montt Ap.,-41.4475,-73.09583,2.625,5.0
2001-08-15,430001.0,Quellón Ad.,-43.13361,-73.63278,,
2001-08-15,430002.0,Futaleufú Ad.,-43.18889,-71.85222,5.6,8.0
2001-08-15,450004.0,"Teniente Vidal, Coyhaique Ad.",-45.59083,-72.10222,5.2,9.0
2001-08-15,450005.0,Balmaceda Ad.,-45.91833,-71.67778,14.833333333333334,20.0
2001-08-15,520006.0,"Carlos Ibañez, Punta Arenas Ap.",-53.00167,-70.83861,21.0,28.0
2001-08-15,530005.0,"Fuentes Martínez, Porvenir Ad.",-53.25361,-70.32611,30.181818181818183,35.0
2001-08-15,950001.0,"C.M.A. Eduardo Frei Montalva, Antártica ",-62.19194,-58.97972,30.125,39.0
2001-08-16,180005.0,"Chacalluta, Arica Ap.",-18.35555,-70.34028,5.0,10.0
2001-08-16,200006.0,Diego Aracena Iquique Ap.,-20.54917,-70.18111,6.125,10.0
2001-08-16,220002.0,"El Loa, Calama Ad.",-22.49806,-68.8925,12.875,24.0
2001-08-16,270001.0,Mataveri  Isla de Pascua Ap.,-27.15889,-109.4325,7.0,10.0
2001-08-16,290004.0,"La Florida, La Serena Ad.",-29.91444,-71.20667,4.0,6.0
2001-08-16,330007.0,"Rodelillo, Ad.",-33.06528,-71.55639,3.272727272727273,8.0
2001-08-16,330019.0,"Eulogio Sánchez, Tobalaba Ad.",-33.45528,-70.54861,0.0,0.0
2001-08-16,330020.0,"Quinta Normal, Santiago",-33.445,-70.68278,0.4,2.0
2001-08-16,330021.0,Pudahuel Santiago ,-33.37833,-70.78778,3.5,6.0
2001-08-16,330030.0,"Santo Domingo, Ad.",-33.65611,-71.61333,1.7692307692307692,4.0
2001-08-16,330031.0,"Juan Fernández, Estación Meteorológica.",-33.63583,-78.83305,13.2,25.0
2001-08-16,340031.0,"General Freire, Curicó Ad.",-34.96944,-71.21694,4.8,7.0
2001-08-16,360011.0,"General Bernardo O'Higgins, Chillán Ad.",-36.58583,-72.03667,8.666666666666666,10.0
2001-08-16,360019.0,"Carriel Sur, Concepción Ap.",-36.78055,-73.06639,5.541666666666667,12.0
2001-08-16,370033.0,"María Dolores, Los Angeles Ad.",-37.39694,-72.42389,16.25,25.0
2001-08-16,380013.0,"Maquehue, Temuco Ad.",-38.76778,-72.63194,3.25,10.0
2001-08-16,390006.0,"Pichoy, Valdivia Ad.",-39.65667,-73.08722,4.5,7.0
2001-08-16,400009.0,"Cañal Bajo,  Osorno Ad.",-40.61444,-73.0575,6.928571428571429,15.0
2001-08-16,410005.0,El Tepual  Puerto Montt Ap.,-41.4475,-73.09583,3.7083333333333335,12.0
2001-08-16,430001.0,Quellón Ad.,-43.13361,-73.63278,4.1,5.0
2001-08-16,430002.0,Futaleufú Ad.,-43.18889,-71.85222,2.8,6.0
2001-08-16,450001.0,Puerto Aysén Ad.,-45.39944,-72.67722,8.75,26.0
2001-08-16,450004.0,"Teniente Vidal, Coyhaique Ad.",-45.59083,-72.10222,6.4,11.0
2001-08-16,450005.0,Balmaceda Ad.,-45.91833,-71.67778,20.458333333333332,27.0
2001-08-16,520006.0,"Carlos Ibañez, Punta Arenas Ap.",-53.00167,-70.83861,22.583333333333332,31.0
2001-08-16,530005.0,"Fuentes Martínez, Porvenir Ad.",-53.25361,-70.32611,14.454545454545455,20.0
2001-08-16,550001.0,"Guardiamarina Zañartu, Pto Williams Ad.",-54.93167,-67.61556,20.9,29.0
2001-08-16,950001.0,"C.M.A. Eduardo Frei Montalva, Antártica ",-62.19194,-58.97972,23.875,40.0
2001-08-17,180005.0,"Chacalluta, Arica Ap.",-18.35555,-70.34028,4.75,10.0
2001-08-17,200006.0,Diego Aracena Iquique Ap.,-20.54917,-70.18111,6.25,17.0
2001-08-17,220002.0,"El Loa, Calama Ad.",-22.49806,-68.8925,13.555555555555555,28.0
2001-08-17,270001.0,Mataveri  Isla de Pascua Ap.,-27.15889,-109.4325,8.166666666666666,12.0
2001-08-17,290004.0,"La Florida, La Serena Ad.",-29.91444,-71.20667,3.9411764705882355,8.0
2001-08-17,330007.0,"Rodelillo, Ad.",-33.06528,-71.55639,5.2727272727272725,8.0
2001-08-17,330019.0,"Eulogio Sánchez, Tobalaba Ad.",-33.45528,-70.54861,0.36363636363636365,2.0
2001-08-17,330020.0,"Quinta Normal, Santiago",-33.445,-70.68278,0.8,2.0
2001-08-17,330021.0,Pudahuel Santiago ,-33.37833,-70.78778,2.2083333333333335,5.0
2001-08-17,330030.0,"Santo Domingo, Ad.",-33.65611,-71.61333,5.3076923076923075,10.0
2001-08-17,330031.0,"Juan Fernández, Estación Meteorológica.",-33.63583,-78.83305,15.4,20.0
2001-08-17,340031.0,"General Freire, Curicó Ad.",-34.96944,-71.21694,4.1,6.0
2001-08-17,360011.0,"General Bernardo O'Higgins, Chillán Ad.",-36.58583,-72.03667,6.333333333333333,8.0
2001-08-17,360019.0,"Carriel Sur, Concepción Ap.",-36.78055,-73.06639,5.166666666666667,10.0
2001-08-17,370033.0,"María Dolores, Los Angeles Ad.",-37.39694,-72.42389,6.5,11.0
2001-08-17,380013.0,"Maquehue, Temuco Ad.",-38.76778,-72.63194,3.7083333333333335,10.0
2001-08-17,390006.0,"Pichoy, Valdivia Ad.",-39.65667,-73.08722,1.75,3.0
2001-08-17,400009.0,"Cañal Bajo,  Osorno Ad.",-40.61444,-73.0575,2.923076923076923,10.0
2001-08-17,410005.0,El Tepual  Puerto Montt Ap.,-41.4475,-73.09583,3.7083333333333335,8.0
2001-08-17,430001.0,Quellón Ad.,-43.13361,-73.63278,3.7,5.0
2001-08-17,430002.0,Futaleufú Ad.,-43.18889,-71.85222,2.2,6.0
2001-08-17,450001.0,Puerto Aysén Ad.,-45.39944,-72.67722,5.5,10.0
2001-08-17,450004.0,"Teniente Vidal, Coyhaique Ad.",-45.59083,-72.10222,6.4,10.0
2001-08-17,450005.0,Balmaceda Ad.,-45.91833,-71.67778,18.458333333333332,27.0
2001-08-17,520006.0,"Carlos Ibañez, Punta Arenas Ap.",-53.00167,-70.83861,13.208333333333334,23.0
2001-08-17,530005.0,"Fuentes Martínez, Porvenir Ad.",-53.25361,-70.32611,16.454545454545453,25.0
2001-08-17,550001.0,"Guardiamarina Zañartu, Pto Williams Ad.",-54.93167,-67.61556,16.0,26.0
2001-08-17,950001.0,"C.M.A. Eduardo Frei Montalva, Antártica ",-62.19194,-58.97972,25.0,39.0
2001-08-18,180005.0,"Chacalluta, Arica Ap.",-18.35555,-70.34028,5.833333333333333,12.0
2001-08-18,200006.0,Diego Aracena Iquique Ap.,-20.54917,-70.18111,9.5,18.0
2001-08-18,220002.0,"El Loa, Calama Ad.",-22.49806,-68.8925,12.375,22.0
2001-08-18,270001.0,Mataveri  Isla de Pascua Ap.,-27.15889,-109.4325,10.5,14.0
2001-08-18,290004.0,"La Florida, La Serena Ad.",-29.91444,-71.20667,7.0588235294117645,11.0
2001-08-18,330007.0,"Rodelillo, Ad.",-33.06528,-71.55639,7.363636363636363,10.0
2001-08-18,330019.0,"Eulogio Sánchez, Tobalaba Ad.",-33.45528,-70.54861,0.09090909090909091,1.0
2001-08-18,330020.0,"Quinta Normal, Santiago",-33.445,-70.68278,1.6,4.0
2001-08-18,330021.0,Pudahuel Santiago ,-33.37833,-70.78778,2.7916666666666665,6.0
2001-08-18,330030.0,"Santo Domingo, Ad.",-33.65611,-71.61333,4.538461538461538,8.0
2001-08-18,330031.0,"Juan Fernández, Estación Meteorológica.",-33.63583,-78.83305,4.0,8.0
2001-08-18,340031.0,"General Freire, Curicó Ad.",-34.96944,-71.21694,3.1,9.0
2001-08-18,360011.0,"General Bernardo O'Higgins, Chillán Ad.",-36.58583,-72.03667,7.666666666666667,12.0
2001-08-18,360019.0,"Carriel Sur, Concepción Ap.",-36.78055,-73.06639,6.0,14.0
2001-08-18,370033.0,"María Dolores, Los Angeles Ad.",-37.39694,-72.42389,7.75,12.0
2001-08-18,380013.0,"Maquehue, Temuco Ad.",-38.76778,-72.63194,5.375,10.0
2001-08-18,390006.0,"Pichoy, Valdivia Ad.",-39.65667,-73.08722,9.5,14.0
2001-08-18,400009.0,"Cañal Bajo,  Osorno Ad.",-40.61444,-73.0575,7.153846153846154,17.0
2001-08-18,410005.0,El Tepual  Puerto Montt Ap.,-41.4475,-73.09583,6.75,18.0
2001-08-18,430002.0,Futaleufú Ad.,-43.18889,-71.85222,5.2,10.0
2001-08-18,450004.0,"Teniente Vidal, Coyhaique Ad.",-45.59083,-72.10222,2.4,4.0
2001-08-18,450005.0,Balmaceda Ad.,-45.91833,-71.67778,5.291666666666667,10.0
2001-08-18,520006.0,"Carlos Ibañez, Punta Arenas Ap.",-53.00167,-70.83861,7.666666666666667,14.0
2001-08-18,530005.0,"Fuentes Martínez, Porvenir Ad.",-53.25361,-70.32611,10.454545454545455,15.0
2001-08-18,950001.0,"C.M.A. Eduardo Frei Montalva, Antártica ",-62.19194,-58.97972,35.625,58.0
2001-08-19,180005.0,"Chacalluta, Arica Ap.",-18.35555,-70.34028,5.0,13.0
2001-08-19,200006.0,Diego Aracena Iquique Ap.,-20.54917,-70.18111,4.833333333333333,12.0
2001-08-19,220002.0,"El Loa, Calama Ad.",-22.49806,-68.8925,12.636363636363637,22.0
2001-08-19,270001.0,Mataveri  Isla de Pascua Ap.,-27.15889,-109.4325,15.5,19.0
2001-08-19,290004.0,"La Florida, La Serena Ad.",-29.91444,-71.20667,6.176470588235294,10.0
2001-08-19,330007.0,"Rodelillo, Ad.",-33.06528,-71.55639,13.727272727272727,16.0
2001-08-19,330019.0,"Eulogio Sánchez, Tobalaba Ad.",-33.45528,-70.54861,0.18181818181818182,1.0
2001-08-19,330020.0,"Quinta Normal, Santiago",-33.445,-70.68278,1.2,2.0
2001-08-19,330021.0,Pudahuel Santiago ,-33.37833,-70.78778,1.76,7.0
2001-08-19,330030.0,"Santo Domingo, Ad.",-33.65611,-71.61333,5.384615384615385,9.0
2001-08-19,330031.0,"Juan Fernández, Estación Meteorológica.",-33.63583,-78.83305,4.25,7.0
2001-08-19,340031.0,"General Freire, Curicó Ad.",-34.96944,-71.21694,7.6,10.0
2001-08-19,360011.0,"General Bernardo O'Higgins, Chillán Ad.",-36.58583,-72.03667,5.333333333333333,7.0
2001-08-19,360019.0,"Carriel Sur, Concepción Ap.",-36.78055,-73.06639,5.166666666666667,11.0
2001-08-19,370033.0,"María Dolores, Los Angeles Ad.",-37.39694,-72.42389,2.0,4.0
2001-08-19,380013.0,"Maquehue, Temuco Ad.",-38.76778,-72.63194,2.7916666666666665,6.0
2001-08-19,390006.0,"Pichoy, Valdivia Ad.",-39.65667,-73.08722,3.0,5.0
2001-08-19,400009.0,"Cañal Bajo,  Osorno Ad.",-40.61444,-73.0575,4.384615384615385,6.0
2001-08-19,410005.0,El Tepual  Puerto Montt Ap.,-41.4475,-73.09583,5.291666666666667,12.0
2001-08-19,430002.0,Futaleufú Ad.,-43.18889,-71.85222,9.4,13.0
2001-08-19,450004.0,"Teniente Vidal, Coyhaique Ad.",-45.59083,-72.10222,5.8,12.0
2001-08-19,450005.0,Balmaceda Ad.,-45.91833,-71.67778,16.708333333333332,28.0
2001-08-19,520006.0,"Carlos Ibañez, Punta Arenas Ap.",-53.00167,-70.83861,9.0,26.0
2001-08-19,950001.0,"C.M.A. Eduardo Frei Montalva, Antártica ",-62.19194,-58.97972,33.0,36.0
2001-08-20,180005.0,"Chacalluta, Arica Ap.",-18.35555,-70.34028,4.75,8.0
2001-08-20,200006.0,Diego Aracena Iquique Ap.,-20.54917,-70.18111,3.7083333333333335,9.0
2001-08-20,220002.0,"El Loa, Calama Ad.",-22.49806,-68.8925,15.875,29.0
2001-08-20,270001.0,Mataveri  Isla de Pascua Ap.,-27.15889,-109.4325,12.0,14.0
2001-08-20,290004.0,"La Florida, La Serena Ad.",-29.91444,-71.20667,5.8125,11.0
2001-08-20,330007.0,"Rodelillo, Ad.",-33.06528,-71.55639,5.2727272727272725,10.0
2001-08-20,330019.0,"Eulogio Sánchez, Tobalaba Ad.",-33.45528,-70.54861,0.0,0.0
2001-08-20,330020.0,"Quinta Normal, Santiago",-33.445,-70.68278,0.8,2.0
2001-08-20,330021.0,Pudahuel Santiago ,-33.37833,-70.78778,2.4166666666666665,7.0
2001-08-20,330030.0,"Santo Domingo, Ad.",-33.65611,-71.61333,5.461538461538462,12.0
2001-08-20,330031.0,"Juan Fernández, Estación Meteorológica.",-33.63583,-78.83305,4.0,4.0
2001-08-20,340031.0,"General Freire, Curicó Ad.",-34.96944,-71.21694,4.7,7.0
2001-08-20,360011.0,"General Bernardo O'Higgins, Chillán Ad.",-36.58583,-72.03667,4.333333333333333,5.0
2001-08-20,360019.0,"Carriel Sur, Concepción Ap.",-36.78055,-73.06639,5.791666666666667,11.0
2001-08-20,370033.0,"María Dolores, Los Angeles Ad.",-37.39694,-72.42389,6.75,8.0
2001-08-20,380013.0,"Maquehue, Temuco Ad.",-38.76778,-72.63194,2.125,4.0
2001-08-20,390006.0,"Pichoy, Valdivia Ad.",-39.65667,-73.08722,1.25,2.0
2001-08-20,400009.0,"Cañal Bajo,  Osorno Ad.",-40.61444,-73.0575,1.7142857142857142,5.0
2001-08-20,410005.0,El Tepual  Puerto Montt Ap.,-41.4475,-73.09583,7.833333333333333,13.0
2001-08-20,430001.0,Quellón Ad.,-43.13361,-73.63278,8.4,10.0
2001-08-20,430002.0,Futaleufú Ad.,-43.18889,-71.85222,4.6,10.0
2001-08-20,450001.0,Puerto Aysén Ad.,-45.39944,-72.67722,7.75,14.0
2001-08-20,450004.0,"Teniente Vidal, Coyhaique Ad.",-45.59083,-72.10222,9.2,14.0
2001-08-20,450005.0,Balmaceda Ad.,-45.91833,-71.67778,20.708333333333332,37.0
2001-08-20,520006.0,"Carlos Ibañez, Punta Arenas Ap.",-53.00167,-70.83861,15.0,26.0
2001-08-20,530005.0,"Fuentes Martínez, Porvenir Ad.",-53.25361,-70.32611,21.636363636363637,30.0
2001-08-20,550001.0,"Guardiamarina Zañartu, Pto Williams Ad.",-54.93167,-67.61556,17.444444444444443,24.0
2001-08-20,950001.0,"C.M.A. Eduardo Frei Montalva, Antártica ",-62.19194,-58.97972,21.636363636363637,50.0
2001-08-21,180005.0,"Chacalluta, Arica Ap.",-18.35555,-70.34028,4.5,11.0
2001-08-21,200006.0,Diego Aracena Iquique Ap.,-20.54917,-70.18111,4.52,10.0
2001-08-21,220002.0,"El Loa, Calama Ad.",-22.49806,-68.8925,13.0,23.0
2001-08-21,270001.0,Mataveri  Isla de Pascua Ap.,-27.15889,-109.4325,3.5,7.0
2001-08-21,290004.0,"La Florida, La Serena Ad.",-29.91444,-71.20667,4.0588235294117645,7.0
2001-08-21,330007.0,"Rodelillo, Ad.",-33.06528,-71.55639,3.5,5.0
2001-08-21,330019.0,"Eulogio Sánchez, Tobalaba Ad.",-33.45528,-70.54861,0.7272727272727273,2.0
2001-08-21,330020.0,"Quinta Normal, Santiago",-33.445,-70.68278,1.2,4.0
2001-08-21,330021.0,Pudahuel Santiago ,-33.37833,-70.78778,2.7916666666666665,9.0
2001-08-21,330030.0,"Santo Domingo, Ad.",-33.65611,-71.61333,3.5384615384615383,10.0
2001-08-21,330031.0,"Juan Fernández, Estación Meteorológica.",-33.63583,-78.83305,4.8,6.0
2001-08-21,340031.0,"General Freire, Curicó Ad.",-34.96944,-71.21694,5.8,8.0
2001-08-21,360011.0,"General Bernardo O'Higgins, Chillán Ad.",-36.58583,-72.03667,6.333333333333333,9.0
2001-08-21,360019.0,"Carriel Sur, Concepción Ap.",-36.78055,-73.06639,4.708333333333333,11.0
2001-08-21,370033.0,"María Dolores, Los Angeles Ad.",-37.39694,-72.42389,4.25,8.0
2001-08-21,380013.0,"Maquehue, Temuco Ad.",-38.76778,-72.63194,1.64,4.0
2001-08-21,390006.0,"Pichoy, Valdivia Ad.",-39.65667,-73.08722,2.0,5.0
2001-08-21,400009.0,"Cañal Bajo,  Osorno Ad.",-40.61444,-73.0575,6.230769230769231,9.0
2001-08-21,410005.0,El Tepual  Puerto Montt Ap.,-41.4475,-73.09583,7.875,13.0
2001-08-21,430001.0,Quellón Ad.,-43.13361,-73.63278,4.6,6.0
2001-08-21,430002.0,Futaleufú Ad.,-43.18889,-71.85222,10.0,10.0
2001-08-21,450001.0,Puerto Aysén Ad.,-45.39944,-72.67722,8.5,10.0
2001-08-21,450004.0,"Teniente Vidal, Coyhaique Ad.",-45.59083,-72.10222,8.8,16.0
2001-08-21,450005.0,Balmaceda Ad.,-45.91833,-71.67778,18.25,33.0
2001-08-21,520006.0,"Carlos Ibañez, Punta Arenas Ap.",-53.00167,-70.83861,19.333333333333332,30.0
2001-08-21,530005.0,"Fuentes Martínez, Porvenir Ad.",-53.25361,-70.32611,32.36363636363637,50.0
2001-08-21,550001.0,"Guardiamarina Zañartu, Pto Williams Ad.",-54.93167,-67.61556,18.11111111111111,24.0
2001-08-21,950001.0,"C.M.A. Eduardo Frei Montalva, Antártica ",-62.19194,-58.97972,20.5,36.0
2001-08-22,180005.0,"Chacalluta, Arica Ap.",-18.35555,-70.34028,5.25,10.0
2001-08-22,200006.0,Diego Aracena Iquique Ap.,-20.54917,-70.18111,4.458333333333333,8.0
2001-08-22,220002.0,"El Loa, Calama Ad.",-22.49806,-68.8925,13.125,20.0
2001-08-22,270001.0,Mataveri  Isla de Pascua Ap.,-27.15889,-109.4325,7.833333333333333,13.0
2001-08-22,290004.0,"La Florida, La Serena Ad.",-29.91444,-71.20667,2.823529411764706,5.0
2001-08-22,330007.0,"Rodelillo, Ad.",-33.06528,-71.55639,4.363636363636363,7.0
2001-08-22,330019.0,"Eulogio Sánchez, Tobalaba Ad.",-33.45528,-70.54861,0.8181818181818182,2.0
2001-08-22,330020.0,"Quinta Normal, Santiago",-33.445,-70.68278,2.0,4.0
2001-08-22,330021.0,Pudahuel Santiago ,-33.37833,-70.78778,3.0833333333333335,11.0
2001-08-22,330030.0,"Santo Domingo, Ad.",-33.65611,-71.61333,2.3076923076923075,6.0
2001-08-22,330031.0,"Juan Fernández, Estación Meteorológica.",-33.63583,-78.83305,2.0,6.0
2001-08-22,340031.0,"General Freire, Curicó Ad.",-34.96944,-71.21694,5.2,7.0
2001-08-22,360011.0,"General Bernardo O'Higgins, Chillán Ad.",-36.58583,-72.03667,2.6666666666666665,4.0
2001-08-22,360019.0,"Carriel Sur, Concepción Ap.",-36.78055,-73.06639,3.9166666666666665,9.0
2001-08-22,370033.0,"María Dolores, Los Angeles Ad.",-37.39694,-72.42389,4.5,9.0
2001-08-22,380013.0,"Maquehue, Temuco Ad.",-38.76778,-72.63194,2.0833333333333335,5.0
2001-08-22,390006.0,"Pichoy, Valdivia Ad.",-39.65667,-73.08722,2.0,5.0
2001-08-22,400009.0,"Cañal Bajo,  Osorno Ad.",-40.61444,-73.0575,2.6923076923076925,5.0
2001-08-22,410005.0,El Tepual  Puerto Montt Ap.,-41.4475,-73.09583,8.791666666666666,12.0
2001-08-22,430001.0,Quellón Ad.,-43.13361,-73.63278,5.0,6.0
2001-08-22,430002.0,Futaleufú Ad.,-43.18889,-71.85222,1.4,4.0
2001-08-22,450001.0,Puerto Aysén Ad.,-45.39944,-72.67722,0.0,0.0
2001-08-22,450004.0,"Teniente Vidal, Coyhaique Ad.",-45.59083,-72.10222,3.8,6.0
2001-08-22,450005.0,Balmaceda Ad.,-45.91833,-71.67778,14.166666666666666,20.0
2001-08-22,520006.0,"Carlos Ibañez, Punta Arenas Ap.",-53.00167,-70.83861,16.875,31.0
2001-08-22,530005.0,"Fuentes Martínez, Porvenir Ad.",-53.25361,-70.32611,18.454545454545453,25.0
2001-08-22,550001.0,"Guardiamarina Zañartu, Pto Williams Ad.",-54.93167,-67.61556,15.444444444444445,21.0
2001-08-22,950001.0,"C.M.A. Eduardo Frei Montalva, Antártica ",-62.19194,-58.97972,24.5,48.0
2001-08-23,180005.0,"Chacalluta, Arica Ap.",-18.35555,-70.34028,4.791666666666667,11.0
2001-08-23,200006.0,Diego Aracena Iquique Ap.,-20.54917,-70.18111,5.791666666666667,12.0
2001-08-23,220002.0,"El Loa, Calama Ad.",-22.49806,-68.8925,11.25,21.0
2001-08-23,270001.0,Mataveri  Isla de Pascua Ap.,-27.15889,-109.4325,7.5,11.0
2001-08-23,290004.0,"La Florida, La Serena Ad.",-29.91444,-71.20667,3.5294117647058822,7.0
2001-08-23,330007.0,"Rodelillo, Ad.",-33.06528,-71.55639,4.0,8.0
2001-08-23,330019.0,"Eulogio Sánchez, Tobalaba Ad.",-33.45528,-70.54861,1.0909090909090908,2.0
2001-08-23,330020.0,"Quinta Normal, Santiago",-33.445,-70.68278,2.4,4.0
2001-08-23,330021.0,Pudahuel Santiago ,-33.37833,-70.78778,4.6,9.0
2001-08-23,330030.0,"Santo Domingo, Ad.",-33.65611,-71.61333,1.2307692307692308,4.0
2001-08-23,330031.0,"Juan Fernández, Estación Meteorológica.",-33.63583,-78.83305,5.6,8.0
2001-08-23,340031.0,"General Freire, Curicó Ad.",-34.96944,-71.21694,3.5,6.0
2001-08-23,360011.0,"General Bernardo O'Higgins, Chillán Ad.",-36.58583,-72.03667,2.3333333333333335,4.0
2001-08-23,360019.0,"Carriel Sur, Concepción Ap.",-36.78055,-73.06639,3.3333333333333335,7.0
2001-08-23,370033.0,"María Dolores, Los Angeles Ad.",-37.39694,-72.42389,1.25,3.0
2001-08-23,380013.0,"Maquehue, Temuco Ad.",-38.76778,-72.63194,1.96,5.0
2001-08-23,390006.0,"Pichoy, Valdivia Ad.",-39.65667,-73.08722,5.5,8.0
2001-08-23,400009.0,"Cañal Bajo,  Osorno Ad.",-40.61444,-73.0575,5.769230769230769,9.0
2001-08-23,410005.0,El Tepual  Puerto Montt Ap.,-41.4475,-73.09583,6.333333333333333,10.0
2001-08-23,430001.0,Quellón Ad.,-43.13361,-73.63278,4.1,5.0
2001-08-23,430002.0,Futaleufú Ad.,-43.18889,-71.85222,3.4,6.0
2001-08-23,450001.0,Puerto Aysén Ad.,-45.39944,-72.67722,2.75,8.0
2001-08-23,450004.0,"Teniente Vidal, Coyhaique Ad.",-45.59083,-72.10222,5.4,8.0
2001-08-23,450005.0,Balmaceda Ad.,-45.91833,-71.67778,6.291666666666667,17.0
2001-08-23,520006.0,"Carlos Ibañez, Punta Arenas Ap.",-53.00167,-70.83861,13.166666666666666,19.0
2001-08-23,530005.0,"Fuentes Martínez, Porvenir Ad.",-53.25361,-70.32611,15.727272727272727,17.0
2001-08-23,550001.0,"Guardiamarina Zañartu, Pto Williams Ad.",-54.93167,-67.61556,15.11111111111111,19.0
2001-08-23,950001.0,"C.M.A. Eduardo Frei Montalva, Antártica ",-62.19194,-58.97972,34.92307692307692,41.0
2001-08-24,180005.0,"Chacalluta, Arica Ap.",-18.35555,-70.34028,5.625,14.0
2001-08-24,200006.0,Diego Aracena Iquique Ap.,-20.54917,-70.18111,6.625,17.0
2001-08-24,220002.0,"El Loa, Calama Ad.",-22.49806,-68.8925,12.705882352941176,21.0
2001-08-24,270001.0,Mataveri  Isla de Pascua Ap.,-27.15889,-109.4325,3.8333333333333335,6.0
2001-08-24,290004.0,"La Florida, La Serena Ad.",-29.91444,-71.20667,5.0588235294117645,10.0
2001-08-24,330007.0,"Rodelillo, Ad.",-33.06528,-71.55639,10.909090909090908,18.0
2001-08-24,330019.0,"Eulogio Sánchez, Tobalaba Ad.",-33.45528,-70.54861,0.8181818181818182,2.0
2001-08-24,330020.0,"Quinta Normal, Santiago",-33.445,-70.68278,2.8,6.0
2001-08-24,330021.0,Pudahuel Santiago ,-33.37833,-70.78778,4.538461538461538,10.0
2001-08-24,330030.0,"Santo Domingo, Ad.",-33.65611,-71.61333,5.846153846153846,11.0
2001-08-24,330031.0,"Juan Fernández, Estación Meteorológica.",-33.63583,-78.83305,7.6,12.0
2001-08-24,340031.0,"General Freire, Curicó Ad.",-34.96944,-71.21694,5.5,11.0
2001-08-24,360011.0,"General Bernardo O'Higgins, Chillán Ad.",-36.58583,-72.03667,10.333333333333334,12.0
2001-08-24,360019.0,"Carriel Sur, Concepción Ap.",-36.78055,-73.06639,10.333333333333334,19.0
2001-08-24,370033.0,"María Dolores, Los Angeles Ad.",-37.39694,-72.42389,7.75,12.0
2001-08-24,380013.0,"Maquehue, Temuco Ad.",-38.76778,-72.63194,3.5833333333333335,10.0
2001-08-24,390006.0,"Pichoy, Valdivia Ad.",-39.65667,-73.08722,5.0,7.0
2001-08-24,400009.0,"Cañal Bajo,  Osorno Ad.",-40.61444,-73.0575,7.3076923076923075,11.0
2001-08-24,410005.0,El Tepual  Puerto Montt Ap.,-41.4475,-73.09583,9.958333333333334,16.0
2001-08-24,430001.0,Quellón Ad.,-43.13361,-73.63278,7.2,10.0
2001-08-24,430002.0,Futaleufú Ad.,-43.18889,-71.85222,0.8,4.0
2001-08-24,450001.0,Puerto Aysén Ad.,-45.39944,-72.67722,1.6,4.0
2001-08-24,450004.0,"Teniente Vidal, Coyhaique Ad.",-45.59083,-72.10222,4.2,7.0
2001-08-24,450005.0,Balmaceda Ad.,-45.91833,-71.67778,3.5416666666666665,9.0
2001-08-24,520006.0,"Carlos Ibañez, Punta Arenas Ap.",-53.00167,-70.83861,12.666666666666666,19.0
2001-08-24,530005.0,"Fuentes Martínez, Porvenir Ad.",-53.25361,-70.32611,16.272727272727273,20.0
2001-08-24,550001.0,"Guardiamarina Zañartu, Pto Williams Ad.",-54.93167,-67.61556,9.5,13.0
2001-08-24,950001.0,"C.M.A. Eduardo Frei Montalva, Antártica ",-62.19194,-58.97972,28.46153846153846,37.0
2001-08-25,180005.0,"Chacalluta, Arica Ap.",-18.35555,-70.34028,4.791666666666667,9.0
2001-08-25,200006.0,Diego Aracena Iquique Ap.,-20.54917,-70.18111,6.083333333333333,12.0
2001-08-25,220002.0,"El Loa, Calama Ad.",-22.49806,-68.8925,13.3125,23.0
2001-08-25,270001.0,Mataveri  Isla de Pascua Ap.,-27.15889,-109.4325,7.0,10.0
2001-08-25,290004.0,"La Florida, La Serena Ad.",-29.91444,-71.20667,4.235294117647059,9.0
2001-08-25,330007.0,"Rodelillo, Ad.",-33.06528,-71.55639,14.166666666666666,18.0
2001-08-25,330019.0,"Eulogio Sánchez, Tobalaba Ad.",-33.45528,-70.54861,4.090909090909091,8.0
2001-08-25,330020.0,"Quinta Normal, Santiago",-33.445,-70.68278,7.2,20.0
2001-08-25,330021.0,Pudahuel Santiago ,-33.37833,-70.78778,9.0,24.0
2001-08-25,330030.0,"Santo Domingo, Ad.",-33.65611,-71.61333,8.153846153846153,19.0
2001-08-25,330031.0,"Juan Fernández, Estación Meteorológica.",-33.63583,-78.83305,11.5,16.0
2001-08-25,340031.0,"General Freire, Curicó Ad.",-34.96944,-71.21694,13.5,17.0
2001-08-25,360011.0,"General Bernardo O'Higgins, Chillán Ad.",-36.58583,-72.03667,14.333333333333334,17.0
2001-08-25,360019.0,"Carriel Sur, Concepción Ap.",-36.78055,-73.06639,21.625,33.0
2001-08-25,370033.0,"María Dolores, Los Angeles Ad.",-37.39694,-72.42389,21.75,26.0
2001-08-25,380013.0,"Maquehue, Temuco Ad.",-38.76778,-72.63194,12.125,16.0
2001-08-25,390006.0,"Pichoy, Valdivia Ad.",-39.65667,-73.08722,18.5,28.0
2001-08-25,400009.0,"Cañal Bajo,  Osorno Ad.",-40.61444,-73.0575,15.333333333333334,20.0
2001-08-25,410005.0,El Tepual  Puerto Montt Ap.,-41.4475,-73.09583,18.708333333333332,26.0
2001-08-25,430001.0,Quellón Ad.,-43.13361,-73.63278,,
2001-08-25,430002.0,Futaleufú Ad.,-43.18889,-71.85222,0.6,3.0
2001-08-25,450004.0,"Teniente Vidal, Coyhaique Ad.",-45.59083,-72.10222,2.4,4.0
2001-08-25,450005.0,Balmaceda Ad.,-45.91833,-71.67778,4.875,11.0
2001-08-25,520006.0,"Carlos Ibañez, Punta Arenas Ap.",-53.00167,-70.83861,4.833333333333333,11.0
2001-08-25,530005.0,"Fuentes Martínez, Porvenir Ad.",-53.25361,-70.32611,3.1818181818181817,5.0
2001-08-25,950001.0,"C.M.A. Eduardo Frei Montalva, Antártica ",-62.19194,-58.97972,20.0,29.0
2001-08-26,180005.0,"Chacalluta, Arica Ap.",-18.35555,-70.34028,4.958333333333333,10.0
2001-08-26,200006.0,Diego Aracena Iquique Ap.,-20.54917,-70.18111,7.375,15.0
2001-08-26,220002.0,"El Loa, Calama Ad.",-22.49806,-68.8925,16.363636363636363,22.0
2001-08-26,270001.0,Mataveri  Isla de Pascua Ap.,-27.15889,-109.4325,9.0,10.0
2001-08-26,290004.0,"La Florida, La Serena Ad.",-29.91444,-71.20667,5.470588235294118,13.0
2001-08-26,330007.0,"Rodelillo, Ad.",-33.06528,-71.55639,13.272727272727273,17.0
2001-08-26,330019.0,"Eulogio Sánchez, Tobalaba Ad.",-33.45528,-70.54861,0.45454545454545453,3.0
2001-08-26,330020.0,"Quinta Normal, Santiago",-33.445,-70.68278,2.4,6.0
2001-08-26,330021.0,Pudahuel Santiago ,-33.37833,-70.78778,5.541666666666667,13.0
2001-08-26,330030.0,"Santo Domingo, Ad.",-33.65611,-71.61333,7.6923076923076925,13.0
2001-08-26,330031.0,"Juan Fernández, Estación Meteorológica.",-33.63583,-78.83305,8.5,10.0
2001-08-26,340031.0,"General Freire, Curicó Ad.",-34.96944,-71.21694,6.6,11.0
2001-08-26,360011.0,"General Bernardo O'Higgins, Chillán Ad.",-36.58583,-72.03667,9.333333333333334,15.0
2001-08-26,360019.0,"Carriel Sur, Concepción Ap.",-36.78055,-73.06639,10.0,16.0
2001-08-26,370033.0,"María Dolores, Los Angeles Ad.",-37.39694,-72.42389,13.0,22.0
2001-08-26,380013.0,"Maquehue, Temuco Ad.",-38.76778,-72.63194,8.791666666666666,15.0
2001-08-26,390006.0,"Pichoy, Valdivia Ad.",-39.65667,-73.08722,10.5,14.0
2001-08-26,400009.0,"Cañal Bajo,  Osorno Ad.",-40.61444,-73.0575,9.384615384615385,20.0
2001-08-26,410005.0,El Tepual  Puerto Montt Ap.,-41.4475,-73.09583,15.521739130434783,23.0
2001-08-26,430002.0,Futaleufú Ad.,-43.18889,-71.85222,12.2,24.0
2001-08-26,450004.0,"Teniente Vidal, Coyhaique Ad.",-45.59083,-72.10222,3.0,5.0
2001-08-26,450005.0,Balmaceda Ad.,-45.91833,-71.67778,6.541666666666667,16.0
2001-08-26,520006.0,"Carlos Ibañez, Punta Arenas Ap.",-53.00167,-70.83861,11.625,18.0
2001-08-26,950001.0,"C.M.A. Eduardo Frei Montalva, Antártica ",-62.19194,-58.97972,19.375,24.0
2001-08-27,180005.0,"Chacalluta, Arica Ap.",-18.35555,-70.34028,5.541666666666667,16.0
2001-08-27,200006.0,Diego Aracena Iquique Ap.,-20.54917,-70.18111,6.833333333333333,15.0
2001-08-27,220002.0,"El Loa, Calama Ad.",-22.49806,-68.8925,12.647058823529411,20.0
2001-08-27,270001.0,Mataveri  Isla de Pascua Ap.,-27.15889,-109.4325,10.833333333333334,17.0
2001-08-27,290004.0,"La Florida, La Serena Ad.",-29.91444,-71.20667,4.722222222222222,9.0
2001-08-27,330007.0,"Rodelillo, Ad.",-33.06528,-71.55639,2.1818181818181817,6.0
2001-08-27,330019.0,"Eulogio Sánchez, Tobalaba Ad.",-33.45528,-70.54861,0.0,0.0
2001-08-27,330020.0,"Quinta Normal, Santiago",-33.445,-70.68278,1.4,3.0
2001-08-27,330021.0,Pudahuel Santiago ,-33.37833,-70.78778,3.68,10.0
2001-08-27,330030.0,"Santo Domingo, Ad.",-33.65611,-71.61333,3.6923076923076925,9.0
2001-08-27,330031.0,"Juan Fernández, Estación Meteorológica.",-33.63583,-78.83305,11.4,16.0
2001-08-27,340031.0,"General Freire, Curicó Ad.",-34.96944,-71.21694,2.9,8.0
2001-08-27,360011.0,"General Bernardo O'Higgins, Chillán Ad.",-36.58583,-72.03667,5.333333333333333,8.0
2001-08-27,360019.0,"Carriel Sur, Concepción Ap.",-36.78055,-73.06639,6.041666666666667,13.0
2001-08-27,370033.0,"María Dolores, Los Angeles Ad.",-37.39694,-72.42389,6.25,8.0
2001-08-27,380013.0,"Maquehue, Temuco Ad.",-38.76778,-72.63194,4.791666666666667,8.0
2001-08-27,390006.0,"Pichoy, Valdivia Ad.",-39.65667,-73.08722,8.0,11.0
2001-08-27,400009.0,"Cañal Bajo,  Osorno Ad.",-40.61444,-73.0575,5.230769230769231,8.0
2001-08-27,410005.0,El Tepual  Puerto Montt Ap.,-41.4475,-73.09583,6.583333333333333,11.0
2001-08-27,430001.0,Quellón Ad.,-43.13361,-73.63278,3.7,5.0
2001-08-27,430002.0,Futaleufú Ad.,-43.18889,-71.85222,8.8,18.0
2001-08-27,450001.0,Puerto Aysén Ad.,-45.39944,-72.67722,6.25,10.0
2001-08-27,450004.0,"Teniente Vidal, Coyhaique Ad.",-45.59083,-72.10222,6.0,12.0
2001-08-27,450005.0,Balmaceda Ad.,-45.91833,-71.67778,16.541666666666668,20.0
2001-08-27,520006.0,"Carlos Ibañez, Punta Arenas Ap.",-53.00167,-70.83861,10.208333333333334,16.0
2001-08-27,530005.0,"Fuentes Martínez, Porvenir Ad.",-53.25361,-70.32611,13.090909090909092,17.0
2001-08-27,550001.0,"Guardiamarina Zañartu, Pto Williams Ad.",-54.93167,-67.61556,7.333333333333333,15.0
2001-08-27,950001.0,"C.M.A. Eduardo Frei Montalva, Antártica ",-62.19194,-58.97972,13.875,25.0
2001-08-28,180005.0,"Chacalluta, Arica Ap.",-18.35555,-70.34028,4.208333333333333,12.0
2001-08-28,200006.0,Diego Aracena Iquique Ap.,-20.54917,-70.18111,4.666666666666667,10.0
2001-08-28,220002.0,"El Loa, Calama Ad.",-22.49806,-68.8925,12.9375,25.0
2001-08-28,270001.0,Mataveri  Isla de Pascua Ap.,-27.15889,-109.4325,7.333333333333333,12.0
2001-08-28,290004.0,"La Florida, La Serena Ad.",-29.91444,-71.20667,4.882352941176471,8.0
2001-08-28,330007.0,"Rodelillo, Ad.",-33.06528,-71.55639,3.5454545454545454,6.0
2001-08-28,330019.0,"Eulogio Sánchez, Tobalaba Ad.",-33.45528,-70.54861,0.0,0.0
2001-08-28,330020.0,"Quinta Normal, Santiago",-33.445,-70.68278,1.2,4.0
2001-08-28,330021.0,Pudahuel Santiago ,-33.37833,-70.78778,3.0,11.0
2001-08-28,330030.0,"Santo Domingo, Ad.",-33.65611,-71.61333,2.1538461538461537,6.0
2001-08-28,330031.0,"Juan Fernández, Estación Meteorológica.",-33.63583,-78.83305,19.2,30.0
2001-08-28,340031.0,"General Freire, Curicó Ad.",-34.96944,-71.21694,7.4,11.0
2001-08-28,360011.0,"General Bernardo O'Higgins, Chillán Ad.",-36.58583,-72.03667,30.0,30.0
2001-08-28,360019.0,"Carriel Sur, Concepción Ap.",-36.78055,-73.06639,21.083333333333332,35.0
2001-08-28,370033.0,"María Dolores, Los Angeles Ad.",-37.39694,-72.42389,18.0,26.0
2001-08-28,380013.0,"Maquehue, Temuco Ad.",-38.76778,-72.63194,13.0,26.0
2001-08-28,390006.0,"Pichoy, Valdivia Ad.",-39.65667,-73.08722,15.25,20.0
2001-08-28,400009.0,"Cañal Bajo,  Osorno Ad.",-40.61444,-73.0575,14.23076923076923,19.0
2001-08-28,410005.0,El Tepual  Puerto Montt Ap.,-41.4475,-73.09583,19.333333333333332,28.0
2001-08-28,430001.0,Quellón Ad.,-43.13361,-73.63278,10.6,14.0
2001-08-28,430002.0,Futaleufú Ad.,-43.18889,-71.85222,1.6,5.0
2001-08-28,450001.0,Puerto Aysén Ad.,-45.39944,-72.67722,0.5,4.0
2001-08-28,450004.0,"Teniente Vidal, Coyhaique Ad.",-45.59083,-72.10222,6.0,7.0
2001-08-28,450005.0,Balmaceda Ad.,-45.91833,-71.67778,7.5,13.0
2001-08-28,520006.0,"Carlos Ibañez, Punta Arenas Ap.",-53.00167,-70.83861,11.958333333333334,18.0
2001-08-28,530005.0,"Fuentes Martínez, Porvenir Ad.",-53.25361,-70.32611,9.5,14.0
2001-08-28,550001.0,"Guardiamarina Zañartu, Pto Williams Ad.",-54.93167,-67.61556,7.888888888888889,12.0
2001-08-28,950001.0,"C.M.A. Eduardo Frei Montalva, Antártica ",-62.19194,-58.97972,23.75,29.0
2001-08-29,180005.0,"Chacalluta, Arica Ap.",-18.35555,-70.34028,5.166666666666667,14.0
2001-08-29,200006.0,Diego Aracena Iquique Ap.,-20.54917,-70.18111,5.75,10.0
2001-08-29,220002.0,"El Loa, Calama Ad.",-22.49806,-68.8925,14.058823529411764,23.0
2001-08-29,270001.0,Mataveri  Isla de Pascua Ap.,-27.15889,-109.4325,2.3333333333333335,7.0
2001-08-29,290004.0,"La Florida, La Serena Ad.",-29.91444,-71.20667,5.588235294117647,10.0
2001-08-29,330007.0,"Rodelillo, Ad.",-33.06528,-71.55639,2.25,3.0
2001-08-29,330019.0,"Eulogio Sánchez, Tobalaba Ad.",-33.45528,-70.54861,0.0,0.0
2001-08-29,330020.0,"Quinta Normal, Santiago",-33.445,-70.68278,2.8,6.0
2001-08-29,330021.0,Pudahuel Santiago ,-33.37833,-70.78778,4.36,9.0
2001-08-29,330030.0,"Santo Domingo, Ad.",-33.65611,-71.61333,3.076923076923077,7.0
2001-08-29,330031.0,"Juan Fernández, Estación Meteorológica.",-33.63583,-78.83305,3.2,6.0
2001-08-29,340031.0,"General Freire, Curicó Ad.",-34.96944,-71.21694,5.6,10.0
2001-08-29,360011.0,"General Bernardo O'Higgins, Chillán Ad.",-36.58583,-72.03667,3.0,5.0
2001-08-29,360019.0,"Carriel Sur, Concepción Ap.",-36.78055,-73.06639,5.791666666666667,13.0
2001-08-29,370033.0,"María Dolores, Los Angeles Ad.",-37.39694,-72.42389,3.0,3.0
2001-08-29,380013.0,"Maquehue, Temuco Ad.",-38.76778,-72.63194,4.625,10.0
2001-08-29,390006.0,"Pichoy, Valdivia Ad.",-39.65667,-73.08722,5.5,10.0
2001-08-29,400009.0,"Cañal Bajo,  Osorno Ad.",-40.61444,-73.0575,6.538461538461538,15.0
2001-08-29,410005.0,El Tepual  Puerto Montt Ap.,-41.4475,-73.09583,6.75,14.0
2001-08-29,430001.0,Quellón Ad.,-43.13361,-73.63278,6.3,8.0
2001-08-29,430002.0,Futaleufú Ad.,-43.18889,-71.85222,9.4,15.0
2001-08-29,450001.0,Puerto Aysén Ad.,-45.39944,-72.67722,7.5,10.0
2001-08-29,450004.0,"Teniente Vidal, Coyhaique Ad.",-45.59083,-72.10222,5.0,7.0
2001-08-29,450005.0,Balmaceda Ad.,-45.91833,-71.67778,9.291666666666666,19.0
2001-08-29,520006.0,"Carlos Ibañez, Punta Arenas Ap.",-53.00167,-70.83861,7.0,12.0
2001-08-29,530005.0,"Fuentes Martínez, Porvenir Ad.",-53.25361,-70.32611,10.545454545454545,15.0
2001-08-29,550001.0,"Guardiamarina Zañartu, Pto Williams Ad.",-54.93167,-67.61556,4.444444444444445,7.0
2001-08-29,950001.0,"C.M.A. Eduardo Frei Montalva, Antártica ",-62.19194,-58.97972,25.125,40.0
2001-08-30,180005.0,"Chacalluta, Arica Ap.",-18.35555,-70.34028,5.041666666666667,11.0
2001-08-30,200006.0,Diego Aracena Iquique Ap.,-20.54917,-70.18111,5.0,9.0
2001-08-30,220002.0,"El Loa, Calama Ad.",-22.49806,-68.8925,13.352941176470589,28.0
2001-08-30,270001.0,Mataveri  Isla de Pascua Ap.,-27.15889,-109.4325,4.5,8.0
2001-08-30,290004.0,"La Florida, La Serena Ad.",-29.91444,-71.20667,5.705882352941177,9.0
2001-08-30,330007.0,"Rodelillo, Ad.",-33.06528,-71.55639,13.545454545454545,17.0
2001-08-30,330019.0,"Eulogio Sánchez, Tobalaba Ad.",-33.45528,-70.54861,0.45454545454545453,2.0
2001-08-30,330020.0,"Quinta Normal, Santiago",-33.445,-70.68278,1.8,4.0
2001-08-30,330021.0,Pudahuel Santiago ,-33.37833,-70.78778,5.041666666666667,7.0
2001-08-30,330030.0,"Santo Domingo, Ad.",-33.65611,-71.61333,6.769230769230769,16.0
2001-08-30,330031.0,"Juan Fernández, Estación Meteorológica.",-33.63583,-78.83305,6.6,8.0
2001-08-30,340031.0,"General Freire, Curicó Ad.",-34.96944,-71.21694,7.4,10.0
2001-08-30,360011.0,"General Bernardo O'Higgins, Chillán Ad.",-36.58583,-72.03667,8.0,11.0
2001-08-30,360019.0,"Carriel Sur, Concepción Ap.",-36.78055,-73.06639,5.0,13.0
2001-08-30,370033.0,"María Dolores, Los Angeles Ad.",-37.39694,-72.42389,10.5,14.0
2001-08-30,380013.0,"Maquehue, Temuco Ad.",-38.76778,-72.63194,2.56,8.0
2001-08-30,390006.0,"Pichoy, Valdivia Ad.",-39.65667,-73.08722,2.75,9.0
2001-08-30,400009.0,"Cañal Bajo,  Osorno Ad.",-40.61444,-73.0575,2.7857142857142856,12.0
2001-08-30,410005.0,El Tepual  Puerto Montt Ap.,-41.4475,-73.09583,3.7916666666666665,8.0
2001-08-30,430001.0,Quellón Ad.,-43.13361,-73.63278,5.4,7.0
2001-08-30,430002.0,Futaleufú Ad.,-43.18889,-71.85222,5.6,10.0
2001-08-30,450001.0,Puerto Aysén Ad.,-45.39944,-72.67722,3.5,8.0
2001-08-30,450004.0,"Teniente Vidal, Coyhaique Ad.",-45.59083,-72.10222,3.8,6.0
2001-08-30,450005.0,Balmaceda Ad.,-45.91833,-71.67778,14.208333333333334,20.0
2001-08-30,520006.0,"Carlos Ibañez, Punta Arenas Ap.",-53.00167,-70.83861,12.958333333333334,18.0
2001-08-30,530005.0,"Fuentes Martínez, Porvenir Ad.",-53.25361,-70.32611,18.636363636363637,24.0
2001-08-30,550001.0,"Guardiamarina Zañartu, Pto Williams Ad.",-54.93167,-67.61556,14.88888888888889,19.0
2001-08-30,950001.0,"C.M.A. Eduardo Frei Montalva, Antártica ",-62.19194,-58.97972,22.375,26.0
2001-08-31,180005.0,"Chacalluta, Arica Ap.",-18.35555,-70.34028,3.9166666666666665,11.0
2001-08-31,200006.0,Diego Aracena Iquique Ap.,-20.54917,-70.18111,5.208333333333333,10.0
2001-08-31,220002.0,"El Loa, Calama Ad.",-22.49806,-68.8925,15.5,25.0
2001-08-31,270001.0,Mataveri  Isla de Pascua Ap.,-27.15889,-109.4325,6.0,10.0
2001-08-31,290004.0,"La Florida, La Serena Ad.",-29.91444,-71.20667,4.352941176470588,6.0
2001-08-31,330007.0,"Rodelillo, Ad.",-33.06528,-71.55639,13.909090909090908,18.0
2001-08-31,330019.0,"Eulogio Sánchez, Tobalaba Ad.",-33.45528,-70.54861,0.09090909090909091,1.0
2001-08-31,330020.0,"Quinta Normal, Santiago",-33.445,-70.68278,3.6,5.0
2001-08-31,330021.0,Pudahuel Santiago ,-33.37833,-70.78778,6.04,8.0
2001-08-31,330030.0,"Santo Domingo, Ad.",-33.65611,-71.61333,5.833333333333333,9.0
2001-08-31,330031.0,"Juan Fernández, Estación Meteorológica.",-33.63583,-78.83305,7.2,8.0
2001-08-31,340031.0,"General Freire, Curicó Ad.",-34.96944,-71.21694,7.5,8.0
2001-08-31,360011.0,"General Bernardo O'Higgins, Chillán Ad.",-36.58583,-72.03667,9.0,12.0
2001-08-31,360019.0,"Carriel Sur, Concepción Ap.",-36.78055,-73.06639,5.583333333333333,16.0
2001-08-31,370033.0,"María Dolores, Los Angeles Ad.",-37.39694,-72.42389,10.5,15.0
2001-08-31,380013.0,"Maquehue, Temuco Ad.",-38.76778,-72.63194,2.7916666666666665,7.0
2001-08-31,390006.0,"Pichoy, Valdivia Ad.",-39.65667,-73.08722,2.75,8.0
2001-08-31,400009.0,"Cañal Bajo,  Osorno Ad.",-40.61444,-73.0575,4.076923076923077,10.0
2001-08-31,410005.0,El Tepual  Puerto Montt Ap.,-41.4475,-73.09583,5.166666666666667,11.0
2001-08-31,430001.0,Quellón Ad.,-43.13361,-73.63278,8.2,12.0
2001-08-31,430002.0,Futaleufú Ad.,-43.18889,-71.85222,5.6,13.0
2001-08-31,450001.0,Puerto Aysén Ad.,-45.39944,-72.67722,2.5,8.0
2001-08-31,450004.0,"Teniente Vidal, Coyhaique Ad.",-45.59083,-72.10222,6.4,9.0
2001-08-31,450005.0,Balmaceda Ad.,-45.91833,-71.67778,11.875,15.0
2001-08-31,520006.0,"Carlos Ibañez, Punta Arenas Ap.",-53.00167,-70.83861,11.851851851851851,25.0
2001-08-31,530005.0,"Fuentes Martínez, Porvenir Ad.",-53.25361,-70.32611,16.363636363636363,27.0
2001-08-31,550001.0,"Guardiamarina Zañartu, Pto Williams Ad.",-54.93167,-67.61556,8.3,21.0
2001-08-31,950001.0,"C.M.A. Eduardo Frei Montalva, Antártica ",-62.19194,-58.97972,24.875,28.0
2001-09-01,180005.0,"Chacalluta, Arica Ap.",-18.35555,-70.34028,4.166666666666667,12.0
2001-09-01,200006.0,Diego Aracena Iquique Ap.,-20.54917,-70.18111,5.875,16.0
2001-09-01,220002.0,"El Loa, Calama Ad.",-22.49806,-68.8925,14.055555555555555,22.0
2001-09-01,270001.0,Mataveri  Isla de Pascua Ap.,-27.15889,-109.4325,4.5,7.0
2001-09-01,290004.0,"La Florida, La Serena Ad.",-29.91444,-71.20667,5.588235294117647,8.0
2001-09-01,330007.0,"Rodelillo, Ad.",-33.06528,-71.55639,7.2727272727272725,10.0
2001-09-01,330019.0,"Eulogio Sánchez, Tobalaba Ad.",-33.45528,-70.54861,0.36363636363636365,2.0
2001-09-01,330020.0,"Quinta Normal, Santiago",-33.445,-70.68278,1.8,4.0
2001-09-01,330021.0,Pudahuel Santiago ,-33.37833,-70.78778,4.416666666666667,11.0
2001-09-01,330030.0,"Santo Domingo, Ad.",-33.65611,-71.61333,4.076923076923077,9.0
2001-09-01,330031.0,"Juan Fernández, Estación Meteorológica.",-33.63583,-78.83305,6.75,10.0
2001-09-01,340031.0,"General Freire, Curicó Ad.",-34.96944,-71.21694,5.0,7.0
2001-09-01,360011.0,"General Bernardo O'Higgins, Chillán Ad.",-36.58583,-72.03667,6.0,10.0
2001-09-01,360019.0,"Carriel Sur, Concepción Ap.",-36.78055,-73.06639,8.625,16.0
2001-09-01,370033.0,"María Dolores, Los Angeles Ad.",-37.39694,-72.42389,13.25,16.0
2001-09-01,380013.0,"Maquehue, Temuco Ad.",-38.76778,-72.63194,3.16,10.0
2001-09-01,390006.0,"Pichoy, Valdivia Ad.",-39.65667,-73.08722,4.5,11.0
2001-09-01,400009.0,"Cañal Bajo,  Osorno Ad.",-40.61444,-73.0575,6.142857142857143,11.0
2001-09-01,410005.0,El Tepual  Puerto Montt Ap.,-41.4475,-73.09583,3.0416666666666665,11.0
2001-09-01,430001.0,Quellón Ad.,-43.13361,-73.63278,2.7,4.0
2001-09-01,430002.0,Futaleufú Ad.,-43.18889,-71.85222,4.6,10.0
2001-09-01,450004.0,"Teniente Vidal, Coyhaique Ad.",-45.59083,-72.10222,4.4,6.0
2001-09-01,450005.0,Balmaceda Ad.,-45.91833,-71.67778,16.583333333333332,22.0
2001-09-01,520006.0,"Carlos Ibañez, Punta Arenas Ap.",-53.00167,-70.83861,17.708333333333332,24.0
2001-09-01,530005.0,"Fuentes Martínez, Porvenir Ad.",-53.25361,-70.32611,17.818181818181817,25.0
2001-09-01,950001.0,"C.M.A. Eduardo Frei Montalva, Antártica ",-62.19194,-58.97972,21.25,25.0
2001-09-02,180005.0,"Chacalluta, Arica Ap.",-18.35555,-70.34028,5.958333333333333,13.0
2001-09-02,200006.0,Diego Aracena Iquique Ap.,-20.54917,-70.18111,9.583333333333334,17.0
2001-09-02,220002.0,"El Loa, Calama Ad.",-22.49806,-68.8925,17.09090909090909,21.0
2001-09-02,270001.0,Mataveri  Isla de Pascua Ap.,-27.15889,-109.4325,4.833333333333333,7.0
2001-09-02,290004.0,"La Florida, La Serena Ad.",-29.91444,-71.20667,6.0588235294117645,9.0
2001-09-02,330007.0,"Rodelillo, Ad.",-33.06528,-71.55639,6.636363636363637,10.0
2001-09-02,330019.0,"Eulogio Sánchez, Tobalaba Ad.",-33.45528,-70.54861,0.36363636363636365,2.0
2001-09-02,330020.0,"Quinta Normal, Santiago",-33.445,-70.68278,1.8,4.0
2001-09-02,330021.0,Pudahuel Santiago ,-33.37833,-70.78778,4.125,8.0
2001-09-02,330030.0,"Santo Domingo, Ad.",-33.65611,-71.61333,6.3076923076923075,11.0
2001-09-02,330031.0,"Juan Fernández, Estación Meteorológica.",-33.63583,-78.83305,6.25,8.0
2001-09-02,340031.0,"General Freire, Curicó Ad.",-34.96944,-71.21694,5.1,7.0
2001-09-02,360011.0,"General Bernardo O'Higgins, Chillán Ad.",-36.58583,-72.03667,11.0,12.0
2001-09-02,360019.0,"Carriel Sur, Concepción Ap.",-36.78055,-73.06639,6.166666666666667,14.0
2001-09-02,370033.0,"María Dolores, Los Angeles Ad.",-37.39694,-72.42389,13.75,17.0
2001-09-02,380013.0,"Maquehue, Temuco Ad.",-38.76778,-72.63194,3.7083333333333335,9.0
2001-09-02,390006.0,"Pichoy, Valdivia Ad.",-39.65667,-73.08722,5.0,9.0
2001-09-02,400009.0,"Cañal Bajo,  Osorno Ad.",-40.61444,-73.0575,7.461538461538462,12.0
2001-09-02,410005.0,El Tepual  Puerto Montt Ap.,-41.4475,-73.09583,3.7083333333333335,12.0
2001-09-02,430001.0,Quellón Ad.,-43.13361,-73.63278,2.7,5.0
2001-09-02,430002.0,Futaleufú Ad.,-43.18889,-71.85222,1.4,4.0
2001-09-02,450004.0,"Teniente Vidal, Coyhaique Ad.",-45.59083,-72.10222,4.4,9.0
2001-09-02,450005.0,Balmaceda Ad.,-45.91833,-71.67778,11.5,14.0
2001-09-02,520006.0,"Carlos Ibañez, Punta Arenas Ap.",-53.00167,-70.83861,20.0,30.0
2001-09-02,950001.0,"C.M.A. Eduardo Frei Montalva, Antártica ",-62.19194,-58.97972,22.125,39.0
2001-09-03,180005.0,"Chacalluta, Arica Ap.",-18.35555,-70.34028,8.958333333333334,14.0
2001-09-03,200006.0,Diego Aracena Iquique Ap.,-20.54917,-70.18111,7.25,13.0
2001-09-03,220002.0,"El Loa, Calama Ad.",-22.49806,-68.8925,13.125,22.0
2001-09-03,270001.0,Mataveri  Isla de Pascua Ap.,-27.15889,-109.4325,5.0,8.0
2001-09-03,290004.0,"La Florida, La Serena Ad.",-29.91444,-71.20667,5.294117647058823,10.0
2001-09-03,330007.0,"Rodelillo, Ad.",-33.06528,-71.55639,8.545454545454545,18.0
2001-09-03,330019.0,"Eulogio Sánchez, Tobalaba Ad.",-33.45528,-70.54861,0.9090909090909091,2.0
2001-09-03,330020.0,"Quinta Normal, Santiago",-33.445,-70.68278,1.6,4.0
2001-09-03,330021.0,Pudahuel Santiago ,-33.37833,-70.78778,4.458333333333333,7.0
2001-09-03,330030.0,"Santo Domingo, Ad.",-33.65611,-71.61333,7.923076923076923,18.0
2001-09-03,330031.0,"Juan Fernández, Estación Meteorológica.",-33.63583,-78.83305,5.25,6.0
2001-09-03,340031.0,"General Freire, Curicó Ad.",-34.96944,-71.21694,4.7,7.0
2001-09-03,360011.0,"General Bernardo O'Higgins, Chillán Ad.",-36.58583,-72.03667,2.6666666666666665,4.0
2001-09-03,360019.0,"Carriel Sur, Concepción Ap.",-36.78055,-73.06639,3.9166666666666665,8.0
2001-09-03,370033.0,"María Dolores, Los Angeles Ad.",-37.39694,-72.42389,3.0,6.0
2001-09-03,380013.0,"Maquehue, Temuco Ad.",-38.76778,-72.63194,1.25,3.0
2001-09-03,390006.0,"Pichoy, Valdivia Ad.",-39.65667,-73.08722,2.0,4.0
2001-09-03,400009.0,"Cañal Bajo,  Osorno Ad.",-40.61444,-73.0575,7.846153846153846,11.0
2001-09-03,410005.0,El Tepual  Puerto Montt Ap.,-41.4475,-73.09583,5.458333333333333,13.0
2001-09-03,430001.0,Quellón Ad.,-43.13361,-73.63278,9.6,12.0
2001-09-03,430002.0,Futaleufú Ad.,-43.18889,-71.85222,0.0,0.0
2001-09-03,450004.0,"Teniente Vidal, Coyhaique Ad.",-45.59083,-72.10222,3.2,4.0
2001-09-03,450005.0,Balmaceda Ad.,-45.91833,-71.67778,2.9166666666666665,5.0
2001-09-03,520006.0,"Carlos Ibañez, Punta Arenas Ap.",-53.00167,-70.83861,20.375,26.0
2001-09-03,530005.0,"Fuentes Martínez, Porvenir Ad.",-53.25361,-70.32611,14.636363636363637,20.0
2001-09-03,950001.0,"C.M.A. Eduardo Frei Montalva, Antártica ",-62.19194,-58.97972,22.125,37.0
2001-09-04,180005.0,"Chacalluta, Arica Ap.",-18.35555,-70.34028,5.666666666666667,13.0
2001-09-04,200006.0,Diego Aracena Iquique Ap.,-20.54917,-70.18111,5.75,11.0
2001-09-04,220002.0,"El Loa, Calama Ad.",-22.49806,-68.8925,12.6875,21.0
2001-09-04,270001.0,Mataveri  Isla de Pascua Ap.,-27.15889,-109.4325,5.5,9.0
2001-09-04,290004.0,"La Florida, La Serena Ad.",-29.91444,-71.20667,5.444444444444445,9.0
2001-09-04,330007.0,"Rodelillo, Ad.",-33.06528,-71.55639,8.545454545454545,11.0
2001-09-04,330019.0,"Eulogio Sánchez, Tobalaba Ad.",-33.45528,-70.54861,0.9090909090909091,2.0
2001-09-04,330020.0,"Quinta Normal, Santiago",-33.445,-70.68278,1.6,4.0
2001-09-04,330021.0,Pudahuel Santiago ,-33.37833,-70.78778,3.5416666666666665,10.0
2001-09-04,330030.0,"Santo Domingo, Ad.",-33.65611,-71.61333,6.538461538461538,16.0
2001-09-04,330031.0,"Juan Fernández, Estación Meteorológica.",-33.63583,-78.83305,6.4,8.0
2001-09-04,340031.0,"General Freire, Curicó Ad.",-34.96944,-71.21694,3.9,5.0
2001-09-04,360011.0,"General Bernardo O'Higgins, Chillán Ad.",-36.58583,-72.03667,3.6666666666666665,5.0
2001-09-04,360019.0,"Carriel Sur, Concepción Ap.",-36.78055,-73.06639,3.4583333333333335,8.0
2001-09-04,370033.0,"María Dolores, Los Angeles Ad.",-37.39694,-72.42389,3.0,5.0
2001-09-04,380013.0,"Maquehue, Temuco Ad.",-38.76778,-72.63194,3.6666666666666665,13.0
2001-09-04,390006.0,"Pichoy, Valdivia Ad.",-39.65667,-73.08722,6.5,15.0
2001-09-04,400009.0,"Cañal Bajo,  Osorno Ad.",-40.61444,-73.0575,7.538461538461538,14.0
2001-09-04,410005.0,El Tepual  Puerto Montt Ap.,-41.4475,-73.09583,5.208333333333333,13.0
2001-09-04,430001.0,Quellón Ad.,-43.13361,-73.63278,3.4,4.0
2001-09-04,430002.0,Futaleufú Ad.,-43.18889,-71.85222,3.2,10.0
2001-09-04,450001.0,Puerto Aysén Ad.,-45.39944,-72.67722,1.75,8.0
2001-09-04,450004.0,"Teniente Vidal, Coyhaique Ad.",-45.59083,-72.10222,4.2,7.0
2001-09-04,450005.0,Balmaceda Ad.,-45.91833,-71.67778,1.2916666666666667,3.0
2001-09-04,520006.0,"Carlos Ibañez, Punta Arenas Ap.",-53.00167,-70.83861,18.0,31.0
2001-09-04,530005.0,"Fuentes Martínez, Porvenir Ad.",-53.25361,-70.32611,13.636363636363637,25.0
2001-09-04,550001.0,"Guardiamarina Zañartu, Pto Williams Ad.",-54.93167,-67.61556,20.88888888888889,29.0
2001-09-04,950001.0,"C.M.A. Eduardo Frei Montalva, Antártica ",-62.19194,-58.97972,20.0,34.0
2001-09-05,180005.0,"Chacalluta, Arica Ap.",-18.35555,-70.34028,5.916666666666667,11.0
2001-09-05,200006.0,Diego Aracena Iquique Ap.,-20.54917,-70.18111,8.208333333333334,18.0
2001-09-05,220002.0,"El Loa, Calama Ad.",-22.49806,-68.8925,12.0625,24.0
2001-09-05,270001.0,Mataveri  Isla de Pascua Ap.,-27.15889,-109.4325,8.166666666666666,11.0
2001-09-05,290004.0,"La Florida, La Serena Ad.",-29.91444,-71.20667,5.388888888888889,9.0
2001-09-05,330007.0,"Rodelillo, Ad.",-33.06528,-71.55639,5.454545454545454,10.0
2001-09-05,330019.0,"Eulogio Sánchez, Tobalaba Ad.",-33.45528,-70.54861,0.18181818181818182,2.0
2001-09-05,330020.0,"Quinta Normal, Santiago",-33.445,-70.68278,3.2,6.0
2001-09-05,330021.0,Pudahuel Santiago ,-33.37833,-70.78778,3.3076923076923075,7.0
2001-09-05,330030.0,"Santo Domingo, Ad.",-33.65611,-71.61333,5.769230769230769,12.0
2001-09-05,330031.0,"Juan Fernández, Estación Meteorológica.",-33.63583,-78.83305,6.0,8.0
2001-09-05,340031.0,"General Freire, Curicó Ad.",-34.96944,-71.21694,4.0,9.0
2001-09-05,360011.0,"General Bernardo O'Higgins, Chillán Ad.",-36.58583,-72.03667,6.333333333333333,10.0
2001-09-05,360019.0,"Carriel Sur, Concepción Ap.",-36.78055,-73.06639,4.666666666666667,12.0
2001-09-05,370033.0,"María Dolores, Los Angeles Ad.",-37.39694,-72.42389,6.25,10.0
2001-09-05,380013.0,"Maquehue, Temuco Ad.",-38.76778,-72.63194,3.75,9.0
2001-09-05,390006.0,"Pichoy, Valdivia Ad.",-39.65667,-73.08722,5.5,11.0
2001-09-05,400009.0,"Cañal Bajo,  Osorno Ad.",-40.61444,-73.0575,2.5384615384615383,6.0
2001-09-05,410005.0,El Tepual  Puerto Montt Ap.,-41.4475,-73.09583,4.416666666666667,12.0
2001-09-05,430001.0,Quellón Ad.,-43.13361,-73.63278,3.5,4.0
2001-09-05,430002.0,Futaleufú Ad.,-43.18889,-71.85222,10.0,16.0
2001-09-05,450001.0,Puerto Aysén Ad.,-45.39944,-72.67722,1.0,4.0
2001-09-05,450004.0,"Teniente Vidal, Coyhaique Ad.",-45.59083,-72.10222,3.8,7.0
2001-09-05,450005.0,Balmaceda Ad.,-45.91833,-71.67778,2.5416666666666665,8.0
2001-09-05,520006.0,"Carlos Ibañez, Punta Arenas Ap.",-53.00167,-70.83861,17.0,30.0
2001-09-05,530005.0,"Fuentes Martínez, Porvenir Ad.",-53.25361,-70.32611,10.636363636363637,18.0
2001-09-05,550001.0,"Guardiamarina Zañartu, Pto Williams Ad.",-54.93167,-67.61556,17.666666666666668,25.0
2001-09-05,950001.0,"C.M.A. Eduardo Frei Montalva, Antártica ",-62.19194,-58.97972,35.75,55.0
2001-09-06,180005.0,"Chacalluta, Arica Ap.",-18.35555,-70.34028,5.958333333333333,13.0
2001-09-06,200006.0,Diego Aracena Iquique Ap.,-20.54917,-70.18111,5.958333333333333,15.0
2001-09-06,220002.0,"El Loa, Calama Ad.",-22.49806,-68.8925,12.8125,21.0
2001-09-06,270001.0,Mataveri  Isla de Pascua Ap.,-27.15889,-109.4325,4.333333333333333,8.0
2001-09-06,290004.0,"La Florida, La Serena Ad.",-29.91444,-71.20667,5.294117647058823,9.0
2001-09-06,330007.0,"Rodelillo, Ad.",-33.06528,-71.55639,7.181818181818182,10.0
2001-09-06,330019.0,"Eulogio Sánchez, Tobalaba Ad.",-33.45528,-70.54861,1.0,2.0
2001-09-06,330020.0,"Quinta Normal, Santiago",-33.445,-70.68278,3.8,6.0
2001-09-06,330021.0,Pudahuel Santiago ,-33.37833,-70.78778,4.333333333333333,8.0
2001-09-06,330030.0,"Santo Domingo, Ad.",-33.65611,-71.61333,6.5,12.0
2001-09-06,330031.0,"Juan Fernández, Estación Meteorológica.",-33.63583,-78.83305,4.4,6.0
2001-09-06,340031.0,"General Freire, Curicó Ad.",-34.96944,-71.21694,2.9,4.0
2001-09-06,360011.0,"General Bernardo O'Higgins, Chillán Ad.",-36.58583,-72.03667,5.0,6.0
2001-09-06,360019.0,"Carriel Sur, Concepción Ap.",-36.78055,-73.06639,4.875,11.0
2001-09-06,370033.0,"María Dolores, Los Angeles Ad.",-37.39694,-72.42389,6.25,10.0
2001-09-06,380013.0,"Maquehue, Temuco Ad.",-38.76778,-72.63194,5.32,10.0
2001-09-06,390006.0,"Pichoy, Valdivia Ad.",-39.65667,-73.08722,8.0,13.0
2001-09-06,400009.0,"Cañal Bajo,  Osorno Ad.",-40.61444,-73.0575,6.285714285714286,10.0
2001-09-06,410005.0,El Tepual  Puerto Montt Ap.,-41.4475,-73.09583,7.0,13.0
2001-09-06,430001.0,Quellón Ad.,-43.13361,-73.63278,6.3,10.0
2001-09-06,430002.0,Futaleufú Ad.,-43.18889,-71.85222,3.4,6.0
2001-09-06,450001.0,Puerto Aysén Ad.,-45.39944,-72.67722,1.75,6.0
2001-09-06,450004.0,"Teniente Vidal, Coyhaique Ad.",-45.59083,-72.10222,7.0,9.0
2001-09-06,450005.0,Balmaceda Ad.,-45.91833,-71.67778,10.541666666666666,20.0
2001-09-06,520006.0,"Carlos Ibañez, Punta Arenas Ap.",-53.00167,-70.83861,8.0,16.0
2001-09-06,530005.0,"Fuentes Martínez, Porvenir Ad.",-53.25361,-70.32611,4.2727272727272725,7.0
2001-09-06,550001.0,"Guardiamarina Zañartu, Pto Williams Ad.",-54.93167,-67.61556,7.333333333333333,10.0
2001-09-06,950001.0,"C.M.A. Eduardo Frei Montalva, Antártica ",-62.19194,-58.97972,15.9,27.0
2001-09-07,180005.0,"Chacalluta, Arica Ap.",-18.35555,-70.34028,4.875,14.0
2001-09-07,200006.0,Diego Aracena Iquique Ap.,-20.54917,-70.18111,7.208333333333333,15.0
2001-09-07,220002.0,"El Loa, Calama Ad.",-22.49806,-68.8925,11.125,25.0
2001-09-07,270001.0,Mataveri  Isla de Pascua Ap.,-27.15889,-109.4325,11.0,17.0
2001-09-07,290004.0,"La Florida, La Serena Ad.",-29.91444,-71.20667,6.0,10.0
2001-09-07,330007.0,"Rodelillo, Ad.",-33.06528,-71.55639,6.7272727272727275,13.0
2001-09-07,330019.0,"Eulogio Sánchez, Tobalaba Ad.",-33.45528,-70.54861,0.18181818181818182,1.0
2001-09-07,330020.0,"Quinta Normal, Santiago",-33.445,-70.68278,2.5,4.0
2001-09-07,330021.0,Pudahuel Santiago ,-33.37833,-70.78778,3.08,8.0
2001-09-07,330030.0,"Santo Domingo, Ad.",-33.65611,-71.61333,6.769230769230769,14.0
2001-09-07,330031.0,"Juan Fernández, Estación Meteorológica.",-33.63583,-78.83305,6.6,12.0
2001-09-07,340031.0,"General Freire, Curicó Ad.",-34.96944,-71.21694,4.6,7.0
2001-09-07,360011.0,"General Bernardo O'Higgins, Chillán Ad.",-36.58583,-72.03667,2.3333333333333335,5.0
2001-09-07,360019.0,"Carriel Sur, Concepción Ap.",-36.78055,-73.06639,3.625,9.0
2001-09-07,370033.0,"María Dolores, Los Angeles Ad.",-37.39694,-72.42389,4.5,6.0
2001-09-07,380013.0,"Maquehue, Temuco Ad.",-38.76778,-72.63194,5.083333333333333,9.0
2001-09-07,390006.0,"Pichoy, Valdivia Ad.",-39.65667,-73.08722,12.5,17.0
2001-09-07,400009.0,"Cañal Bajo,  Osorno Ad.",-40.61444,-73.0575,9.153846153846153,12.0
2001-09-07,410005.0,El Tepual  Puerto Montt Ap.,-41.4475,-73.09583,9.416666666666666,15.0
2001-09-07,430001.0,Quellón Ad.,-43.13361,-73.63278,7.4,10.0
2001-09-07,430002.0,Futaleufú Ad.,-43.18889,-71.85222,9.0,18.0
2001-09-07,450001.0,Puerto Aysén Ad.,-45.39944,-72.67722,4.0,6.0
2001-09-07,450004.0,"Teniente Vidal, Coyhaique Ad.",-45.59083,-72.10222,4.0,8.0
2001-09-07,450005.0,Balmaceda Ad.,-45.91833,-71.67778,17.5,26.0
2001-09-07,520006.0,"Carlos Ibañez, Punta Arenas Ap.",-53.00167,-70.83861,6.291666666666667,12.0
2001-09-07,530005.0,"Fuentes Martínez, Porvenir Ad.",-53.25361,-70.32611,13.454545454545455,20.0
2001-09-07,550001.0,"Guardiamarina Zañartu, Pto Williams Ad.",-54.93167,-67.61556,4.5,14.0
2001-09-07,950001.0,"C.M.A. Eduardo Frei Montalva, Antártica ",-62.19194,-58.97972,22.8,31.0
2001-09-08,180005.0,"Chacalluta, Arica Ap.",-18.35555,-70.34028,6.041666666666667,10.0
2001-09-08,200006.0,Diego Aracena Iquique Ap.,-20.54917,-70.18111,4.375,11.0
2001-09-08,220002.0,"El Loa, Calama Ad.",-22.49806,-68.8925,13.375,20.0
2001-09-08,270001.0,Mataveri  Isla de Pascua Ap.,-27.15889,-109.4325,11.666666666666666,13.0
2001-09-08,290004.0,"La Florida, La Serena Ad.",-29.91444,-71.20667,6.823529411764706,10.0
2001-09-08,330007.0,"Rodelillo, Ad.",-33.06528,-71.55639,16.363636363636363,20.0
2001-09-08,330019.0,"Eulogio Sánchez, Tobalaba Ad.",-33.45528,-70.54861,0.18181818181818182,2.0
2001-09-08,330020.0,"Quinta Normal, Santiago",-33.445,-70.68278,1.8,4.0
2001-09-08,330021.0,Pudahuel Santiago ,-33.37833,-70.78778,3.92,7.0
2001-09-08,330030.0,"Santo Domingo, Ad.",-33.65611,-71.61333,7.076923076923077,12.0
2001-09-08,330031.0,"Juan Fernández, Estación Meteorológica.",-33.63583,-78.83305,14.0,15.0
2001-09-08,340031.0,"General Freire, Curicó Ad.",-34.96944,-71.21694,7.6,12.0
2001-09-08,360011.0,"General Bernardo O'Higgins, Chillán Ad.",-36.58583,-72.03667,5.0,8.0
2001-09-08,360019.0,"Carriel Sur, Concepción Ap.",-36.78055,-73.06639,7.416666666666667,15.0
2001-09-08,370033.0,"María Dolores, Los Angeles Ad.",-37.39694,-72.42389,5.5,8.0
2001-09-08,380013.0,"Maquehue, Temuco Ad.",-38.76778,-72.63194,6.708333333333333,12.0
2001-09-08,390006.0,"Pichoy, Valdivia Ad.",-39.65667,-73.08722,8.25,10.0
2001-09-08,400009.0,"Cañal Bajo,  Osorno Ad.",-40.61444,-73.0575,9.923076923076923,16.0
2001-09-08,410005.0,El Tepual  Puerto Montt Ap.,-41.4475,-73.09583,8.791666666666666,16.0
2001-09-08,430001.0,Quellón Ad.,-43.13361,-73.63278,7.3,12.0
2001-09-08,430002.0,Futaleufú Ad.,-43.18889,-71.85222,6.8,18.0
2001-09-08,450004.0,"Teniente Vidal, Coyhaique Ad.",-45.59083,-72.10222,4.2,6.0
2001-09-08,450005.0,Balmaceda Ad.,-45.91833,-71.67778,14.916666666666666,23.0
2001-09-08,520006.0,"Carlos Ibañez, Punta Arenas Ap.",-53.00167,-70.83861,15.166666666666666,26.0
2001-09-08,530005.0,"Fuentes Martínez, Porvenir Ad.",-53.25361,-70.32611,19.181818181818183,25.0
2001-09-08,950001.0,"C.M.A. Eduardo Frei Montalva, Antártica ",-62.19194,-58.97972,16.352941176470587,23.0
2001-09-09,180005.0,"Chacalluta, Arica Ap.",-18.35555,-70.34028,4.666666666666667,11.0
2001-09-09,200006.0,Diego Aracena Iquique Ap.,-20.54917,-70.18111,3.875,9.0
2001-09-09,220002.0,"El Loa, Calama Ad.",-22.49806,-68.8925,15.090909090909092,23.0
2001-09-09,270001.0,Mataveri  Isla de Pascua Ap.,-27.15889,-109.4325,6.166666666666667,9.0
2001-09-09,290004.0,"La Florida, La Serena Ad.",-29.91444,-71.20667,6.0588235294117645,10.0
2001-09-09,330007.0,"Rodelillo, Ad.",-33.06528,-71.55639,12.727272727272727,17.0
2001-09-09,330019.0,"Eulogio Sánchez, Tobalaba Ad.",-33.45528,-70.54861,0.6363636363636364,2.0
2001-09-09,330020.0,"Quinta Normal, Santiago",-33.445,-70.68278,2.8,6.0
2001-09-09,330021.0,Pudahuel Santiago ,-33.37833,-70.78778,2.9583333333333335,10.0
2001-09-09,330030.0,"Santo Domingo, Ad.",-33.65611,-71.61333,9.076923076923077,15.0
2001-09-09,330031.0,"Juan Fernández, Estación Meteorológica.",-33.63583,-78.83305,11.5,12.0
2001-09-09,340031.0,"General Freire, Curicó Ad.",-34.96944,-71.21694,9.5,15.0
2001-09-09,360011.0,"General Bernardo O'Higgins, Chillán Ad.",-36.58583,-72.03667,14.0,15.0
2001-09-09,360019.0,"Carriel Sur, Concepción Ap.",-36.78055,-73.06639,8.125,17.0
2001-09-09,370033.0,"María Dolores, Los Angeles Ad.",-37.39694,-72.42389,20.25,25.0
2001-09-09,380013.0,"Maquehue, Temuco Ad.",-38.76778,-72.63194,3.9583333333333335,9.0
2001-09-09,390006.0,"Pichoy, Valdivia Ad.",-39.65667,-73.08722,3.5,7.0
2001-09-09,400009.0,"Cañal Bajo,  Osorno Ad.",-40.61444,-73.0575,1.0,4.0
2001-09-09,410005.0,El Tepual  Puerto Montt Ap.,-41.4475,-73.09583,2.5416666666666665,9.0
2001-09-09,430001.0,Quellón Ad.,-43.13361,-73.63278,6.0,10.0
2001-09-09,430002.0,Futaleufú Ad.,-43.18889,-71.85222,10.0,10.0
2001-09-09,450004.0,"Teniente Vidal, Coyhaique Ad.",-45.59083,-72.10222,7.2,12.0
2001-09-09,450005.0,Balmaceda Ad.,-45.91833,-71.67778,21.291666666666668,31.0
2001-09-09,520006.0,"Carlos Ibañez, Punta Arenas Ap.",-53.00167,-70.83861,22.5,36.0
2001-09-09,950001.0,"C.M.A. Eduardo Frei Montalva, Antártica ",-62.19194,-58.97972,14.9,22.0
2001-09-10,180005.0,"Chacalluta, Arica Ap.",-18.35555,-70.34028,4.583333333333333,12.0
2001-09-10,200006.0,Diego Aracena Iquique Ap.,-20.54917,-70.18111,3.2083333333333335,6.0
2001-09-10,220002.0,"El Loa, Calama Ad.",-22.49806,-68.8925,14.526315789473685,21.0
2001-09-10,270001.0,Mataveri  Isla de Pascua Ap.,-27.15889,-109.4325,6.166666666666667,8.0
2001-09-10,290004.0,"La Florida, La Serena Ad.",-29.91444,-71.20667,4.611111111111111,8.0
2001-09-10,330007.0,"Rodelillo, Ad.",-33.06528,-71.55639,5.0,6.0
2001-09-10,330019.0,"Eulogio Sánchez, Tobalaba Ad.",-33.45528,-70.54861,0.18181818181818182,1.0
2001-09-10,330020.0,"Quinta Normal, Santiago",-33.445,-70.68278,2.2,4.0
2001-09-10,330021.0,Pudahuel Santiago ,-33.37833,-70.78778,3.2083333333333335,9.0
2001-09-10,330030.0,"Santo Domingo, Ad.",-33.65611,-71.61333,4.923076923076923,9.0
2001-09-10,330031.0,"Juan Fernández, Estación Meteorológica.",-33.63583,-78.83305,18.4,20.0
2001-09-10,340031.0,"General Freire, Curicó Ad.",-34.96944,-71.21694,10.6,13.0
2001-09-10,360011.0,"General Bernardo O'Higgins, Chillán Ad.",-36.58583,-72.03667,16.0,20.0
2001-09-10,360019.0,"Carriel Sur, Concepción Ap.",-36.78055,-73.06639,9.875,19.0
2001-09-10,370033.0,"María Dolores, Los Angeles Ad.",-37.39694,-72.42389,19.75,24.0
2001-09-10,380013.0,"Maquehue, Temuco Ad.",-38.76778,-72.63194,3.52,10.0
2001-09-10,390006.0,"Pichoy, Valdivia Ad.",-39.65667,-73.08722,3.5,7.0
2001-09-10,400009.0,"Cañal Bajo,  Osorno Ad.",-40.61444,-73.0575,3.076923076923077,5.0
2001-09-10,410005.0,El Tepual  Puerto Montt Ap.,-41.4475,-73.09583,3.2083333333333335,11.0
2001-09-10,430001.0,Quellón Ad.,-43.13361,-73.63278,2.6,6.0
2001-09-10,430002.0,Futaleufú Ad.,-43.18889,-71.85222,12.75,15.0
2001-09-10,450001.0,Puerto Aysén Ad.,-45.39944,-72.67722,9.25,10.0
2001-09-10,450004.0,"Teniente Vidal, Coyhaique Ad.",-45.59083,-72.10222,8.6,13.0
2001-09-10,450005.0,Balmaceda Ad.,-45.91833,-71.67778,21.166666666666668,36.0
2001-09-10,520006.0,"Carlos Ibañez, Punta Arenas Ap.",-53.00167,-70.83861,15.166666666666666,25.0
2001-09-10,530005.0,"Fuentes Martínez, Porvenir Ad.",-53.25361,-70.32611,25.454545454545453,30.0
2001-09-10,550001.0,"Guardiamarina Zañartu, Pto Williams Ad.",-54.93167,-67.61556,20.555555555555557,26.0
2001-09-10,950001.0,"C.M.A. Eduardo Frei Montalva, Antártica ",-62.19194,-58.97972,18.375,28.0
2001-09-11,180005.0,"Chacalluta, Arica Ap.",-18.35555,-70.34028,5.416666666666667,12.0
2001-09-11,200006.0,Diego Aracena Iquique Ap.,-20.54917,-70.18111,5.333333333333333,13.0
2001-09-11,220002.0,"El Loa, Calama Ad.",-22.49806,-68.8925,11.823529411764707,20.0
2001-09-11,270001.0,Mataveri  Isla de Pascua Ap.,-27.15889,-109.4325,3.8333333333333335,7.0
2001-09-11,290004.0,"La Florida, La Serena Ad.",-29.91444,-71.20667,3.3529411764705883,8.0
2001-09-11,330007.0,"Rodelillo, Ad.",-33.06528,-71.55639,13.909090909090908,16.0
2001-09-11,330019.0,"Eulogio Sánchez, Tobalaba Ad.",-33.45528,-70.54861,1.2727272727272727,3.0
2001-09-11,330020.0,"Quinta Normal, Santiago",-33.445,-70.68278,3.4,7.0
2001-09-11,330021.0,Pudahuel Santiago ,-33.37833,-70.78778,4.416666666666667,11.0
2001-09-11,330030.0,"Santo Domingo, Ad.",-33.65611,-71.61333,5.538461538461538,10.0
2001-09-11,330031.0,"Juan Fernández, Estación Meteorológica.",-33.63583,-78.83305,26.8,35.0
2001-09-11,340031.0,"General Freire, Curicó Ad.",-34.96944,-71.21694,6.0,12.0
2001-09-11,360011.0,"General Bernardo O'Higgins, Chillán Ad.",-36.58583,-72.03667,10.333333333333334,12.0
2001-09-11,360019.0,"Carriel Sur, Concepción Ap.",-36.78055,-73.06639,10.208333333333334,20.0
2001-09-11,370033.0,"María Dolores, Los Angeles Ad.",-37.39694,-72.42389,12.75,18.0
2001-09-11,380013.0,"Maquehue, Temuco Ad.",-38.76778,-72.63194,4.791666666666667,8.0
2001-09-11,390006.0,"Pichoy, Valdivia Ad.",-39.65667,-73.08722,5.75,8.0
2001-09-11,400009.0,"Cañal Bajo,  Osorno Ad.",-40.61444,-73.0575,9.615384615384615,15.0
2001-09-11,410005.0,El Tepual  Puerto Montt Ap.,-41.4475,-73.09583,5.416666666666667,12.0
2001-09-11,430001.0,Quellón Ad.,-43.13361,-73.63278,4.0,4.0
2001-09-11,430002.0,Futaleufú Ad.,-43.18889,-71.85222,5.2,10.0
2001-09-11,450001.0,Puerto Aysén Ad.,-45.39944,-72.67722,8.75,10.0
2001-09-11,450004.0,"Teniente Vidal, Coyhaique Ad.",-45.59083,-72.10222,8.4,14.0
2001-09-11,450005.0,Balmaceda Ad.,-45.91833,-71.67778,21.541666666666668,27.0
2001-09-11,520006.0,"Carlos Ibañez, Punta Arenas Ap.",-53.00167,-70.83861,5.851851851851852,12.0
2001-09-11,530005.0,"Fuentes Martínez, Porvenir Ad.",-53.25361,-70.32611,8.636363636363637,16.0
2001-09-11,550001.0,"Guardiamarina Zañartu, Pto Williams Ad.",-54.93167,-67.61556,10.88888888888889,18.0
2001-09-11,950001.0,"C.M.A. Eduardo Frei Montalva, Antártica ",-62.19194,-58.97972,34.5,40.0
2001-09-12,180005.0,"Chacalluta, Arica Ap.",-18.35555,-70.34028,5.5,14.0
2001-09-12,200006.0,Diego Aracena Iquique Ap.,-20.54917,-70.18111,7.958333333333333,17.0
2001-09-12,220002.0,"El Loa, Calama Ad.",-22.49806,-68.8925,15.647058823529411,29.0
2001-09-12,270001.0,Mataveri  Isla de Pascua Ap.,-27.15889,-109.4325,4.833333333333333,8.0
2001-09-12,290004.0,"La Florida, La Serena Ad.",-29.91444,-71.20667,4.529411764705882,10.0
2001-09-12,330007.0,"Rodelillo, Ad.",-33.06528,-71.55639,5.0,9.0
2001-09-12,330019.0,"Eulogio Sánchez, Tobalaba Ad.",-33.45528,-70.54861,0.6363636363636364,3.0
2001-09-12,330020.0,"Quinta Normal, Santiago",-33.445,-70.68278,4.4,8.0
2001-09-12,330021.0,Pudahuel Santiago ,-33.37833,-70.78778,4.791666666666667,9.0
2001-09-12,330030.0,"Santo Domingo, Ad.",-33.65611,-71.61333,1.5384615384615385,6.0
2001-09-12,330031.0,"Juan Fernández, Estación Meteorológica.",-33.63583,-78.83305,14.2,20.0
2001-09-12,340031.0,"General Freire, Curicó Ad.",-34.96944,-71.21694,2.3,4.0
2001-09-12,360011.0,"General Bernardo O'Higgins, Chillán Ad.",-36.58583,-72.03667,4.666666666666667,6.0
2001-09-12,360019.0,"Carriel Sur, Concepción Ap.",-36.78055,-73.06639,4.458333333333333,13.0
2001-09-12,370033.0,"María Dolores, Los Angeles Ad.",-37.39694,-72.42389,1.75,5.0
2001-09-12,380013.0,"Maquehue, Temuco Ad.",-38.76778,-72.63194,2.125,5.0
2001-09-12,390006.0,"Pichoy, Valdivia Ad.",-39.65667,-73.08722,4.75,8.0
2001-09-12,400009.0,"Cañal Bajo,  Osorno Ad.",-40.61444,-73.0575,4.076923076923077,9.0
2001-09-12,410005.0,El Tepual  Puerto Montt Ap.,-41.4475,-73.09583,3.7916666666666665,9.0
2001-09-12,430001.0,Quellón Ad.,-43.13361,-73.63278,6.7,10.0
2001-09-12,430002.0,Futaleufú Ad.,-43.18889,-71.85222,9.0,14.0
2001-09-12,450001.0,Puerto Aysén Ad.,-45.39944,-72.67722,9.5,12.0
2001-09-12,450004.0,"Teniente Vidal, Coyhaique Ad.",-45.59083,-72.10222,9.2,17.0
2001-09-12,450005.0,Balmaceda Ad.,-45.91833,-71.67778,18.291666666666668,21.0
2001-09-12,520006.0,"Carlos Ibañez, Punta Arenas Ap.",-53.00167,-70.83861,5.416666666666667,10.0
2001-09-12,530005.0,"Fuentes Martínez, Porvenir Ad.",-53.25361,-70.32611,3.090909090909091,5.0
2001-09-12,550001.0,"Guardiamarina Zañartu, Pto Williams Ad.",-54.93167,-67.61556,4.444444444444445,9.0
2001-09-12,950001.0,"C.M.A. Eduardo Frei Montalva, Antártica ",-62.19194,-58.97972,12.5,35.0
2001-09-13,180005.0,"Chacalluta, Arica Ap.",-18.35555,-70.34028,8.833333333333334,14.0
2001-09-13,200006.0,Diego Aracena Iquique Ap.,-20.54917,-70.18111,8.708333333333334,17.0
2001-09-13,220002.0,"El Loa, Calama Ad.",-22.49806,-68.8925,14.9375,23.0
2001-09-13,270001.0,Mataveri  Isla de Pascua Ap.,-27.15889,-109.4325,5.857142857142857,10.0
2001-09-13,290004.0,"La Florida, La Serena Ad.",-29.91444,-71.20667,7.352941176470588,11.0
2001-09-13,330007.0,"Rodelillo, Ad.",-33.06528,-71.55639,7.090909090909091,10.0
2001-09-13,330019.0,"Eulogio Sánchez, Tobalaba Ad.",-33.45528,-70.54861,0.9090909090909091,2.0
2001-09-13,330020.0,"Quinta Normal, Santiago",-33.445,-70.68278,2.8,8.0
2001-09-13,330021.0,Pudahuel Santiago ,-33.37833,-70.78778,2.2222222222222223,6.0
2001-09-13,330030.0,"Santo Domingo, Ad.",-33.65611,-71.61333,6.6923076923076925,14.0
2001-09-13,330031.0,"Juan Fernández, Estación Meteorológica.",-33.63583,-78.83305,6.4,12.0
2001-09-13,340031.0,"General Freire, Curicó Ad.",-34.96944,-71.21694,6.7,9.0
2001-09-13,360011.0,"General Bernardo O'Higgins, Chillán Ad.",-36.58583,-72.03667,9.666666666666666,10.0
2001-09-13,360019.0,"Carriel Sur, Concepción Ap.",-36.78055,-73.06639,4.791666666666667,11.0
2001-09-13,370033.0,"María Dolores, Los Angeles Ad.",-37.39694,-72.42389,7.25,9.0
2001-09-13,380013.0,"Maquehue, Temuco Ad.",-38.76778,-72.63194,3.2083333333333335,7.0
2001-09-13,390006.0,"Pichoy, Valdivia Ad.",-39.65667,-73.08722,5.75,7.0
2001-09-13,400009.0,"Cañal Bajo,  Osorno Ad.",-40.61444,-73.0575,7.846153846153846,12.0
2001-09-13,410005.0,El Tepual  Puerto Montt Ap.,-41.4475,-73.09583,6.791666666666667,13.0
2001-09-13,430001.0,Quellón Ad.,-43.13361,-73.63278,6.3,10.0
2001-09-13,430002.0,Futaleufú Ad.,-43.18889,-71.85222,3.8,6.0
2001-09-13,450001.0,Puerto Aysén Ad.,-45.39944,-72.67722,8.25,12.0
2001-09-13,450004.0,"Teniente Vidal, Coyhaique Ad.",-45.59083,-72.10222,5.2,10.0
2001-09-13,450005.0,Balmaceda Ad.,-45.91833,-71.67778,9.416666666666666,20.0
2001-09-13,520006.0,"Carlos Ibañez, Punta Arenas Ap.",-53.00167,-70.83861,12.375,24.0
2001-09-13,530005.0,"Fuentes Martínez, Porvenir Ad.",-53.25361,-70.32611,14.454545454545455,24.0
2001-09-13,550001.0,"Guardiamarina Zañartu, Pto Williams Ad.",-54.93167,-67.61556,3.3333333333333335,6.0
2001-09-13,950001.0,"C.M.A. Eduardo Frei Montalva, Antártica ",-62.19194,-58.97972,13.5,22.0
2001-09-14,180005.0,"Chacalluta, Arica Ap.",-18.35555,-70.34028,5.75,12.0
2001-09-14,200006.0,Diego Aracena Iquique Ap.,-20.54917,-70.18111,7.083333333333333,16.0
2001-09-14,220002.0,"El Loa, Calama Ad.",-22.49806,-68.8925,13.3125,20.0
2001-09-14,270001.0,Mataveri  Isla de Pascua Ap.,-27.15889,-109.4325,6.666666666666667,10.0
2001-09-14,290004.0,"La Florida, La Serena Ad.",-29.91444,-71.20667,4.647058823529412,9.0
2001-09-14,330007.0,"Rodelillo, Ad.",-33.06528,-71.55639,3.909090909090909,5.0
2001-09-14,330019.0,"Eulogio Sánchez, Tobalaba Ad.",-33.45528,-70.54861,0.9090909090909091,2.0
2001-09-14,330020.0,"Quinta Normal, Santiago",-33.445,-70.68278,2.0,4.0
2001-09-14,330021.0,Pudahuel Santiago ,-33.37833,-70.78778,2.68,8.0
2001-09-14,330030.0,"Santo Domingo, Ad.",-33.65611,-71.61333,3.8461538461538463,6.0
2001-09-14,330031.0,"Juan Fernández, Estación Meteorológica.",-33.63583,-78.83305,6.4,8.0
2001-09-14,340031.0,"General Freire, Curicó Ad.",-34.96944,-71.21694,7.7,10.0
2001-09-14,360011.0,"General Bernardo O'Higgins, Chillán Ad.",-36.58583,-72.03667,8.666666666666666,10.0
2001-09-14,360019.0,"Carriel Sur, Concepción Ap.",-36.78055,-73.06639,6.708333333333333,13.0
2001-09-14,370033.0,"María Dolores, Los Angeles Ad.",-37.39694,-72.42389,15.25,17.0
2001-09-14,380013.0,"Maquehue, Temuco Ad.",-38.76778,-72.63194,3.6666666666666665,10.0
2001-09-14,390006.0,"Pichoy, Valdivia Ad.",-39.65667,-73.08722,4.5,10.0
2001-09-14,400009.0,"Cañal Bajo,  Osorno Ad.",-40.61444,-73.0575,6.769230769230769,11.0
2001-09-14,410005.0,El Tepual  Puerto Montt Ap.,-41.4475,-73.09583,3.375,8.0
2001-09-14,430001.0,Quellón Ad.,-43.13361,-73.63278,5.6,10.0
2001-09-14,430002.0,Futaleufú Ad.,-43.18889,-71.85222,4.4,7.0
2001-09-14,450001.0,Puerto Aysén Ad.,-45.39944,-72.67722,10.75,16.0
2001-09-14,450004.0,"Teniente Vidal, Coyhaique Ad.",-45.59083,-72.10222,8.0,11.0
2001-09-14,450005.0,Balmaceda Ad.,-45.91833,-71.67778,18.208333333333332,25.0
2001-09-14,520006.0,"Carlos Ibañez, Punta Arenas Ap.",-53.00167,-70.83861,17.291666666666668,33.0
2001-09-14,530005.0,"Fuentes Martínez, Porvenir Ad.",-53.25361,-70.32611,29.636363636363637,34.0
2001-09-14,550001.0,"Guardiamarina Zañartu, Pto Williams Ad.",-54.93167,-67.61556,17.363636363636363,27.0
2001-09-14,950001.0,"C.M.A. Eduardo Frei Montalva, Antártica ",-62.19194,-58.97972,13.2,23.0
2001-09-15,180005.0,"Chacalluta, Arica Ap.",-18.35555,-70.34028,5.166666666666667,10.0
2001-09-15,200006.0,Diego Aracena Iquique Ap.,-20.54917,-70.18111,5.958333333333333,10.0
2001-09-15,220002.0,"El Loa, Calama Ad.",-22.49806,-68.8925,12.235294117647058,17.0
2001-09-15,270001.0,Mataveri  Isla de Pascua Ap.,-27.15889,-109.4325,9.666666666666666,13.0
2001-09-15,290004.0,"La Florida, La Serena Ad.",-29.91444,-71.20667,3.1666666666666665,8.0
2001-09-15,330007.0,"Rodelillo, Ad.",-33.06528,-71.55639,5.153846153846154,8.0
2001-09-15,330020.0,"Quinta Normal, Santiago",-33.445,-70.68278,2.8,6.0
2001-09-15,330021.0,Pudahuel Santiago ,-33.37833,-70.78778,2.4583333333333335,8.0
2001-09-15,330030.0,"Santo Domingo, Ad.",-33.65611,-71.61333,3.230769230769231,7.0
2001-09-15,330031.0,"Juan Fernández, Estación Meteorológica.",-33.63583,-78.83305,6.25,8.0
2001-09-15,340031.0,"General Freire, Curicó Ad.",-34.96944,-71.21694,5.0,6.0
2001-09-15,360011.0,"General Bernardo O'Higgins, Chillán Ad.",-36.58583,-72.03667,7.333333333333333,9.0
2001-09-15,360019.0,"Carriel Sur, Concepción Ap.",-36.78055,-73.06639,5.833333333333333,10.0
2001-09-15,370033.0,"María Dolores, Los Angeles Ad.",-37.39694,-72.42389,11.25,15.0
2001-09-15,380013.0,"Maquehue, Temuco Ad.",-38.76778,-72.63194,3.9583333333333335,9.0
2001-09-15,390006.0,"Pichoy, Valdivia Ad.",-39.65667,-73.08722,4.25,7.0
2001-09-15,400009.0,"Cañal Bajo,  Osorno Ad.",-40.61444,-73.0575,8.307692307692308,11.0
2001-09-15,410005.0,El Tepual  Puerto Montt Ap.,-41.4475,-73.09583,5.125,12.0
2001-09-15,430001.0,Quellón Ad.,-43.13361,-73.63278,3.4,6.0
2001-09-15,430002.0,Futaleufú Ad.,-43.18889,-71.85222,0.0,0.0
2001-09-15,450004.0,"Teniente Vidal, Coyhaique Ad.",-45.59083,-72.10222,1.8,7.0
2001-09-15,450005.0,Balmaceda Ad.,-45.91833,-71.67778,6.583333333333333,16.0
2001-09-15,520006.0,"Carlos Ibañez, Punta Arenas Ap.",-53.00167,-70.83861,9.958333333333334,20.0
2001-09-15,530005.0,"Fuentes Martínez, Porvenir Ad.",-53.25361,-70.32611,13.090909090909092,25.0
2001-09-15,950001.0,"C.M.A. Eduardo Frei Montalva, Antártica ",-62.19194,-58.97972,18.5,32.0
2001-09-16,180005.0,"Chacalluta, Arica Ap.",-18.35555,-70.34028,5.958333333333333,12.0
2001-09-16,200006.0,Diego Aracena Iquique Ap.,-20.54917,-70.18111,6.125,14.0
2001-09-16,220002.0,"El Loa, Calama Ad.",-22.49806,-68.8925,17.272727272727273,35.0
2001-09-16,270001.0,Mataveri  Isla de Pascua Ap.,-27.15889,-109.4325,10.833333333333334,12.0
2001-09-16,290004.0,"La Florida, La Serena Ad.",-29.91444,-71.20667,3.6666666666666665,6.0
2001-09-16,330007.0,"Rodelillo, Ad.",-33.06528,-71.55639,11.363636363636363,14.0
2001-09-16,330019.0,"Eulogio Sánchez, Tobalaba Ad.",-33.45528,-70.54861,1.9090909090909092,3.0
2001-09-16,330020.0,"Quinta Normal, Santiago",-33.445,-70.68278,4.2,8.0
2001-09-16,330021.0,Pudahuel Santiago ,-33.37833,-70.78778,5.961538461538462,12.0
2001-09-16,330030.0,"Santo Domingo, Ad.",-33.65611,-71.61333,4.230769230769231,8.0
2001-09-16,330031.0,"Juan Fernández, Estación Meteorológica.",-33.63583,-78.83305,7.75,10.0
2001-09-16,340031.0,"General Freire, Curicó Ad.",-34.96944,-71.21694,4.8,7.0
2001-09-16,360011.0,"General Bernardo O'Higgins, Chillán Ad.",-36.58583,-72.03667,6.0,7.0
2001-09-16,360019.0,"Carriel Sur, Concepción Ap.",-36.78055,-73.06639,9.166666666666666,15.0
2001-09-16,370033.0,"María Dolores, Los Angeles Ad.",-37.39694,-72.42389,4.5,8.0
2001-09-16,380013.0,"Maquehue, Temuco Ad.",-38.76778,-72.63194,3.375,8.0
2001-09-16,390006.0,"Pichoy, Valdivia Ad.",-39.65667,-73.08722,1.5,3.0
2001-09-16,400009.0,"Cañal Bajo,  Osorno Ad.",-40.61444,-73.0575,2.6153846153846154,7.0
2001-09-16,410005.0,El Tepual  Puerto Montt Ap.,-41.4475,-73.09583,2.9166666666666665,9.0
2001-09-16,430001.0,Quellón Ad.,-43.13361,-73.63278,2.0,4.0
2001-09-16,430002.0,Futaleufú Ad.,-43.18889,-71.85222,0.0,0.0
2001-09-16,450004.0,"Teniente Vidal, Coyhaique Ad.",-45.59083,-72.10222,3.8,7.0
2001-09-16,450005.0,Balmaceda Ad.,-45.91833,-71.67778,3.5,11.0
2001-09-16,520006.0,"Carlos Ibañez, Punta Arenas Ap.",-53.00167,-70.83861,5.875,15.0
2001-09-16,950001.0,"C.M.A. Eduardo Frei Montalva, Antártica ",-62.19194,-58.97972,17.625,25.0
2001-09-17,180005.0,"Chacalluta, Arica Ap.",-18.35555,-70.34028,5.625,10.0
2001-09-17,200006.0,Diego Aracena Iquique Ap.,-20.54917,-70.18111,7.958333333333333,13.0
2001-09-17,220002.0,"El Loa, Calama Ad.",-22.49806,-68.8925,12.4375,22.0
2001-09-17,270001.0,Mataveri  Isla de Pascua Ap.,-27.15889,-109.4325,6.833333333333333,10.0
2001-09-17,290004.0,"La Florida, La Serena Ad.",-29.91444,-71.20667,5.117647058823529,11.0
2001-09-17,330007.0,"Rodelillo, Ad.",-33.06528,-71.55639,6.636363636363637,11.0
2001-09-17,330019.0,"Eulogio Sánchez, Tobalaba Ad.",-33.45528,-70.54861,0.9090909090909091,2.0
2001-09-17,330020.0,"Quinta Normal, Santiago",-33.445,-70.68278,3.2,8.0
2001-09-17,330021.0,Pudahuel Santiago ,-33.37833,-70.78778,4.958333333333333,11.0
2001-09-17,330030.0,"Santo Domingo, Ad.",-33.65611,-71.61333,4.384615384615385,8.0
2001-09-17,330031.0,"Juan Fernández, Estación Meteorológica.",-33.63583,-78.83305,2.8,8.0
2001-09-17,340031.0,"General Freire, Curicó Ad.",-34.96944,-71.21694,4.181818181818182,7.0
2001-09-17,360011.0,"General Bernardo O'Higgins, Chillán Ad.",-36.58583,-72.03667,6.0,7.0
2001-09-17,360019.0,"Carriel Sur, Concepción Ap.",-36.78055,-73.06639,10.666666666666666,14.0
2001-09-17,370033.0,"María Dolores, Los Angeles Ad.",-37.39694,-72.42389,8.25,12.0
2001-09-17,380013.0,"Maquehue, Temuco Ad.",-38.76778,-72.63194,4.75,11.0
2001-09-17,390006.0,"Pichoy, Valdivia Ad.",-39.65667,-73.08722,6.5,9.0
2001-09-17,400009.0,"Cañal Bajo,  Osorno Ad.",-40.61444,-73.0575,6.769230769230769,9.0
2001-09-17,410005.0,El Tepual  Puerto Montt Ap.,-41.4475,-73.09583,6.291666666666667,11.0
2001-09-17,430001.0,Quellón Ad.,-43.13361,-73.63278,5.6,9.0
2001-09-17,430002.0,Futaleufú Ad.,-43.18889,-71.85222,6.5,12.0
2001-09-17,450004.0,"Teniente Vidal, Coyhaique Ad.",-45.59083,-72.10222,3.8,14.0
2001-09-17,450005.0,Balmaceda Ad.,-45.91833,-71.67778,6.666666666666667,23.0
2001-09-17,520006.0,"Carlos Ibañez, Punta Arenas Ap.",-53.00167,-70.83861,4.916666666666667,9.0
2001-09-17,530005.0,"Fuentes Martínez, Porvenir Ad.",-53.25361,-70.32611,9.818181818181818,13.0
2001-09-17,550001.0,"Guardiamarina Zañartu, Pto Williams Ad.",-54.93167,-67.61556,7.0,15.0
2001-09-17,950001.0,"C.M.A. Eduardo Frei Montalva, Antártica ",-62.19194,-58.97972,7.5,25.0
2001-09-18,180005.0,"Chacalluta, Arica Ap.",-18.35555,-70.34028,4.666666666666667,10.0
2001-09-18,200006.0,Diego Aracena Iquique Ap.,-20.54917,-70.18111,4.666666666666667,14.0
2001-09-18,220002.0,"El Loa, Calama Ad.",-22.49806,-68.8925,15.0,24.0
2001-09-18,270001.0,Mataveri  Isla de Pascua Ap.,-27.15889,-109.4325,4.0,10.0
2001-09-18,290004.0,"La Florida, La Serena Ad.",-29.91444,-71.20667,5.823529411764706,10.0
2001-09-18,330007.0,"Rodelillo, Ad.",-33.06528,-71.55639,6.7272727272727275,9.0
2001-09-18,330019.0,"Eulogio Sánchez, Tobalaba Ad.",-33.45528,-70.54861,1.3636363636363635,2.0
2001-09-18,330020.0,"Quinta Normal, Santiago",-33.445,-70.68278,2.4,4.0
2001-09-18,330021.0,Pudahuel Santiago ,-33.37833,-70.78778,2.875,6.0
2001-09-18,330030.0,"Santo Domingo, Ad.",-33.65611,-71.61333,5.583333333333333,14.0
2001-09-18,330031.0,"Juan Fernández, Estación Meteorológica.",-33.63583,-78.83305,3.75,8.0
2001-09-18,340031.0,"General Freire, Curicó Ad.",-34.96944,-71.21694,2.090909090909091,4.0
2001-09-18,360011.0,"General Bernardo O'Higgins, Chillán Ad.",-36.58583,-72.03667,3.0,4.0
2001-09-18,360019.0,"Carriel Sur, Concepción Ap.",-36.78055,-73.06639,5.583333333333333,10.0
2001-09-18,370033.0,"María Dolores, Los Angeles Ad.",-37.39694,-72.42389,3.5,5.0
2001-09-18,380013.0,"Maquehue, Temuco Ad.",-38.76778,-72.63194,2.9166666666666665,8.0
2001-09-18,390006.0,"Pichoy, Valdivia Ad.",-39.65667,-73.08722,6.0,10.0
2001-09-18,400009.0,"Cañal Bajo,  Osorno Ad.",-40.61444,-73.0575,3.1538461538461537,7.0
2001-09-18,410005.0,El Tepual  Puerto Montt Ap.,-41.4475,-73.09583,3.9583333333333335,9.0
2001-09-18,430001.0,Quellón Ad.,-43.13361,-73.63278,4.5,6.0
2001-09-18,430002.0,Futaleufú Ad.,-43.18889,-71.85222,11.0,12.0
2001-09-18,450004.0,"Teniente Vidal, Coyhaique Ad.",-45.59083,-72.10222,7.4,10.0
2001-09-18,450005.0,Balmaceda Ad.,-45.91833,-71.67778,18.458333333333332,25.0
2001-09-18,520006.0,"Carlos Ibañez, Punta Arenas Ap.",-53.00167,-70.83861,12.583333333333334,25.0
2001-09-18,950001.0,"C.M.A. Eduardo Frei Montalva, Antártica ",-62.19194,-58.97972,20.25,31.0
2001-09-19,180005.0,"Chacalluta, Arica Ap.",-18.35555,-70.34028,5.125,12.0
2001-09-19,200006.0,Diego Aracena Iquique Ap.,-20.54917,-70.18111,6.833333333333333,13.0
2001-09-19,220002.0,"El Loa, Calama Ad.",-22.49806,-68.8925,15.571428571428571,23.0
2001-09-19,270001.0,Mataveri  Isla de Pascua Ap.,-27.15889,-109.4325,5.666666666666667,8.0
2001-09-19,290004.0,"La Florida, La Serena Ad.",-29.91444,-71.20667,4.0,8.0
2001-09-19,330007.0,"Rodelillo, Ad.",-33.06528,-71.55639,8.636363636363637,13.0
2001-09-19,330019.0,"Eulogio Sánchez, Tobalaba Ad.",-33.45528,-70.54861,1.0,3.0
2001-09-19,330020.0,"Quinta Normal, Santiago",-33.445,-70.68278,2.4,4.0
2001-09-19,330021.0,Pudahuel Santiago ,-33.37833,-70.78778,3.9166666666666665,11.0
2001-09-19,330030.0,"Santo Domingo, Ad.",-33.65611,-71.61333,7.076923076923077,16.0
2001-09-19,330031.0,"Juan Fernández, Estación Meteorológica.",-33.63583,-78.83305,2.5,4.0
2001-09-19,340031.0,"General Freire, Curicó Ad.",-34.96944,-71.21694,4.818181818181818,9.0
2001-09-19,360011.0,"General Bernardo O'Higgins, Chillán Ad.",-36.58583,-72.03667,4.0,5.0
2001-09-19,360019.0,"Carriel Sur, Concepción Ap.",-36.78055,-73.06639,3.5416666666666665,10.0
2001-09-19,370033.0,"María Dolores, Los Angeles Ad.",-37.39694,-72.42389,4.75,8.0
2001-09-19,380013.0,"Maquehue, Temuco Ad.",-38.76778,-72.63194,4.208333333333333,9.0
2001-09-19,390006.0,"Pichoy, Valdivia Ad.",-39.65667,-73.08722,9.25,13.0
2001-09-19,400009.0,"Cañal Bajo,  Osorno Ad.",-40.61444,-73.0575,9.071428571428571,15.0
2001-09-19,410005.0,El Tepual  Puerto Montt Ap.,-41.4475,-73.09583,9.166666666666666,23.0
2001-09-19,430001.0,Quellón Ad.,-43.13361,-73.63278,10.2,14.0
2001-09-19,430002.0,Futaleufú Ad.,-43.18889,-71.85222,4.8,10.0
2001-09-19,450004.0,"Teniente Vidal, Coyhaique Ad.",-45.59083,-72.10222,5.8,10.0
2001-09-19,450005.0,Balmaceda Ad.,-45.91833,-71.67778,8.083333333333334,16.0
2001-09-19,520006.0,"Carlos Ibañez, Punta Arenas Ap.",-53.00167,-70.83861,10.958333333333334,18.0
2001-09-19,530005.0,"Fuentes Martínez, Porvenir Ad.",-53.25361,-70.32611,26.0,30.0
2001-09-19,950001.0,"C.M.A. Eduardo Frei Montalva, Antártica ",-62.19194,-58.97972,18.875,23.0
2001-09-20,180005.0,"Chacalluta, Arica Ap.",-18.35555,-70.34028,5.916666666666667,14.0
2001-09-20,200006.0,Diego Aracena Iquique Ap.,-20.54917,-70.18111,6.416666666666667,11.0
2001-09-20,220002.0,"El Loa, Calama Ad.",-22.49806,-68.8925,15.1875,22.0
2001-09-20,270001.0,Mataveri  Isla de Pascua Ap.,-27.15889,-109.4325,5.833333333333333,7.0
2001-09-20,290004.0,"La Florida, La Serena Ad.",-29.91444,-71.20667,3.764705882352941,7.0
2001-09-20,330007.0,"Rodelillo, Ad.",-33.06528,-71.55639,4.454545454545454,7.0
2001-09-20,330019.0,"Eulogio Sánchez, Tobalaba Ad.",-33.45528,-70.54861,0.7272727272727273,3.0
2001-09-20,330020.0,"Quinta Normal, Santiago",-33.445,-70.68278,2.8,6.0
2001-09-20,330021.0,Pudahuel Santiago ,-33.37833,-70.78778,4.833333333333333,10.0
2001-09-20,330030.0,"Santo Domingo, Ad.",-33.65611,-71.61333,6.538461538461538,12.0
2001-09-20,330031.0,"Juan Fernández, Estación Meteorológica.",-33.63583,-78.83305,3.2,5.0
2001-09-20,340031.0,"General Freire, Curicó Ad.",-34.96944,-71.21694,6.181818181818182,10.0
2001-09-20,360011.0,"General Bernardo O'Higgins, Chillán Ad.",-36.58583,-72.03667,7.333333333333333,10.0
2001-09-20,360019.0,"Carriel Sur, Concepción Ap.",-36.78055,-73.06639,5.0,13.0
2001-09-20,370033.0,"María Dolores, Los Angeles Ad.",-37.39694,-72.42389,6.75,10.0
2001-09-20,380013.0,"Maquehue, Temuco Ad.",-38.76778,-72.63194,3.2,7.0
2001-09-20,390006.0,"Pichoy, Valdivia Ad.",-39.65667,-73.08722,1.25,3.0
2001-09-20,400009.0,"Cañal Bajo,  Osorno Ad.",-40.61444,-73.0575,2.357142857142857,6.0
2001-09-20,410005.0,El Tepual  Puerto Montt Ap.,-41.4475,-73.09583,4.375,10.0
2001-09-20,430001.0,Quellón Ad.,-43.13361,-73.63278,5.3,8.0
2001-09-20,430002.0,Futaleufú Ad.,-43.18889,-71.85222,7.4,11.0
2001-09-20,450001.0,Puerto Aysén Ad.,-45.39944,-72.67722,5.25,10.0
2001-09-20,450004.0,"Teniente Vidal, Coyhaique Ad.",-45.59083,-72.10222,9.2,15.0
2001-09-20,450005.0,Balmaceda Ad.,-45.91833,-71.67778,20.916666666666668,26.0
2001-09-20,520006.0,"Carlos Ibañez, Punta Arenas Ap.",-53.00167,-70.83861,18.791666666666668,28.0
2001-09-20,530005.0,"Fuentes Martínez, Porvenir Ad.",-53.25361,-70.32611,17.545454545454547,25.0
2001-09-20,550001.0,"Guardiamarina Zañartu, Pto Williams Ad.",-54.93167,-67.61556,11.333333333333334,18.0
2001-09-20,950001.0,"C.M.A. Eduardo Frei Montalva, Antártica ",-62.19194,-58.97972,30.5,44.0
2001-09-21,180005.0,"Chacalluta, Arica Ap.",-18.35555,-70.34028,5.333333333333333,14.0
2001-09-21,200006.0,Diego Aracena Iquique Ap.,-20.54917,-70.18111,7.083333333333333,15.0
2001-09-21,220002.0,"El Loa, Calama Ad.",-22.49806,-68.8925,13.0625,24.0
2001-09-21,270001.0,Mataveri  Isla de Pascua Ap.,-27.15889,-109.4325,6.833333333333333,9.0
2001-09-21,290004.0,"La Florida, La Serena Ad.",-29.91444,-71.20667,4.294117647058823,8.0
2001-09-21,330007.0,"Rodelillo, Ad.",-33.06528,-71.55639,4.090909090909091,8.0
2001-09-21,330019.0,"Eulogio Sánchez, Tobalaba Ad.",-33.45528,-70.54861,0.6363636363636364,2.0
2001-09-21,330020.0,"Quinta Normal, Santiago",-33.445,-70.68278,2.2,4.0
2001-09-21,330021.0,Pudahuel Santiago ,-33.37833,-70.78778,3.4166666666666665,6.0
2001-09-21,330030.0,"Santo Domingo, Ad.",-33.65611,-71.61333,4.769230769230769,12.0
2001-09-21,330031.0,"Juan Fernández, Estación Meteorológica.",-33.63583,-78.83305,5.8,8.0
2001-09-21,340031.0,"General Freire, Curicó Ad.",-34.96944,-71.21694,3.6363636363636362,9.0
2001-09-21,360011.0,"General Bernardo O'Higgins, Chillán Ad.",-36.58583,-72.03667,2.3333333333333335,3.0
2001-09-21,360019.0,"Carriel Sur, Concepción Ap.",-36.78055,-73.06639,2.9166666666666665,7.0
2001-09-21,370033.0,"María Dolores, Los Angeles Ad.",-37.39694,-72.42389,5.5,7.0
2001-09-21,380013.0,"Maquehue, Temuco Ad.",-38.76778,-72.63194,3.125,6.0
2001-09-21,390006.0,"Pichoy, Valdivia Ad.",-39.65667,-73.08722,5.0,6.0
2001-09-21,400009.0,"Cañal Bajo,  Osorno Ad.",-40.61444,-73.0575,6.3076923076923075,12.0
2001-09-21,410005.0,El Tepual  Puerto Montt Ap.,-41.4475,-73.09583,6.833333333333333,12.0
2001-09-21,430001.0,Quellón Ad.,-43.13361,-73.63278,9.6,12.0
2001-09-21,430002.0,Futaleufú Ad.,-43.18889,-71.85222,0.0,0.0
2001-09-21,450001.0,Puerto Aysén Ad.,-45.39944,-72.67722,0.5,4.0
2001-09-21,450004.0,"Teniente Vidal, Coyhaique Ad.",-45.59083,-72.10222,4.4,7.0
2001-09-21,450005.0,Balmaceda Ad.,-45.91833,-71.67778,6.916666666666667,17.0
2001-09-21,520006.0,"Carlos Ibañez, Punta Arenas Ap.",-53.00167,-70.83861,15.5,24.0
2001-09-21,530005.0,"Fuentes Martínez, Porvenir Ad.",-53.25361,-70.32611,18.272727272727273,24.0
2001-09-21,550001.0,"Guardiamarina Zañartu, Pto Williams Ad.",-54.93167,-67.61556,14.333333333333334,20.0
2001-09-21,950001.0,"C.M.A. Eduardo Frei Montalva, Antártica ",-62.19194,-58.97972,26.77777777777778,40.0
2001-09-22,180005.0,"Chacalluta, Arica Ap.",-18.35555,-70.34028,5.0,10.0
2001-09-22,200006.0,Diego Aracena Iquique Ap.,-20.54917,-70.18111,6.458333333333333,13.0
2001-09-22,220002.0,"El Loa, Calama Ad.",-22.49806,-68.8925,15.142857142857142,25.0
2001-09-22,270001.0,Mataveri  Isla de Pascua Ap.,-27.15889,-109.4325,4.333333333333333,8.0
2001-09-22,290004.0,"La Florida, La Serena Ad.",-29.91444,-71.20667,3.764705882352941,9.0
2001-09-22,330007.0,"Rodelillo, Ad.",-33.06528,-71.55639,6.909090909090909,9.0
2001-09-22,330019.0,"Eulogio Sánchez, Tobalaba Ad.",-33.45528,-70.54861,0.9090909090909091,2.0
2001-09-22,330020.0,"Quinta Normal, Santiago",-33.445,-70.68278,2.8,4.0
2001-09-22,330021.0,Pudahuel Santiago ,-33.37833,-70.78778,4.75,10.0
2001-09-22,330030.0,"Santo Domingo, Ad.",-33.65611,-71.61333,3.1538461538461537,8.0
2001-09-22,330031.0,"Juan Fernández, Estación Meteorológica.",-33.63583,-78.83305,5.5,8.0
2001-09-22,340031.0,"General Freire, Curicó Ad.",-34.96944,-71.21694,2.727272727272727,5.0
2001-09-22,360011.0,"General Bernardo O'Higgins, Chillán Ad.",-36.58583,-72.03667,7.333333333333333,8.0
2001-09-22,360019.0,"Carriel Sur, Concepción Ap.",-36.78055,-73.06639,8.833333333333334,16.0
2001-09-22,370033.0,"María Dolores, Los Angeles Ad.",-37.39694,-72.42389,7.5,11.0
2001-09-22,380013.0,"Maquehue, Temuco Ad.",-38.76778,-72.63194,5.208333333333333,9.0
2001-09-22,390006.0,"Pichoy, Valdivia Ad.",-39.65667,-73.08722,4.0,7.0
2001-09-22,400009.0,"Cañal Bajo,  Osorno Ad.",-40.61444,-73.0575,4.923076923076923,9.0
2001-09-22,410005.0,El Tepual  Puerto Montt Ap.,-41.4475,-73.09583,8.25,13.0
2001-09-22,430001.0,Quellón Ad.,-43.13361,-73.63278,6.9,10.0
2001-09-22,430002.0,Futaleufú Ad.,-43.18889,-71.85222,0.6,3.0
2001-09-22,450004.0,"Teniente Vidal, Coyhaique Ad.",-45.59083,-72.10222,3.0,5.0
2001-09-22,450005.0,Balmaceda Ad.,-45.91833,-71.67778,2.7083333333333335,8.0
2001-09-22,520006.0,"Carlos Ibañez, Punta Arenas Ap.",-53.00167,-70.83861,14.041666666666666,22.0
2001-09-22,530005.0,"Fuentes Martínez, Porvenir Ad.",-53.25361,-70.32611,8.363636363636363,12.0
2001-09-22,950001.0,"C.M.A. Eduardo Frei Montalva, Antártica ",-62.19194,-58.97972,34.25,40.0
2001-09-23,180005.0,"Chacalluta, Arica Ap.",-18.35555,-70.34028,5.041666666666667,12.0
2001-09-23,200006.0,Diego Aracena Iquique Ap.,-20.54917,-70.18111,8.5,14.0
2001-09-23,220002.0,"El Loa, Calama Ad.",-22.49806,-68.8925,14.0,19.0
2001-09-23,270001.0,Mataveri  Isla de Pascua Ap.,-27.15889,-109.4325,7.666666666666667,9.0
2001-09-23,290004.0,"La Florida, La Serena Ad.",-29.91444,-71.20667,5.294117647058823,10.0
2001-09-23,330007.0,"Rodelillo, Ad.",-33.06528,-71.55639,6.363636363636363,10.0
2001-09-23,330019.0,"Eulogio Sánchez, Tobalaba Ad.",-33.45528,-70.54861,1.3636363636363635,2.0
2001-09-23,330020.0,"Quinta Normal, Santiago",-33.445,-70.68278,3.8,9.0
2001-09-23,330021.0,Pudahuel Santiago ,-33.37833,-70.78778,5.625,12.0
2001-09-23,330030.0,"Santo Domingo, Ad.",-33.65611,-71.61333,4.538461538461538,8.0
2001-09-23,330031.0,"Juan Fernández, Estación Meteorológica.",-33.63583,-78.83305,4.25,5.0
2001-09-23,340031.0,"General Freire, Curicó Ad.",-34.96944,-71.21694,3.5454545454545454,7.0
2001-09-23,360011.0,"General Bernardo O'Higgins, Chillán Ad.",-36.58583,-72.03667,4.666666666666667,6.0
2001-09-23,360019.0,"Carriel Sur, Concepción Ap.",-36.78055,-73.06639,7.583333333333333,13.0
2001-09-23,370033.0,"María Dolores, Los Angeles Ad.",-37.39694,-72.42389,9.0,15.0
2001-09-23,380013.0,"Maquehue, Temuco Ad.",-38.76778,-72.63194,2.5,6.0
2001-09-23,390006.0,"Pichoy, Valdivia Ad.",-39.65667,-73.08722,6.25,14.0
2001-09-23,400009.0,"Cañal Bajo,  Osorno Ad.",-40.61444,-73.0575,5.461538461538462,11.0
2001-09-23,410005.0,El Tepual  Puerto Montt Ap.,-41.4475,-73.09583,5.0,9.0
2001-09-23,430001.0,Quellón Ad.,-43.13361,-73.63278,4.4,6.0
2001-09-23,430002.0,Futaleufú Ad.,-43.18889,-71.85222,0.0,0.0
2001-09-23,450004.0,"Teniente Vidal, Coyhaique Ad.",-45.59083,-72.10222,2.0,4.0
2001-09-23,450005.0,Balmaceda Ad.,-45.91833,-71.67778,5.375,7.0
2001-09-23,520006.0,"Carlos Ibañez, Punta Arenas Ap.",-53.00167,-70.83861,3.9166666666666665,7.0
2001-09-23,950001.0,"C.M.A. Eduardo Frei Montalva, Antártica ",-62.19194,-58.97972,21.75,30.0
2001-09-24,180005.0,"Chacalluta, Arica Ap.",-18.35555,-70.34028,4.833333333333333,11.0
2001-09-24,200006.0,Diego Aracena Iquique Ap.,-20.54917,-70.18111,6.333333333333333,12.0
2001-09-24,220002.0,"El Loa, Calama Ad.",-22.49806,-68.8925,16.857142857142858,24.0
2001-09-24,270001.0,Mataveri  Isla de Pascua Ap.,-27.15889,-109.4325,9.833333333333334,14.0
2001-09-24,290004.0,"La Florida, La Serena Ad.",-29.91444,-71.20667,5.588235294117647,9.0
2001-09-24,330007.0,"Rodelillo, Ad.",-33.06528,-71.55639,7.0,8.0
2001-09-24,330019.0,"Eulogio Sánchez, Tobalaba Ad.",-33.45528,-70.54861,1.2727272727272727,2.0
2001-09-24,330020.0,"Quinta Normal, Santiago",-33.445,-70.68278,2.6,5.0
2001-09-24,330021.0,Pudahuel Santiago ,-33.37833,-70.78778,3.875,8.0
2001-09-24,330030.0,"Santo Domingo, Ad.",-33.65611,-71.61333,7.230769230769231,12.0
2001-09-24,330031.0,"Juan Fernández, Estación Meteorológica.",-33.63583,-78.83305,4.4,5.0
2001-09-24,340031.0,"General Freire, Curicó Ad.",-34.96944,-71.21694,5.7272727272727275,8.0
2001-09-24,360011.0,"General Bernardo O'Higgins, Chillán Ad.",-36.58583,-72.03667,6.666666666666667,9.0
2001-09-24,360019.0,"Carriel Sur, Concepción Ap.",-36.78055,-73.06639,5.291666666666667,13.0
2001-09-24,370033.0,"María Dolores, Los Angeles Ad.",-37.39694,-72.42389,5.0,11.0
2001-09-24,380013.0,"Maquehue, Temuco Ad.",-38.76778,-72.63194,3.0833333333333335,7.0
2001-09-24,390006.0,"Pichoy, Valdivia Ad.",-39.65667,-73.08722,6.25,8.0
2001-09-24,400009.0,"Cañal Bajo,  Osorno Ad.",-40.61444,-73.0575,2.230769230769231,5.0
2001-09-24,410005.0,El Tepual  Puerto Montt Ap.,-41.4475,-73.09583,4.75,8.0
2001-09-24,430001.0,Quellón Ad.,-43.13361,-73.63278,3.0,6.0
2001-09-24,430002.0,Futaleufú Ad.,-43.18889,-71.85222,0.75,3.0
2001-09-24,450001.0,Puerto Aysén Ad.,-45.39944,-72.67722,0.5,4.0
2001-09-24,450004.0,"Teniente Vidal, Coyhaique Ad.",-45.59083,-72.10222,2.2,4.0
2001-09-24,450005.0,Balmaceda Ad.,-45.91833,-71.67778,5.875,8.0
2001-09-24,520006.0,"Carlos Ibañez, Punta Arenas Ap.",-53.00167,-70.83861,2.9310344827586206,5.0
2001-09-24,530005.0,"Fuentes Martínez, Porvenir Ad.",-53.25361,-70.32611,11.727272727272727,20.0
2001-09-24,550001.0,"Guardiamarina Zañartu, Pto Williams Ad.",-54.93167,-67.61556,9.555555555555555,13.0
2001-09-24,950001.0,"C.M.A. Eduardo Frei Montalva, Antártica ",-62.19194,-58.97972,38.75,60.0
2001-09-25,180005.0,"Chacalluta, Arica Ap.",-18.35555,-70.34028,6.25,13.0
2001-09-25,200006.0,Diego Aracena Iquique Ap.,-20.54917,-70.18111,5.583333333333333,11.0
2001-09-25,220002.0,"El Loa, Calama Ad.",-22.49806,-68.8925,15.428571428571429,24.0
2001-09-25,270001.0,Mataveri  Isla de Pascua Ap.,-27.15889,-109.4325,11.666666666666666,14.0
2001-09-25,290004.0,"La Florida, La Serena Ad.",-29.91444,-71.20667,4.588235294117647,9.0
2001-09-25,330007.0,"Rodelillo, Ad.",-33.06528,-71.55639,10.090909090909092,14.0
2001-09-25,330019.0,"Eulogio Sánchez, Tobalaba Ad.",-33.45528,-70.54861,1.6363636363636365,4.0
2001-09-25,330020.0,"Quinta Normal, Santiago",-33.445,-70.68278,3.2,5.0
2001-09-25,330021.0,Pudahuel Santiago ,-33.37833,-70.78778,4.64,14.0
2001-09-25,330030.0,"Santo Domingo, Ad.",-33.65611,-71.61333,4.461538461538462,6.0
2001-09-25,330031.0,"Juan Fernández, Estación Meteorológica.",-33.63583,-78.83305,5.4,8.0
2001-09-25,340031.0,"General Freire, Curicó Ad.",-34.96944,-71.21694,4.0,11.0
2001-09-25,360011.0,"General Bernardo O'Higgins, Chillán Ad.",-36.58583,-72.03667,2.0,4.0
2001-09-25,360019.0,"Carriel Sur, Concepción Ap.",-36.78055,-73.06639,4.166666666666667,9.0
2001-09-25,370033.0,"María Dolores, Los Angeles Ad.",-37.39694,-72.42389,5.0,7.0
2001-09-25,380013.0,"Maquehue, Temuco Ad.",-38.76778,-72.63194,2.04,6.0
2001-09-25,390006.0,"Pichoy, Valdivia Ad.",-39.65667,-73.08722,2.75,6.0
2001-09-25,400009.0,"Cañal Bajo,  Osorno Ad.",-40.61444,-73.0575,2.0714285714285716,5.0
2001-09-25,410005.0,El Tepual  Puerto Montt Ap.,-41.4475,-73.09583,2.0833333333333335,8.0
2001-09-25,430001.0,Quellón Ad.,-43.13361,-73.63278,3.6,4.0
2001-09-25,430002.0,Futaleufú Ad.,-43.18889,-71.85222,8.8,12.0
2001-09-25,450001.0,Puerto Aysén Ad.,-45.39944,-72.67722,10.5,14.0
2001-09-25,450004.0,"Teniente Vidal, Coyhaique Ad.",-45.59083,-72.10222,7.6,14.0
2001-09-25,450005.0,Balmaceda Ad.,-45.91833,-71.67778,9.25,13.0
2001-09-25,520006.0,"Carlos Ibañez, Punta Arenas Ap.",-53.00167,-70.83861,4.482758620689655,10.0
2001-09-25,530005.0,"Fuentes Martínez, Porvenir Ad.",-53.25361,-70.32611,9.090909090909092,13.0
2001-09-25,550001.0,"Guardiamarina Zañartu, Pto Williams Ad.",-54.93167,-67.61556,2.111111111111111,4.0
2001-09-25,950001.0,"C.M.A. Eduardo Frei Montalva, Antártica ",-62.19194,-58.97972,21.875,30.0
2001-09-26,180005.0,"Chacalluta, Arica Ap.",-18.35555,-70.34028,7.291666666666667,16.0
2001-09-26,200006.0,Diego Aracena Iquique Ap.,-20.54917,-70.18111,8.0,16.0
2001-09-26,220002.0,"El Loa, Calama Ad.",-22.49806,-68.8925,14.3125,22.0
2001-09-26,270001.0,Mataveri  Isla de Pascua Ap.,-27.15889,-109.4325,9.833333333333334,12.0
2001-09-26,290004.0,"La Florida, La Serena Ad.",-29.91444,-71.20667,5.882352941176471,14.0
2001-09-26,330007.0,"Rodelillo, Ad.",-33.06528,-71.55639,11.363636363636363,20.0
2001-09-26,330019.0,"Eulogio Sánchez, Tobalaba Ad.",-33.45528,-70.54861,1.1818181818181819,2.0
2001-09-26,330020.0,"Quinta Normal, Santiago",-33.445,-70.68278,3.6,6.0
2001-09-26,330021.0,Pudahuel Santiago ,-33.37833,-70.78778,6.653846153846154,12.0
2001-09-26,330030.0,"Santo Domingo, Ad.",-33.65611,-71.61333,7.384615384615385,17.0
2001-09-26,330031.0,"Juan Fernández, Estación Meteorológica.",-33.63583,-78.83305,5.4,6.0
2001-09-26,340031.0,"General Freire, Curicó Ad.",-34.96944,-71.21694,8.636363636363637,15.0
2001-09-26,360011.0,"General Bernardo O'Higgins, Chillán Ad.",-36.58583,-72.03667,12.333333333333334,15.0
2001-09-26,360019.0,"Carriel Sur, Concepción Ap.",-36.78055,-73.06639,9.541666666666666,24.0
2001-09-26,370033.0,"María Dolores, Los Angeles Ad.",-37.39694,-72.42389,13.75,19.0
2001-09-26,380013.0,"Maquehue, Temuco Ad.",-38.76778,-72.63194,5.833333333333333,20.0
2001-09-26,390006.0,"Pichoy, Valdivia Ad.",-39.65667,-73.08722,6.5,11.0
2001-09-26,400009.0,"Cañal Bajo,  Osorno Ad.",-40.61444,-73.0575,5.615384615384615,12.0
2001-09-26,410005.0,El Tepual  Puerto Montt Ap.,-41.4475,-73.09583,4.5,9.0
2001-09-26,430001.0,Quellón Ad.,-43.13361,-73.63278,2.8,6.0
2001-09-26,430002.0,Futaleufú Ad.,-43.18889,-71.85222,13.0,15.0
2001-09-26,450001.0,Puerto Aysén Ad.,-45.39944,-72.67722,0.0,0.0
2001-09-26,450004.0,"Teniente Vidal, Coyhaique Ad.",-45.59083,-72.10222,6.0,12.0
2001-09-26,450005.0,Balmaceda Ad.,-45.91833,-71.67778,8.625,15.0
2001-09-26,520006.0,"Carlos Ibañez, Punta Arenas Ap.",-53.00167,-70.83861,7.291666666666667,13.0
2001-09-26,530005.0,"Fuentes Martínez, Porvenir Ad.",-53.25361,-70.32611,2.272727272727273,5.0
2001-09-26,550001.0,"Guardiamarina Zañartu, Pto Williams Ad.",-54.93167,-67.61556,7.666666666666667,15.0
2001-09-26,950001.0,"C.M.A. Eduardo Frei Montalva, Antártica ",-62.19194,-58.97972,20.1,36.0
2001-09-27,180005.0,"Chacalluta, Arica Ap.",-18.35555,-70.34028,7.083333333333333,14.0
2001-09-27,200006.0,Diego Aracena Iquique Ap.,-20.54917,-70.18111,8.625,17.0
2001-09-27,220002.0,"El Loa, Calama Ad.",-22.49806,-68.8925,14.75,26.0
2001-09-27,270001.0,Mataveri  Isla de Pascua Ap.,-27.15889,-109.4325,7.166666666666667,10.0
2001-09-27,290004.0,"La Florida, La Serena Ad.",-29.91444,-71.20667,7.588235294117647,12.0
2001-09-27,330007.0,"Rodelillo, Ad.",-33.06528,-71.55639,7.363636363636363,14.0
2001-09-27,330019.0,"Eulogio Sánchez, Tobalaba Ad.",-33.45528,-70.54861,1.4545454545454546,4.0
2001-09-27,330020.0,"Quinta Normal, Santiago",-33.445,-70.68278,2.4,6.0
2001-09-27,330021.0,Pudahuel Santiago ,-33.37833,-70.78778,4.413793103448276,13.0
2001-09-27,330030.0,"Santo Domingo, Ad.",-33.65611,-71.61333,5.538461538461538,13.0
2001-09-27,330031.0,"Juan Fernández, Estación Meteorológica.",-33.63583,-78.83305,5.0,6.0
2001-09-27,340031.0,"General Freire, Curicó Ad.",-34.96944,-71.21694,10.090909090909092,15.0
2001-09-27,360011.0,"General Bernardo O'Higgins, Chillán Ad.",-36.58583,-72.03667,13.0,18.0
2001-09-27,360019.0,"Carriel Sur, Concepción Ap.",-36.78055,-73.06639,10.75,19.0
2001-09-27,370033.0,"María Dolores, Los Angeles Ad.",-37.39694,-72.42389,9.0,13.0
2001-09-27,380013.0,"Maquehue, Temuco Ad.",-38.76778,-72.63194,8.166666666666666,12.0
2001-09-27,390006.0,"Pichoy, Valdivia Ad.",-39.65667,-73.08722,7.0,9.0
2001-09-27,400009.0,"Cañal Bajo,  Osorno Ad.",-40.61444,-73.0575,6.3076923076923075,8.0
2001-09-27,410005.0,El Tepual  Puerto Montt Ap.,-41.4475,-73.09583,9.541666666666666,17.0
2001-09-27,430001.0,Quellón Ad.,-43.13361,-73.63278,5.1,8.0
2001-09-27,430002.0,Futaleufú Ad.,-43.18889,-71.85222,0.6,3.0
2001-09-27,450001.0,Puerto Aysén Ad.,-45.39944,-72.67722,6.0,10.0
2001-09-27,450004.0,"Teniente Vidal, Coyhaique Ad.",-45.59083,-72.10222,4.4,7.0
2001-09-27,450005.0,Balmaceda Ad.,-45.91833,-71.67778,3.875,11.0
2001-09-27,520006.0,"Carlos Ibañez, Punta Arenas Ap.",-53.00167,-70.83861,10.0,16.0
2001-09-27,530005.0,"Fuentes Martínez, Porvenir Ad.",-53.25361,-70.32611,6.0,14.0
2001-09-27,550001.0,"Guardiamarina Zañartu, Pto Williams Ad.",-54.93167,-67.61556,6.222222222222222,12.0
2001-09-27,950001.0,"C.M.A. Eduardo Frei Montalva, Antártica ",-62.19194,-58.97972,10.894736842105264,19.0
2001-09-28,180005.0,"Chacalluta, Arica Ap.",-18.35555,-70.34028,5.5,12.0
2001-09-28,200006.0,Diego Aracena Iquique Ap.,-20.54917,-70.18111,5.041666666666667,9.0
2001-09-28,220002.0,"El Loa, Calama Ad.",-22.49806,-68.8925,16.41176470588235,26.0
2001-09-28,270001.0,Mataveri  Isla de Pascua Ap.,-27.15889,-109.4325,6.666666666666667,7.0
2001-09-28,290004.0,"La Florida, La Serena Ad.",-29.91444,-71.20667,5.823529411764706,10.0
2001-09-28,330007.0,"Rodelillo, Ad.",-33.06528,-71.55639,6.0,7.0
2001-09-28,330019.0,"Eulogio Sánchez, Tobalaba Ad.",-33.45528,-70.54861,0.5454545454545454,2.0
2001-09-28,330020.0,"Quinta Normal, Santiago",-33.445,-70.68278,2.8,6.0
2001-09-28,330021.0,Pudahuel Santiago ,-33.37833,-70.78778,2.7916666666666665,9.0
2001-09-28,330030.0,"Santo Domingo, Ad.",-33.65611,-71.61333,3.3076923076923075,8.0
2001-09-28,330031.0,"Juan Fernández, Estación Meteorológica.",-33.63583,-78.83305,6.2,12.0
2001-09-28,340031.0,"General Freire, Curicó Ad.",-34.96944,-71.21694,2.090909090909091,5.0
2001-09-28,360011.0,"General Bernardo O'Higgins, Chillán Ad.",-36.58583,-72.03667,3.3333333333333335,4.0
2001-09-28,360019.0,"Carriel Sur, Concepción Ap.",-36.78055,-73.06639,5.458333333333333,10.0
2001-09-28,370033.0,"María Dolores, Los Angeles Ad.",-37.39694,-72.42389,4.75,7.0
2001-09-28,380013.0,"Maquehue, Temuco Ad.",-38.76778,-72.63194,3.7083333333333335,8.0
2001-09-28,390006.0,"Pichoy, Valdivia Ad.",-39.65667,-73.08722,2.75,6.0
2001-09-28,400009.0,"Cañal Bajo,  Osorno Ad.",-40.61444,-73.0575,5.3076923076923075,10.0
2001-09-28,410005.0,El Tepual  Puerto Montt Ap.,-41.4475,-73.09583,6.25,12.0
2001-09-28,430001.0,Quellón Ad.,-43.13361,-73.63278,4.1,5.0
2001-09-28,430002.0,Futaleufú Ad.,-43.18889,-71.85222,4.2,10.0
2001-09-28,450001.0,Puerto Aysén Ad.,-45.39944,-72.67722,3.0,6.0
2001-09-28,450004.0,"Teniente Vidal, Coyhaique Ad.",-45.59083,-72.10222,4.8,8.0
2001-09-28,450005.0,Balmaceda Ad.,-45.91833,-71.67778,2.5833333333333335,6.0
2001-09-28,520006.0,"Carlos Ibañez, Punta Arenas Ap.",-53.00167,-70.83861,7.75,12.0
2001-09-28,530005.0,"Fuentes Martínez, Porvenir Ad.",-53.25361,-70.32611,8.090909090909092,14.0
2001-09-28,550001.0,"Guardiamarina Zañartu, Pto Williams Ad.",-54.93167,-67.61556,2.625,4.0
2001-09-28,950001.0,"C.M.A. Eduardo Frei Montalva, Antártica ",-62.19194,-58.97972,13.636363636363637,20.0
2001-09-29,180005.0,"Chacalluta, Arica Ap.",-18.35555,-70.34028,5.541666666666667,14.0
2001-09-29,200006.0,Diego Aracena Iquique Ap.,-20.54917,-70.18111,8.083333333333334,14.0
2001-09-29,220002.0,"El Loa, Calama Ad.",-22.49806,-68.8925,14.705882352941176,25.0
2001-09-29,270001.0,Mataveri  Isla de Pascua Ap.,-27.15889,-109.4325,4.5,9.0
2001-09-29,290004.0,"La Florida, La Serena Ad.",-29.91444,-71.20667,6.176470588235294,17.0
2001-09-29,330007.0,"Rodelillo, Ad.",-33.06528,-71.55639,8.727272727272727,15.0
2001-09-29,330019.0,"Eulogio Sánchez, Tobalaba Ad.",-33.45528,-70.54861,1.0909090909090908,3.0
2001-09-29,330020.0,"Quinta Normal, Santiago",-33.445,-70.68278,4.4,6.0
2001-09-29,330021.0,Pudahuel Santiago ,-33.37833,-70.78778,6.666666666666667,13.0
2001-09-29,330030.0,"Santo Domingo, Ad.",-33.65611,-71.61333,7.0,10.0
2001-09-29,330031.0,"Juan Fernández, Estación Meteorológica.",-33.63583,-78.83305,11.0,14.0
2001-09-29,340031.0,"General Freire, Curicó Ad.",-34.96944,-71.21694,6.7272727272727275,13.0
2001-09-29,360011.0,"General Bernardo O'Higgins, Chillán Ad.",-36.58583,-72.03667,2.3333333333333335,4.0
2001-09-29,360019.0,"Carriel Sur, Concepción Ap.",-36.78055,-73.06639,3.625,8.0
2001-09-29,370033.0,"María Dolores, Los Angeles Ad.",-37.39694,-72.42389,2.25,5.0
2001-09-29,380013.0,"Maquehue, Temuco Ad.",-38.76778,-72.63194,2.92,8.0
2001-09-29,390006.0,"Pichoy, Valdivia Ad.",-39.65667,-73.08722,2.75,5.0
2001-09-29,400009.0,"Cañal Bajo,  Osorno Ad.",-40.61444,-73.0575,6.0,10.0
2001-09-29,410005.0,El Tepual  Puerto Montt Ap.,-41.4475,-73.09583,4.791666666666667,11.0
2001-09-29,430001.0,Quellón Ad.,-43.13361,-73.63278,1.7,5.0
2001-09-29,430002.0,Futaleufú Ad.,-43.18889,-71.85222,2.8,10.0
2001-09-29,450004.0,"Teniente Vidal, Coyhaique Ad.",-45.59083,-72.10222,4.6,8.0
2001-09-29,450005.0,Balmaceda Ad.,-45.91833,-71.67778,2.6666666666666665,8.0
2001-09-29,520006.0,"Carlos Ibañez, Punta Arenas Ap.",-53.00167,-70.83861,6.791666666666667,14.0
2001-09-29,530005.0,"Fuentes Martínez, Porvenir Ad.",-53.25361,-70.32611,13.363636363636363,20.0
2001-09-29,950001.0,"C.M.A. Eduardo Frei Montalva, Antártica ",-62.19194,-58.97972,16.9,37.0
2001-09-30,180005.0,"Chacalluta, Arica Ap.",-18.35555,-70.34028,5.875,14.0
2001-09-30,200006.0,Diego Aracena Iquique Ap.,-20.54917,-70.18111,8.791666666666666,19.0
2001-09-30,220002.0,"El Loa, Calama Ad.",-22.49806,-68.8925,15.090909090909092,21.0
2001-09-30,270001.0,Mataveri  Isla de Pascua Ap.,-27.15889,-109.4325,11.5,16.0
2001-09-30,290004.0,"La Florida, La Serena Ad.",-29.91444,-71.20667,7.764705882352941,15.0
2001-09-30,330007.0,"Rodelillo, Ad.",-33.06528,-71.55639,11.454545454545455,18.0
2001-09-30,330019.0,"Eulogio Sánchez, Tobalaba Ad.",-33.45528,-70.54861,0.6363636363636364,2.0
2001-09-30,330020.0,"Quinta Normal, Santiago",-33.445,-70.68278,3.2,6.0
2001-09-30,330021.0,Pudahuel Santiago ,-33.37833,-70.78778,3.7083333333333335,8.0
2001-09-30,330030.0,"Santo Domingo, Ad.",-33.65611,-71.61333,9.538461538461538,15.0
2001-09-30,330031.0,"Juan Fernández, Estación Meteorológica.",-33.63583,-78.83305,7.0,8.0
2001-09-30,340031.0,"General Freire, Curicó Ad.",-34.96944,-71.21694,5.545454545454546,9.0
2001-09-30,360011.0,"General Bernardo O'Higgins, Chillán Ad.",-36.58583,-72.03667,4.666666666666667,7.0
2001-09-30,360019.0,"Carriel Sur, Concepción Ap.",-36.78055,-73.06639,3.2083333333333335,7.0
2001-09-30,370033.0,"María Dolores, Los Angeles Ad.",-37.39694,-72.42389,5.75,8.0
2001-09-30,380013.0,"Maquehue, Temuco Ad.",-38.76778,-72.63194,2.3333333333333335,6.0
2001-09-30,390006.0,"Pichoy, Valdivia Ad.",-39.65667,-73.08722,2.4,7.0
2001-09-30,400009.0,"Cañal Bajo,  Osorno Ad.",-40.61444,-73.0575,3.3076923076923075,6.0
2001-09-30,410005.0,El Tepual  Puerto Montt Ap.,-41.4475,-73.09583,4.541666666666667,8.0
2001-09-30,430001.0,Quellón Ad.,-43.13361,-73.63278,6.1,8.0
2001-09-30,430002.0,Futaleufú Ad.,-43.18889,-71.85222,0.0,0.0
2001-09-30,450004.0,"Teniente Vidal, Coyhaique Ad.",-45.59083,-72.10222,5.2,10.0
2001-09-30,450005.0,Balmaceda Ad.,-45.91833,-71.67778,4.583333333333333,14.0
2001-09-30,520006.0,"Carlos Ibañez, Punta Arenas Ap.",-53.00167,-70.83861,15.916666666666666,22.0
2001-09-30,950001.0,"C.M.A. Eduardo Frei Montalva, Antártica ",-62.19194,-58.97972,31.25,36.0
2001-10-01,180005.0,"Chacalluta, Arica Ap.",-18.35555,-70.34028,4.666666666666667,12.0
2001-10-01,200006.0,Diego Aracena Iquique Ap.,-20.54917,-70.18111,7.166666666666667,14.0
2001-10-01,220002.0,"El Loa, Calama Ad.",-22.49806,-68.8925,14.5625,27.0
2001-10-01,270001.0,Mataveri  Isla de Pascua Ap.,-27.15889,-109.4325,11.666666666666666,14.0
2001-10-01,290004.0,"La Florida, La Serena Ad.",-29.91444,-71.20667,6.9411764705882355,11.0
2001-10-01,330007.0,"Rodelillo, Ad.",-33.06528,-71.55639,8.272727272727273,10.0
2001-10-01,330019.0,"Eulogio Sánchez, Tobalaba Ad.",-33.45528,-70.54861,0.9090909090909091,2.0
2001-10-01,330020.0,"Quinta Normal, Santiago",-33.445,-70.68278,2.0,6.0
2001-10-01,330021.0,Pudahuel Santiago ,-33.37833,-70.78778,2.72,7.0
2001-10-01,330030.0,"Santo Domingo, Ad.",-33.65611,-71.61333,7.0,18.0
2001-10-01,330031.0,"Juan Fernández, Estación Meteorológica.",-33.63583,-78.83305,5.2,8.0
2001-10-01,340031.0,"General Freire, Curicó Ad.",-34.96944,-71.21694,5.636363636363637,8.0
2001-10-01,360011.0,"General Bernardo O'Higgins, Chillán Ad.",-36.58583,-72.03667,4.333333333333333,7.0
2001-10-01,360019.0,"Carriel Sur, Concepción Ap.",-36.78055,-73.06639,4.291666666666667,9.0
2001-10-01,370033.0,"María Dolores, Los Angeles Ad.",-37.39694,-72.42389,8.5,12.0
2001-10-01,380013.0,"Maquehue, Temuco Ad.",-38.76778,-72.63194,4.458333333333333,9.0
2001-10-01,390006.0,"Pichoy, Valdivia Ad.",-39.65667,-73.08722,4.75,6.0
2001-10-01,400009.0,"Cañal Bajo,  Osorno Ad.",-40.61444,-73.0575,6.6923076923076925,12.0
2001-10-01,410005.0,El Tepual  Puerto Montt Ap.,-41.4475,-73.09583,6.375,10.0
2001-10-01,430001.0,Quellón Ad.,-43.13361,-73.63278,4.454545454545454,6.0
2001-10-01,430002.0,Futaleufú Ad.,-43.18889,-71.85222,1.0,4.0
2001-10-01,450001.0,Puerto Aysén Ad.,-45.39944,-72.67722,6.75,12.0
2001-10-01,450004.0,"Teniente Vidal, Coyhaique Ad.",-45.59083,-72.10222,2.2,5.0
2001-10-01,450005.0,Balmaceda Ad.,-45.91833,-71.67778,5.958333333333333,15.0
2001-10-01,520006.0,"Carlos Ibañez, Punta Arenas Ap.",-53.00167,-70.83861,7.583333333333333,13.0
2001-10-01,530005.0,"Fuentes Martínez, Porvenir Ad.",-53.25361,-70.32611,7.181818181818182,10.0
2001-10-01,550001.0,"Guardiamarina Zañartu, Pto Williams Ad.",-54.93167,-67.61556,14.666666666666666,19.0
2001-10-01,950001.0,"C.M.A. Eduardo Frei Montalva, Antártica ",-62.19194,-58.97972,30.0,41.0
2001-10-02,180005.0,"Chacalluta, Arica Ap.",-18.35555,-70.34028,5.666666666666667,12.0
2001-10-02,200006.0,Diego Aracena Iquique Ap.,-20.54917,-70.18111,5.416666666666667,10.0
2001-10-02,220002.0,"El Loa, Calama Ad.",-22.49806,-68.8925,12.3125,20.0
2001-10-02,270001.0,Mataveri  Isla de Pascua Ap.,-27.15889,-109.4325,4.666666666666667,9.0
2001-10-02,290004.0,"La Florida, La Serena Ad.",-29.91444,-71.20667,3.7058823529411766,6.0
2001-10-02,330007.0,"Rodelillo, Ad.",-33.06528,-71.55639,3.1666666666666665,5.0
2001-10-02,330019.0,"Eulogio Sánchez, Tobalaba Ad.",-33.45528,-70.54861,1.1818181818181819,3.0
2001-10-02,330020.0,"Quinta Normal, Santiago",-33.445,-70.68278,3.6,10.0
2001-10-02,330021.0,Pudahuel Santiago ,-33.37833,-70.78778,4.1923076923076925,13.0
2001-10-02,330030.0,"Santo Domingo, Ad.",-33.65611,-71.61333,3.6923076923076925,7.0
2001-10-02,330031.0,"Juan Fernández, Estación Meteorológica.",-33.63583,-78.83305,7.0,10.0
2001-10-02,340031.0,"General Freire, Curicó Ad.",-34.96944,-71.21694,5.0,8.0
2001-10-02,360011.0,"General Bernardo O'Higgins, Chillán Ad.",-36.58583,-72.03667,2.0,3.0
2001-10-02,360019.0,"Carriel Sur, Concepción Ap.",-36.78055,-73.06639,2.0833333333333335,5.0
2001-10-02,370033.0,"María Dolores, Los Angeles Ad.",-37.39694,-72.42389,4.0,7.0
2001-10-02,380013.0,"Maquehue, Temuco Ad.",-38.76778,-72.63194,2.875,10.0
2001-10-02,390006.0,"Pichoy, Valdivia Ad.",-39.65667,-73.08722,2.5,6.0
2001-10-02,400009.0,"Cañal Bajo,  Osorno Ad.",-40.61444,-73.0575,4.538461538461538,6.0
2001-10-02,410005.0,El Tepual  Puerto Montt Ap.,-41.4475,-73.09583,4.416666666666667,7.0
2001-10-02,430001.0,Quellón Ad.,-43.13361,-73.63278,1.4545454545454546,4.0
2001-10-02,430002.0,Futaleufú Ad.,-43.18889,-71.85222,4.6,8.0
2001-10-02,450001.0,Puerto Aysén Ad.,-45.39944,-72.67722,11.25,14.0
2001-10-02,450004.0,"Teniente Vidal, Coyhaique Ad.",-45.59083,-72.10222,4.6,8.0
2001-10-02,450005.0,Balmaceda Ad.,-45.91833,-71.67778,8.583333333333334,13.0
2001-10-02,520006.0,"Carlos Ibañez, Punta Arenas Ap.",-53.00167,-70.83861,6.791666666666667,12.0
2001-10-02,530005.0,"Fuentes Martínez, Porvenir Ad.",-53.25361,-70.32611,10.363636363636363,14.0
2001-10-02,550001.0,"Guardiamarina Zañartu, Pto Williams Ad.",-54.93167,-67.61556,10.88888888888889,14.0
2001-10-02,950001.0,"C.M.A. Eduardo Frei Montalva, Antártica ",-62.19194,-58.97972,46.0,56.0
2001-10-03,180005.0,"Chacalluta, Arica Ap.",-18.35555,-70.34028,5.75,12.0
2001-10-03,200006.0,Diego Aracena Iquique Ap.,-20.54917,-70.18111,7.125,16.0
2001-10-03,220002.0,"El Loa, Calama Ad.",-22.49806,-68.8925,12.125,20.0
2001-10-03,270001.0,Mataveri  Isla de Pascua Ap.,-27.15889,-109.4325,6.333333333333333,15.0
2001-10-03,290004.0,"La Florida, La Serena Ad.",-29.91444,-71.20667,3.1176470588235294,6.0
2001-10-03,330007.0,"Rodelillo, Ad.",-33.06528,-71.55639,7.0,12.0
2001-10-03,330019.0,"Eulogio Sánchez, Tobalaba Ad.",-33.45528,-70.54861,0.0,0.0
2001-10-03,330020.0,"Quinta Normal, Santiago",-33.445,-70.68278,2.0,4.0
2001-10-03,330021.0,Pudahuel Santiago ,-33.37833,-70.78778,5.32,11.0
2001-10-03,330030.0,"Santo Domingo, Ad.",-33.65611,-71.61333,5.230769230769231,8.0
2001-10-03,330031.0,"Juan Fernández, Estación Meteorológica.",-33.63583,-78.83305,1.0,5.0
2001-10-03,340031.0,"General Freire, Curicó Ad.",-34.96944,-71.21694,6.181818181818182,10.0
2001-10-03,360011.0,"General Bernardo O'Higgins, Chillán Ad.",-36.58583,-72.03667,6.0,9.0
2001-10-03,360019.0,"Carriel Sur, Concepción Ap.",-36.78055,-73.06639,5.458333333333333,11.0
2001-10-03,370033.0,"María Dolores, Los Angeles Ad.",-37.39694,-72.42389,5.25,7.0
2001-10-03,380013.0,"Maquehue, Temuco Ad.",-38.76778,-72.63194,2.7916666666666665,6.0
2001-10-03,390006.0,"Pichoy, Valdivia Ad.",-39.65667,-73.08722,3.75,7.0
2001-10-03,400009.0,"Cañal Bajo,  Osorno Ad.",-40.61444,-73.0575,4.5,10.0
2001-10-03,410005.0,El Tepual  Puerto Montt Ap.,-41.4475,-73.09583,3.625,7.0
2001-10-03,430001.0,Quellón Ad.,-43.13361,-73.63278,4.1,5.0
2001-10-03,430002.0,Futaleufú Ad.,-43.18889,-71.85222,1.6,4.0
2001-10-03,450001.0,Puerto Aysén Ad.,-45.39944,-72.67722,3.0,8.0
2001-10-03,450004.0,"Teniente Vidal, Coyhaique Ad.",-45.59083,-72.10222,2.0,7.0
2001-10-03,450005.0,Balmaceda Ad.,-45.91833,-71.67778,4.083333333333333,8.0
2001-10-03,520006.0,"Carlos Ibañez, Punta Arenas Ap.",-53.00167,-70.83861,5.833333333333333,11.0
2001-10-03,530005.0,"Fuentes Martínez, Porvenir Ad.",-53.25361,-70.32611,16.727272727272727,25.0
2001-10-03,550001.0,"Guardiamarina Zañartu, Pto Williams Ad.",-54.93167,-67.61556,11.11111111111111,18.0
2001-10-03,950001.0,"C.M.A. Eduardo Frei Montalva, Antártica ",-62.19194,-58.97972,19.941176470588236,36.0
2001-10-04,180005.0,"Chacalluta, Arica Ap.",-18.35555,-70.34028,6.625,13.0
2001-10-04,200006.0,Diego Aracena Iquique Ap.,-20.54917,-70.18111,7.416666666666667,14.0
2001-10-04,220002.0,"El Loa, Calama Ad.",-22.49806,-68.8925,9.5625,17.0
2001-10-04,270001.0,Mataveri  Isla de Pascua Ap.,-27.15889,-109.4325,9.166666666666666,12.0
2001-10-04,290004.0,"La Florida, La Serena Ad.",-29.91444,-71.20667,5.823529411764706,9.0
2001-10-04,330007.0,"Rodelillo, Ad.",-33.06528,-71.55639,8.181818181818182,14.0
2001-10-04,330019.0,"Eulogio Sánchez, Tobalaba Ad.",-33.45528,-70.54861,1.1818181818181819,2.0
2001-10-04,330020.0,"Quinta Normal, Santiago",-33.445,-70.68278,2.4,6.0
2001-10-04,330021.0,Pudahuel Santiago ,-33.37833,-70.78778,3.9583333333333335,8.0
2001-10-04,330030.0,"Santo Domingo, Ad.",-33.65611,-71.61333,7.230769230769231,14.0
2001-10-04,330031.0,"Juan Fernández, Estación Meteorológica.",-33.63583,-78.83305,2.8,5.0
2001-10-04,340031.0,"General Freire, Curicó Ad.",-34.96944,-71.21694,4.636363636363637,8.0
2001-10-04,360011.0,"General Bernardo O'Higgins, Chillán Ad.",-36.58583,-72.03667,4.666666666666667,6.0
2001-10-04,360019.0,"Carriel Sur, Concepción Ap.",-36.78055,-73.06639,4.958333333333333,10.0
2001-10-04,370033.0,"María Dolores, Los Angeles Ad.",-37.39694,-72.42389,2.75,4.0
2001-10-04,380013.0,"Maquehue, Temuco Ad.",-38.76778,-72.63194,2.3333333333333335,8.0
2001-10-04,390006.0,"Pichoy, Valdivia Ad.",-39.65667,-73.08722,3.25,10.0
2001-10-04,400009.0,"Cañal Bajo,  Osorno Ad.",-40.61444,-73.0575,2.4615384615384617,4.0
2001-10-04,410005.0,El Tepual  Puerto Montt Ap.,-41.4475,-73.09583,3.4166666666666665,12.0
2001-10-04,430001.0,Quellón Ad.,-43.13361,-73.63278,2.727272727272727,4.0
2001-10-04,430002.0,Futaleufú Ad.,-43.18889,-71.85222,1.2,3.0
2001-10-04,450001.0,Puerto Aysén Ad.,-45.39944,-72.67722,4.25,10.0
2001-10-04,450004.0,"Teniente Vidal, Coyhaique Ad.",-45.59083,-72.10222,5.8,9.0
2001-10-04,450005.0,Balmaceda Ad.,-45.91833,-71.67778,7.666666666666667,17.0
2001-10-04,520006.0,"Carlos Ibañez, Punta Arenas Ap.",-53.00167,-70.83861,7.88,16.0
2001-10-04,530005.0,"Fuentes Martínez, Porvenir Ad.",-53.25361,-70.32611,4.909090909090909,10.0
2001-10-04,550001.0,"Guardiamarina Zañartu, Pto Williams Ad.",-54.93167,-67.61556,6.666666666666667,10.0
2001-10-04,950001.0,"C.M.A. Eduardo Frei Montalva, Antártica ",-62.19194,-58.97972,18.666666666666668,28.0
2001-10-05,180005.0,"Chacalluta, Arica Ap.",-18.35555,-70.34028,5.916666666666667,12.0
2001-10-05,200006.0,Diego Aracena Iquique Ap.,-20.54917,-70.18111,4.375,8.0
2001-10-05,220002.0,"El Loa, Calama Ad.",-22.49806,-68.8925,13.5,20.0
2001-10-05,270001.0,Mataveri  Isla de Pascua Ap.,-27.15889,-109.4325,6.833333333333333,9.0
2001-10-05,290004.0,"La Florida, La Serena Ad.",-29.91444,-71.20667,4.235294117647059,8.0
2001-10-05,330007.0,"Rodelillo, Ad.",-33.06528,-71.55639,5.916666666666667,10.0
2001-10-05,330019.0,"Eulogio Sánchez, Tobalaba Ad.",-33.45528,-70.54861,2.5454545454545454,5.0
2001-10-05,330020.0,"Quinta Normal, Santiago",-33.445,-70.68278,3.6,8.0
2001-10-05,330021.0,Pudahuel Santiago ,-33.37833,-70.78778,5.321428571428571,18.0
2001-10-05,330030.0,"Santo Domingo, Ad.",-33.65611,-71.61333,4.538461538461538,9.0
2001-10-05,330031.0,"Juan Fernández, Estación Meteorológica.",-33.63583,-78.83305,4.2,6.0
2001-10-05,340031.0,"General Freire, Curicó Ad.",-34.96944,-71.21694,7.181818181818182,17.0
2001-10-05,360011.0,"General Bernardo O'Higgins, Chillán Ad.",-36.58583,-72.03667,5.0,7.0
2001-10-05,360019.0,"Carriel Sur, Concepción Ap.",-36.78055,-73.06639,5.0,11.0
2001-10-05,370033.0,"María Dolores, Los Angeles Ad.",-37.39694,-72.42389,7.0,9.0
2001-10-05,380013.0,"Maquehue, Temuco Ad.",-38.76778,-72.63194,2.9166666666666665,9.0
2001-10-05,390006.0,"Pichoy, Valdivia Ad.",-39.65667,-73.08722,4.5,11.0
2001-10-05,400009.0,"Cañal Bajo,  Osorno Ad.",-40.61444,-73.0575,3.769230769230769,6.0
2001-10-05,410005.0,El Tepual  Puerto Montt Ap.,-41.4475,-73.09583,3.8333333333333335,6.0
2001-10-05,430001.0,Quellón Ad.,-43.13361,-73.63278,2.272727272727273,6.0
2001-10-05,430002.0,Futaleufú Ad.,-43.18889,-71.85222,0.0,0.0
2001-10-05,450001.0,Puerto Aysén Ad.,-45.39944,-72.67722,3.0,8.0
2001-10-05,450004.0,"Teniente Vidal, Coyhaique Ad.",-45.59083,-72.10222,3.6,5.0
2001-10-05,450005.0,Balmaceda Ad.,-45.91833,-71.67778,3.5,10.0
2001-10-05,520006.0,"Carlos Ibañez, Punta Arenas Ap.",-53.00167,-70.83861,3.8333333333333335,6.0
2001-10-05,530005.0,"Fuentes Martínez, Porvenir Ad.",-53.25361,-70.32611,4.7272727272727275,13.0
2001-10-05,550001.0,"Guardiamarina Zañartu, Pto Williams Ad.",-54.93167,-67.61556,9.25,15.0
2001-10-05,950001.0,"C.M.A. Eduardo Frei Montalva, Antártica ",-62.19194,-58.97972,22.625,33.0
2001-10-06,180005.0,"Chacalluta, Arica Ap.",-18.35555,-70.34028,5.0,14.0
2001-10-06,200006.0,Diego Aracena Iquique Ap.,-20.54917,-70.18111,7.375,15.0
2001-10-06,220002.0,"El Loa, Calama Ad.",-22.49806,-68.8925,13.5,21.0
2001-10-06,270001.0,Mataveri  Isla de Pascua Ap.,-27.15889,-109.4325,5.0,7.0
2001-10-06,290004.0,"La Florida, La Serena Ad.",-29.91444,-71.20667,5.647058823529412,11.0
2001-10-06,330007.0,"Rodelillo, Ad.",-33.06528,-71.55639,6.363636363636363,11.0
2001-10-06,330019.0,"Eulogio Sánchez, Tobalaba Ad.",-33.45528,-70.54861,0.9090909090909091,2.0
2001-10-06,330020.0,"Quinta Normal, Santiago",-33.445,-70.68278,4.0,10.0
2001-10-06,330021.0,Pudahuel Santiago ,-33.37833,-70.78778,4.916666666666667,11.0
2001-10-06,330030.0,"Santo Domingo, Ad.",-33.65611,-71.61333,4.538461538461538,9.0
2001-10-06,330031.0,"Juan Fernández, Estación Meteorológica.",-33.63583,-78.83305,7.75,10.0
2001-10-06,340031.0,"General Freire, Curicó Ad.",-34.96944,-71.21694,5.2727272727272725,8.0
2001-10-06,360011.0,"General Bernardo O'Higgins, Chillán Ad.",-36.58583,-72.03667,6.333333333333333,11.0
2001-10-06,360019.0,"Carriel Sur, Concepción Ap.",-36.78055,-73.06639,7.375,22.0
2001-10-06,370033.0,"María Dolores, Los Angeles Ad.",-37.39694,-72.42389,10.5,17.0
2001-10-06,380013.0,"Maquehue, Temuco Ad.",-38.76778,-72.63194,5.708333333333333,16.0
2001-10-06,390006.0,"Pichoy, Valdivia Ad.",-39.65667,-73.08722,6.75,9.0
2001-10-06,400009.0,"Cañal Bajo,  Osorno Ad.",-40.61444,-73.0575,6.076923076923077,10.0
2001-10-06,410005.0,El Tepual  Puerto Montt Ap.,-41.4475,-73.09583,6.583333333333333,14.0
2001-10-06,430001.0,Quellón Ad.,-43.13361,-73.63278,5.909090909090909,8.0
2001-10-06,430002.0,Futaleufú Ad.,-43.18889,-71.85222,1.6,4.0
2001-10-06,450004.0,"Teniente Vidal, Coyhaique Ad.",-45.59083,-72.10222,4.8,10.0
2001-10-06,450005.0,Balmaceda Ad.,-45.91833,-71.67778,7.291666666666667,17.0
2001-10-06,520006.0,"Carlos Ibañez, Punta Arenas Ap.",-53.00167,-70.83861,5.125,8.0
2001-10-06,530005.0,"Fuentes Martínez, Porvenir Ad.",-53.25361,-70.32611,4.7272727272727275,7.0
2001-10-06,950001.0,"C.M.A. Eduardo Frei Montalva, Antártica ",-62.19194,-58.97972,23.09090909090909,31.0
2001-10-07,180005.0,"Chacalluta, Arica Ap.",-18.35555,-70.34028,8.166666666666666,17.0
2001-10-07,200006.0,Diego Aracena Iquique Ap.,-20.54917,-70.18111,10.416666666666666,19.0
2001-10-07,220002.0,"El Loa, Calama Ad.",-22.49806,-68.8925,19.181818181818183,29.0
2001-10-07,270001.0,Mataveri  Isla de Pascua Ap.,-27.15889,-109.4325,3.1666666666666665,6.0
2001-10-07,290004.0,"La Florida, La Serena Ad.",-29.91444,-71.20667,6.823529411764706,11.0
2001-10-07,330007.0,"Rodelillo, Ad.",-33.06528,-71.55639,13.0,15.0
2001-10-07,330019.0,"Eulogio Sánchez, Tobalaba Ad.",-33.45528,-70.54861,0.8181818181818182,2.0
2001-10-07,330020.0,"Quinta Normal, Santiago",-33.445,-70.68278,3.6,4.0
2001-10-07,330021.0,Pudahuel Santiago ,-33.37833,-70.78778,6.041666666666667,10.0
2001-10-07,330030.0,"Santo Domingo, Ad.",-33.65611,-71.61333,8.0,13.0
2001-10-07,330031.0,"Juan Fernández, Estación Meteorológica.",-33.63583,-78.83305,4.75,7.0
2001-10-07,340031.0,"General Freire, Curicó Ad.",-34.96944,-71.21694,5.7272727272727275,9.0
2001-10-07,360011.0,"General Bernardo O'Higgins, Chillán Ad.",-36.58583,-72.03667,4.333333333333333,5.0
2001-10-07,360019.0,"Carriel Sur, Concepción Ap.",-36.78055,-73.06639,3.130434782608696,10.0
2001-10-07,370033.0,"María Dolores, Los Angeles Ad.",-37.39694,-72.42389,2.0,4.0
2001-10-07,380013.0,"Maquehue, Temuco Ad.",-38.76778,-72.63194,3.4,6.0
2001-10-07,390006.0,"Pichoy, Valdivia Ad.",-39.65667,-73.08722,4.5,8.0
2001-10-07,400009.0,"Cañal Bajo,  Osorno Ad.",-40.61444,-73.0575,3.769230769230769,7.0
2001-10-07,410005.0,El Tepual  Puerto Montt Ap.,-41.4475,-73.09583,5.041666666666667,11.0
2001-10-07,430001.0,Quellón Ad.,-43.13361,-73.63278,5.909090909090909,8.0
2001-10-07,430002.0,Futaleufú Ad.,-43.18889,-71.85222,0.0,0.0
2001-10-07,450004.0,"Teniente Vidal, Coyhaique Ad.",-45.59083,-72.10222,7.0,10.0
2001-10-07,450005.0,Balmaceda Ad.,-45.91833,-71.67778,14.458333333333334,26.0
2001-10-07,520006.0,"Carlos Ibañez, Punta Arenas Ap.",-53.00167,-70.83861,11.192307692307692,26.0
2001-10-07,950001.0,"C.M.A. Eduardo Frei Montalva, Antártica ",-62.19194,-58.97972,15.125,23.0
2001-10-08,180005.0,"Chacalluta, Arica Ap.",-18.35555,-70.34028,4.75,10.0
2001-10-08,200006.0,Diego Aracena Iquique Ap.,-20.54917,-70.18111,4.791666666666667,8.0
2001-10-08,220002.0,"El Loa, Calama Ad.",-22.49806,-68.8925,13.1875,21.0
2001-10-08,270001.0,Mataveri  Isla de Pascua Ap.,-27.15889,-109.4325,7.0,15.0
2001-10-08,290004.0,"La Florida, La Serena Ad.",-29.91444,-71.20667,7.0588235294117645,12.0
2001-10-08,330007.0,"Rodelillo, Ad.",-33.06528,-71.55639,9.5,14.0
2001-10-08,330019.0,"Eulogio Sánchez, Tobalaba Ad.",-33.45528,-70.54861,1.2727272727272727,3.0
2001-10-08,330020.0,"Quinta Normal, Santiago",-33.445,-70.68278,2.4,6.0
2001-10-08,330021.0,Pudahuel Santiago ,-33.37833,-70.78778,4.166666666666667,8.0
2001-10-08,330030.0,"Santo Domingo, Ad.",-33.65611,-71.61333,9.076923076923077,16.0
2001-10-08,330031.0,"Juan Fernández, Estación Meteorológica.",-33.63583,-78.83305,5.4,6.0
2001-10-08,340031.0,"General Freire, Curicó Ad.",-34.96944,-71.21694,7.7272727272727275,10.0
2001-10-08,360011.0,"General Bernardo O'Higgins, Chillán Ad.",-36.58583,-72.03667,9.666666666666666,10.0
2001-10-08,360019.0,"Carriel Sur, Concepción Ap.",-36.78055,-73.06639,6.833333333333333,15.0
2001-10-08,370033.0,"María Dolores, Los Angeles Ad.",-37.39694,-72.42389,12.75,19.0
2001-10-08,380013.0,"Maquehue, Temuco Ad.",-38.76778,-72.63194,2.8,9.0
2001-10-08,390006.0,"Pichoy, Valdivia Ad.",-39.65667,-73.08722,5.5,11.0
2001-10-08,400009.0,"Cañal Bajo,  Osorno Ad.",-40.61444,-73.0575,4.769230769230769,8.0
2001-10-08,410005.0,El Tepual  Puerto Montt Ap.,-41.4475,-73.09583,8.875,15.0
2001-10-08,430001.0,Quellón Ad.,-43.13361,-73.63278,6.2727272727272725,8.0
2001-10-08,430002.0,Futaleufú Ad.,-43.18889,-71.85222,5.5,8.0
2001-10-08,450001.0,Puerto Aysén Ad.,-45.39944,-72.67722,6.0,10.0
2001-10-08,450004.0,"Teniente Vidal, Coyhaique Ad.",-45.59083,-72.10222,3.4,6.0
2001-10-08,450005.0,Balmaceda Ad.,-45.91833,-71.67778,14.0,20.0
2001-10-08,520006.0,"Carlos Ibañez, Punta Arenas Ap.",-53.00167,-70.83861,9.666666666666666,22.0
2001-10-08,530005.0,"Fuentes Martínez, Porvenir Ad.",-53.25361,-70.32611,12.818181818181818,17.0
2001-10-08,550001.0,"Guardiamarina Zañartu, Pto Williams Ad.",-54.93167,-67.61556,9.0,15.0
2001-10-08,950001.0,"C.M.A. Eduardo Frei Montalva, Antártica ",-62.19194,-58.97972,19.0,24.0
2001-10-09,180005.0,"Chacalluta, Arica Ap.",-18.35555,-70.34028,5.708333333333333,12.0
2001-10-09,200006.0,Diego Aracena Iquique Ap.,-20.54917,-70.18111,5.25,9.0
2001-10-09,220002.0,"El Loa, Calama Ad.",-22.49806,-68.8925,15.3125,26.0
2001-10-09,270001.0,Mataveri  Isla de Pascua Ap.,-27.15889,-109.4325,3.3333333333333335,6.0
2001-10-09,290004.0,"La Florida, La Serena Ad.",-29.91444,-71.20667,6.176470588235294,11.0
2001-10-09,330007.0,"Rodelillo, Ad.",-33.06528,-71.55639,12.909090909090908,16.0
2001-10-09,330019.0,"Eulogio Sánchez, Tobalaba Ad.",-33.45528,-70.54861,1.3636363636363635,4.0
2001-10-09,330020.0,"Quinta Normal, Santiago",-33.445,-70.68278,1.8,6.0
2001-10-09,330021.0,Pudahuel Santiago ,-33.37833,-70.78778,5.041666666666667,11.0
2001-10-09,330030.0,"Santo Domingo, Ad.",-33.65611,-71.61333,7.6923076923076925,16.0
2001-10-09,330031.0,"Juan Fernández, Estación Meteorológica.",-33.63583,-78.83305,6.8,8.0
2001-10-09,340031.0,"General Freire, Curicó Ad.",-34.96944,-71.21694,9.363636363636363,12.0
2001-10-09,360011.0,"General Bernardo O'Higgins, Chillán Ad.",-36.58583,-72.03667,6.0,8.0
2001-10-09,360019.0,"Carriel Sur, Concepción Ap.",-36.78055,-73.06639,9.875,16.0
2001-10-09,370033.0,"María Dolores, Los Angeles Ad.",-37.39694,-72.42389,10.5,14.0
2001-10-09,380013.0,"Maquehue, Temuco Ad.",-38.76778,-72.63194,4.0,8.0
2001-10-09,390006.0,"Pichoy, Valdivia Ad.",-39.65667,-73.08722,6.75,12.0
2001-10-09,400009.0,"Cañal Bajo,  Osorno Ad.",-40.61444,-73.0575,7.066666666666666,13.0
2001-10-09,410005.0,El Tepual  Puerto Montt Ap.,-41.4475,-73.09583,5.708333333333333,13.0
2001-10-09,430001.0,Quellón Ad.,-43.13361,-73.63278,9.727272727272727,14.0
2001-10-09,430002.0,Futaleufú Ad.,-43.18889,-71.85222,10.6,18.0
2001-10-09,450001.0,Puerto Aysén Ad.,-45.39944,-72.67722,13.75,20.0
2001-10-09,450004.0,"Teniente Vidal, Coyhaique Ad.",-45.59083,-72.10222,8.4,11.0
2001-10-09,450005.0,Balmaceda Ad.,-45.91833,-71.67778,16.291666666666668,28.0
2001-10-09,520006.0,"Carlos Ibañez, Punta Arenas Ap.",-53.00167,-70.83861,16.72,27.0
2001-10-09,530005.0,"Fuentes Martínez, Porvenir Ad.",-53.25361,-70.32611,24.454545454545453,30.0
2001-10-09,550001.0,"Guardiamarina Zañartu, Pto Williams Ad.",-54.93167,-67.61556,18.5,25.0
2001-10-09,950001.0,"C.M.A. Eduardo Frei Montalva, Antártica ",-62.19194,-58.97972,19.75,29.0
2001-10-10,180005.0,"Chacalluta, Arica Ap.",-18.35555,-70.34028,5.75,12.0
2001-10-10,200006.0,Diego Aracena Iquique Ap.,-20.54917,-70.18111,5.333333333333333,10.0
2001-10-10,220002.0,"El Loa, Calama Ad.",-22.49806,-68.8925,16.176470588235293,22.0
2001-10-10,270001.0,Mataveri  Isla de Pascua Ap.,-27.15889,-109.4325,2.5,6.0
2001-10-10,290004.0,"La Florida, La Serena Ad.",-29.91444,-71.20667,3.7058823529411766,6.0
2001-10-10,330007.0,"Rodelillo, Ad.",-33.06528,-71.55639,7.363636363636363,11.0
2001-10-10,330019.0,"Eulogio Sánchez, Tobalaba Ad.",-33.45528,-70.54861,1.4545454545454546,3.0
2001-10-10,330020.0,"Quinta Normal, Santiago",-33.445,-70.68278,5.2,10.0
2001-10-10,330021.0,Pudahuel Santiago ,-33.37833,-70.78778,4.333333333333333,18.0
2001-10-10,330030.0,"Santo Domingo, Ad.",-33.65611,-71.61333,7.538461538461538,16.0
2001-10-10,330031.0,"Juan Fernández, Estación Meteorológica.",-33.63583,-78.83305,5.2,8.0
2001-10-10,340031.0,"General Freire, Curicó Ad.",-34.96944,-71.21694,6.636363636363637,8.0
2001-10-10,360011.0,"General Bernardo O'Higgins, Chillán Ad.",-36.58583,-72.03667,6.0,7.0
2001-10-10,360019.0,"Carriel Sur, Concepción Ap.",-36.78055,-73.06639,7.416666666666667,15.0
2001-10-10,370033.0,"María Dolores, Los Angeles Ad.",-37.39694,-72.42389,10.75,14.0
2001-10-10,380013.0,"Maquehue, Temuco Ad.",-38.76778,-72.63194,4.0,9.0
2001-10-10,390006.0,"Pichoy, Valdivia Ad.",-39.65667,-73.08722,3.5,5.0
2001-10-10,400009.0,"Cañal Bajo,  Osorno Ad.",-40.61444,-73.0575,7.153846153846154,11.0
2001-10-10,410005.0,El Tepual  Puerto Montt Ap.,-41.4475,-73.09583,4.416666666666667,11.0
2001-10-10,430001.0,Quellón Ad.,-43.13361,-73.63278,6.090909090909091,10.0
2001-10-10,430002.0,Futaleufú Ad.,-43.18889,-71.85222,4.2,5.0
2001-10-10,450001.0,Puerto Aysén Ad.,-45.39944,-72.67722,9.75,12.0
2001-10-10,450004.0,"Teniente Vidal, Coyhaique Ad.",-45.59083,-72.10222,8.4,12.0
2001-10-10,450005.0,Balmaceda Ad.,-45.91833,-71.67778,13.916666666666666,25.0
2001-10-10,520006.0,"Carlos Ibañez, Punta Arenas Ap.",-53.00167,-70.83861,22.166666666666668,30.0
2001-10-10,530005.0,"Fuentes Martínez, Porvenir Ad.",-53.25361,-70.32611,28.09090909090909,34.0
2001-10-10,550001.0,"Guardiamarina Zañartu, Pto Williams Ad.",-54.93167,-67.61556,10.333333333333334,15.0
2001-10-10,950001.0,"C.M.A. Eduardo Frei Montalva, Antártica ",-62.19194,-58.97972,26.125,38.0
2001-10-11,180005.0,"Chacalluta, Arica Ap.",-18.35555,-70.34028,5.291666666666667,12.0
2001-10-11,200006.0,Diego Aracena Iquique Ap.,-20.54917,-70.18111,5.5,10.0
2001-10-11,220002.0,"El Loa, Calama Ad.",-22.49806,-68.8925,17.0,24.0
2001-10-11,270001.0,Mataveri  Isla de Pascua Ap.,-27.15889,-109.4325,4.166666666666667,5.0
2001-10-11,290004.0,"La Florida, La Serena Ad.",-29.91444,-71.20667,4.0,8.0
2001-10-11,330007.0,"Rodelillo, Ad.",-33.06528,-71.55639,4.0,8.0
2001-10-11,330019.0,"Eulogio Sánchez, Tobalaba Ad.",-33.45528,-70.54861,0.8181818181818182,2.0
2001-10-11,330020.0,"Quinta Normal, Santiago",-33.445,-70.68278,2.4,4.0
2001-10-11,330021.0,Pudahuel Santiago ,-33.37833,-70.78778,3.9166666666666665,11.0
2001-10-11,330030.0,"Santo Domingo, Ad.",-33.65611,-71.61333,3.6666666666666665,8.0
2001-10-11,330031.0,"Juan Fernández, Estación Meteorológica.",-33.63583,-78.83305,6.0,10.0
2001-10-11,340031.0,"General Freire, Curicó Ad.",-34.96944,-71.21694,5.666666666666667,8.0
2001-10-11,360011.0,"General Bernardo O'Higgins, Chillán Ad.",-36.58583,-72.03667,5.0,7.0
2001-10-11,360019.0,"Carriel Sur, Concepción Ap.",-36.78055,-73.06639,6.833333333333333,12.0
2001-10-11,370033.0,"María Dolores, Los Angeles Ad.",-37.39694,-72.42389,9.0,12.0
2001-10-11,380013.0,"Maquehue, Temuco Ad.",-38.76778,-72.63194,3.7083333333333335,9.0
2001-10-11,390006.0,"Pichoy, Valdivia Ad.",-39.65667,-73.08722,5.0,6.0
2001-10-11,400009.0,"Cañal Bajo,  Osorno Ad.",-40.61444,-73.0575,7.923076923076923,11.0
2001-10-11,410005.0,El Tepual  Puerto Montt Ap.,-41.4475,-73.09583,6.375,12.0
2001-10-11,430001.0,Quellón Ad.,-43.13361,-73.63278,4.818181818181818,10.0
2001-10-11,430002.0,Futaleufú Ad.,-43.18889,-71.85222,6.0,12.0
2001-10-11,450001.0,Puerto Aysén Ad.,-45.39944,-72.67722,10.5,14.0
2001-10-11,450004.0,"Teniente Vidal, Coyhaique Ad.",-45.59083,-72.10222,10.6,14.0
2001-10-11,450005.0,Balmaceda Ad.,-45.91833,-71.67778,20.458333333333332,26.0
2001-10-11,520006.0,"Carlos Ibañez, Punta Arenas Ap.",-53.00167,-70.83861,15.541666666666666,24.0
2001-10-11,530005.0,"Fuentes Martínez, Porvenir Ad.",-53.25361,-70.32611,16.90909090909091,20.0
2001-10-11,550001.0,"Guardiamarina Zañartu, Pto Williams Ad.",-54.93167,-67.61556,16.444444444444443,21.0
2001-10-11,950001.0,"C.M.A. Eduardo Frei Montalva, Antártica ",-62.19194,-58.97972,33.25,35.0
2001-10-12,180005.0,"Chacalluta, Arica Ap.",-18.35555,-70.34028,5.791666666666667,20.0
2001-10-12,200006.0,Diego Aracena Iquique Ap.,-20.54917,-70.18111,8.416666666666666,15.0
2001-10-12,220002.0,"El Loa, Calama Ad.",-22.49806,-68.8925,15.375,22.0
2001-10-12,270001.0,Mataveri  Isla de Pascua Ap.,-27.15889,-109.4325,6.333333333333333,9.0
2001-10-12,290004.0,"La Florida, La Serena Ad.",-29.91444,-71.20667,4.352941176470588,7.0
2001-10-12,330007.0,"Rodelillo, Ad.",-33.06528,-71.55639,4.333333333333333,6.0
2001-10-12,330019.0,"Eulogio Sánchez, Tobalaba Ad.",-33.45528,-70.54861,1.2727272727272727,3.0
2001-10-12,330020.0,"Quinta Normal, Santiago",-33.445,-70.68278,2.8,6.0
2001-10-12,330021.0,Pudahuel Santiago ,-33.37833,-70.78778,3.769230769230769,9.0
2001-10-12,330030.0,"Santo Domingo, Ad.",-33.65611,-71.61333,4.538461538461538,10.0
2001-10-12,330031.0,"Juan Fernández, Estación Meteorológica.",-33.63583,-78.83305,6.4,8.0
2001-10-12,340031.0,"General Freire, Curicó Ad.",-34.96944,-71.21694,6.181818181818182,10.0
2001-10-12,360011.0,"General Bernardo O'Higgins, Chillán Ad.",-36.58583,-72.03667,10.0,13.0
2001-10-12,360019.0,"Carriel Sur, Concepción Ap.",-36.78055,-73.06639,8.333333333333334,18.0
2001-10-12,370033.0,"María Dolores, Los Angeles Ad.",-37.39694,-72.42389,15.0,18.0
2001-10-12,380013.0,"Maquehue, Temuco Ad.",-38.76778,-72.63194,3.7916666666666665,9.0
2001-10-12,390006.0,"Pichoy, Valdivia Ad.",-39.65667,-73.08722,3.5,6.0
2001-10-12,400009.0,"Cañal Bajo,  Osorno Ad.",-40.61444,-73.0575,8.461538461538462,12.0
2001-10-12,410005.0,El Tepual  Puerto Montt Ap.,-41.4475,-73.09583,5.458333333333333,12.0
2001-10-12,430001.0,Quellón Ad.,-43.13361,-73.63278,3.6363636363636362,8.0
2001-10-12,430002.0,Futaleufú Ad.,-43.18889,-71.85222,1.6,8.0
2001-10-12,450001.0,Puerto Aysén Ad.,-45.39944,-72.67722,7.5,10.0
2001-10-12,450004.0,"Teniente Vidal, Coyhaique Ad.",-45.59083,-72.10222,4.6,9.0
2001-10-12,450005.0,Balmaceda Ad.,-45.91833,-71.67778,9.375,16.0
2001-10-12,520006.0,"Carlos Ibañez, Punta Arenas Ap.",-53.00167,-70.83861,13.041666666666666,24.0
2001-10-12,530005.0,"Fuentes Martínez, Porvenir Ad.",-53.25361,-70.32611,18.0,20.0
2001-10-12,550001.0,"Guardiamarina Zañartu, Pto Williams Ad.",-54.93167,-67.61556,6.7,15.0
2001-10-12,950001.0,"C.M.A. Eduardo Frei Montalva, Antártica ",-62.19194,-58.97972,29.5,34.0
2001-10-13,180005.0,"Chacalluta, Arica Ap.",-18.35555,-70.34028,4.833333333333333,11.0
2001-10-13,200006.0,Diego Aracena Iquique Ap.,-20.54917,-70.18111,6.333333333333333,12.0
2001-10-13,220002.0,"El Loa, Calama Ad.",-22.49806,-68.8925,15.125,27.0
2001-10-13,270001.0,Mataveri  Isla de Pascua Ap.,-27.15889,-109.4325,12.5,17.0
2001-10-13,290004.0,"La Florida, La Serena Ad.",-29.91444,-71.20667,4.631578947368421,9.0
2001-10-13,330007.0,"Rodelillo, Ad.",-33.06528,-71.55639,6.545454545454546,9.0
2001-10-13,330019.0,"Eulogio Sánchez, Tobalaba Ad.",-33.45528,-70.54861,0.9090909090909091,2.0
2001-10-13,330020.0,"Quinta Normal, Santiago",-33.445,-70.68278,2.8,6.0
2001-10-13,330021.0,Pudahuel Santiago ,-33.37833,-70.78778,3.7916666666666665,10.0
2001-10-13,330030.0,"Santo Domingo, Ad.",-33.65611,-71.61333,3.6153846153846154,7.0
2001-10-13,330031.0,"Juan Fernández, Estación Meteorológica.",-33.63583,-78.83305,9.25,10.0
2001-10-13,340031.0,"General Freire, Curicó Ad.",-34.96944,-71.21694,7.363636363636363,10.0
2001-10-13,360011.0,"General Bernardo O'Higgins, Chillán Ad.",-36.58583,-72.03667,4.666666666666667,6.0
2001-10-13,360019.0,"Carriel Sur, Concepción Ap.",-36.78055,-73.06639,7.666666666666667,17.0
2001-10-13,370033.0,"María Dolores, Los Angeles Ad.",-37.39694,-72.42389,12.25,15.0
2001-10-13,380013.0,"Maquehue, Temuco Ad.",-38.76778,-72.63194,4.25,10.0
2001-10-13,390006.0,"Pichoy, Valdivia Ad.",-39.65667,-73.08722,4.25,6.0
2001-10-13,400009.0,"Cañal Bajo,  Osorno Ad.",-40.61444,-73.0575,11.0,22.0
2001-10-13,410005.0,El Tepual  Puerto Montt Ap.,-41.4475,-73.09583,9.041666666666666,21.0
2001-10-13,430001.0,Quellón Ad.,-43.13361,-73.63278,7.454545454545454,10.0
2001-10-13,430002.0,Futaleufú Ad.,-43.18889,-71.85222,3.0,6.0
2001-10-13,450004.0,"Teniente Vidal, Coyhaique Ad.",-45.59083,-72.10222,7.4,11.0
2001-10-13,450005.0,Balmaceda Ad.,-45.91833,-71.67778,14.541666666666666,24.0
2001-10-13,520006.0,"Carlos Ibañez, Punta Arenas Ap.",-53.00167,-70.83861,16.44,26.0
2001-10-13,530005.0,"Fuentes Martínez, Porvenir Ad.",-53.25361,-70.32611,18.545454545454547,28.0
2001-10-13,950001.0,"C.M.A. Eduardo Frei Montalva, Antártica ",-62.19194,-58.97972,36.25,42.0
2001-10-14,180005.0,"Chacalluta, Arica Ap.",-18.35555,-70.34028,5.208333333333333,11.0
2001-10-14,200006.0,Diego Aracena Iquique Ap.,-20.54917,-70.18111,5.666666666666667,13.0
2001-10-14,220002.0,"El Loa, Calama Ad.",-22.49806,-68.8925,17.583333333333332,24.0
2001-10-14,270001.0,Mataveri  Isla de Pascua Ap.,-27.15889,-109.4325,13.666666666666666,16.0
2001-10-14,290004.0,"La Florida, La Serena Ad.",-29.91444,-71.20667,4.764705882352941,7.0
2001-10-14,330007.0,"Rodelillo, Ad.",-33.06528,-71.55639,4.5,8.0
2001-10-14,330019.0,"Eulogio Sánchez, Tobalaba Ad.",-33.45528,-70.54861,1.0833333333333333,3.0
2001-10-14,330020.0,"Quinta Normal, Santiago",-33.445,-70.68278,3.2,8.0
2001-10-14,330021.0,Pudahuel Santiago ,-33.37833,-70.78778,4.041666666666667,12.0
2001-10-14,330030.0,"Santo Domingo, Ad.",-33.65611,-71.61333,4.714285714285714,10.0
2001-10-14,330031.0,"Juan Fernández, Estación Meteorológica.",-33.63583,-78.83305,9.0,10.0
2001-10-14,340031.0,"General Freire, Curicó Ad.",-34.96944,-71.21694,6.916666666666667,10.0
2001-10-14,360011.0,"General Bernardo O'Higgins, Chillán Ad.",-36.58583,-72.03667,5.5,7.0
2001-10-14,360019.0,"Carriel Sur, Concepción Ap.",-36.78055,-73.06639,7.333333333333333,14.0
2001-10-14,370033.0,"María Dolores, Los Angeles Ad.",-37.39694,-72.42389,10.666666666666666,16.0
2001-10-14,380013.0,"Maquehue, Temuco Ad.",-38.76778,-72.63194,3.9166666666666665,9.0
2001-10-14,390006.0,"Pichoy, Valdivia Ad.",-39.65667,-73.08722,6.25,8.0
2001-10-14,400009.0,"Cañal Bajo,  Osorno Ad.",-40.61444,-73.0575,11.357142857142858,14.0
2001-10-14,410005.0,El Tepual  Puerto Montt Ap.,-41.4475,-73.09583,7.916666666666667,12.0
2001-10-14,430001.0,Quellón Ad.,-43.13361,-73.63278,8.727272727272727,12.0
2001-10-14,430002.0,Futaleufú Ad.,-43.18889,-71.85222,6.0,6.0
2001-10-14,450004.0,"Teniente Vidal, Coyhaique Ad.",-45.59083,-72.10222,5.6,6.0
2001-10-14,450005.0,Balmaceda Ad.,-45.91833,-71.67778,3.4583333333333335,9.0
2001-10-14,520006.0,"Carlos Ibañez, Punta Arenas Ap.",-53.00167,-70.83861,10.291666666666666,19.0
2001-10-14,950001.0,"C.M.A. Eduardo Frei Montalva, Antártica ",-62.19194,-58.97972,27.25,37.0
2001-10-15,180005.0,"Chacalluta, Arica Ap.",-18.35555,-70.34028,5.333333333333333,11.0
2001-10-15,200006.0,Diego Aracena Iquique Ap.,-20.54917,-70.18111,4.875,9.0
2001-10-15,220002.0,"El Loa, Calama Ad.",-22.49806,-68.8925,14.733333333333333,24.0
2001-10-15,270001.0,Mataveri  Isla de Pascua Ap.,-27.15889,-109.4325,7.0,10.0
2001-10-15,290004.0,"La Florida, La Serena Ad.",-29.91444,-71.20667,4.0,7.0
2001-10-15,330007.0,"Rodelillo, Ad.",-33.06528,-71.55639,3.6153846153846154,6.0
2001-10-15,330019.0,"Eulogio Sánchez, Tobalaba Ad.",-33.45528,-70.54861,1.3076923076923077,4.0
2001-10-15,330020.0,"Quinta Normal, Santiago",-33.445,-70.68278,2.8,6.0
2001-10-15,330021.0,Pudahuel Santiago ,-33.37833,-70.78778,4.6,14.0
2001-10-15,330030.0,"Santo Domingo, Ad.",-33.65611,-71.61333,2.857142857142857,5.0
2001-10-15,330031.0,"Juan Fernández, Estación Meteorológica.",-33.63583,-78.83305,5.75,7.0
2001-10-15,340031.0,"General Freire, Curicó Ad.",-34.96944,-71.21694,5.333333333333333,12.0
2001-10-15,360011.0,"General Bernardo O'Higgins, Chillán Ad.",-36.58583,-72.03667,1.5,3.0
2001-10-15,360019.0,"Carriel Sur, Concepción Ap.",-36.78055,-73.06639,4.791666666666667,10.0
2001-10-15,370033.0,"María Dolores, Los Angeles Ad.",-37.39694,-72.42389,3.6666666666666665,4.0
2001-10-15,380013.0,"Maquehue, Temuco Ad.",-38.76778,-72.63194,2.5833333333333335,9.0
2001-10-15,390006.0,"Pichoy, Valdivia Ad.",-39.65667,-73.08722,2.25,4.0
2001-10-15,400009.0,"Cañal Bajo,  Osorno Ad.",-40.61444,-73.0575,2.7142857142857144,8.0
2001-10-15,410005.0,El Tepual  Puerto Montt Ap.,-41.4475,-73.09583,3.75,9.0
2001-10-15,430001.0,Quellón Ad.,-43.13361,-73.63278,1.6363636363636365,4.0
2001-10-15,430002.0,Futaleufú Ad.,-43.18889,-71.85222,1.5,6.0
2001-10-15,450004.0,"Teniente Vidal, Coyhaique Ad.",-45.59083,-72.10222,5.0,9.0
2001-10-15,450005.0,Balmaceda Ad.,-45.91833,-71.67778,4.791666666666667,15.0
2001-10-15,520006.0,"Carlos Ibañez, Punta Arenas Ap.",-53.00167,-70.83861,4.041666666666667,9.0
2001-10-15,530005.0,"Fuentes Martínez, Porvenir Ad.",-53.25361,-70.32611,8.75,12.0
2001-10-15,950001.0,"C.M.A. Eduardo Frei Montalva, Antártica ",-62.19194,-58.97972,28.625,39.0
2001-10-16,180005.0,"Chacalluta, Arica Ap.",-18.35555,-70.34028,5.75,12.0
2001-10-16,200006.0,Diego Aracena Iquique Ap.,-20.54917,-70.18111,5.166666666666667,11.0
2001-10-16,220002.0,"El Loa, Calama Ad.",-22.49806,-68.8925,14.25,22.0
2001-10-16,270001.0,Mataveri  Isla de Pascua Ap.,-27.15889,-109.4325,8.666666666666666,14.0
2001-10-16,290004.0,"La Florida, La Serena Ad.",-29.91444,-71.20667,5.111111111111111,8.0
2001-10-16,330007.0,"Rodelillo, Ad.",-33.06528,-71.55639,3.2857142857142856,7.0
2001-10-16,330019.0,"Eulogio Sánchez, Tobalaba Ad.",-33.45528,-70.54861,1.6923076923076923,3.0
2001-10-16,330020.0,"Quinta Normal, Santiago",-33.445,-70.68278,3.6,6.0
2001-10-16,330021.0,Pudahuel Santiago ,-33.37833,-70.78778,7.32,16.0
2001-10-16,330030.0,"Santo Domingo, Ad.",-33.65611,-71.61333,4.357142857142857,8.0
2001-10-16,330031.0,"Juan Fernández, Estación Meteorológica.",-33.63583,-78.83305,2.8,5.0
2001-10-16,340031.0,"General Freire, Curicó Ad.",-34.96944,-71.21694,2.5833333333333335,5.0
2001-10-16,360011.0,"General Bernardo O'Higgins, Chillán Ad.",-36.58583,-72.03667,2.25,4.0
2001-10-16,360019.0,"Carriel Sur, Concepción Ap.",-36.78055,-73.06639,4.791666666666667,9.0
2001-10-16,370033.0,"María Dolores, Los Angeles Ad.",-37.39694,-72.42389,4.0,5.0
2001-10-16,380013.0,"Maquehue, Temuco Ad.",-38.76778,-72.63194,3.0,6.0
2001-10-16,390006.0,"Pichoy, Valdivia Ad.",-39.65667,-73.08722,4.8,10.0
2001-10-16,400009.0,"Cañal Bajo,  Osorno Ad.",-40.61444,-73.0575,5.428571428571429,10.0
2001-10-16,410005.0,El Tepual  Puerto Montt Ap.,-41.4475,-73.09583,4.583333333333333,10.0
2001-10-16,430001.0,Quellón Ad.,-43.13361,-73.63278,5.090909090909091,8.0
2001-10-16,430002.0,Futaleufú Ad.,-43.18889,-71.85222,4.0,10.0
2001-10-16,450001.0,Puerto Aysén Ad.,-45.39944,-72.67722,10.5,18.0
2001-10-16,450004.0,"Teniente Vidal, Coyhaique Ad.",-45.59083,-72.10222,5.4,11.0
2001-10-16,450005.0,Balmaceda Ad.,-45.91833,-71.67778,9.0,26.0
2001-10-16,520006.0,"Carlos Ibañez, Punta Arenas Ap.",-53.00167,-70.83861,6.0,20.0
2001-10-16,530005.0,"Fuentes Martínez, Porvenir Ad.",-53.25361,-70.32611,10.5,17.0
2001-10-16,550001.0,"Guardiamarina Zañartu, Pto Williams Ad.",-54.93167,-67.61556,8.6,17.0
2001-10-16,950001.0,"C.M.A. Eduardo Frei Montalva, Antártica ",-62.19194,-58.97972,20.714285714285715,31.0
2001-10-17,180005.0,"Chacalluta, Arica Ap.",-18.35555,-70.34028,5.541666666666667,10.0
2001-10-17,200006.0,Diego Aracena Iquique Ap.,-20.54917,-70.18111,9.166666666666666,14.0
2001-10-17,220002.0,"El Loa, Calama Ad.",-22.49806,-68.8925,14.8125,23.0
2001-10-17,270001.0,Mataveri  Isla de Pascua Ap.,-27.15889,-109.4325,6.666666666666667,10.0
2001-10-17,290004.0,"La Florida, La Serena Ad.",-29.91444,-71.20667,4.9411764705882355,8.0
2001-10-17,330007.0,"Rodelillo, Ad.",-33.06528,-71.55639,4.769230769230769,7.0
2001-10-17,330019.0,"Eulogio Sánchez, Tobalaba Ad.",-33.45528,-70.54861,0.6923076923076923,3.0
2001-10-17,330020.0,"Quinta Normal, Santiago",-33.445,-70.68278,2.4,4.0
2001-10-17,330021.0,Pudahuel Santiago ,-33.37833,-70.78778,4.76,11.0
2001-10-17,330030.0,"Santo Domingo, Ad.",-33.65611,-71.61333,6.142857142857143,16.0
2001-10-17,330031.0,"Juan Fernández, Estación Meteorológica.",-33.63583,-78.83305,0.0,0.0
2001-10-17,340031.0,"General Freire, Curicó Ad.",-34.96944,-71.21694,5.333333333333333,8.0
2001-10-17,360011.0,"General Bernardo O'Higgins, Chillán Ad.",-36.58583,-72.03667,3.0,4.0
2001-10-17,360019.0,"Carriel Sur, Concepción Ap.",-36.78055,-73.06639,8.625,16.0
2001-10-17,370033.0,"María Dolores, Los Angeles Ad.",-37.39694,-72.42389,4.0,6.0
2001-10-17,380013.0,"Maquehue, Temuco Ad.",-38.76778,-72.63194,3.375,6.0
2001-10-17,390006.0,"Pichoy, Valdivia Ad.",-39.65667,-73.08722,2.5,4.0
2001-10-17,400009.0,"Cañal Bajo,  Osorno Ad.",-40.61444,-73.0575,4.285714285714286,7.0
2001-10-17,410005.0,El Tepual  Puerto Montt Ap.,-41.4475,-73.09583,7.166666666666667,12.0
2001-10-17,430001.0,Quellón Ad.,-43.13361,-73.63278,6.0,8.0
2001-10-17,430002.0,Futaleufú Ad.,-43.18889,-71.85222,11.8,18.0
2001-10-17,450001.0,Puerto Aysén Ad.,-45.39944,-72.67722,9.0,16.0
2001-10-17,450004.0,"Teniente Vidal, Coyhaique Ad.",-45.59083,-72.10222,9.2,14.0
2001-10-17,450005.0,Balmaceda Ad.,-45.91833,-71.67778,21.916666666666668,29.0
2001-10-17,520006.0,"Carlos Ibañez, Punta Arenas Ap.",-53.00167,-70.83861,13.583333333333334,24.0
2001-10-17,530005.0,"Fuentes Martínez, Porvenir Ad.",-53.25361,-70.32611,15.333333333333334,21.0
2001-10-17,550001.0,"Guardiamarina Zañartu, Pto Williams Ad.",-54.93167,-67.61556,11.11111111111111,18.0
2001-10-17,950001.0,"C.M.A. Eduardo Frei Montalva, Antártica ",-62.19194,-58.97972,29.0,36.0
2001-10-18,180005.0,"Chacalluta, Arica Ap.",-18.35555,-70.34028,5.5,12.0
2001-10-18,200006.0,Diego Aracena Iquique Ap.,-20.54917,-70.18111,7.625,15.0
2001-10-18,220002.0,"El Loa, Calama Ad.",-22.49806,-68.8925,16.5,25.0
2001-10-18,270001.0,Mataveri  Isla de Pascua Ap.,-27.15889,-109.4325,3.0,6.0
2001-10-18,290004.0,"La Florida, La Serena Ad.",-29.91444,-71.20667,4.111111111111111,8.0
2001-10-18,330007.0,"Rodelillo, Ad.",-33.06528,-71.55639,6.166666666666667,8.0
2001-10-18,330019.0,"Eulogio Sánchez, Tobalaba Ad.",-33.45528,-70.54861,1.0,3.0
2001-10-18,330020.0,"Quinta Normal, Santiago",-33.445,-70.68278,4.0,6.0
2001-10-18,330021.0,Pudahuel Santiago ,-33.37833,-70.78778,5.041666666666667,12.0
2001-10-18,330030.0,"Santo Domingo, Ad.",-33.65611,-71.61333,4.857142857142857,10.0
2001-10-18,330031.0,"Juan Fernández, Estación Meteorológica.",-33.63583,-78.83305,2.6,5.0
2001-10-18,340031.0,"General Freire, Curicó Ad.",-34.96944,-71.21694,7.333333333333333,13.0
2001-10-18,360011.0,"General Bernardo O'Higgins, Chillán Ad.",-36.58583,-72.03667,4.25,6.0
2001-10-18,360019.0,"Carriel Sur, Concepción Ap.",-36.78055,-73.06639,7.333333333333333,14.0
2001-10-18,370033.0,"María Dolores, Los Angeles Ad.",-37.39694,-72.42389,7.666666666666667,10.0
2001-10-18,380013.0,"Maquehue, Temuco Ad.",-38.76778,-72.63194,4.833333333333333,10.0
2001-10-18,390006.0,"Pichoy, Valdivia Ad.",-39.65667,-73.08722,5.25,9.0
2001-10-18,400009.0,"Cañal Bajo,  Osorno Ad.",-40.61444,-73.0575,4.0,10.0
2001-10-18,410005.0,El Tepual  Puerto Montt Ap.,-41.4475,-73.09583,3.2916666666666665,9.0
2001-10-18,430001.0,Quellón Ad.,-43.13361,-73.63278,6.7272727272727275,8.0
2001-10-18,430002.0,Futaleufú Ad.,-43.18889,-71.85222,8.6,13.0
2001-10-18,450001.0,Puerto Aysén Ad.,-45.39944,-72.67722,2.5714285714285716,8.0
2001-10-18,450004.0,"Teniente Vidal, Coyhaique Ad.",-45.59083,-72.10222,7.4,12.0
2001-10-18,450005.0,Balmaceda Ad.,-45.91833,-71.67778,18.875,27.0
2001-10-18,520006.0,"Carlos Ibañez, Punta Arenas Ap.",-53.00167,-70.83861,15.541666666666666,22.0
2001-10-18,530005.0,"Fuentes Martínez, Porvenir Ad.",-53.25361,-70.32611,18.666666666666668,21.0
2001-10-18,550001.0,"Guardiamarina Zañartu, Pto Williams Ad.",-54.93167,-67.61556,15.555555555555555,20.0
2001-10-18,950001.0,"C.M.A. Eduardo Frei Montalva, Antártica ",-62.19194,-58.97972,17.0,24.0
2001-10-19,180005.0,"Chacalluta, Arica Ap.",-18.35555,-70.34028,5.916666666666667,11.0
2001-10-19,200006.0,Diego Aracena Iquique Ap.,-20.54917,-70.18111,8.041666666666666,15.0
2001-10-19,220002.0,"El Loa, Calama Ad.",-22.49806,-68.8925,14.625,25.0
2001-10-19,270001.0,Mataveri  Isla de Pascua Ap.,-27.15889,-109.4325,2.8333333333333335,7.0
2001-10-19,290004.0,"La Florida, La Serena Ad.",-29.91444,-71.20667,3.2777777777777777,8.0
2001-10-19,330007.0,"Rodelillo, Ad.",-33.06528,-71.55639,11.25,14.0
2001-10-19,330019.0,"Eulogio Sánchez, Tobalaba Ad.",-33.45528,-70.54861,0.46153846153846156,2.0
2001-10-19,330020.0,"Quinta Normal, Santiago",-33.445,-70.68278,2.0,4.0
2001-10-19,330021.0,Pudahuel Santiago ,-33.37833,-70.78778,4.791666666666667,10.0
2001-10-19,330030.0,"Santo Domingo, Ad.",-33.65611,-71.61333,7.0,15.0
2001-10-19,330031.0,"Juan Fernández, Estación Meteorológica.",-33.63583,-78.83305,5.8,8.0
2001-10-19,340031.0,"General Freire, Curicó Ad.",-34.96944,-71.21694,7.583333333333333,13.0
2001-10-19,360011.0,"General Bernardo O'Higgins, Chillán Ad.",-36.58583,-72.03667,6.75,10.0
2001-10-19,360019.0,"Carriel Sur, Concepción Ap.",-36.78055,-73.06639,10.041666666666666,13.0
2001-10-19,370033.0,"María Dolores, Los Angeles Ad.",-37.39694,-72.42389,4.666666666666667,6.0
2001-10-19,380013.0,"Maquehue, Temuco Ad.",-38.76778,-72.63194,5.375,12.0
2001-10-19,390006.0,"Pichoy, Valdivia Ad.",-39.65667,-73.08722,11.25,19.0
2001-10-19,400009.0,"Cañal Bajo,  Osorno Ad.",-40.61444,-73.0575,7.5,12.0
2001-10-19,410005.0,El Tepual  Puerto Montt Ap.,-41.4475,-73.09583,5.833333333333333,15.0
2001-10-19,430001.0,Quellón Ad.,-43.13361,-73.63278,9.090909090909092,14.0
2001-10-19,430002.0,Futaleufú Ad.,-43.18889,-71.85222,6.4,16.0
2001-10-19,450001.0,Puerto Aysén Ad.,-45.39944,-72.67722,7.75,12.0
2001-10-19,450004.0,"Teniente Vidal, Coyhaique Ad.",-45.59083,-72.10222,8.6,13.0
2001-10-19,450005.0,Balmaceda Ad.,-45.91833,-71.67778,12.625,19.0
2001-10-19,520006.0,"Carlos Ibañez, Punta Arenas Ap.",-53.00167,-70.83861,14.291666666666666,22.0
2001-10-19,530005.0,"Fuentes Martínez, Porvenir Ad.",-53.25361,-70.32611,16.166666666666668,26.0
2001-10-19,550001.0,"Guardiamarina Zañartu, Pto Williams Ad.",-54.93167,-67.61556,15.75,20.0
2001-10-19,950001.0,"C.M.A. Eduardo Frei Montalva, Antártica ",-62.19194,-58.97972,15.7,30.0
2001-10-20,180005.0,"Chacalluta, Arica Ap.",-18.35555,-70.34028,6.125,14.0
2001-10-20,200006.0,Diego Aracena Iquique Ap.,-20.54917,-70.18111,8.166666666666666,15.0
2001-10-20,220002.0,"El Loa, Calama Ad.",-22.49806,-68.8925,15.333333333333334,23.0
2001-10-20,270001.0,Mataveri  Isla de Pascua Ap.,-27.15889,-109.4325,7.333333333333333,10.0
2001-10-20,290004.0,"La Florida, La Serena Ad.",-29.91444,-71.20667,4.333333333333333,11.0
2001-10-20,330007.0,"Rodelillo, Ad.",-33.06528,-71.55639,7.3076923076923075,12.0
2001-10-20,330019.0,"Eulogio Sánchez, Tobalaba Ad.",-33.45528,-70.54861,1.3076923076923077,3.0
2001-10-20,330020.0,"Quinta Normal, Santiago",-33.445,-70.68278,2.4,6.0
2001-10-20,330021.0,Pudahuel Santiago ,-33.37833,-70.78778,6.375,14.0
2001-10-20,330030.0,"Santo Domingo, Ad.",-33.65611,-71.61333,8.214285714285714,17.0
2001-10-20,330031.0,"Juan Fernández, Estación Meteorológica.",-33.63583,-78.83305,5.25,6.0
2001-10-20,340031.0,"General Freire, Curicó Ad.",-34.96944,-71.21694,8.583333333333334,12.0
2001-10-20,360011.0,"General Bernardo O'Higgins, Chillán Ad.",-36.58583,-72.03667,12.75,15.0
2001-10-20,360019.0,"Carriel Sur, Concepción Ap.",-36.78055,-73.06639,8.458333333333334,15.0
2001-10-20,370033.0,"María Dolores, Los Angeles Ad.",-37.39694,-72.42389,14.666666666666666,20.0
2001-10-20,380013.0,"Maquehue, Temuco Ad.",-38.76778,-72.63194,4.583333333333333,9.0
2001-10-20,390006.0,"Pichoy, Valdivia Ad.",-39.65667,-73.08722,5.0,9.0
2001-10-20,400009.0,"Cañal Bajo,  Osorno Ad.",-40.61444,-73.0575,5.928571428571429,10.0
2001-10-20,410005.0,El Tepual  Puerto Montt Ap.,-41.4475,-73.09583,3.9166666666666665,10.0
2001-10-20,430001.0,Quellón Ad.,-43.13361,-73.63278,4.090909090909091,5.0
2001-10-20,430002.0,Futaleufú Ad.,-43.18889,-71.85222,6.0,10.0
2001-10-20,450004.0,"Teniente Vidal, Coyhaique Ad.",-45.59083,-72.10222,9.6,15.0
2001-10-20,450005.0,Balmaceda Ad.,-45.91833,-71.67778,18.25,28.0
2001-10-20,520006.0,"Carlos Ibañez, Punta Arenas Ap.",-53.00167,-70.83861,26.791666666666668,45.0
2001-10-20,530005.0,"Fuentes Martínez, Porvenir Ad.",-53.25361,-70.32611,24.5,30.0
2001-10-20,950001.0,"C.M.A. Eduardo Frei Montalva, Antártica ",-62.19194,-58.97972,27.125,36.0
2001-10-21,180005.0,"Chacalluta, Arica Ap.",-18.35555,-70.34028,7.375,12.0
2001-10-21,200006.0,Diego Aracena Iquique Ap.,-20.54917,-70.18111,6.041666666666667,12.0
2001-10-21,220002.0,"El Loa, Calama Ad.",-22.49806,-68.8925,14.75,23.0
2001-10-21,270001.0,Mataveri  Isla de Pascua Ap.,-27.15889,-109.4325,6.166666666666667,8.0
2001-10-21,290004.0,"La Florida, La Serena Ad.",-29.91444,-71.20667,6.833333333333333,13.0
2001-10-21,330007.0,"Rodelillo, Ad.",-33.06528,-71.55639,8.076923076923077,12.0
2001-10-21,330019.0,"Eulogio Sánchez, Tobalaba Ad.",-33.45528,-70.54861,1.1538461538461537,2.0
2001-10-21,330020.0,"Quinta Normal, Santiago",-33.445,-70.68278,3.0,6.0
2001-10-21,330021.0,Pudahuel Santiago ,-33.37833,-70.78778,4.416666666666667,13.0
2001-10-21,330030.0,"Santo Domingo, Ad.",-33.65611,-71.61333,5.857142857142857,10.0
2001-10-21,330031.0,"Juan Fernández, Estación Meteorológica.",-33.63583,-78.83305,6.25,8.0
2001-10-21,340031.0,"General Freire, Curicó Ad.",-34.96944,-71.21694,8.5,11.0
2001-10-21,360011.0,"General Bernardo O'Higgins, Chillán Ad.",-36.58583,-72.03667,8.0,10.0
2001-10-21,360019.0,"Carriel Sur, Concepción Ap.",-36.78055,-73.06639,6.833333333333333,14.0
2001-10-21,370033.0,"María Dolores, Los Angeles Ad.",-37.39694,-72.42389,8.666666666666666,10.0
2001-10-21,380013.0,"Maquehue, Temuco Ad.",-38.76778,-72.63194,3.5833333333333335,8.0
2001-10-21,390006.0,"Pichoy, Valdivia Ad.",-39.65667,-73.08722,5.5,10.0
2001-10-21,400009.0,"Cañal Bajo,  Osorno Ad.",-40.61444,-73.0575,7.214285714285714,11.0
2001-10-21,410005.0,El Tepual  Puerto Montt Ap.,-41.4475,-73.09583,6.375,12.0
2001-10-21,430001.0,Quellón Ad.,-43.13361,-73.63278,4.2727272727272725,7.0
2001-10-21,430002.0,Futaleufú Ad.,-43.18889,-71.85222,5.4,10.0
2001-10-21,450004.0,"Teniente Vidal, Coyhaique Ad.",-45.59083,-72.10222,5.8,10.0
2001-10-21,450005.0,Balmaceda Ad.,-45.91833,-71.67778,22.541666666666668,28.0
2001-10-21,520006.0,"Carlos Ibañez, Punta Arenas Ap.",-53.00167,-70.83861,20.375,31.0
2001-10-21,950001.0,"C.M.A. Eduardo Frei Montalva, Antártica ",-62.19194,-58.97972,34.90909090909091,46.0
2001-10-22,180005.0,"Chacalluta, Arica Ap.",-18.35555,-70.34028,5.166666666666667,10.0
2001-10-22,200006.0,Diego Aracena Iquique Ap.,-20.54917,-70.18111,6.583333333333333,13.0
2001-10-22,220002.0,"El Loa, Calama Ad.",-22.49806,-68.8925,14.6875,22.0
2001-10-22,270001.0,Mataveri  Isla de Pascua Ap.,-27.15889,-109.4325,4.666666666666667,7.0
2001-10-22,290004.0,"La Florida, La Serena Ad.",-29.91444,-71.20667,5.0,10.0
2001-10-22,330007.0,"Rodelillo, Ad.",-33.06528,-71.55639,7.615384615384615,12.0
2001-10-22,330019.0,"Eulogio Sánchez, Tobalaba Ad.",-33.45528,-70.54861,1.3846153846153846,3.0
2001-10-22,330020.0,"Quinta Normal, Santiago",-33.445,-70.68278,4.0,8.0
2001-10-22,330021.0,Pudahuel Santiago ,-33.37833,-70.78778,5.083333333333333,14.0
2001-10-22,330030.0,"Santo Domingo, Ad.",-33.65611,-71.61333,4.928571428571429,10.0
2001-10-22,330031.0,"Juan Fernández, Estación Meteorológica.",-33.63583,-78.83305,1.4,7.0
2001-10-22,340031.0,"General Freire, Curicó Ad.",-34.96944,-71.21694,9.5,13.0
2001-10-22,360011.0,"General Bernardo O'Higgins, Chillán Ad.",-36.58583,-72.03667,5.0,7.0
2001-10-22,360019.0,"Carriel Sur, Concepción Ap.",-36.78055,-73.06639,7.166666666666667,13.0
2001-10-22,370033.0,"María Dolores, Los Angeles Ad.",-37.39694,-72.42389,9.333333333333334,10.0
2001-10-22,380013.0,"Maquehue, Temuco Ad.",-38.76778,-72.63194,2.9583333333333335,8.0
2001-10-22,390006.0,"Pichoy, Valdivia Ad.",-39.65667,-73.08722,3.0,6.0
2001-10-22,400009.0,"Cañal Bajo,  Osorno Ad.",-40.61444,-73.0575,1.5,4.0
2001-10-22,410005.0,El Tepual  Puerto Montt Ap.,-41.4475,-73.09583,2.7916666666666665,7.0
2001-10-22,430001.0,Quellón Ad.,-43.13361,-73.63278,3.727272727272727,8.0
2001-10-22,430002.0,Futaleufú Ad.,-43.18889,-71.85222,4.8,10.0
2001-10-22,450001.0,Puerto Aysén Ad.,-45.39944,-72.67722,8.75,12.0
2001-10-22,450004.0,"Teniente Vidal, Coyhaique Ad.",-45.59083,-72.10222,6.6,9.0
2001-10-22,450005.0,Balmaceda Ad.,-45.91833,-71.67778,17.0,24.0
2001-10-22,520006.0,"Carlos Ibañez, Punta Arenas Ap.",-53.00167,-70.83861,18.583333333333332,29.0
2001-10-22,530005.0,"Fuentes Martínez, Porvenir Ad.",-53.25361,-70.32611,25.5,32.0
2001-10-22,550001.0,"Guardiamarina Zañartu, Pto Williams Ad.",-54.93167,-67.61556,13.0,20.0
2001-10-22,950001.0,"C.M.A. Eduardo Frei Montalva, Antártica ",-62.19194,-58.97972,25.77777777777778,30.0
2001-10-23,180005.0,"Chacalluta, Arica Ap.",-18.35555,-70.34028,6.333333333333333,11.0
2001-10-23,200006.0,Diego Aracena Iquique Ap.,-20.54917,-70.18111,6.416666666666667,13.0
2001-10-23,220002.0,"El Loa, Calama Ad.",-22.49806,-68.8925,14.4375,22.0
2001-10-23,270001.0,Mataveri  Isla de Pascua Ap.,-27.15889,-109.4325,8.166666666666666,10.0
2001-10-23,290004.0,"La Florida, La Serena Ad.",-29.91444,-71.20667,4.222222222222222,10.0
2001-10-23,330007.0,"Rodelillo, Ad.",-33.06528,-71.55639,12.166666666666666,17.0
2001-10-23,330019.0,"Eulogio Sánchez, Tobalaba Ad.",-33.45528,-70.54861,1.0,2.0
2001-10-23,330020.0,"Quinta Normal, Santiago",-33.445,-70.68278,3.0,6.0
2001-10-23,330021.0,Pudahuel Santiago ,-33.37833,-70.78778,4.416666666666667,11.0
2001-10-23,330030.0,"Santo Domingo, Ad.",-33.65611,-71.61333,7.357142857142857,14.0
2001-10-23,330031.0,"Juan Fernández, Estación Meteorológica.",-33.63583,-78.83305,1.8,5.0
2001-10-23,340031.0,"General Freire, Curicó Ad.",-34.96944,-71.21694,3.6666666666666665,8.0
2001-10-23,360011.0,"General Bernardo O'Higgins, Chillán Ad.",-36.58583,-72.03667,7.0,12.0
2001-10-23,360019.0,"Carriel Sur, Concepción Ap.",-36.78055,-73.06639,6.583333333333333,12.0
2001-10-23,370033.0,"María Dolores, Los Angeles Ad.",-37.39694,-72.42389,7.0,8.0
2001-10-23,380013.0,"Maquehue, Temuco Ad.",-38.76778,-72.63194,2.5833333333333335,6.0
2001-10-23,390006.0,"Pichoy, Valdivia Ad.",-39.65667,-73.08722,3.75,6.0
2001-10-23,400009.0,"Cañal Bajo,  Osorno Ad.",-40.61444,-73.0575,4.071428571428571,7.0
2001-10-23,410005.0,El Tepual  Puerto Montt Ap.,-41.4475,-73.09583,4.375,14.0
2001-10-23,430001.0,Quellón Ad.,-43.13361,-73.63278,6.090909090909091,10.0
2001-10-23,430002.0,Futaleufú Ad.,-43.18889,-71.85222,2.2,7.0
2001-10-23,450001.0,Puerto Aysén Ad.,-45.39944,-72.67722,7.5,10.0
2001-10-23,450004.0,"Teniente Vidal, Coyhaique Ad.",-45.59083,-72.10222,8.8,13.0
2001-10-23,450005.0,Balmaceda Ad.,-45.91833,-71.67778,17.208333333333332,24.0
2001-10-23,520006.0,"Carlos Ibañez, Punta Arenas Ap.",-53.00167,-70.83861,18.083333333333332,23.0
2001-10-23,530005.0,"Fuentes Martínez, Porvenir Ad.",-53.25361,-70.32611,26.916666666666668,32.0
2001-10-23,550001.0,"Guardiamarina Zañartu, Pto Williams Ad.",-54.93167,-67.61556,17.25,20.0
2001-10-23,950001.0,"C.M.A. Eduardo Frei Montalva, Antártica ",-62.19194,-58.97972,14.857142857142858,40.0
2001-10-24,180005.0,"Chacalluta, Arica Ap.",-18.35555,-70.34028,7.791666666666667,15.0
2001-10-24,200006.0,Diego Aracena Iquique Ap.,-20.54917,-70.18111,5.583333333333333,11.0
2001-10-24,220002.0,"El Loa, Calama Ad.",-22.49806,-68.8925,15.8125,23.0
2001-10-24,270001.0,Mataveri  Isla de Pascua Ap.,-27.15889,-109.4325,9.5,12.0
2001-10-24,290004.0,"La Florida, La Serena Ad.",-29.91444,-71.20667,4.166666666666667,11.0
2001-10-24,330007.0,"Rodelillo, Ad.",-33.06528,-71.55639,8.923076923076923,12.0
2001-10-24,330019.0,"Eulogio Sánchez, Tobalaba Ad.",-33.45528,-70.54861,1.3076923076923077,3.0
2001-10-24,330020.0,"Quinta Normal, Santiago",-33.445,-70.68278,4.0,6.0
2001-10-24,330021.0,Pudahuel Santiago ,-33.37833,-70.78778,5.814814814814815,13.0
2001-10-24,330030.0,"Santo Domingo, Ad.",-33.65611,-71.61333,8.142857142857142,16.0
2001-10-24,330031.0,"Juan Fernández, Estación Meteorológica.",-33.63583,-78.83305,6.4,8.0
2001-10-24,340031.0,"General Freire, Curicó Ad.",-34.96944,-71.21694,4.666666666666667,7.0
2001-10-24,360011.0,"General Bernardo O'Higgins, Chillán Ad.",-36.58583,-72.03667,10.75,14.0
2001-10-24,360019.0,"Carriel Sur, Concepción Ap.",-36.78055,-73.06639,12.75,20.0
2001-10-24,370033.0,"María Dolores, Los Angeles Ad.",-37.39694,-72.42389,9.666666666666666,12.0
2001-10-24,380013.0,"Maquehue, Temuco Ad.",-38.76778,-72.63194,3.5833333333333335,8.0
2001-10-24,390006.0,"Pichoy, Valdivia Ad.",-39.65667,-73.08722,6.75,11.0
2001-10-24,400009.0,"Cañal Bajo,  Osorno Ad.",-40.61444,-73.0575,4.428571428571429,12.0
2001-10-24,410005.0,El Tepual  Puerto Montt Ap.,-41.4475,-73.09583,2.8333333333333335,7.0
2001-10-24,430001.0,Quellón Ad.,-43.13361,-73.63278,3.909090909090909,4.0
2001-10-24,430002.0,Futaleufú Ad.,-43.18889,-71.85222,2.6,6.0
2001-10-24,450001.0,Puerto Aysén Ad.,-45.39944,-72.67722,10.25,14.0
2001-10-24,450004.0,"Teniente Vidal, Coyhaique Ad.",-45.59083,-72.10222,7.2,12.0
2001-10-24,450005.0,Balmaceda Ad.,-45.91833,-71.67778,16.083333333333332,25.0
2001-10-24,520006.0,"Carlos Ibañez, Punta Arenas Ap.",-53.00167,-70.83861,19.28,32.0
2001-10-24,530005.0,"Fuentes Martínez, Porvenir Ad.",-53.25361,-70.32611,23.666666666666668,27.0
2001-10-24,550001.0,"Guardiamarina Zañartu, Pto Williams Ad.",-54.93167,-67.61556,15.222222222222221,25.0
2001-10-24,950001.0,"C.M.A. Eduardo Frei Montalva, Antártica ",-62.19194,-58.97972,12.5625,23.0
2001-10-25,180005.0,"Chacalluta, Arica Ap.",-18.35555,-70.34028,5.666666666666667,15.0
2001-10-25,200006.0,Diego Aracena Iquique Ap.,-20.54917,-70.18111,8.583333333333334,18.0
2001-10-25,220002.0,"El Loa, Calama Ad.",-22.49806,-68.8925,14.75,21.0
2001-10-25,270001.0,Mataveri  Isla de Pascua Ap.,-27.15889,-109.4325,8.5,13.0
2001-10-25,290004.0,"La Florida, La Serena Ad.",-29.91444,-71.20667,5.611111111111111,10.0
2001-10-25,330007.0,"Rodelillo, Ad.",-33.06528,-71.55639,10.5,15.0
2001-10-25,330019.0,"Eulogio Sánchez, Tobalaba Ad.",-33.45528,-70.54861,0.15384615384615385,2.0
2001-10-25,330020.0,"Quinta Normal, Santiago",-33.445,-70.68278,2.8,6.0
2001-10-25,330021.0,Pudahuel Santiago ,-33.37833,-70.78778,5.592592592592593,10.0
2001-10-25,330030.0,"Santo Domingo, Ad.",-33.65611,-71.61333,4.428571428571429,10.0
2001-10-25,330031.0,"Juan Fernández, Estación Meteorológica.",-33.63583,-78.83305,7.8,10.0
2001-10-25,340031.0,"General Freire, Curicó Ad.",-34.96944,-71.21694,3.9166666666666665,7.0
2001-10-25,360011.0,"General Bernardo O'Higgins, Chillán Ad.",-36.58583,-72.03667,7.75,9.0
2001-10-25,360019.0,"Carriel Sur, Concepción Ap.",-36.78055,-73.06639,12.416666666666666,16.0
2001-10-25,370033.0,"María Dolores, Los Angeles Ad.",-37.39694,-72.42389,5.666666666666667,8.0
2001-10-25,380013.0,"Maquehue, Temuco Ad.",-38.76778,-72.63194,4.125,8.0
2001-10-25,390006.0,"Pichoy, Valdivia Ad.",-39.65667,-73.08722,8.25,12.0
2001-10-25,400009.0,"Cañal Bajo,  Osorno Ad.",-40.61444,-73.0575,5.285714285714286,9.0
2001-10-25,410005.0,El Tepual  Puerto Montt Ap.,-41.4475,-73.09583,7.0,13.0
2001-10-25,430001.0,Quellón Ad.,-43.13361,-73.63278,4.2727272727272725,5.0
2001-10-25,430002.0,Futaleufú Ad.,-43.18889,-71.85222,0.8,4.0
2001-10-25,450001.0,Puerto Aysén Ad.,-45.39944,-72.67722,1.75,6.0
2001-10-25,450004.0,"Teniente Vidal, Coyhaique Ad.",-45.59083,-72.10222,4.0,7.0
2001-10-25,450005.0,Balmaceda Ad.,-45.91833,-71.67778,6.833333333333333,17.0
2001-10-25,520006.0,"Carlos Ibañez, Punta Arenas Ap.",-53.00167,-70.83861,14.0,20.0
2001-10-25,530005.0,"Fuentes Martínez, Porvenir Ad.",-53.25361,-70.32611,18.833333333333332,24.0
2001-10-25,550001.0,"Guardiamarina Zañartu, Pto Williams Ad.",-54.93167,-67.61556,14.818181818181818,20.0
2001-10-25,950001.0,"C.M.A. Eduardo Frei Montalva, Antártica ",-62.19194,-58.97972,26.0,32.0
2001-10-26,180005.0,"Chacalluta, Arica Ap.",-18.35555,-70.34028,5.125,11.0
2001-10-26,200006.0,Diego Aracena Iquique Ap.,-20.54917,-70.18111,6.708333333333333,11.0
2001-10-26,220002.0,"El Loa, Calama Ad.",-22.49806,-68.8925,15.875,25.0
2001-10-26,270001.0,Mataveri  Isla de Pascua Ap.,-27.15889,-109.4325,7.5,10.0
2001-10-26,290004.0,"La Florida, La Serena Ad.",-29.91444,-71.20667,6.055555555555555,11.0
2001-10-26,330007.0,"Rodelillo, Ad.",-33.06528,-71.55639,5.846153846153846,10.0
2001-10-26,330019.0,"Eulogio Sánchez, Tobalaba Ad.",-33.45528,-70.54861,0.15384615384615385,2.0
2001-10-26,330020.0,"Quinta Normal, Santiago",-33.445,-70.68278,2.4,6.0
2001-10-26,330021.0,Pudahuel Santiago ,-33.37833,-70.78778,3.875,11.0
2001-10-26,330030.0,"Santo Domingo, Ad.",-33.65611,-71.61333,3.0,8.0
2001-10-26,330031.0,"Juan Fernández, Estación Meteorológica.",-33.63583,-78.83305,6.0,8.0
2001-10-26,340031.0,"General Freire, Curicó Ad.",-34.96944,-71.21694,4.916666666666667,8.0
2001-10-26,360011.0,"General Bernardo O'Higgins, Chillán Ad.",-36.58583,-72.03667,4.75,9.0
2001-10-26,360019.0,"Carriel Sur, Concepción Ap.",-36.78055,-73.06639,7.333333333333333,14.0
2001-10-26,370033.0,"María Dolores, Los Angeles Ad.",-37.39694,-72.42389,5.0,10.0
2001-10-26,380013.0,"Maquehue, Temuco Ad.",-38.76778,-72.63194,3.7083333333333335,8.0
2001-10-26,390006.0,"Pichoy, Valdivia Ad.",-39.65667,-73.08722,6.75,10.0
2001-10-26,400009.0,"Cañal Bajo,  Osorno Ad.",-40.61444,-73.0575,2.7857142857142856,6.0
2001-10-26,410005.0,El Tepual  Puerto Montt Ap.,-41.4475,-73.09583,5.166666666666667,7.0
2001-10-26,430001.0,Quellón Ad.,-43.13361,-73.63278,4.181818181818182,6.0
2001-10-26,430002.0,Futaleufú Ad.,-43.18889,-71.85222,2.8,8.0
2001-10-26,450001.0,Puerto Aysén Ad.,-45.39944,-72.67722,7.0,14.0
2001-10-26,450004.0,"Teniente Vidal, Coyhaique Ad.",-45.59083,-72.10222,7.8,11.0
2001-10-26,450005.0,Balmaceda Ad.,-45.91833,-71.67778,10.708333333333334,21.0
2001-10-26,520006.0,"Carlos Ibañez, Punta Arenas Ap.",-53.00167,-70.83861,16.791666666666668,27.0
2001-10-26,530005.0,"Fuentes Martínez, Porvenir Ad.",-53.25361,-70.32611,20.916666666666668,27.0
2001-10-26,550001.0,"Guardiamarina Zañartu, Pto Williams Ad.",-54.93167,-67.61556,12.5,15.0
2001-10-26,950001.0,"C.M.A. Eduardo Frei Montalva, Antártica ",-62.19194,-58.97972,28.77777777777778,39.0
2001-10-27,180005.0,"Chacalluta, Arica Ap.",-18.35555,-70.34028,5.625,13.0
2001-10-27,200006.0,Diego Aracena Iquique Ap.,-20.54917,-70.18111,6.416666666666667,13.0
2001-10-27,220002.0,"El Loa, Calama Ad.",-22.49806,-68.8925,12.133333333333333,21.0
2001-10-27,270001.0,Mataveri  Isla de Pascua Ap.,-27.15889,-109.4325,4.833333333333333,9.0
2001-10-27,290004.0,"La Florida, La Serena Ad.",-29.91444,-71.20667,5.388888888888889,14.0
2001-10-27,330007.0,"Rodelillo, Ad.",-33.06528,-71.55639,4.461538461538462,8.0
2001-10-27,330019.0,"Eulogio Sánchez, Tobalaba Ad.",-33.45528,-70.54861,1.5384615384615385,6.0
2001-10-27,330020.0,"Quinta Normal, Santiago",-33.445,-70.68278,2.2,4.0
2001-10-27,330021.0,Pudahuel Santiago ,-33.37833,-70.78778,2.8076923076923075,6.0
2001-10-27,330030.0,"Santo Domingo, Ad.",-33.65611,-71.61333,3.5714285714285716,10.0
2001-10-27,330031.0,"Juan Fernández, Estación Meteorológica.",-33.63583,-78.83305,9.5,12.0
2001-10-27,340031.0,"General Freire, Curicó Ad.",-34.96944,-71.21694,2.9166666666666665,6.0
2001-10-27,360011.0,"General Bernardo O'Higgins, Chillán Ad.",-36.58583,-72.03667,3.25,5.0
2001-10-27,360019.0,"Carriel Sur, Concepción Ap.",-36.78055,-73.06639,5.541666666666667,10.0
2001-10-27,370033.0,"María Dolores, Los Angeles Ad.",-37.39694,-72.42389,3.3333333333333335,4.0
2001-10-27,380013.0,"Maquehue, Temuco Ad.",-38.76778,-72.63194,3.24,9.0
2001-10-27,390006.0,"Pichoy, Valdivia Ad.",-39.65667,-73.08722,4.25,10.0
2001-10-27,400009.0,"Cañal Bajo,  Osorno Ad.",-40.61444,-73.0575,5.642857142857143,11.0
2001-10-27,410005.0,El Tepual  Puerto Montt Ap.,-41.4475,-73.09583,4.916666666666667,12.0
2001-10-27,430001.0,Quellón Ad.,-43.13361,-73.63278,6.636363636363637,8.0
2001-10-27,430002.0,Futaleufú Ad.,-43.18889,-71.85222,9.2,14.0
2001-10-27,450004.0,"Teniente Vidal, Coyhaique Ad.",-45.59083,-72.10222,12.2,15.0
2001-10-27,450005.0,Balmaceda Ad.,-45.91833,-71.67778,19.333333333333332,23.0
2001-10-27,520006.0,"Carlos Ibañez, Punta Arenas Ap.",-53.00167,-70.83861,20.125,28.0
2001-10-27,530005.0,"Fuentes Martínez, Porvenir Ad.",-53.25361,-70.32611,26.083333333333332,34.0
2001-10-27,950001.0,"C.M.A. Eduardo Frei Montalva, Antártica ",-62.19194,-58.97972,26.466666666666665,40.0
2001-10-28,180005.0,"Chacalluta, Arica Ap.",-18.35555,-70.34028,4.625,12.0
2001-10-28,200006.0,Diego Aracena Iquique Ap.,-20.54917,-70.18111,8.5,15.0
2001-10-28,220002.0,"El Loa, Calama Ad.",-22.49806,-68.8925,16.083333333333332,22.0
2001-10-28,270001.0,Mataveri  Isla de Pascua Ap.,-27.15889,-109.4325,6.5,9.0
2001-10-28,290004.0,"La Florida, La Serena Ad.",-29.91444,-71.20667,7.333333333333333,13.0
2001-10-28,330007.0,"Rodelillo, Ad.",-33.06528,-71.55639,7.833333333333333,11.0
2001-10-28,330019.0,"Eulogio Sánchez, Tobalaba Ad.",-33.45528,-70.54861,0.8333333333333334,3.0
2001-10-28,330020.0,"Quinta Normal, Santiago",-33.445,-70.68278,1.8,5.0
2001-10-28,330021.0,Pudahuel Santiago ,-33.37833,-70.78778,5.25,13.0
2001-10-28,330030.0,"Santo Domingo, Ad.",-33.65611,-71.61333,5.428571428571429,10.0
2001-10-28,330031.0,"Juan Fernández, Estación Meteorológica.",-33.63583,-78.83305,4.5,6.0
2001-10-28,340031.0,"General Freire, Curicó Ad.",-34.96944,-71.21694,3.8333333333333335,10.0
2001-10-28,360011.0,"General Bernardo O'Higgins, Chillán Ad.",-36.58583,-72.03667,2.5,4.0
2001-10-28,360019.0,"Carriel Sur, Concepción Ap.",-36.78055,-73.06639,4.75,10.0
2001-10-28,370033.0,"María Dolores, Los Angeles Ad.",-37.39694,-72.42389,4.0,5.0
2001-10-28,380013.0,"Maquehue, Temuco Ad.",-38.76778,-72.63194,4.1923076923076925,9.0
2001-10-28,390006.0,"Pichoy, Valdivia Ad.",-39.65667,-73.08722,5.75,11.0
2001-10-28,400009.0,"Cañal Bajo,  Osorno Ad.",-40.61444,-73.0575,4.785714285714286,8.0
2001-10-28,410005.0,El Tepual  Puerto Montt Ap.,-41.4475,-73.09583,4.208333333333333,10.0
2001-10-28,430001.0,Quellón Ad.,-43.13361,-73.63278,5.909090909090909,8.0
2001-10-28,430002.0,Futaleufú Ad.,-43.18889,-71.85222,3.0,7.0
2001-10-28,450004.0,"Teniente Vidal, Coyhaique Ad.",-45.59083,-72.10222,5.2,8.0
2001-10-28,450005.0,Balmaceda Ad.,-45.91833,-71.67778,10.041666666666666,22.0
2001-10-28,520006.0,"Carlos Ibañez, Punta Arenas Ap.",-53.00167,-70.83861,12.5,22.0
2001-10-28,950001.0,"C.M.A. Eduardo Frei Montalva, Antártica ",-62.19194,-58.97972,28.818181818181817,34.0
2001-10-29,180005.0,"Chacalluta, Arica Ap.",-18.35555,-70.34028,7.708333333333333,16.0
2001-10-29,200006.0,Diego Aracena Iquique Ap.,-20.54917,-70.18111,7.875,15.0
2001-10-29,220002.0,"El Loa, Calama Ad.",-22.49806,-68.8925,13.5625,22.0
2001-10-29,270001.0,Mataveri  Isla de Pascua Ap.,-27.15889,-109.4325,6.0,9.0
2001-10-29,290004.0,"La Florida, La Serena Ad.",-29.91444,-71.20667,7.388888888888889,14.0
2001-10-29,330007.0,"Rodelillo, Ad.",-33.06528,-71.55639,7.461538461538462,12.0
2001-10-29,330019.0,"Eulogio Sánchez, Tobalaba Ad.",-33.45528,-70.54861,0.3076923076923077,2.0
2001-10-29,330020.0,"Quinta Normal, Santiago",-33.445,-70.68278,2.4,4.0
2001-10-29,330021.0,Pudahuel Santiago ,-33.37833,-70.78778,3.8846153846153846,10.0
2001-10-29,330030.0,"Santo Domingo, Ad.",-33.65611,-71.61333,9.142857142857142,17.0
2001-10-29,330031.0,"Juan Fernández, Estación Meteorológica.",-33.63583,-78.83305,2.8,5.0
2001-10-29,340031.0,"General Freire, Curicó Ad.",-34.96944,-71.21694,6.833333333333333,11.0
2001-10-29,360011.0,"General Bernardo O'Higgins, Chillán Ad.",-36.58583,-72.03667,4.5,7.0
2001-10-29,360019.0,"Carriel Sur, Concepción Ap.",-36.78055,-73.06639,6.291666666666667,15.0
2001-10-29,370033.0,"María Dolores, Los Angeles Ad.",-37.39694,-72.42389,9.0,11.0
2001-10-29,380013.0,"Maquehue, Temuco Ad.",-38.76778,-72.63194,4.208333333333333,8.0
2001-10-29,390006.0,"Pichoy, Valdivia Ad.",-39.65667,-73.08722,3.25,7.0
2001-10-29,400009.0,"Cañal Bajo,  Osorno Ad.",-40.61444,-73.0575,4.5,8.0
2001-10-29,410005.0,El Tepual  Puerto Montt Ap.,-41.4475,-73.09583,4.083333333333333,9.0
2001-10-29,430001.0,Quellón Ad.,-43.13361,-73.63278,3.6363636363636362,4.0
2001-10-29,430002.0,Futaleufú Ad.,-43.18889,-71.85222,3.2,8.0
2001-10-29,450001.0,Puerto Aysén Ad.,-45.39944,-72.67722,8.0,10.0
2001-10-29,450004.0,"Teniente Vidal, Coyhaique Ad.",-45.59083,-72.10222,6.0,11.0
2001-10-29,450005.0,Balmaceda Ad.,-45.91833,-71.67778,15.5,24.0
2001-10-29,520006.0,"Carlos Ibañez, Punta Arenas Ap.",-53.00167,-70.83861,12.083333333333334,24.0
2001-10-29,530005.0,"Fuentes Martínez, Porvenir Ad.",-53.25361,-70.32611,15.5,20.0
2001-10-29,550001.0,"Guardiamarina Zañartu, Pto Williams Ad.",-54.93167,-67.61556,13.333333333333334,20.0
2001-10-29,950001.0,"C.M.A. Eduardo Frei Montalva, Antártica ",-62.19194,-58.97972,26.90909090909091,36.0
2001-10-30,180005.0,"Chacalluta, Arica Ap.",-18.35555,-70.34028,5.625,12.0
2001-10-30,200006.0,Diego Aracena Iquique Ap.,-20.54917,-70.18111,6.833333333333333,12.0
2001-10-30,220002.0,"El Loa, Calama Ad.",-22.49806,-68.8925,16.0,23.0
2001-10-30,270001.0,Mataveri  Isla de Pascua Ap.,-27.15889,-109.4325,10.833333333333334,15.0
2001-10-30,290004.0,"La Florida, La Serena Ad.",-29.91444,-71.20667,5.722222222222222,9.0
2001-10-30,330007.0,"Rodelillo, Ad.",-33.06528,-71.55639,6.923076923076923,10.0
2001-10-30,330019.0,"Eulogio Sánchez, Tobalaba Ad.",-33.45528,-70.54861,1.5384615384615385,4.0
2001-10-30,330020.0,"Quinta Normal, Santiago",-33.445,-70.68278,3.8,8.0
2001-10-30,330021.0,Pudahuel Santiago ,-33.37833,-70.78778,5.125,15.0
2001-10-30,330030.0,"Santo Domingo, Ad.",-33.65611,-71.61333,4.571428571428571,10.0
2001-10-30,330031.0,"Juan Fernández, Estación Meteorológica.",-33.63583,-78.83305,4.0,6.0
2001-10-30,340031.0,"General Freire, Curicó Ad.",-34.96944,-71.21694,5.833333333333333,8.0
2001-10-30,360011.0,"General Bernardo O'Higgins, Chillán Ad.",-36.58583,-72.03667,6.5,8.0
2001-10-30,360019.0,"Carriel Sur, Concepción Ap.",-36.78055,-73.06639,7.791666666666667,14.0
2001-10-30,370033.0,"María Dolores, Los Angeles Ad.",-37.39694,-72.42389,9.333333333333334,15.0
2001-10-30,380013.0,"Maquehue, Temuco Ad.",-38.76778,-72.63194,4.916666666666667,11.0
2001-10-30,390006.0,"Pichoy, Valdivia Ad.",-39.65667,-73.08722,5.0,7.0
2001-10-30,400009.0,"Cañal Bajo,  Osorno Ad.",-40.61444,-73.0575,7.5,10.0
2001-10-30,410005.0,El Tepual  Puerto Montt Ap.,-41.4475,-73.09583,6.583333333333333,11.0
2001-10-30,430001.0,Quellón Ad.,-43.13361,-73.63278,5.818181818181818,8.0
2001-10-30,430002.0,Futaleufú Ad.,-43.18889,-71.85222,4.2,6.0
2001-10-30,450001.0,Puerto Aysén Ad.,-45.39944,-72.67722,10.25,16.0
2001-10-30,450004.0,"Teniente Vidal, Coyhaique Ad.",-45.59083,-72.10222,7.4,9.0
2001-10-30,450005.0,Balmaceda Ad.,-45.91833,-71.67778,15.208333333333334,22.0
2001-10-30,520006.0,"Carlos Ibañez, Punta Arenas Ap.",-53.00167,-70.83861,15.708333333333334,28.0
2001-10-30,530005.0,"Fuentes Martínez, Porvenir Ad.",-53.25361,-70.32611,17.666666666666668,28.0
2001-10-30,550001.0,"Guardiamarina Zañartu, Pto Williams Ad.",-54.93167,-67.61556,10.333333333333334,17.0
2001-10-30,950001.0,"C.M.A. Eduardo Frei Montalva, Antártica ",-62.19194,-58.97972,25.444444444444443,34.0
2001-10-31,180005.0,"Chacalluta, Arica Ap.",-18.35555,-70.34028,4.458333333333333,9.0
2001-10-31,200006.0,Diego Aracena Iquique Ap.,-20.54917,-70.18111,7.833333333333333,14.0
2001-10-31,220002.0,"El Loa, Calama Ad.",-22.49806,-68.8925,15.375,24.0
2001-10-31,270001.0,Mataveri  Isla de Pascua Ap.,-27.15889,-109.4325,14.0,16.0
2001-10-31,290004.0,"La Florida, La Serena Ad.",-29.91444,-71.20667,4.222222222222222,9.0
2001-10-31,330007.0,"Rodelillo, Ad.",-33.06528,-71.55639,6.0,11.0
2001-10-31,330019.0,"Eulogio Sánchez, Tobalaba Ad.",-33.45528,-70.54861,1.3076923076923077,4.0
2001-10-31,330020.0,"Quinta Normal, Santiago",-33.445,-70.68278,4.8,8.0
2001-10-31,330021.0,Pudahuel Santiago ,-33.37833,-70.78778,5.96,13.0
2001-10-31,330030.0,"Santo Domingo, Ad.",-33.65611,-71.61333,4.357142857142857,10.0
2001-10-31,330031.0,"Juan Fernández, Estación Meteorológica.",-33.63583,-78.83305,3.0,6.0
2001-10-31,340031.0,"General Freire, Curicó Ad.",-34.96944,-71.21694,6.916666666666667,10.0
2001-10-31,360011.0,"General Bernardo O'Higgins, Chillán Ad.",-36.58583,-72.03667,9.75,16.0
2001-10-31,360019.0,"Carriel Sur, Concepción Ap.",-36.78055,-73.06639,7.5,14.0
2001-10-31,370033.0,"María Dolores, Los Angeles Ad.",-37.39694,-72.42389,10.666666666666666,14.0
2001-10-31,380013.0,"Maquehue, Temuco Ad.",-38.76778,-72.63194,4.875,11.0
2001-10-31,390006.0,"Pichoy, Valdivia Ad.",-39.65667,-73.08722,5.0,9.0
2001-10-31,400009.0,"Cañal Bajo,  Osorno Ad.",-40.61444,-73.0575,5.214285714285714,8.0
2001-10-31,410005.0,El Tepual  Puerto Montt Ap.,-41.4475,-73.09583,5.166666666666667,10.0
2001-10-31,430001.0,Quellón Ad.,-43.13361,-73.63278,4.454545454545454,7.0
2001-10-31,430002.0,Futaleufú Ad.,-43.18889,-71.85222,2.0,4.0
2001-10-31,450001.0,Puerto Aysén Ad.,-45.39944,-72.67722,5.25,10.0
2001-10-31,450004.0,"Teniente Vidal, Coyhaique Ad.",-45.59083,-72.10222,6.6,10.0
2001-10-31,450005.0,Balmaceda Ad.,-45.91833,-71.67778,13.5,20.0
2001-10-31,520006.0,"Carlos Ibañez, Punta Arenas Ap.",-53.00167,-70.83861,8.708333333333334,14.0
2001-10-31,530005.0,"Fuentes Martínez, Porvenir Ad.",-53.25361,-70.32611,12.416666666666666,18.0
2001-10-31,550001.0,"Guardiamarina Zañartu, Pto Williams Ad.",-54.93167,-67.61556,7.777777777777778,11.0
2001-10-31,950001.0,"C.M.A. Eduardo Frei Montalva, Antártica ",-62.19194,-58.97972,33.27272727272727,46.0
2001-11-01,180005.0,"Chacalluta, Arica Ap.",-18.35555,-70.34028,5.0,12.0
2001-11-01,200006.0,Diego Aracena Iquique Ap.,-20.54917,-70.18111,7.75,16.0
2001-11-01,220002.0,"El Loa, Calama Ad.",-22.49806,-68.8925,13.1875,23.0
2001-11-01,270001.0,Mataveri  Isla de Pascua Ap.,-27.15889,-109.4325,9.166666666666666,13.0
2001-11-01,290004.0,"La Florida, La Serena Ad.",-29.91444,-71.20667,5.333333333333333,9.0
2001-11-01,330007.0,"Rodelillo, Ad.",-33.06528,-71.55639,4.846153846153846,10.0
2001-11-01,330019.0,"Eulogio Sánchez, Tobalaba Ad.",-33.45528,-70.54861,1.3076923076923077,3.0
2001-11-01,330020.0,"Quinta Normal, Santiago",-33.445,-70.68278,4.0,6.0
2001-11-01,330021.0,Pudahuel Santiago ,-33.37833,-70.78778,6.074074074074074,12.0
2001-11-01,330030.0,"Santo Domingo, Ad.",-33.65611,-71.61333,3.9285714285714284,7.0
2001-11-01,330031.0,"Juan Fernández, Estación Meteorológica.",-33.63583,-78.83305,5.0,6.0
2001-11-01,340031.0,"General Freire, Curicó Ad.",-34.96944,-71.21694,4.75,10.0
2001-11-01,360011.0,"General Bernardo O'Higgins, Chillán Ad.",-36.58583,-72.03667,5.0,6.0
2001-11-01,360019.0,"Carriel Sur, Concepción Ap.",-36.78055,-73.06639,8.416666666666666,16.0
2001-11-01,370033.0,"María Dolores, Los Angeles Ad.",-37.39694,-72.42389,7.333333333333333,8.0
2001-11-01,380013.0,"Maquehue, Temuco Ad.",-38.76778,-72.63194,5.458333333333333,11.0
2001-11-01,390006.0,"Pichoy, Valdivia Ad.",-39.65667,-73.08722,4.75,10.0
2001-11-01,400009.0,"Cañal Bajo,  Osorno Ad.",-40.61444,-73.0575,3.0,7.0
2001-11-01,410005.0,El Tepual  Puerto Montt Ap.,-41.4475,-73.09583,4.666666666666667,11.0
2001-11-01,430001.0,Quellón Ad.,-43.13361,-73.63278,4.454545454545454,6.0
2001-11-01,430002.0,Futaleufú Ad.,-43.18889,-71.85222,4.8,10.0
2001-11-01,450004.0,"Teniente Vidal, Coyhaique Ad.",-45.59083,-72.10222,7.6,13.0
2001-11-01,450005.0,Balmaceda Ad.,-45.91833,-71.67778,18.166666666666668,29.0
2001-11-01,520006.0,"Carlos Ibañez, Punta Arenas Ap.",-53.00167,-70.83861,14.916666666666666,34.0
2001-11-01,530005.0,"Fuentes Martínez, Porvenir Ad.",-53.25361,-70.32611,16.75,30.0
2001-11-01,950001.0,"C.M.A. Eduardo Frei Montalva, Antártica ",-62.19194,-58.97972,24.0,42.0
2001-11-02,180005.0,"Chacalluta, Arica Ap.",-18.35555,-70.34028,6.208333333333333,13.0
2001-11-02,200006.0,Diego Aracena Iquique Ap.,-20.54917,-70.18111,7.666666666666667,14.0
2001-11-02,220002.0,"El Loa, Calama Ad.",-22.49806,-68.8925,16.266666666666666,23.0
2001-11-02,270001.0,Mataveri  Isla de Pascua Ap.,-27.15889,-109.4325,15.166666666666666,19.0
2001-11-02,290004.0,"La Florida, La Serena Ad.",-29.91444,-71.20667,5.0,8.0
2001-11-02,330007.0,"Rodelillo, Ad.",-33.06528,-71.55639,4.846153846153846,7.0
2001-11-02,330019.0,"Eulogio Sánchez, Tobalaba Ad.",-33.45528,-70.54861,1.8461538461538463,4.0
2001-11-02,330020.0,"Quinta Normal, Santiago",-33.445,-70.68278,4.2,8.0
2001-11-02,330021.0,Pudahuel Santiago ,-33.37833,-70.78778,6.958333333333333,18.0
2001-11-02,330030.0,"Santo Domingo, Ad.",-33.65611,-71.61333,4.785714285714286,10.0
2001-11-02,330031.0,"Juan Fernández, Estación Meteorológica.",-33.63583,-78.83305,5.2,6.0
2001-11-02,340031.0,"General Freire, Curicó Ad.",-34.96944,-71.21694,7.416666666666667,12.0
2001-11-02,360011.0,"General Bernardo O'Higgins, Chillán Ad.",-36.58583,-72.03667,3.5,6.0
2001-11-02,360019.0,"Carriel Sur, Concepción Ap.",-36.78055,-73.06639,7.166666666666667,17.0
2001-11-02,370033.0,"María Dolores, Los Angeles Ad.",-37.39694,-72.42389,3.6666666666666665,4.0
2001-11-02,380013.0,"Maquehue, Temuco Ad.",-38.76778,-72.63194,3.88,7.0
2001-11-02,390006.0,"Pichoy, Valdivia Ad.",-39.65667,-73.08722,5.75,6.0
2001-11-02,400009.0,"Cañal Bajo,  Osorno Ad.",-40.61444,-73.0575,5.4,10.0
2001-11-02,410005.0,El Tepual  Puerto Montt Ap.,-41.4475,-73.09583,3.0,8.0
2001-11-02,430001.0,Quellón Ad.,-43.13361,-73.63278,6.545454545454546,8.0
2001-11-02,430002.0,Futaleufú Ad.,-43.18889,-71.85222,9.2,18.0
2001-11-02,450001.0,Puerto Aysén Ad.,-45.39944,-72.67722,4.0,8.0
2001-11-02,450004.0,"Teniente Vidal, Coyhaique Ad.",-45.59083,-72.10222,8.4,11.0
2001-11-02,450005.0,Balmaceda Ad.,-45.91833,-71.67778,14.875,30.0
2001-11-02,520006.0,"Carlos Ibañez, Punta Arenas Ap.",-53.00167,-70.83861,11.25,23.0
2001-11-02,530005.0,"Fuentes Martínez, Porvenir Ad.",-53.25361,-70.32611,16.5,24.0
2001-11-02,550001.0,"Guardiamarina Zañartu, Pto Williams Ad.",-54.93167,-67.61556,5.75,12.0
2001-11-02,950001.0,"C.M.A. Eduardo Frei Montalva, Antártica ",-62.19194,-58.97972,32.111111111111114,43.0
2001-11-03,180005.0,"Chacalluta, Arica Ap.",-18.35555,-70.34028,4.875,13.0
2001-11-03,200006.0,Diego Aracena Iquique Ap.,-20.54917,-70.18111,7.083333333333333,14.0
2001-11-03,220002.0,"El Loa, Calama Ad.",-22.49806,-68.8925,11.533333333333333,18.0
2001-11-03,270001.0,Mataveri  Isla de Pascua Ap.,-27.15889,-109.4325,17.333333333333332,19.0
2001-11-03,290004.0,"La Florida, La Serena Ad.",-29.91444,-71.20667,5.222222222222222,9.0
2001-11-03,330007.0,"Rodelillo, Ad.",-33.06528,-71.55639,9.25,13.0
2001-11-03,330019.0,"Eulogio Sánchez, Tobalaba Ad.",-33.45528,-70.54861,0.3076923076923077,2.0
2001-11-03,330020.0,"Quinta Normal, Santiago",-33.445,-70.68278,3.2,8.0
2001-11-03,330021.0,Pudahuel Santiago ,-33.37833,-70.78778,5.88,12.0
2001-11-03,330030.0,"Santo Domingo, Ad.",-33.65611,-71.61333,7.5,15.0
2001-11-03,330031.0,"Juan Fernández, Estación Meteorológica.",-33.63583,-78.83305,6.75,10.0
2001-11-03,340031.0,"General Freire, Curicó Ad.",-34.96944,-71.21694,4.916666666666667,8.0
2001-11-03,360011.0,"General Bernardo O'Higgins, Chillán Ad.",-36.58583,-72.03667,5.0,7.0
2001-11-03,360019.0,"Carriel Sur, Concepción Ap.",-36.78055,-73.06639,6.375,11.0
2001-11-03,370033.0,"María Dolores, Los Angeles Ad.",-37.39694,-72.42389,9.666666666666666,12.0
2001-11-03,380013.0,"Maquehue, Temuco Ad.",-38.76778,-72.63194,4.666666666666667,9.0
2001-11-03,390006.0,"Pichoy, Valdivia Ad.",-39.65667,-73.08722,6.75,12.0
2001-11-03,400009.0,"Cañal Bajo,  Osorno Ad.",-40.61444,-73.0575,3.5,6.0
2001-11-03,410005.0,El Tepual  Puerto Montt Ap.,-41.4475,-73.09583,3.9583333333333335,9.0
2001-11-03,430001.0,Quellón Ad.,-43.13361,-73.63278,,
2001-11-03,430002.0,Futaleufú Ad.,-43.18889,-71.85222,14.4,18.0
2001-11-03,450004.0,"Teniente Vidal, Coyhaique Ad.",-45.59083,-72.10222,15.4,23.0
2001-11-03,450005.0,Balmaceda Ad.,-45.91833,-71.67778,22.291666666666668,28.0
2001-11-03,520006.0,"Carlos Ibañez, Punta Arenas Ap.",-53.00167,-70.83861,21.458333333333332,39.0
2001-11-03,530005.0,"Fuentes Martínez, Porvenir Ad.",-53.25361,-70.32611,22.333333333333332,26.0
2001-11-03,950001.0,"C.M.A. Eduardo Frei Montalva, Antártica ",-62.19194,-58.97972,21.11111111111111,35.0
2001-11-04,180005.0,"Chacalluta, Arica Ap.",-18.35555,-70.34028,5.208333333333333,11.0
2001-11-04,200006.0,Diego Aracena Iquique Ap.,-20.54917,-70.18111,6.25,12.0
2001-11-04,220002.0,"El Loa, Calama Ad.",-22.49806,-68.8925,17.25,27.0
2001-11-04,270001.0,Mataveri  Isla de Pascua Ap.,-27.15889,-109.4325,13.333333333333334,16.0
2001-11-04,290004.0,"La Florida, La Serena Ad.",-29.91444,-71.20667,4.5,9.0
2001-11-04,330007.0,"Rodelillo, Ad.",-33.06528,-71.55639,3.8461538461538463,7.0
2001-11-04,330019.0,"Eulogio Sánchez, Tobalaba Ad.",-33.45528,-70.54861,1.9230769230769231,4.0
2001-11-04,330020.0,"Quinta Normal, Santiago",-33.445,-70.68278,5.4,9.0
2001-11-04,330021.0,Pudahuel Santiago ,-33.37833,-70.78778,6.666666666666667,17.0
2001-11-04,330030.0,"Santo Domingo, Ad.",-33.65611,-71.61333,5.928571428571429,8.0
2001-11-04,330031.0,"Juan Fernández, Estación Meteorológica.",-33.63583,-78.83305,7.0,10.0
2001-11-04,340031.0,"General Freire, Curicó Ad.",-34.96944,-71.21694,6.833333333333333,12.0
2001-11-04,360011.0,"General Bernardo O'Higgins, Chillán Ad.",-36.58583,-72.03667,5.25,7.0
2001-11-04,360019.0,"Carriel Sur, Concepción Ap.",-36.78055,-73.06639,8.25,15.0
2001-11-04,370033.0,"María Dolores, Los Angeles Ad.",-37.39694,-72.42389,8.0,10.0
2001-11-04,380013.0,"Maquehue, Temuco Ad.",-38.76778,-72.63194,3.7083333333333335,10.0
2001-11-04,390006.0,"Pichoy, Valdivia Ad.",-39.65667,-73.08722,5.0,11.0
2001-11-04,400009.0,"Cañal Bajo,  Osorno Ad.",-40.61444,-73.0575,3.1,6.0
2001-11-04,410005.0,El Tepual  Puerto Montt Ap.,-41.4475,-73.09583,3.7083333333333335,8.0
2001-11-04,430002.0,Futaleufú Ad.,-43.18889,-71.85222,6.6,14.0
2001-11-04,450004.0,"Teniente Vidal, Coyhaique Ad.",-45.59083,-72.10222,4.2,10.0
2001-11-04,450005.0,Balmaceda Ad.,-45.91833,-71.67778,17.833333333333332,25.0
2001-11-04,520006.0,"Carlos Ibañez, Punta Arenas Ap.",-53.00167,-70.83861,11.625,17.0
2001-11-04,950001.0,"C.M.A. Eduardo Frei Montalva, Antártica ",-62.19194,-58.97972,13.0,29.0
2001-11-05,180005.0,"Chacalluta, Arica Ap.",-18.35555,-70.34028,6.416666666666667,13.0
2001-11-05,200006.0,Diego Aracena Iquique Ap.,-20.54917,-70.18111,8.541666666666666,16.0
2001-11-05,220002.0,"El Loa, Calama Ad.",-22.49806,-68.8925,16.625,23.0
2001-11-05,270001.0,Mataveri  Isla de Pascua Ap.,-27.15889,-109.4325,13.0,16.0
2001-11-05,290004.0,"La Florida, La Serena Ad.",-29.91444,-71.20667,6.222222222222222,10.0
2001-11-05,330007.0,"Rodelillo, Ad.",-33.06528,-71.55639,8.615384615384615,13.0
2001-11-05,330019.0,"Eulogio Sánchez, Tobalaba Ad.",-33.45528,-70.54861,0.8461538461538461,3.0
2001-11-05,330020.0,"Quinta Normal, Santiago",-33.445,-70.68278,3.4,7.0
2001-11-05,330021.0,Pudahuel Santiago ,-33.37833,-70.78778,5.708333333333333,12.0
2001-11-05,330030.0,"Santo Domingo, Ad.",-33.65611,-71.61333,11.642857142857142,19.0
2001-11-05,330031.0,"Juan Fernández, Estación Meteorológica.",-33.63583,-78.83305,4.6,8.0
2001-11-05,340031.0,"General Freire, Curicó Ad.",-34.96944,-71.21694,5.5,10.0
2001-11-05,360011.0,"General Bernardo O'Higgins, Chillán Ad.",-36.58583,-72.03667,3.5,6.0
2001-11-05,360019.0,"Carriel Sur, Concepción Ap.",-36.78055,-73.06639,5.0,12.0
2001-11-05,370033.0,"María Dolores, Los Angeles Ad.",-37.39694,-72.42389,6.666666666666667,9.0
2001-11-05,380013.0,"Maquehue, Temuco Ad.",-38.76778,-72.63194,5.375,12.0
2001-11-05,390006.0,"Pichoy, Valdivia Ad.",-39.65667,-73.08722,10.5,13.0
2001-11-05,400009.0,"Cañal Bajo,  Osorno Ad.",-40.61444,-73.0575,7.1,13.0
2001-11-05,410005.0,El Tepual  Puerto Montt Ap.,-41.4475,-73.09583,7.75,15.0
2001-11-05,430001.0,Quellón Ad.,-43.13361,-73.63278,5.8,8.0
2001-11-05,430002.0,Futaleufú Ad.,-43.18889,-71.85222,5.6,10.0
2001-11-05,450001.0,Puerto Aysén Ad.,-45.39944,-72.67722,7.75,10.0
2001-11-05,450004.0,"Teniente Vidal, Coyhaique Ad.",-45.59083,-72.10222,8.6,11.0
2001-11-05,450005.0,Balmaceda Ad.,-45.91833,-71.67778,15.708333333333334,25.0
2001-11-05,520006.0,"Carlos Ibañez, Punta Arenas Ap.",-53.00167,-70.83861,14.166666666666666,22.0
2001-11-05,530005.0,"Fuentes Martínez, Porvenir Ad.",-53.25361,-70.32611,19.166666666666668,25.0
2001-11-05,550001.0,"Guardiamarina Zañartu, Pto Williams Ad.",-54.93167,-67.61556,9.777777777777779,15.0
2001-11-05,950001.0,"C.M.A. Eduardo Frei Montalva, Antártica ",-62.19194,-58.97972,14.61111111111111,28.0
2001-11-06,180005.0,"Chacalluta, Arica Ap.",-18.35555,-70.34028,6.125,15.0
2001-11-06,200006.0,Diego Aracena Iquique Ap.,-20.54917,-70.18111,8.916666666666666,16.0
2001-11-06,220002.0,"El Loa, Calama Ad.",-22.49806,-68.8925,13.5,19.0
2001-11-06,270001.0,Mataveri  Isla de Pascua Ap.,-27.15889,-109.4325,5.333333333333333,10.0
2001-11-06,290004.0,"La Florida, La Serena Ad.",-29.91444,-71.20667,6.333333333333333,12.0
2001-11-06,330007.0,"Rodelillo, Ad.",-33.06528,-71.55639,10.333333333333334,15.0
2001-11-06,330019.0,"Eulogio Sánchez, Tobalaba Ad.",-33.45528,-70.54861,1.4615384615384615,3.0
2001-11-06,330020.0,"Quinta Normal, Santiago",-33.445,-70.68278,3.6,6.0
2001-11-06,330021.0,Pudahuel Santiago ,-33.37833,-70.78778,5.583333333333333,14.0
2001-11-06,330030.0,"Santo Domingo, Ad.",-33.65611,-71.61333,10.714285714285714,18.0
2001-11-06,330031.0,"Juan Fernández, Estación Meteorológica.",-33.63583,-78.83305,1.0,5.0
2001-11-06,340031.0,"General Freire, Curicó Ad.",-34.96944,-71.21694,7.083333333333333,14.0
2001-11-06,360011.0,"General Bernardo O'Higgins, Chillán Ad.",-36.58583,-72.03667,7.0,10.0
2001-11-06,360019.0,"Carriel Sur, Concepción Ap.",-36.78055,-73.06639,6.166666666666667,15.0
2001-11-06,370033.0,"María Dolores, Los Angeles Ad.",-37.39694,-72.42389,10.0,12.0
2001-11-06,380013.0,"Maquehue, Temuco Ad.",-38.76778,-72.63194,3.5833333333333335,10.0
2001-11-06,390006.0,"Pichoy, Valdivia Ad.",-39.65667,-73.08722,3.75,5.0
2001-11-06,400009.0,"Cañal Bajo,  Osorno Ad.",-40.61444,-73.0575,6.4,12.0
2001-11-06,410005.0,El Tepual  Puerto Montt Ap.,-41.4475,-73.09583,4.041666666666667,12.0
2001-11-06,430001.0,Quellón Ad.,-43.13361,-73.63278,3.8,6.0
2001-11-06,430002.0,Futaleufú Ad.,-43.18889,-71.85222,6.0,12.0
2001-11-06,450001.0,Puerto Aysén Ad.,-45.39944,-72.67722,7.75,10.0
2001-11-06,450004.0,"Teniente Vidal, Coyhaique Ad.",-45.59083,-72.10222,7.8,10.0
2001-11-06,450005.0,Balmaceda Ad.,-45.91833,-71.67778,19.458333333333332,28.0
2001-11-06,520006.0,"Carlos Ibañez, Punta Arenas Ap.",-53.00167,-70.83861,18.958333333333332,29.0
2001-11-06,530005.0,"Fuentes Martínez, Porvenir Ad.",-53.25361,-70.32611,18.583333333333332,25.0
2001-11-06,550001.0,"Guardiamarina Zañartu, Pto Williams Ad.",-54.93167,-67.61556,16.8,20.0
2001-11-06,950001.0,"C.M.A. Eduardo Frei Montalva, Antártica ",-62.19194,-58.97972,26.75,35.0
2001-11-07,180005.0,"Chacalluta, Arica Ap.",-18.35555,-70.34028,5.458333333333333,13.0
2001-11-07,200006.0,Diego Aracena Iquique Ap.,-20.54917,-70.18111,6.125,13.0
2001-11-07,220002.0,"El Loa, Calama Ad.",-22.49806,-68.8925,17.8125,23.0
2001-11-07,270001.0,Mataveri  Isla de Pascua Ap.,-27.15889,-109.4325,3.3333333333333335,6.0
2001-11-07,290004.0,"La Florida, La Serena Ad.",-29.91444,-71.20667,6.578947368421052,12.0
2001-11-07,330007.0,"Rodelillo, Ad.",-33.06528,-71.55639,8.0,12.0
2001-11-07,330019.0,"Eulogio Sánchez, Tobalaba Ad.",-33.45528,-70.54861,0.6923076923076923,2.0
2001-11-07,330020.0,"Quinta Normal, Santiago",-33.445,-70.68278,2.2,4.0
2001-11-07,330021.0,Pudahuel Santiago ,-33.37833,-70.78778,4.375,14.0
2001-11-07,330030.0,"Santo Domingo, Ad.",-33.65611,-71.61333,7.428571428571429,16.0
2001-11-07,330031.0,"Juan Fernández, Estación Meteorológica.",-33.63583,-78.83305,4.4,8.0
2001-11-07,340031.0,"General Freire, Curicó Ad.",-34.96944,-71.21694,5.166666666666667,9.0
2001-11-07,360011.0,"General Bernardo O'Higgins, Chillán Ad.",-36.58583,-72.03667,7.0,10.0
2001-11-07,360019.0,"Carriel Sur, Concepción Ap.",-36.78055,-73.06639,8.166666666666666,16.0
2001-11-07,370033.0,"María Dolores, Los Angeles Ad.",-37.39694,-72.42389,10.666666666666666,12.0
2001-11-07,380013.0,"Maquehue, Temuco Ad.",-38.76778,-72.63194,3.92,9.0
2001-11-07,390006.0,"Pichoy, Valdivia Ad.",-39.65667,-73.08722,4.25,8.0
2001-11-07,400009.0,"Cañal Bajo,  Osorno Ad.",-40.61444,-73.0575,8.6,15.0
2001-11-07,410005.0,El Tepual  Puerto Montt Ap.,-41.4475,-73.09583,5.25,14.0
2001-11-07,430001.0,Quellón Ad.,-43.13361,-73.63278,4.4,6.0
2001-11-07,430002.0,Futaleufú Ad.,-43.18889,-71.85222,3.6,8.0
2001-11-07,450001.0,Puerto Aysén Ad.,-45.39944,-72.67722,7.5,10.0
2001-11-07,450004.0,"Teniente Vidal, Coyhaique Ad.",-45.59083,-72.10222,6.4,12.0
2001-11-07,450005.0,Balmaceda Ad.,-45.91833,-71.67778,19.333333333333332,26.0
2001-11-07,520006.0,"Carlos Ibañez, Punta Arenas Ap.",-53.00167,-70.83861,12.583333333333334,24.0
2001-11-07,530005.0,"Fuentes Martínez, Porvenir Ad.",-53.25361,-70.32611,17.5,24.0
2001-11-07,550001.0,"Guardiamarina Zañartu, Pto Williams Ad.",-54.93167,-67.61556,4.444444444444445,12.0
2001-11-07,950001.0,"C.M.A. Eduardo Frei Montalva, Antártica ",-62.19194,-58.97972,14.928571428571429,32.0
2001-11-08,180005.0,"Chacalluta, Arica Ap.",-18.35555,-70.34028,5.166666666666667,12.0
2001-11-08,200006.0,Diego Aracena Iquique Ap.,-20.54917,-70.18111,6.958333333333333,11.0
2001-11-08,220002.0,"El Loa, Calama Ad.",-22.49806,-68.8925,15.25,23.0
2001-11-08,270001.0,Mataveri  Isla de Pascua Ap.,-27.15889,-109.4325,5.5,8.0
2001-11-08,290004.0,"La Florida, La Serena Ad.",-29.91444,-71.20667,7.222222222222222,13.0
2001-11-08,330007.0,"Rodelillo, Ad.",-33.06528,-71.55639,4.615384615384615,7.0
2001-11-08,330019.0,"Eulogio Sánchez, Tobalaba Ad.",-33.45528,-70.54861,0.3076923076923077,2.0
2001-11-08,330020.0,"Quinta Normal, Santiago",-33.445,-70.68278,2.4,4.0
2001-11-08,330021.0,Pudahuel Santiago ,-33.37833,-70.78778,4.375,10.0
2001-11-08,330030.0,"Santo Domingo, Ad.",-33.65611,-71.61333,4.714285714285714,10.0
2001-11-08,330031.0,"Juan Fernández, Estación Meteorológica.",-33.63583,-78.83305,2.6,7.0
2001-11-08,340031.0,"General Freire, Curicó Ad.",-34.96944,-71.21694,6.583333333333333,13.0
2001-11-08,360011.0,"General Bernardo O'Higgins, Chillán Ad.",-36.58583,-72.03667,3.25,5.0
2001-11-08,360019.0,"Carriel Sur, Concepción Ap.",-36.78055,-73.06639,5.916666666666667,11.0
2001-11-08,370033.0,"María Dolores, Los Angeles Ad.",-37.39694,-72.42389,7.666666666666667,12.0
2001-11-08,380013.0,"Maquehue, Temuco Ad.",-38.76778,-72.63194,3.8333333333333335,9.0
2001-11-08,390006.0,"Pichoy, Valdivia Ad.",-39.65667,-73.08722,1.5,4.0
2001-11-08,400009.0,"Cañal Bajo,  Osorno Ad.",-40.61444,-73.0575,9.9,13.0
2001-11-08,410005.0,El Tepual  Puerto Montt Ap.,-41.4475,-73.09583,7.833333333333333,14.0
2001-11-08,430001.0,Quellón Ad.,-43.13361,-73.63278,6.5,8.0
2001-11-08,430002.0,Futaleufú Ad.,-43.18889,-71.85222,3.8,10.0
2001-11-08,450001.0,Puerto Aysén Ad.,-45.39944,-72.67722,8.25,14.0
2001-11-08,450004.0,"Teniente Vidal, Coyhaique Ad.",-45.59083,-72.10222,7.2,11.0
2001-11-08,450005.0,Balmaceda Ad.,-45.91833,-71.67778,17.375,27.0
2001-11-08,520006.0,"Carlos Ibañez, Punta Arenas Ap.",-53.00167,-70.83861,18.291666666666668,26.0
2001-11-08,530005.0,"Fuentes Martínez, Porvenir Ad.",-53.25361,-70.32611,17.666666666666668,26.0
2001-11-08,550001.0,"Guardiamarina Zañartu, Pto Williams Ad.",-54.93167,-67.61556,16.88888888888889,30.0
2001-11-08,950001.0,"C.M.A. Eduardo Frei Montalva, Antártica ",-62.19194,-58.97972,9.117647058823529,16.0
2001-11-09,180005.0,"Chacalluta, Arica Ap.",-18.35555,-70.34028,5.625,13.0
2001-11-09,200006.0,Diego Aracena Iquique Ap.,-20.54917,-70.18111,6.75,14.0
2001-11-09,220002.0,"El Loa, Calama Ad.",-22.49806,-68.8925,16.25,25.0
2001-11-09,270001.0,Mataveri  Isla de Pascua Ap.,-27.15889,-109.4325,4.375,9.0
2001-11-09,290004.0,"La Florida, La Serena Ad.",-29.91444,-71.20667,6.722222222222222,15.0
2001-11-09,330007.0,"Rodelillo, Ad.",-33.06528,-71.55639,10.666666666666666,13.0
2001-11-09,330019.0,"Eulogio Sánchez, Tobalaba Ad.",-33.45528,-70.54861,1.2307692307692308,4.0
2001-11-09,330020.0,"Quinta Normal, Santiago",-33.445,-70.68278,3.2,8.0
2001-11-09,330021.0,Pudahuel Santiago ,-33.37833,-70.78778,7.083333333333333,17.0
2001-11-09,330030.0,"Santo Domingo, Ad.",-33.65611,-71.61333,7.214285714285714,10.0
2001-11-09,330031.0,"Juan Fernández, Estación Meteorológica.",-33.63583,-78.83305,2.2,4.0
2001-11-09,340031.0,"General Freire, Curicó Ad.",-34.96944,-71.21694,8.666666666666666,14.0
2001-11-09,360011.0,"General Bernardo O'Higgins, Chillán Ad.",-36.58583,-72.03667,9.75,12.0
2001-11-09,360019.0,"Carriel Sur, Concepción Ap.",-36.78055,-73.06639,5.666666666666667,12.0
2001-11-09,370033.0,"María Dolores, Los Angeles Ad.",-37.39694,-72.42389,9.333333333333334,12.0
2001-11-09,380013.0,"Maquehue, Temuco Ad.",-38.76778,-72.63194,3.6,9.0
2001-11-09,390006.0,"Pichoy, Valdivia Ad.",-39.65667,-73.08722,4.25,8.0
2001-11-09,400009.0,"Cañal Bajo,  Osorno Ad.",-40.61444,-73.0575,5.4,8.0
2001-11-09,410005.0,El Tepual  Puerto Montt Ap.,-41.4475,-73.09583,5.666666666666667,9.0
2001-11-09,430001.0,Quellón Ad.,-43.13361,-73.63278,5.9,8.0
2001-11-09,430002.0,Futaleufú Ad.,-43.18889,-71.85222,4.2,13.0
2001-11-09,450001.0,Puerto Aysén Ad.,-45.39944,-72.67722,7.5,12.0
2001-11-09,450004.0,"Teniente Vidal, Coyhaique Ad.",-45.59083,-72.10222,6.4,15.0
2001-11-09,450005.0,Balmaceda Ad.,-45.91833,-71.67778,10.25,21.0
2001-11-09,520006.0,"Carlos Ibañez, Punta Arenas Ap.",-53.00167,-70.83861,14.916666666666666,28.0
2001-11-09,530005.0,"Fuentes Martínez, Porvenir Ad.",-53.25361,-70.32611,14.285714285714286,26.0
2001-11-09,550001.0,"Guardiamarina Zañartu, Pto Williams Ad.",-54.93167,-67.61556,5.875,10.0
2001-11-09,950001.0,"C.M.A. Eduardo Frei Montalva, Antártica ",-62.19194,-58.97972,11.647058823529411,21.0
2001-11-10,180005.0,"Chacalluta, Arica Ap.",-18.35555,-70.34028,7.416666666666667,15.0
2001-11-10,200006.0,Diego Aracena Iquique Ap.,-20.54917,-70.18111,7.875,14.0
2001-11-10,220002.0,"El Loa, Calama Ad.",-22.49806,-68.8925,15.3125,27.0
2001-11-10,270001.0,Mataveri  Isla de Pascua Ap.,-27.15889,-109.4325,4.666666666666667,7.0
2001-11-10,290004.0,"La Florida, La Serena Ad.",-29.91444,-71.20667,7.666666666666667,13.0
2001-11-10,330007.0,"Rodelillo, Ad.",-33.06528,-71.55639,8.23076923076923,12.0
2001-11-10,330019.0,"Eulogio Sánchez, Tobalaba Ad.",-33.45528,-70.54861,0.9230769230769231,2.0
2001-11-10,330020.0,"Quinta Normal, Santiago",-33.445,-70.68278,4.4,10.0
2001-11-10,330021.0,Pudahuel Santiago ,-33.37833,-70.78778,4.88,11.0
2001-11-10,330030.0,"Santo Domingo, Ad.",-33.65611,-71.61333,8.785714285714286,15.0
2001-11-10,330031.0,"Juan Fernández, Estación Meteorológica.",-33.63583,-78.83305,2.5,4.0
2001-11-10,340031.0,"General Freire, Curicó Ad.",-34.96944,-71.21694,6.416666666666667,11.0
2001-11-10,360011.0,"General Bernardo O'Higgins, Chillán Ad.",-36.58583,-72.03667,2.5,4.0
2001-11-10,360019.0,"Carriel Sur, Concepción Ap.",-36.78055,-73.06639,4.875,11.0
2001-11-10,370033.0,"María Dolores, Los Angeles Ad.",-37.39694,-72.42389,4.333333333333333,10.0
2001-11-10,380013.0,"Maquehue, Temuco Ad.",-38.76778,-72.63194,4.708333333333333,10.0
2001-11-10,390006.0,"Pichoy, Valdivia Ad.",-39.65667,-73.08722,12.0,18.0
2001-11-10,400009.0,"Cañal Bajo,  Osorno Ad.",-40.61444,-73.0575,8.9,13.0
2001-11-10,410005.0,El Tepual  Puerto Montt Ap.,-41.4475,-73.09583,10.0,23.0
2001-11-10,430001.0,Quellón Ad.,-43.13361,-73.63278,,
2001-11-10,430002.0,Futaleufú Ad.,-43.18889,-71.85222,10.8,18.0
2001-11-10,450004.0,"Teniente Vidal, Coyhaique Ad.",-45.59083,-72.10222,8.0,14.0
2001-11-10,450005.0,Balmaceda Ad.,-45.91833,-71.67778,18.75,24.0
2001-11-10,520006.0,"Carlos Ibañez, Punta Arenas Ap.",-53.00167,-70.83861,13.125,24.0
2001-11-10,530005.0,"Fuentes Martínez, Porvenir Ad.",-53.25361,-70.32611,16.916666666666668,23.0
2001-11-10,950001.0,"C.M.A. Eduardo Frei Montalva, Antártica ",-62.19194,-58.97972,26.545454545454547,37.0
2001-11-11,180005.0,"Chacalluta, Arica Ap.",-18.35555,-70.34028,5.75,11.0
2001-11-11,200006.0,Diego Aracena Iquique Ap.,-20.54917,-70.18111,7.75,14.0
2001-11-11,220002.0,"El Loa, Calama Ad.",-22.49806,-68.8925,13.583333333333334,20.0
2001-11-11,270001.0,Mataveri  Isla de Pascua Ap.,-27.15889,-109.4325,3.3333333333333335,7.0
2001-11-11,290004.0,"La Florida, La Serena Ad.",-29.91444,-71.20667,7.5,14.0
2001-11-11,330007.0,"Rodelillo, Ad.",-33.06528,-71.55639,14.0,17.0
2001-11-11,330019.0,"Eulogio Sánchez, Tobalaba Ad.",-33.45528,-70.54861,0.5384615384615384,2.0
2001-11-11,330020.0,"Quinta Normal, Santiago",-33.445,-70.68278,3.0,6.0
2001-11-11,330021.0,Pudahuel Santiago ,-33.37833,-70.78778,5.041666666666667,13.0
2001-11-11,330030.0,"Santo Domingo, Ad.",-33.65611,-71.61333,10.214285714285714,16.0
2001-11-11,330031.0,"Juan Fernández, Estación Meteorológica.",-33.63583,-78.83305,8.25,10.0
2001-11-11,340031.0,"General Freire, Curicó Ad.",-34.96944,-71.21694,4.333333333333333,8.0
2001-11-11,360011.0,"General Bernardo O'Higgins, Chillán Ad.",-36.58583,-72.03667,7.5,12.0
2001-11-11,360019.0,"Carriel Sur, Concepción Ap.",-36.78055,-73.06639,9.458333333333334,14.0
2001-11-11,370033.0,"María Dolores, Los Angeles Ad.",-37.39694,-72.42389,4.333333333333333,7.0
2001-11-11,380013.0,"Maquehue, Temuco Ad.",-38.76778,-72.63194,5.041666666666667,10.0
2001-11-11,390006.0,"Pichoy, Valdivia Ad.",-39.65667,-73.08722,6.25,10.0
2001-11-11,400009.0,"Cañal Bajo,  Osorno Ad.",-40.61444,-73.0575,2.7,6.0
2001-11-11,410005.0,El Tepual  Puerto Montt Ap.,-41.4475,-73.09583,7.0,17.0
2001-11-11,430002.0,Futaleufú Ad.,-43.18889,-71.85222,14.4,20.0
2001-11-11,450004.0,"Teniente Vidal, Coyhaique Ad.",-45.59083,-72.10222,6.6,10.0
2001-11-11,450005.0,Balmaceda Ad.,-45.91833,-71.67778,19.958333333333332,28.0
2001-11-11,520006.0,"Carlos Ibañez, Punta Arenas Ap.",-53.00167,-70.83861,14.5,26.0
2001-11-11,950001.0,"C.M.A. Eduardo Frei Montalva, Antártica ",-62.19194,-58.97972,19.0,22.0
2001-11-12,180005.0,"Chacalluta, Arica Ap.",-18.35555,-70.34028,7.375,14.0
2001-11-12,200006.0,Diego Aracena Iquique Ap.,-20.54917,-70.18111,4.583333333333333,9.0
2001-11-12,220002.0,"El Loa, Calama Ad.",-22.49806,-68.8925,15.375,25.0
2001-11-12,270001.0,Mataveri  Isla de Pascua Ap.,-27.15889,-109.4325,4.666666666666667,9.0
2001-11-12,290004.0,"La Florida, La Serena Ad.",-29.91444,-71.20667,6.944444444444445,18.0
2001-11-12,330007.0,"Rodelillo, Ad.",-33.06528,-71.55639,5.461538461538462,10.0
2001-11-12,330019.0,"Eulogio Sánchez, Tobalaba Ad.",-33.45528,-70.54861,1.0769230769230769,3.0
2001-11-12,330020.0,"Quinta Normal, Santiago",-33.445,-70.68278,2.0,2.0
2001-11-12,330021.0,Pudahuel Santiago ,-33.37833,-70.78778,5.416666666666667,13.0
2001-11-12,330030.0,"Santo Domingo, Ad.",-33.65611,-71.61333,5.857142857142857,11.0
2001-11-12,330031.0,"Juan Fernández, Estación Meteorológica.",-33.63583,-78.83305,9.6,12.0
2001-11-12,340031.0,"General Freire, Curicó Ad.",-34.96944,-71.21694,5.5,10.0
2001-11-12,360011.0,"General Bernardo O'Higgins, Chillán Ad.",-36.58583,-72.03667,3.4,11.0
2001-11-12,360019.0,"Carriel Sur, Concepción Ap.",-36.78055,-73.06639,4.666666666666667,11.0
2001-11-12,370033.0,"María Dolores, Los Angeles Ad.",-37.39694,-72.42389,4.5,8.0
2001-11-12,380013.0,"Maquehue, Temuco Ad.",-38.76778,-72.63194,2.875,8.0
2001-11-12,390006.0,"Pichoy, Valdivia Ad.",-39.65667,-73.08722,1.75,3.0
2001-11-12,400009.0,"Cañal Bajo,  Osorno Ad.",-40.61444,-73.0575,2.0,5.0
2001-11-12,410005.0,El Tepual  Puerto Montt Ap.,-41.4475,-73.09583,2.2083333333333335,8.0
2001-11-12,430001.0,Quellón Ad.,-43.13361,-73.63278,4.1,5.0
2001-11-12,430002.0,Futaleufú Ad.,-43.18889,-71.85222,5.2,10.0
2001-11-12,450001.0,Puerto Aysén Ad.,-45.39944,-72.67722,7.0,10.0
2001-11-12,450004.0,"Teniente Vidal, Coyhaique Ad.",-45.59083,-72.10222,9.2,13.0
2001-11-12,450005.0,Balmaceda Ad.,-45.91833,-71.67778,16.916666666666668,22.0
2001-11-12,520006.0,"Carlos Ibañez, Punta Arenas Ap.",-53.00167,-70.83861,15.041666666666666,24.0
2001-11-12,530005.0,"Fuentes Martínez, Porvenir Ad.",-53.25361,-70.32611,19.416666666666668,28.0
2001-11-12,550001.0,"Guardiamarina Zañartu, Pto Williams Ad.",-54.93167,-67.61556,14.444444444444445,20.0
2001-11-12,950001.0,"C.M.A. Eduardo Frei Montalva, Antártica ",-62.19194,-58.97972,31.77777777777778,37.0
2001-11-13,180005.0,"Chacalluta, Arica Ap.",-18.35555,-70.34028,6.25,12.0
2001-11-13,200006.0,Diego Aracena Iquique Ap.,-20.54917,-70.18111,5.916666666666667,14.0
2001-11-13,220002.0,"El Loa, Calama Ad.",-22.49806,-68.8925,15.533333333333333,22.0
2001-11-13,270001.0,Mataveri  Isla de Pascua Ap.,-27.15889,-109.4325,6.0,10.0
2001-11-13,290004.0,"La Florida, La Serena Ad.",-29.91444,-71.20667,6.111111111111111,13.0
2001-11-13,330007.0,"Rodelillo, Ad.",-33.06528,-71.55639,8.916666666666666,12.0
2001-11-13,330019.0,"Eulogio Sánchez, Tobalaba Ad.",-33.45528,-70.54861,0.6923076923076923,3.0
2001-11-13,330020.0,"Quinta Normal, Santiago",-33.445,-70.68278,3.6,6.0
2001-11-13,330021.0,Pudahuel Santiago ,-33.37833,-70.78778,5.791666666666667,15.0
2001-11-13,330030.0,"Santo Domingo, Ad.",-33.65611,-71.61333,4.928571428571429,10.0
2001-11-13,330031.0,"Juan Fernández, Estación Meteorológica.",-33.63583,-78.83305,7.0,12.0
2001-11-13,340031.0,"General Freire, Curicó Ad.",-34.96944,-71.21694,7.0,15.0
2001-11-13,360011.0,"General Bernardo O'Higgins, Chillán Ad.",-36.58583,-72.03667,6.6,14.0
2001-11-13,360019.0,"Carriel Sur, Concepción Ap.",-36.78055,-73.06639,8.625,15.0
2001-11-13,370033.0,"María Dolores, Los Angeles Ad.",-37.39694,-72.42389,7.25,10.0
2001-11-13,380013.0,"Maquehue, Temuco Ad.",-38.76778,-72.63194,3.96,10.0
2001-11-13,390006.0,"Pichoy, Valdivia Ad.",-39.65667,-73.08722,5.75,11.0
2001-11-13,400009.0,"Cañal Bajo,  Osorno Ad.",-40.61444,-73.0575,5.1,9.0
2001-11-13,410005.0,El Tepual  Puerto Montt Ap.,-41.4475,-73.09583,4.25,13.0
2001-11-13,430001.0,Quellón Ad.,-43.13361,-73.63278,5.0,8.0
2001-11-13,430002.0,Futaleufú Ad.,-43.18889,-71.85222,6.4,14.0
2001-11-13,450001.0,Puerto Aysén Ad.,-45.39944,-72.67722,8.5,14.0
2001-11-13,450004.0,"Teniente Vidal, Coyhaique Ad.",-45.59083,-72.10222,6.4,8.0
2001-11-13,450005.0,Balmaceda Ad.,-45.91833,-71.67778,16.583333333333332,25.0
2001-11-13,520006.0,"Carlos Ibañez, Punta Arenas Ap.",-53.00167,-70.83861,9.875,20.0
2001-11-13,530005.0,"Fuentes Martínez, Porvenir Ad.",-53.25361,-70.32611,13.833333333333334,20.0
2001-11-13,550001.0,"Guardiamarina Zañartu, Pto Williams Ad.",-54.93167,-67.61556,4.3,11.0
2001-11-13,950001.0,"C.M.A. Eduardo Frei Montalva, Antártica ",-62.19194,-58.97972,15.909090909090908,22.0
2001-11-14,180005.0,"Chacalluta, Arica Ap.",-18.35555,-70.34028,5.541666666666667,11.0
2001-11-14,200006.0,Diego Aracena Iquique Ap.,-20.54917,-70.18111,5.333333333333333,12.0
2001-11-14,220002.0,"El Loa, Calama Ad.",-22.49806,-68.8925,16.066666666666666,21.0
2001-11-14,270001.0,Mataveri  Isla de Pascua Ap.,-27.15889,-109.4325,5.333333333333333,9.0
2001-11-14,290004.0,"La Florida, La Serena Ad.",-29.91444,-71.20667,6.777777777777778,12.0
2001-11-14,330007.0,"Rodelillo, Ad.",-33.06528,-71.55639,8.461538461538462,12.0
2001-11-14,330019.0,"Eulogio Sánchez, Tobalaba Ad.",-33.45528,-70.54861,1.6153846153846154,3.0
2001-11-14,330020.0,"Quinta Normal, Santiago",-33.445,-70.68278,5.2,10.0
2001-11-14,330021.0,Pudahuel Santiago ,-33.37833,-70.78778,6.833333333333333,13.0
2001-11-14,330030.0,"Santo Domingo, Ad.",-33.65611,-71.61333,10.785714285714286,16.0
2001-11-14,330031.0,"Juan Fernández, Estación Meteorológica.",-33.63583,-78.83305,3.6,6.0
2001-11-14,340031.0,"General Freire, Curicó Ad.",-34.96944,-71.21694,8.666666666666666,12.0
2001-11-14,360011.0,"General Bernardo O'Higgins, Chillán Ad.",-36.58583,-72.03667,6.6,11.0
2001-11-14,360019.0,"Carriel Sur, Concepción Ap.",-36.78055,-73.06639,9.458333333333334,17.0
2001-11-14,370033.0,"María Dolores, Los Angeles Ad.",-37.39694,-72.42389,9.25,20.0
2001-11-14,380013.0,"Maquehue, Temuco Ad.",-38.76778,-72.63194,5.041666666666667,12.0
2001-11-14,390006.0,"Pichoy, Valdivia Ad.",-39.65667,-73.08722,5.0,8.0
2001-11-14,400009.0,"Cañal Bajo,  Osorno Ad.",-40.61444,-73.0575,8.0,14.0
2001-11-14,410005.0,El Tepual  Puerto Montt Ap.,-41.4475,-73.09583,5.25,11.0
2001-11-14,430001.0,Quellón Ad.,-43.13361,-73.63278,7.8,16.0
2001-11-14,430002.0,Futaleufú Ad.,-43.18889,-71.85222,13.8,20.0
2001-11-14,450001.0,Puerto Aysén Ad.,-45.39944,-72.67722,5.25,12.0
2001-11-14,450004.0,"Teniente Vidal, Coyhaique Ad.",-45.59083,-72.10222,8.6,14.0
2001-11-14,450005.0,Balmaceda Ad.,-45.91833,-71.67778,18.208333333333332,25.0
2001-11-14,520006.0,"Carlos Ibañez, Punta Arenas Ap.",-53.00167,-70.83861,15.083333333333334,24.0
2001-11-14,530005.0,"Fuentes Martínez, Porvenir Ad.",-53.25361,-70.32611,20.166666666666668,26.0
2001-11-14,550001.0,"Guardiamarina Zañartu, Pto Williams Ad.",-54.93167,-67.61556,9.833333333333334,15.0
2001-11-14,950001.0,"C.M.A. Eduardo Frei Montalva, Antártica ",-62.19194,-58.97972,19.454545454545453,23.0
2001-11-15,180005.0,"Chacalluta, Arica Ap.",-18.35555,-70.34028,5.958333333333333,12.0
2001-11-15,200006.0,Diego Aracena Iquique Ap.,-20.54917,-70.18111,6.916666666666667,13.0
2001-11-15,220002.0,"El Loa, Calama Ad.",-22.49806,-68.8925,16.5625,22.0
2001-11-15,270001.0,Mataveri  Isla de Pascua Ap.,-27.15889,-109.4325,4.666666666666667,7.0
2001-11-15,290004.0,"La Florida, La Serena Ad.",-29.91444,-71.20667,7.0,14.0
2001-11-15,330007.0,"Rodelillo, Ad.",-33.06528,-71.55639,14.0,17.0
2001-11-15,330019.0,"Eulogio Sánchez, Tobalaba Ad.",-33.45528,-70.54861,1.7692307692307692,3.0
2001-11-15,330020.0,"Quinta Normal, Santiago",-33.445,-70.68278,4.4,10.0
2001-11-15,330021.0,Pudahuel Santiago ,-33.37833,-70.78778,5.375,12.0
2001-11-15,330030.0,"Santo Domingo, Ad.",-33.65611,-71.61333,11.642857142857142,18.0
2001-11-15,330031.0,"Juan Fernández, Estación Meteorológica.",-33.63583,-78.83305,5.6,8.0
2001-11-15,340031.0,"General Freire, Curicó Ad.",-34.96944,-71.21694,9.0,10.0
2001-11-15,360011.0,"General Bernardo O'Higgins, Chillán Ad.",-36.58583,-72.03667,8.2,10.0
2001-11-15,360019.0,"Carriel Sur, Concepción Ap.",-36.78055,-73.06639,8.166666666666666,18.0
2001-11-15,370033.0,"María Dolores, Los Angeles Ad.",-37.39694,-72.42389,18.25,30.0
2001-11-15,380013.0,"Maquehue, Temuco Ad.",-38.76778,-72.63194,4.5,9.0
2001-11-15,390006.0,"Pichoy, Valdivia Ad.",-39.65667,-73.08722,5.25,11.0
2001-11-15,400009.0,"Cañal Bajo,  Osorno Ad.",-40.61444,-73.0575,4.5,8.0
2001-11-15,410005.0,El Tepual  Puerto Montt Ap.,-41.4475,-73.09583,2.3333333333333335,7.0
2001-11-15,430001.0,Quellón Ad.,-43.13361,-73.63278,4.2,6.0
2001-11-15,430002.0,Futaleufú Ad.,-43.18889,-71.85222,9.6,14.0
2001-11-15,450001.0,Puerto Aysén Ad.,-45.39944,-72.67722,8.0,10.0
2001-11-15,450004.0,"Teniente Vidal, Coyhaique Ad.",-45.59083,-72.10222,6.0,10.0
2001-11-15,450005.0,Balmaceda Ad.,-45.91833,-71.67778,17.75,25.0
2001-11-15,520006.0,"Carlos Ibañez, Punta Arenas Ap.",-53.00167,-70.83861,13.958333333333334,28.0
2001-11-15,530005.0,"Fuentes Martínez, Porvenir Ad.",-53.25361,-70.32611,17.333333333333332,22.0
2001-11-15,550001.0,"Guardiamarina Zañartu, Pto Williams Ad.",-54.93167,-67.61556,7.222222222222222,15.0
2001-11-15,950001.0,"C.M.A. Eduardo Frei Montalva, Antártica ",-62.19194,-58.97972,15.928571428571429,21.0
2001-11-16,180005.0,"Chacalluta, Arica Ap.",-18.35555,-70.34028,7.375,14.0
2001-11-16,200006.0,Diego Aracena Iquique Ap.,-20.54917,-70.18111,8.833333333333334,18.0
2001-11-16,220002.0,"El Loa, Calama Ad.",-22.49806,-68.8925,14.9375,31.0
2001-11-16,270001.0,Mataveri  Isla de Pascua Ap.,-27.15889,-109.4325,5.833333333333333,12.0
2001-11-16,290004.0,"La Florida, La Serena Ad.",-29.91444,-71.20667,6.222222222222222,11.0
2001-11-16,330007.0,"Rodelillo, Ad.",-33.06528,-71.55639,6.0,10.0
2001-11-16,330019.0,"Eulogio Sánchez, Tobalaba Ad.",-33.45528,-70.54861,1.8461538461538463,4.0
2001-11-16,330020.0,"Quinta Normal, Santiago",-33.445,-70.68278,3.4,8.0
2001-11-16,330021.0,Pudahuel Santiago ,-33.37833,-70.78778,4.75,16.0
2001-11-16,330030.0,"Santo Domingo, Ad.",-33.65611,-71.61333,7.0,14.0
2001-11-16,330031.0,"Juan Fernández, Estación Meteorológica.",-33.63583,-78.83305,5.0,6.0
2001-11-16,340031.0,"General Freire, Curicó Ad.",-34.96944,-71.21694,7.666666666666667,13.0
2001-11-16,360011.0,"General Bernardo O'Higgins, Chillán Ad.",-36.58583,-72.03667,6.0,9.0
2001-11-16,360019.0,"Carriel Sur, Concepción Ap.",-36.78055,-73.06639,7.166666666666667,16.0
2001-11-16,370033.0,"María Dolores, Los Angeles Ad.",-37.39694,-72.42389,8.0,9.0
2001-11-16,380013.0,"Maquehue, Temuco Ad.",-38.76778,-72.63194,3.75,10.0
2001-11-16,390006.0,"Pichoy, Valdivia Ad.",-39.65667,-73.08722,5.75,12.0
2001-11-16,400009.0,"Cañal Bajo,  Osorno Ad.",-40.61444,-73.0575,3.4,10.0
2001-11-16,410005.0,El Tepual  Puerto Montt Ap.,-41.4475,-73.09583,2.5833333333333335,7.0
2001-11-16,430001.0,Quellón Ad.,-43.13361,-73.63278,6.5,8.0
2001-11-16,430002.0,Futaleufú Ad.,-43.18889,-71.85222,9.6,16.0
2001-11-16,450001.0,Puerto Aysén Ad.,-45.39944,-72.67722,7.75,14.0
2001-11-16,450004.0,"Teniente Vidal, Coyhaique Ad.",-45.59083,-72.10222,7.8,11.0
2001-11-16,450005.0,Balmaceda Ad.,-45.91833,-71.67778,20.833333333333332,28.0
2001-11-16,520006.0,"Carlos Ibañez, Punta Arenas Ap.",-53.00167,-70.83861,19.625,33.0
2001-11-16,530005.0,"Fuentes Martínez, Porvenir Ad.",-53.25361,-70.32611,21.166666666666668,29.0
2001-11-16,550001.0,"Guardiamarina Zañartu, Pto Williams Ad.",-54.93167,-67.61556,16.0,26.0
2001-11-16,950001.0,"C.M.A. Eduardo Frei Montalva, Antártica ",-62.19194,-58.97972,21.444444444444443,29.0
2001-11-17,180005.0,"Chacalluta, Arica Ap.",-18.35555,-70.34028,5.583333333333333,11.0
2001-11-17,200006.0,Diego Aracena Iquique Ap.,-20.54917,-70.18111,7.791666666666667,15.0
2001-11-17,220002.0,"El Loa, Calama Ad.",-22.49806,-68.8925,15.266666666666667,25.0
2001-11-17,270001.0,Mataveri  Isla de Pascua Ap.,-27.15889,-109.4325,9.166666666666666,16.0
2001-11-17,290004.0,"La Florida, La Serena Ad.",-29.91444,-71.20667,5.666666666666667,14.0
2001-11-17,330007.0,"Rodelillo, Ad.",-33.06528,-71.55639,9.166666666666666,13.0
2001-11-17,330019.0,"Eulogio Sánchez, Tobalaba Ad.",-33.45528,-70.54861,1.4615384615384615,4.0
2001-11-17,330020.0,"Quinta Normal, Santiago",-33.445,-70.68278,3.0,6.0
2001-11-17,330021.0,Pudahuel Santiago ,-33.37833,-70.78778,5.708333333333333,16.0
2001-11-17,330030.0,"Santo Domingo, Ad.",-33.65611,-71.61333,5.714285714285714,12.0
2001-11-17,330031.0,"Juan Fernández, Estación Meteorológica.",-33.63583,-78.83305,4.5,10.0
2001-11-17,340031.0,"General Freire, Curicó Ad.",-34.96944,-71.21694,9.916666666666666,12.0
2001-11-17,360011.0,"General Bernardo O'Higgins, Chillán Ad.",-36.58583,-72.03667,6.4,10.0
2001-11-17,360019.0,"Carriel Sur, Concepción Ap.",-36.78055,-73.06639,9.25,17.0
2001-11-17,370033.0,"María Dolores, Los Angeles Ad.",-37.39694,-72.42389,6.0,10.0
2001-11-17,380013.0,"Maquehue, Temuco Ad.",-38.76778,-72.63194,3.7083333333333335,8.0
2001-11-17,390006.0,"Pichoy, Valdivia Ad.",-39.65667,-73.08722,6.0,7.0
2001-11-17,400009.0,"Cañal Bajo,  Osorno Ad.",-40.61444,-73.0575,8.1,10.0
2001-11-17,410005.0,El Tepual  Puerto Montt Ap.,-41.4475,-73.09583,6.416666666666667,12.0
2001-11-17,430002.0,Futaleufú Ad.,-43.18889,-71.85222,13.6,15.0
2001-11-17,450004.0,"Teniente Vidal, Coyhaique Ad.",-45.59083,-72.10222,10.8,18.0
2001-11-17,450005.0,Balmaceda Ad.,-45.91833,-71.67778,22.583333333333332,30.0
2001-11-17,520006.0,"Carlos Ibañez, Punta Arenas Ap.",-53.00167,-70.83861,22.25,37.0
2001-11-17,530005.0,"Fuentes Martínez, Porvenir Ad.",-53.25361,-70.32611,29.166666666666668,34.0
2001-11-17,950001.0,"C.M.A. Eduardo Frei Montalva, Antártica ",-62.19194,-58.97972,21.764705882352942,27.0
2001-11-18,180005.0,"Chacalluta, Arica Ap.",-18.35555,-70.34028,6.0,13.0
2001-11-18,200006.0,Diego Aracena Iquique Ap.,-20.54917,-70.18111,7.166666666666667,15.0
2001-11-18,220002.0,"El Loa, Calama Ad.",-22.49806,-68.8925,13.916666666666666,18.0
2001-11-18,270001.0,Mataveri  Isla de Pascua Ap.,-27.15889,-109.4325,9.166666666666666,12.0
2001-11-18,290004.0,"La Florida, La Serena Ad.",-29.91444,-71.20667,5.833333333333333,11.0
2001-11-18,330007.0,"Rodelillo, Ad.",-33.06528,-71.55639,6.384615384615385,10.0
2001-11-18,330019.0,"Eulogio Sánchez, Tobalaba Ad.",-33.45528,-70.54861,1.3846153846153846,3.0
2001-11-18,330020.0,"Quinta Normal, Santiago",-33.445,-70.68278,3.4,6.0
2001-11-18,330021.0,Pudahuel Santiago ,-33.37833,-70.78778,5.583333333333333,14.0
2001-11-18,330030.0,"Santo Domingo, Ad.",-33.65611,-71.61333,5.714285714285714,10.0
2001-11-18,330031.0,"Juan Fernández, Estación Meteorológica.",-33.63583,-78.83305,1.5,4.0
2001-11-18,340031.0,"General Freire, Curicó Ad.",-34.96944,-71.21694,8.833333333333334,12.0
2001-11-18,360011.0,"General Bernardo O'Higgins, Chillán Ad.",-36.58583,-72.03667,5.6,7.0
2001-11-18,360019.0,"Carriel Sur, Concepción Ap.",-36.78055,-73.06639,9.541666666666666,16.0
2001-11-18,370033.0,"María Dolores, Los Angeles Ad.",-37.39694,-72.42389,4.75,8.0
2001-11-18,380013.0,"Maquehue, Temuco Ad.",-38.76778,-72.63194,3.0,6.0
2001-11-18,390006.0,"Pichoy, Valdivia Ad.",-39.65667,-73.08722,7.25,12.0
2001-11-18,400009.0,"Cañal Bajo,  Osorno Ad.",-40.61444,-73.0575,7.6,16.0
2001-11-18,410005.0,El Tepual  Puerto Montt Ap.,-41.4475,-73.09583,7.166666666666667,14.0
2001-11-18,430001.0,Quellón Ad.,-43.13361,-73.63278,,
2001-11-18,430002.0,Futaleufú Ad.,-43.18889,-71.85222,10.6,18.0
2001-11-18,450004.0,"Teniente Vidal, Coyhaique Ad.",-45.59083,-72.10222,6.0,16.0
2001-11-18,450005.0,Balmaceda Ad.,-45.91833,-71.67778,21.041666666666668,34.0
2001-11-18,520006.0,"Carlos Ibañez, Punta Arenas Ap.",-53.00167,-70.83861,16.75,29.0
2001-11-18,950001.0,"C.M.A. Eduardo Frei Montalva, Antártica ",-62.19194,-58.97972,13.666666666666666,22.0
2001-11-19,180005.0,"Chacalluta, Arica Ap.",-18.35555,-70.34028,5.666666666666667,11.0
2001-11-19,200006.0,Diego Aracena Iquique Ap.,-20.54917,-70.18111,6.541666666666667,14.0
2001-11-19,220002.0,"El Loa, Calama Ad.",-22.49806,-68.8925,17.4375,25.0
2001-11-19,270001.0,Mataveri  Isla de Pascua Ap.,-27.15889,-109.4325,12.333333333333334,16.0
2001-11-19,290004.0,"La Florida, La Serena Ad.",-29.91444,-71.20667,6.722222222222222,12.0
2001-11-19,330007.0,"Rodelillo, Ad.",-33.06528,-71.55639,5.3076923076923075,11.0
2001-11-19,330019.0,"Eulogio Sánchez, Tobalaba Ad.",-33.45528,-70.54861,1.3846153846153846,3.0
2001-11-19,330020.0,"Quinta Normal, Santiago",-33.445,-70.68278,7.0,10.0
2001-11-19,330021.0,Pudahuel Santiago ,-33.37833,-70.78778,7.541666666666667,15.0
2001-11-19,330030.0,"Santo Domingo, Ad.",-33.65611,-71.61333,5.5,7.0
2001-11-19,330031.0,"Juan Fernández, Estación Meteorológica.",-33.63583,-78.83305,2.8,8.0
2001-11-19,340031.0,"General Freire, Curicó Ad.",-34.96944,-71.21694,7.166666666666667,12.0
2001-11-19,360011.0,"General Bernardo O'Higgins, Chillán Ad.",-36.58583,-72.03667,3.6,6.0
2001-11-19,360019.0,"Carriel Sur, Concepción Ap.",-36.78055,-73.06639,5.958333333333333,12.0
2001-11-19,370033.0,"María Dolores, Los Angeles Ad.",-37.39694,-72.42389,8.5,14.0
2001-11-19,380013.0,"Maquehue, Temuco Ad.",-38.76778,-72.63194,4.166666666666667,10.0
2001-11-19,390006.0,"Pichoy, Valdivia Ad.",-39.65667,-73.08722,6.75,12.0
2001-11-19,400009.0,"Cañal Bajo,  Osorno Ad.",-40.61444,-73.0575,7.5,10.0
2001-11-19,410005.0,El Tepual  Puerto Montt Ap.,-41.4475,-73.09583,8.541666666666666,14.0
2001-11-19,430001.0,Quellón Ad.,-43.13361,-73.63278,3.8,5.0
2001-11-19,430002.0,Futaleufú Ad.,-43.18889,-71.85222,4.4,6.0
2001-11-19,450001.0,Puerto Aysén Ad.,-45.39944,-72.67722,8.25,16.0
2001-11-19,450004.0,"Teniente Vidal, Coyhaique Ad.",-45.59083,-72.10222,6.6,10.0
2001-11-19,450005.0,Balmaceda Ad.,-45.91833,-71.67778,17.708333333333332,28.0
2001-11-19,520006.0,"Carlos Ibañez, Punta Arenas Ap.",-53.00167,-70.83861,18.565217391304348,29.0
2001-11-19,530005.0,"Fuentes Martínez, Porvenir Ad.",-53.25361,-70.32611,21.833333333333332,27.0
2001-11-19,550001.0,"Guardiamarina Zañartu, Pto Williams Ad.",-54.93167,-67.61556,12.333333333333334,15.0
2001-11-19,950001.0,"C.M.A. Eduardo Frei Montalva, Antártica ",-62.19194,-58.97972,20.928571428571427,28.0
2001-11-20,180005.0,"Chacalluta, Arica Ap.",-18.35555,-70.34028,7.625,12.0
2001-11-20,200006.0,Diego Aracena Iquique Ap.,-20.54917,-70.18111,8.958333333333334,17.0
2001-11-20,220002.0,"El Loa, Calama Ad.",-22.49806,-68.8925,16.294117647058822,24.0
2001-11-20,270001.0,Mataveri  Isla de Pascua Ap.,-27.15889,-109.4325,12.833333333333334,15.0
2001-11-20,290004.0,"La Florida, La Serena Ad.",-29.91444,-71.20667,5.888888888888889,10.0
2001-11-20,330007.0,"Rodelillo, Ad.",-33.06528,-71.55639,7.076923076923077,14.0
2001-11-20,330019.0,"Eulogio Sánchez, Tobalaba Ad.",-33.45528,-70.54861,1.1538461538461537,3.0
2001-11-20,330020.0,"Quinta Normal, Santiago",-33.445,-70.68278,6.0,8.0
2001-11-20,330021.0,Pudahuel Santiago ,-33.37833,-70.78778,6.291666666666667,11.0
2001-11-20,330030.0,"Santo Domingo, Ad.",-33.65611,-71.61333,6.214285714285714,12.0
2001-11-20,330031.0,"Juan Fernández, Estación Meteorológica.",-33.63583,-78.83305,8.0,10.0
2001-11-20,340031.0,"General Freire, Curicó Ad.",-34.96944,-71.21694,5.916666666666667,10.0
2001-11-20,360011.0,"General Bernardo O'Higgins, Chillán Ad.",-36.58583,-72.03667,3.8,7.0
2001-11-20,360019.0,"Carriel Sur, Concepción Ap.",-36.78055,-73.06639,9.416666666666666,16.0
2001-11-20,370033.0,"María Dolores, Los Angeles Ad.",-37.39694,-72.42389,3.75,6.0
2001-11-20,380013.0,"Maquehue, Temuco Ad.",-38.76778,-72.63194,4.541666666666667,9.0
2001-11-20,390006.0,"Pichoy, Valdivia Ad.",-39.65667,-73.08722,10.5,14.0
2001-11-20,400009.0,"Cañal Bajo,  Osorno Ad.",-40.61444,-73.0575,5.1,9.0
2001-11-20,410005.0,El Tepual  Puerto Montt Ap.,-41.4475,-73.09583,2.9583333333333335,6.0
2001-11-20,430001.0,Quellón Ad.,-43.13361,-73.63278,4.6,6.0
2001-11-20,430002.0,Futaleufú Ad.,-43.18889,-71.85222,10.0,12.0
2001-11-20,450001.0,Puerto Aysén Ad.,-45.39944,-72.67722,2.5,6.0
2001-11-20,450004.0,"Teniente Vidal, Coyhaique Ad.",-45.59083,-72.10222,6.8,10.0
2001-11-20,450005.0,Balmaceda Ad.,-45.91833,-71.67778,20.708333333333332,26.0
2001-11-20,520006.0,"Carlos Ibañez, Punta Arenas Ap.",-53.00167,-70.83861,22.083333333333332,33.0
2001-11-20,530005.0,"Fuentes Martínez, Porvenir Ad.",-53.25361,-70.32611,28.416666666666668,34.0
2001-11-20,550001.0,"Guardiamarina Zañartu, Pto Williams Ad.",-54.93167,-67.61556,18.0,22.0
2001-11-20,950001.0,"C.M.A. Eduardo Frei Montalva, Antártica ",-62.19194,-58.97972,20.555555555555557,28.0
2001-11-21,180005.0,"Chacalluta, Arica Ap.",-18.35555,-70.34028,6.75,12.0
2001-11-21,200006.0,Diego Aracena Iquique Ap.,-20.54917,-70.18111,5.958333333333333,12.0
2001-11-21,220002.0,"El Loa, Calama Ad.",-22.49806,-68.8925,14.235294117647058,23.0
2001-11-21,270001.0,Mataveri  Isla de Pascua Ap.,-27.15889,-109.4325,11.0,15.0
2001-11-21,290004.0,"La Florida, La Serena Ad.",-29.91444,-71.20667,7.611111111111111,18.0
2001-11-21,330007.0,"Rodelillo, Ad.",-33.06528,-71.55639,9.0,12.0
2001-11-21,330019.0,"Eulogio Sánchez, Tobalaba Ad.",-33.45528,-70.54861,1.2307692307692308,4.0
2001-11-21,330020.0,"Quinta Normal, Santiago",-33.445,-70.68278,5.6,10.0
2001-11-21,330021.0,Pudahuel Santiago ,-33.37833,-70.78778,5.666666666666667,13.0
2001-11-21,330030.0,"Santo Domingo, Ad.",-33.65611,-71.61333,8.142857142857142,16.0
2001-11-21,330031.0,"Juan Fernández, Estación Meteorológica.",-33.63583,-78.83305,5.2,8.0
2001-11-21,340031.0,"General Freire, Curicó Ad.",-34.96944,-71.21694,4.416666666666667,10.0
2001-11-21,360011.0,"General Bernardo O'Higgins, Chillán Ad.",-36.58583,-72.03667,4.6,8.0
2001-11-21,360019.0,"Carriel Sur, Concepción Ap.",-36.78055,-73.06639,5.875,14.0
2001-11-21,370033.0,"María Dolores, Los Angeles Ad.",-37.39694,-72.42389,3.25,6.0
2001-11-21,380013.0,"Maquehue, Temuco Ad.",-38.76778,-72.63194,3.9583333333333335,10.0
2001-11-21,390006.0,"Pichoy, Valdivia Ad.",-39.65667,-73.08722,5.75,9.0
2001-11-21,400009.0,"Cañal Bajo,  Osorno Ad.",-40.61444,-73.0575,3.5,6.0
2001-11-21,410005.0,El Tepual  Puerto Montt Ap.,-41.4475,-73.09583,4.5,9.0
2001-11-21,430001.0,Quellón Ad.,-43.13361,-73.63278,5.8,10.0
2001-11-21,430002.0,Futaleufú Ad.,-43.18889,-71.85222,9.6,14.0
2001-11-21,450001.0,Puerto Aysén Ad.,-45.39944,-72.67722,7.25,8.0
2001-11-21,450004.0,"Teniente Vidal, Coyhaique Ad.",-45.59083,-72.10222,7.4,13.0
2001-11-21,450005.0,Balmaceda Ad.,-45.91833,-71.67778,18.73913043478261,26.0
2001-11-21,520006.0,"Carlos Ibañez, Punta Arenas Ap.",-53.00167,-70.83861,15.583333333333334,21.0
2001-11-21,530005.0,"Fuentes Martínez, Porvenir Ad.",-53.25361,-70.32611,17.333333333333332,25.0
2001-11-21,550001.0,"Guardiamarina Zañartu, Pto Williams Ad.",-54.93167,-67.61556,10.11111111111111,20.0
2001-11-21,950001.0,"C.M.A. Eduardo Frei Montalva, Antártica ",-62.19194,-58.97972,17.5625,36.0
2001-11-22,180005.0,"Chacalluta, Arica Ap.",-18.35555,-70.34028,6.25,13.0
2001-11-22,200006.0,Diego Aracena Iquique Ap.,-20.54917,-70.18111,6.208333333333333,12.0
2001-11-22,220002.0,"El Loa, Calama Ad.",-22.49806,-68.8925,15.866666666666667,23.0
2001-11-22,270001.0,Mataveri  Isla de Pascua Ap.,-27.15889,-109.4325,10.666666666666666,14.0
2001-11-22,290004.0,"La Florida, La Serena Ad.",-29.91444,-71.20667,6.555555555555555,14.0
2001-11-22,330007.0,"Rodelillo, Ad.",-33.06528,-71.55639,9.461538461538462,16.0
2001-11-22,330019.0,"Eulogio Sánchez, Tobalaba Ad.",-33.45528,-70.54861,0.7692307692307693,4.0
2001-11-22,330020.0,"Quinta Normal, Santiago",-33.445,-70.68278,4.6,6.0
2001-11-22,330021.0,Pudahuel Santiago ,-33.37833,-70.78778,7.458333333333333,17.0
2001-11-22,330030.0,"Santo Domingo, Ad.",-33.65611,-71.61333,7.5,16.0
2001-11-22,330031.0,"Juan Fernández, Estación Meteorológica.",-33.63583,-78.83305,6.8,8.0
2001-11-22,340031.0,"General Freire, Curicó Ad.",-34.96944,-71.21694,8.333333333333334,15.0
2001-11-22,360011.0,"General Bernardo O'Higgins, Chillán Ad.",-36.58583,-72.03667,4.6,8.0
2001-11-22,360019.0,"Carriel Sur, Concepción Ap.",-36.78055,-73.06639,6.625,12.0
2001-11-22,370033.0,"María Dolores, Los Angeles Ad.",-37.39694,-72.42389,8.5,15.0
2001-11-22,380013.0,"Maquehue, Temuco Ad.",-38.76778,-72.63194,3.9583333333333335,11.0
2001-11-22,390006.0,"Pichoy, Valdivia Ad.",-39.65667,-73.08722,9.75,16.0
2001-11-22,400009.0,"Cañal Bajo,  Osorno Ad.",-40.61444,-73.0575,7.4,14.0
2001-11-22,410005.0,El Tepual  Puerto Montt Ap.,-41.4475,-73.09583,6.666666666666667,13.0
2001-11-22,430001.0,Quellón Ad.,-43.13361,-73.63278,6.6,10.0
2001-11-22,430002.0,Futaleufú Ad.,-43.18889,-71.85222,9.4,12.0
2001-11-22,450001.0,Puerto Aysén Ad.,-45.39944,-72.67722,7.5,14.0
2001-11-22,450004.0,"Teniente Vidal, Coyhaique Ad.",-45.59083,-72.10222,9.2,15.0
2001-11-22,450005.0,Balmaceda Ad.,-45.91833,-71.67778,18.375,25.0
2001-11-22,520006.0,"Carlos Ibañez, Punta Arenas Ap.",-53.00167,-70.83861,8.76,15.0
2001-11-22,530005.0,"Fuentes Martínez, Porvenir Ad.",-53.25361,-70.32611,12.307692307692308,18.0
2001-11-22,550001.0,"Guardiamarina Zañartu, Pto Williams Ad.",-54.93167,-67.61556,7.7,17.0
2001-11-22,950001.0,"C.M.A. Eduardo Frei Montalva, Antártica ",-62.19194,-58.97972,21.3125,28.0
2001-11-23,180005.0,"Chacalluta, Arica Ap.",-18.35555,-70.34028,7.958333333333333,13.0
2001-11-23,200006.0,Diego Aracena Iquique Ap.,-20.54917,-70.18111,6.25,15.0
2001-11-23,220002.0,"El Loa, Calama Ad.",-22.49806,-68.8925,14.176470588235293,21.0
2001-11-23,270001.0,Mataveri  Isla de Pascua Ap.,-27.15889,-109.4325,13.0,17.0
2001-11-23,290004.0,"La Florida, La Serena Ad.",-29.91444,-71.20667,6.111111111111111,10.0
2001-11-23,330007.0,"Rodelillo, Ad.",-33.06528,-71.55639,15.666666666666666,20.0
2001-11-23,330019.0,"Eulogio Sánchez, Tobalaba Ad.",-33.45528,-70.54861,1.3846153846153846,4.0
2001-11-23,330020.0,"Quinta Normal, Santiago",-33.445,-70.68278,5.6,10.0
2001-11-23,330021.0,Pudahuel Santiago ,-33.37833,-70.78778,7.458333333333333,17.0
2001-11-23,330030.0,"Santo Domingo, Ad.",-33.65611,-71.61333,12.153846153846153,20.0
2001-11-23,330031.0,"Juan Fernández, Estación Meteorológica.",-33.63583,-78.83305,8.4,12.0
2001-11-23,340031.0,"General Freire, Curicó Ad.",-34.96944,-71.21694,10.0,15.0
2001-11-23,360011.0,"General Bernardo O'Higgins, Chillán Ad.",-36.58583,-72.03667,6.6,8.0
2001-11-23,360019.0,"Carriel Sur, Concepción Ap.",-36.78055,-73.06639,11.791666666666666,19.0
2001-11-23,370033.0,"María Dolores, Los Angeles Ad.",-37.39694,-72.42389,8.0,14.0
2001-11-23,380013.0,"Maquehue, Temuco Ad.",-38.76778,-72.63194,7.375,13.0
2001-11-23,390006.0,"Pichoy, Valdivia Ad.",-39.65667,-73.08722,11.0,17.0
2001-11-23,400009.0,"Cañal Bajo,  Osorno Ad.",-40.61444,-73.0575,8.454545454545455,20.0
2001-11-23,410005.0,El Tepual  Puerto Montt Ap.,-41.4475,-73.09583,5.291666666666667,13.0
2001-11-23,430001.0,Quellón Ad.,-43.13361,-73.63278,9.2,15.0
2001-11-23,430002.0,Futaleufú Ad.,-43.18889,-71.85222,8.0,16.0
2001-11-23,450001.0,Puerto Aysén Ad.,-45.39944,-72.67722,6.5,10.0
2001-11-23,450004.0,"Teniente Vidal, Coyhaique Ad.",-45.59083,-72.10222,10.8,15.0
2001-11-23,450005.0,Balmaceda Ad.,-45.91833,-71.67778,15.208333333333334,23.0
2001-11-23,520006.0,"Carlos Ibañez, Punta Arenas Ap.",-53.00167,-70.83861,9.666666666666666,19.0
2001-11-23,530005.0,"Fuentes Martínez, Porvenir Ad.",-53.25361,-70.32611,13.166666666666666,21.0
2001-11-23,550001.0,"Guardiamarina Zañartu, Pto Williams Ad.",-54.93167,-67.61556,7.833333333333333,18.0
2001-11-23,950001.0,"C.M.A. Eduardo Frei Montalva, Antártica ",-62.19194,-58.97972,18.333333333333332,23.0
2001-11-24,180005.0,"Chacalluta, Arica Ap.",-18.35555,-70.34028,5.125,12.0
2001-11-24,200006.0,Diego Aracena Iquique Ap.,-20.54917,-70.18111,6.291666666666667,13.0
2001-11-24,220002.0,"El Loa, Calama Ad.",-22.49806,-68.8925,16.2,21.0
2001-11-24,270001.0,Mataveri  Isla de Pascua Ap.,-27.15889,-109.4325,14.333333333333334,18.0
2001-11-24,290004.0,"La Florida, La Serena Ad.",-29.91444,-71.20667,7.611111111111111,12.0
2001-11-24,330007.0,"Rodelillo, Ad.",-33.06528,-71.55639,9.76923076923077,14.0
2001-11-24,330019.0,"Eulogio Sánchez, Tobalaba Ad.",-33.45528,-70.54861,0.6923076923076923,3.0
2001-11-24,330020.0,"Quinta Normal, Santiago",-33.445,-70.68278,4.0,7.0
2001-11-24,330021.0,Pudahuel Santiago ,-33.37833,-70.78778,5.958333333333333,13.0
2001-11-24,330030.0,"Santo Domingo, Ad.",-33.65611,-71.61333,11.071428571428571,18.0
2001-11-24,330031.0,"Juan Fernández, Estación Meteorológica.",-33.63583,-78.83305,7.0,12.0
2001-11-24,340031.0,"General Freire, Curicó Ad.",-34.96944,-71.21694,9.5,10.0
2001-11-24,360011.0,"General Bernardo O'Higgins, Chillán Ad.",-36.58583,-72.03667,9.8,14.0
2001-11-24,360019.0,"Carriel Sur, Concepción Ap.",-36.78055,-73.06639,11.375,21.0
2001-11-24,370033.0,"María Dolores, Los Angeles Ad.",-37.39694,-72.42389,16.5,22.0
2001-11-24,380013.0,"Maquehue, Temuco Ad.",-38.76778,-72.63194,4.916666666666667,12.0
2001-11-24,390006.0,"Pichoy, Valdivia Ad.",-39.65667,-73.08722,5.75,10.0
2001-11-24,400009.0,"Cañal Bajo,  Osorno Ad.",-40.61444,-73.0575,5.3,10.0
2001-11-24,410005.0,El Tepual  Puerto Montt Ap.,-41.4475,-73.09583,2.5833333333333335,8.0
2001-11-24,430002.0,Futaleufú Ad.,-43.18889,-71.85222,10.0,15.0
2001-11-24,450004.0,"Teniente Vidal, Coyhaique Ad.",-45.59083,-72.10222,9.0,16.0
2001-11-24,450005.0,Balmaceda Ad.,-45.91833,-71.67778,19.916666666666668,26.0
2001-11-24,520006.0,"Carlos Ibañez, Punta Arenas Ap.",-53.00167,-70.83861,15.708333333333334,33.0
2001-11-24,530005.0,"Fuentes Martínez, Porvenir Ad.",-53.25361,-70.32611,21.0,29.0
2001-11-24,950001.0,"C.M.A. Eduardo Frei Montalva, Antártica ",-62.19194,-58.97972,10.0,14.0
2001-11-25,180005.0,"Chacalluta, Arica Ap.",-18.35555,-70.34028,5.208333333333333,12.0
2001-11-25,200006.0,Diego Aracena Iquique Ap.,-20.54917,-70.18111,6.291666666666667,11.0
2001-11-25,220002.0,"El Loa, Calama Ad.",-22.49806,-68.8925,16.833333333333332,22.0
2001-11-25,270001.0,Mataveri  Isla de Pascua Ap.,-27.15889,-109.4325,13.0,16.0
2001-11-25,290004.0,"La Florida, La Serena Ad.",-29.91444,-71.20667,6.444444444444445,12.0
2001-11-25,330007.0,"Rodelillo, Ad.",-33.06528,-71.55639,9.923076923076923,16.0
2001-11-25,330019.0,"Eulogio Sánchez, Tobalaba Ad.",-33.45528,-70.54861,2.4615384615384617,5.0
2001-11-25,330020.0,"Quinta Normal, Santiago",-33.445,-70.68278,5.8,10.0
2001-11-25,330021.0,Pudahuel Santiago ,-33.37833,-70.78778,6.833333333333333,17.0
2001-11-25,330030.0,"Santo Domingo, Ad.",-33.65611,-71.61333,12.0,20.0
2001-11-25,330031.0,"Juan Fernández, Estación Meteorológica.",-33.63583,-78.83305,9.25,12.0
2001-11-25,340031.0,"General Freire, Curicó Ad.",-34.96944,-71.21694,7.5,11.0
2001-11-25,360011.0,"General Bernardo O'Higgins, Chillán Ad.",-36.58583,-72.03667,6.2,8.0
2001-11-25,360019.0,"Carriel Sur, Concepción Ap.",-36.78055,-73.06639,10.583333333333334,20.0
2001-11-25,370033.0,"María Dolores, Los Angeles Ad.",-37.39694,-72.42389,10.5,16.0
2001-11-25,380013.0,"Maquehue, Temuco Ad.",-38.76778,-72.63194,3.7083333333333335,10.0
2001-11-25,390006.0,"Pichoy, Valdivia Ad.",-39.65667,-73.08722,9.0,13.0
2001-11-25,400009.0,"Cañal Bajo,  Osorno Ad.",-40.61444,-73.0575,5.4,13.0
2001-11-25,410005.0,El Tepual  Puerto Montt Ap.,-41.4475,-73.09583,3.9166666666666665,10.0
2001-11-25,430002.0,Futaleufú Ad.,-43.18889,-71.85222,10.4,16.0
2001-11-25,450004.0,"Teniente Vidal, Coyhaique Ad.",-45.59083,-72.10222,6.4,13.0
2001-11-25,450005.0,Balmaceda Ad.,-45.91833,-71.67778,20.125,28.0
2001-11-25,520006.0,"Carlos Ibañez, Punta Arenas Ap.",-53.00167,-70.83861,19.916666666666668,32.0
2001-11-25,950001.0,"C.M.A. Eduardo Frei Montalva, Antártica ",-62.19194,-58.97972,8.88888888888889,12.0
2001-11-26,180005.0,"Chacalluta, Arica Ap.",-18.35555,-70.34028,6.75,15.0
2001-11-26,200006.0,Diego Aracena Iquique Ap.,-20.54917,-70.18111,8.041666666666666,15.0
2001-11-26,220002.0,"El Loa, Calama Ad.",-22.49806,-68.8925,16.3125,31.0
2001-11-26,270001.0,Mataveri  Isla de Pascua Ap.,-27.15889,-109.4325,10.166666666666666,13.0
2001-11-26,290004.0,"La Florida, La Serena Ad.",-29.91444,-71.20667,6.611111111111111,12.0
2001-11-26,330007.0,"Rodelillo, Ad.",-33.06528,-71.55639,10.214285714285714,15.0
2001-11-26,330019.0,"Eulogio Sánchez, Tobalaba Ad.",-33.45528,-70.54861,1.1538461538461537,3.0
2001-11-26,330020.0,"Quinta Normal, Santiago",-33.445,-70.68278,3.6,8.0
2001-11-26,330021.0,Pudahuel Santiago ,-33.37833,-70.78778,6.125,15.0
2001-11-26,330030.0,"Santo Domingo, Ad.",-33.65611,-71.61333,9.428571428571429,18.0
2001-11-26,330031.0,"Juan Fernández, Estación Meteorológica.",-33.63583,-78.83305,9.0,12.0
2001-11-26,340031.0,"General Freire, Curicó Ad.",-34.96944,-71.21694,11.25,15.0
2001-11-26,360011.0,"General Bernardo O'Higgins, Chillán Ad.",-36.58583,-72.03667,10.0,14.0
2001-11-26,360019.0,"Carriel Sur, Concepción Ap.",-36.78055,-73.06639,10.416666666666666,21.0
2001-11-26,370033.0,"María Dolores, Los Angeles Ad.",-37.39694,-72.42389,9.75,17.0
2001-11-26,380013.0,"Maquehue, Temuco Ad.",-38.76778,-72.63194,4.291666666666667,8.0
2001-11-26,390006.0,"Pichoy, Valdivia Ad.",-39.65667,-73.08722,6.0,11.0
2001-11-26,400009.0,"Cañal Bajo,  Osorno Ad.",-40.61444,-73.0575,4.8,7.0
2001-11-26,410005.0,El Tepual  Puerto Montt Ap.,-41.4475,-73.09583,4.958333333333333,8.0
2001-11-26,430001.0,Quellón Ad.,-43.13361,-73.63278,4.2,5.0
2001-11-26,430002.0,Futaleufú Ad.,-43.18889,-71.85222,15.2,20.0
2001-11-26,450001.0,Puerto Aysén Ad.,-45.39944,-72.67722,9.0,16.0
2001-11-26,450004.0,"Teniente Vidal, Coyhaique Ad.",-45.59083,-72.10222,9.8,14.0
2001-11-26,450005.0,Balmaceda Ad.,-45.91833,-71.67778,19.75,34.0
2001-11-26,520006.0,"Carlos Ibañez, Punta Arenas Ap.",-53.00167,-70.83861,22.041666666666668,32.0
2001-11-26,530005.0,"Fuentes Martínez, Porvenir Ad.",-53.25361,-70.32611,24.692307692307693,37.0
2001-11-26,550001.0,"Guardiamarina Zañartu, Pto Williams Ad.",-54.93167,-67.61556,13.88888888888889,20.0
2001-11-26,950001.0,"C.M.A. Eduardo Frei Montalva, Antártica ",-62.19194,-58.97972,9.0,20.0
2001-11-27,180005.0,"Chacalluta, Arica Ap.",-18.35555,-70.34028,6.333333333333333,12.0
2001-11-27,200006.0,Diego Aracena Iquique Ap.,-20.54917,-70.18111,5.791666666666667,11.0
2001-11-27,220002.0,"El Loa, Calama Ad.",-22.49806,-68.8925,14.8125,21.0
2001-11-27,270001.0,Mataveri  Isla de Pascua Ap.,-27.15889,-109.4325,10.166666666666666,14.0
2001-11-27,290004.0,"La Florida, La Serena Ad.",-29.91444,-71.20667,7.388888888888889,13.0
2001-11-27,330007.0,"Rodelillo, Ad.",-33.06528,-71.55639,11.923076923076923,18.0
2001-11-27,330019.0,"Eulogio Sánchez, Tobalaba Ad.",-33.45528,-70.54861,2.0,4.0
2001-11-27,330020.0,"Quinta Normal, Santiago",-33.445,-70.68278,4.4,8.0
2001-11-27,330021.0,Pudahuel Santiago ,-33.37833,-70.78778,5.833333333333333,15.0
2001-11-27,330030.0,"Santo Domingo, Ad.",-33.65611,-71.61333,10.0,18.0
2001-11-27,330031.0,"Juan Fernández, Estación Meteorológica.",-33.63583,-78.83305,12.6,15.0
2001-11-27,340031.0,"General Freire, Curicó Ad.",-34.96944,-71.21694,9.166666666666666,12.0
2001-11-27,360011.0,"General Bernardo O'Higgins, Chillán Ad.",-36.58583,-72.03667,8.0,11.0
2001-11-27,360019.0,"Carriel Sur, Concepción Ap.",-36.78055,-73.06639,11.666666666666666,19.0
2001-11-27,370033.0,"María Dolores, Los Angeles Ad.",-37.39694,-72.42389,10.5,11.0
2001-11-27,380013.0,"Maquehue, Temuco Ad.",-38.76778,-72.63194,4.083333333333333,10.0
2001-11-27,390006.0,"Pichoy, Valdivia Ad.",-39.65667,-73.08722,6.5,15.0
2001-11-27,400009.0,"Cañal Bajo,  Osorno Ad.",-40.61444,-73.0575,3.5,5.0
2001-11-27,410005.0,El Tepual  Puerto Montt Ap.,-41.4475,-73.09583,3.7916666666666665,7.0
2001-11-27,430001.0,Quellón Ad.,-43.13361,-73.63278,6.4,10.0
2001-11-27,430002.0,Futaleufú Ad.,-43.18889,-71.85222,14.4,18.0
2001-11-27,450001.0,Puerto Aysén Ad.,-45.39944,-72.67722,4.0,10.0
2001-11-27,450004.0,"Teniente Vidal, Coyhaique Ad.",-45.59083,-72.10222,12.2,16.0
2001-11-27,450005.0,Balmaceda Ad.,-45.91833,-71.67778,23.583333333333332,31.0
2001-11-27,520006.0,"Carlos Ibañez, Punta Arenas Ap.",-53.00167,-70.83861,21.208333333333332,31.0
2001-11-27,530005.0,"Fuentes Martínez, Porvenir Ad.",-53.25361,-70.32611,22.083333333333332,30.0
2001-11-27,550001.0,"Guardiamarina Zañartu, Pto Williams Ad.",-54.93167,-67.61556,17.636363636363637,24.0
2001-11-27,950001.0,"C.M.A. Eduardo Frei Montalva, Antártica ",-62.19194,-58.97972,25.333333333333332,34.0
2001-11-28,180005.0,"Chacalluta, Arica Ap.",-18.35555,-70.34028,6.291666666666667,12.0
2001-11-28,200006.0,Diego Aracena Iquique Ap.,-20.54917,-70.18111,6.0,13.0
2001-11-28,220002.0,"El Loa, Calama Ad.",-22.49806,-68.8925,15.0,23.0
2001-11-28,270001.0,Mataveri  Isla de Pascua Ap.,-27.15889,-109.4325,8.666666666666666,13.0
2001-11-28,290004.0,"La Florida, La Serena Ad.",-29.91444,-71.20667,7.222222222222222,13.0
2001-11-28,330007.0,"Rodelillo, Ad.",-33.06528,-71.55639,10.642857142857142,16.0
2001-11-28,330019.0,"Eulogio Sánchez, Tobalaba Ad.",-33.45528,-70.54861,1.7692307692307692,3.0
2001-11-28,330020.0,"Quinta Normal, Santiago",-33.445,-70.68278,5.6,8.0
2001-11-28,330021.0,Pudahuel Santiago ,-33.37833,-70.78778,5.833333333333333,17.0
2001-11-28,330030.0,"Santo Domingo, Ad.",-33.65611,-71.61333,11.285714285714286,18.0
2001-11-28,330031.0,"Juan Fernández, Estación Meteorológica.",-33.63583,-78.83305,17.4,20.0
2001-11-28,340031.0,"General Freire, Curicó Ad.",-34.96944,-71.21694,9.083333333333334,13.0
2001-11-28,360011.0,"General Bernardo O'Higgins, Chillán Ad.",-36.58583,-72.03667,9.4,12.0
2001-11-28,360019.0,"Carriel Sur, Concepción Ap.",-36.78055,-73.06639,9.083333333333334,19.0
2001-11-28,370033.0,"María Dolores, Los Angeles Ad.",-37.39694,-72.42389,10.0,12.0
2001-11-28,380013.0,"Maquehue, Temuco Ad.",-38.76778,-72.63194,3.5,10.0
2001-11-28,390006.0,"Pichoy, Valdivia Ad.",-39.65667,-73.08722,5.5,13.0
2001-11-28,400009.0,"Cañal Bajo,  Osorno Ad.",-40.61444,-73.0575,4.0,8.0
2001-11-28,410005.0,El Tepual  Puerto Montt Ap.,-41.4475,-73.09583,4.75,12.0
2001-11-28,430001.0,Quellón Ad.,-43.13361,-73.63278,4.666666666666667,7.0
2001-11-28,430002.0,Futaleufú Ad.,-43.18889,-71.85222,6.8,12.0
2001-11-28,450001.0,Puerto Aysén Ad.,-45.39944,-72.67722,8.5,12.0
2001-11-28,450004.0,"Teniente Vidal, Coyhaique Ad.",-45.59083,-72.10222,8.0,13.0
2001-11-28,450005.0,Balmaceda Ad.,-45.91833,-71.67778,12.916666666666666,21.0
2001-11-28,520006.0,"Carlos Ibañez, Punta Arenas Ap.",-53.00167,-70.83861,17.625,27.0
2001-11-28,530005.0,"Fuentes Martínez, Porvenir Ad.",-53.25361,-70.32611,17.307692307692307,25.0
2001-11-28,550001.0,"Guardiamarina Zañartu, Pto Williams Ad.",-54.93167,-67.61556,18.875,26.0
2001-11-28,950001.0,"C.M.A. Eduardo Frei Montalva, Antártica ",-62.19194,-58.97972,33.56521739130435,40.0
2001-11-29,180005.0,"Chacalluta, Arica Ap.",-18.35555,-70.34028,6.333333333333333,16.0
2001-11-29,200006.0,Diego Aracena Iquique Ap.,-20.54917,-70.18111,7.791666666666667,15.0
2001-11-29,220002.0,"El Loa, Calama Ad.",-22.49806,-68.8925,15.0,23.0
2001-11-29,270001.0,Mataveri  Isla de Pascua Ap.,-27.15889,-109.4325,9.833333333333334,13.0
2001-11-29,290004.0,"La Florida, La Serena Ad.",-29.91444,-71.20667,7.666666666666667,14.0
2001-11-29,330007.0,"Rodelillo, Ad.",-33.06528,-71.55639,9.153846153846153,12.0
2001-11-29,330019.0,"Eulogio Sánchez, Tobalaba Ad.",-33.45528,-70.54861,1.5384615384615385,3.0
2001-11-29,330020.0,"Quinta Normal, Santiago",-33.445,-70.68278,4.0,6.0
2001-11-29,330021.0,Pudahuel Santiago ,-33.37833,-70.78778,5.75,12.0
2001-11-29,330030.0,"Santo Domingo, Ad.",-33.65611,-71.61333,6.142857142857143,12.0
2001-11-29,330031.0,"Juan Fernández, Estación Meteorológica.",-33.63583,-78.83305,11.2,12.0
2001-11-29,340031.0,"General Freire, Curicó Ad.",-34.96944,-71.21694,8.75,11.0
2001-11-29,360011.0,"General Bernardo O'Higgins, Chillán Ad.",-36.58583,-72.03667,8.0,10.0
2001-11-29,360019.0,"Carriel Sur, Concepción Ap.",-36.78055,-73.06639,9.333333333333334,18.0
2001-11-29,370033.0,"María Dolores, Los Angeles Ad.",-37.39694,-72.42389,13.0,18.0
2001-11-29,380013.0,"Maquehue, Temuco Ad.",-38.76778,-72.63194,4.708333333333333,10.0
2001-11-29,390006.0,"Pichoy, Valdivia Ad.",-39.65667,-73.08722,3.5,8.0
2001-11-29,400009.0,"Cañal Bajo,  Osorno Ad.",-40.61444,-73.0575,6.4,11.0
2001-11-29,410005.0,El Tepual  Puerto Montt Ap.,-41.4475,-73.09583,6.625,11.0
2001-11-29,430001.0,Quellón Ad.,-43.13361,-73.63278,4.4,6.0
2001-11-29,430002.0,Futaleufú Ad.,-43.18889,-71.85222,3.0,6.0
2001-11-29,450001.0,Puerto Aysén Ad.,-45.39944,-72.67722,10.75,16.0
2001-11-29,450004.0,"Teniente Vidal, Coyhaique Ad.",-45.59083,-72.10222,7.6,10.0
2001-11-29,450005.0,Balmaceda Ad.,-45.91833,-71.67778,21.166666666666668,29.0
2001-11-29,520006.0,"Carlos Ibañez, Punta Arenas Ap.",-53.00167,-70.83861,18.416666666666668,33.0
2001-11-29,530005.0,"Fuentes Martínez, Porvenir Ad.",-53.25361,-70.32611,19.166666666666668,35.0
2001-11-29,550001.0,"Guardiamarina Zañartu, Pto Williams Ad.",-54.93167,-67.61556,16.77777777777778,20.0
2001-11-29,950001.0,"C.M.A. Eduardo Frei Montalva, Antártica ",-62.19194,-58.97972,34.083333333333336,39.0
2001-11-30,180005.0,"Chacalluta, Arica Ap.",-18.35555,-70.34028,6.291666666666667,12.0
2001-11-30,200006.0,Diego Aracena Iquique Ap.,-20.54917,-70.18111,5.791666666666667,13.0
2001-11-30,220002.0,"El Loa, Calama Ad.",-22.49806,-68.8925,15.6875,25.0
2001-11-30,270001.0,Mataveri  Isla de Pascua Ap.,-27.15889,-109.4325,9.0,12.0
2001-11-30,290004.0,"La Florida, La Serena Ad.",-29.91444,-71.20667,5.666666666666667,11.0
2001-11-30,330007.0,"Rodelillo, Ad.",-33.06528,-71.55639,5.714285714285714,10.0
2001-11-30,330019.0,"Eulogio Sánchez, Tobalaba Ad.",-33.45528,-70.54861,2.3076923076923075,4.0
2001-11-30,330020.0,"Quinta Normal, Santiago",-33.445,-70.68278,4.4,6.0
2001-11-30,330021.0,Pudahuel Santiago ,-33.37833,-70.78778,6.583333333333333,16.0
2001-11-30,330030.0,"Santo Domingo, Ad.",-33.65611,-71.61333,5.214285714285714,10.0
2001-11-30,330031.0,"Juan Fernández, Estación Meteorológica.",-33.63583,-78.83305,10.8,12.0
2001-11-30,340031.0,"General Freire, Curicó Ad.",-34.96944,-71.21694,6.583333333333333,15.0
2001-11-30,360011.0,"General Bernardo O'Higgins, Chillán Ad.",-36.58583,-72.03667,5.4,8.0
2001-11-30,360019.0,"Carriel Sur, Concepción Ap.",-36.78055,-73.06639,9.541666666666666,19.0
2001-11-30,370033.0,"María Dolores, Los Angeles Ad.",-37.39694,-72.42389,9.75,12.0
2001-11-30,380013.0,"Maquehue, Temuco Ad.",-38.76778,-72.63194,5.541666666666667,13.0
2001-11-30,390006.0,"Pichoy, Valdivia Ad.",-39.65667,-73.08722,7.25,16.0
2001-11-30,400009.0,"Cañal Bajo,  Osorno Ad.",-40.61444,-73.0575,5.3,11.0
2001-11-30,410005.0,El Tepual  Puerto Montt Ap.,-41.4475,-73.09583,5.75,11.0
2001-11-30,430001.0,Quellón Ad.,-43.13361,-73.63278,4.9,10.0
2001-11-30,430002.0,Futaleufú Ad.,-43.18889,-71.85222,8.8,16.0
2001-11-30,450004.0,"Teniente Vidal, Coyhaique Ad.",-45.59083,-72.10222,9.8,13.0
2001-11-30,450005.0,Balmaceda Ad.,-45.91833,-71.67778,21.208333333333332,30.0
2001-11-30,520006.0,"Carlos Ibañez, Punta Arenas Ap.",-53.00167,-70.83861,13.458333333333334,22.0
2001-11-30,530005.0,"Fuentes Martínez, Porvenir Ad.",-53.25361,-70.32611,15.416666666666666,24.0
2001-11-30,550001.0,"Guardiamarina Zañartu, Pto Williams Ad.",-54.93167,-67.61556,13.125,15.0
2001-11-30,950001.0,"C.M.A. Eduardo Frei Montalva, Antártica ",-62.19194,-58.97972,37.07142857142857,42.0
2001-12-01,180005.0,"Chacalluta, Arica Ap.",-18.35555,-70.34028,6.083333333333333,12.0
2001-12-01,200006.0,Diego Aracena Iquique Ap.,-20.54917,-70.18111,5.333333333333333,13.0
2001-12-01,220002.0,"El Loa, Calama Ad.",-22.49806,-68.8925,15.266666666666667,25.0
2001-12-01,270001.0,Mataveri  Isla de Pascua Ap.,-27.15889,-109.4325,10.833333333333334,17.0
2001-12-01,290004.0,"La Florida, La Serena Ad.",-29.91444,-71.20667,5.111111111111111,9.0
2001-12-01,330007.0,"Rodelillo, Ad.",-33.06528,-71.55639,5.923076923076923,10.0
2001-12-01,330019.0,"Eulogio Sánchez, Tobalaba Ad.",-33.45528,-70.54861,1.9230769230769231,4.0
2001-12-01,330020.0,"Quinta Normal, Santiago",-33.445,-70.68278,7.6,10.0
2001-12-01,330021.0,Pudahuel Santiago ,-33.37833,-70.78778,8.107142857142858,16.0
2001-12-01,330030.0,"Santo Domingo, Ad.",-33.65611,-71.61333,5.928571428571429,10.0
2001-12-01,330031.0,"Juan Fernández, Estación Meteorológica.",-33.63583,-78.83305,12.0,12.0
2001-12-01,340031.0,"General Freire, Curicó Ad.",-34.96944,-71.21694,8.416666666666666,13.0
2001-12-01,360011.0,"General Bernardo O'Higgins, Chillán Ad.",-36.58583,-72.03667,10.2,16.0
2001-12-01,360019.0,"Carriel Sur, Concepción Ap.",-36.78055,-73.06639,12.041666666666666,18.0
2001-12-01,370033.0,"María Dolores, Los Angeles Ad.",-37.39694,-72.42389,13.0,16.0
2001-12-01,380013.0,"Maquehue, Temuco Ad.",-38.76778,-72.63194,7.375,11.0
2001-12-01,390006.0,"Pichoy, Valdivia Ad.",-39.65667,-73.08722,12.75,15.0
2001-12-01,400009.0,"Cañal Bajo,  Osorno Ad.",-40.61444,-73.0575,17.0,20.0
2001-12-01,410005.0,El Tepual  Puerto Montt Ap.,-41.4475,-73.09583,11.375,17.0
2001-12-01,430002.0,Futaleufú Ad.,-43.18889,-71.85222,4.2,18.0
2001-12-01,450004.0,"Teniente Vidal, Coyhaique Ad.",-45.59083,-72.10222,9.0,12.0
2001-12-01,450005.0,Balmaceda Ad.,-45.91833,-71.67778,13.136363636363637,19.0
2001-12-01,520006.0,"Carlos Ibañez, Punta Arenas Ap.",-53.00167,-70.83861,13.291666666666666,18.0
2001-12-01,530005.0,"Fuentes Martínez, Porvenir Ad.",-53.25361,-70.32611,16.5,25.0
2001-12-01,950001.0,"C.M.A. Eduardo Frei Montalva, Antártica ",-62.19194,-58.97972,23.11764705882353,34.0
2001-12-02,180005.0,"Chacalluta, Arica Ap.",-18.35555,-70.34028,7.166666666666667,15.0
2001-12-02,200006.0,Diego Aracena Iquique Ap.,-20.54917,-70.18111,4.625,9.0
2001-12-02,220002.0,"El Loa, Calama Ad.",-22.49806,-68.8925,19.76923076923077,35.0
2001-12-02,270001.0,Mataveri  Isla de Pascua Ap.,-27.15889,-109.4325,9.666666666666666,13.0
2001-12-02,290004.0,"La Florida, La Serena Ad.",-29.91444,-71.20667,5.722222222222222,11.0
2001-12-02,330007.0,"Rodelillo, Ad.",-33.06528,-71.55639,5.785714285714286,8.0
2001-12-02,330019.0,"Eulogio Sánchez, Tobalaba Ad.",-33.45528,-70.54861,1.9230769230769231,3.0
2001-12-02,330020.0,"Quinta Normal, Santiago",-33.445,-70.68278,6.4,10.0
2001-12-02,330021.0,Pudahuel Santiago ,-33.37833,-70.78778,8.5,17.0
2001-12-02,330030.0,"Santo Domingo, Ad.",-33.65611,-71.61333,5.785714285714286,10.0
2001-12-02,330031.0,"Juan Fernández, Estación Meteorológica.",-33.63583,-78.83305,18.75,25.0
2001-12-02,340031.0,"General Freire, Curicó Ad.",-34.96944,-71.21694,7.384615384615385,13.0
2001-12-02,360011.0,"General Bernardo O'Higgins, Chillán Ad.",-36.58583,-72.03667,3.6,7.0
2001-12-02,360019.0,"Carriel Sur, Concepción Ap.",-36.78055,-73.06639,7.958333333333333,18.0
2001-12-02,370033.0,"María Dolores, Los Angeles Ad.",-37.39694,-72.42389,10.6,16.0
2001-12-02,380013.0,"Maquehue, Temuco Ad.",-38.76778,-72.63194,5.541666666666667,13.0
2001-12-02,390006.0,"Pichoy, Valdivia Ad.",-39.65667,-73.08722,5.75,9.0
2001-12-02,400009.0,"Cañal Bajo,  Osorno Ad.",-40.61444,-73.0575,10.7,14.0
2001-12-02,410005.0,El Tepual  Puerto Montt Ap.,-41.4475,-73.09583,8.708333333333334,13.0
2001-12-02,430002.0,Futaleufú Ad.,-43.18889,-71.85222,3.0,3.0
2001-12-02,450004.0,"Teniente Vidal, Coyhaique Ad.",-45.59083,-72.10222,10.2,20.0
2001-12-02,450005.0,Balmaceda Ad.,-45.91833,-71.67778,21.166666666666668,34.0
2001-12-02,520006.0,"Carlos Ibañez, Punta Arenas Ap.",-53.00167,-70.83861,11.25,20.0
2001-12-02,950001.0,"C.M.A. Eduardo Frei Montalva, Antártica ",-62.19194,-58.97972,19.2,32.0
2001-12-03,180005.0,"Chacalluta, Arica Ap.",-18.35555,-70.34028,6.75,17.0
2001-12-03,200006.0,Diego Aracena Iquique Ap.,-20.54917,-70.18111,8.166666666666666,17.0
2001-12-03,220002.0,"El Loa, Calama Ad.",-22.49806,-68.8925,21.58823529411765,32.0
2001-12-03,270001.0,Mataveri  Isla de Pascua Ap.,-27.15889,-109.4325,6.333333333333333,12.0
2001-12-03,290004.0,"La Florida, La Serena Ad.",-29.91444,-71.20667,5.666666666666667,11.0
2001-12-03,330007.0,"Rodelillo, Ad.",-33.06528,-71.55639,7.923076923076923,10.0
2001-12-03,330019.0,"Eulogio Sánchez, Tobalaba Ad.",-33.45528,-70.54861,1.8461538461538463,4.0
2001-12-03,330020.0,"Quinta Normal, Santiago",-33.445,-70.68278,5.4,8.0
2001-12-03,330021.0,Pudahuel Santiago ,-33.37833,-70.78778,7.708333333333333,17.0
2001-12-03,330030.0,"Santo Domingo, Ad.",-33.65611,-71.61333,6.857142857142857,15.0
2001-12-03,330031.0,"Juan Fernández, Estación Meteorológica.",-33.63583,-78.83305,8.4,18.0
2001-12-03,340031.0,"General Freire, Curicó Ad.",-34.96944,-71.21694,7.461538461538462,15.0
2001-12-03,360011.0,"General Bernardo O'Higgins, Chillán Ad.",-36.58583,-72.03667,4.8,9.0
2001-12-03,360019.0,"Carriel Sur, Concepción Ap.",-36.78055,-73.06639,9.875,15.0
2001-12-03,370033.0,"María Dolores, Los Angeles Ad.",-37.39694,-72.42389,8.0,12.0
2001-12-03,380013.0,"Maquehue, Temuco Ad.",-38.76778,-72.63194,4.833333333333333,10.0
2001-12-03,390006.0,"Pichoy, Valdivia Ad.",-39.65667,-73.08722,6.75,13.0
2001-12-03,400009.0,"Cañal Bajo,  Osorno Ad.",-40.61444,-73.0575,5.9,12.0
2001-12-03,410005.0,El Tepual  Puerto Montt Ap.,-41.4475,-73.09583,4.208333333333333,11.0
2001-12-03,430001.0,Quellón Ad.,-43.13361,-73.63278,15.6,87.0
2001-12-03,430002.0,Futaleufú Ad.,-43.18889,-71.85222,13.5,16.0
2001-12-03,450001.0,Puerto Aysén Ad.,-45.39944,-72.67722,9.0,12.0
2001-12-03,450004.0,"Teniente Vidal, Coyhaique Ad.",-45.59083,-72.10222,10.6,15.0
2001-12-03,450005.0,Balmaceda Ad.,-45.91833,-71.67778,27.727272727272727,31.0
2001-12-03,520006.0,"Carlos Ibañez, Punta Arenas Ap.",-53.00167,-70.83861,16.583333333333332,29.0
2001-12-03,530005.0,"Fuentes Martínez, Porvenir Ad.",-53.25361,-70.32611,21.833333333333332,28.0
2001-12-03,550001.0,"Guardiamarina Zañartu, Pto Williams Ad.",-54.93167,-67.61556,18.88888888888889,21.0
2001-12-03,950001.0,"C.M.A. Eduardo Frei Montalva, Antártica ",-62.19194,-58.97972,20.125,30.0
2001-12-04,180005.0,"Chacalluta, Arica Ap.",-18.35555,-70.34028,9.166666666666666,16.0
2001-12-04,200006.0,Diego Aracena Iquique Ap.,-20.54917,-70.18111,10.208333333333334,17.0
2001-12-04,220002.0,"El Loa, Calama Ad.",-22.49806,-68.8925,14.375,19.0
2001-12-04,270001.0,Mataveri  Isla de Pascua Ap.,-27.15889,-109.4325,3.5,7.0
2001-12-04,290004.0,"La Florida, La Serena Ad.",-29.91444,-71.20667,8.11111111111111,14.0
2001-12-04,330007.0,"Rodelillo, Ad.",-33.06528,-71.55639,9.846153846153847,16.0
2001-12-04,330019.0,"Eulogio Sánchez, Tobalaba Ad.",-33.45528,-70.54861,1.2307692307692308,3.0
2001-12-04,330020.0,"Quinta Normal, Santiago",-33.445,-70.68278,3.6,6.0
2001-12-04,330021.0,Pudahuel Santiago ,-33.37833,-70.78778,5.6,12.0
2001-12-04,330030.0,"Santo Domingo, Ad.",-33.65611,-71.61333,7.5,15.0
2001-12-04,330031.0,"Juan Fernández, Estación Meteorológica.",-33.63583,-78.83305,4.0,6.0
2001-12-04,340031.0,"General Freire, Curicó Ad.",-34.96944,-71.21694,8.0,12.0
2001-12-04,360011.0,"General Bernardo O'Higgins, Chillán Ad.",-36.58583,-72.03667,4.2,8.0
2001-12-04,360019.0,"Carriel Sur, Concepción Ap.",-36.78055,-73.06639,8.958333333333334,19.0
2001-12-04,370033.0,"María Dolores, Los Angeles Ad.",-37.39694,-72.42389,8.6,13.0
2001-12-04,380013.0,"Maquehue, Temuco Ad.",-38.76778,-72.63194,4.833333333333333,10.0
2001-12-04,390006.0,"Pichoy, Valdivia Ad.",-39.65667,-73.08722,10.0,13.0
2001-12-04,400009.0,"Cañal Bajo,  Osorno Ad.",-40.61444,-73.0575,7.5,9.0
2001-12-04,410005.0,El Tepual  Puerto Montt Ap.,-41.4475,-73.09583,9.416666666666666,17.0
2001-12-04,430001.0,Quellón Ad.,-43.13361,-73.63278,8.6,12.0
2001-12-04,430002.0,Futaleufú Ad.,-43.18889,-71.85222,9.2,12.0
2001-12-04,450001.0,Puerto Aysén Ad.,-45.39944,-72.67722,11.0,16.0
2001-12-04,450004.0,"Teniente Vidal, Coyhaique Ad.",-45.59083,-72.10222,10.6,15.0
2001-12-04,450005.0,Balmaceda Ad.,-45.91833,-71.67778,22.818181818181817,29.0
2001-12-04,520006.0,"Carlos Ibañez, Punta Arenas Ap.",-53.00167,-70.83861,16.625,30.0
2001-12-04,530005.0,"Fuentes Martínez, Porvenir Ad.",-53.25361,-70.32611,21.75,30.0
2001-12-04,550001.0,"Guardiamarina Zañartu, Pto Williams Ad.",-54.93167,-67.61556,16.0,25.0
2001-12-04,950001.0,"C.M.A. Eduardo Frei Montalva, Antártica ",-62.19194,-58.97972,28.666666666666668,40.0
2001-12-05,180005.0,"Chacalluta, Arica Ap.",-18.35555,-70.34028,6.958333333333333,14.0
2001-12-05,200006.0,Diego Aracena Iquique Ap.,-20.54917,-70.18111,8.666666666666666,18.0
2001-12-05,220002.0,"El Loa, Calama Ad.",-22.49806,-68.8925,17.75,27.0
2001-12-05,270001.0,Mataveri  Isla de Pascua Ap.,-27.15889,-109.4325,5.833333333333333,9.0
2001-12-05,290004.0,"La Florida, La Serena Ad.",-29.91444,-71.20667,7.0,12.0
2001-12-05,330007.0,"Rodelillo, Ad.",-33.06528,-71.55639,13.0,17.0
2001-12-05,330019.0,"Eulogio Sánchez, Tobalaba Ad.",-33.45528,-70.54861,1.1538461538461537,3.0
2001-12-05,330020.0,"Quinta Normal, Santiago",-33.445,-70.68278,4.8,10.0
2001-12-05,330021.0,Pudahuel Santiago ,-33.37833,-70.78778,6.0,14.0
2001-12-05,330030.0,"Santo Domingo, Ad.",-33.65611,-71.61333,10.071428571428571,18.0
2001-12-05,330031.0,"Juan Fernández, Estación Meteorológica.",-33.63583,-78.83305,6.6,8.0
2001-12-05,340031.0,"General Freire, Curicó Ad.",-34.96944,-71.21694,9.076923076923077,12.0
2001-12-05,360011.0,"General Bernardo O'Higgins, Chillán Ad.",-36.58583,-72.03667,8.0,10.0
2001-12-05,360019.0,"Carriel Sur, Concepción Ap.",-36.78055,-73.06639,10.0,18.0
2001-12-05,370033.0,"María Dolores, Los Angeles Ad.",-37.39694,-72.42389,7.6,10.0
2001-12-05,380013.0,"Maquehue, Temuco Ad.",-38.76778,-72.63194,4.541666666666667,11.0
2001-12-05,390006.0,"Pichoy, Valdivia Ad.",-39.65667,-73.08722,6.0,12.0
2001-12-05,400009.0,"Cañal Bajo,  Osorno Ad.",-40.61444,-73.0575,2.8,4.0
2001-12-05,410005.0,El Tepual  Puerto Montt Ap.,-41.4475,-73.09583,3.0,11.0
2001-12-05,430001.0,Quellón Ad.,-43.13361,-73.63278,7.6,14.0
2001-12-05,430002.0,Futaleufú Ad.,-43.18889,-71.85222,12.8,16.0
2001-12-05,450001.0,Puerto Aysén Ad.,-45.39944,-72.67722,7.375,10.0
2001-12-05,450004.0,"Teniente Vidal, Coyhaique Ad.",-45.59083,-72.10222,10.0,13.0
2001-12-05,450005.0,Balmaceda Ad.,-45.91833,-71.67778,25.636363636363637,29.0
2001-12-05,520006.0,"Carlos Ibañez, Punta Arenas Ap.",-53.00167,-70.83861,20.708333333333332,34.0
2001-12-05,530005.0,"Fuentes Martínez, Porvenir Ad.",-53.25361,-70.32611,17.25,25.0
2001-12-05,550001.0,"Guardiamarina Zañartu, Pto Williams Ad.",-54.93167,-67.61556,15.916666666666666,20.0
2001-12-05,950001.0,"C.M.A. Eduardo Frei Montalva, Antártica ",-62.19194,-58.97972,14.526315789473685,30.0
2001-12-06,180005.0,"Chacalluta, Arica Ap.",-18.35555,-70.34028,5.458333333333333,12.0
2001-12-06,200006.0,Diego Aracena Iquique Ap.,-20.54917,-70.18111,7.375,15.0
2001-12-06,220002.0,"El Loa, Calama Ad.",-22.49806,-68.8925,16.5,26.0
2001-12-06,270001.0,Mataveri  Isla de Pascua Ap.,-27.15889,-109.4325,7.333333333333333,10.0
2001-12-06,290004.0,"La Florida, La Serena Ad.",-29.91444,-71.20667,7.722222222222222,13.0
2001-12-06,330007.0,"Rodelillo, Ad.",-33.06528,-71.55639,13.0,17.0
2001-12-06,330019.0,"Eulogio Sánchez, Tobalaba Ad.",-33.45528,-70.54861,2.3846153846153846,9.0
2001-12-06,330020.0,"Quinta Normal, Santiago",-33.445,-70.68278,5.6,10.0
2001-12-06,330021.0,Pudahuel Santiago ,-33.37833,-70.78778,6.333333333333333,17.0
2001-12-06,330030.0,"Santo Domingo, Ad.",-33.65611,-71.61333,7.071428571428571,16.0
2001-12-06,330031.0,"Juan Fernández, Estación Meteorológica.",-33.63583,-78.83305,10.4,12.0
2001-12-06,340031.0,"General Freire, Curicó Ad.",-34.96944,-71.21694,12.384615384615385,16.0
2001-12-06,360011.0,"General Bernardo O'Higgins, Chillán Ad.",-36.58583,-72.03667,9.0,12.0
2001-12-06,360019.0,"Carriel Sur, Concepción Ap.",-36.78055,-73.06639,10.625,19.0
2001-12-06,370033.0,"María Dolores, Los Angeles Ad.",-37.39694,-72.42389,11.0,17.0
2001-12-06,380013.0,"Maquehue, Temuco Ad.",-38.76778,-72.63194,4.208333333333333,9.0
2001-12-06,390006.0,"Pichoy, Valdivia Ad.",-39.65667,-73.08722,5.25,9.0
2001-12-06,400009.0,"Cañal Bajo,  Osorno Ad.",-40.61444,-73.0575,3.6,6.0
2001-12-06,410005.0,El Tepual  Puerto Montt Ap.,-41.4475,-73.09583,4.916666666666667,12.0
2001-12-06,430001.0,Quellón Ad.,-43.13361,-73.63278,9.0,14.0
2001-12-06,430002.0,Futaleufú Ad.,-43.18889,-71.85222,11.6,18.0
2001-12-06,450001.0,Puerto Aysén Ad.,-45.39944,-72.67722,8.25,12.0
2001-12-06,450004.0,"Teniente Vidal, Coyhaique Ad.",-45.59083,-72.10222,14.0,21.0
2001-12-06,450005.0,Balmaceda Ad.,-45.91833,-71.67778,28.0,31.0
2001-12-06,520006.0,"Carlos Ibañez, Punta Arenas Ap.",-53.00167,-70.83861,24.4,37.0
2001-12-06,530005.0,"Fuentes Martínez, Porvenir Ad.",-53.25361,-70.32611,27.583333333333332,40.0
2001-12-06,550001.0,"Guardiamarina Zañartu, Pto Williams Ad.",-54.93167,-67.61556,15.444444444444445,24.0
2001-12-06,950001.0,"C.M.A. Eduardo Frei Montalva, Antártica ",-62.19194,-58.97972,10.285714285714286,18.0
2001-12-07,180005.0,"Chacalluta, Arica Ap.",-18.35555,-70.34028,5.083333333333333,12.0
2001-12-07,200006.0,Diego Aracena Iquique Ap.,-20.54917,-70.18111,5.791666666666667,11.0
2001-12-07,220002.0,"El Loa, Calama Ad.",-22.49806,-68.8925,14.666666666666666,21.0
2001-12-07,270001.0,Mataveri  Isla de Pascua Ap.,-27.15889,-109.4325,8.0,12.0
2001-12-07,290004.0,"La Florida, La Serena Ad.",-29.91444,-71.20667,6.666666666666667,12.0
2001-12-07,330007.0,"Rodelillo, Ad.",-33.06528,-71.55639,10.923076923076923,17.0
2001-12-07,330019.0,"Eulogio Sánchez, Tobalaba Ad.",-33.45528,-70.54861,1.6153846153846154,3.0
2001-12-07,330020.0,"Quinta Normal, Santiago",-33.445,-70.68278,5.0,8.0
2001-12-07,330021.0,Pudahuel Santiago ,-33.37833,-70.78778,6.083333333333333,15.0
2001-12-07,330030.0,"Santo Domingo, Ad.",-33.65611,-71.61333,8.357142857142858,18.0
2001-12-07,330031.0,"Juan Fernández, Estación Meteorológica.",-33.63583,-78.83305,15.8,22.0
2001-12-07,340031.0,"General Freire, Curicó Ad.",-34.96944,-71.21694,10.307692307692308,13.0
2001-12-07,360011.0,"General Bernardo O'Higgins, Chillán Ad.",-36.58583,-72.03667,12.6,18.0
2001-12-07,360019.0,"Carriel Sur, Concepción Ap.",-36.78055,-73.06639,12.208333333333334,22.0
2001-12-07,370033.0,"María Dolores, Los Angeles Ad.",-37.39694,-72.42389,17.2,20.0
2001-12-07,380013.0,"Maquehue, Temuco Ad.",-38.76778,-72.63194,6.708333333333333,10.0
2001-12-07,390006.0,"Pichoy, Valdivia Ad.",-39.65667,-73.08722,8.0,10.0
2001-12-07,400009.0,"Cañal Bajo,  Osorno Ad.",-40.61444,-73.0575,11.7,14.0
2001-12-07,410005.0,El Tepual  Puerto Montt Ap.,-41.4475,-73.09583,8.708333333333334,14.0
2001-12-07,430001.0,Quellón Ad.,-43.13361,-73.63278,9.5,15.0
2001-12-07,430002.0,Futaleufú Ad.,-43.18889,-71.85222,6.8,16.0
2001-12-07,450001.0,Puerto Aysén Ad.,-45.39944,-72.67722,6.75,10.0
2001-12-07,450004.0,"Teniente Vidal, Coyhaique Ad.",-45.59083,-72.10222,5.8,7.0
2001-12-07,450005.0,Balmaceda Ad.,-45.91833,-71.67778,7.090909090909091,18.0
2001-12-07,520006.0,"Carlos Ibañez, Punta Arenas Ap.",-53.00167,-70.83861,14.208333333333334,21.0
2001-12-07,530005.0,"Fuentes Martínez, Porvenir Ad.",-53.25361,-70.32611,14.333333333333334,22.0
2001-12-07,550001.0,"Guardiamarina Zañartu, Pto Williams Ad.",-54.93167,-67.61556,14.777777777777779,20.0
2001-12-07,950001.0,"C.M.A. Eduardo Frei Montalva, Antártica ",-62.19194,-58.97972,16.77777777777778,25.0
2001-12-08,180005.0,"Chacalluta, Arica Ap.",-18.35555,-70.34028,6.125,12.0
2001-12-08,200006.0,Diego Aracena Iquique Ap.,-20.54917,-70.18111,4.541666666666667,8.0
2001-12-08,220002.0,"El Loa, Calama Ad.",-22.49806,-68.8925,13.133333333333333,19.0
2001-12-08,270001.0,Mataveri  Isla de Pascua Ap.,-27.15889,-109.4325,10.166666666666666,13.0
2001-12-08,290004.0,"La Florida, La Serena Ad.",-29.91444,-71.20667,5.833333333333333,9.0
2001-12-08,330007.0,"Rodelillo, Ad.",-33.06528,-71.55639,7.785714285714286,12.0
2001-12-08,330019.0,"Eulogio Sánchez, Tobalaba Ad.",-33.45528,-70.54861,1.6923076923076923,4.0
2001-12-08,330020.0,"Quinta Normal, Santiago",-33.445,-70.68278,5.6,10.0
2001-12-08,330021.0,Pudahuel Santiago ,-33.37833,-70.78778,6.125,16.0
2001-12-08,330030.0,"Santo Domingo, Ad.",-33.65611,-71.61333,7.846153846153846,16.0
2001-12-08,330031.0,"Juan Fernández, Estación Meteorológica.",-33.63583,-78.83305,23.5,25.0
2001-12-08,340031.0,"General Freire, Curicó Ad.",-34.96944,-71.21694,5.923076923076923,13.0
2001-12-08,360011.0,"General Bernardo O'Higgins, Chillán Ad.",-36.58583,-72.03667,5.2,10.0
2001-12-08,360019.0,"Carriel Sur, Concepción Ap.",-36.78055,-73.06639,8.958333333333334,16.0
2001-12-08,370033.0,"María Dolores, Los Angeles Ad.",-37.39694,-72.42389,12.2,17.0
2001-12-08,380013.0,"Maquehue, Temuco Ad.",-38.76778,-72.63194,5.875,11.0
2001-12-08,390006.0,"Pichoy, Valdivia Ad.",-39.65667,-73.08722,6.5,10.0
2001-12-08,400009.0,"Cañal Bajo,  Osorno Ad.",-40.61444,-73.0575,10.9,13.0
2001-12-08,410005.0,El Tepual  Puerto Montt Ap.,-41.4475,-73.09583,7.958333333333333,15.0
2001-12-08,430002.0,Futaleufú Ad.,-43.18889,-71.85222,3.6,8.0
2001-12-08,450004.0,"Teniente Vidal, Coyhaique Ad.",-45.59083,-72.10222,7.0,12.0
2001-12-08,450005.0,Balmaceda Ad.,-45.91833,-71.67778,17.363636363636363,25.0
2001-12-08,520006.0,"Carlos Ibañez, Punta Arenas Ap.",-53.00167,-70.83861,14.458333333333334,25.0
2001-12-08,530005.0,"Fuentes Martínez, Porvenir Ad.",-53.25361,-70.32611,16.583333333333332,22.0
2001-12-08,950001.0,"C.M.A. Eduardo Frei Montalva, Antártica ",-62.19194,-58.97972,30.466666666666665,42.0
2001-12-09,180005.0,"Chacalluta, Arica Ap.",-18.35555,-70.34028,5.916666666666667,12.0
2001-12-09,200006.0,Diego Aracena Iquique Ap.,-20.54917,-70.18111,5.833333333333333,12.0
2001-12-09,220002.0,"El Loa, Calama Ad.",-22.49806,-68.8925,14.333333333333334,23.0
2001-12-09,270001.0,Mataveri  Isla de Pascua Ap.,-27.15889,-109.4325,9.833333333333334,12.0
2001-12-09,290004.0,"La Florida, La Serena Ad.",-29.91444,-71.20667,5.5,12.0
2001-12-09,330007.0,"Rodelillo, Ad.",-33.06528,-71.55639,9.285714285714286,14.0
2001-12-09,330019.0,"Eulogio Sánchez, Tobalaba Ad.",-33.45528,-70.54861,1.5384615384615385,3.0
2001-12-09,330020.0,"Quinta Normal, Santiago",-33.445,-70.68278,6.8,10.0
2001-12-09,330021.0,Pudahuel Santiago ,-33.37833,-70.78778,8.185185185185185,14.0
2001-12-09,330030.0,"Santo Domingo, Ad.",-33.65611,-71.61333,6.142857142857143,10.0
2001-12-09,330031.0,"Juan Fernández, Estación Meteorológica.",-33.63583,-78.83305,16.25,20.0
2001-12-09,340031.0,"General Freire, Curicó Ad.",-34.96944,-71.21694,4.6923076923076925,8.0
2001-12-09,360011.0,"General Bernardo O'Higgins, Chillán Ad.",-36.58583,-72.03667,3.4,8.0
2001-12-09,360019.0,"Carriel Sur, Concepción Ap.",-36.78055,-73.06639,6.666666666666667,11.0
2001-12-09,370033.0,"María Dolores, Los Angeles Ad.",-37.39694,-72.42389,8.8,15.0
2001-12-09,380013.0,"Maquehue, Temuco Ad.",-38.76778,-72.63194,4.458333333333333,11.0
2001-12-09,390006.0,"Pichoy, Valdivia Ad.",-39.65667,-73.08722,5.6,11.0
2001-12-09,400009.0,"Cañal Bajo,  Osorno Ad.",-40.61444,-73.0575,5.2,13.0
2001-12-09,410005.0,El Tepual  Puerto Montt Ap.,-41.4475,-73.09583,5.625,10.0
2001-12-09,430002.0,Futaleufú Ad.,-43.18889,-71.85222,5.0,6.0
2001-12-09,450004.0,"Teniente Vidal, Coyhaique Ad.",-45.59083,-72.10222,6.4,13.0
2001-12-09,450005.0,Balmaceda Ad.,-45.91833,-71.67778,13.181818181818182,19.0
2001-12-09,520006.0,"Carlos Ibañez, Punta Arenas Ap.",-53.00167,-70.83861,15.625,22.0
2001-12-09,950001.0,"C.M.A. Eduardo Frei Montalva, Antártica ",-62.19194,-58.97972,23.583333333333332,33.0
2001-12-10,180005.0,"Chacalluta, Arica Ap.",-18.35555,-70.34028,5.958333333333333,14.0
2001-12-10,200006.0,Diego Aracena Iquique Ap.,-20.54917,-70.18111,7.666666666666667,15.0
2001-12-10,220002.0,"El Loa, Calama Ad.",-22.49806,-68.8925,15.294117647058824,23.0
2001-12-10,270001.0,Mataveri  Isla de Pascua Ap.,-27.15889,-109.4325,7.5,11.0
2001-12-10,290004.0,"La Florida, La Serena Ad.",-29.91444,-71.20667,5.277777777777778,11.0
2001-12-10,330007.0,"Rodelillo, Ad.",-33.06528,-71.55639,6.0,10.0
2001-12-10,330019.0,"Eulogio Sánchez, Tobalaba Ad.",-33.45528,-70.54861,1.8461538461538463,3.0
2001-12-10,330020.0,"Quinta Normal, Santiago",-33.445,-70.68278,6.4,10.0
2001-12-10,330021.0,Pudahuel Santiago ,-33.37833,-70.78778,7.5,13.0
2001-12-10,330030.0,"Santo Domingo, Ad.",-33.65611,-71.61333,6.714285714285714,10.0
2001-12-10,330031.0,"Juan Fernández, Estación Meteorológica.",-33.63583,-78.83305,3.2,10.0
2001-12-10,340031.0,"General Freire, Curicó Ad.",-34.96944,-71.21694,5.615384615384615,14.0
2001-12-10,360011.0,"General Bernardo O'Higgins, Chillán Ad.",-36.58583,-72.03667,2.8,7.0
2001-12-10,360019.0,"Carriel Sur, Concepción Ap.",-36.78055,-73.06639,5.125,12.0
2001-12-10,370033.0,"María Dolores, Los Angeles Ad.",-37.39694,-72.42389,5.0,8.0
2001-12-10,380013.0,"Maquehue, Temuco Ad.",-38.76778,-72.63194,4.333333333333333,8.0
2001-12-10,390006.0,"Pichoy, Valdivia Ad.",-39.65667,-73.08722,5.8,10.0
2001-12-10,400009.0,"Cañal Bajo,  Osorno Ad.",-40.61444,-73.0575,5.5,10.0
2001-12-10,410005.0,El Tepual  Puerto Montt Ap.,-41.4475,-73.09583,4.916666666666667,10.0
2001-12-10,430001.0,Quellón Ad.,-43.13361,-73.63278,4.1,6.0
2001-12-10,430002.0,Futaleufú Ad.,-43.18889,-71.85222,11.0,14.0
2001-12-10,450001.0,Puerto Aysén Ad.,-45.39944,-72.67722,11.75,14.0
2001-12-10,450004.0,"Teniente Vidal, Coyhaique Ad.",-45.59083,-72.10222,9.4,12.0
2001-12-10,450005.0,Balmaceda Ad.,-45.91833,-71.67778,22.545454545454547,29.0
2001-12-10,520006.0,"Carlos Ibañez, Punta Arenas Ap.",-53.00167,-70.83861,15.25,29.0
2001-12-10,530005.0,"Fuentes Martínez, Porvenir Ad.",-53.25361,-70.32611,19.5,30.0
2001-12-10,550001.0,"Guardiamarina Zañartu, Pto Williams Ad.",-54.93167,-67.61556,12.444444444444445,20.0
2001-12-10,950001.0,"C.M.A. Eduardo Frei Montalva, Antártica ",-62.19194,-58.97972,15.625,25.0
2001-12-11,180005.0,"Chacalluta, Arica Ap.",-18.35555,-70.34028,6.833333333333333,11.0
2001-12-11,200006.0,Diego Aracena Iquique Ap.,-20.54917,-70.18111,8.875,19.0
2001-12-11,220002.0,"El Loa, Calama Ad.",-22.49806,-68.8925,15.75,26.0
2001-12-11,270001.0,Mataveri  Isla de Pascua Ap.,-27.15889,-109.4325,5.833333333333333,10.0
2001-12-11,290004.0,"La Florida, La Serena Ad.",-29.91444,-71.20667,6.833333333333333,11.0
2001-12-11,330007.0,"Rodelillo, Ad.",-33.06528,-71.55639,4.642857142857143,7.0
2001-12-11,330019.0,"Eulogio Sánchez, Tobalaba Ad.",-33.45528,-70.54861,1.6923076923076923,4.0
2001-12-11,330020.0,"Quinta Normal, Santiago",-33.445,-70.68278,5.2,10.0
2001-12-11,330021.0,Pudahuel Santiago ,-33.37833,-70.78778,6.041666666666667,15.0
2001-12-11,330030.0,"Santo Domingo, Ad.",-33.65611,-71.61333,5.857142857142857,8.0
2001-12-11,330031.0,"Juan Fernández, Estación Meteorológica.",-33.63583,-78.83305,5.6,6.0
2001-12-11,340031.0,"General Freire, Curicó Ad.",-34.96944,-71.21694,8.23076923076923,12.0
2001-12-11,360011.0,"General Bernardo O'Higgins, Chillán Ad.",-36.58583,-72.03667,5.2,7.0
2001-12-11,360019.0,"Carriel Sur, Concepción Ap.",-36.78055,-73.06639,9.083333333333334,17.0
2001-12-11,370033.0,"María Dolores, Los Angeles Ad.",-37.39694,-72.42389,10.2,13.0
2001-12-11,380013.0,"Maquehue, Temuco Ad.",-38.76778,-72.63194,3.5833333333333335,10.0
2001-12-11,390006.0,"Pichoy, Valdivia Ad.",-39.65667,-73.08722,4.25,10.0
2001-12-11,400009.0,"Cañal Bajo,  Osorno Ad.",-40.61444,-73.0575,2.4,5.0
2001-12-11,410005.0,El Tepual  Puerto Montt Ap.,-41.4475,-73.09583,3.4166666666666665,10.0
2001-12-11,430001.0,Quellón Ad.,-43.13361,-73.63278,3.2,6.0
2001-12-11,430002.0,Futaleufú Ad.,-43.18889,-71.85222,3.0,6.0
2001-12-11,450001.0,Puerto Aysén Ad.,-45.39944,-72.67722,9.0,14.0
2001-12-11,450004.0,"Teniente Vidal, Coyhaique Ad.",-45.59083,-72.10222,6.0,11.0
2001-12-11,450005.0,Balmaceda Ad.,-45.91833,-71.67778,14.545454545454545,20.0
2001-12-11,520006.0,"Carlos Ibañez, Punta Arenas Ap.",-53.00167,-70.83861,16.541666666666668,24.0
2001-12-11,530005.0,"Fuentes Martínez, Porvenir Ad.",-53.25361,-70.32611,11.25,20.0
2001-12-11,550001.0,"Guardiamarina Zañartu, Pto Williams Ad.",-54.93167,-67.61556,14.555555555555555,20.0
2001-12-11,950001.0,"C.M.A. Eduardo Frei Montalva, Antártica ",-62.19194,-58.97972,20.875,32.0
2001-12-12,180005.0,"Chacalluta, Arica Ap.",-18.35555,-70.34028,6.833333333333333,12.0
2001-12-12,200006.0,Diego Aracena Iquique Ap.,-20.54917,-70.18111,6.458333333333333,13.0
2001-12-12,220002.0,"El Loa, Calama Ad.",-22.49806,-68.8925,16.625,25.0
2001-12-12,270001.0,Mataveri  Isla de Pascua Ap.,-27.15889,-109.4325,7.0,9.0
2001-12-12,290004.0,"La Florida, La Serena Ad.",-29.91444,-71.20667,5.055555555555555,11.0
2001-12-12,330007.0,"Rodelillo, Ad.",-33.06528,-71.55639,5.923076923076923,8.0
2001-12-12,330019.0,"Eulogio Sánchez, Tobalaba Ad.",-33.45528,-70.54861,1.9230769230769231,3.0
2001-12-12,330020.0,"Quinta Normal, Santiago",-33.445,-70.68278,5.2,10.0
2001-12-12,330021.0,Pudahuel Santiago ,-33.37833,-70.78778,7.0,16.0
2001-12-12,330030.0,"Santo Domingo, Ad.",-33.65611,-71.61333,5.214285714285714,12.0
2001-12-12,330031.0,"Juan Fernández, Estación Meteorológica.",-33.63583,-78.83305,5.8,7.0
2001-12-12,340031.0,"General Freire, Curicó Ad.",-34.96944,-71.21694,8.0,10.0
2001-12-12,360011.0,"General Bernardo O'Higgins, Chillán Ad.",-36.58583,-72.03667,7.4,9.0
2001-12-12,360019.0,"Carriel Sur, Concepción Ap.",-36.78055,-73.06639,10.458333333333334,16.0
2001-12-12,370033.0,"María Dolores, Los Angeles Ad.",-37.39694,-72.42389,11.0,15.0
2001-12-12,380013.0,"Maquehue, Temuco Ad.",-38.76778,-72.63194,4.791666666666667,9.0
2001-12-12,390006.0,"Pichoy, Valdivia Ad.",-39.65667,-73.08722,5.75,13.0
2001-12-12,400009.0,"Cañal Bajo,  Osorno Ad.",-40.61444,-73.0575,3.5,5.0
2001-12-12,410005.0,El Tepual  Puerto Montt Ap.,-41.4475,-73.09583,5.0,12.0
2001-12-12,430001.0,Quellón Ad.,-43.13361,-73.63278,5.6,10.0
2001-12-12,430002.0,Futaleufú Ad.,-43.18889,-71.85222,6.0,14.0
2001-12-12,450001.0,Puerto Aysén Ad.,-45.39944,-72.67722,5.0,10.0
2001-12-12,450004.0,"Teniente Vidal, Coyhaique Ad.",-45.59083,-72.10222,5.2,8.0
2001-12-12,450005.0,Balmaceda Ad.,-45.91833,-71.67778,12.909090909090908,23.0
2001-12-12,520006.0,"Carlos Ibañez, Punta Arenas Ap.",-53.00167,-70.83861,5.916666666666667,11.0
2001-12-12,530005.0,"Fuentes Martínez, Porvenir Ad.",-53.25361,-70.32611,6.583333333333333,10.0
2001-12-12,550001.0,"Guardiamarina Zañartu, Pto Williams Ad.",-54.93167,-67.61556,9.222222222222221,21.0
2001-12-12,950001.0,"C.M.A. Eduardo Frei Montalva, Antártica ",-62.19194,-58.97972,20.125,26.0
2001-12-13,180005.0,"Chacalluta, Arica Ap.",-18.35555,-70.34028,6.208333333333333,13.0
2001-12-13,200006.0,Diego Aracena Iquique Ap.,-20.54917,-70.18111,7.625,13.0
2001-12-13,220002.0,"El Loa, Calama Ad.",-22.49806,-68.8925,17.0,30.0
2001-12-13,270001.0,Mataveri  Isla de Pascua Ap.,-27.15889,-109.4325,5.5,8.0
2001-12-13,290004.0,"La Florida, La Serena Ad.",-29.91444,-71.20667,5.722222222222222,9.0
2001-12-13,330007.0,"Rodelillo, Ad.",-33.06528,-71.55639,6.461538461538462,10.0
2001-12-13,330019.0,"Eulogio Sánchez, Tobalaba Ad.",-33.45528,-70.54861,1.6923076923076923,3.0
2001-12-13,330020.0,"Quinta Normal, Santiago",-33.445,-70.68278,5.2,10.0
2001-12-13,330021.0,Pudahuel Santiago ,-33.37833,-70.78778,7.875,13.0
2001-12-13,330030.0,"Santo Domingo, Ad.",-33.65611,-71.61333,4.785714285714286,8.0
2001-12-13,330031.0,"Juan Fernández, Estación Meteorológica.",-33.63583,-78.83305,4.6,7.0
2001-12-13,340031.0,"General Freire, Curicó Ad.",-34.96944,-71.21694,4.846153846153846,12.0
2001-12-13,360011.0,"General Bernardo O'Higgins, Chillán Ad.",-36.58583,-72.03667,4.6,6.0
2001-12-13,360019.0,"Carriel Sur, Concepción Ap.",-36.78055,-73.06639,10.541666666666666,15.0
2001-12-13,370033.0,"María Dolores, Los Angeles Ad.",-37.39694,-72.42389,8.6,14.0
2001-12-13,380013.0,"Maquehue, Temuco Ad.",-38.76778,-72.63194,4.916666666666667,8.0
2001-12-13,390006.0,"Pichoy, Valdivia Ad.",-39.65667,-73.08722,5.75,9.0
2001-12-13,400009.0,"Cañal Bajo,  Osorno Ad.",-40.61444,-73.0575,4.1,8.0
2001-12-13,410005.0,El Tepual  Puerto Montt Ap.,-41.4475,-73.09583,4.791666666666667,9.0
2001-12-13,430001.0,Quellón Ad.,-43.13361,-73.63278,6.6,8.0
2001-12-13,430002.0,Futaleufú Ad.,-43.18889,-71.85222,8.4,10.0
2001-12-13,450001.0,Puerto Aysén Ad.,-45.39944,-72.67722,10.571428571428571,16.0
2001-12-13,450004.0,"Teniente Vidal, Coyhaique Ad.",-45.59083,-72.10222,8.0,13.0
2001-12-13,450005.0,Balmaceda Ad.,-45.91833,-71.67778,21.09090909090909,28.0
2001-12-13,520006.0,"Carlos Ibañez, Punta Arenas Ap.",-53.00167,-70.83861,10.416666666666666,28.0
2001-12-13,530005.0,"Fuentes Martínez, Porvenir Ad.",-53.25361,-70.32611,9.923076923076923,23.0
2001-12-13,550001.0,"Guardiamarina Zañartu, Pto Williams Ad.",-54.93167,-67.61556,8.545454545454545,20.0
2001-12-13,950001.0,"C.M.A. Eduardo Frei Montalva, Antártica ",-62.19194,-58.97972,22.857142857142858,27.0
2001-12-14,180005.0,"Chacalluta, Arica Ap.",-18.35555,-70.34028,6.833333333333333,15.0
2001-12-14,200006.0,Diego Aracena Iquique Ap.,-20.54917,-70.18111,8.208333333333334,17.0
2001-12-14,220002.0,"El Loa, Calama Ad.",-22.49806,-68.8925,16.75,25.0
2001-12-14,270001.0,Mataveri  Isla de Pascua Ap.,-27.15889,-109.4325,9.0,15.0
2001-12-14,290004.0,"La Florida, La Serena Ad.",-29.91444,-71.20667,6.555555555555555,14.0
2001-12-14,330007.0,"Rodelillo, Ad.",-33.06528,-71.55639,5.928571428571429,10.0
2001-12-14,330019.0,"Eulogio Sánchez, Tobalaba Ad.",-33.45528,-70.54861,2.3076923076923075,4.0
2001-12-14,330020.0,"Quinta Normal, Santiago",-33.445,-70.68278,6.2,10.0
2001-12-14,330021.0,Pudahuel Santiago ,-33.37833,-70.78778,6.041666666666667,16.0
2001-12-14,330030.0,"Santo Domingo, Ad.",-33.65611,-71.61333,6.071428571428571,10.0
2001-12-14,330031.0,"Juan Fernández, Estación Meteorológica.",-33.63583,-78.83305,3.2,6.0
2001-12-14,340031.0,"General Freire, Curicó Ad.",-34.96944,-71.21694,8.461538461538462,13.0
2001-12-14,360011.0,"General Bernardo O'Higgins, Chillán Ad.",-36.58583,-72.03667,5.0,7.0
2001-12-14,360019.0,"Carriel Sur, Concepción Ap.",-36.78055,-73.06639,7.333333333333333,16.0
2001-12-14,370033.0,"María Dolores, Los Angeles Ad.",-37.39694,-72.42389,10.4,13.0
2001-12-14,380013.0,"Maquehue, Temuco Ad.",-38.76778,-72.63194,4.083333333333333,10.0
2001-12-14,390006.0,"Pichoy, Valdivia Ad.",-39.65667,-73.08722,4.0,9.0
2001-12-14,400009.0,"Cañal Bajo,  Osorno Ad.",-40.61444,-73.0575,3.4,7.0
2001-12-14,410005.0,El Tepual  Puerto Montt Ap.,-41.4475,-73.09583,5.666666666666667,9.0
2001-12-14,430001.0,Quellón Ad.,-43.13361,-73.63278,4.7,8.0
2001-12-14,430002.0,Futaleufú Ad.,-43.18889,-71.85222,4.8,10.0
2001-12-14,450001.0,Puerto Aysén Ad.,-45.39944,-72.67722,3.75,10.0
2001-12-14,450004.0,"Teniente Vidal, Coyhaique Ad.",-45.59083,-72.10222,6.4,9.0
2001-12-14,450005.0,Balmaceda Ad.,-45.91833,-71.67778,5.7272727272727275,15.0
2001-12-14,520006.0,"Carlos Ibañez, Punta Arenas Ap.",-53.00167,-70.83861,12.666666666666666,23.0
2001-12-14,530005.0,"Fuentes Martínez, Porvenir Ad.",-53.25361,-70.32611,13.666666666666666,25.0
2001-12-14,550001.0,"Guardiamarina Zañartu, Pto Williams Ad.",-54.93167,-67.61556,14.25,30.0
2001-12-14,950001.0,"C.M.A. Eduardo Frei Montalva, Antártica ",-62.19194,-58.97972,31.1875,47.0
2001-12-15,180005.0,"Chacalluta, Arica Ap.",-18.35555,-70.34028,5.541666666666667,12.0
2001-12-15,200006.0,Diego Aracena Iquique Ap.,-20.54917,-70.18111,9.041666666666666,17.0
2001-12-15,220002.0,"El Loa, Calama Ad.",-22.49806,-68.8925,16.933333333333334,26.0
2001-12-15,270001.0,Mataveri  Isla de Pascua Ap.,-27.15889,-109.4325,10.333333333333334,19.0
2001-12-15,290004.0,"La Florida, La Serena Ad.",-29.91444,-71.20667,6.333333333333333,11.0
2001-12-15,330007.0,"Rodelillo, Ad.",-33.06528,-71.55639,8.692307692307692,15.0
2001-12-15,330019.0,"Eulogio Sánchez, Tobalaba Ad.",-33.45528,-70.54861,1.1538461538461537,3.0
2001-12-15,330020.0,"Quinta Normal, Santiago",-33.445,-70.68278,5.6,10.0
2001-12-15,330021.0,Pudahuel Santiago ,-33.37833,-70.78778,5.708333333333333,14.0
2001-12-15,330030.0,"Santo Domingo, Ad.",-33.65611,-71.61333,6.071428571428571,9.0
2001-12-15,330031.0,"Juan Fernández, Estación Meteorológica.",-33.63583,-78.83305,3.0,7.0
2001-12-15,340031.0,"General Freire, Curicó Ad.",-34.96944,-71.21694,8.23076923076923,12.0
2001-12-15,360011.0,"General Bernardo O'Higgins, Chillán Ad.",-36.58583,-72.03667,9.2,16.0
2001-12-15,360019.0,"Carriel Sur, Concepción Ap.",-36.78055,-73.06639,10.208333333333334,19.0
2001-12-15,370033.0,"María Dolores, Los Angeles Ad.",-37.39694,-72.42389,14.4,24.0
2001-12-15,380013.0,"Maquehue, Temuco Ad.",-38.76778,-72.63194,5.375,13.0
2001-12-15,390006.0,"Pichoy, Valdivia Ad.",-39.65667,-73.08722,4.5,8.0
2001-12-15,400009.0,"Cañal Bajo,  Osorno Ad.",-40.61444,-73.0575,6.8,9.0
2001-12-15,410005.0,El Tepual  Puerto Montt Ap.,-41.4475,-73.09583,8.291666666666666,15.0
2001-12-15,430001.0,Quellón Ad.,-43.13361,-73.63278,,
2001-12-15,430002.0,Futaleufú Ad.,-43.18889,-71.85222,6.6,10.0
2001-12-15,450004.0,"Teniente Vidal, Coyhaique Ad.",-45.59083,-72.10222,6.8,11.0
2001-12-15,450005.0,Balmaceda Ad.,-45.91833,-71.67778,18.636363636363637,24.0
2001-12-15,520006.0,"Carlos Ibañez, Punta Arenas Ap.",-53.00167,-70.83861,14.833333333333334,28.0
2001-12-15,530005.0,"Fuentes Martínez, Porvenir Ad.",-53.25361,-70.32611,18.5,30.0
2001-12-15,950001.0,"C.M.A. Eduardo Frei Montalva, Antártica ",-62.19194,-58.97972,26.0,44.0
2001-12-16,180005.0,"Chacalluta, Arica Ap.",-18.35555,-70.34028,5.416666666666667,16.0
2001-12-16,200006.0,Diego Aracena Iquique Ap.,-20.54917,-70.18111,8.958333333333334,16.0
2001-12-16,220002.0,"El Loa, Calama Ad.",-22.49806,-68.8925,15.833333333333334,25.0
2001-12-16,270001.0,Mataveri  Isla de Pascua Ap.,-27.15889,-109.4325,13.333333333333334,16.0
2001-12-16,290004.0,"La Florida, La Serena Ad.",-29.91444,-71.20667,5.444444444444445,11.0
2001-12-16,330007.0,"Rodelillo, Ad.",-33.06528,-71.55639,6.285714285714286,10.0
2001-12-16,330019.0,"Eulogio Sánchez, Tobalaba Ad.",-33.45528,-70.54861,1.1538461538461537,3.0
2001-12-16,330020.0,"Quinta Normal, Santiago",-33.445,-70.68278,6.4,10.0
2001-12-16,330021.0,Pudahuel Santiago ,-33.37833,-70.78778,5.5,13.0
2001-12-16,330030.0,"Santo Domingo, Ad.",-33.65611,-71.61333,6.071428571428571,10.0
2001-12-16,330031.0,"Juan Fernández, Estación Meteorológica.",-33.63583,-78.83305,13.5,20.0
2001-12-16,340031.0,"General Freire, Curicó Ad.",-34.96944,-71.21694,8.538461538461538,12.0
2001-12-16,360011.0,"General Bernardo O'Higgins, Chillán Ad.",-36.58583,-72.03667,11.2,16.0
2001-12-16,360019.0,"Carriel Sur, Concepción Ap.",-36.78055,-73.06639,13.583333333333334,26.0
2001-12-16,370033.0,"María Dolores, Los Angeles Ad.",-37.39694,-72.42389,16.4,19.0
2001-12-16,380013.0,"Maquehue, Temuco Ad.",-38.76778,-72.63194,5.583333333333333,11.0
2001-12-16,390006.0,"Pichoy, Valdivia Ad.",-39.65667,-73.08722,5.75,9.0
2001-12-16,400009.0,"Cañal Bajo,  Osorno Ad.",-40.61444,-73.0575,9.6,13.0
2001-12-16,410005.0,El Tepual  Puerto Montt Ap.,-41.4475,-73.09583,7.625,12.0
2001-12-16,430002.0,Futaleufú Ad.,-43.18889,-71.85222,6.0,6.0
2001-12-16,450004.0,"Teniente Vidal, Coyhaique Ad.",-45.59083,-72.10222,4.8,8.0
2001-12-16,450005.0,Balmaceda Ad.,-45.91833,-71.67778,6.7272727272727275,17.0
2001-12-16,520006.0,"Carlos Ibañez, Punta Arenas Ap.",-53.00167,-70.83861,11.583333333333334,18.0
2001-12-16,950001.0,"C.M.A. Eduardo Frei Montalva, Antártica ",-62.19194,-58.97972,29.333333333333332,37.0
2001-12-17,180005.0,"Chacalluta, Arica Ap.",-18.35555,-70.34028,4.458333333333333,11.0
2001-12-17,200006.0,Diego Aracena Iquique Ap.,-20.54917,-70.18111,4.083333333333333,8.0
2001-12-17,220002.0,"El Loa, Calama Ad.",-22.49806,-68.8925,14.1875,21.0
2001-12-17,270001.0,Mataveri  Isla de Pascua Ap.,-27.15889,-109.4325,9.666666666666666,11.0
2001-12-17,290004.0,"La Florida, La Serena Ad.",-29.91444,-71.20667,5.555555555555555,12.0
2001-12-17,330007.0,"Rodelillo, Ad.",-33.06528,-71.55639,10.133333333333333,16.0
2001-12-17,330019.0,"Eulogio Sánchez, Tobalaba Ad.",-33.45528,-70.54861,1.7692307692307692,3.0
2001-12-17,330020.0,"Quinta Normal, Santiago",-33.445,-70.68278,7.2,10.0
2001-12-17,330021.0,Pudahuel Santiago ,-33.37833,-70.78778,6.416666666666667,13.0
2001-12-17,330030.0,"Santo Domingo, Ad.",-33.65611,-71.61333,8.714285714285714,17.0
2001-12-17,330031.0,"Juan Fernández, Estación Meteorológica.",-33.63583,-78.83305,23.0,25.0
2001-12-17,340031.0,"General Freire, Curicó Ad.",-34.96944,-71.21694,5.6923076923076925,11.0
2001-12-17,360011.0,"General Bernardo O'Higgins, Chillán Ad.",-36.58583,-72.03667,6.4,13.0
2001-12-17,360019.0,"Carriel Sur, Concepción Ap.",-36.78055,-73.06639,10.333333333333334,20.0
2001-12-17,370033.0,"María Dolores, Los Angeles Ad.",-37.39694,-72.42389,17.0,19.0
2001-12-17,380013.0,"Maquehue, Temuco Ad.",-38.76778,-72.63194,6.791666666666667,14.0
2001-12-17,390006.0,"Pichoy, Valdivia Ad.",-39.65667,-73.08722,7.0,13.0
2001-12-17,400009.0,"Cañal Bajo,  Osorno Ad.",-40.61444,-73.0575,10.0,13.0
2001-12-17,410005.0,El Tepual  Puerto Montt Ap.,-41.4475,-73.09583,6.5,15.0
2001-12-17,430001.0,Quellón Ad.,-43.13361,-73.63278,3.4,6.0
2001-12-17,430002.0,Futaleufú Ad.,-43.18889,-71.85222,5.5,14.0
2001-12-17,450001.0,Puerto Aysén Ad.,-45.39944,-72.67722,7.5,14.0
2001-12-17,450004.0,"Teniente Vidal, Coyhaique Ad.",-45.59083,-72.10222,8.0,10.0
2001-12-17,450005.0,Balmaceda Ad.,-45.91833,-71.67778,16.545454545454547,24.0
2001-12-17,520006.0,"Carlos Ibañez, Punta Arenas Ap.",-53.00167,-70.83861,6.583333333333333,22.0
2001-12-17,530005.0,"Fuentes Martínez, Porvenir Ad.",-53.25361,-70.32611,10.0,15.0
2001-12-17,550001.0,"Guardiamarina Zañartu, Pto Williams Ad.",-54.93167,-67.61556,11.555555555555555,59.0
2001-12-17,950001.0,"C.M.A. Eduardo Frei Montalva, Antártica ",-62.19194,-58.97972,23.9,33.0
2001-12-18,180005.0,"Chacalluta, Arica Ap.",-18.35555,-70.34028,5.541666666666667,13.0
2001-12-18,200006.0,Diego Aracena Iquique Ap.,-20.54917,-70.18111,5.208333333333333,9.0
2001-12-18,220002.0,"El Loa, Calama Ad.",-22.49806,-68.8925,16.4375,21.0
2001-12-18,270001.0,Mataveri  Isla de Pascua Ap.,-27.15889,-109.4325,7.5,13.0
2001-12-18,290004.0,"La Florida, La Serena Ad.",-29.91444,-71.20667,7.166666666666667,14.0
2001-12-18,330007.0,"Rodelillo, Ad.",-33.06528,-71.55639,8.153846153846153,11.0
2001-12-18,330019.0,"Eulogio Sánchez, Tobalaba Ad.",-33.45528,-70.54861,1.5384615384615385,3.0
2001-12-18,330020.0,"Quinta Normal, Santiago",-33.445,-70.68278,7.2,8.0
2001-12-18,330021.0,Pudahuel Santiago ,-33.37833,-70.78778,8.833333333333334,15.0
2001-12-18,330030.0,"Santo Domingo, Ad.",-33.65611,-71.61333,7.285714285714286,10.0
2001-12-18,330031.0,"Juan Fernández, Estación Meteorológica.",-33.63583,-78.83305,17.4,25.0
2001-12-18,340031.0,"General Freire, Curicó Ad.",-34.96944,-71.21694,6.923076923076923,12.0
2001-12-18,360011.0,"General Bernardo O'Higgins, Chillán Ad.",-36.58583,-72.03667,2.6,7.0
2001-12-18,360019.0,"Carriel Sur, Concepción Ap.",-36.78055,-73.06639,6.958333333333333,12.0
2001-12-18,370033.0,"María Dolores, Los Angeles Ad.",-37.39694,-72.42389,6.0,12.0
2001-12-18,380013.0,"Maquehue, Temuco Ad.",-38.76778,-72.63194,6.833333333333333,11.0
2001-12-18,390006.0,"Pichoy, Valdivia Ad.",-39.65667,-73.08722,7.5,11.0
2001-12-18,400009.0,"Cañal Bajo,  Osorno Ad.",-40.61444,-73.0575,5.9,13.0
2001-12-18,410005.0,El Tepual  Puerto Montt Ap.,-41.4475,-73.09583,6.0,10.0
2001-12-18,430001.0,Quellón Ad.,-43.13361,-73.63278,4.5,8.0
2001-12-18,430002.0,Futaleufú Ad.,-43.18889,-71.85222,16.0,20.0
2001-12-18,450001.0,Puerto Aysén Ad.,-45.39944,-72.67722,9.666666666666666,12.0
2001-12-18,450004.0,"Teniente Vidal, Coyhaique Ad.",-45.59083,-72.10222,12.0,15.0
2001-12-18,450005.0,Balmaceda Ad.,-45.91833,-71.67778,26.76923076923077,31.0
2001-12-18,520006.0,"Carlos Ibañez, Punta Arenas Ap.",-53.00167,-70.83861,18.041666666666668,34.0
2001-12-18,530005.0,"Fuentes Martínez, Porvenir Ad.",-53.25361,-70.32611,21.75,30.0
2001-12-18,550001.0,"Guardiamarina Zañartu, Pto Williams Ad.",-54.93167,-67.61556,17.666666666666668,24.0
2001-12-18,950001.0,"C.M.A. Eduardo Frei Montalva, Antártica ",-62.19194,-58.97972,10.5,18.0
2001-12-19,180005.0,"Chacalluta, Arica Ap.",-18.35555,-70.34028,5.833333333333333,14.0
2001-12-19,200006.0,Diego Aracena Iquique Ap.,-20.54917,-70.18111,6.541666666666667,16.0
2001-12-19,220002.0,"El Loa, Calama Ad.",-22.49806,-68.8925,16.5,25.0
2001-12-19,270001.0,Mataveri  Isla de Pascua Ap.,-27.15889,-109.4325,6.833333333333333,11.0
2001-12-19,290004.0,"La Florida, La Serena Ad.",-29.91444,-71.20667,7.166666666666667,13.0
2001-12-19,330007.0,"Rodelillo, Ad.",-33.06528,-71.55639,6.846153846153846,10.0
2001-12-19,330019.0,"Eulogio Sánchez, Tobalaba Ad.",-33.45528,-70.54861,1.3846153846153846,3.0
2001-12-19,330020.0,"Quinta Normal, Santiago",-33.445,-70.68278,4.4,6.0
2001-12-19,330021.0,Pudahuel Santiago ,-33.37833,-70.78778,6.666666666666667,12.0
2001-12-19,330030.0,"Santo Domingo, Ad.",-33.65611,-71.61333,6.714285714285714,12.0
2001-12-19,330031.0,"Juan Fernández, Estación Meteorológica.",-33.63583,-78.83305,8.8,18.0
2001-12-19,340031.0,"General Freire, Curicó Ad.",-34.96944,-71.21694,5.6923076923076925,8.0
2001-12-19,360011.0,"General Bernardo O'Higgins, Chillán Ad.",-36.58583,-72.03667,2.6,5.0
2001-12-19,360019.0,"Carriel Sur, Concepción Ap.",-36.78055,-73.06639,3.9583333333333335,8.0
2001-12-19,370033.0,"María Dolores, Los Angeles Ad.",-37.39694,-72.42389,6.8,15.0
2001-12-19,380013.0,"Maquehue, Temuco Ad.",-38.76778,-72.63194,4.166666666666667,10.0
2001-12-19,390006.0,"Pichoy, Valdivia Ad.",-39.65667,-73.08722,7.0,14.0
2001-12-19,400009.0,"Cañal Bajo,  Osorno Ad.",-40.61444,-73.0575,7.1,11.0
2001-12-19,410005.0,El Tepual  Puerto Montt Ap.,-41.4475,-73.09583,7.041666666666667,15.0
2001-12-19,430001.0,Quellón Ad.,-43.13361,-73.63278,3.8,6.0
2001-12-19,430002.0,Futaleufú Ad.,-43.18889,-71.85222,10.4,16.0
2001-12-19,450001.0,Puerto Aysén Ad.,-45.39944,-72.67722,7.25,14.0
2001-12-19,450004.0,"Teniente Vidal, Coyhaique Ad.",-45.59083,-72.10222,11.2,14.0
2001-12-19,450005.0,Balmaceda Ad.,-45.91833,-71.67778,24.0,26.0
2001-12-19,520006.0,"Carlos Ibañez, Punta Arenas Ap.",-53.00167,-70.83861,19.583333333333332,30.0
2001-12-19,530005.0,"Fuentes Martínez, Porvenir Ad.",-53.25361,-70.32611,22.416666666666668,32.0
2001-12-19,550001.0,"Guardiamarina Zañartu, Pto Williams Ad.",-54.93167,-67.61556,13.555555555555555,20.0
2001-12-19,950001.0,"C.M.A. Eduardo Frei Montalva, Antártica ",-62.19194,-58.97972,23.928571428571427,35.0
2001-12-20,180005.0,"Chacalluta, Arica Ap.",-18.35555,-70.34028,5.666666666666667,15.0
2001-12-20,200006.0,Diego Aracena Iquique Ap.,-20.54917,-70.18111,10.666666666666666,20.0
2001-12-20,220002.0,"El Loa, Calama Ad.",-22.49806,-68.8925,17.38888888888889,30.0
2001-12-20,270001.0,Mataveri  Isla de Pascua Ap.,-27.15889,-109.4325,9.166666666666666,13.0
2001-12-20,290004.0,"La Florida, La Serena Ad.",-29.91444,-71.20667,7.444444444444445,12.0
2001-12-20,330007.0,"Rodelillo, Ad.",-33.06528,-71.55639,6.0,15.0
2001-12-20,330019.0,"Eulogio Sánchez, Tobalaba Ad.",-33.45528,-70.54861,2.3846153846153846,4.0
2001-12-20,330020.0,"Quinta Normal, Santiago",-33.445,-70.68278,6.4,8.0
2001-12-20,330021.0,Pudahuel Santiago ,-33.37833,-70.78778,7.208333333333333,16.0
2001-12-20,330030.0,"Santo Domingo, Ad.",-33.65611,-71.61333,7.142857142857143,10.0
2001-12-20,330031.0,"Juan Fernández, Estación Meteorológica.",-33.63583,-78.83305,7.8,10.0
2001-12-20,340031.0,"General Freire, Curicó Ad.",-34.96944,-71.21694,7.153846153846154,12.0
2001-12-20,360011.0,"General Bernardo O'Higgins, Chillán Ad.",-36.58583,-72.03667,5.6,8.0
2001-12-20,360019.0,"Carriel Sur, Concepción Ap.",-36.78055,-73.06639,9.833333333333334,17.0
2001-12-20,370033.0,"María Dolores, Los Angeles Ad.",-37.39694,-72.42389,4.4,8.0
2001-12-20,380013.0,"Maquehue, Temuco Ad.",-38.76778,-72.63194,5.416666666666667,11.0
2001-12-20,390006.0,"Pichoy, Valdivia Ad.",-39.65667,-73.08722,4.75,7.0
2001-12-20,400009.0,"Cañal Bajo,  Osorno Ad.",-40.61444,-73.0575,6.2,8.0
2001-12-20,410005.0,El Tepual  Puerto Montt Ap.,-41.4475,-73.09583,4.291666666666667,10.0
2001-12-20,430001.0,Quellón Ad.,-43.13361,-73.63278,4.2,8.0
2001-12-20,430002.0,Futaleufú Ad.,-43.18889,-71.85222,8.2,13.0
2001-12-20,450001.0,Puerto Aysén Ad.,-45.39944,-72.67722,7.75,14.0
2001-12-20,450004.0,"Teniente Vidal, Coyhaique Ad.",-45.59083,-72.10222,5.6,8.0
2001-12-20,450005.0,Balmaceda Ad.,-45.91833,-71.67778,24.363636363636363,60.0
2001-12-20,520006.0,"Carlos Ibañez, Punta Arenas Ap.",-53.00167,-70.83861,21.166666666666668,31.0
2001-12-20,530005.0,"Fuentes Martínez, Porvenir Ad.",-53.25361,-70.32611,22.75,27.0
2001-12-20,550001.0,"Guardiamarina Zañartu, Pto Williams Ad.",-54.93167,-67.61556,24.0,30.0
2001-12-20,950001.0,"C.M.A. Eduardo Frei Montalva, Antártica ",-62.19194,-58.97972,21.625,31.0
2001-12-21,180005.0,"Chacalluta, Arica Ap.",-18.35555,-70.34028,6.541666666666667,14.0
2001-12-21,200006.0,Diego Aracena Iquique Ap.,-20.54917,-70.18111,8.458333333333334,18.0
2001-12-21,220002.0,"El Loa, Calama Ad.",-22.49806,-68.8925,15.352941176470589,22.0
2001-12-21,270001.0,Mataveri  Isla de Pascua Ap.,-27.15889,-109.4325,6.666666666666667,11.0
2001-12-21,290004.0,"La Florida, La Serena Ad.",-29.91444,-71.20667,6.117647058823529,11.0
2001-12-21,330007.0,"Rodelillo, Ad.",-33.06528,-71.55639,11.0,15.0
2001-12-21,330019.0,"Eulogio Sánchez, Tobalaba Ad.",-33.45528,-70.54861,1.2307692307692308,3.0
2001-12-21,330020.0,"Quinta Normal, Santiago",-33.445,-70.68278,3.6,8.0
2001-12-21,330021.0,Pudahuel Santiago ,-33.37833,-70.78778,5.958333333333333,12.0
2001-12-21,330030.0,"Santo Domingo, Ad.",-33.65611,-71.61333,7.153846153846154,16.0
2001-12-21,330031.0,"Juan Fernández, Estación Meteorológica.",-33.63583,-78.83305,6.0,8.0
2001-12-21,340031.0,"General Freire, Curicó Ad.",-34.96944,-71.21694,6.923076923076923,9.0
2001-12-21,360011.0,"General Bernardo O'Higgins, Chillán Ad.",-36.58583,-72.03667,4.8,8.0
2001-12-21,360019.0,"Carriel Sur, Concepción Ap.",-36.78055,-73.06639,8.166666666666666,14.0
2001-12-21,370033.0,"María Dolores, Los Angeles Ad.",-37.39694,-72.42389,7.6,12.0
2001-12-21,380013.0,"Maquehue, Temuco Ad.",-38.76778,-72.63194,3.52,8.0
2001-12-21,390006.0,"Pichoy, Valdivia Ad.",-39.65667,-73.08722,4.75,10.0
2001-12-21,400009.0,"Cañal Bajo,  Osorno Ad.",-40.61444,-73.0575,6.2,8.0
2001-12-21,410005.0,El Tepual  Puerto Montt Ap.,-41.4475,-73.09583,6.458333333333333,15.0
2001-12-21,430001.0,Quellón Ad.,-43.13361,-73.63278,4.4,6.0
2001-12-21,430002.0,Futaleufú Ad.,-43.18889,-71.85222,7.0,12.0
2001-12-21,450001.0,Puerto Aysén Ad.,-45.39944,-72.67722,8.0,10.0
2001-12-21,450004.0,"Teniente Vidal, Coyhaique Ad.",-45.59083,-72.10222,9.6,14.0
2001-12-21,450005.0,Balmaceda Ad.,-45.91833,-71.67778,24.181818181818183,26.0
2001-12-21,520006.0,"Carlos Ibañez, Punta Arenas Ap.",-53.00167,-70.83861,23.375,34.0
2001-12-21,530005.0,"Fuentes Martínez, Porvenir Ad.",-53.25361,-70.32611,25.46153846153846,35.0
2001-12-21,550001.0,"Guardiamarina Zañartu, Pto Williams Ad.",-54.93167,-67.61556,10.25,20.0
2001-12-21,950001.0,"C.M.A. Eduardo Frei Montalva, Antártica ",-62.19194,-58.97972,26.125,30.0
2001-12-22,180005.0,"Chacalluta, Arica Ap.",-18.35555,-70.34028,5.375,12.0
2001-12-22,200006.0,Diego Aracena Iquique Ap.,-20.54917,-70.18111,5.625,11.0
2001-12-22,220002.0,"El Loa, Calama Ad.",-22.49806,-68.8925,13.666666666666666,19.0
2001-12-22,270001.0,Mataveri  Isla de Pascua Ap.,-27.15889,-109.4325,4.666666666666667,7.0
2001-12-22,290004.0,"La Florida, La Serena Ad.",-29.91444,-71.20667,6.333333333333333,12.0
2001-12-22,330007.0,"Rodelillo, Ad.",-33.06528,-71.55639,11.76923076923077,18.0
2001-12-22,330019.0,"Eulogio Sánchez, Tobalaba Ad.",-33.45528,-70.54861,2.0,4.0
2001-12-22,330020.0,"Quinta Normal, Santiago",-33.445,-70.68278,4.8,8.0
2001-12-22,330021.0,Pudahuel Santiago ,-33.37833,-70.78778,5.375,11.0
2001-12-22,330030.0,"Santo Domingo, Ad.",-33.65611,-71.61333,6.214285714285714,11.0
2001-12-22,330031.0,"Juan Fernández, Estación Meteorológica.",-33.63583,-78.83305,7.0,8.0
2001-12-22,340031.0,"General Freire, Curicó Ad.",-34.96944,-71.21694,9.846153846153847,13.0
2001-12-22,360011.0,"General Bernardo O'Higgins, Chillán Ad.",-36.58583,-72.03667,6.8,10.0
2001-12-22,360019.0,"Carriel Sur, Concepción Ap.",-36.78055,-73.06639,9.583333333333334,18.0
2001-12-22,370033.0,"María Dolores, Los Angeles Ad.",-37.39694,-72.42389,6.8,10.0
2001-12-22,380013.0,"Maquehue, Temuco Ad.",-38.76778,-72.63194,3.92,9.0
2001-12-22,390006.0,"Pichoy, Valdivia Ad.",-39.65667,-73.08722,6.5,12.0
2001-12-22,400009.0,"Cañal Bajo,  Osorno Ad.",-40.61444,-73.0575,2.1,4.0
2001-12-22,410005.0,El Tepual  Puerto Montt Ap.,-41.4475,-73.09583,3.25,9.0
2001-12-22,430002.0,Futaleufú Ad.,-43.18889,-71.85222,5.6,14.0
2001-12-22,450004.0,"Teniente Vidal, Coyhaique Ad.",-45.59083,-72.10222,10.4,14.0
2001-12-22,450005.0,Balmaceda Ad.,-45.91833,-71.67778,23.181818181818183,27.0
2001-12-22,520006.0,"Carlos Ibañez, Punta Arenas Ap.",-53.00167,-70.83861,25.037037037037038,32.0
2001-12-22,530005.0,"Fuentes Martínez, Porvenir Ad.",-53.25361,-70.32611,29.333333333333332,30.0
2001-12-22,950001.0,"C.M.A. Eduardo Frei Montalva, Antártica ",-62.19194,-58.97972,20.076923076923077,27.0
2001-12-23,180005.0,"Chacalluta, Arica Ap.",-18.35555,-70.34028,6.083333333333333,13.0
2001-12-23,200006.0,Diego Aracena Iquique Ap.,-20.54917,-70.18111,7.75,14.0
2001-12-23,220002.0,"El Loa, Calama Ad.",-22.49806,-68.8925,15.833333333333334,21.0
2001-12-23,270001.0,Mataveri  Isla de Pascua Ap.,-27.15889,-109.4325,7.0,11.0
2001-12-23,290004.0,"La Florida, La Serena Ad.",-29.91444,-71.20667,5.777777777777778,11.0
2001-12-23,330007.0,"Rodelillo, Ad.",-33.06528,-71.55639,7.928571428571429,10.0
2001-12-23,330019.0,"Eulogio Sánchez, Tobalaba Ad.",-33.45528,-70.54861,1.6923076923076923,3.0
2001-12-23,330020.0,"Quinta Normal, Santiago",-33.445,-70.68278,5.2,10.0
2001-12-23,330021.0,Pudahuel Santiago ,-33.37833,-70.78778,6.125,16.0
2001-12-23,330030.0,"Santo Domingo, Ad.",-33.65611,-71.61333,7.214285714285714,12.0
2001-12-23,330031.0,"Juan Fernández, Estación Meteorológica.",-33.63583,-78.83305,7.5,8.0
2001-12-23,340031.0,"General Freire, Curicó Ad.",-34.96944,-71.21694,6.615384615384615,11.0
2001-12-23,360011.0,"General Bernardo O'Higgins, Chillán Ad.",-36.58583,-72.03667,10.4,12.0
2001-12-23,360019.0,"Carriel Sur, Concepción Ap.",-36.78055,-73.06639,10.625,20.0
2001-12-23,370033.0,"María Dolores, Los Angeles Ad.",-37.39694,-72.42389,14.4,18.0
2001-12-23,380013.0,"Maquehue, Temuco Ad.",-38.76778,-72.63194,5.5,11.0
2001-12-23,390006.0,"Pichoy, Valdivia Ad.",-39.65667,-73.08722,5.75,10.0
2001-12-23,400009.0,"Cañal Bajo,  Osorno Ad.",-40.61444,-73.0575,5.8,10.0
2001-12-23,410005.0,El Tepual  Puerto Montt Ap.,-41.4475,-73.09583,4.458333333333333,10.0
2001-12-23,430002.0,Futaleufú Ad.,-43.18889,-71.85222,6.0,6.0
2001-12-23,450004.0,"Teniente Vidal, Coyhaique Ad.",-45.59083,-72.10222,11.2,15.0
2001-12-23,450005.0,Balmaceda Ad.,-45.91833,-71.67778,20.818181818181817,24.0
2001-12-23,520006.0,"Carlos Ibañez, Punta Arenas Ap.",-53.00167,-70.83861,9.75,23.0
2001-12-23,950001.0,"C.M.A. Eduardo Frei Montalva, Antártica ",-62.19194,-58.97972,24.785714285714285,33.0
2001-12-24,180005.0,"Chacalluta, Arica Ap.",-18.35555,-70.34028,5.708333333333333,12.0
2001-12-24,200006.0,Diego Aracena Iquique Ap.,-20.54917,-70.18111,6.041666666666667,12.0
2001-12-24,220002.0,"El Loa, Calama Ad.",-22.49806,-68.8925,14.75,23.0
2001-12-24,270001.0,Mataveri  Isla de Pascua Ap.,-27.15889,-109.4325,7.333333333333333,11.0
2001-12-24,290004.0,"La Florida, La Serena Ad.",-29.91444,-71.20667,6.333333333333333,12.0
2001-12-24,330007.0,"Rodelillo, Ad.",-33.06528,-71.55639,9.461538461538462,14.0
2001-12-24,330019.0,"Eulogio Sánchez, Tobalaba Ad.",-33.45528,-70.54861,1.3846153846153846,3.0
2001-12-24,330020.0,"Quinta Normal, Santiago",-33.445,-70.68278,3.6,7.0
2001-12-24,330021.0,Pudahuel Santiago ,-33.37833,-70.78778,6.625,16.0
2001-12-24,330030.0,"Santo Domingo, Ad.",-33.65611,-71.61333,7.071428571428571,13.0
2001-12-24,330031.0,"Juan Fernández, Estación Meteorológica.",-33.63583,-78.83305,7.6,9.0
2001-12-24,340031.0,"General Freire, Curicó Ad.",-34.96944,-71.21694,5.615384615384615,12.0
2001-12-24,360011.0,"General Bernardo O'Higgins, Chillán Ad.",-36.58583,-72.03667,7.6,10.0
2001-12-24,360019.0,"Carriel Sur, Concepción Ap.",-36.78055,-73.06639,7.416666666666667,13.0
2001-12-24,370033.0,"María Dolores, Los Angeles Ad.",-37.39694,-72.42389,16.8,19.0
2001-12-24,380013.0,"Maquehue, Temuco Ad.",-38.76778,-72.63194,5.5,12.0
2001-12-24,390006.0,"Pichoy, Valdivia Ad.",-39.65667,-73.08722,8.25,11.0
2001-12-24,400009.0,"Cañal Bajo,  Osorno Ad.",-40.61444,-73.0575,7.2,11.0
2001-12-24,410005.0,El Tepual  Puerto Montt Ap.,-41.4475,-73.09583,4.708333333333333,10.0
2001-12-24,430001.0,Quellón Ad.,-43.13361,-73.63278,14.0,87.0
2001-12-24,430002.0,Futaleufú Ad.,-43.18889,-71.85222,12.0,14.0
2001-12-24,450001.0,Puerto Aysén Ad.,-45.39944,-72.67722,12.5,14.0
2001-12-24,450004.0,"Teniente Vidal, Coyhaique Ad.",-45.59083,-72.10222,11.2,14.0
2001-12-24,450005.0,Balmaceda Ad.,-45.91833,-71.67778,25.09090909090909,29.0
2001-12-24,520006.0,"Carlos Ibañez, Punta Arenas Ap.",-53.00167,-70.83861,20.958333333333332,32.0
2001-12-24,530005.0,"Fuentes Martínez, Porvenir Ad.",-53.25361,-70.32611,23.333333333333332,26.0
2001-12-24,550001.0,"Guardiamarina Zañartu, Pto Williams Ad.",-54.93167,-67.61556,23.0,30.0
2001-12-24,950001.0,"C.M.A. Eduardo Frei Montalva, Antártica ",-62.19194,-58.97972,20.2,23.0
2001-12-25,180005.0,"Chacalluta, Arica Ap.",-18.35555,-70.34028,4.666666666666667,11.0
2001-12-25,200006.0,Diego Aracena Iquique Ap.,-20.54917,-70.18111,6.583333333333333,11.0
2001-12-25,220002.0,"El Loa, Calama Ad.",-22.49806,-68.8925,14.76923076923077,21.0
2001-12-25,270001.0,Mataveri  Isla de Pascua Ap.,-27.15889,-109.4325,5.333333333333333,8.0
2001-12-25,290004.0,"La Florida, La Serena Ad.",-29.91444,-71.20667,6.277777777777778,10.0
2001-12-25,330007.0,"Rodelillo, Ad.",-33.06528,-71.55639,5.642857142857143,11.0
2001-12-25,330019.0,"Eulogio Sánchez, Tobalaba Ad.",-33.45528,-70.54861,1.6153846153846154,4.0
2001-12-25,330020.0,"Quinta Normal, Santiago",-33.445,-70.68278,6.4,10.0
2001-12-25,330021.0,Pudahuel Santiago ,-33.37833,-70.78778,7.041666666666667,14.0
2001-12-25,330030.0,"Santo Domingo, Ad.",-33.65611,-71.61333,5.357142857142857,8.0
2001-12-25,330031.0,"Juan Fernández, Estación Meteorológica.",-33.63583,-78.83305,7.0,10.0
2001-12-25,340031.0,"General Freire, Curicó Ad.",-34.96944,-71.21694,5.769230769230769,11.0
2001-12-25,360011.0,"General Bernardo O'Higgins, Chillán Ad.",-36.58583,-72.03667,5.6,9.0
2001-12-25,360019.0,"Carriel Sur, Concepción Ap.",-36.78055,-73.06639,4.375,10.0
2001-12-25,370033.0,"María Dolores, Los Angeles Ad.",-37.39694,-72.42389,9.4,14.0
2001-12-25,380013.0,"Maquehue, Temuco Ad.",-38.76778,-72.63194,5.125,11.0
2001-12-25,390006.0,"Pichoy, Valdivia Ad.",-39.65667,-73.08722,5.25,13.0
2001-12-25,400009.0,"Cañal Bajo,  Osorno Ad.",-40.61444,-73.0575,2.3,3.0
2001-12-25,410005.0,El Tepual  Puerto Montt Ap.,-41.4475,-73.09583,3.5416666666666665,9.0
2001-12-25,430002.0,Futaleufú Ad.,-43.18889,-71.85222,10.4,16.0
2001-12-25,450004.0,"Teniente Vidal, Coyhaique Ad.",-45.59083,-72.10222,11.4,16.0
2001-12-25,450005.0,Balmaceda Ad.,-45.91833,-71.67778,22.09090909090909,28.0
2001-12-25,520006.0,"Carlos Ibañez, Punta Arenas Ap.",-53.00167,-70.83861,17.0,32.0
2001-12-25,950001.0,"C.M.A. Eduardo Frei Montalva, Antártica ",-62.19194,-58.97972,26.384615384615383,35.0
2001-12-26,180005.0,"Chacalluta, Arica Ap.",-18.35555,-70.34028,6.333333333333333,14.0
2001-12-26,200006.0,Diego Aracena Iquique Ap.,-20.54917,-70.18111,8.541666666666666,15.0
2001-12-26,220002.0,"El Loa, Calama Ad.",-22.49806,-68.8925,14.3125,20.0
2001-12-26,270001.0,Mataveri  Isla de Pascua Ap.,-27.15889,-109.4325,6.5,11.0
2001-12-26,290004.0,"La Florida, La Serena Ad.",-29.91444,-71.20667,5.388888888888889,11.0
2001-12-26,330007.0,"Rodelillo, Ad.",-33.06528,-71.55639,6.3076923076923075,9.0
2001-12-26,330019.0,"Eulogio Sánchez, Tobalaba Ad.",-33.45528,-70.54861,1.8461538461538463,4.0
2001-12-26,330020.0,"Quinta Normal, Santiago",-33.445,-70.68278,5.4,10.0
2001-12-26,330021.0,Pudahuel Santiago ,-33.37833,-70.78778,7.333333333333333,18.0
2001-12-26,330030.0,"Santo Domingo, Ad.",-33.65611,-71.61333,8.5,14.0
2001-12-26,330031.0,"Juan Fernández, Estación Meteorológica.",-33.63583,-78.83305,9.6,12.0
2001-12-26,340031.0,"General Freire, Curicó Ad.",-34.96944,-71.21694,8.076923076923077,12.0
2001-12-26,360011.0,"General Bernardo O'Higgins, Chillán Ad.",-36.58583,-72.03667,8.0,11.0
2001-12-26,360019.0,"Carriel Sur, Concepción Ap.",-36.78055,-73.06639,9.333333333333334,18.0
2001-12-26,370033.0,"María Dolores, Los Angeles Ad.",-37.39694,-72.42389,9.6,15.0
2001-12-26,380013.0,"Maquehue, Temuco Ad.",-38.76778,-72.63194,6.083333333333333,10.0
2001-12-26,390006.0,"Pichoy, Valdivia Ad.",-39.65667,-73.08722,6.25,12.0
2001-12-26,400009.0,"Cañal Bajo,  Osorno Ad.",-40.61444,-73.0575,7.0,9.0
2001-12-26,410005.0,El Tepual  Puerto Montt Ap.,-41.4475,-73.09583,4.0,10.0
2001-12-26,430001.0,Quellón Ad.,-43.13361,-73.63278,9.1,12.0
2001-12-26,430002.0,Futaleufú Ad.,-43.18889,-71.85222,13.6,16.0
2001-12-26,450001.0,Puerto Aysén Ad.,-45.39944,-72.67722,11.75,16.0
2001-12-26,450004.0,"Teniente Vidal, Coyhaique Ad.",-45.59083,-72.10222,11.2,14.0
2001-12-26,450005.0,Balmaceda Ad.,-45.91833,-71.67778,24.454545454545453,29.0
2001-12-26,520006.0,"Carlos Ibañez, Punta Arenas Ap.",-53.00167,-70.83861,12.25,26.0
2001-12-26,530005.0,"Fuentes Martínez, Porvenir Ad.",-53.25361,-70.32611,16.923076923076923,30.0
2001-12-26,550001.0,"Guardiamarina Zañartu, Pto Williams Ad.",-54.93167,-67.61556,12.444444444444445,18.0
2001-12-26,950001.0,"C.M.A. Eduardo Frei Montalva, Antártica ",-62.19194,-58.97972,26.75,37.0
2001-12-27,180005.0,"Chacalluta, Arica Ap.",-18.35555,-70.34028,6.958333333333333,15.0
2001-12-27,200006.0,Diego Aracena Iquique Ap.,-20.54917,-70.18111,8.208333333333334,16.0
2001-12-27,220002.0,"El Loa, Calama Ad.",-22.49806,-68.8925,14.0625,21.0
2001-12-27,270001.0,Mataveri  Isla de Pascua Ap.,-27.15889,-109.4325,8.166666666666666,11.0
2001-12-27,290004.0,"La Florida, La Serena Ad.",-29.91444,-71.20667,5.444444444444445,8.0
2001-12-27,330007.0,"Rodelillo, Ad.",-33.06528,-71.55639,5.857142857142857,9.0
2001-12-27,330019.0,"Eulogio Sánchez, Tobalaba Ad.",-33.45528,-70.54861,1.6153846153846154,4.0
2001-12-27,330020.0,"Quinta Normal, Santiago",-33.445,-70.68278,4.6,10.0
2001-12-27,330021.0,Pudahuel Santiago ,-33.37833,-70.78778,7.0,17.0
2001-12-27,330030.0,"Santo Domingo, Ad.",-33.65611,-71.61333,7.428571428571429,12.0
2001-12-27,330031.0,"Juan Fernández, Estación Meteorológica.",-33.63583,-78.83305,9.2,10.0
2001-12-27,340031.0,"General Freire, Curicó Ad.",-34.96944,-71.21694,6.846153846153846,9.0
2001-12-27,360011.0,"General Bernardo O'Higgins, Chillán Ad.",-36.58583,-72.03667,8.4,12.0
2001-12-27,360019.0,"Carriel Sur, Concepción Ap.",-36.78055,-73.06639,10.458333333333334,18.0
2001-12-27,370033.0,"María Dolores, Los Angeles Ad.",-37.39694,-72.42389,10.6,15.0
2001-12-27,380013.0,"Maquehue, Temuco Ad.",-38.76778,-72.63194,5.75,11.0
2001-12-27,390006.0,"Pichoy, Valdivia Ad.",-39.65667,-73.08722,6.25,7.0
2001-12-27,400009.0,"Cañal Bajo,  Osorno Ad.",-40.61444,-73.0575,10.9,14.0
2001-12-27,410005.0,El Tepual  Puerto Montt Ap.,-41.4475,-73.09583,8.666666666666666,14.0
2001-12-27,430001.0,Quellón Ad.,-43.13361,-73.63278,7.5,12.0
2001-12-27,430002.0,Futaleufú Ad.,-43.18889,-71.85222,7.0,12.0
2001-12-27,450001.0,Puerto Aysén Ad.,-45.39944,-72.67722,8.75,14.0
2001-12-27,450004.0,"Teniente Vidal, Coyhaique Ad.",-45.59083,-72.10222,9.6,13.0
2001-12-27,450005.0,Balmaceda Ad.,-45.91833,-71.67778,26.818181818181817,30.0
2001-12-27,520006.0,"Carlos Ibañez, Punta Arenas Ap.",-53.00167,-70.83861,17.875,23.0
2001-12-27,530005.0,"Fuentes Martínez, Porvenir Ad.",-53.25361,-70.32611,13.538461538461538,20.0
2001-12-27,550001.0,"Guardiamarina Zañartu, Pto Williams Ad.",-54.93167,-67.61556,17.555555555555557,21.0
2001-12-27,950001.0,"C.M.A. Eduardo Frei Montalva, Antártica ",-62.19194,-58.97972,15.9,20.0
2001-12-28,180005.0,"Chacalluta, Arica Ap.",-18.35555,-70.34028,6.166666666666667,13.0
2001-12-28,200006.0,Diego Aracena Iquique Ap.,-20.54917,-70.18111,6.916666666666667,11.0
2001-12-28,220002.0,"El Loa, Calama Ad.",-22.49806,-68.8925,14.470588235294118,26.0
2001-12-28,270001.0,Mataveri  Isla de Pascua Ap.,-27.15889,-109.4325,7.166666666666667,11.0
2001-12-28,290004.0,"La Florida, La Serena Ad.",-29.91444,-71.20667,5.888888888888889,11.0
2001-12-28,330007.0,"Rodelillo, Ad.",-33.06528,-71.55639,6.3076923076923075,9.0
2001-12-28,330019.0,"Eulogio Sánchez, Tobalaba Ad.",-33.45528,-70.54861,1.6153846153846154,4.0
2001-12-28,330020.0,"Quinta Normal, Santiago",-33.445,-70.68278,4.8,8.0
2001-12-28,330021.0,Pudahuel Santiago ,-33.37833,-70.78778,7.166666666666667,17.0
2001-12-28,330030.0,"Santo Domingo, Ad.",-33.65611,-71.61333,5.5,8.0
2001-12-28,330031.0,"Juan Fernández, Estación Meteorológica.",-33.63583,-78.83305,8.8,10.0
2001-12-28,340031.0,"General Freire, Curicó Ad.",-34.96944,-71.21694,6.615384615384615,11.0
2001-12-28,360011.0,"General Bernardo O'Higgins, Chillán Ad.",-36.58583,-72.03667,5.2,6.0
2001-12-28,360019.0,"Carriel Sur, Concepción Ap.",-36.78055,-73.06639,9.583333333333334,17.0
2001-12-28,370033.0,"María Dolores, Los Angeles Ad.",-37.39694,-72.42389,8.6,13.0
2001-12-28,380013.0,"Maquehue, Temuco Ad.",-38.76778,-72.63194,5.166666666666667,12.0
2001-12-28,390006.0,"Pichoy, Valdivia Ad.",-39.65667,-73.08722,6.75,11.0
2001-12-28,400009.0,"Cañal Bajo,  Osorno Ad.",-40.61444,-73.0575,11.3,16.0
2001-12-28,410005.0,El Tepual  Puerto Montt Ap.,-41.4475,-73.09583,9.375,15.0
2001-12-28,430001.0,Quellón Ad.,-43.13361,-73.63278,9.5,12.0
2001-12-28,430002.0,Futaleufú Ad.,-43.18889,-71.85222,4.2,8.0
2001-12-28,450001.0,Puerto Aysén Ad.,-45.39944,-72.67722,10.25,14.0
2001-12-28,450004.0,"Teniente Vidal, Coyhaique Ad.",-45.59083,-72.10222,6.6,9.0
2001-12-28,450005.0,Balmaceda Ad.,-45.91833,-71.67778,20.545454545454547,25.0
2001-12-28,520006.0,"Carlos Ibañez, Punta Arenas Ap.",-53.00167,-70.83861,15.75,30.0
2001-12-28,530005.0,"Fuentes Martínez, Porvenir Ad.",-53.25361,-70.32611,20.23076923076923,24.0
2001-12-28,550001.0,"Guardiamarina Zañartu, Pto Williams Ad.",-54.93167,-67.61556,4.375,10.0
2001-12-28,950001.0,"C.M.A. Eduardo Frei Montalva, Antártica ",-62.19194,-58.97972,12.411764705882353,21.0
2001-12-29,180005.0,"Chacalluta, Arica Ap.",-18.35555,-70.34028,6.083333333333333,12.0
2001-12-29,200006.0,Diego Aracena Iquique Ap.,-20.54917,-70.18111,6.208333333333333,10.0
2001-12-29,220002.0,"El Loa, Calama Ad.",-22.49806,-68.8925,15.4,23.0
2001-12-29,270001.0,Mataveri  Isla de Pascua Ap.,-27.15889,-109.4325,6.0,9.0
2001-12-29,290004.0,"La Florida, La Serena Ad.",-29.91444,-71.20667,5.722222222222222,9.0
2001-12-29,330007.0,"Rodelillo, Ad.",-33.06528,-71.55639,5.357142857142857,9.0
2001-12-29,330019.0,"Eulogio Sánchez, Tobalaba Ad.",-33.45528,-70.54861,1.5384615384615385,4.0
2001-12-29,330020.0,"Quinta Normal, Santiago",-33.445,-70.68278,4.8,10.0
2001-12-29,330021.0,Pudahuel Santiago ,-33.37833,-70.78778,7.541666666666667,16.0
2001-12-29,330030.0,"Santo Domingo, Ad.",-33.65611,-71.61333,6.285714285714286,9.0
2001-12-29,330031.0,"Juan Fernández, Estación Meteorológica.",-33.63583,-78.83305,8.0,10.0
2001-12-29,340031.0,"General Freire, Curicó Ad.",-34.96944,-71.21694,6.615384615384615,14.0
2001-12-29,360011.0,"General Bernardo O'Higgins, Chillán Ad.",-36.58583,-72.03667,5.4,8.0
2001-12-29,360019.0,"Carriel Sur, Concepción Ap.",-36.78055,-73.06639,9.458333333333334,18.0
2001-12-29,370033.0,"María Dolores, Los Angeles Ad.",-37.39694,-72.42389,12.4,18.0
2001-12-29,380013.0,"Maquehue, Temuco Ad.",-38.76778,-72.63194,5.583333333333333,12.0
2001-12-29,390006.0,"Pichoy, Valdivia Ad.",-39.65667,-73.08722,6.5,9.0
2001-12-29,400009.0,"Cañal Bajo,  Osorno Ad.",-40.61444,-73.0575,9.3,12.0
2001-12-29,410005.0,El Tepual  Puerto Montt Ap.,-41.4475,-73.09583,6.75,12.0
2001-12-29,430002.0,Futaleufú Ad.,-43.18889,-71.85222,5.8,11.0
2001-12-29,450004.0,"Teniente Vidal, Coyhaique Ad.",-45.59083,-72.10222,8.6,11.0
2001-12-29,450005.0,Balmaceda Ad.,-45.91833,-71.67778,20.0,26.0
2001-12-29,520006.0,"Carlos Ibañez, Punta Arenas Ap.",-53.00167,-70.83861,20.583333333333332,35.0
2001-12-29,530005.0,"Fuentes Martínez, Porvenir Ad.",-53.25361,-70.32611,17.666666666666668,24.0
2001-12-29,950001.0,"C.M.A. Eduardo Frei Montalva, Antártica ",-62.19194,-58.97972,20.857142857142858,37.0
2001-12-30,180005.0,"Chacalluta, Arica Ap.",-18.35555,-70.34028,7.083333333333333,16.0
2001-12-30,200006.0,Diego Aracena Iquique Ap.,-20.54917,-70.18111,6.333333333333333,11.0
2001-12-30,220002.0,"El Loa, Calama Ad.",-22.49806,-68.8925,17.166666666666668,25.0
2001-12-30,270001.0,Mataveri  Isla de Pascua Ap.,-27.15889,-109.4325,3.0,4.0
2001-12-30,290004.0,"La Florida, La Serena Ad.",-29.91444,-71.20667,5.0,11.0
2001-12-30,330007.0,"Rodelillo, Ad.",-33.06528,-71.55639,7.923076923076923,15.0
2001-12-30,330019.0,"Eulogio Sánchez, Tobalaba Ad.",-33.45528,-70.54861,1.5384615384615385,4.0
2001-12-30,330020.0,"Quinta Normal, Santiago",-33.445,-70.68278,5.4,8.0
2001-12-30,330021.0,Pudahuel Santiago ,-33.37833,-70.78778,7.416666666666667,17.0
2001-12-30,330030.0,"Santo Domingo, Ad.",-33.65611,-71.61333,6.5,10.0
2001-12-30,330031.0,"Juan Fernández, Estación Meteorológica.",-33.63583,-78.83305,11.0,12.0
2001-12-30,340031.0,"General Freire, Curicó Ad.",-34.96944,-71.21694,7.230769230769231,11.0
2001-12-30,360011.0,"General Bernardo O'Higgins, Chillán Ad.",-36.58583,-72.03667,9.8,17.0
2001-12-30,360019.0,"Carriel Sur, Concepción Ap.",-36.78055,-73.06639,11.291666666666666,19.0
2001-12-30,370033.0,"María Dolores, Los Angeles Ad.",-37.39694,-72.42389,14.2,18.0
2001-12-30,380013.0,"Maquehue, Temuco Ad.",-38.76778,-72.63194,6.2,14.0
2001-12-30,390006.0,"Pichoy, Valdivia Ad.",-39.65667,-73.08722,7.5,15.0
2001-12-30,400009.0,"Cañal Bajo,  Osorno Ad.",-40.61444,-73.0575,6.7,10.0
2001-12-30,410005.0,El Tepual  Puerto Montt Ap.,-41.4475,-73.09583,5.125,9.0
2001-12-30,430002.0,Futaleufú Ad.,-43.18889,-71.85222,13.0,13.0
2001-12-30,450004.0,"Teniente Vidal, Coyhaique Ad.",-45.59083,-72.10222,8.0,10.0
2001-12-30,450005.0,Balmaceda Ad.,-45.91833,-71.67778,17.636363636363637,20.0
2001-12-30,520006.0,"Carlos Ibañez, Punta Arenas Ap.",-53.00167,-70.83861,9.833333333333334,21.0
2001-12-30,950001.0,"C.M.A. Eduardo Frei Montalva, Antártica ",-62.19194,-58.97972,15.642857142857142,28.0
2001-12-31,180005.0,"Chacalluta, Arica Ap.",-18.35555,-70.34028,5.0,12.0
2001-12-31,200006.0,Diego Aracena Iquique Ap.,-20.54917,-70.18111,7.583333333333333,15.0
2001-12-31,220002.0,"El Loa, Calama Ad.",-22.49806,-68.8925,16.3125,25.0
2001-12-31,270001.0,Mataveri  Isla de Pascua Ap.,-27.15889,-109.4325,7.666666666666667,11.0
2001-12-31,290004.0,"La Florida, La Serena Ad.",-29.91444,-71.20667,5.611111111111111,9.0
2001-12-31,330007.0,"Rodelillo, Ad.",-33.06528,-71.55639,5.933333333333334,9.0
2001-12-31,330019.0,"Eulogio Sánchez, Tobalaba Ad.",-33.45528,-70.54861,2.3076923076923075,4.0
2001-12-31,330020.0,"Quinta Normal, Santiago",-33.445,-70.68278,4.8,8.0
2001-12-31,330021.0,Pudahuel Santiago ,-33.37833,-70.78778,6.791666666666667,19.0
2001-12-31,330030.0,"Santo Domingo, Ad.",-33.65611,-71.61333,6.214285714285714,12.0
2001-12-31,330031.0,"Juan Fernández, Estación Meteorológica.",-33.63583,-78.83305,7.2,10.0
2001-12-31,340031.0,"General Freire, Curicó Ad.",-34.96944,-71.21694,7.0,11.0
2001-12-31,360011.0,"General Bernardo O'Higgins, Chillán Ad.",-36.58583,-72.03667,5.2,8.0
2001-12-31,360019.0,"Carriel Sur, Concepción Ap.",-36.78055,-73.06639,12.333333333333334,22.0
2001-12-31,370033.0,"María Dolores, Los Angeles Ad.",-37.39694,-72.42389,10.2,14.0
2001-12-31,380013.0,"Maquehue, Temuco Ad.",-38.76778,-72.63194,5.52,12.0
2001-12-31,390006.0,"Pichoy, Valdivia Ad.",-39.65667,-73.08722,9.25,20.0
2001-12-31,400009.0,"Cañal Bajo,  Osorno Ad.",-40.61444,-73.0575,5.0,11.0
2001-12-31,410005.0,El Tepual  Puerto Montt Ap.,-41.4475,-73.09583,4.541666666666667,10.0
2001-12-31,430001.0,Quellón Ad.,-43.13361,-73.63278,7.2,10.0
2001-12-31,430002.0,Futaleufú Ad.,-43.18889,-71.85222,4.5,10.0
2001-12-31,450001.0,Puerto Aysén Ad.,-45.39944,-72.67722,2.5,6.0
2001-12-31,450004.0,"Teniente Vidal, Coyhaique Ad.",-45.59083,-72.10222,6.2,8.0
2001-12-31,450005.0,Balmaceda Ad.,-45.91833,-71.67778,14.818181818181818,22.0
2001-12-31,520006.0,"Carlos Ibañez, Punta Arenas Ap.",-53.00167,-70.83861,7.333333333333333,12.0
2001-12-31,530005.0,"Fuentes Martínez, Porvenir Ad.",-53.25361,-70.32611,5.75,12.0
2001-12-31,550001.0,"Guardiamarina Zañartu, Pto Williams Ad.",-54.93167,-67.61556,10.75,13.0
2001-12-31,950001.0,"C.M.A. Eduardo Frei Montalva, Antártica ",-62.19194,-58.97972,15.5,21.0
2002-01-01,180005.0,"Chacalluta, Arica Ap.",-18.35555,-70.34028,4.0,4.0
2002-01-01,200006.0,Diego Aracena Iquique Ap.,-20.54917,-70.18111,10.0,10.0
2002-01-01,270001.0,Mataveri  Isla de Pascua Ap.,-27.15889,-109.4325,11.0,11.0
2002-01-01,290004.0,"La Florida, La Serena Ad.",-29.91444,-71.20667,6.0,6.0
2002-01-01,330007.0,"Rodelillo, Ad.",-33.06528,-71.55639,7.0,7.0
2002-01-01,330019.0,"Eulogio Sánchez, Tobalaba Ad.",-33.45528,-70.54861,2.0,2.0
2002-01-01,330020.0,"Quinta Normal, Santiago",-33.445,-70.68278,6.0,6.0
2002-01-01,330021.0,Pudahuel Santiago ,-33.37833,-70.78778,12.0,12.0
2002-01-01,330030.0,"Santo Domingo, Ad.",-33.65611,-71.61333,6.0,6.0
2002-01-01,330031.0,"Juan Fernández, Estación Meteorológica.",-33.63583,-78.83305,6.0,6.0
2002-01-01,340031.0,"General Freire, Curicó Ad.",-34.96944,-71.21694,8.0,8.0
2002-01-01,360011.0,"General Bernardo O'Higgins, Chillán Ad.",-36.58583,-72.03667,4.0,4.0
2002-01-01,360019.0,"Carriel Sur, Concepción Ap.",-36.78055,-73.06639,8.0,8.0
2002-01-01,370033.0,"María Dolores, Los Angeles Ad.",-37.39694,-72.42389,8.0,8.0
2002-01-01,380013.0,"Maquehue, Temuco Ad.",-38.76778,-72.63194,2.0,2.0
2002-01-01,410005.0,El Tepual  Puerto Montt Ap.,-41.4475,-73.09583,4.0,4.0
2002-01-01,430002.0,Futaleufú Ad.,-43.18889,-71.85222,10.0,10.0
2002-01-01,450004.0,"Teniente Vidal, Coyhaique Ad.",-45.59083,-72.10222,7.0,7.0
2002-01-01,450005.0,Balmaceda Ad.,-45.91833,-71.67778,12.0,12.0
2002-01-01,520006.0,"Carlos Ibañez, Punta Arenas Ap.",-53.00167,-70.83861,8.0,8.0
2002-01-01,950001.0,"C.M.A. Eduardo Frei Montalva, Antártica ",-62.19194,-58.97972,22.0,22.0
