date,CodigoNacional,nombreEstacion,latitud,longitud,temp_mean
2002-01-01,180005.0,"Chacalluta, Arica Ap.",-18.35555,-70.34028,22.082608695652173
2002-01-01,200006.0,Diego Aracena Iquique Ap.,-20.54917,-70.18111,21.243478260869566
2002-01-01,220002.0,"El Loa, Calama Ad.",-22.49806,-68.8925,18.75714285714286
2002-01-01,270001.0,Mataveri  Isla de Pascua Ap.,-27.15889,-109.4325,23.28333333333333
2002-01-01,290004.0,"La Florida, La Serena Ad.",-29.91444,-71.20667,18.522222222222222
2002-01-01,330007.0,"Rodelillo, Ad.",-33.06528,-71.55639,18.425
2002-01-01,330019.0,"Eulogio Sánchez, Tobalaba Ad.",-33.45528,-70.54861,25.133333333333336
2002-01-01,330020.0,"Quinta Normal, Santiago",-33.445,-70.68278,24.8
2002-01-01,330021.0,Pudahuel Santiago ,-33.37833,-70.78778,20.860869565217392
2002-01-01,330030.0,"Santo Domingo, Ad.",-33.65611,-71.61333,17.95
2002-01-01,330031.0,"Juan Fernández, Estación Meteorológica.",-33.63583,-78.83305,21.066666666666666
2002-01-01,340031.0,"General Freire, Curicó Ad.",-34.96944,-71.21694,25.353846153846156
2002-01-01,360011.0,"General Bernardo O'Higgins, Chillán Ad.",-36.58583,-72.03667,25.266666666666666
2002-01-01,360019.0,"Carriel Sur, Concepción Ap.",-36.78055,-73.06639,18.40434782608696
2002-01-01,370033.0,"María Dolores, Los Angeles Ad.",-37.39694,-72.42389,25.25
2002-01-01,380013.0,"Maquehue, Temuco Ad.",-38.76778,-72.63194,18.065217391304348
2002-01-01,390006.0,"Pichoy, Valdivia Ad.",-39.65667,-73.08722,20.95
2002-01-01,410005.0,El Tepual  Puerto Montt Ap.,-41.4475,-73.09583,15.578260869565218
2002-01-01,430002.0,Futaleufú Ad.,-43.18889,-71.85222,17.116666666666667
2002-01-01,450004.0,"Teniente Vidal, Coyhaique Ad.",-45.59083,-72.10222,14.083333333333334
2002-01-01,450005.0,Balmaceda Ad.,-45.91833,-71.67778,13.11
2002-01-01,520006.0,"Carlos Ibañez, Punta Arenas Ap.",-53.00167,-70.83861,9.556521739130435
2002-01-01,950001.0,"C.M.A. Eduardo Frei Montalva, Antártica ",-62.19194,-58.97972,3.6142857142857143
2002-01-02,180005.0,"Chacalluta, Arica Ap.",-18.35555,-70.34028,21.216666666666665
2002-01-02,200006.0,Diego Aracena Iquique Ap.,-20.54917,-70.18111,21.245833333333334
2002-01-02,220002.0,"El Loa, Calama Ad.",-22.49806,-68.8925,18.05625
2002-01-02,270001.0,Mataveri  Isla de Pascua Ap.,-27.15889,-109.4325,23.666666666666668
2002-01-02,290004.0,"La Florida, La Serena Ad.",-29.91444,-71.20667,18.255555555555556
2002-01-02,330007.0,"Rodelillo, Ad.",-33.06528,-71.55639,20.323076923076922
2002-01-02,330019.0,"Eulogio Sánchez, Tobalaba Ad.",-33.45528,-70.54861,25.746153846153845
2002-01-02,330020.0,"Quinta Normal, Santiago",-33.445,-70.68278,24.84
2002-01-02,330021.0,Pudahuel Santiago ,-33.37833,-70.78778,21.016666666666666
2002-01-02,330030.0,"Santo Domingo, Ad.",-33.65611,-71.61333,18.157142857142855
2002-01-02,330031.0,"Juan Fernández, Estación Meteorológica.",-33.63583,-78.83305,19.080000000000002
2002-01-02,340031.0,"General Freire, Curicó Ad.",-34.96944,-71.21694,26.24285714285714
2002-01-02,360011.0,"General Bernardo O'Higgins, Chillán Ad.",-36.58583,-72.03667,24.069230769230767
2002-01-02,360019.0,"Carriel Sur, Concepción Ap.",-36.78055,-73.06639,17.537499999999998
2002-01-02,370033.0,"María Dolores, Los Angeles Ad.",-37.39694,-72.42389,23.95384615384615
2002-01-02,380013.0,"Maquehue, Temuco Ad.",-38.76778,-72.63194,14.708333333333334
2002-01-02,390006.0,"Pichoy, Valdivia Ad.",-39.65667,-73.08722,18.224999999999998
2002-01-02,410005.0,El Tepual  Puerto Montt Ap.,-41.4475,-73.09583,13.525
2002-01-02,430001.0,Quellón Ad.,-43.13361,-73.63278,14.930000000000001
2002-01-02,430002.0,Futaleufú Ad.,-43.18889,-71.85222,14.938461538461537
2002-01-02,450004.0,"Teniente Vidal, Coyhaique Ad.",-45.59083,-72.10222,12.75
2002-01-02,450005.0,Balmaceda Ad.,-45.91833,-71.67778,11.7
2002-01-02,520006.0,"Carlos Ibañez, Punta Arenas Ap.",-53.00167,-70.83861,7.220833333333334
2002-01-02,530005.0,"Fuentes Martínez, Porvenir Ad.",-53.25361,-70.32611,10.55
2002-01-02,550001.0,"Guardiamarina Zañartu, Pto Williams Ad.",-54.93167,-67.61556,11.440000000000001
2002-01-02,950001.0,"C.M.A. Eduardo Frei Montalva, Antártica ",-62.19194,-58.97972,0.19285714285714284
2002-01-03,180005.0,"Chacalluta, Arica Ap.",-18.35555,-70.34028,20.741666666666667
2002-01-03,200006.0,Diego Aracena Iquique Ap.,-20.54917,-70.18111,20.433333333333334
2002-01-03,220002.0,"El Loa, Calama Ad.",-22.49806,-68.8925,18.30625
2002-01-03,270001.0,Mataveri  Isla de Pascua Ap.,-27.15889,-109.4325,24.55
2002-01-03,290004.0,"La Florida, La Serena Ad.",-29.91444,-71.20667,17.505555555555556
2002-01-03,330007.0,"Rodelillo, Ad.",-33.06528,-71.55639,22.1
2002-01-03,330019.0,"Eulogio Sánchez, Tobalaba Ad.",-33.45528,-70.54861,25.853846153846156
2002-01-03,330020.0,"Quinta Normal, Santiago",-33.445,-70.68278,25.619999999999997
2002-01-03,330021.0,Pudahuel Santiago ,-33.37833,-70.78778,22.170833333333334
2002-01-03,330030.0,"Santo Domingo, Ad.",-33.65611,-71.61333,19.2
2002-01-03,330031.0,"Juan Fernández, Estación Meteorológica.",-33.63583,-78.83305,20.46
2002-01-03,340031.0,"General Freire, Curicó Ad.",-34.96944,-71.21694,24.707142857142856
2002-01-03,360011.0,"General Bernardo O'Higgins, Chillán Ad.",-36.58583,-72.03667,22.623076923076926
2002-01-03,360019.0,"Carriel Sur, Concepción Ap.",-36.78055,-73.06639,16.458333333333332
2002-01-03,370033.0,"María Dolores, Los Angeles Ad.",-37.39694,-72.42389,21.107692307692307
2002-01-03,380013.0,"Maquehue, Temuco Ad.",-38.76778,-72.63194,13.791666666666666
2002-01-03,390006.0,"Pichoy, Valdivia Ad.",-39.65667,-73.08722,18.8
2002-01-03,400009.0,"Cañal Bajo,  Osorno Ad.",-40.61444,-73.0575,16.11
2002-01-03,410005.0,El Tepual  Puerto Montt Ap.,-41.4475,-73.09583,12.483333333333334
2002-01-03,430001.0,Quellón Ad.,-43.13361,-73.63278,14.27
2002-01-03,430002.0,Futaleufú Ad.,-43.18889,-71.85222,17.892307692307693
2002-01-03,450004.0,"Teniente Vidal, Coyhaique Ad.",-45.59083,-72.10222,13.046153846153846
2002-01-03,450005.0,Balmaceda Ad.,-45.91833,-71.67778,11.190909090909091
2002-01-03,520006.0,"Carlos Ibañez, Punta Arenas Ap.",-53.00167,-70.83861,7.741666666666667
2002-01-03,530005.0,"Fuentes Martínez, Porvenir Ad.",-53.25361,-70.32611,10.525
2002-01-03,550001.0,"Guardiamarina Zañartu, Pto Williams Ad.",-54.93167,-67.61556,7.93
2002-01-03,950001.0,"C.M.A. Eduardo Frei Montalva, Antártica ",-62.19194,-58.97972,1.5545454545454547
2002-01-04,180005.0,"Chacalluta, Arica Ap.",-18.35555,-70.34028,20.720833333333335
2002-01-04,200006.0,Diego Aracena Iquique Ap.,-20.54917,-70.18111,20.608333333333334
2002-01-04,220002.0,"El Loa, Calama Ad.",-22.49806,-68.8925,18.2
2002-01-04,270001.0,Mataveri  Isla de Pascua Ap.,-27.15889,-109.4325,23.983333333333334
2002-01-04,290004.0,"La Florida, La Serena Ad.",-29.91444,-71.20667,17.977777777777778
2002-01-04,330007.0,"Rodelillo, Ad.",-33.06528,-71.55639,21.46153846153846
2002-01-04,330019.0,"Eulogio Sánchez, Tobalaba Ad.",-33.45528,-70.54861,24.123076923076926
2002-01-04,330020.0,"Quinta Normal, Santiago",-33.445,-70.68278,23.64
2002-01-04,330021.0,Pudahuel Santiago ,-33.37833,-70.78778,20.754166666666666
2002-01-04,330030.0,"Santo Domingo, Ad.",-33.65611,-71.61333,18.478571428571428
2002-01-04,330031.0,"Juan Fernández, Estación Meteorológica.",-33.63583,-78.83305,19.28
2002-01-04,340031.0,"General Freire, Curicó Ad.",-34.96944,-71.21694,24.685714285714287
2002-01-04,360011.0,"General Bernardo O'Higgins, Chillán Ad.",-36.58583,-72.03667,24.799999999999997
2002-01-04,360019.0,"Carriel Sur, Concepción Ap.",-36.78055,-73.06639,17.854166666666668
2002-01-04,370033.0,"María Dolores, Los Angeles Ad.",-37.39694,-72.42389,25.03076923076923
2002-01-04,380013.0,"Maquehue, Temuco Ad.",-38.76778,-72.63194,16.645833333333332
2002-01-04,390006.0,"Pichoy, Valdivia Ad.",-39.65667,-73.08722,21.45
2002-01-04,400009.0,"Cañal Bajo,  Osorno Ad.",-40.61444,-73.0575,17.72
2002-01-04,410005.0,El Tepual  Puerto Montt Ap.,-41.4475,-73.09583,13.979166666666666
2002-01-04,430001.0,Quellón Ad.,-43.13361,-73.63278,16.509999999999998
2002-01-04,430002.0,Futaleufú Ad.,-43.18889,-71.85222,20.338461538461537
2002-01-04,450004.0,"Teniente Vidal, Coyhaique Ad.",-45.59083,-72.10222,16.753846153846155
2002-01-04,450005.0,Balmaceda Ad.,-45.91833,-71.67778,15.227272727272727
2002-01-04,520006.0,"Carlos Ibañez, Punta Arenas Ap.",-53.00167,-70.83861,9.583333333333334
2002-01-04,530005.0,"Fuentes Martínez, Porvenir Ad.",-53.25361,-70.32611,11.616666666666667
2002-01-04,550001.0,"Guardiamarina Zañartu, Pto Williams Ad.",-54.93167,-67.61556,9.475
2002-01-04,950001.0,"C.M.A. Eduardo Frei Montalva, Antártica ",-62.19194,-58.97972,1.38
2002-01-05,180005.0,"Chacalluta, Arica Ap.",-18.35555,-70.34028,20.883333333333333
2002-01-05,200006.0,Diego Aracena Iquique Ap.,-20.54917,-70.18111,20.5
2002-01-05,220002.0,"El Loa, Calama Ad.",-22.49806,-68.8925,18.40666666666667
2002-01-05,270001.0,Mataveri  Isla de Pascua Ap.,-27.15889,-109.4325,23.080000000000002
2002-01-05,290004.0,"La Florida, La Serena Ad.",-29.91444,-71.20667,17.25
2002-01-05,330007.0,"Rodelillo, Ad.",-33.06528,-71.55639,24.207692307692305
2002-01-05,330019.0,"Eulogio Sánchez, Tobalaba Ad.",-33.45528,-70.54861,26.43846153846154
2002-01-05,330020.0,"Quinta Normal, Santiago",-33.445,-70.68278,26.339999999999996
2002-01-05,330021.0,Pudahuel Santiago ,-33.37833,-70.78778,21.579166666666666
2002-01-05,330030.0,"Santo Domingo, Ad.",-33.65611,-71.61333,19.515384615384615
2002-01-05,330031.0,"Juan Fernández, Estación Meteorológica.",-33.63583,-78.83305,18.35
2002-01-05,340031.0,"General Freire, Curicó Ad.",-34.96944,-71.21694,27.085714285714285
2002-01-05,360011.0,"General Bernardo O'Higgins, Chillán Ad.",-36.58583,-72.03667,26.86923076923077
2002-01-05,360019.0,"Carriel Sur, Concepción Ap.",-36.78055,-73.06639,17.304166666666667
2002-01-05,370033.0,"María Dolores, Los Angeles Ad.",-37.39694,-72.42389,25.946153846153848
2002-01-05,380013.0,"Maquehue, Temuco Ad.",-38.76778,-72.63194,15.095999999999998
2002-01-05,390006.0,"Pichoy, Valdivia Ad.",-39.65667,-73.08722,21.983333333333334
2002-01-05,400009.0,"Cañal Bajo,  Osorno Ad.",-40.61444,-73.0575,17.44
2002-01-05,410005.0,El Tepual  Puerto Montt Ap.,-41.4475,-73.09583,13.674999999999999
2002-01-05,430001.0,Quellón Ad.,-43.13361,-73.63278,
2002-01-05,430002.0,Futaleufú Ad.,-43.18889,-71.85222,20.00769230769231
2002-01-05,450004.0,"Teniente Vidal, Coyhaique Ad.",-45.59083,-72.10222,14.569230769230769
2002-01-05,450005.0,Balmaceda Ad.,-45.91833,-71.67778,12.69090909090909
2002-01-05,520006.0,"Carlos Ibañez, Punta Arenas Ap.",-53.00167,-70.83861,10.995833333333332
2002-01-05,530005.0,"Fuentes Martínez, Porvenir Ad.",-53.25361,-70.32611,13.633333333333333
2002-01-05,950001.0,"C.M.A. Eduardo Frei Montalva, Antártica ",-62.19194,-58.97972,1.5875
2002-01-06,180005.0,"Chacalluta, Arica Ap.",-18.35555,-70.34028,20.9875
2002-01-06,200006.0,Diego Aracena Iquique Ap.,-20.54917,-70.18111,20.912499999999998
2002-01-06,220002.0,"El Loa, Calama Ad.",-22.49806,-68.8925,20.625
2002-01-06,270001.0,Mataveri  Isla de Pascua Ap.,-27.15889,-109.4325,24.933333333333334
2002-01-06,290004.0,"La Florida, La Serena Ad.",-29.91444,-71.20667,17.41111111111111
2002-01-06,330007.0,"Rodelillo, Ad.",-33.06528,-71.55639,17.76923076923077
2002-01-06,330019.0,"Eulogio Sánchez, Tobalaba Ad.",-33.45528,-70.54861,27.684615384615384
2002-01-06,330020.0,"Quinta Normal, Santiago",-33.445,-70.68278,27.560000000000002
2002-01-06,330021.0,Pudahuel Santiago ,-33.37833,-70.78778,23.520833333333332
2002-01-06,330030.0,"Santo Domingo, Ad.",-33.65611,-71.61333,17.992857142857144
2002-01-06,330031.0,"Juan Fernández, Estación Meteorológica.",-33.63583,-78.83305,18.45
2002-01-06,340031.0,"General Freire, Curicó Ad.",-34.96944,-71.21694,27.12857142857143
2002-01-06,360011.0,"General Bernardo O'Higgins, Chillán Ad.",-36.58583,-72.03667,26.653846153846153
2002-01-06,360019.0,"Carriel Sur, Concepción Ap.",-36.78055,-73.06639,15.525
2002-01-06,370033.0,"María Dolores, Los Angeles Ad.",-37.39694,-72.42389,26.246153846153845
2002-01-06,380013.0,"Maquehue, Temuco Ad.",-38.76778,-72.63194,16.0
2002-01-06,390006.0,"Pichoy, Valdivia Ad.",-39.65667,-73.08722,21.2
2002-01-06,400009.0,"Cañal Bajo,  Osorno Ad.",-40.61444,-73.0575,19.2
2002-01-06,410005.0,El Tepual  Puerto Montt Ap.,-41.4475,-73.09583,15.308
2002-01-06,430002.0,Futaleufú Ad.,-43.18889,-71.85222,18.9
2002-01-06,450004.0,"Teniente Vidal, Coyhaique Ad.",-45.59083,-72.10222,16.884615384615383
2002-01-06,450005.0,Balmaceda Ad.,-45.91833,-71.67778,17.318181818181817
2002-01-06,520006.0,"Carlos Ibañez, Punta Arenas Ap.",-53.00167,-70.83861,10.941666666666668
2002-01-06,950001.0,"C.M.A. Eduardo Frei Montalva, Antártica ",-62.19194,-58.97972,1.4666666666666668
2002-01-07,180005.0,"Chacalluta, Arica Ap.",-18.35555,-70.34028,21.758333333333336
2002-01-07,200006.0,Diego Aracena Iquique Ap.,-20.54917,-70.18111,22.0625
2002-01-07,220002.0,"El Loa, Calama Ad.",-22.49806,-68.8925,17.56875
2002-01-07,270001.0,Mataveri  Isla de Pascua Ap.,-27.15889,-109.4325,24.40833333333333
2002-01-07,290004.0,"La Florida, La Serena Ad.",-29.91444,-71.20667,17.188888888888886
2002-01-07,330007.0,"Rodelillo, Ad.",-33.06528,-71.55639,17.546153846153846
2002-01-07,330019.0,"Eulogio Sánchez, Tobalaba Ad.",-33.45528,-70.54861,24.161538461538463
2002-01-07,330020.0,"Quinta Normal, Santiago",-33.445,-70.68278,23.56
2002-01-07,330021.0,Pudahuel Santiago ,-33.37833,-70.78778,20.0
2002-01-07,330030.0,"Santo Domingo, Ad.",-33.65611,-71.61333,18.15
2002-01-07,330031.0,"Juan Fernández, Estación Meteorológica.",-33.63583,-78.83305,20.68
2002-01-07,340031.0,"General Freire, Curicó Ad.",-34.96944,-71.21694,24.278571428571432
2002-01-07,360011.0,"General Bernardo O'Higgins, Chillán Ad.",-36.58583,-72.03667,22.976923076923075
2002-01-07,360019.0,"Carriel Sur, Concepción Ap.",-36.78055,-73.06639,15.11923076923077
2002-01-07,370033.0,"María Dolores, Los Angeles Ad.",-37.39694,-72.42389,22.846153846153847
2002-01-07,380013.0,"Maquehue, Temuco Ad.",-38.76778,-72.63194,17.191666666666666
2002-01-07,390006.0,"Pichoy, Valdivia Ad.",-39.65667,-73.08722,16.533333333333335
2002-01-07,400009.0,"Cañal Bajo,  Osorno Ad.",-40.61444,-73.0575,17.036363636363635
2002-01-07,410005.0,El Tepual  Puerto Montt Ap.,-41.4475,-73.09583,15.084615384615384
2002-01-07,430001.0,Quellón Ad.,-43.13361,-73.63278,14.2
2002-01-07,430002.0,Futaleufú Ad.,-43.18889,-71.85222,15.233333333333333
2002-01-07,450004.0,"Teniente Vidal, Coyhaique Ad.",-45.59083,-72.10222,10.507692307692308
2002-01-07,450005.0,Balmaceda Ad.,-45.91833,-71.67778,8.936363636363636
2002-01-07,520006.0,"Carlos Ibañez, Punta Arenas Ap.",-53.00167,-70.83861,9.170833333333333
2002-01-07,530005.0,"Fuentes Martínez, Porvenir Ad.",-53.25361,-70.32611,11.200000000000001
2002-01-07,550001.0,"Guardiamarina Zañartu, Pto Williams Ad.",-54.93167,-67.61556,7.466666666666667
2002-01-07,950001.0,"C.M.A. Eduardo Frei Montalva, Antártica ",-62.19194,-58.97972,1.5333333333333334
2002-01-08,180005.0,"Chacalluta, Arica Ap.",-18.35555,-70.34028,21.52916666666667
2002-01-08,200006.0,Diego Aracena Iquique Ap.,-20.54917,-70.18111,21.46666666666667
2002-01-08,220002.0,"El Loa, Calama Ad.",-22.49806,-68.8925,18.1375
2002-01-08,270001.0,Mataveri  Isla de Pascua Ap.,-27.15889,-109.4325,24.555555555555557
2002-01-08,290004.0,"La Florida, La Serena Ad.",-29.91444,-71.20667,17.816666666666666
2002-01-08,330007.0,"Rodelillo, Ad.",-33.06528,-71.55639,22.015384615384615
2002-01-08,330019.0,"Eulogio Sánchez, Tobalaba Ad.",-33.45528,-70.54861,24.815384615384616
2002-01-08,330020.0,"Quinta Normal, Santiago",-33.445,-70.68278,23.759999999999998
2002-01-08,330021.0,Pudahuel Santiago ,-33.37833,-70.78778,19.355999999999998
2002-01-08,330030.0,"Santo Domingo, Ad.",-33.65611,-71.61333,19.942857142857143
2002-01-08,330031.0,"Juan Fernández, Estación Meteorológica.",-33.63583,-78.83305,20.119999999999997
2002-01-08,340031.0,"General Freire, Curicó Ad.",-34.96944,-71.21694,24.728571428571428
2002-01-08,360011.0,"General Bernardo O'Higgins, Chillán Ad.",-36.58583,-72.03667,23.384615384615383
2002-01-08,360019.0,"Carriel Sur, Concepción Ap.",-36.78055,-73.06639,16.353846153846153
2002-01-08,370033.0,"María Dolores, Los Angeles Ad.",-37.39694,-72.42389,19.307692307692307
2002-01-08,380013.0,"Maquehue, Temuco Ad.",-38.76778,-72.63194,16.445833333333333
2002-01-08,390006.0,"Pichoy, Valdivia Ad.",-39.65667,-73.08722,17.107692307692307
2002-01-08,410005.0,El Tepual  Puerto Montt Ap.,-41.4475,-73.09583,12.916666666666666
2002-01-08,430001.0,Quellón Ad.,-43.13361,-73.63278,15.16
2002-01-08,430002.0,Futaleufú Ad.,-43.18889,-71.85222,12.544444444444444
2002-01-08,450004.0,"Teniente Vidal, Coyhaique Ad.",-45.59083,-72.10222,10.723076923076924
2002-01-08,450005.0,Balmaceda Ad.,-45.91833,-71.67778,9.1
2002-01-08,520006.0,"Carlos Ibañez, Punta Arenas Ap.",-53.00167,-70.83861,7.741666666666667
2002-01-08,530005.0,"Fuentes Martínez, Porvenir Ad.",-53.25361,-70.32611,9.891666666666666
2002-01-08,550001.0,"Guardiamarina Zañartu, Pto Williams Ad.",-54.93167,-67.61556,8.959999999999999
2002-01-08,950001.0,"C.M.A. Eduardo Frei Montalva, Antártica ",-62.19194,-58.97972,0.525
2002-01-09,180005.0,"Chacalluta, Arica Ap.",-18.35555,-70.34028,21.179166666666667
2002-01-09,200006.0,Diego Aracena Iquique Ap.,-20.54917,-70.18111,20.870833333333334
2002-01-09,220002.0,"El Loa, Calama Ad.",-22.49806,-68.8925,18.53125
2002-01-09,270001.0,Mataveri  Isla de Pascua Ap.,-27.15889,-109.4325,23.46666666666667
2002-01-09,290004.0,"La Florida, La Serena Ad.",-29.91444,-71.20667,18.416666666666668
2002-01-09,330007.0,"Rodelillo, Ad.",-33.06528,-71.55639,22.592307692307692
2002-01-09,330019.0,"Eulogio Sánchez, Tobalaba Ad.",-33.45528,-70.54861,27.176923076923078
2002-01-09,330020.0,"Quinta Normal, Santiago",-33.445,-70.68278,26.24
2002-01-09,330021.0,Pudahuel Santiago ,-33.37833,-70.78778,22.34166666666667
2002-01-09,330030.0,"Santo Domingo, Ad.",-33.65611,-71.61333,19.228571428571428
2002-01-09,330031.0,"Juan Fernández, Estación Meteorológica.",-33.63583,-78.83305,21.18
2002-01-09,340031.0,"General Freire, Curicó Ad.",-34.96944,-71.21694,26.3
2002-01-09,360011.0,"General Bernardo O'Higgins, Chillán Ad.",-36.58583,-72.03667,25.815384615384616
2002-01-09,360019.0,"Carriel Sur, Concepción Ap.",-36.78055,-73.06639,18.088
2002-01-09,370033.0,"María Dolores, Los Angeles Ad.",-37.39694,-72.42389,25.123076923076926
2002-01-09,380013.0,"Maquehue, Temuco Ad.",-38.76778,-72.63194,15.762500000000001
2002-01-09,390006.0,"Pichoy, Valdivia Ad.",-39.65667,-73.08722,20.0
2002-01-09,410005.0,El Tepual  Puerto Montt Ap.,-41.4475,-73.09583,15.495833333333332
2002-01-09,430001.0,Quellón Ad.,-43.13361,-73.63278,17.02
2002-01-09,430002.0,Futaleufú Ad.,-43.18889,-71.85222,16.766666666666666
2002-01-09,450004.0,"Teniente Vidal, Coyhaique Ad.",-45.59083,-72.10222,14.069230769230769
2002-01-09,450005.0,Balmaceda Ad.,-45.91833,-71.67778,12.572727272727274
2002-01-09,520006.0,"Carlos Ibañez, Punta Arenas Ap.",-53.00167,-70.83861,11.329166666666666
2002-01-09,530005.0,"Fuentes Martínez, Porvenir Ad.",-53.25361,-70.32611,12.508333333333333
2002-01-09,550001.0,"Guardiamarina Zañartu, Pto Williams Ad.",-54.93167,-67.61556,12.977777777777778
2002-01-09,950001.0,"C.M.A. Eduardo Frei Montalva, Antártica ",-62.19194,-58.97972,1.44375
2002-01-10,180005.0,"Chacalluta, Arica Ap.",-18.35555,-70.34028,21.691666666666666
2002-01-10,200006.0,Diego Aracena Iquique Ap.,-20.54917,-70.18111,21.054166666666667
2002-01-10,220002.0,"El Loa, Calama Ad.",-22.49806,-68.8925,18.04375
2002-01-10,270001.0,Mataveri  Isla de Pascua Ap.,-27.15889,-109.4325,24.375
2002-01-10,290004.0,"La Florida, La Serena Ad.",-29.91444,-71.20667,18.744444444444444
2002-01-10,330007.0,"Rodelillo, Ad.",-33.06528,-71.55639,20.715384615384615
2002-01-10,330019.0,"Eulogio Sánchez, Tobalaba Ad.",-33.45528,-70.54861,27.46153846153846
2002-01-10,330020.0,"Quinta Normal, Santiago",-33.445,-70.68278,26.160000000000004
2002-01-10,330021.0,Pudahuel Santiago ,-33.37833,-70.78778,23.138461538461538
2002-01-10,330030.0,"Santo Domingo, Ad.",-33.65611,-71.61333,20.021428571428572
2002-01-10,330031.0,"Juan Fernández, Estación Meteorológica.",-33.63583,-78.83305,22.2
2002-01-10,340031.0,"General Freire, Curicó Ad.",-34.96944,-71.21694,26.62142857142857
2002-01-10,360011.0,"General Bernardo O'Higgins, Chillán Ad.",-36.58583,-72.03667,27.03846153846154
2002-01-10,360019.0,"Carriel Sur, Concepción Ap.",-36.78055,-73.06639,17.95
2002-01-10,370033.0,"María Dolores, Los Angeles Ad.",-37.39694,-72.42389,26.676923076923078
2002-01-10,380013.0,"Maquehue, Temuco Ad.",-38.76778,-72.63194,17.5
2002-01-10,390006.0,"Pichoy, Valdivia Ad.",-39.65667,-73.08722,22.566666666666666
2002-01-10,400009.0,"Cañal Bajo,  Osorno Ad.",-40.61444,-73.0575,20.28
2002-01-10,410005.0,El Tepual  Puerto Montt Ap.,-41.4475,-73.09583,16.5
2002-01-10,430001.0,Quellón Ad.,-43.13361,-73.63278,19.69
2002-01-10,430002.0,Futaleufú Ad.,-43.18889,-71.85222,19.4
2002-01-10,450004.0,"Teniente Vidal, Coyhaique Ad.",-45.59083,-72.10222,16.46153846153846
2002-01-10,450005.0,Balmaceda Ad.,-45.91833,-71.67778,14.381818181818181
2002-01-10,520006.0,"Carlos Ibañez, Punta Arenas Ap.",-53.00167,-70.83861,12.170833333333334
2002-01-10,530005.0,"Fuentes Martínez, Porvenir Ad.",-53.25361,-70.32611,12.516666666666666
2002-01-10,550001.0,"Guardiamarina Zañartu, Pto Williams Ad.",-54.93167,-67.61556,13.666666666666666
2002-01-10,950001.0,"C.M.A. Eduardo Frei Montalva, Antártica ",-62.19194,-58.97972,1.8785714285714286
2002-01-11,180005.0,"Chacalluta, Arica Ap.",-18.35555,-70.34028,20.870833333333334
2002-01-11,200006.0,Diego Aracena Iquique Ap.,-20.54917,-70.18111,21.166666666666668
2002-01-11,220002.0,"El Loa, Calama Ad.",-22.49806,-68.8925,18.09375
2002-01-11,270001.0,Mataveri  Isla de Pascua Ap.,-27.15889,-109.4325,24.00769230769231
2002-01-11,290004.0,"La Florida, La Serena Ad.",-29.91444,-71.20667,18.950000000000003
2002-01-11,330007.0,"Rodelillo, Ad.",-33.06528,-71.55639,21.86923076923077
2002-01-11,330019.0,"Eulogio Sánchez, Tobalaba Ad.",-33.45528,-70.54861,27.853846153846156
2002-01-11,330020.0,"Quinta Normal, Santiago",-33.445,-70.68278,27.3
2002-01-11,330021.0,Pudahuel Santiago ,-33.37833,-70.78778,23.441666666666666
2002-01-11,330030.0,"Santo Domingo, Ad.",-33.65611,-71.61333,19.678571428571427
2002-01-11,330031.0,"Juan Fernández, Estación Meteorológica.",-33.63583,-78.83305,22.78
2002-01-11,340031.0,"General Freire, Curicó Ad.",-34.96944,-71.21694,26.3
2002-01-11,360011.0,"General Bernardo O'Higgins, Chillán Ad.",-36.58583,-72.03667,27.700000000000003
2002-01-11,360019.0,"Carriel Sur, Concepción Ap.",-36.78055,-73.06639,18.758333333333333
2002-01-11,370033.0,"María Dolores, Los Angeles Ad.",-37.39694,-72.42389,27.50769230769231
2002-01-11,380013.0,"Maquehue, Temuco Ad.",-38.76778,-72.63194,18.203999999999997
2002-01-11,390006.0,"Pichoy, Valdivia Ad.",-39.65667,-73.08722,21.676923076923078
2002-01-11,400009.0,"Cañal Bajo,  Osorno Ad.",-40.61444,-73.0575,20.6
2002-01-11,410005.0,El Tepual  Puerto Montt Ap.,-41.4475,-73.09583,17.787499999999998
2002-01-11,430001.0,Quellón Ad.,-43.13361,-73.63278,19.7
2002-01-11,430002.0,Futaleufú Ad.,-43.18889,-71.85222,20.58888888888889
2002-01-11,450004.0,"Teniente Vidal, Coyhaique Ad.",-45.59083,-72.10222,18.023076923076925
2002-01-11,450005.0,Balmaceda Ad.,-45.91833,-71.67778,16.69090909090909
2002-01-11,520006.0,"Carlos Ibañez, Punta Arenas Ap.",-53.00167,-70.83861,10.987499999999999
2002-01-11,530005.0,"Fuentes Martínez, Porvenir Ad.",-53.25361,-70.32611,12.308333333333332
2002-01-11,550001.0,"Guardiamarina Zañartu, Pto Williams Ad.",-54.93167,-67.61556,12.2625
2002-01-11,950001.0,"C.M.A. Eduardo Frei Montalva, Antártica ",-62.19194,-58.97972,2.5214285714285714
2002-01-12,180005.0,"Chacalluta, Arica Ap.",-18.35555,-70.34028,20.929166666666667
2002-01-12,200006.0,Diego Aracena Iquique Ap.,-20.54917,-70.18111,21.079166666666666
2002-01-12,220002.0,"El Loa, Calama Ad.",-22.49806,-68.8925,17.946666666666665
2002-01-12,270001.0,Mataveri  Isla de Pascua Ap.,-27.15889,-109.4325,24.04
2002-01-12,290004.0,"La Florida, La Serena Ad.",-29.91444,-71.20667,19.327777777777776
2002-01-12,330007.0,"Rodelillo, Ad.",-33.06528,-71.55639,19.964285714285715
2002-01-12,330019.0,"Eulogio Sánchez, Tobalaba Ad.",-33.45528,-70.54861,27.053846153846152
2002-01-12,330020.0,"Quinta Normal, Santiago",-33.445,-70.68278,27.48
2002-01-12,330021.0,Pudahuel Santiago ,-33.37833,-70.78778,22.925
2002-01-12,330030.0,"Santo Domingo, Ad.",-33.65611,-71.61333,18.985714285714288
2002-01-12,330031.0,"Juan Fernández, Estación Meteorológica.",-33.63583,-78.83305,21.7
2002-01-12,340031.0,"General Freire, Curicó Ad.",-34.96944,-71.21694,26.457142857142856
2002-01-12,360011.0,"General Bernardo O'Higgins, Chillán Ad.",-36.58583,-72.03667,25.661538461538463
2002-01-12,360019.0,"Carriel Sur, Concepción Ap.",-36.78055,-73.06639,17.8625
2002-01-12,370033.0,"María Dolores, Los Angeles Ad.",-37.39694,-72.42389,25.13076923076923
2002-01-12,380013.0,"Maquehue, Temuco Ad.",-38.76778,-72.63194,17.0
2002-01-12,390006.0,"Pichoy, Valdivia Ad.",-39.65667,-73.08722,18.349999999999998
2002-01-12,400009.0,"Cañal Bajo,  Osorno Ad.",-40.61444,-73.0575,16.599999999999998
2002-01-12,410005.0,El Tepual  Puerto Montt Ap.,-41.4475,-73.09583,14.804166666666667
2002-01-12,450004.0,"Teniente Vidal, Coyhaique Ad.",-45.59083,-72.10222,13.484615384615385
2002-01-12,450005.0,Balmaceda Ad.,-45.91833,-71.67778,12.945454545454545
2002-01-12,520006.0,"Carlos Ibañez, Punta Arenas Ap.",-53.00167,-70.83861,11.416666666666666
2002-01-12,530005.0,"Fuentes Martínez, Porvenir Ad.",-53.25361,-70.32611,13.299999999999999
2002-01-12,950001.0,"C.M.A. Eduardo Frei Montalva, Antártica ",-62.19194,-58.97972,2.4733333333333336
2002-01-13,180005.0,"Chacalluta, Arica Ap.",-18.35555,-70.34028,21.620833333333334
2002-01-13,200006.0,Diego Aracena Iquique Ap.,-20.54917,-70.18111,21.9375
2002-01-13,220002.0,"El Loa, Calama Ad.",-22.49806,-68.8925,20.541666666666668
2002-01-13,270001.0,Mataveri  Isla de Pascua Ap.,-27.15889,-109.4325,25.744444444444444
2002-01-13,290004.0,"La Florida, La Serena Ad.",-29.91444,-71.20667,19.155555555555555
2002-01-13,330007.0,"Rodelillo, Ad.",-33.06528,-71.55639,22.00769230769231
2002-01-13,330019.0,"Eulogio Sánchez, Tobalaba Ad.",-33.45528,-70.54861,25.03076923076923
2002-01-13,330020.0,"Quinta Normal, Santiago",-33.445,-70.68278,24.72
2002-01-13,330021.0,Pudahuel Santiago ,-33.37833,-70.78778,21.233333333333334
2002-01-13,330030.0,"Santo Domingo, Ad.",-33.65611,-71.61333,19.314285714285713
2002-01-13,330031.0,"Juan Fernández, Estación Meteorológica.",-33.63583,-78.83305,18.9
2002-01-13,340031.0,"General Freire, Curicó Ad.",-34.96944,-71.21694,21.24285714285714
2002-01-13,360011.0,"General Bernardo O'Higgins, Chillán Ad.",-36.58583,-72.03667,20.49230769230769
2002-01-13,360019.0,"Carriel Sur, Concepción Ap.",-36.78055,-73.06639,15.7875
2002-01-13,370033.0,"María Dolores, Los Angeles Ad.",-37.39694,-72.42389,19.818181818181817
2002-01-13,380013.0,"Maquehue, Temuco Ad.",-38.76778,-72.63194,12.625
2002-01-13,390006.0,"Pichoy, Valdivia Ad.",-39.65667,-73.08722,16.5
2002-01-13,400009.0,"Cañal Bajo,  Osorno Ad.",-40.61444,-73.0575,14.6
2002-01-13,410005.0,El Tepual  Puerto Montt Ap.,-41.4475,-73.09583,10.9625
2002-01-13,450004.0,"Teniente Vidal, Coyhaique Ad.",-45.59083,-72.10222,12.215384615384616
2002-01-13,450005.0,Balmaceda Ad.,-45.91833,-71.67778,11.481818181818182
2002-01-13,520006.0,"Carlos Ibañez, Punta Arenas Ap.",-53.00167,-70.83861,8.195833333333333
2002-01-13,950001.0,"C.M.A. Eduardo Frei Montalva, Antártica ",-62.19194,-58.97972,1.9666666666666666
2002-01-14,180005.0,"Chacalluta, Arica Ap.",-18.35555,-70.34028,22.1125
2002-01-14,200006.0,Diego Aracena Iquique Ap.,-20.54917,-70.18111,22.679166666666664
2002-01-14,220002.0,"El Loa, Calama Ad.",-22.49806,-68.8925,18.7875
2002-01-14,270001.0,Mataveri  Isla de Pascua Ap.,-27.15889,-109.4325,24.474999999999998
2002-01-14,290004.0,"La Florida, La Serena Ad.",-29.91444,-71.20667,17.416666666666668
2002-01-14,330007.0,"Rodelillo, Ad.",-33.06528,-71.55639,20.315384615384616
2002-01-14,330019.0,"Eulogio Sánchez, Tobalaba Ad.",-33.45528,-70.54861,27.684615384615384
2002-01-14,330020.0,"Quinta Normal, Santiago",-33.445,-70.68278,27.080000000000002
2002-01-14,330021.0,Pudahuel Santiago ,-33.37833,-70.78778,22.8625
2002-01-14,330030.0,"Santo Domingo, Ad.",-33.65611,-71.61333,17.658333333333335
2002-01-14,330031.0,"Juan Fernández, Estación Meteorológica.",-33.63583,-78.83305,18.0
2002-01-14,340031.0,"General Freire, Curicó Ad.",-34.96944,-71.21694,22.271428571428572
2002-01-14,360011.0,"General Bernardo O'Higgins, Chillán Ad.",-36.58583,-72.03667,24.892307692307693
2002-01-14,360019.0,"Carriel Sur, Concepción Ap.",-36.78055,-73.06639,16.183333333333334
2002-01-14,370033.0,"María Dolores, Los Angeles Ad.",-37.39694,-72.42389,23.6
2002-01-14,380013.0,"Maquehue, Temuco Ad.",-38.76778,-72.63194,15.983333333333334
2002-01-14,390006.0,"Pichoy, Valdivia Ad.",-39.65667,-73.08722,21.150000000000002
2002-01-14,400009.0,"Cañal Bajo,  Osorno Ad.",-40.61444,-73.0575,16.880000000000003
2002-01-14,410005.0,El Tepual  Puerto Montt Ap.,-41.4475,-73.09583,12.354166666666666
2002-01-14,430001.0,Quellón Ad.,-43.13361,-73.63278,15.459999999999999
2002-01-14,430002.0,Futaleufú Ad.,-43.18889,-71.85222,17.344444444444445
2002-01-14,450004.0,"Teniente Vidal, Coyhaique Ad.",-45.59083,-72.10222,16.876923076923077
2002-01-14,450005.0,Balmaceda Ad.,-45.91833,-71.67778,15.336363636363636
2002-01-14,520006.0,"Carlos Ibañez, Punta Arenas Ap.",-53.00167,-70.83861,12.366666666666667
2002-01-14,530005.0,"Fuentes Martínez, Porvenir Ad.",-53.25361,-70.32611,13.700000000000001
2002-01-14,550001.0,"Guardiamarina Zañartu, Pto Williams Ad.",-54.93167,-67.61556,12.511111111111111
2002-01-14,950001.0,"C.M.A. Eduardo Frei Montalva, Antártica ",-62.19194,-58.97972,1.6
2002-01-15,180005.0,"Chacalluta, Arica Ap.",-18.35555,-70.34028,22.441666666666666
2002-01-15,200006.0,Diego Aracena Iquique Ap.,-20.54917,-70.18111,22.695833333333336
2002-01-15,220002.0,"El Loa, Calama Ad.",-22.49806,-68.8925,19.00625
2002-01-15,270001.0,Mataveri  Isla de Pascua Ap.,-27.15889,-109.4325,24.807692307692307
2002-01-15,290004.0,"La Florida, La Serena Ad.",-29.91444,-71.20667,17.266666666666666
2002-01-15,330007.0,"Rodelillo, Ad.",-33.06528,-71.55639,16.007692307692306
2002-01-15,330019.0,"Eulogio Sánchez, Tobalaba Ad.",-33.45528,-70.54861,25.692307692307693
2002-01-15,330020.0,"Quinta Normal, Santiago",-33.445,-70.68278,25.479999999999997
2002-01-15,330021.0,Pudahuel Santiago ,-33.37833,-70.78778,20.936
2002-01-15,330030.0,"Santo Domingo, Ad.",-33.65611,-71.61333,16.814285714285713
2002-01-15,330031.0,"Juan Fernández, Estación Meteorológica.",-33.63583,-78.83305,18.94
2002-01-15,340031.0,"General Freire, Curicó Ad.",-34.96944,-71.21694,26.05
2002-01-15,360011.0,"General Bernardo O'Higgins, Chillán Ad.",-36.58583,-72.03667,28.276923076923076
2002-01-15,360019.0,"Carriel Sur, Concepción Ap.",-36.78055,-73.06639,14.15
2002-01-15,370033.0,"María Dolores, Los Angeles Ad.",-37.39694,-72.42389,29.04615384615385
2002-01-15,380013.0,"Maquehue, Temuco Ad.",-38.76778,-72.63194,20.912499999999998
2002-01-15,390006.0,"Pichoy, Valdivia Ad.",-39.65667,-73.08722,23.066666666666666
2002-01-15,410005.0,El Tepual  Puerto Montt Ap.,-41.4475,-73.09583,14.26
2002-01-15,430001.0,Quellón Ad.,-43.13361,-73.63278,18.1
2002-01-15,430002.0,Futaleufú Ad.,-43.18889,-71.85222,22.166666666666668
2002-01-15,450004.0,"Teniente Vidal, Coyhaique Ad.",-45.59083,-72.10222,20.876923076923074
2002-01-15,450005.0,Balmaceda Ad.,-45.91833,-71.67778,19.363636363636363
2002-01-15,520006.0,"Carlos Ibañez, Punta Arenas Ap.",-53.00167,-70.83861,13.2125
2002-01-15,530005.0,"Fuentes Martínez, Porvenir Ad.",-53.25361,-70.32611,15.424999999999999
2002-01-15,550001.0,"Guardiamarina Zañartu, Pto Williams Ad.",-54.93167,-67.61556,13.154545454545454
2002-01-15,950001.0,"C.M.A. Eduardo Frei Montalva, Antártica ",-62.19194,-58.97972,1.8666666666666667
2002-01-16,180005.0,"Chacalluta, Arica Ap.",-18.35555,-70.34028,22.8
2002-01-16,200006.0,Diego Aracena Iquique Ap.,-20.54917,-70.18111,22.329166666666666
2002-01-16,220002.0,"El Loa, Calama Ad.",-22.49806,-68.8925,18.6375
2002-01-16,270001.0,Mataveri  Isla de Pascua Ap.,-27.15889,-109.4325,23.816666666666666
2002-01-16,290004.0,"La Florida, La Serena Ad.",-29.91444,-71.20667,17.583333333333332
2002-01-16,330007.0,"Rodelillo, Ad.",-33.06528,-71.55639,15.253333333333334
2002-01-16,330019.0,"Eulogio Sánchez, Tobalaba Ad.",-33.45528,-70.54861,24.715384615384615
2002-01-16,330020.0,"Quinta Normal, Santiago",-33.445,-70.68278,23.64
2002-01-16,330021.0,Pudahuel Santiago ,-33.37833,-70.78778,20.058333333333334
2002-01-16,330030.0,"Santo Domingo, Ad.",-33.65611,-71.61333,17.535714285714285
2002-01-16,330031.0,"Juan Fernández, Estación Meteorológica.",-33.63583,-78.83305,18.84
2002-01-16,340031.0,"General Freire, Curicó Ad.",-34.96944,-71.21694,24.228571428571428
2002-01-16,360011.0,"General Bernardo O'Higgins, Chillán Ad.",-36.58583,-72.03667,24.73846153846154
2002-01-16,360019.0,"Carriel Sur, Concepción Ap.",-36.78055,-73.06639,14.65
2002-01-16,370033.0,"María Dolores, Los Angeles Ad.",-37.39694,-72.42389,27.0
2002-01-16,380013.0,"Maquehue, Temuco Ad.",-38.76778,-72.63194,17.7375
2002-01-16,390006.0,"Pichoy, Valdivia Ad.",-39.65667,-73.08722,23.95
2002-01-16,410005.0,El Tepual  Puerto Montt Ap.,-41.4475,-73.09583,15.220833333333333
2002-01-16,430001.0,Quellón Ad.,-43.13361,-73.63278,19.25
2002-01-16,430002.0,Futaleufú Ad.,-43.18889,-71.85222,25.544444444444444
2002-01-16,450004.0,"Teniente Vidal, Coyhaique Ad.",-45.59083,-72.10222,23.823076923076922
2002-01-16,450005.0,Balmaceda Ad.,-45.91833,-71.67778,21.863636363636363
2002-01-16,520006.0,"Carlos Ibañez, Punta Arenas Ap.",-53.00167,-70.83861,15.895833333333334
2002-01-16,530005.0,"Fuentes Martínez, Porvenir Ad.",-53.25361,-70.32611,17.766666666666666
2002-01-16,550001.0,"Guardiamarina Zañartu, Pto Williams Ad.",-54.93167,-67.61556,15.175
2002-01-16,950001.0,"C.M.A. Eduardo Frei Montalva, Antártica ",-62.19194,-58.97972,1.0769230769230769
2002-01-17,180005.0,"Chacalluta, Arica Ap.",-18.35555,-70.34028,22.59166666666667
2002-01-17,200006.0,Diego Aracena Iquique Ap.,-20.54917,-70.18111,22.379166666666666
2002-01-17,220002.0,"El Loa, Calama Ad.",-22.49806,-68.8925,18.5625
2002-01-17,270001.0,Mataveri  Isla de Pascua Ap.,-27.15889,-109.4325,25.1125
2002-01-17,290004.0,"La Florida, La Serena Ad.",-29.91444,-71.20667,18.11111111111111
2002-01-17,330007.0,"Rodelillo, Ad.",-33.06528,-71.55639,16.207692307692305
2002-01-17,330019.0,"Eulogio Sánchez, Tobalaba Ad.",-33.45528,-70.54861,24.707692307692305
2002-01-17,330020.0,"Quinta Normal, Santiago",-33.445,-70.68278,23.18
2002-01-17,330021.0,Pudahuel Santiago ,-33.37833,-70.78778,19.858333333333334
2002-01-17,330030.0,"Santo Domingo, Ad.",-33.65611,-71.61333,17.076923076923077
2002-01-17,330031.0,"Juan Fernández, Estación Meteorológica.",-33.63583,-78.83305,19.0
2002-01-17,340031.0,"General Freire, Curicó Ad.",-34.96944,-71.21694,24.542857142857144
2002-01-17,360011.0,"General Bernardo O'Higgins, Chillán Ad.",-36.58583,-72.03667,25.04615384615385
2002-01-17,360019.0,"Carriel Sur, Concepción Ap.",-36.78055,-73.06639,13.548
2002-01-17,370033.0,"María Dolores, Los Angeles Ad.",-37.39694,-72.42389,28.616666666666664
2002-01-17,380013.0,"Maquehue, Temuco Ad.",-38.76778,-72.63194,18.2375
2002-01-17,390006.0,"Pichoy, Valdivia Ad.",-39.65667,-73.08722,25.566666666666666
2002-01-17,400009.0,"Cañal Bajo,  Osorno Ad.",-40.61444,-73.0575,21.04
2002-01-17,410005.0,El Tepual  Puerto Montt Ap.,-41.4475,-73.09583,15.903846153846153
2002-01-17,430001.0,Quellón Ad.,-43.13361,-73.63278,19.06
2002-01-17,430002.0,Futaleufú Ad.,-43.18889,-71.85222,26.011111111111113
2002-01-17,450004.0,"Teniente Vidal, Coyhaique Ad.",-45.59083,-72.10222,25.015384615384615
2002-01-17,450005.0,Balmaceda Ad.,-45.91833,-71.67778,22.827272727272728
2002-01-17,520006.0,"Carlos Ibañez, Punta Arenas Ap.",-53.00167,-70.83861,14.4375
2002-01-17,530005.0,"Fuentes Martínez, Porvenir Ad.",-53.25361,-70.32611,16.566666666666666
2002-01-17,950001.0,"C.M.A. Eduardo Frei Montalva, Antártica ",-62.19194,-58.97972,2.2
2002-01-18,180005.0,"Chacalluta, Arica Ap.",-18.35555,-70.34028,22.383333333333336
2002-01-18,200006.0,Diego Aracena Iquique Ap.,-20.54917,-70.18111,21.804166666666664
2002-01-18,220002.0,"El Loa, Calama Ad.",-22.49806,-68.8925,19.4
2002-01-18,270001.0,Mataveri  Isla de Pascua Ap.,-27.15889,-109.4325,24.607692307692307
2002-01-18,290004.0,"La Florida, La Serena Ad.",-29.91444,-71.20667,18.35
2002-01-18,330007.0,"Rodelillo, Ad.",-33.06528,-71.55639,16.978571428571428
2002-01-18,330019.0,"Eulogio Sánchez, Tobalaba Ad.",-33.45528,-70.54861,22.857142857142858
2002-01-18,330020.0,"Quinta Normal, Santiago",-33.445,-70.68278,21.580000000000002
2002-01-18,330021.0,Pudahuel Santiago ,-33.37833,-70.78778,18.516666666666666
2002-01-18,330030.0,"Santo Domingo, Ad.",-33.65611,-71.61333,17.757142857142856
2002-01-18,330031.0,"Juan Fernández, Estación Meteorológica.",-33.63583,-78.83305,18.919999999999998
2002-01-18,340031.0,"General Freire, Curicó Ad.",-34.96944,-71.21694,23.021428571428572
2002-01-18,360011.0,"General Bernardo O'Higgins, Chillán Ad.",-36.58583,-72.03667,25.06153846153846
2002-01-18,360019.0,"Carriel Sur, Concepción Ap.",-36.78055,-73.06639,13.687999999999999
2002-01-18,370033.0,"María Dolores, Los Angeles Ad.",-37.39694,-72.42389,26.433333333333334
2002-01-18,380013.0,"Maquehue, Temuco Ad.",-38.76778,-72.63194,16.696153846153848
2002-01-18,390006.0,"Pichoy, Valdivia Ad.",-39.65667,-73.08722,25.316666666666666
2002-01-18,400009.0,"Cañal Bajo,  Osorno Ad.",-40.61444,-73.0575,18.85
2002-01-18,410005.0,El Tepual  Puerto Montt Ap.,-41.4475,-73.09583,15.184000000000001
2002-01-18,430001.0,Quellón Ad.,-43.13361,-73.63278,16.4
2002-01-18,430002.0,Futaleufú Ad.,-43.18889,-71.85222,26.266666666666666
2002-01-18,450004.0,"Teniente Vidal, Coyhaique Ad.",-45.59083,-72.10222,23.73846153846154
2002-01-18,450005.0,Balmaceda Ad.,-45.91833,-71.67778,22.490909090909092
2002-01-18,520006.0,"Carlos Ibañez, Punta Arenas Ap.",-53.00167,-70.83861,14.058333333333332
2002-01-18,530005.0,"Fuentes Martínez, Porvenir Ad.",-53.25361,-70.32611,15.433333333333332
2002-01-18,950001.0,"C.M.A. Eduardo Frei Montalva, Antártica ",-62.19194,-58.97972,2.0785714285714287
2002-01-19,180005.0,"Chacalluta, Arica Ap.",-18.35555,-70.34028,22.066666666666666
2002-01-19,200006.0,Diego Aracena Iquique Ap.,-20.54917,-70.18111,21.96666666666667
2002-01-19,220002.0,"El Loa, Calama Ad.",-22.49806,-68.8925,18.759999999999998
2002-01-19,270001.0,Mataveri  Isla de Pascua Ap.,-27.15889,-109.4325,25.22
2002-01-19,290004.0,"La Florida, La Serena Ad.",-29.91444,-71.20667,18.966666666666665
2002-01-19,330007.0,"Rodelillo, Ad.",-33.06528,-71.55639,18.276923076923076
2002-01-19,330019.0,"Eulogio Sánchez, Tobalaba Ad.",-33.45528,-70.54861,24.015384615384615
2002-01-19,330020.0,"Quinta Normal, Santiago",-33.445,-70.68278,23.02
2002-01-19,330021.0,Pudahuel Santiago ,-33.37833,-70.78778,19.954166666666666
2002-01-19,330030.0,"Santo Domingo, Ad.",-33.65611,-71.61333,18.27857142857143
2002-01-19,330031.0,"Juan Fernández, Estación Meteorológica.",-33.63583,-78.83305,17.95
2002-01-19,340031.0,"General Freire, Curicó Ad.",-34.96944,-71.21694,24.599999999999998
2002-01-19,360011.0,"General Bernardo O'Higgins, Chillán Ad.",-36.58583,-72.03667,22.053846153846152
2002-01-19,360019.0,"Carriel Sur, Concepción Ap.",-36.78055,-73.06639,16.516
2002-01-19,370033.0,"María Dolores, Los Angeles Ad.",-37.39694,-72.42389,23.05
2002-01-19,380013.0,"Maquehue, Temuco Ad.",-38.76778,-72.63194,16.8125
2002-01-19,390006.0,"Pichoy, Valdivia Ad.",-39.65667,-73.08722,20.318181818181817
2002-01-19,400009.0,"Cañal Bajo,  Osorno Ad.",-40.61444,-73.0575,16.96
2002-01-19,410005.0,El Tepual  Puerto Montt Ap.,-41.4475,-73.09583,14.370833333333332
2002-01-19,450004.0,"Teniente Vidal, Coyhaique Ad.",-45.59083,-72.10222,17.623076923076923
2002-01-19,450005.0,Balmaceda Ad.,-45.91833,-71.67778,15.981818181818182
2002-01-19,520006.0,"Carlos Ibañez, Punta Arenas Ap.",-53.00167,-70.83861,9.525
2002-01-19,530005.0,"Fuentes Martínez, Porvenir Ad.",-53.25361,-70.32611,11.633333333333333
2002-01-19,950001.0,"C.M.A. Eduardo Frei Montalva, Antártica ",-62.19194,-58.97972,1.8692307692307693
2002-01-20,180005.0,"Chacalluta, Arica Ap.",-18.35555,-70.34028,21.8625
2002-01-20,200006.0,Diego Aracena Iquique Ap.,-20.54917,-70.18111,22.02916666666667
2002-01-20,220002.0,"El Loa, Calama Ad.",-22.49806,-68.8925,21.82
2002-01-20,270001.0,Mataveri  Isla de Pascua Ap.,-27.15889,-109.4325,25.788888888888888
2002-01-20,290004.0,"La Florida, La Serena Ad.",-29.91444,-71.20667,19.072222222222223
2002-01-20,330007.0,"Rodelillo, Ad.",-33.06528,-71.55639,16.838461538461537
2002-01-20,330019.0,"Eulogio Sánchez, Tobalaba Ad.",-33.45528,-70.54861,25.423076923076923
2002-01-20,330020.0,"Quinta Normal, Santiago",-33.445,-70.68278,24.36
2002-01-20,330021.0,Pudahuel Santiago ,-33.37833,-70.78778,20.5
2002-01-20,330030.0,"Santo Domingo, Ad.",-33.65611,-71.61333,16.764285714285712
2002-01-20,330031.0,"Juan Fernández, Estación Meteorológica.",-33.63583,-78.83305,17.35
2002-01-20,340031.0,"General Freire, Curicó Ad.",-34.96944,-71.21694,25.24285714285714
2002-01-20,360011.0,"General Bernardo O'Higgins, Chillán Ad.",-36.58583,-72.03667,25.907692307692308
2002-01-20,360019.0,"Carriel Sur, Concepción Ap.",-36.78055,-73.06639,14.957692307692307
2002-01-20,370033.0,"María Dolores, Los Angeles Ad.",-37.39694,-72.42389,27.707692307692305
2002-01-20,380013.0,"Maquehue, Temuco Ad.",-38.76778,-72.63194,15.995833333333332
2002-01-20,390006.0,"Pichoy, Valdivia Ad.",-39.65667,-73.08722,21.974999999999998
2002-01-20,400009.0,"Cañal Bajo,  Osorno Ad.",-40.61444,-73.0575,17.759999999999998
2002-01-20,410005.0,El Tepual  Puerto Montt Ap.,-41.4475,-73.09583,12.716
2002-01-20,450004.0,"Teniente Vidal, Coyhaique Ad.",-45.59083,-72.10222,20.215384615384615
2002-01-20,450005.0,Balmaceda Ad.,-45.91833,-71.67778,18.227272727272727
2002-01-20,520006.0,"Carlos Ibañez, Punta Arenas Ap.",-53.00167,-70.83861,10.8125
2002-01-20,950001.0,"C.M.A. Eduardo Frei Montalva, Antártica ",-62.19194,-58.97972,2.158333333333333
2002-01-21,180005.0,"Chacalluta, Arica Ap.",-18.35555,-70.34028,21.770833333333332
2002-01-21,200006.0,Diego Aracena Iquique Ap.,-20.54917,-70.18111,21.78333333333333
2002-01-21,220002.0,"El Loa, Calama Ad.",-22.49806,-68.8925,20.03125
2002-01-21,270001.0,Mataveri  Isla de Pascua Ap.,-27.15889,-109.4325,24.383333333333336
2002-01-21,290004.0,"La Florida, La Serena Ad.",-29.91444,-71.20667,18.533333333333335
2002-01-21,330007.0,"Rodelillo, Ad.",-33.06528,-71.55639,16.653846153846153
2002-01-21,330019.0,"Eulogio Sánchez, Tobalaba Ad.",-33.45528,-70.54861,25.823076923076922
2002-01-21,330020.0,"Quinta Normal, Santiago",-33.445,-70.68278,25.380000000000003
2002-01-21,330021.0,Pudahuel Santiago ,-33.37833,-70.78778,21.1375
2002-01-21,330030.0,"Santo Domingo, Ad.",-33.65611,-71.61333,15.571428571428571
2002-01-21,330031.0,"Juan Fernández, Estación Meteorológica.",-33.63583,-78.83305,17.36
2002-01-21,340031.0,"General Freire, Curicó Ad.",-34.96944,-71.21694,26.071428571428573
2002-01-21,360011.0,"General Bernardo O'Higgins, Chillán Ad.",-36.58583,-72.03667,26.692307692307693
2002-01-21,360019.0,"Carriel Sur, Concepción Ap.",-36.78055,-73.06639,15.772
2002-01-21,370033.0,"María Dolores, Los Angeles Ad.",-37.39694,-72.42389,27.523076923076925
2002-01-21,380013.0,"Maquehue, Temuco Ad.",-38.76778,-72.63194,16.520833333333332
2002-01-21,390006.0,"Pichoy, Valdivia Ad.",-39.65667,-73.08722,22.05
2002-01-21,400009.0,"Cañal Bajo,  Osorno Ad.",-40.61444,-73.0575,17.419999999999998
2002-01-21,410005.0,El Tepual  Puerto Montt Ap.,-41.4475,-73.09583,13.604166666666666
2002-01-21,430001.0,Quellón Ad.,-43.13361,-73.63278,14.8
2002-01-21,430002.0,Futaleufú Ad.,-43.18889,-71.85222,20.833333333333332
2002-01-21,450004.0,"Teniente Vidal, Coyhaique Ad.",-45.59083,-72.10222,14.23076923076923
2002-01-21,450005.0,Balmaceda Ad.,-45.91833,-71.67778,13.218181818181819
2002-01-21,520006.0,"Carlos Ibañez, Punta Arenas Ap.",-53.00167,-70.83861,8.075000000000001
2002-01-21,530005.0,"Fuentes Martínez, Porvenir Ad.",-53.25361,-70.32611,10.875
2002-01-21,950001.0,"C.M.A. Eduardo Frei Montalva, Antártica ",-62.19194,-58.97972,2.1
2002-01-22,180005.0,"Chacalluta, Arica Ap.",-18.35555,-70.34028,21.708333333333332
2002-01-22,200006.0,Diego Aracena Iquique Ap.,-20.54917,-70.18111,22.037499999999998
2002-01-22,220002.0,"El Loa, Calama Ad.",-22.49806,-68.8925,19.8375
2002-01-22,270001.0,Mataveri  Isla de Pascua Ap.,-27.15889,-109.4325,25.47
2002-01-22,290004.0,"La Florida, La Serena Ad.",-29.91444,-71.20667,18.72222222222222
2002-01-22,330007.0,"Rodelillo, Ad.",-33.06528,-71.55639,16.13076923076923
2002-01-22,330019.0,"Eulogio Sánchez, Tobalaba Ad.",-33.45528,-70.54861,24.784615384615385
2002-01-22,330020.0,"Quinta Normal, Santiago",-33.445,-70.68278,23.240000000000002
2002-01-22,330021.0,Pudahuel Santiago ,-33.37833,-70.78778,19.254166666666666
2002-01-22,330030.0,"Santo Domingo, Ad.",-33.65611,-71.61333,15.821428571428571
2002-01-22,330031.0,"Juan Fernández, Estación Meteorológica.",-33.63583,-78.83305,18.52
2002-01-22,340031.0,"General Freire, Curicó Ad.",-34.96944,-71.21694,25.135714285714283
2002-01-22,360011.0,"General Bernardo O'Higgins, Chillán Ad.",-36.58583,-72.03667,25.025000000000002
2002-01-22,360019.0,"Carriel Sur, Concepción Ap.",-36.78055,-73.06639,13.642307692307693
2002-01-22,370033.0,"María Dolores, Los Angeles Ad.",-37.39694,-72.42389,26.584615384615386
2002-01-22,380013.0,"Maquehue, Temuco Ad.",-38.76778,-72.63194,15.808333333333332
2002-01-22,390006.0,"Pichoy, Valdivia Ad.",-39.65667,-73.08722,20.166666666666668
2002-01-22,410005.0,El Tepual  Puerto Montt Ap.,-41.4475,-73.09583,14.683333333333332
2002-01-22,430001.0,Quellón Ad.,-43.13361,-73.63278,16.06
2002-01-22,430002.0,Futaleufú Ad.,-43.18889,-71.85222,15.415384615384616
2002-01-22,450004.0,"Teniente Vidal, Coyhaique Ad.",-45.59083,-72.10222,15.738461538461538
2002-01-22,450005.0,Balmaceda Ad.,-45.91833,-71.67778,14.536363636363637
2002-01-22,520006.0,"Carlos Ibañez, Punta Arenas Ap.",-53.00167,-70.83861,8.375
2002-01-22,530005.0,"Fuentes Martínez, Porvenir Ad.",-53.25361,-70.32611,11.0
2002-01-22,950001.0,"C.M.A. Eduardo Frei Montalva, Antártica ",-62.19194,-58.97972,2.35
2002-01-23,180005.0,"Chacalluta, Arica Ap.",-18.35555,-70.34028,21.712500000000002
2002-01-23,200006.0,Diego Aracena Iquique Ap.,-20.54917,-70.18111,21.2
2002-01-23,220002.0,"El Loa, Calama Ad.",-22.49806,-68.8925,21.03125
2002-01-23,270001.0,Mataveri  Isla de Pascua Ap.,-27.15889,-109.4325,25.46666666666667
2002-01-23,290004.0,"La Florida, La Serena Ad.",-29.91444,-71.20667,17.65294117647059
2002-01-23,330007.0,"Rodelillo, Ad.",-33.06528,-71.55639,17.46923076923077
2002-01-23,330019.0,"Eulogio Sánchez, Tobalaba Ad.",-33.45528,-70.54861,25.176923076923078
2002-01-23,330020.0,"Quinta Normal, Santiago",-33.445,-70.68278,23.54
2002-01-23,330021.0,Pudahuel Santiago ,-33.37833,-70.78778,19.545833333333334
2002-01-23,330030.0,"Santo Domingo, Ad.",-33.65611,-71.61333,16.428571428571427
2002-01-23,330031.0,"Juan Fernández, Estación Meteorológica.",-33.63583,-78.83305,19.28
2002-01-23,340031.0,"General Freire, Curicó Ad.",-34.96944,-71.21694,24.178571428571427
2002-01-23,360011.0,"General Bernardo O'Higgins, Chillán Ad.",-36.58583,-72.03667,25.838461538461537
2002-01-23,360019.0,"Carriel Sur, Concepción Ap.",-36.78055,-73.06639,16.06206896551724
2002-01-23,370033.0,"María Dolores, Los Angeles Ad.",-37.39694,-72.42389,27.184615384615384
2002-01-23,380013.0,"Maquehue, Temuco Ad.",-38.76778,-72.63194,19.704166666666666
2002-01-23,390006.0,"Pichoy, Valdivia Ad.",-39.65667,-73.08722,22.21666666666667
2002-01-23,410005.0,El Tepual  Puerto Montt Ap.,-41.4475,-73.09583,18.458333333333332
2002-01-23,430001.0,Quellón Ad.,-43.13361,-73.63278,16.759999999999998
2002-01-23,430002.0,Futaleufú Ad.,-43.18889,-71.85222,19.0
2002-01-23,450004.0,"Teniente Vidal, Coyhaique Ad.",-45.59083,-72.10222,16.707692307692305
2002-01-23,450005.0,Balmaceda Ad.,-45.91833,-71.67778,16.29090909090909
2002-01-23,520006.0,"Carlos Ibañez, Punta Arenas Ap.",-53.00167,-70.83861,8.799999999999999
2002-01-23,530005.0,"Fuentes Martínez, Porvenir Ad.",-53.25361,-70.32611,13.125
2002-01-23,950001.0,"C.M.A. Eduardo Frei Montalva, Antártica ",-62.19194,-58.97972,1.8050000000000002
2002-01-24,180005.0,"Chacalluta, Arica Ap.",-18.35555,-70.34028,21.55
2002-01-24,200006.0,Diego Aracena Iquique Ap.,-20.54917,-70.18111,21.220833333333335
2002-01-24,220002.0,"El Loa, Calama Ad.",-22.49806,-68.8925,20.95
2002-01-24,270001.0,Mataveri  Isla de Pascua Ap.,-27.15889,-109.4325,25.37777777777778
2002-01-24,290004.0,"La Florida, La Serena Ad.",-29.91444,-71.20667,17.36315789473684
2002-01-24,330007.0,"Rodelillo, Ad.",-33.06528,-71.55639,18.984615384615385
2002-01-24,330019.0,"Eulogio Sánchez, Tobalaba Ad.",-33.45528,-70.54861,26.49230769230769
2002-01-24,330020.0,"Quinta Normal, Santiago",-33.445,-70.68278,25.839999999999996
2002-01-24,330021.0,Pudahuel Santiago ,-33.37833,-70.78778,21.333333333333332
2002-01-24,330030.0,"Santo Domingo, Ad.",-33.65611,-71.61333,17.2
2002-01-24,330031.0,"Juan Fernández, Estación Meteorológica.",-33.63583,-78.83305,21.1
2002-01-24,340031.0,"General Freire, Curicó Ad.",-34.96944,-71.21694,26.192857142857143
2002-01-24,360011.0,"General Bernardo O'Higgins, Chillán Ad.",-36.58583,-72.03667,27.0
2002-01-24,360019.0,"Carriel Sur, Concepción Ap.",-36.78055,-73.06639,17.3
2002-01-24,370033.0,"María Dolores, Los Angeles Ad.",-37.39694,-72.42389,27.04615384615385
2002-01-24,380013.0,"Maquehue, Temuco Ad.",-38.76778,-72.63194,17.445833333333333
2002-01-24,390006.0,"Pichoy, Valdivia Ad.",-39.65667,-73.08722,19.491666666666667
2002-01-24,400009.0,"Cañal Bajo,  Osorno Ad.",-40.61444,-73.0575,20.119999999999997
2002-01-24,410005.0,El Tepual  Puerto Montt Ap.,-41.4475,-73.09583,17.465384615384615
2002-01-24,430001.0,Quellón Ad.,-43.13361,-73.63278,18.06
2002-01-24,430002.0,Futaleufú Ad.,-43.18889,-71.85222,19.284615384615385
2002-01-24,450004.0,"Teniente Vidal, Coyhaique Ad.",-45.59083,-72.10222,16.807692307692307
2002-01-24,450005.0,Balmaceda Ad.,-45.91833,-71.67778,16.481818181818184
2002-01-24,520006.0,"Carlos Ibañez, Punta Arenas Ap.",-53.00167,-70.83861,8.741666666666667
2002-01-24,530005.0,"Fuentes Martínez, Porvenir Ad.",-53.25361,-70.32611,10.707692307692307
2002-01-24,950001.0,"C.M.A. Eduardo Frei Montalva, Antártica ",-62.19194,-58.97972,1.8818181818181818
2002-01-25,180005.0,"Chacalluta, Arica Ap.",-18.35555,-70.34028,22.333333333333332
2002-01-25,200006.0,Diego Aracena Iquique Ap.,-20.54917,-70.18111,21.474999999999998
2002-01-25,220002.0,"El Loa, Calama Ad.",-22.49806,-68.8925,19.975
2002-01-25,270001.0,Mataveri  Isla de Pascua Ap.,-27.15889,-109.4325,23.708333333333332
2002-01-25,290004.0,"La Florida, La Serena Ad.",-29.91444,-71.20667,17.678947368421053
2002-01-25,330007.0,"Rodelillo, Ad.",-33.06528,-71.55639,19.753846153846155
2002-01-25,330019.0,"Eulogio Sánchez, Tobalaba Ad.",-33.45528,-70.54861,25.715384615384615
2002-01-25,330020.0,"Quinta Normal, Santiago",-33.445,-70.68278,25.619999999999997
2002-01-25,330021.0,Pudahuel Santiago ,-33.37833,-70.78778,21.958333333333332
2002-01-25,330030.0,"Santo Domingo, Ad.",-33.65611,-71.61333,17.8
2002-01-25,330031.0,"Juan Fernández, Estación Meteorológica.",-33.63583,-78.83305,20.8
2002-01-25,340031.0,"General Freire, Curicó Ad.",-34.96944,-71.21694,25.099999999999998
2002-01-25,360011.0,"General Bernardo O'Higgins, Chillán Ad.",-36.58583,-72.03667,21.353846153846156
2002-01-25,360019.0,"Carriel Sur, Concepción Ap.",-36.78055,-73.06639,17.662499999999998
2002-01-25,370033.0,"María Dolores, Los Angeles Ad.",-37.39694,-72.42389,20.153846153846153
2002-01-25,380013.0,"Maquehue, Temuco Ad.",-38.76778,-72.63194,17.462500000000002
2002-01-25,390006.0,"Pichoy, Valdivia Ad.",-39.65667,-73.08722,18.89166666666667
2002-01-25,400009.0,"Cañal Bajo,  Osorno Ad.",-40.61444,-73.0575,16.759999999999998
2002-01-25,410005.0,El Tepual  Puerto Montt Ap.,-41.4475,-73.09583,15.091666666666667
2002-01-25,430001.0,Quellón Ad.,-43.13361,-73.63278,14.419999999999998
2002-01-25,430002.0,Futaleufú Ad.,-43.18889,-71.85222,16.053846153846155
2002-01-25,450004.0,"Teniente Vidal, Coyhaique Ad.",-45.59083,-72.10222,15.099999999999998
2002-01-25,450005.0,Balmaceda Ad.,-45.91833,-71.67778,13.97272727272727
2002-01-25,520006.0,"Carlos Ibañez, Punta Arenas Ap.",-53.00167,-70.83861,7.120833333333334
2002-01-25,530005.0,"Fuentes Martínez, Porvenir Ad.",-53.25361,-70.32611,9.153846153846153
2002-01-25,950001.0,"C.M.A. Eduardo Frei Montalva, Antártica ",-62.19194,-58.97972,1.8050000000000002
2002-01-26,180005.0,"Chacalluta, Arica Ap.",-18.35555,-70.34028,21.45
2002-01-26,200006.0,Diego Aracena Iquique Ap.,-20.54917,-70.18111,21.079166666666666
2002-01-26,220002.0,"El Loa, Calama Ad.",-22.49806,-68.8925,19.626666666666665
2002-01-26,270001.0,Mataveri  Isla de Pascua Ap.,-27.15889,-109.4325,24.315384615384616
2002-01-26,290004.0,"La Florida, La Serena Ad.",-29.91444,-71.20667,18.1
2002-01-26,330007.0,"Rodelillo, Ad.",-33.06528,-71.55639,19.653846153846153
2002-01-26,330019.0,"Eulogio Sánchez, Tobalaba Ad.",-33.45528,-70.54861,23.146153846153844
2002-01-26,330020.0,"Quinta Normal, Santiago",-33.445,-70.68278,23.160000000000004
2002-01-26,330021.0,Pudahuel Santiago ,-33.37833,-70.78778,19.837500000000002
2002-01-26,330030.0,"Santo Domingo, Ad.",-33.65611,-71.61333,17.642857142857142
2002-01-26,330031.0,"Juan Fernández, Estación Meteorológica.",-33.63583,-78.83305,19.55
2002-01-26,340031.0,"General Freire, Curicó Ad.",-34.96944,-71.21694,22.72142857142857
2002-01-26,360011.0,"General Bernardo O'Higgins, Chillán Ad.",-36.58583,-72.03667,23.446153846153848
2002-01-26,360019.0,"Carriel Sur, Concepción Ap.",-36.78055,-73.06639,16.9875
2002-01-26,370033.0,"María Dolores, Los Angeles Ad.",-37.39694,-72.42389,23.815384615384616
2002-01-26,380013.0,"Maquehue, Temuco Ad.",-38.76778,-72.63194,15.765384615384615
2002-01-26,390006.0,"Pichoy, Valdivia Ad.",-39.65667,-73.08722,19.366666666666667
2002-01-26,400009.0,"Cañal Bajo,  Osorno Ad.",-40.61444,-73.0575,17.240000000000002
2002-01-26,410005.0,El Tepual  Puerto Montt Ap.,-41.4475,-73.09583,13.932
2002-01-26,430002.0,Futaleufú Ad.,-43.18889,-71.85222,17.946153846153845
2002-01-26,450004.0,"Teniente Vidal, Coyhaique Ad.",-45.59083,-72.10222,15.707692307692307
2002-01-26,450005.0,Balmaceda Ad.,-45.91833,-71.67778,14.336363636363636
2002-01-26,520006.0,"Carlos Ibañez, Punta Arenas Ap.",-53.00167,-70.83861,11.954166666666666
2002-01-26,530005.0,"Fuentes Martínez, Porvenir Ad.",-53.25361,-70.32611,14.641666666666666
2002-01-26,950001.0,"C.M.A. Eduardo Frei Montalva, Antártica ",-62.19194,-58.97972,2.0875
2002-01-27,180005.0,"Chacalluta, Arica Ap.",-18.35555,-70.34028,21.72083333333333
2002-01-27,200006.0,Diego Aracena Iquique Ap.,-20.54917,-70.18111,21.349999999999998
2002-01-27,220002.0,"El Loa, Calama Ad.",-22.49806,-68.8925,22.400000000000002
2002-01-27,270001.0,Mataveri  Isla de Pascua Ap.,-27.15889,-109.4325,25.644444444444446
2002-01-27,290004.0,"La Florida, La Serena Ad.",-29.91444,-71.20667,17.62222222222222
2002-01-27,330007.0,"Rodelillo, Ad.",-33.06528,-71.55639,23.03076923076923
2002-01-27,330019.0,"Eulogio Sánchez, Tobalaba Ad.",-33.45528,-70.54861,26.423076923076923
2002-01-27,330020.0,"Quinta Normal, Santiago",-33.445,-70.68278,25.880000000000003
2002-01-27,330021.0,Pudahuel Santiago ,-33.37833,-70.78778,21.833333333333332
2002-01-27,330030.0,"Santo Domingo, Ad.",-33.65611,-71.61333,18.57857142857143
2002-01-27,330031.0,"Juan Fernández, Estación Meteorológica.",-33.63583,-78.83305,19.55
2002-01-27,340031.0,"General Freire, Curicó Ad.",-34.96944,-71.21694,24.62142857142857
2002-01-27,360011.0,"General Bernardo O'Higgins, Chillán Ad.",-36.58583,-72.03667,24.653846153846153
2002-01-27,360019.0,"Carriel Sur, Concepción Ap.",-36.78055,-73.06639,16.9375
2002-01-27,370033.0,"María Dolores, Los Angeles Ad.",-37.39694,-72.42389,25.03076923076923
2002-01-27,380013.0,"Maquehue, Temuco Ad.",-38.76778,-72.63194,16.520833333333332
2002-01-27,390006.0,"Pichoy, Valdivia Ad.",-39.65667,-73.08722,19.716666666666665
2002-01-27,400009.0,"Cañal Bajo,  Osorno Ad.",-40.61444,-73.0575,18.18
2002-01-27,410005.0,El Tepual  Puerto Montt Ap.,-41.4475,-73.09583,14.583333333333334
2002-01-27,430002.0,Futaleufú Ad.,-43.18889,-71.85222,18.0
2002-01-27,450004.0,"Teniente Vidal, Coyhaique Ad.",-45.59083,-72.10222,13.715384615384616
2002-01-27,450005.0,Balmaceda Ad.,-45.91833,-71.67778,13.772727272727273
2002-01-27,520006.0,"Carlos Ibañez, Punta Arenas Ap.",-53.00167,-70.83861,10.029166666666667
2002-01-27,950001.0,"C.M.A. Eduardo Frei Montalva, Antártica ",-62.19194,-58.97972,2.275
2002-01-28,180005.0,"Chacalluta, Arica Ap.",-18.35555,-70.34028,21.758333333333336
2002-01-28,200006.0,Diego Aracena Iquique Ap.,-20.54917,-70.18111,21.679166666666664
2002-01-28,220002.0,"El Loa, Calama Ad.",-22.49806,-68.8925,20.46875
2002-01-28,270001.0,Mataveri  Isla de Pascua Ap.,-27.15889,-109.4325,24.583333333333332
2002-01-28,290004.0,"La Florida, La Serena Ad.",-29.91444,-71.20667,17.5
2002-01-28,330007.0,"Rodelillo, Ad.",-33.06528,-71.55639,20.338461538461537
2002-01-28,330019.0,"Eulogio Sánchez, Tobalaba Ad.",-33.45528,-70.54861,27.04615384615385
2002-01-28,330020.0,"Quinta Normal, Santiago",-33.445,-70.68278,26.9
2002-01-28,330021.0,Pudahuel Santiago ,-33.37833,-70.78778,22.745833333333334
2002-01-28,330030.0,"Santo Domingo, Ad.",-33.65611,-71.61333,17.09285714285714
2002-01-28,330031.0,"Juan Fernández, Estación Meteorológica.",-33.63583,-78.83305,18.52
2002-01-28,340031.0,"General Freire, Curicó Ad.",-34.96944,-71.21694,23.62857142857143
2002-01-28,360011.0,"General Bernardo O'Higgins, Chillán Ad.",-36.58583,-72.03667,23.215384615384615
2002-01-28,360019.0,"Carriel Sur, Concepción Ap.",-36.78055,-73.06639,15.233333333333334
2002-01-28,370033.0,"María Dolores, Los Angeles Ad.",-37.39694,-72.42389,23.215384615384615
2002-01-28,380013.0,"Maquehue, Temuco Ad.",-38.76778,-72.63194,13.945833333333333
2002-01-28,390006.0,"Pichoy, Valdivia Ad.",-39.65667,-73.08722,20.008333333333333
2002-01-28,400009.0,"Cañal Bajo,  Osorno Ad.",-40.61444,-73.0575,16.68
2002-01-28,410005.0,El Tepual  Puerto Montt Ap.,-41.4475,-73.09583,12.4125
2002-01-28,430001.0,Quellón Ad.,-43.13361,-73.63278,13.36
2002-01-28,430002.0,Futaleufú Ad.,-43.18889,-71.85222,15.108333333333334
2002-01-28,450004.0,"Teniente Vidal, Coyhaique Ad.",-45.59083,-72.10222,13.646153846153847
2002-01-28,450005.0,Balmaceda Ad.,-45.91833,-71.67778,11.518181818181818
2002-01-28,520006.0,"Carlos Ibañez, Punta Arenas Ap.",-53.00167,-70.83861,9.108333333333333
2002-01-28,530005.0,"Fuentes Martínez, Porvenir Ad.",-53.25361,-70.32611,11.15
2002-01-28,950001.0,"C.M.A. Eduardo Frei Montalva, Antártica ",-62.19194,-58.97972,1.4916666666666665
2002-01-29,180005.0,"Chacalluta, Arica Ap.",-18.35555,-70.34028,22.400000000000002
2002-01-29,200006.0,Diego Aracena Iquique Ap.,-20.54917,-70.18111,22.354166666666668
2002-01-29,220002.0,"El Loa, Calama Ad.",-22.49806,-68.8925,20.25625
2002-01-29,270001.0,Mataveri  Isla de Pascua Ap.,-27.15889,-109.4325,25.25
2002-01-29,290004.0,"La Florida, La Serena Ad.",-29.91444,-71.20667,16.20952380952381
2002-01-29,330007.0,"Rodelillo, Ad.",-33.06528,-71.55639,17.215384615384615
2002-01-29,330019.0,"Eulogio Sánchez, Tobalaba Ad.",-33.45528,-70.54861,26.415384615384614
2002-01-29,330020.0,"Quinta Normal, Santiago",-33.445,-70.68278,25.32
2002-01-29,330021.0,Pudahuel Santiago ,-33.37833,-70.78778,21.420833333333334
2002-01-29,330030.0,"Santo Domingo, Ad.",-33.65611,-71.61333,16.157142857142855
2002-01-29,330031.0,"Juan Fernández, Estación Meteorológica.",-33.63583,-78.83305,18.32
2002-01-29,340031.0,"General Freire, Curicó Ad.",-34.96944,-71.21694,24.642857142857142
2002-01-29,360011.0,"General Bernardo O'Higgins, Chillán Ad.",-36.58583,-72.03667,24.707692307692305
2002-01-29,360019.0,"Carriel Sur, Concepción Ap.",-36.78055,-73.06639,15.316666666666668
2002-01-29,370033.0,"María Dolores, Los Angeles Ad.",-37.39694,-72.42389,24.615384615384617
2002-01-29,380013.0,"Maquehue, Temuco Ad.",-38.76778,-72.63194,14.7125
2002-01-29,390006.0,"Pichoy, Valdivia Ad.",-39.65667,-73.08722,19.716666666666665
2002-01-29,410005.0,El Tepual  Puerto Montt Ap.,-41.4475,-73.09583,13.049999999999999
2002-01-29,430001.0,Quellón Ad.,-43.13361,-73.63278,13.911111111111111
2002-01-29,430002.0,Futaleufú Ad.,-43.18889,-71.85222,17.423076923076923
2002-01-29,450004.0,"Teniente Vidal, Coyhaique Ad.",-45.59083,-72.10222,15.707692307692307
2002-01-29,450005.0,Balmaceda Ad.,-45.91833,-71.67778,13.563636363636363
2002-01-29,520006.0,"Carlos Ibañez, Punta Arenas Ap.",-53.00167,-70.83861,9.329166666666667
2002-01-29,530005.0,"Fuentes Martínez, Porvenir Ad.",-53.25361,-70.32611,10.416666666666666
2002-01-29,950001.0,"C.M.A. Eduardo Frei Montalva, Antártica ",-62.19194,-58.97972,1.4230769230769231
2002-01-30,180005.0,"Chacalluta, Arica Ap.",-18.35555,-70.34028,23.0125
2002-01-30,200006.0,Diego Aracena Iquique Ap.,-20.54917,-70.18111,22.708333333333332
2002-01-30,220002.0,"El Loa, Calama Ad.",-22.49806,-68.8925,19.459999999999997
2002-01-30,270001.0,Mataveri  Isla de Pascua Ap.,-27.15889,-109.4325,26.4
2002-01-30,290004.0,"La Florida, La Serena Ad.",-29.91444,-71.20667,16.483333333333334
2002-01-30,330007.0,"Rodelillo, Ad.",-33.06528,-71.55639,17.253846153846155
2002-01-30,330019.0,"Eulogio Sánchez, Tobalaba Ad.",-33.45528,-70.54861,24.323076923076922
2002-01-30,330020.0,"Quinta Normal, Santiago",-33.445,-70.68278,23.119999999999997
2002-01-30,330021.0,Pudahuel Santiago ,-33.37833,-70.78778,19.591666666666665
2002-01-30,330030.0,"Santo Domingo, Ad.",-33.65611,-71.61333,16.20714285714286
2002-01-30,330031.0,"Juan Fernández, Estación Meteorológica.",-33.63583,-78.83305,19.639999999999997
2002-01-30,340031.0,"General Freire, Curicó Ad.",-34.96944,-71.21694,23.414285714285715
2002-01-30,360011.0,"General Bernardo O'Higgins, Chillán Ad.",-36.58583,-72.03667,19.99230769230769
2002-01-30,360019.0,"Carriel Sur, Concepción Ap.",-36.78055,-73.06639,13.954166666666666
2002-01-30,370033.0,"María Dolores, Los Angeles Ad.",-37.39694,-72.42389,19.107692307692307
2002-01-30,380013.0,"Maquehue, Temuco Ad.",-38.76778,-72.63194,12.924999999999999
2002-01-30,390006.0,"Pichoy, Valdivia Ad.",-39.65667,-73.08722,15.466666666666667
2002-01-30,410005.0,El Tepual  Puerto Montt Ap.,-41.4475,-73.09583,13.008333333333333
2002-01-30,430001.0,Quellón Ad.,-43.13361,-73.63278,14.0
2002-01-30,430002.0,Futaleufú Ad.,-43.18889,-71.85222,14.73076923076923
2002-01-30,450004.0,"Teniente Vidal, Coyhaique Ad.",-45.59083,-72.10222,15.13846153846154
2002-01-30,450005.0,Balmaceda Ad.,-45.91833,-71.67778,12.933333333333332
2002-01-30,520006.0,"Carlos Ibañez, Punta Arenas Ap.",-53.00167,-70.83861,9.716666666666667
2002-01-30,530005.0,"Fuentes Martínez, Porvenir Ad.",-53.25361,-70.32611,10.9
2002-01-30,950001.0,"C.M.A. Eduardo Frei Montalva, Antártica ",-62.19194,-58.97972,1.95
2002-01-31,180005.0,"Chacalluta, Arica Ap.",-18.35555,-70.34028,21.995833333333334
2002-01-31,200006.0,Diego Aracena Iquique Ap.,-20.54917,-70.18111,22.425
2002-01-31,220002.0,"El Loa, Calama Ad.",-22.49806,-68.8925,20.75
2002-01-31,270001.0,Mataveri  Isla de Pascua Ap.,-27.15889,-109.4325,26.4
2002-01-31,290004.0,"La Florida, La Serena Ad.",-29.91444,-71.20667,17.066666666666666
2002-01-31,330007.0,"Rodelillo, Ad.",-33.06528,-71.55639,24.323076923076922
2002-01-31,330019.0,"Eulogio Sánchez, Tobalaba Ad.",-33.45528,-70.54861,25.976923076923075
2002-01-31,330020.0,"Quinta Normal, Santiago",-33.445,-70.68278,24.68
2002-01-31,330021.0,Pudahuel Santiago ,-33.37833,-70.78778,20.3125
2002-01-31,330030.0,"Santo Domingo, Ad.",-33.65611,-71.61333,19.114285714285717
2002-01-31,330031.0,"Juan Fernández, Estación Meteorológica.",-33.63583,-78.83305,19.52
2002-01-31,340031.0,"General Freire, Curicó Ad.",-34.96944,-71.21694,23.435714285714287
2002-01-31,360011.0,"General Bernardo O'Higgins, Chillán Ad.",-36.58583,-72.03667,23.923076923076923
2002-01-31,360019.0,"Carriel Sur, Concepción Ap.",-36.78055,-73.06639,16.355999999999998
2002-01-31,370033.0,"María Dolores, Los Angeles Ad.",-37.39694,-72.42389,22.692307692307693
2002-01-31,380013.0,"Maquehue, Temuco Ad.",-38.76778,-72.63194,17.358333333333334
2002-01-31,390006.0,"Pichoy, Valdivia Ad.",-39.65667,-73.08722,18.784615384615385
2002-01-31,400009.0,"Cañal Bajo,  Osorno Ad.",-40.61444,-73.0575,17.77777777777778
2002-01-31,410005.0,El Tepual  Puerto Montt Ap.,-41.4475,-73.09583,14.091666666666667
2002-01-31,430001.0,Quellón Ad.,-43.13361,-73.63278,14.959999999999999
2002-01-31,430002.0,Futaleufú Ad.,-43.18889,-71.85222,17.83076923076923
2002-01-31,450004.0,"Teniente Vidal, Coyhaique Ad.",-45.59083,-72.10222,17.307692307692307
2002-01-31,450005.0,Balmaceda Ad.,-45.91833,-71.67778,15.781818181818181
2002-01-31,520006.0,"Carlos Ibañez, Punta Arenas Ap.",-53.00167,-70.83861,9.941666666666666
2002-01-31,530005.0,"Fuentes Martínez, Porvenir Ad.",-53.25361,-70.32611,13.841666666666667
2002-01-31,950001.0,"C.M.A. Eduardo Frei Montalva, Antártica ",-62.19194,-58.97972,2.2818181818181817
2002-02-01,180005.0,"Chacalluta, Arica Ap.",-18.35555,-70.34028,22.0
2002-02-01,200006.0,Diego Aracena Iquique Ap.,-20.54917,-70.18111,21.9875
2002-02-01,220002.0,"El Loa, Calama Ad.",-22.49806,-68.8925,20.38823529411765
2002-02-01,270001.0,Mataveri  Isla de Pascua Ap.,-27.15889,-109.4325,24.72142857142857
2002-02-01,290004.0,"La Florida, La Serena Ad.",-29.91444,-71.20667,17.352631578947367
2002-02-01,330007.0,"Rodelillo, Ad.",-33.06528,-71.55639,20.792307692307695
2002-02-01,330019.0,"Eulogio Sánchez, Tobalaba Ad.",-33.45528,-70.54861,28.338461538461537
2002-02-01,330020.0,"Quinta Normal, Santiago",-33.445,-70.68278,28.0
2002-02-01,330021.0,Pudahuel Santiago ,-33.37833,-70.78778,23.333333333333332
2002-02-01,330030.0,"Santo Domingo, Ad.",-33.65611,-71.61333,17.47142857142857
2002-02-01,330031.0,"Juan Fernández, Estación Meteorológica.",-33.63583,-78.83305,19.28
2002-02-01,340031.0,"General Freire, Curicó Ad.",-34.96944,-71.21694,25.928571428571427
2002-02-01,360011.0,"General Bernardo O'Higgins, Chillán Ad.",-36.58583,-72.03667,27.46923076923077
2002-02-01,360019.0,"Carriel Sur, Concepción Ap.",-36.78055,-73.06639,17.087500000000002
2002-02-01,370033.0,"María Dolores, Los Angeles Ad.",-37.39694,-72.42389,26.545454545454547
2002-02-01,380013.0,"Maquehue, Temuco Ad.",-38.76778,-72.63194,18.3
2002-02-01,390006.0,"Pichoy, Valdivia Ad.",-39.65667,-73.08722,22.816666666666666
2002-02-01,400009.0,"Cañal Bajo,  Osorno Ad.",-40.61444,-73.0575,19.9
2002-02-01,410005.0,El Tepual  Puerto Montt Ap.,-41.4475,-73.09583,14.625925925925925
2002-02-01,430001.0,Quellón Ad.,-43.13361,-73.63278,15.319999999999999
2002-02-01,430002.0,Futaleufú Ad.,-43.18889,-71.85222,20.576923076923077
2002-02-01,450004.0,"Teniente Vidal, Coyhaique Ad.",-45.59083,-72.10222,16.707692307692305
2002-02-01,450005.0,Balmaceda Ad.,-45.91833,-71.67778,14.214285714285714
2002-02-01,520006.0,"Carlos Ibañez, Punta Arenas Ap.",-53.00167,-70.83861,12.4375
2002-02-01,530005.0,"Fuentes Martínez, Porvenir Ad.",-53.25361,-70.32611,13.553846153846154
2002-02-01,550001.0,"Guardiamarina Zañartu, Pto Williams Ad.",-54.93167,-67.61556,12.26
2002-02-01,950001.0,"C.M.A. Eduardo Frei Montalva, Antártica ",-62.19194,-58.97972,3.05
2002-02-02,180005.0,"Chacalluta, Arica Ap.",-18.35555,-70.34028,22.27916666666667
2002-02-02,200006.0,Diego Aracena Iquique Ap.,-20.54917,-70.18111,21.758333333333336
2002-02-02,220002.0,"El Loa, Calama Ad.",-22.49806,-68.8925,20.586666666666666
2002-02-02,270001.0,Mataveri  Isla de Pascua Ap.,-27.15889,-109.4325,23.47
2002-02-02,290004.0,"La Florida, La Serena Ad.",-29.91444,-71.20667,17.844444444444445
2002-02-02,330007.0,"Rodelillo, Ad.",-33.06528,-71.55639,16.138461538461538
2002-02-02,330019.0,"Eulogio Sánchez, Tobalaba Ad.",-33.45528,-70.54861,28.015384615384615
2002-02-02,330020.0,"Quinta Normal, Santiago",-33.445,-70.68278,27.02
2002-02-02,330021.0,Pudahuel Santiago ,-33.37833,-70.78778,23.28333333333333
2002-02-02,330030.0,"Santo Domingo, Ad.",-33.65611,-71.61333,16.692857142857143
2002-02-02,330031.0,"Juan Fernández, Estación Meteorológica.",-33.63583,-78.83305,20.15
2002-02-02,340031.0,"General Freire, Curicó Ad.",-34.96944,-71.21694,27.857142857142858
2002-02-02,360011.0,"General Bernardo O'Higgins, Chillán Ad.",-36.58583,-72.03667,28.184615384615384
2002-02-02,360019.0,"Carriel Sur, Concepción Ap.",-36.78055,-73.06639,15.683333333333332
2002-02-02,370033.0,"María Dolores, Los Angeles Ad.",-37.39694,-72.42389,30.433333333333334
2002-02-02,380013.0,"Maquehue, Temuco Ad.",-38.76778,-72.63194,18.4875
2002-02-02,390006.0,"Pichoy, Valdivia Ad.",-39.65667,-73.08722,24.376923076923074
2002-02-02,400009.0,"Cañal Bajo,  Osorno Ad.",-40.61444,-73.0575,18.94
2002-02-02,410005.0,El Tepual  Puerto Montt Ap.,-41.4475,-73.09583,15.52962962962963
2002-02-02,430002.0,Futaleufú Ad.,-43.18889,-71.85222,23.93846153846154
2002-02-02,450004.0,"Teniente Vidal, Coyhaique Ad.",-45.59083,-72.10222,20.93846153846154
2002-02-02,450005.0,Balmaceda Ad.,-45.91833,-71.67778,18.216666666666665
2002-02-02,520006.0,"Carlos Ibañez, Punta Arenas Ap.",-53.00167,-70.83861,8.508333333333333
2002-02-02,530005.0,"Fuentes Martínez, Porvenir Ad.",-53.25361,-70.32611,9.783333333333333
2002-02-02,950001.0,"C.M.A. Eduardo Frei Montalva, Antártica ",-62.19194,-58.97972,2.29
2002-02-03,180005.0,"Chacalluta, Arica Ap.",-18.35555,-70.34028,22.683333333333334
2002-02-03,200006.0,Diego Aracena Iquique Ap.,-20.54917,-70.18111,22.791666666666668
2002-02-03,220002.0,"El Loa, Calama Ad.",-22.49806,-68.8925,23.174999999999997
2002-02-03,270001.0,Mataveri  Isla de Pascua Ap.,-27.15889,-109.4325,24.355555555555554
2002-02-03,290004.0,"La Florida, La Serena Ad.",-29.91444,-71.20667,17.27777777777778
2002-02-03,330007.0,"Rodelillo, Ad.",-33.06528,-71.55639,17.515384615384615
2002-02-03,330019.0,"Eulogio Sánchez, Tobalaba Ad.",-33.45528,-70.54861,27.0
2002-02-03,330020.0,"Quinta Normal, Santiago",-33.445,-70.68278,26.060000000000002
2002-02-03,330021.0,Pudahuel Santiago ,-33.37833,-70.78778,22.179166666666664
2002-02-03,330030.0,"Santo Domingo, Ad.",-33.65611,-71.61333,16.007142857142856
2002-02-03,330031.0,"Juan Fernández, Estación Meteorológica.",-33.63583,-78.83305,21.0
2002-02-03,340031.0,"General Freire, Curicó Ad.",-34.96944,-71.21694,25.928571428571427
2002-02-03,360011.0,"General Bernardo O'Higgins, Chillán Ad.",-36.58583,-72.03667,26.753846153846155
2002-02-03,360019.0,"Carriel Sur, Concepción Ap.",-36.78055,-73.06639,15.984000000000002
2002-02-03,370033.0,"María Dolores, Los Angeles Ad.",-37.39694,-72.42389,25.27692307692308
2002-02-03,380013.0,"Maquehue, Temuco Ad.",-38.76778,-72.63194,17.183333333333334
2002-02-03,390006.0,"Pichoy, Valdivia Ad.",-39.65667,-73.08722,20.0
2002-02-03,400009.0,"Cañal Bajo,  Osorno Ad.",-40.61444,-73.0575,17.46
2002-02-03,410005.0,El Tepual  Puerto Montt Ap.,-41.4475,-73.09583,13.75
2002-02-03,430002.0,Futaleufú Ad.,-43.18889,-71.85222,25.2
2002-02-03,450004.0,"Teniente Vidal, Coyhaique Ad.",-45.59083,-72.10222,16.476923076923075
2002-02-03,450005.0,Balmaceda Ad.,-45.91833,-71.67778,15.700000000000001
2002-02-03,520006.0,"Carlos Ibañez, Punta Arenas Ap.",-53.00167,-70.83861,10.483333333333333
2002-02-03,950001.0,"C.M.A. Eduardo Frei Montalva, Antártica ",-62.19194,-58.97972,2.1625
2002-02-04,180005.0,"Chacalluta, Arica Ap.",-18.35555,-70.34028,22.84166666666667
2002-02-04,200006.0,Diego Aracena Iquique Ap.,-20.54917,-70.18111,22.1875
2002-02-04,220002.0,"El Loa, Calama Ad.",-22.49806,-68.8925,19.51764705882353
2002-02-04,270001.0,Mataveri  Isla de Pascua Ap.,-27.15889,-109.4325,24.683333333333334
2002-02-04,290004.0,"La Florida, La Serena Ad.",-29.91444,-71.20667,17.733333333333334
2002-02-04,330007.0,"Rodelillo, Ad.",-33.06528,-71.55639,17.03846153846154
2002-02-04,330019.0,"Eulogio Sánchez, Tobalaba Ad.",-33.45528,-70.54861,26.76153846153846
2002-02-04,330020.0,"Quinta Normal, Santiago",-33.445,-70.68278,26.1
2002-02-04,330021.0,Pudahuel Santiago ,-33.37833,-70.78778,21.775000000000002
2002-02-04,330030.0,"Santo Domingo, Ad.",-33.65611,-71.61333,16.635714285714286
2002-02-04,330031.0,"Juan Fernández, Estación Meteorológica.",-33.63583,-78.83305,18.44
2002-02-04,340031.0,"General Freire, Curicó Ad.",-34.96944,-71.21694,24.75714285714286
2002-02-04,360011.0,"General Bernardo O'Higgins, Chillán Ad.",-36.58583,-72.03667,25.66923076923077
2002-02-04,360019.0,"Carriel Sur, Concepción Ap.",-36.78055,-73.06639,16.592
2002-02-04,370033.0,"María Dolores, Los Angeles Ad.",-37.39694,-72.42389,24.33076923076923
2002-02-04,380013.0,"Maquehue, Temuco Ad.",-38.76778,-72.63194,17.166666666666668
2002-02-04,390006.0,"Pichoy, Valdivia Ad.",-39.65667,-73.08722,21.016666666666666
2002-02-04,400009.0,"Cañal Bajo,  Osorno Ad.",-40.61444,-73.0575,17.740000000000002
2002-02-04,410005.0,El Tepual  Puerto Montt Ap.,-41.4475,-73.09583,13.054166666666667
2002-02-04,430001.0,Quellón Ad.,-43.13361,-73.63278,14.440000000000001
2002-02-04,430002.0,Futaleufú Ad.,-43.18889,-71.85222,20.708333333333332
2002-02-04,450004.0,"Teniente Vidal, Coyhaique Ad.",-45.59083,-72.10222,18.307692307692307
2002-02-04,450005.0,Balmaceda Ad.,-45.91833,-71.67778,16.754545454545454
2002-02-04,520006.0,"Carlos Ibañez, Punta Arenas Ap.",-53.00167,-70.83861,11.016666666666666
2002-02-04,530005.0,"Fuentes Martínez, Porvenir Ad.",-53.25361,-70.32611,13.566666666666668
2002-02-04,550001.0,"Guardiamarina Zañartu, Pto Williams Ad.",-54.93167,-67.61556,12.2
2002-02-04,950001.0,"C.M.A. Eduardo Frei Montalva, Antártica ",-62.19194,-58.97972,1.9444444444444444
2002-02-05,180005.0,"Chacalluta, Arica Ap.",-18.35555,-70.34028,23.587500000000002
2002-02-05,200006.0,Diego Aracena Iquique Ap.,-20.54917,-70.18111,24.141666666666666
2002-02-05,220002.0,"El Loa, Calama Ad.",-22.49806,-68.8925,17.60625
2002-02-05,270001.0,Mataveri  Isla de Pascua Ap.,-27.15889,-109.4325,25.29
2002-02-05,290004.0,"La Florida, La Serena Ad.",-29.91444,-71.20667,18.711111111111112
2002-02-05,330007.0,"Rodelillo, Ad.",-33.06528,-71.55639,16.192307692307693
2002-02-05,330019.0,"Eulogio Sánchez, Tobalaba Ad.",-33.45528,-70.54861,23.45384615384615
2002-02-05,330020.0,"Quinta Normal, Santiago",-33.445,-70.68278,22.119999999999997
2002-02-05,330021.0,Pudahuel Santiago ,-33.37833,-70.78778,19.212500000000002
2002-02-05,330030.0,"Santo Domingo, Ad.",-33.65611,-71.61333,17.585714285714285
2002-02-05,330031.0,"Juan Fernández, Estación Meteorológica.",-33.63583,-78.83305,18.4
2002-02-05,340031.0,"General Freire, Curicó Ad.",-34.96944,-71.21694,23.185714285714287
2002-02-05,360011.0,"General Bernardo O'Higgins, Chillán Ad.",-36.58583,-72.03667,27.023076923076925
2002-02-05,360019.0,"Carriel Sur, Concepción Ap.",-36.78055,-73.06639,14.022222222222224
2002-02-05,370033.0,"María Dolores, Los Angeles Ad.",-37.39694,-72.42389,29.04615384615385
2002-02-05,380013.0,"Maquehue, Temuco Ad.",-38.76778,-72.63194,19.095833333333335
2002-02-05,390006.0,"Pichoy, Valdivia Ad.",-39.65667,-73.08722,25.474999999999998
2002-02-05,410005.0,El Tepual  Puerto Montt Ap.,-41.4475,-73.09583,16.420833333333334
2002-02-05,430001.0,Quellón Ad.,-43.13361,-73.63278,19.240000000000002
2002-02-05,430002.0,Futaleufú Ad.,-43.18889,-71.85222,25.1
2002-02-05,450004.0,"Teniente Vidal, Coyhaique Ad.",-45.59083,-72.10222,22.46153846153846
2002-02-05,450005.0,Balmaceda Ad.,-45.91833,-71.67778,22.19090909090909
2002-02-05,520006.0,"Carlos Ibañez, Punta Arenas Ap.",-53.00167,-70.83861,14.595833333333333
2002-02-05,530005.0,"Fuentes Martínez, Porvenir Ad.",-53.25361,-70.32611,17.466666666666665
2002-02-05,550001.0,"Guardiamarina Zañartu, Pto Williams Ad.",-54.93167,-67.61556,14.066666666666666
2002-02-05,950001.0,"C.M.A. Eduardo Frei Montalva, Antártica ",-62.19194,-58.97972,2.86
2002-02-06,180005.0,"Chacalluta, Arica Ap.",-18.35555,-70.34028,23.712500000000002
2002-02-06,200006.0,Diego Aracena Iquique Ap.,-20.54917,-70.18111,24.395833333333332
2002-02-06,220002.0,"El Loa, Calama Ad.",-22.49806,-68.8925,17.1
2002-02-06,270001.0,Mataveri  Isla de Pascua Ap.,-27.15889,-109.4325,25.5
2002-02-06,290004.0,"La Florida, La Serena Ad.",-29.91444,-71.20667,18.933333333333334
2002-02-06,330007.0,"Rodelillo, Ad.",-33.06528,-71.55639,19.007692307692306
2002-02-06,330019.0,"Eulogio Sánchez, Tobalaba Ad.",-33.45528,-70.54861,22.892307692307693
2002-02-06,330020.0,"Quinta Normal, Santiago",-33.445,-70.68278,22.3
2002-02-06,330021.0,Pudahuel Santiago ,-33.37833,-70.78778,19.1125
2002-02-06,330030.0,"Santo Domingo, Ad.",-33.65611,-71.61333,18.928571428571427
2002-02-06,330031.0,"Juan Fernández, Estación Meteorológica.",-33.63583,-78.83305,18.16
2002-02-06,340031.0,"General Freire, Curicó Ad.",-34.96944,-71.21694,23.5
2002-02-06,360011.0,"General Bernardo O'Higgins, Chillán Ad.",-36.58583,-72.03667,23.923076923076923
2002-02-06,360019.0,"Carriel Sur, Concepción Ap.",-36.78055,-73.06639,15.529166666666667
2002-02-06,370033.0,"María Dolores, Los Angeles Ad.",-37.39694,-72.42389,23.66923076923077
2002-02-06,380013.0,"Maquehue, Temuco Ad.",-38.76778,-72.63194,16.354166666666668
2002-02-06,390006.0,"Pichoy, Valdivia Ad.",-39.65667,-73.08722,20.783333333333335
2002-02-06,410005.0,El Tepual  Puerto Montt Ap.,-41.4475,-73.09583,16.941666666666666
2002-02-06,430001.0,Quellón Ad.,-43.13361,-73.63278,18.419999999999998
2002-02-06,430002.0,Futaleufú Ad.,-43.18889,-71.85222,25.023076923076925
2002-02-06,450004.0,"Teniente Vidal, Coyhaique Ad.",-45.59083,-72.10222,24.576923076923077
2002-02-06,450005.0,Balmaceda Ad.,-45.91833,-71.67778,20.25714285714286
2002-02-06,520006.0,"Carlos Ibañez, Punta Arenas Ap.",-53.00167,-70.83861,15.745833333333332
2002-02-06,530005.0,"Fuentes Martínez, Porvenir Ad.",-53.25361,-70.32611,17.083333333333332
2002-02-06,550001.0,"Guardiamarina Zañartu, Pto Williams Ad.",-54.93167,-67.61556,12.977777777777778
2002-02-06,950001.0,"C.M.A. Eduardo Frei Montalva, Antártica ",-62.19194,-58.97972,1.9
2002-02-07,180005.0,"Chacalluta, Arica Ap.",-18.35555,-70.34028,23.116666666666664
2002-02-07,200006.0,Diego Aracena Iquique Ap.,-20.54917,-70.18111,23.662499999999998
2002-02-07,220002.0,"El Loa, Calama Ad.",-22.49806,-68.8925,17.89375
2002-02-07,270001.0,Mataveri  Isla de Pascua Ap.,-27.15889,-109.4325,25.77777777777778
2002-02-07,290004.0,"La Florida, La Serena Ad.",-29.91444,-71.20667,18.694444444444443
2002-02-07,330007.0,"Rodelillo, Ad.",-33.06528,-71.55639,20.6
2002-02-07,330019.0,"Eulogio Sánchez, Tobalaba Ad.",-33.45528,-70.54861,24.13076923076923
2002-02-07,330020.0,"Quinta Normal, Santiago",-33.445,-70.68278,23.759999999999998
2002-02-07,330021.0,Pudahuel Santiago ,-33.37833,-70.78778,20.208333333333332
2002-02-07,330030.0,"Santo Domingo, Ad.",-33.65611,-71.61333,18.457142857142856
2002-02-07,330031.0,"Juan Fernández, Estación Meteorológica.",-33.63583,-78.83305,18.5
2002-02-07,340031.0,"General Freire, Curicó Ad.",-34.96944,-71.21694,24.97142857142857
2002-02-07,360011.0,"General Bernardo O'Higgins, Chillán Ad.",-36.58583,-72.03667,24.384615384615383
2002-02-07,360019.0,"Carriel Sur, Concepción Ap.",-36.78055,-73.06639,14.174999999999999
2002-02-07,370033.0,"María Dolores, Los Angeles Ad.",-37.39694,-72.42389,25.50769230769231
2002-02-07,380013.0,"Maquehue, Temuco Ad.",-38.76778,-72.63194,16.929166666666667
2002-02-07,390006.0,"Pichoy, Valdivia Ad.",-39.65667,-73.08722,21.53333333333333
2002-02-07,400009.0,"Cañal Bajo,  Osorno Ad.",-40.61444,-73.0575,19.740000000000002
2002-02-07,410005.0,El Tepual  Puerto Montt Ap.,-41.4475,-73.09583,14.915384615384616
2002-02-07,430001.0,Quellón Ad.,-43.13361,-73.63278,17.44
2002-02-07,430002.0,Futaleufú Ad.,-43.18889,-71.85222,24.184615384615384
2002-02-07,450004.0,"Teniente Vidal, Coyhaique Ad.",-45.59083,-72.10222,24.95384615384615
2002-02-07,450005.0,Balmaceda Ad.,-45.91833,-71.67778,21.464285714285715
2002-02-07,520006.0,"Carlos Ibañez, Punta Arenas Ap.",-53.00167,-70.83861,13.191666666666668
2002-02-07,530005.0,"Fuentes Martínez, Porvenir Ad.",-53.25361,-70.32611,15.733333333333334
2002-02-07,550001.0,"Guardiamarina Zañartu, Pto Williams Ad.",-54.93167,-67.61556,13.5
2002-02-07,950001.0,"C.M.A. Eduardo Frei Montalva, Antártica ",-62.19194,-58.97972,2.161111111111111
2002-02-08,180005.0,"Chacalluta, Arica Ap.",-18.35555,-70.34028,22.9375
2002-02-08,200006.0,Diego Aracena Iquique Ap.,-20.54917,-70.18111,23.45
2002-02-08,220002.0,"El Loa, Calama Ad.",-22.49806,-68.8925,17.49375
2002-02-08,270001.0,Mataveri  Isla de Pascua Ap.,-27.15889,-109.4325,24.875
2002-02-08,290004.0,"La Florida, La Serena Ad.",-29.91444,-71.20667,19.63888888888889
2002-02-08,330007.0,"Rodelillo, Ad.",-33.06528,-71.55639,20.72307692307692
2002-02-08,330019.0,"Eulogio Sánchez, Tobalaba Ad.",-33.45528,-70.54861,21.95384615384615
2002-02-08,330020.0,"Quinta Normal, Santiago",-33.445,-70.68278,22.580000000000002
2002-02-08,330021.0,Pudahuel Santiago ,-33.37833,-70.78778,19.391666666666666
2002-02-08,330030.0,"Santo Domingo, Ad.",-33.65611,-71.61333,19.857142857142858
2002-02-08,330031.0,"Juan Fernández, Estación Meteorológica.",-33.63583,-78.83305,19.56
2002-02-08,340031.0,"General Freire, Curicó Ad.",-34.96944,-71.21694,22.97142857142857
2002-02-08,360011.0,"General Bernardo O'Higgins, Chillán Ad.",-36.58583,-72.03667,21.376923076923074
2002-02-08,360019.0,"Carriel Sur, Concepción Ap.",-36.78055,-73.06639,15.045833333333334
2002-02-08,370033.0,"María Dolores, Los Angeles Ad.",-37.39694,-72.42389,21.823076923076922
2002-02-08,380013.0,"Maquehue, Temuco Ad.",-38.76778,-72.63194,16.325
2002-02-08,390006.0,"Pichoy, Valdivia Ad.",-39.65667,-73.08722,18.936363636363637
2002-02-08,400009.0,"Cañal Bajo,  Osorno Ad.",-40.61444,-73.0575,19.47
2002-02-08,410005.0,El Tepual  Puerto Montt Ap.,-41.4475,-73.09583,15.566666666666668
2002-02-08,430001.0,Quellón Ad.,-43.13361,-73.63278,16.18
2002-02-08,430002.0,Futaleufú Ad.,-43.18889,-71.85222,20.407692307692308
2002-02-08,450004.0,"Teniente Vidal, Coyhaique Ad.",-45.59083,-72.10222,18.815384615384616
2002-02-08,450005.0,Balmaceda Ad.,-45.91833,-71.67778,17.85
2002-02-08,520006.0,"Carlos Ibañez, Punta Arenas Ap.",-53.00167,-70.83861,12.1875
2002-02-08,530005.0,"Fuentes Martínez, Porvenir Ad.",-53.25361,-70.32611,14.733333333333333
2002-02-08,950001.0,"C.M.A. Eduardo Frei Montalva, Antártica ",-62.19194,-58.97972,2.8666666666666667
2002-02-09,180005.0,"Chacalluta, Arica Ap.",-18.35555,-70.34028,22.583333333333332
2002-02-09,200006.0,Diego Aracena Iquique Ap.,-20.54917,-70.18111,22.7375
2002-02-09,220002.0,"El Loa, Calama Ad.",-22.49806,-68.8925,18.3
2002-02-09,270001.0,Mataveri  Isla de Pascua Ap.,-27.15889,-109.4325,25.830000000000002
2002-02-09,290004.0,"La Florida, La Serena Ad.",-29.91444,-71.20667,19.144444444444446
2002-02-09,330007.0,"Rodelillo, Ad.",-33.06528,-71.55639,20.023076923076925
2002-02-09,330019.0,"Eulogio Sánchez, Tobalaba Ad.",-33.45528,-70.54861,24.115384615384617
2002-02-09,330020.0,"Quinta Normal, Santiago",-33.445,-70.68278,23.48
2002-02-09,330021.0,Pudahuel Santiago ,-33.37833,-70.78778,19.52
2002-02-09,330030.0,"Santo Domingo, Ad.",-33.65611,-71.61333,17.0
2002-02-09,330031.0,"Juan Fernández, Estación Meteorológica.",-33.63583,-78.83305,19.35
2002-02-09,340031.0,"General Freire, Curicó Ad.",-34.96944,-71.21694,24.042857142857144
2002-02-09,360011.0,"General Bernardo O'Higgins, Chillán Ad.",-36.58583,-72.03667,22.861538461538462
2002-02-09,360019.0,"Carriel Sur, Concepción Ap.",-36.78055,-73.06639,15.072413793103449
2002-02-09,370033.0,"María Dolores, Los Angeles Ad.",-37.39694,-72.42389,23.46153846153846
2002-02-09,380013.0,"Maquehue, Temuco Ad.",-38.76778,-72.63194,16.104166666666668
2002-02-09,390006.0,"Pichoy, Valdivia Ad.",-39.65667,-73.08722,19.333333333333332
2002-02-09,400009.0,"Cañal Bajo,  Osorno Ad.",-40.61444,-73.0575,18.16
2002-02-09,410005.0,El Tepual  Puerto Montt Ap.,-41.4475,-73.09583,14.6875
2002-02-09,430002.0,Futaleufú Ad.,-43.18889,-71.85222,16.215384615384615
2002-02-09,450004.0,"Teniente Vidal, Coyhaique Ad.",-45.59083,-72.10222,12.8
2002-02-09,450005.0,Balmaceda Ad.,-45.91833,-71.67778,10.721428571428572
2002-02-09,520006.0,"Carlos Ibañez, Punta Arenas Ap.",-53.00167,-70.83861,7.920833333333333
2002-02-09,530005.0,"Fuentes Martínez, Porvenir Ad.",-53.25361,-70.32611,9.766666666666667
2002-02-09,950001.0,"C.M.A. Eduardo Frei Montalva, Antártica ",-62.19194,-58.97972,2.3866666666666663
2002-02-10,180005.0,"Chacalluta, Arica Ap.",-18.35555,-70.34028,22.258333333333336
2002-02-10,200006.0,Diego Aracena Iquique Ap.,-20.54917,-70.18111,21.329166666666666
2002-02-10,220002.0,"El Loa, Calama Ad.",-22.49806,-68.8925,21.291666666666668
2002-02-10,270001.0,Mataveri  Isla de Pascua Ap.,-27.15889,-109.4325,26.433333333333334
2002-02-10,290004.0,"La Florida, La Serena Ad.",-29.91444,-71.20667,18.91111111111111
2002-02-10,330007.0,"Rodelillo, Ad.",-33.06528,-71.55639,18.107692307692307
2002-02-10,330019.0,"Eulogio Sánchez, Tobalaba Ad.",-33.45528,-70.54861,23.661538461538463
2002-02-10,330020.0,"Quinta Normal, Santiago",-33.445,-70.68278,22.8
2002-02-10,330021.0,Pudahuel Santiago ,-33.37833,-70.78778,19.425
2002-02-10,330030.0,"Santo Domingo, Ad.",-33.65611,-71.61333,17.792307692307695
2002-02-10,330031.0,"Juan Fernández, Estación Meteorológica.",-33.63583,-78.83305,18.9
2002-02-10,340031.0,"General Freire, Curicó Ad.",-34.96944,-71.21694,23.314285714285713
2002-02-10,360011.0,"General Bernardo O'Higgins, Chillán Ad.",-36.58583,-72.03667,21.907692307692308
2002-02-10,360019.0,"Carriel Sur, Concepción Ap.",-36.78055,-73.06639,15.0875
2002-02-10,370033.0,"María Dolores, Los Angeles Ad.",-37.39694,-72.42389,22.09166666666667
2002-02-10,380013.0,"Maquehue, Temuco Ad.",-38.76778,-72.63194,15.179166666666667
2002-02-10,390006.0,"Pichoy, Valdivia Ad.",-39.65667,-73.08722,19.058333333333334
2002-02-10,400009.0,"Cañal Bajo,  Osorno Ad.",-40.61444,-73.0575,17.28
2002-02-10,410005.0,El Tepual  Puerto Montt Ap.,-41.4475,-73.09583,13.636
2002-02-10,430002.0,Futaleufú Ad.,-43.18889,-71.85222,15.0
2002-02-10,450004.0,"Teniente Vidal, Coyhaique Ad.",-45.59083,-72.10222,13.953846153846154
2002-02-10,450005.0,Balmaceda Ad.,-45.91833,-71.67778,11.585714285714285
2002-02-10,520006.0,"Carlos Ibañez, Punta Arenas Ap.",-53.00167,-70.83861,8.3375
2002-02-10,950001.0,"C.M.A. Eduardo Frei Montalva, Antártica ",-62.19194,-58.97972,2.38
2002-02-11,180005.0,"Chacalluta, Arica Ap.",-18.35555,-70.34028,22.537499999999998
2002-02-11,200006.0,Diego Aracena Iquique Ap.,-20.54917,-70.18111,21.445833333333336
2002-02-11,220002.0,"El Loa, Calama Ad.",-22.49806,-68.8925,19.41176470588235
2002-02-11,270001.0,Mataveri  Isla de Pascua Ap.,-27.15889,-109.4325,23.108333333333334
2002-02-11,290004.0,"La Florida, La Serena Ad.",-29.91444,-71.20667,18.41111111111111
2002-02-11,330007.0,"Rodelillo, Ad.",-33.06528,-71.55639,19.384615384615383
2002-02-11,330019.0,"Eulogio Sánchez, Tobalaba Ad.",-33.45528,-70.54861,24.946153846153848
2002-02-11,330020.0,"Quinta Normal, Santiago",-33.445,-70.68278,24.2
2002-02-11,330021.0,Pudahuel Santiago ,-33.37833,-70.78778,20.079166666666666
2002-02-11,330030.0,"Santo Domingo, Ad.",-33.65611,-71.61333,18.184615384615384
2002-02-11,330031.0,"Juan Fernández, Estación Meteorológica.",-33.63583,-78.83305,19.259999999999998
2002-02-11,340031.0,"General Freire, Curicó Ad.",-34.96944,-71.21694,23.87857142857143
2002-02-11,360011.0,"General Bernardo O'Higgins, Chillán Ad.",-36.58583,-72.03667,23.876923076923074
2002-02-11,360019.0,"Carriel Sur, Concepción Ap.",-36.78055,-73.06639,15.895833333333334
2002-02-11,370033.0,"María Dolores, Los Angeles Ad.",-37.39694,-72.42389,23.73846153846154
2002-02-11,380013.0,"Maquehue, Temuco Ad.",-38.76778,-72.63194,15.174999999999999
2002-02-11,390006.0,"Pichoy, Valdivia Ad.",-39.65667,-73.08722,18.0
2002-02-11,400009.0,"Cañal Bajo,  Osorno Ad.",-40.61444,-73.0575,15.84
2002-02-11,410005.0,El Tepual  Puerto Montt Ap.,-41.4475,-73.09583,11.954166666666666
2002-02-11,430001.0,Quellón Ad.,-43.13361,-73.63278,14.719999999999999
2002-02-11,430002.0,Futaleufú Ad.,-43.18889,-71.85222,15.766666666666667
2002-02-11,450004.0,"Teniente Vidal, Coyhaique Ad.",-45.59083,-72.10222,11.13076923076923
2002-02-11,450005.0,Balmaceda Ad.,-45.91833,-71.67778,8.821428571428571
2002-02-11,520006.0,"Carlos Ibañez, Punta Arenas Ap.",-53.00167,-70.83861,11.366666666666667
2002-02-11,530005.0,"Fuentes Martínez, Porvenir Ad.",-53.25361,-70.32611,13.0
2002-02-11,950001.0,"C.M.A. Eduardo Frei Montalva, Antártica ",-62.19194,-58.97972,2.7
2002-02-12,180005.0,"Chacalluta, Arica Ap.",-18.35555,-70.34028,22.78333333333333
2002-02-12,200006.0,Diego Aracena Iquique Ap.,-20.54917,-70.18111,22.25
2002-02-12,220002.0,"El Loa, Calama Ad.",-22.49806,-68.8925,19.35
2002-02-12,270001.0,Mataveri  Isla de Pascua Ap.,-27.15889,-109.4325,23.28
2002-02-12,290004.0,"La Florida, La Serena Ad.",-29.91444,-71.20667,17.83888888888889
2002-02-12,330007.0,"Rodelillo, Ad.",-33.06528,-71.55639,18.292307692307695
2002-02-12,330019.0,"Eulogio Sánchez, Tobalaba Ad.",-33.45528,-70.54861,25.96153846153846
2002-02-12,330020.0,"Quinta Normal, Santiago",-33.445,-70.68278,25.04
2002-02-12,330021.0,Pudahuel Santiago ,-33.37833,-70.78778,21.71666666666667
2002-02-12,330030.0,"Santo Domingo, Ad.",-33.65611,-71.61333,17.585714285714285
2002-02-12,330031.0,"Juan Fernández, Estación Meteorológica.",-33.63583,-78.83305,20.1
2002-02-12,340031.0,"General Freire, Curicó Ad.",-34.96944,-71.21694,25.228571428571428
2002-02-12,360011.0,"General Bernardo O'Higgins, Chillán Ad.",-36.58583,-72.03667,24.646153846153844
2002-02-12,360019.0,"Carriel Sur, Concepción Ap.",-36.78055,-73.06639,15.279166666666667
2002-02-12,370033.0,"María Dolores, Los Angeles Ad.",-37.39694,-72.42389,24.746153846153845
2002-02-12,380013.0,"Maquehue, Temuco Ad.",-38.76778,-72.63194,14.170833333333334
2002-02-12,390006.0,"Pichoy, Valdivia Ad.",-39.65667,-73.08722,19.033333333333335
2002-02-12,410005.0,El Tepual  Puerto Montt Ap.,-41.4475,-73.09583,13.924999999999999
2002-02-12,430001.0,Quellón Ad.,-43.13361,-73.63278,14.64
2002-02-12,430002.0,Futaleufú Ad.,-43.18889,-71.85222,18.866666666666667
2002-02-12,450004.0,"Teniente Vidal, Coyhaique Ad.",-45.59083,-72.10222,13.399999999999999
2002-02-12,450005.0,Balmaceda Ad.,-45.91833,-71.67778,13.285714285714286
2002-02-12,520006.0,"Carlos Ibañez, Punta Arenas Ap.",-53.00167,-70.83861,7.8999999999999995
2002-02-12,530005.0,"Fuentes Martínez, Porvenir Ad.",-53.25361,-70.32611,8.233333333333333
2002-02-12,950001.0,"C.M.A. Eduardo Frei Montalva, Antártica ",-62.19194,-58.97972,1.7625
2002-02-13,180005.0,"Chacalluta, Arica Ap.",-18.35555,-70.34028,21.958333333333332
2002-02-13,200006.0,Diego Aracena Iquique Ap.,-20.54917,-70.18111,22.1875
2002-02-13,220002.0,"El Loa, Calama Ad.",-22.49806,-68.8925,19.1375
2002-02-13,270001.0,Mataveri  Isla de Pascua Ap.,-27.15889,-109.4325,22.849999999999998
2002-02-13,290004.0,"La Florida, La Serena Ad.",-29.91444,-71.20667,17.52777777777778
2002-02-13,330007.0,"Rodelillo, Ad.",-33.06528,-71.55639,17.93076923076923
2002-02-13,330019.0,"Eulogio Sánchez, Tobalaba Ad.",-33.45528,-70.54861,24.792307692307695
2002-02-13,330020.0,"Quinta Normal, Santiago",-33.445,-70.68278,23.759999999999998
2002-02-13,330021.0,Pudahuel Santiago ,-33.37833,-70.78778,20.412499999999998
2002-02-13,330030.0,"Santo Domingo, Ad.",-33.65611,-71.61333,17.635714285714286
2002-02-13,330031.0,"Juan Fernández, Estación Meteorológica.",-33.63583,-78.83305,21.02
2002-02-13,340031.0,"General Freire, Curicó Ad.",-34.96944,-71.21694,24.62857142857143
2002-02-13,360011.0,"General Bernardo O'Higgins, Chillán Ad.",-36.58583,-72.03667,24.99230769230769
2002-02-13,360019.0,"Carriel Sur, Concepción Ap.",-36.78055,-73.06639,15.720833333333333
2002-02-13,370033.0,"María Dolores, Los Angeles Ad.",-37.39694,-72.42389,24.823076923076922
2002-02-13,380013.0,"Maquehue, Temuco Ad.",-38.76778,-72.63194,16.62
2002-02-13,390006.0,"Pichoy, Valdivia Ad.",-39.65667,-73.08722,17.954545454545453
2002-02-13,410005.0,El Tepual  Puerto Montt Ap.,-41.4475,-73.09583,10.299999999999999
2002-02-13,430001.0,Quellón Ad.,-43.13361,-73.63278,12.3
2002-02-13,430002.0,Futaleufú Ad.,-43.18889,-71.85222,13.8
2002-02-13,450004.0,"Teniente Vidal, Coyhaique Ad.",-45.59083,-72.10222,12.076923076923077
2002-02-13,450005.0,Balmaceda Ad.,-45.91833,-71.67778,8.592857142857143
2002-02-13,520006.0,"Carlos Ibañez, Punta Arenas Ap.",-53.00167,-70.83861,7.452000000000001
2002-02-13,530005.0,"Fuentes Martínez, Porvenir Ad.",-53.25361,-70.32611,9.133333333333333
2002-02-13,950001.0,"C.M.A. Eduardo Frei Montalva, Antártica ",-62.19194,-58.97972,1.72
2002-02-14,180005.0,"Chacalluta, Arica Ap.",-18.35555,-70.34028,22.7
2002-02-14,200006.0,Diego Aracena Iquique Ap.,-20.54917,-70.18111,21.95
2002-02-14,220002.0,"El Loa, Calama Ad.",-22.49806,-68.8925,17.75625
2002-02-14,270001.0,Mataveri  Isla de Pascua Ap.,-27.15889,-109.4325,22.635714285714283
2002-02-14,290004.0,"La Florida, La Serena Ad.",-29.91444,-71.20667,16.994444444444444
2002-02-14,330007.0,"Rodelillo, Ad.",-33.06528,-71.55639,16.214285714285715
2002-02-14,330019.0,"Eulogio Sánchez, Tobalaba Ad.",-33.45528,-70.54861,24.96153846153846
2002-02-14,330020.0,"Quinta Normal, Santiago",-33.445,-70.68278,24.04
2002-02-14,330021.0,Pudahuel Santiago ,-33.37833,-70.78778,20.708333333333332
2002-02-14,330030.0,"Santo Domingo, Ad.",-33.65611,-71.61333,16.428571428571427
2002-02-14,330031.0,"Juan Fernández, Estación Meteorológica.",-33.63583,-78.83305,17.56
2002-02-14,340031.0,"General Freire, Curicó Ad.",-34.96944,-71.21694,23.014285714285712
2002-02-14,360011.0,"General Bernardo O'Higgins, Chillán Ad.",-36.58583,-72.03667,22.523076923076925
2002-02-14,360019.0,"Carriel Sur, Concepción Ap.",-36.78055,-73.06639,14.133333333333333
2002-02-14,370033.0,"María Dolores, Los Angeles Ad.",-37.39694,-72.42389,20.650000000000002
2002-02-14,380013.0,"Maquehue, Temuco Ad.",-38.76778,-72.63194,12.558333333333332
2002-02-14,390006.0,"Pichoy, Valdivia Ad.",-39.65667,-73.08722,18.383333333333333
2002-02-14,400009.0,"Cañal Bajo,  Osorno Ad.",-40.61444,-73.0575,14.919999999999998
2002-02-14,410005.0,El Tepual  Puerto Montt Ap.,-41.4475,-73.09583,10.700000000000001
2002-02-14,430001.0,Quellón Ad.,-43.13361,-73.63278,14.059999999999999
2002-02-14,430002.0,Futaleufú Ad.,-43.18889,-71.85222,15.566666666666666
2002-02-14,450004.0,"Teniente Vidal, Coyhaique Ad.",-45.59083,-72.10222,14.353846153846153
2002-02-14,450005.0,Balmaceda Ad.,-45.91833,-71.67778,11.392857142857142
2002-02-14,520006.0,"Carlos Ibañez, Punta Arenas Ap.",-53.00167,-70.83861,5.9375
2002-02-14,530005.0,"Fuentes Martínez, Porvenir Ad.",-53.25361,-70.32611,7.8500000000000005
2002-02-14,950001.0,"C.M.A. Eduardo Frei Montalva, Antártica ",-62.19194,-58.97972,1.0166666666666666
2002-02-15,180005.0,"Chacalluta, Arica Ap.",-18.35555,-70.34028,22.504166666666666
2002-02-15,200006.0,Diego Aracena Iquique Ap.,-20.54917,-70.18111,21.979166666666668
2002-02-15,220002.0,"El Loa, Calama Ad.",-22.49806,-68.8925,18.34375
2002-02-15,270001.0,Mataveri  Isla de Pascua Ap.,-27.15889,-109.4325,23.87777777777778
2002-02-15,290004.0,"La Florida, La Serena Ad.",-29.91444,-71.20667,16.905555555555555
2002-02-15,330007.0,"Rodelillo, Ad.",-33.06528,-71.55639,17.276923076923076
2002-02-15,330019.0,"Eulogio Sánchez, Tobalaba Ad.",-33.45528,-70.54861,24.50769230769231
2002-02-15,330020.0,"Quinta Normal, Santiago",-33.445,-70.68278,23.6
2002-02-15,330021.0,Pudahuel Santiago ,-33.37833,-70.78778,20.045833333333334
2002-02-15,330030.0,"Santo Domingo, Ad.",-33.65611,-71.61333,17.442857142857143
2002-02-15,330031.0,"Juan Fernández, Estación Meteorológica.",-33.63583,-78.83305,17.919999999999998
2002-02-15,340031.0,"General Freire, Curicó Ad.",-34.96944,-71.21694,24.907692307692308
2002-02-15,360011.0,"General Bernardo O'Higgins, Chillán Ad.",-36.58583,-72.03667,23.76923076923077
2002-02-15,360019.0,"Carriel Sur, Concepción Ap.",-36.78055,-73.06639,14.2875
2002-02-15,370033.0,"María Dolores, Los Angeles Ad.",-37.39694,-72.42389,20.333333333333332
2002-02-15,380013.0,"Maquehue, Temuco Ad.",-38.76778,-72.63194,14.120833333333335
2002-02-15,390006.0,"Pichoy, Valdivia Ad.",-39.65667,-73.08722,19.2
2002-02-15,400009.0,"Cañal Bajo,  Osorno Ad.",-40.61444,-73.0575,16.259999999999998
2002-02-15,410005.0,El Tepual  Puerto Montt Ap.,-41.4475,-73.09583,12.0625
2002-02-15,430001.0,Quellón Ad.,-43.13361,-73.63278,13.819999999999999
2002-02-15,430002.0,Futaleufú Ad.,-43.18889,-71.85222,18.077777777777776
2002-02-15,450004.0,"Teniente Vidal, Coyhaique Ad.",-45.59083,-72.10222,17.653846153846153
2002-02-15,450005.0,Balmaceda Ad.,-45.91833,-71.67778,14.078571428571427
2002-02-15,520006.0,"Carlos Ibañez, Punta Arenas Ap.",-53.00167,-70.83861,10.308333333333334
2002-02-15,530005.0,"Fuentes Martínez, Porvenir Ad.",-53.25361,-70.32611,12.35
2002-02-15,950001.0,"C.M.A. Eduardo Frei Montalva, Antártica ",-62.19194,-58.97972,0.95
2002-02-16,180005.0,"Chacalluta, Arica Ap.",-18.35555,-70.34028,22.474999999999998
2002-02-16,200006.0,Diego Aracena Iquique Ap.,-20.54917,-70.18111,21.479166666666668
2002-02-16,220002.0,"El Loa, Calama Ad.",-22.49806,-68.8925,18.775
2002-02-16,270001.0,Mataveri  Isla de Pascua Ap.,-27.15889,-109.4325,24.98125
2002-02-16,290004.0,"La Florida, La Serena Ad.",-29.91444,-71.20667,16.88888888888889
2002-02-16,330007.0,"Rodelillo, Ad.",-33.06528,-71.55639,16.984615384615385
2002-02-16,330019.0,"Eulogio Sánchez, Tobalaba Ad.",-33.45528,-70.54861,24.53076923076923
2002-02-16,330020.0,"Quinta Normal, Santiago",-33.445,-70.68278,23.14
2002-02-16,330021.0,Pudahuel Santiago ,-33.37833,-70.78778,19.770833333333332
2002-02-16,330030.0,"Santo Domingo, Ad.",-33.65611,-71.61333,15.585714285714285
2002-02-16,330031.0,"Juan Fernández, Estación Meteorológica.",-33.63583,-78.83305,18.05
2002-02-16,340031.0,"General Freire, Curicó Ad.",-34.96944,-71.21694,23.99285714285714
2002-02-16,360011.0,"General Bernardo O'Higgins, Chillán Ad.",-36.58583,-72.03667,24.353846153846156
2002-02-16,360019.0,"Carriel Sur, Concepción Ap.",-36.78055,-73.06639,13.220833333333333
2002-02-16,370033.0,"María Dolores, Los Angeles Ad.",-37.39694,-72.42389,23.066666666666666
2002-02-16,380013.0,"Maquehue, Temuco Ad.",-38.76778,-72.63194,14.796
2002-02-16,390006.0,"Pichoy, Valdivia Ad.",-39.65667,-73.08722,21.083333333333332
2002-02-16,400009.0,"Cañal Bajo,  Osorno Ad.",-40.61444,-73.0575,18.32
2002-02-16,410005.0,El Tepual  Puerto Montt Ap.,-41.4475,-73.09583,12.862499999999999
2002-02-16,450004.0,"Teniente Vidal, Coyhaique Ad.",-45.59083,-72.10222,22.16923076923077
2002-02-16,450005.0,Balmaceda Ad.,-45.91833,-71.67778,19.186666666666667
2002-02-16,520006.0,"Carlos Ibañez, Punta Arenas Ap.",-53.00167,-70.83861,13.108333333333334
2002-02-16,530005.0,"Fuentes Martínez, Porvenir Ad.",-53.25361,-70.32611,16.283333333333335
2002-02-16,950001.0,"C.M.A. Eduardo Frei Montalva, Antártica ",-62.19194,-58.97972,2.41875
2002-02-17,180005.0,"Chacalluta, Arica Ap.",-18.35555,-70.34028,22.3875
2002-02-17,200006.0,Diego Aracena Iquique Ap.,-20.54917,-70.18111,22.079166666666666
2002-02-17,220002.0,"El Loa, Calama Ad.",-22.49806,-68.8925,21.683333333333334
2002-02-17,270001.0,Mataveri  Isla de Pascua Ap.,-27.15889,-109.4325,26.033333333333335
2002-02-17,290004.0,"La Florida, La Serena Ad.",-29.91444,-71.20667,16.910526315789475
2002-02-17,330007.0,"Rodelillo, Ad.",-33.06528,-71.55639,16.66923076923077
2002-02-17,330019.0,"Eulogio Sánchez, Tobalaba Ad.",-33.45528,-70.54861,23.4
2002-02-17,330020.0,"Quinta Normal, Santiago",-33.445,-70.68278,22.119999999999997
2002-02-17,330021.0,Pudahuel Santiago ,-33.37833,-70.78778,18.616666666666667
2002-02-17,330030.0,"Santo Domingo, Ad.",-33.65611,-71.61333,15.914285714285715
2002-02-17,330031.0,"Juan Fernández, Estación Meteorológica.",-33.63583,-78.83305,17.875
2002-02-17,340031.0,"General Freire, Curicó Ad.",-34.96944,-71.21694,22.12142857142857
2002-02-17,360011.0,"General Bernardo O'Higgins, Chillán Ad.",-36.58583,-72.03667,21.6
2002-02-17,360019.0,"Carriel Sur, Concepción Ap.",-36.78055,-73.06639,14.754166666666668
2002-02-17,370033.0,"María Dolores, Los Angeles Ad.",-37.39694,-72.42389,21.0
2002-02-17,380013.0,"Maquehue, Temuco Ad.",-38.76778,-72.63194,14.65
2002-02-17,390006.0,"Pichoy, Valdivia Ad.",-39.65667,-73.08722,17.316666666666666
2002-02-17,400009.0,"Cañal Bajo,  Osorno Ad.",-40.61444,-73.0575,18.419999999999998
2002-02-17,410005.0,El Tepual  Puerto Montt Ap.,-41.4475,-73.09583,14.924000000000001
2002-02-17,450004.0,"Teniente Vidal, Coyhaique Ad.",-45.59083,-72.10222,24.93846153846154
2002-02-17,450005.0,Balmaceda Ad.,-45.91833,-71.67778,24.37857142857143
2002-02-17,520006.0,"Carlos Ibañez, Punta Arenas Ap.",-53.00167,-70.83861,14.545833333333334
2002-02-17,950001.0,"C.M.A. Eduardo Frei Montalva, Antártica ",-62.19194,-58.97972,2.4636363636363634
2002-02-18,180005.0,"Chacalluta, Arica Ap.",-18.35555,-70.34028,22.84583333333333
2002-02-18,200006.0,Diego Aracena Iquique Ap.,-20.54917,-70.18111,21.829166666666666
2002-02-18,220002.0,"El Loa, Calama Ad.",-22.49806,-68.8925,19.2375
2002-02-18,270001.0,Mataveri  Isla de Pascua Ap.,-27.15889,-109.4325,24.65833333333333
2002-02-18,290004.0,"La Florida, La Serena Ad.",-29.91444,-71.20667,16.433333333333334
2002-02-18,330007.0,"Rodelillo, Ad.",-33.06528,-71.55639,18.599999999999998
2002-02-18,330019.0,"Eulogio Sánchez, Tobalaba Ad.",-33.45528,-70.54861,24.661538461538463
2002-02-18,330020.0,"Quinta Normal, Santiago",-33.445,-70.68278,23.619999999999997
2002-02-18,330021.0,Pudahuel Santiago ,-33.37833,-70.78778,19.724999999999998
2002-02-18,330030.0,"Santo Domingo, Ad.",-33.65611,-71.61333,16.157142857142855
2002-02-18,330031.0,"Juan Fernández, Estación Meteorológica.",-33.63583,-78.83305,18.0
2002-02-18,340031.0,"General Freire, Curicó Ad.",-34.96944,-71.21694,22.314285714285713
2002-02-18,360011.0,"General Bernardo O'Higgins, Chillán Ad.",-36.58583,-72.03667,22.915384615384614
2002-02-18,360019.0,"Carriel Sur, Concepción Ap.",-36.78055,-73.06639,14.758333333333333
2002-02-18,370033.0,"María Dolores, Los Angeles Ad.",-37.39694,-72.42389,21.0
2002-02-18,380013.0,"Maquehue, Temuco Ad.",-38.76778,-72.63194,17.787499999999998
2002-02-18,390006.0,"Pichoy, Valdivia Ad.",-39.65667,-73.08722,22.891666666666666
2002-02-18,400009.0,"Cañal Bajo,  Osorno Ad.",-40.61444,-73.0575,17.2
2002-02-18,410005.0,El Tepual  Puerto Montt Ap.,-41.4475,-73.09583,14.5
2002-02-18,430001.0,Quellón Ad.,-43.13361,-73.63278,15.24
2002-02-18,430002.0,Futaleufú Ad.,-43.18889,-71.85222,22.208333333333332
2002-02-18,450004.0,"Teniente Vidal, Coyhaique Ad.",-45.59083,-72.10222,23.576923076923077
2002-02-18,450005.0,Balmaceda Ad.,-45.91833,-71.67778,21.085714285714285
2002-02-18,520006.0,"Carlos Ibañez, Punta Arenas Ap.",-53.00167,-70.83861,13.975
2002-02-18,530005.0,"Fuentes Martínez, Porvenir Ad.",-53.25361,-70.32611,14.833333333333334
2002-02-18,950001.0,"C.M.A. Eduardo Frei Montalva, Antártica ",-62.19194,-58.97972,2.07
2002-02-19,180005.0,"Chacalluta, Arica Ap.",-18.35555,-70.34028,22.070833333333336
2002-02-19,200006.0,Diego Aracena Iquique Ap.,-20.54917,-70.18111,21.379166666666666
2002-02-19,220002.0,"El Loa, Calama Ad.",-22.49806,-68.8925,18.8125
2002-02-19,270001.0,Mataveri  Isla de Pascua Ap.,-27.15889,-109.4325,25.73
2002-02-19,290004.0,"La Florida, La Serena Ad.",-29.91444,-71.20667,16.294444444444444
2002-02-19,330007.0,"Rodelillo, Ad.",-33.06528,-71.55639,15.0
2002-02-19,330019.0,"Eulogio Sánchez, Tobalaba Ad.",-33.45528,-70.54861,24.83076923076923
2002-02-19,330020.0,"Quinta Normal, Santiago",-33.445,-70.68278,23.86
2002-02-19,330021.0,Pudahuel Santiago ,-33.37833,-70.78778,19.772000000000002
2002-02-19,330030.0,"Santo Domingo, Ad.",-33.65611,-71.61333,15.592857142857143
2002-02-19,330031.0,"Juan Fernández, Estación Meteorológica.",-33.63583,-78.83305,19.66
2002-02-19,340031.0,"General Freire, Curicó Ad.",-34.96944,-71.21694,24.815384615384616
2002-02-19,360011.0,"General Bernardo O'Higgins, Chillán Ad.",-36.58583,-72.03667,30.16923076923077
2002-02-19,360019.0,"Carriel Sur, Concepción Ap.",-36.78055,-73.06639,18.283333333333335
2002-02-19,370033.0,"María Dolores, Los Angeles Ad.",-37.39694,-72.42389,25.26666666666667
2002-02-19,380013.0,"Maquehue, Temuco Ad.",-38.76778,-72.63194,19.545833333333334
2002-02-19,390006.0,"Pichoy, Valdivia Ad.",-39.65667,-73.08722,23.245454545454546
2002-02-19,410005.0,El Tepual  Puerto Montt Ap.,-41.4475,-73.09583,14.804
2002-02-19,430001.0,Quellón Ad.,-43.13361,-73.63278,20.259999999999998
2002-02-19,430002.0,Futaleufú Ad.,-43.18889,-71.85222,25.96923076923077
2002-02-19,450004.0,"Teniente Vidal, Coyhaique Ad.",-45.59083,-72.10222,24.415384615384614
2002-02-19,450005.0,Balmaceda Ad.,-45.91833,-71.67778,21.5
2002-02-19,520006.0,"Carlos Ibañez, Punta Arenas Ap.",-53.00167,-70.83861,15.262500000000001
2002-02-19,530005.0,"Fuentes Martínez, Porvenir Ad.",-53.25361,-70.32611,16.583333333333332
2002-02-19,950001.0,"C.M.A. Eduardo Frei Montalva, Antártica ",-62.19194,-58.97972,1.3
2002-02-20,180005.0,"Chacalluta, Arica Ap.",-18.35555,-70.34028,22.691666666666666
2002-02-20,200006.0,Diego Aracena Iquique Ap.,-20.54917,-70.18111,22.6375
2002-02-20,220002.0,"El Loa, Calama Ad.",-22.49806,-68.8925,18.575
2002-02-20,270001.0,Mataveri  Isla de Pascua Ap.,-27.15889,-109.4325,26.130000000000003
2002-02-20,290004.0,"La Florida, La Serena Ad.",-29.91444,-71.20667,18.16111111111111
2002-02-20,330007.0,"Rodelillo, Ad.",-33.06528,-71.55639,16.276923076923076
2002-02-20,330019.0,"Eulogio Sánchez, Tobalaba Ad.",-33.45528,-70.54861,24.623076923076926
2002-02-20,330020.0,"Quinta Normal, Santiago",-33.445,-70.68278,23.1
2002-02-20,330021.0,Pudahuel Santiago ,-33.37833,-70.78778,19.920833333333334
2002-02-20,330030.0,"Santo Domingo, Ad.",-33.65611,-71.61333,18.464285714285715
2002-02-20,330031.0,"Juan Fernández, Estación Meteorológica.",-33.63583,-78.83305,19.720000000000002
2002-02-20,340031.0,"General Freire, Curicó Ad.",-34.96944,-71.21694,22.77692307692308
2002-02-20,360011.0,"General Bernardo O'Higgins, Chillán Ad.",-36.58583,-72.03667,28.576923076923077
2002-02-20,360019.0,"Carriel Sur, Concepción Ap.",-36.78055,-73.06639,13.711538461538462
2002-02-20,370033.0,"María Dolores, Los Angeles Ad.",-37.39694,-72.42389,29.03333333333333
2002-02-20,380013.0,"Maquehue, Temuco Ad.",-38.76778,-72.63194,23.0625
2002-02-20,390006.0,"Pichoy, Valdivia Ad.",-39.65667,-73.08722,25.333333333333332
2002-02-20,410005.0,El Tepual  Puerto Montt Ap.,-41.4475,-73.09583,17.007692307692306
2002-02-20,430001.0,Quellón Ad.,-43.13361,-73.63278,21.740000000000002
2002-02-20,430002.0,Futaleufú Ad.,-43.18889,-71.85222,28.123076923076926
2002-02-20,450004.0,"Teniente Vidal, Coyhaique Ad.",-45.59083,-72.10222,25.676923076923078
2002-02-20,450005.0,Balmaceda Ad.,-45.91833,-71.67778,21.814285714285713
2002-02-20,520006.0,"Carlos Ibañez, Punta Arenas Ap.",-53.00167,-70.83861,15.858333333333334
2002-02-20,530005.0,"Fuentes Martínez, Porvenir Ad.",-53.25361,-70.32611,16.349999999999998
2002-02-20,950001.0,"C.M.A. Eduardo Frei Montalva, Antártica ",-62.19194,-58.97972,1.6454545454545455
2002-02-21,180005.0,"Chacalluta, Arica Ap.",-18.35555,-70.34028,22.78333333333333
2002-02-21,200006.0,Diego Aracena Iquique Ap.,-20.54917,-70.18111,22.425
2002-02-21,220002.0,"El Loa, Calama Ad.",-22.49806,-68.8925,18.68125
2002-02-21,270001.0,Mataveri  Isla de Pascua Ap.,-27.15889,-109.4325,25.9
2002-02-21,290004.0,"La Florida, La Serena Ad.",-29.91444,-71.20667,18.833333333333332
2002-02-21,330007.0,"Rodelillo, Ad.",-33.06528,-71.55639,19.36923076923077
2002-02-21,330019.0,"Eulogio Sánchez, Tobalaba Ad.",-33.45528,-70.54861,22.564285714285713
2002-02-21,330020.0,"Quinta Normal, Santiago",-33.445,-70.68278,22.28
2002-02-21,330021.0,Pudahuel Santiago ,-33.37833,-70.78778,19.462500000000002
2002-02-21,330030.0,"Santo Domingo, Ad.",-33.65611,-71.61333,19.957142857142856
2002-02-21,330031.0,"Juan Fernández, Estación Meteorológica.",-33.63583,-78.83305,19.66
2002-02-21,340031.0,"General Freire, Curicó Ad.",-34.96944,-71.21694,20.746153846153845
2002-02-21,360011.0,"General Bernardo O'Higgins, Chillán Ad.",-36.58583,-72.03667,21.83076923076923
2002-02-21,360019.0,"Carriel Sur, Concepción Ap.",-36.78055,-73.06639,15.6625
2002-02-21,370033.0,"María Dolores, Los Angeles Ad.",-37.39694,-72.42389,25.133333333333336
2002-02-21,380013.0,"Maquehue, Temuco Ad.",-38.76778,-72.63194,21.662499999999998
2002-02-21,390006.0,"Pichoy, Valdivia Ad.",-39.65667,-73.08722,26.400000000000002
2002-02-21,400009.0,"Cañal Bajo,  Osorno Ad.",-40.61444,-73.0575,21.259999999999998
2002-02-21,410005.0,El Tepual  Puerto Montt Ap.,-41.4475,-73.09583,17.3125
2002-02-21,430001.0,Quellón Ad.,-43.13361,-73.63278,18.18
2002-02-21,430002.0,Futaleufú Ad.,-43.18889,-71.85222,26.36923076923077
2002-02-21,450004.0,"Teniente Vidal, Coyhaique Ad.",-45.59083,-72.10222,23.36923076923077
2002-02-21,450005.0,Balmaceda Ad.,-45.91833,-71.67778,20.092857142857145
2002-02-21,520006.0,"Carlos Ibañez, Punta Arenas Ap.",-53.00167,-70.83861,10.112499999999999
2002-02-21,530005.0,"Fuentes Martínez, Porvenir Ad.",-53.25361,-70.32611,11.283333333333333
2002-02-21,950001.0,"C.M.A. Eduardo Frei Montalva, Antártica ",-62.19194,-58.97972,2.2
2002-02-22,180005.0,"Chacalluta, Arica Ap.",-18.35555,-70.34028,22.275000000000002
2002-02-22,200006.0,Diego Aracena Iquique Ap.,-20.54917,-70.18111,21.412499999999998
2002-02-22,220002.0,"El Loa, Calama Ad.",-22.49806,-68.8925,19.2125
2002-02-22,270001.0,Mataveri  Isla de Pascua Ap.,-27.15889,-109.4325,24.54615384615385
2002-02-22,290004.0,"La Florida, La Serena Ad.",-29.91444,-71.20667,18.966666666666665
2002-02-22,330007.0,"Rodelillo, Ad.",-33.06528,-71.55639,18.66923076923077
2002-02-22,330019.0,"Eulogio Sánchez, Tobalaba Ad.",-33.45528,-70.54861,25.338461538461537
2002-02-22,330020.0,"Quinta Normal, Santiago",-33.445,-70.68278,24.0
2002-02-22,330021.0,Pudahuel Santiago ,-33.37833,-70.78778,20.724999999999998
2002-02-22,330030.0,"Santo Domingo, Ad.",-33.65611,-71.61333,17.635714285714286
2002-02-22,330031.0,"Juan Fernández, Estación Meteorológica.",-33.63583,-78.83305,19.64
2002-02-22,340031.0,"General Freire, Curicó Ad.",-34.96944,-71.21694,24.384615384615383
2002-02-22,360011.0,"General Bernardo O'Higgins, Chillán Ad.",-36.58583,-72.03667,24.476923076923075
2002-02-22,360019.0,"Carriel Sur, Concepción Ap.",-36.78055,-73.06639,15.963999999999999
2002-02-22,370033.0,"María Dolores, Los Angeles Ad.",-37.39694,-72.42389,20.466666666666665
2002-02-22,380013.0,"Maquehue, Temuco Ad.",-38.76778,-72.63194,17.349999999999998
2002-02-22,390006.0,"Pichoy, Valdivia Ad.",-39.65667,-73.08722,21.345454545454547
2002-02-22,400009.0,"Cañal Bajo,  Osorno Ad.",-40.61444,-73.0575,18.04
2002-02-22,410005.0,El Tepual  Puerto Montt Ap.,-41.4475,-73.09583,13.804166666666667
2002-02-22,430001.0,Quellón Ad.,-43.13361,-73.63278,14.86
2002-02-22,430002.0,Futaleufú Ad.,-43.18889,-71.85222,19.76153846153846
2002-02-22,450004.0,"Teniente Vidal, Coyhaique Ad.",-45.59083,-72.10222,15.661538461538461
2002-02-22,450005.0,Balmaceda Ad.,-45.91833,-71.67778,13.700000000000001
2002-02-22,520006.0,"Carlos Ibañez, Punta Arenas Ap.",-53.00167,-70.83861,6.991666666666667
2002-02-22,530005.0,"Fuentes Martínez, Porvenir Ad.",-53.25361,-70.32611,8.116666666666667
2002-02-22,950001.0,"C.M.A. Eduardo Frei Montalva, Antártica ",-62.19194,-58.97972,1.8823529411764706
2002-02-23,180005.0,"Chacalluta, Arica Ap.",-18.35555,-70.34028,21.791666666666668
2002-02-23,200006.0,Diego Aracena Iquique Ap.,-20.54917,-70.18111,20.8625
2002-02-23,220002.0,"El Loa, Calama Ad.",-22.49806,-68.8925,19.44
2002-02-23,270001.0,Mataveri  Isla de Pascua Ap.,-27.15889,-109.4325,25.02
2002-02-23,290004.0,"La Florida, La Serena Ad.",-29.91444,-71.20667,18.205555555555556
2002-02-23,330007.0,"Rodelillo, Ad.",-33.06528,-71.55639,17.56923076923077
2002-02-23,330019.0,"Eulogio Sánchez, Tobalaba Ad.",-33.45528,-70.54861,26.176923076923078
2002-02-23,330020.0,"Quinta Normal, Santiago",-33.445,-70.68278,24.759999999999998
2002-02-23,330021.0,Pudahuel Santiago ,-33.37833,-70.78778,20.159259259259258
2002-02-23,330030.0,"Santo Domingo, Ad.",-33.65611,-71.61333,18.442857142857143
2002-02-23,330031.0,"Juan Fernández, Estación Meteorológica.",-33.63583,-78.83305,18.25
2002-02-23,340031.0,"General Freire, Curicó Ad.",-34.96944,-71.21694,25.053846153846152
2002-02-23,360011.0,"General Bernardo O'Higgins, Chillán Ad.",-36.58583,-72.03667,24.815384615384616
2002-02-23,360019.0,"Carriel Sur, Concepción Ap.",-36.78055,-73.06639,16.483333333333334
2002-02-23,370033.0,"María Dolores, Los Angeles Ad.",-37.39694,-72.42389,21.866666666666664
2002-02-23,380013.0,"Maquehue, Temuco Ad.",-38.76778,-72.63194,14.75
2002-02-23,390006.0,"Pichoy, Valdivia Ad.",-39.65667,-73.08722,20.208333333333332
2002-02-23,400009.0,"Cañal Bajo,  Osorno Ad.",-40.61444,-73.0575,15.959999999999999
2002-02-23,410005.0,El Tepual  Puerto Montt Ap.,-41.4475,-73.09583,12.183333333333332
2002-02-23,430002.0,Futaleufú Ad.,-43.18889,-71.85222,18.607692307692307
2002-02-23,450004.0,"Teniente Vidal, Coyhaique Ad.",-45.59083,-72.10222,15.73076923076923
2002-02-23,450005.0,Balmaceda Ad.,-45.91833,-71.67778,9.5
2002-02-23,520006.0,"Carlos Ibañez, Punta Arenas Ap.",-53.00167,-70.83861,7.648
2002-02-23,530005.0,"Fuentes Martínez, Porvenir Ad.",-53.25361,-70.32611,9.783333333333333
2002-02-23,950001.0,"C.M.A. Eduardo Frei Montalva, Antártica ",-62.19194,-58.97972,0.7857142857142857
2002-02-24,180005.0,"Chacalluta, Arica Ap.",-18.35555,-70.34028,22.337500000000002
2002-02-24,200006.0,Diego Aracena Iquique Ap.,-20.54917,-70.18111,21.104166666666668
2002-02-24,220002.0,"El Loa, Calama Ad.",-22.49806,-68.8925,22.099999999999998
2002-02-24,270001.0,Mataveri  Isla de Pascua Ap.,-27.15889,-109.4325,25.53846153846154
2002-02-24,290004.0,"La Florida, La Serena Ad.",-29.91444,-71.20667,17.989473684210527
2002-02-24,330007.0,"Rodelillo, Ad.",-33.06528,-71.55639,16.953846153846154
2002-02-24,330019.0,"Eulogio Sánchez, Tobalaba Ad.",-33.45528,-70.54861,26.430769230769233
2002-02-24,330020.0,"Quinta Normal, Santiago",-33.445,-70.68278,25.639999999999997
2002-02-24,330021.0,Pudahuel Santiago ,-33.37833,-70.78778,21.928
2002-02-24,330030.0,"Santo Domingo, Ad.",-33.65611,-71.61333,19.407142857142855
2002-02-24,330031.0,"Juan Fernández, Estación Meteorológica.",-33.63583,-78.83305,17.9
2002-02-24,340031.0,"General Freire, Curicó Ad.",-34.96944,-71.21694,26.06153846153846
2002-02-24,360011.0,"General Bernardo O'Higgins, Chillán Ad.",-36.58583,-72.03667,25.66923076923077
2002-02-24,360019.0,"Carriel Sur, Concepción Ap.",-36.78055,-73.06639,15.475
2002-02-24,370033.0,"María Dolores, Los Angeles Ad.",-37.39694,-72.42389,21.133333333333333
2002-02-24,380013.0,"Maquehue, Temuco Ad.",-38.76778,-72.63194,14.5
2002-02-24,390006.0,"Pichoy, Valdivia Ad.",-39.65667,-73.08722,19.291666666666668
2002-02-24,400009.0,"Cañal Bajo,  Osorno Ad.",-40.61444,-73.0575,15.940000000000001
2002-02-24,410005.0,El Tepual  Puerto Montt Ap.,-41.4475,-73.09583,10.936
2002-02-24,430002.0,Futaleufú Ad.,-43.18889,-71.85222,19.7
2002-02-24,450004.0,"Teniente Vidal, Coyhaique Ad.",-45.59083,-72.10222,14.16923076923077
2002-02-24,450005.0,Balmaceda Ad.,-45.91833,-71.67778,13.314285714285715
2002-02-24,520006.0,"Carlos Ibañez, Punta Arenas Ap.",-53.00167,-70.83861,12.112499999999999
2002-02-24,950001.0,"C.M.A. Eduardo Frei Montalva, Antártica ",-62.19194,-58.97972,1.8625
2002-02-25,180005.0,"Chacalluta, Arica Ap.",-18.35555,-70.34028,23.175
2002-02-25,200006.0,Diego Aracena Iquique Ap.,-20.54917,-70.18111,21.6125
2002-02-25,220002.0,"El Loa, Calama Ad.",-22.49806,-68.8925,19.3875
2002-02-25,270001.0,Mataveri  Isla de Pascua Ap.,-27.15889,-109.4325,23.753846153846155
2002-02-25,290004.0,"La Florida, La Serena Ad.",-29.91444,-71.20667,18.044444444444444
2002-02-25,330007.0,"Rodelillo, Ad.",-33.06528,-71.55639,15.169230769230769
2002-02-25,330019.0,"Eulogio Sánchez, Tobalaba Ad.",-33.45528,-70.54861,25.45384615384615
2002-02-25,330020.0,"Quinta Normal, Santiago",-33.445,-70.68278,24.6
2002-02-25,330021.0,Pudahuel Santiago ,-33.37833,-70.78778,20.535999999999998
2002-02-25,330030.0,"Santo Domingo, Ad.",-33.65611,-71.61333,18.400000000000002
2002-02-25,330031.0,"Juan Fernández, Estación Meteorológica.",-33.63583,-78.83305,19.44
2002-02-25,340031.0,"General Freire, Curicó Ad.",-34.96944,-71.21694,24.23076923076923
2002-02-25,360011.0,"General Bernardo O'Higgins, Chillán Ad.",-36.58583,-72.03667,23.43846153846154
2002-02-25,360019.0,"Carriel Sur, Concepción Ap.",-36.78055,-73.06639,14.036
2002-02-25,370033.0,"María Dolores, Los Angeles Ad.",-37.39694,-72.42389,21.46666666666667
2002-02-25,380013.0,"Maquehue, Temuco Ad.",-38.76778,-72.63194,15.041666666666666
2002-02-25,390006.0,"Pichoy, Valdivia Ad.",-39.65667,-73.08722,14.892857142857142
2002-02-25,400009.0,"Cañal Bajo,  Osorno Ad.",-40.61444,-73.0575,15.2
2002-02-25,410005.0,El Tepual  Puerto Montt Ap.,-41.4475,-73.09583,14.332
2002-02-25,430001.0,Quellón Ad.,-43.13361,-73.63278,15.430000000000001
2002-02-25,430002.0,Futaleufú Ad.,-43.18889,-71.85222,14.508333333333333
2002-02-25,450004.0,"Teniente Vidal, Coyhaique Ad.",-45.59083,-72.10222,14.161538461538461
2002-02-25,450005.0,Balmaceda Ad.,-45.91833,-71.67778,12.142857142857142
2002-02-25,520006.0,"Carlos Ibañez, Punta Arenas Ap.",-53.00167,-70.83861,11.804166666666667
2002-02-25,530005.0,"Fuentes Martínez, Porvenir Ad.",-53.25361,-70.32611,11.866666666666667
2002-02-25,950001.0,"C.M.A. Eduardo Frei Montalva, Antártica ",-62.19194,-58.97972,3.435714285714286
2002-02-26,180005.0,"Chacalluta, Arica Ap.",-18.35555,-70.34028,22.71666666666667
2002-02-26,200006.0,Diego Aracena Iquique Ap.,-20.54917,-70.18111,21.849999999999998
2002-02-26,220002.0,"El Loa, Calama Ad.",-22.49806,-68.8925,19.75
2002-02-26,270001.0,Mataveri  Isla de Pascua Ap.,-27.15889,-109.4325,23.235714285714288
2002-02-26,290004.0,"La Florida, La Serena Ad.",-29.91444,-71.20667,18.038888888888888
2002-02-26,330007.0,"Rodelillo, Ad.",-33.06528,-71.55639,16.76923076923077
2002-02-26,330019.0,"Eulogio Sánchez, Tobalaba Ad.",-33.45528,-70.54861,24.946153846153848
2002-02-26,330020.0,"Quinta Normal, Santiago",-33.445,-70.68278,23.580000000000002
2002-02-26,330021.0,Pudahuel Santiago ,-33.37833,-70.78778,19.724999999999998
2002-02-26,330030.0,"Santo Domingo, Ad.",-33.65611,-71.61333,18.62857142857143
2002-02-26,330031.0,"Juan Fernández, Estación Meteorológica.",-33.63583,-78.83305,19.880000000000003
2002-02-26,340031.0,"General Freire, Curicó Ad.",-34.96944,-71.21694,23.638461538461538
2002-02-26,360011.0,"General Bernardo O'Higgins, Chillán Ad.",-36.58583,-72.03667,12.7
2002-02-26,360019.0,"Carriel Sur, Concepción Ap.",-36.78055,-73.06639,14.6
2002-02-26,370033.0,"María Dolores, Los Angeles Ad.",-37.39694,-72.42389,13.533333333333331
2002-02-26,380013.0,"Maquehue, Temuco Ad.",-38.76778,-72.63194,14.241666666666667
2002-02-26,390006.0,"Pichoy, Valdivia Ad.",-39.65667,-73.08722,16.816666666666666
2002-02-26,410005.0,El Tepual  Puerto Montt Ap.,-41.4475,-73.09583,13.325000000000001
2002-02-26,430001.0,Quellón Ad.,-43.13361,-73.63278,13.919999999999998
2002-02-26,430002.0,Futaleufú Ad.,-43.18889,-71.85222,12.092307692307692
2002-02-26,450004.0,"Teniente Vidal, Coyhaique Ad.",-45.59083,-72.10222,11.676923076923078
2002-02-26,450005.0,Balmaceda Ad.,-45.91833,-71.67778,8.72857142857143
2002-02-26,520006.0,"Carlos Ibañez, Punta Arenas Ap.",-53.00167,-70.83861,7.354166666666667
2002-02-26,530005.0,"Fuentes Martínez, Porvenir Ad.",-53.25361,-70.32611,8.549999999999999
2002-02-26,950001.0,"C.M.A. Eduardo Frei Montalva, Antártica ",-62.19194,-58.97972,3.783333333333333
2002-02-27,180005.0,"Chacalluta, Arica Ap.",-18.35555,-70.34028,22.291666666666668
2002-02-27,200006.0,Diego Aracena Iquique Ap.,-20.54917,-70.18111,21.695833333333336
2002-02-27,220002.0,"El Loa, Calama Ad.",-22.49806,-68.8925,19.15
2002-02-27,270001.0,Mataveri  Isla de Pascua Ap.,-27.15889,-109.4325,24.46666666666667
2002-02-27,290004.0,"La Florida, La Serena Ad.",-29.91444,-71.20667,17.65
2002-02-27,330007.0,"Rodelillo, Ad.",-33.06528,-71.55639,16.007692307692306
2002-02-27,330019.0,"Eulogio Sánchez, Tobalaba Ad.",-33.45528,-70.54861,22.838461538461537
2002-02-27,330020.0,"Quinta Normal, Santiago",-33.445,-70.68278,22.4
2002-02-27,330021.0,Pudahuel Santiago ,-33.37833,-70.78778,18.520833333333332
2002-02-27,330030.0,"Santo Domingo, Ad.",-33.65611,-71.61333,19.035714285714285
2002-02-27,330031.0,"Juan Fernández, Estación Meteorológica.",-33.63583,-78.83305,20.18
2002-02-27,340031.0,"General Freire, Curicó Ad.",-34.96944,-71.21694,19.146153846153847
2002-02-27,360011.0,"General Bernardo O'Higgins, Chillán Ad.",-36.58583,-72.03667,13.53076923076923
2002-02-27,360019.0,"Carriel Sur, Concepción Ap.",-36.78055,-73.06639,14.876
2002-02-27,370033.0,"María Dolores, Los Angeles Ad.",-37.39694,-72.42389,14.133333333333333
2002-02-27,380013.0,"Maquehue, Temuco Ad.",-38.76778,-72.63194,14.556
2002-02-27,390006.0,"Pichoy, Valdivia Ad.",-39.65667,-73.08722,15.184615384615386
2002-02-27,410005.0,El Tepual  Puerto Montt Ap.,-41.4475,-73.09583,13.415384615384616
2002-02-27,430001.0,Quellón Ad.,-43.13361,-73.63278,13.52
2002-02-27,430002.0,Futaleufú Ad.,-43.18889,-71.85222,8.838461538461539
2002-02-27,450004.0,"Teniente Vidal, Coyhaique Ad.",-45.59083,-72.10222,9.607692307692307
2002-02-27,450005.0,Balmaceda Ad.,-45.91833,-71.67778,8.346666666666668
2002-02-27,520006.0,"Carlos Ibañez, Punta Arenas Ap.",-53.00167,-70.83861,7.196000000000001
2002-02-27,530005.0,"Fuentes Martínez, Porvenir Ad.",-53.25361,-70.32611,10.383333333333333
2002-02-27,950001.0,"C.M.A. Eduardo Frei Montalva, Antártica ",-62.19194,-58.97972,1.0285714285714287
2002-02-28,180005.0,"Chacalluta, Arica Ap.",-18.35555,-70.34028,22.745833333333334
2002-02-28,200006.0,Diego Aracena Iquique Ap.,-20.54917,-70.18111,21.579166666666666
2002-02-28,220002.0,"El Loa, Calama Ad.",-22.49806,-68.8925,18.1375
2002-02-28,270001.0,Mataveri  Isla de Pascua Ap.,-27.15889,-109.4325,26.599999999999998
2002-02-28,290004.0,"La Florida, La Serena Ad.",-29.91444,-71.20667,17.91176470588235
2002-02-28,330007.0,"Rodelillo, Ad.",-33.06528,-71.55639,20.799999999999997
2002-02-28,330019.0,"Eulogio Sánchez, Tobalaba Ad.",-33.45528,-70.54861,20.861538461538462
2002-02-28,330020.0,"Quinta Normal, Santiago",-33.445,-70.68278,19.919999999999998
2002-02-28,330021.0,Pudahuel Santiago ,-33.37833,-70.78778,17.866666666666667
2002-02-28,330030.0,"Santo Domingo, Ad.",-33.65611,-71.61333,20.62857142857143
2002-02-28,330031.0,"Juan Fernández, Estación Meteorológica.",-33.63583,-78.83305,18.380000000000003
2002-02-28,340031.0,"General Freire, Curicó Ad.",-34.96944,-71.21694,17.861538461538462
2002-02-28,360011.0,"General Bernardo O'Higgins, Chillán Ad.",-36.58583,-72.03667,17.123076923076923
2002-02-28,360019.0,"Carriel Sur, Concepción Ap.",-36.78055,-73.06639,14.6
2002-02-28,370033.0,"María Dolores, Los Angeles Ad.",-37.39694,-72.42389,14.6
2002-02-28,380013.0,"Maquehue, Temuco Ad.",-38.76778,-72.63194,13.308333333333332
2002-02-28,390006.0,"Pichoy, Valdivia Ad.",-39.65667,-73.08722,15.741666666666667
2002-02-28,400009.0,"Cañal Bajo,  Osorno Ad.",-40.61444,-73.0575,14.440000000000001
2002-02-28,410005.0,El Tepual  Puerto Montt Ap.,-41.4475,-73.09583,10.504166666666666
2002-02-28,430001.0,Quellón Ad.,-43.13361,-73.63278,12.08
2002-02-28,430002.0,Futaleufú Ad.,-43.18889,-71.85222,9.533333333333333
2002-02-28,450004.0,"Teniente Vidal, Coyhaique Ad.",-45.59083,-72.10222,9.792307692307691
2002-02-28,450005.0,Balmaceda Ad.,-45.91833,-71.67778,6.5
2002-02-28,520006.0,"Carlos Ibañez, Punta Arenas Ap.",-53.00167,-70.83861,8.370833333333334
2002-02-28,530005.0,"Fuentes Martínez, Porvenir Ad.",-53.25361,-70.32611,9.416666666666666
2002-02-28,950001.0,"C.M.A. Eduardo Frei Montalva, Antártica ",-62.19194,-58.97972,1.6642857142857144
2002-03-01,180005.0,"Chacalluta, Arica Ap.",-18.35555,-70.34028,22.816666666666666
2002-03-01,200006.0,Diego Aracena Iquique Ap.,-20.54917,-70.18111,20.829166666666666
2002-03-01,220002.0,"El Loa, Calama Ad.",-22.49806,-68.8925,17.90625
2002-03-01,270001.0,Mataveri  Isla de Pascua Ap.,-27.15889,-109.4325,24.946153846153848
2002-03-01,290004.0,"La Florida, La Serena Ad.",-29.91444,-71.20667,18.066666666666666
2002-03-01,330007.0,"Rodelillo, Ad.",-33.06528,-71.55639,21.338461538461537
2002-03-01,330019.0,"Eulogio Sánchez, Tobalaba Ad.",-33.45528,-70.54861,25.26153846153846
2002-03-01,330020.0,"Quinta Normal, Santiago",-33.445,-70.68278,24.18
2002-03-01,330021.0,Pudahuel Santiago ,-33.37833,-70.78778,20.537499999999998
2002-03-01,330030.0,"Santo Domingo, Ad.",-33.65611,-71.61333,18.12142857142857
2002-03-01,330031.0,"Juan Fernández, Estación Meteorológica.",-33.63583,-78.83305,18.52
2002-03-01,340031.0,"General Freire, Curicó Ad.",-34.96944,-71.21694,19.684615384615384
2002-03-01,360011.0,"General Bernardo O'Higgins, Chillán Ad.",-36.58583,-72.03667,18.908333333333335
2002-03-01,360019.0,"Carriel Sur, Concepción Ap.",-36.78055,-73.06639,13.279166666666667
2002-03-01,370033.0,"María Dolores, Los Angeles Ad.",-37.39694,-72.42389,18.563636363636363
2002-03-01,380013.0,"Maquehue, Temuco Ad.",-38.76778,-72.63194,11.14
2002-03-01,390006.0,"Pichoy, Valdivia Ad.",-39.65667,-73.08722,14.092857142857143
2002-03-01,400009.0,"Cañal Bajo,  Osorno Ad.",-40.61444,-73.0575,13.48
2002-03-01,410005.0,El Tepual  Puerto Montt Ap.,-41.4475,-73.09583,11.991666666666667
2002-03-01,430001.0,Quellón Ad.,-43.13361,-73.63278,13.89
2002-03-01,430002.0,Futaleufú Ad.,-43.18889,-71.85222,14.507692307692308
2002-03-01,450004.0,"Teniente Vidal, Coyhaique Ad.",-45.59083,-72.10222,14.169230769230769
2002-03-01,450005.0,Balmaceda Ad.,-45.91833,-71.67778,11.835714285714285
2002-03-01,520006.0,"Carlos Ibañez, Punta Arenas Ap.",-53.00167,-70.83861,9.584
2002-03-01,530005.0,"Fuentes Martínez, Porvenir Ad.",-53.25361,-70.32611,10.799999999999999
2002-03-01,550001.0,"Guardiamarina Zañartu, Pto Williams Ad.",-54.93167,-67.61556,11.7
2002-03-01,950001.0,"C.M.A. Eduardo Frei Montalva, Antártica ",-62.19194,-58.97972,0.6333333333333333
2002-03-02,180005.0,"Chacalluta, Arica Ap.",-18.35555,-70.34028,21.712500000000002
2002-03-02,200006.0,Diego Aracena Iquique Ap.,-20.54917,-70.18111,20.691666666666666
2002-03-02,220002.0,"El Loa, Calama Ad.",-22.49806,-68.8925,18.1625
2002-03-02,270001.0,Mataveri  Isla de Pascua Ap.,-27.15889,-109.4325,24.69
2002-03-02,290004.0,"La Florida, La Serena Ad.",-29.91444,-71.20667,18.244444444444447
2002-03-02,330007.0,"Rodelillo, Ad.",-33.06528,-71.55639,21.200000000000003
2002-03-02,330019.0,"Eulogio Sánchez, Tobalaba Ad.",-33.45528,-70.54861,25.315384615384616
2002-03-02,330020.0,"Quinta Normal, Santiago",-33.445,-70.68278,24.18
2002-03-02,330021.0,Pudahuel Santiago ,-33.37833,-70.78778,20.683333333333334
2002-03-02,330030.0,"Santo Domingo, Ad.",-33.65611,-71.61333,16.585714285714285
2002-03-02,330031.0,"Juan Fernández, Estación Meteorológica.",-33.63583,-78.83305,18.700000000000003
2002-03-02,340031.0,"General Freire, Curicó Ad.",-34.96944,-71.21694,22.392307692307693
2002-03-02,360011.0,"General Bernardo O'Higgins, Chillán Ad.",-36.58583,-72.03667,19.283333333333335
2002-03-02,360019.0,"Carriel Sur, Concepción Ap.",-36.78055,-73.06639,13.654166666666667
2002-03-02,370033.0,"María Dolores, Los Angeles Ad.",-37.39694,-72.42389,17.599999999999998
2002-03-02,380013.0,"Maquehue, Temuco Ad.",-38.76778,-72.63194,12.27037037037037
2002-03-02,390006.0,"Pichoy, Valdivia Ad.",-39.65667,-73.08722,14.633333333333333
2002-03-02,400009.0,"Cañal Bajo,  Osorno Ad.",-40.61444,-73.0575,17.28
2002-03-02,410005.0,El Tepual  Puerto Montt Ap.,-41.4475,-73.09583,13.166666666666666
2002-03-02,430001.0,Quellón Ad.,-43.13361,-73.63278,12.7
2002-03-02,430002.0,Futaleufú Ad.,-43.18889,-71.85222,15.053846153846154
2002-03-02,450004.0,"Teniente Vidal, Coyhaique Ad.",-45.59083,-72.10222,13.715384615384616
2002-03-02,450005.0,Balmaceda Ad.,-45.91833,-71.67778,11.113333333333333
2002-03-02,520006.0,"Carlos Ibañez, Punta Arenas Ap.",-53.00167,-70.83861,9.3375
2002-03-02,530005.0,"Fuentes Martínez, Porvenir Ad.",-53.25361,-70.32611,10.35
2002-03-02,950001.0,"C.M.A. Eduardo Frei Montalva, Antártica ",-62.19194,-58.97972,0.2545454545454545
2002-03-03,180005.0,"Chacalluta, Arica Ap.",-18.35555,-70.34028,21.59166666666667
2002-03-03,200006.0,Diego Aracena Iquique Ap.,-20.54917,-70.18111,21.108333333333334
2002-03-03,220002.0,"El Loa, Calama Ad.",-22.49806,-68.8925,21.846153846153847
2002-03-03,270001.0,Mataveri  Isla de Pascua Ap.,-27.15889,-109.4325,24.944444444444443
2002-03-03,290004.0,"La Florida, La Serena Ad.",-29.91444,-71.20667,18.966666666666665
2002-03-03,330007.0,"Rodelillo, Ad.",-33.06528,-71.55639,20.476923076923075
2002-03-03,330019.0,"Eulogio Sánchez, Tobalaba Ad.",-33.45528,-70.54861,23.623076923076926
2002-03-03,330020.0,"Quinta Normal, Santiago",-33.445,-70.68278,22.619999999999997
2002-03-03,330021.0,Pudahuel Santiago ,-33.37833,-70.78778,18.775000000000002
2002-03-03,330030.0,"Santo Domingo, Ad.",-33.65611,-71.61333,17.70714285714286
2002-03-03,330031.0,"Juan Fernández, Estación Meteorológica.",-33.63583,-78.83305,19.1
2002-03-03,340031.0,"General Freire, Curicó Ad.",-34.96944,-71.21694,20.323076923076922
2002-03-03,360011.0,"General Bernardo O'Higgins, Chillán Ad.",-36.58583,-72.03667,19.766666666666666
2002-03-03,360019.0,"Carriel Sur, Concepción Ap.",-36.78055,-73.06639,15.22
2002-03-03,370033.0,"María Dolores, Los Angeles Ad.",-37.39694,-72.42389,16.666666666666668
2002-03-03,380013.0,"Maquehue, Temuco Ad.",-38.76778,-72.63194,14.636
2002-03-03,390006.0,"Pichoy, Valdivia Ad.",-39.65667,-73.08722,17.8
2002-03-03,400009.0,"Cañal Bajo,  Osorno Ad.",-40.61444,-73.0575,15.76
2002-03-03,410005.0,El Tepual  Puerto Montt Ap.,-41.4475,-73.09583,14.329166666666666
2002-03-03,430001.0,Quellón Ad.,-43.13361,-73.63278,13.24
2002-03-03,430002.0,Futaleufú Ad.,-43.18889,-71.85222,14.6
2002-03-03,450004.0,"Teniente Vidal, Coyhaique Ad.",-45.59083,-72.10222,10.423076923076923
2002-03-03,450005.0,Balmaceda Ad.,-45.91833,-71.67778,8.914285714285715
2002-03-03,520006.0,"Carlos Ibañez, Punta Arenas Ap.",-53.00167,-70.83861,8.8375
2002-03-03,950001.0,"C.M.A. Eduardo Frei Montalva, Antártica ",-62.19194,-58.97972,2.4
2002-03-04,180005.0,"Chacalluta, Arica Ap.",-18.35555,-70.34028,22.28333333333333
2002-03-04,200006.0,Diego Aracena Iquique Ap.,-20.54917,-70.18111,21.2
2002-03-04,220002.0,"El Loa, Calama Ad.",-22.49806,-68.8925,20.1125
2002-03-04,270001.0,Mataveri  Isla de Pascua Ap.,-27.15889,-109.4325,23.708333333333332
2002-03-04,290004.0,"La Florida, La Serena Ad.",-29.91444,-71.20667,18.75
2002-03-04,330007.0,"Rodelillo, Ad.",-33.06528,-71.55639,22.984615384615385
2002-03-04,330019.0,"Eulogio Sánchez, Tobalaba Ad.",-33.45528,-70.54861,25.284615384615385
2002-03-04,330020.0,"Quinta Normal, Santiago",-33.445,-70.68278,24.0
2002-03-04,330021.0,Pudahuel Santiago ,-33.37833,-70.78778,20.741666666666667
2002-03-04,330030.0,"Santo Domingo, Ad.",-33.65611,-71.61333,18.535714285714285
2002-03-04,330031.0,"Juan Fernández, Estación Meteorológica.",-33.63583,-78.83305,18.2
2002-03-04,340031.0,"General Freire, Curicó Ad.",-34.96944,-71.21694,19.923076923076923
2002-03-04,360011.0,"General Bernardo O'Higgins, Chillán Ad.",-36.58583,-72.03667,19.599999999999998
2002-03-04,360019.0,"Carriel Sur, Concepción Ap.",-36.78055,-73.06639,14.645833333333334
2002-03-04,370033.0,"María Dolores, Los Angeles Ad.",-37.39694,-72.42389,17.066666666666666
2002-03-04,380013.0,"Maquehue, Temuco Ad.",-38.76778,-72.63194,12.491666666666667
2002-03-04,390006.0,"Pichoy, Valdivia Ad.",-39.65667,-73.08722,16.415384615384617
2002-03-04,400009.0,"Cañal Bajo,  Osorno Ad.",-40.61444,-73.0575,14.16
2002-03-04,410005.0,El Tepual  Puerto Montt Ap.,-41.4475,-73.09583,10.435714285714285
2002-03-04,430001.0,Quellón Ad.,-43.13361,-73.63278,11.95
2002-03-04,430002.0,Futaleufú Ad.,-43.18889,-71.85222,12.85
2002-03-04,450001.0,Puerto Aysén Ad.,-45.39944,-72.67722,11.025
2002-03-04,450004.0,"Teniente Vidal, Coyhaique Ad.",-45.59083,-72.10222,10.5
2002-03-04,450005.0,Balmaceda Ad.,-45.91833,-71.67778,8.52142857142857
2002-03-04,520006.0,"Carlos Ibañez, Punta Arenas Ap.",-53.00167,-70.83861,8.454166666666667
2002-03-04,530005.0,"Fuentes Martínez, Porvenir Ad.",-53.25361,-70.32611,10.55
2002-03-04,550001.0,"Guardiamarina Zañartu, Pto Williams Ad.",-54.93167,-67.61556,9.181818181818182
2002-03-04,950001.0,"C.M.A. Eduardo Frei Montalva, Antártica ",-62.19194,-58.97972,1.2874999999999999
2002-03-05,180005.0,"Chacalluta, Arica Ap.",-18.35555,-70.34028,22.366666666666664
2002-03-05,200006.0,Diego Aracena Iquique Ap.,-20.54917,-70.18111,21.333333333333332
2002-03-05,220002.0,"El Loa, Calama Ad.",-22.49806,-68.8925,19.211764705882356
2002-03-05,270001.0,Mataveri  Isla de Pascua Ap.,-27.15889,-109.4325,25.12222222222222
2002-03-05,290004.0,"La Florida, La Serena Ad.",-29.91444,-71.20667,18.205555555555556
2002-03-05,330007.0,"Rodelillo, Ad.",-33.06528,-71.55639,22.553846153846152
2002-03-05,330019.0,"Eulogio Sánchez, Tobalaba Ad.",-33.45528,-70.54861,26.084615384615386
2002-03-05,330020.0,"Quinta Normal, Santiago",-33.445,-70.68278,25.68
2002-03-05,330021.0,Pudahuel Santiago ,-33.37833,-70.78778,21.97083333333333
2002-03-05,330030.0,"Santo Domingo, Ad.",-33.65611,-71.61333,17.75
2002-03-05,330031.0,"Juan Fernández, Estación Meteorológica.",-33.63583,-78.83305,19.44
2002-03-05,340031.0,"General Freire, Curicó Ad.",-34.96944,-71.21694,22.26153846153846
2002-03-05,360011.0,"General Bernardo O'Higgins, Chillán Ad.",-36.58583,-72.03667,20.633333333333333
2002-03-05,360019.0,"Carriel Sur, Concepción Ap.",-36.78055,-73.06639,13.346153846153847
2002-03-05,370033.0,"María Dolores, Los Angeles Ad.",-37.39694,-72.42389,16.8
2002-03-05,380013.0,"Maquehue, Temuco Ad.",-38.76778,-72.63194,11.928571428571429
2002-03-05,390006.0,"Pichoy, Valdivia Ad.",-39.65667,-73.08722,15.5
2002-03-05,410005.0,El Tepual  Puerto Montt Ap.,-41.4475,-73.09583,8.78
2002-03-05,430001.0,Quellón Ad.,-43.13361,-73.63278,11.0
2002-03-05,430002.0,Futaleufú Ad.,-43.18889,-71.85222,13.546153846153846
2002-03-05,450001.0,Puerto Aysén Ad.,-45.39944,-72.67722,8.825
2002-03-05,450004.0,"Teniente Vidal, Coyhaique Ad.",-45.59083,-72.10222,10.584615384615384
2002-03-05,450005.0,Balmaceda Ad.,-45.91833,-71.67778,8.613333333333333
2002-03-05,520006.0,"Carlos Ibañez, Punta Arenas Ap.",-53.00167,-70.83861,8.395833333333334
2002-03-05,530005.0,"Fuentes Martínez, Porvenir Ad.",-53.25361,-70.32611,11.1
2002-03-05,550001.0,"Guardiamarina Zañartu, Pto Williams Ad.",-54.93167,-67.61556,10.777777777777779
2002-03-05,950001.0,"C.M.A. Eduardo Frei Montalva, Antártica ",-62.19194,-58.97972,1.275
2002-03-06,180005.0,"Chacalluta, Arica Ap.",-18.35555,-70.34028,22.358333333333334
2002-03-06,200006.0,Diego Aracena Iquique Ap.,-20.54917,-70.18111,21.525000000000002
2002-03-06,220002.0,"El Loa, Calama Ad.",-22.49806,-68.8925,19.25
2002-03-06,270001.0,Mataveri  Isla de Pascua Ap.,-27.15889,-109.4325,25.21666666666667
2002-03-06,290004.0,"La Florida, La Serena Ad.",-29.91444,-71.20667,17.799999999999997
2002-03-06,330007.0,"Rodelillo, Ad.",-33.06528,-71.55639,20.5
2002-03-06,330019.0,"Eulogio Sánchez, Tobalaba Ad.",-33.45528,-70.54861,25.23846153846154
2002-03-06,330020.0,"Quinta Normal, Santiago",-33.445,-70.68278,24.46
2002-03-06,330021.0,Pudahuel Santiago ,-33.37833,-70.78778,21.59166666666667
2002-03-06,330030.0,"Santo Domingo, Ad.",-33.65611,-71.61333,15.957142857142857
2002-03-06,330031.0,"Juan Fernández, Estación Meteorológica.",-33.63583,-78.83305,21.46
2002-03-06,340031.0,"General Freire, Curicó Ad.",-34.96944,-71.21694,21.73076923076923
2002-03-06,360011.0,"General Bernardo O'Higgins, Chillán Ad.",-36.58583,-72.03667,22.308333333333334
2002-03-06,360019.0,"Carriel Sur, Concepción Ap.",-36.78055,-73.06639,16.375999999999998
2002-03-06,370033.0,"María Dolores, Los Angeles Ad.",-37.39694,-72.42389,18.866666666666667
2002-03-06,380013.0,"Maquehue, Temuco Ad.",-38.76778,-72.63194,17.628
2002-03-06,390006.0,"Pichoy, Valdivia Ad.",-39.65667,-73.08722,18.545454545454547
2002-03-06,410005.0,El Tepual  Puerto Montt Ap.,-41.4475,-73.09583,13.692307692307692
2002-03-06,430001.0,Quellón Ad.,-43.13361,-73.63278,14.65
2002-03-06,430002.0,Futaleufú Ad.,-43.18889,-71.85222,12.476923076923075
2002-03-06,450001.0,Puerto Aysén Ad.,-45.39944,-72.67722,10.024999999999999
2002-03-06,450004.0,"Teniente Vidal, Coyhaique Ad.",-45.59083,-72.10222,9.507692307692308
2002-03-06,450005.0,Balmaceda Ad.,-45.91833,-71.67778,6.742857142857143
2002-03-06,520006.0,"Carlos Ibañez, Punta Arenas Ap.",-53.00167,-70.83861,7.783333333333334
2002-03-06,530005.0,"Fuentes Martínez, Porvenir Ad.",-53.25361,-70.32611,8.666666666666666
2002-03-06,550001.0,"Guardiamarina Zañartu, Pto Williams Ad.",-54.93167,-67.61556,7.7333333333333325
2002-03-06,950001.0,"C.M.A. Eduardo Frei Montalva, Antártica ",-62.19194,-58.97972,0.4125
2002-03-07,180005.0,"Chacalluta, Arica Ap.",-18.35555,-70.34028,22.90833333333333
2002-03-07,200006.0,Diego Aracena Iquique Ap.,-20.54917,-70.18111,21.712500000000002
2002-03-07,220002.0,"El Loa, Calama Ad.",-22.49806,-68.8925,18.423529411764704
2002-03-07,270001.0,Mataveri  Isla de Pascua Ap.,-27.15889,-109.4325,25.5875
2002-03-07,290004.0,"La Florida, La Serena Ad.",-29.91444,-71.20667,17.77777777777778
2002-03-07,330007.0,"Rodelillo, Ad.",-33.06528,-71.55639,20.792307692307695
2002-03-07,330019.0,"Eulogio Sánchez, Tobalaba Ad.",-33.45528,-70.54861,24.50769230769231
2002-03-07,330020.0,"Quinta Normal, Santiago",-33.445,-70.68278,24.240000000000002
2002-03-07,330021.0,Pudahuel Santiago ,-33.37833,-70.78778,20.575
2002-03-07,330030.0,"Santo Domingo, Ad.",-33.65611,-71.61333,17.714285714285715
2002-03-07,330031.0,"Juan Fernández, Estación Meteorológica.",-33.63583,-78.83305,20.72
2002-03-07,340031.0,"General Freire, Curicó Ad.",-34.96944,-71.21694,22.523076923076925
2002-03-07,360011.0,"General Bernardo O'Higgins, Chillán Ad.",-36.58583,-72.03667,20.808333333333334
2002-03-07,360019.0,"Carriel Sur, Concepción Ap.",-36.78055,-73.06639,16.125
2002-03-07,370033.0,"María Dolores, Los Angeles Ad.",-37.39694,-72.42389,17.73333333333333
2002-03-07,380013.0,"Maquehue, Temuco Ad.",-38.76778,-72.63194,15.012500000000001
2002-03-07,390006.0,"Pichoy, Valdivia Ad.",-39.65667,-73.08722,16.458333333333332
2002-03-07,400009.0,"Cañal Bajo,  Osorno Ad.",-40.61444,-73.0575,15.23
2002-03-07,410005.0,El Tepual  Puerto Montt Ap.,-41.4475,-73.09583,13.0625
2002-03-07,430001.0,Quellón Ad.,-43.13361,-73.63278,13.319999999999999
2002-03-07,430002.0,Futaleufú Ad.,-43.18889,-71.85222,9.092307692307692
2002-03-07,450001.0,Puerto Aysén Ad.,-45.39944,-72.67722,9.05
2002-03-07,450004.0,"Teniente Vidal, Coyhaique Ad.",-45.59083,-72.10222,8.707692307692309
2002-03-07,450005.0,Balmaceda Ad.,-45.91833,-71.67778,6.721428571428571
2002-03-07,520006.0,"Carlos Ibañez, Punta Arenas Ap.",-53.00167,-70.83861,4.5874999999999995
2002-03-07,530005.0,"Fuentes Martínez, Porvenir Ad.",-53.25361,-70.32611,7.3999999999999995
2002-03-07,550001.0,"Guardiamarina Zañartu, Pto Williams Ad.",-54.93167,-67.61556,7.48888888888889
2002-03-07,950001.0,"C.M.A. Eduardo Frei Montalva, Antártica ",-62.19194,-58.97972,0.55
2002-03-08,180005.0,"Chacalluta, Arica Ap.",-18.35555,-70.34028,22.766666666666666
2002-03-08,200006.0,Diego Aracena Iquique Ap.,-20.54917,-70.18111,22.90833333333333
2002-03-08,220002.0,"El Loa, Calama Ad.",-22.49806,-68.8925,18.31875
2002-03-08,270001.0,Mataveri  Isla de Pascua Ap.,-27.15889,-109.4325,24.433333333333334
2002-03-08,290004.0,"La Florida, La Serena Ad.",-29.91444,-71.20667,18.173684210526318
2002-03-08,330007.0,"Rodelillo, Ad.",-33.06528,-71.55639,20.676923076923078
2002-03-08,330019.0,"Eulogio Sánchez, Tobalaba Ad.",-33.45528,-70.54861,24.607692307692307
2002-03-08,330020.0,"Quinta Normal, Santiago",-33.445,-70.68278,23.68
2002-03-08,330021.0,Pudahuel Santiago ,-33.37833,-70.78778,20.491666666666667
2002-03-08,330030.0,"Santo Domingo, Ad.",-33.65611,-71.61333,17.514285714285712
2002-03-08,330031.0,"Juan Fernández, Estación Meteorológica.",-33.63583,-78.83305,20.759999999999998
2002-03-08,340031.0,"General Freire, Curicó Ad.",-34.96944,-71.21694,22.26923076923077
2002-03-08,360011.0,"General Bernardo O'Higgins, Chillán Ad.",-36.58583,-72.03667,20.21666666666667
2002-03-08,360019.0,"Carriel Sur, Concepción Ap.",-36.78055,-73.06639,14.575000000000001
2002-03-08,370033.0,"María Dolores, Los Angeles Ad.",-37.39694,-72.42389,16.733333333333334
2002-03-08,380013.0,"Maquehue, Temuco Ad.",-38.76778,-72.63194,14.668
2002-03-08,390006.0,"Pichoy, Valdivia Ad.",-39.65667,-73.08722,14.416666666666666
2002-03-08,400009.0,"Cañal Bajo,  Osorno Ad.",-40.61444,-73.0575,13.76
2002-03-08,410005.0,El Tepual  Puerto Montt Ap.,-41.4475,-73.09583,13.112499999999999
2002-03-08,430001.0,Quellón Ad.,-43.13361,-73.63278,13.780000000000001
2002-03-08,430002.0,Futaleufú Ad.,-43.18889,-71.85222,8.692307692307692
2002-03-08,450001.0,Puerto Aysén Ad.,-45.39944,-72.67722,8.65
2002-03-08,450004.0,"Teniente Vidal, Coyhaique Ad.",-45.59083,-72.10222,8.623076923076923
2002-03-08,450005.0,Balmaceda Ad.,-45.91833,-71.67778,5.80625
2002-03-08,520006.0,"Carlos Ibañez, Punta Arenas Ap.",-53.00167,-70.83861,5.466666666666666
2002-03-08,530005.0,"Fuentes Martínez, Porvenir Ad.",-53.25361,-70.32611,8.066666666666666
2002-03-08,550001.0,"Guardiamarina Zañartu, Pto Williams Ad.",-54.93167,-67.61556,7.35
2002-03-08,950001.0,"C.M.A. Eduardo Frei Montalva, Antártica ",-62.19194,-58.97972,0.6375
2002-03-09,180005.0,"Chacalluta, Arica Ap.",-18.35555,-70.34028,23.366666666666664
2002-03-09,200006.0,Diego Aracena Iquique Ap.,-20.54917,-70.18111,23.254166666666666
2002-03-09,220002.0,"El Loa, Calama Ad.",-22.49806,-68.8925,18.126666666666665
2002-03-09,270001.0,Mataveri  Isla de Pascua Ap.,-27.15889,-109.4325,23.69
2002-03-09,290004.0,"La Florida, La Serena Ad.",-29.91444,-71.20667,18.244444444444444
2002-03-09,330007.0,"Rodelillo, Ad.",-33.06528,-71.55639,21.484615384615385
2002-03-09,330019.0,"Eulogio Sánchez, Tobalaba Ad.",-33.45528,-70.54861,24.584615384615386
2002-03-09,330020.0,"Quinta Normal, Santiago",-33.445,-70.68278,23.96
2002-03-09,330021.0,Pudahuel Santiago ,-33.37833,-70.78778,20.216666666666665
2002-03-09,330030.0,"Santo Domingo, Ad.",-33.65611,-71.61333,17.535714285714285
2002-03-09,330031.0,"Juan Fernández, Estación Meteorológica.",-33.63583,-78.83305,17.35
2002-03-09,340031.0,"General Freire, Curicó Ad.",-34.96944,-71.21694,22.684615384615384
2002-03-09,360011.0,"General Bernardo O'Higgins, Chillán Ad.",-36.58583,-72.03667,19.76666666666667
2002-03-09,360019.0,"Carriel Sur, Concepción Ap.",-36.78055,-73.06639,16.948
2002-03-09,370033.0,"María Dolores, Los Angeles Ad.",-37.39694,-72.42389,16.8
2002-03-09,380013.0,"Maquehue, Temuco Ad.",-38.76778,-72.63194,12.015384615384615
2002-03-09,390006.0,"Pichoy, Valdivia Ad.",-39.65667,-73.08722,13.325000000000001
2002-03-09,400009.0,"Cañal Bajo,  Osorno Ad.",-40.61444,-73.0575,11.08
2002-03-09,410005.0,El Tepual  Puerto Montt Ap.,-41.4475,-73.09583,9.983333333333333
2002-03-09,430001.0,Quellón Ad.,-43.13361,-73.63278,12.18
2002-03-09,430002.0,Futaleufú Ad.,-43.18889,-71.85222,11.85
2002-03-09,450004.0,"Teniente Vidal, Coyhaique Ad.",-45.59083,-72.10222,10.107692307692307
2002-03-09,450005.0,Balmaceda Ad.,-45.91833,-71.67778,7.78
2002-03-09,520006.0,"Carlos Ibañez, Punta Arenas Ap.",-53.00167,-70.83861,7.2250000000000005
2002-03-09,530005.0,"Fuentes Martínez, Porvenir Ad.",-53.25361,-70.32611,7.916666666666667
2002-03-09,950001.0,"C.M.A. Eduardo Frei Montalva, Antártica ",-62.19194,-58.97972,2.075
2002-03-10,180005.0,"Chacalluta, Arica Ap.",-18.35555,-70.34028,23.504166666666666
2002-03-10,200006.0,Diego Aracena Iquique Ap.,-20.54917,-70.18111,22.491666666666664
2002-03-10,220002.0,"El Loa, Calama Ad.",-22.49806,-68.8925,20.569230769230767
2002-03-10,270001.0,Mataveri  Isla de Pascua Ap.,-27.15889,-109.4325,25.96
2002-03-10,290004.0,"La Florida, La Serena Ad.",-29.91444,-71.20667,17.955555555555556
2002-03-10,330007.0,"Rodelillo, Ad.",-33.06528,-71.55639,22.092307692307692
2002-03-10,330019.0,"Eulogio Sánchez, Tobalaba Ad.",-33.45528,-70.54861,24.72307692307692
2002-03-10,330020.0,"Quinta Normal, Santiago",-33.445,-70.68278,23.6
2002-03-10,330021.0,Pudahuel Santiago ,-33.37833,-70.78778,20.412499999999998
2002-03-10,330030.0,"Santo Domingo, Ad.",-33.65611,-71.61333,17.807692307692307
2002-03-10,330031.0,"Juan Fernández, Estación Meteorológica.",-33.63583,-78.83305,17.9
2002-03-10,340031.0,"General Freire, Curicó Ad.",-34.96944,-71.21694,20.216666666666665
2002-03-10,360011.0,"General Bernardo O'Higgins, Chillán Ad.",-36.58583,-72.03667,18.581818181818182
2002-03-10,360019.0,"Carriel Sur, Concepción Ap.",-36.78055,-73.06639,14.020833333333334
2002-03-10,370033.0,"María Dolores, Los Angeles Ad.",-37.39694,-72.42389,14.733333333333333
2002-03-10,380013.0,"Maquehue, Temuco Ad.",-38.76778,-72.63194,10.588
2002-03-10,390006.0,"Pichoy, Valdivia Ad.",-39.65667,-73.08722,13.516666666666666
2002-03-10,400009.0,"Cañal Bajo,  Osorno Ad.",-40.61444,-73.0575,12.76
2002-03-10,410005.0,El Tepual  Puerto Montt Ap.,-41.4475,-73.09583,9.512500000000001
2002-03-10,430001.0,Quellón Ad.,-43.13361,-73.63278,13.419999999999998
2002-03-10,430002.0,Futaleufú Ad.,-43.18889,-71.85222,10.4
2002-03-10,450004.0,"Teniente Vidal, Coyhaique Ad.",-45.59083,-72.10222,12.023076923076921
2002-03-10,450005.0,Balmaceda Ad.,-45.91833,-71.67778,10.18
2002-03-10,520006.0,"Carlos Ibañez, Punta Arenas Ap.",-53.00167,-70.83861,5.629166666666666
2002-03-10,950001.0,"C.M.A. Eduardo Frei Montalva, Antártica ",-62.19194,-58.97972,0.5750000000000001
2002-03-11,180005.0,"Chacalluta, Arica Ap.",-18.35555,-70.34028,22.712500000000002
2002-03-11,200006.0,Diego Aracena Iquique Ap.,-20.54917,-70.18111,22.02916666666667
2002-03-11,220002.0,"El Loa, Calama Ad.",-22.49806,-68.8925,19.5375
2002-03-11,270001.0,Mataveri  Isla de Pascua Ap.,-27.15889,-109.4325,25.754545454545454
2002-03-11,290004.0,"La Florida, La Serena Ad.",-29.91444,-71.20667,17.889473684210525
2002-03-11,330007.0,"Rodelillo, Ad.",-33.06528,-71.55639,21.93846153846154
2002-03-11,330019.0,"Eulogio Sánchez, Tobalaba Ad.",-33.45528,-70.54861,25.608333333333334
2002-03-11,330020.0,"Quinta Normal, Santiago",-33.445,-70.68278,24.240000000000002
2002-03-11,330021.0,Pudahuel Santiago ,-33.37833,-70.78778,20.55
2002-03-11,330030.0,"Santo Domingo, Ad.",-33.65611,-71.61333,17.253846153846155
2002-03-11,330031.0,"Juan Fernández, Estación Meteorológica.",-33.63583,-78.83305,17.7
2002-03-11,340031.0,"General Freire, Curicó Ad.",-34.96944,-71.21694,20.941666666666666
2002-03-11,360011.0,"General Bernardo O'Higgins, Chillán Ad.",-36.58583,-72.03667,20.12727272727273
2002-03-11,360019.0,"Carriel Sur, Concepción Ap.",-36.78055,-73.06639,13.095833333333333
2002-03-11,370033.0,"María Dolores, Los Angeles Ad.",-37.39694,-72.42389,16.5
2002-03-11,380013.0,"Maquehue, Temuco Ad.",-38.76778,-72.63194,11.1
2002-03-11,390006.0,"Pichoy, Valdivia Ad.",-39.65667,-73.08722,16.408333333333335
2002-03-11,400009.0,"Cañal Bajo,  Osorno Ad.",-40.61444,-73.0575,15.059999999999999
2002-03-11,410005.0,El Tepual  Puerto Montt Ap.,-41.4475,-73.09583,12.329166666666666
2002-03-11,430001.0,Quellón Ad.,-43.13361,-73.63278,12.040000000000001
2002-03-11,430002.0,Futaleufú Ad.,-43.18889,-71.85222,13.9
2002-03-11,450001.0,Puerto Aysén Ad.,-45.39944,-72.67722,11.525
2002-03-11,450004.0,"Teniente Vidal, Coyhaique Ad.",-45.59083,-72.10222,11.384615384615385
2002-03-11,450005.0,Balmaceda Ad.,-45.91833,-71.67778,8.14375
2002-03-11,520006.0,"Carlos Ibañez, Punta Arenas Ap.",-53.00167,-70.83861,6.629166666666666
2002-03-11,530005.0,"Fuentes Martínez, Porvenir Ad.",-53.25361,-70.32611,9.0
2002-03-11,550001.0,"Guardiamarina Zañartu, Pto Williams Ad.",-54.93167,-67.61556,9.30909090909091
2002-03-11,950001.0,"C.M.A. Eduardo Frei Montalva, Antártica ",-62.19194,-58.97972,-1.7555555555555555
2002-03-12,180005.0,"Chacalluta, Arica Ap.",-18.35555,-70.34028,23.266666666666666
2002-03-12,200006.0,Diego Aracena Iquique Ap.,-20.54917,-70.18111,22.166666666666668
2002-03-12,220002.0,"El Loa, Calama Ad.",-22.49806,-68.8925,20.1
2002-03-12,270001.0,Mataveri  Isla de Pascua Ap.,-27.15889,-109.4325,26.933333333333334
2002-03-12,290004.0,"La Florida, La Serena Ad.",-29.91444,-71.20667,17.25294117647059
2002-03-12,330007.0,"Rodelillo, Ad.",-33.06528,-71.55639,18.66923076923077
2002-03-12,330019.0,"Eulogio Sánchez, Tobalaba Ad.",-33.45528,-70.54861,27.20909090909091
2002-03-12,330020.0,"Quinta Normal, Santiago",-33.445,-70.68278,24.4
2002-03-12,330021.0,Pudahuel Santiago ,-33.37833,-70.78778,20.588
2002-03-12,330030.0,"Santo Domingo, Ad.",-33.65611,-71.61333,16.4
2002-03-12,330031.0,"Juan Fernández, Estación Meteorológica.",-33.63583,-78.83305,17.4
2002-03-12,340031.0,"General Freire, Curicó Ad.",-34.96944,-71.21694,25.308333333333334
2002-03-12,360011.0,"General Bernardo O'Higgins, Chillán Ad.",-36.58583,-72.03667,22.418181818181818
2002-03-12,360019.0,"Carriel Sur, Concepción Ap.",-36.78055,-73.06639,12.911538461538461
2002-03-12,370033.0,"María Dolores, Los Angeles Ad.",-37.39694,-72.42389,17.0
2002-03-12,380013.0,"Maquehue, Temuco Ad.",-38.76778,-72.63194,12.308333333333332
2002-03-12,390006.0,"Pichoy, Valdivia Ad.",-39.65667,-73.08722,14.65
2002-03-12,400009.0,"Cañal Bajo,  Osorno Ad.",-40.61444,-73.0575,15.26
2002-03-12,410005.0,El Tepual  Puerto Montt Ap.,-41.4475,-73.09583,9.470833333333333
2002-03-12,430001.0,Quellón Ad.,-43.13361,-73.63278,12.969999999999999
2002-03-12,430002.0,Futaleufú Ad.,-43.18889,-71.85222,13.453846153846154
2002-03-12,450001.0,Puerto Aysén Ad.,-45.39944,-72.67722,10.375
2002-03-12,450004.0,"Teniente Vidal, Coyhaique Ad.",-45.59083,-72.10222,11.038461538461538
2002-03-12,450005.0,Balmaceda Ad.,-45.91833,-71.67778,8.08125
2002-03-12,520006.0,"Carlos Ibañez, Punta Arenas Ap.",-53.00167,-70.83861,7.625
2002-03-12,530005.0,"Fuentes Martínez, Porvenir Ad.",-53.25361,-70.32611,8.333333333333334
2002-03-12,550001.0,"Guardiamarina Zañartu, Pto Williams Ad.",-54.93167,-67.61556,5.7555555555555555
2002-03-12,950001.0,"C.M.A. Eduardo Frei Montalva, Antártica ",-62.19194,-58.97972,-1.9555555555555557
2002-03-13,180005.0,"Chacalluta, Arica Ap.",-18.35555,-70.34028,23.162499999999998
2002-03-13,200006.0,Diego Aracena Iquique Ap.,-20.54917,-70.18111,22.2
2002-03-13,220002.0,"El Loa, Calama Ad.",-22.49806,-68.8925,19.275
2002-03-13,270001.0,Mataveri  Isla de Pascua Ap.,-27.15889,-109.4325,26.733333333333334
2002-03-13,290004.0,"La Florida, La Serena Ad.",-29.91444,-71.20667,17.105882352941176
2002-03-13,330007.0,"Rodelillo, Ad.",-33.06528,-71.55639,15.092307692307692
2002-03-13,330019.0,"Eulogio Sánchez, Tobalaba Ad.",-33.45528,-70.54861,21.384615384615383
2002-03-13,330020.0,"Quinta Normal, Santiago",-33.445,-70.68278,20.28
2002-03-13,330021.0,Pudahuel Santiago ,-33.37833,-70.78778,16.010714285714286
2002-03-13,330030.0,"Santo Domingo, Ad.",-33.65611,-71.61333,16.8
2002-03-13,330031.0,"Juan Fernández, Estación Meteorológica.",-33.63583,-78.83305,21.0
2002-03-13,340031.0,"General Freire, Curicó Ad.",-34.96944,-71.21694,15.633333333333333
2002-03-13,360011.0,"General Bernardo O'Higgins, Chillán Ad.",-36.58583,-72.03667,17.918181818181818
2002-03-13,360019.0,"Carriel Sur, Concepción Ap.",-36.78055,-73.06639,14.080769230769231
2002-03-13,370033.0,"María Dolores, Los Angeles Ad.",-37.39694,-72.42389,15.100000000000001
2002-03-13,380013.0,"Maquehue, Temuco Ad.",-38.76778,-72.63194,13.328
2002-03-13,390006.0,"Pichoy, Valdivia Ad.",-39.65667,-73.08722,13.407142857142857
2002-03-13,400009.0,"Cañal Bajo,  Osorno Ad.",-40.61444,-73.0575,14.6
2002-03-13,410005.0,El Tepual  Puerto Montt Ap.,-41.4475,-73.09583,13.8125
2002-03-13,430001.0,Quellón Ad.,-43.13361,-73.63278,14.319999999999999
2002-03-13,430002.0,Futaleufú Ad.,-43.18889,-71.85222,14.330769230769231
2002-03-13,450001.0,Puerto Aysén Ad.,-45.39944,-72.67722,11.875
2002-03-13,450004.0,"Teniente Vidal, Coyhaique Ad.",-45.59083,-72.10222,11.384615384615385
2002-03-13,450005.0,Balmaceda Ad.,-45.91833,-71.67778,10.879999999999999
2002-03-13,520006.0,"Carlos Ibañez, Punta Arenas Ap.",-53.00167,-70.83861,5.271999999999999
2002-03-13,530005.0,"Fuentes Martínez, Porvenir Ad.",-53.25361,-70.32611,5.3
2002-03-13,550001.0,"Guardiamarina Zañartu, Pto Williams Ad.",-54.93167,-67.61556,5.3999999999999995
2002-03-13,950001.0,"C.M.A. Eduardo Frei Montalva, Antártica ",-62.19194,-58.97972,0.46153846153846156
2002-03-14,180005.0,"Chacalluta, Arica Ap.",-18.35555,-70.34028,23.55
2002-03-14,200006.0,Diego Aracena Iquique Ap.,-20.54917,-70.18111,22.837500000000002
2002-03-14,220002.0,"El Loa, Calama Ad.",-22.49806,-68.8925,17.99375
2002-03-14,270001.0,Mataveri  Isla de Pascua Ap.,-27.15889,-109.4325,25.8
2002-03-14,290004.0,"La Florida, La Serena Ad.",-29.91444,-71.20667,17.36470588235294
2002-03-14,330007.0,"Rodelillo, Ad.",-33.06528,-71.55639,16.33076923076923
2002-03-14,330019.0,"Eulogio Sánchez, Tobalaba Ad.",-33.45528,-70.54861,18.158333333333335
2002-03-14,330020.0,"Quinta Normal, Santiago",-33.445,-70.68278,18.04
2002-03-14,330021.0,Pudahuel Santiago ,-33.37833,-70.78778,16.716666666666665
2002-03-14,330030.0,"Santo Domingo, Ad.",-33.65611,-71.61333,18.93076923076923
2002-03-14,330031.0,"Juan Fernández, Estación Meteorológica.",-33.63583,-78.83305,20.66
2002-03-14,340031.0,"General Freire, Curicó Ad.",-34.96944,-71.21694,17.683333333333334
2002-03-14,360011.0,"General Bernardo O'Higgins, Chillán Ad.",-36.58583,-72.03667,14.763636363636364
2002-03-14,360019.0,"Carriel Sur, Concepción Ap.",-36.78055,-73.06639,14.166666666666666
2002-03-14,370033.0,"María Dolores, Los Angeles Ad.",-37.39694,-72.42389,14.1
2002-03-14,380013.0,"Maquehue, Temuco Ad.",-38.76778,-72.63194,15.279166666666667
2002-03-14,390006.0,"Pichoy, Valdivia Ad.",-39.65667,-73.08722,15.228571428571428
2002-03-14,400009.0,"Cañal Bajo,  Osorno Ad.",-40.61444,-73.0575,15.15
2002-03-14,410005.0,El Tepual  Puerto Montt Ap.,-41.4475,-73.09583,15.04
2002-03-14,430001.0,Quellón Ad.,-43.13361,-73.63278,14.030000000000001
2002-03-14,430002.0,Futaleufú Ad.,-43.18889,-71.85222,13.907692307692308
2002-03-14,450001.0,Puerto Aysén Ad.,-45.39944,-72.67722,14.6
2002-03-14,450004.0,"Teniente Vidal, Coyhaique Ad.",-45.59083,-72.10222,13.2
2002-03-14,450005.0,Balmaceda Ad.,-45.91833,-71.67778,11.94
2002-03-14,520006.0,"Carlos Ibañez, Punta Arenas Ap.",-53.00167,-70.83861,6.7875000000000005
2002-03-14,530005.0,"Fuentes Martínez, Porvenir Ad.",-53.25361,-70.32611,8.783333333333333
2002-03-14,950001.0,"C.M.A. Eduardo Frei Montalva, Antártica ",-62.19194,-58.97972,0.6636363636363636
2002-03-15,180005.0,"Chacalluta, Arica Ap.",-18.35555,-70.34028,23.15833333333333
2002-03-15,200006.0,Diego Aracena Iquique Ap.,-20.54917,-70.18111,22.508333333333336
2002-03-15,220002.0,"El Loa, Calama Ad.",-22.49806,-68.8925,18.48125
2002-03-15,270001.0,Mataveri  Isla de Pascua Ap.,-27.15889,-109.4325,25.083333333333332
2002-03-15,290004.0,"La Florida, La Serena Ad.",-29.91444,-71.20667,19.435294117647057
2002-03-15,330007.0,"Rodelillo, Ad.",-33.06528,-71.55639,18.67142857142857
2002-03-15,330019.0,"Eulogio Sánchez, Tobalaba Ad.",-33.45528,-70.54861,21.454545454545453
2002-03-15,330020.0,"Quinta Normal, Santiago",-33.445,-70.68278,20.2
2002-03-15,330021.0,Pudahuel Santiago ,-33.37833,-70.78778,17.076
2002-03-15,330030.0,"Santo Domingo, Ad.",-33.65611,-71.61333,19.807692307692307
2002-03-15,330031.0,"Juan Fernández, Estación Meteorológica.",-33.63583,-78.83305,18.44
2002-03-15,340031.0,"General Freire, Curicó Ad.",-34.96944,-71.21694,16.108333333333334
2002-03-15,360011.0,"General Bernardo O'Higgins, Chillán Ad.",-36.58583,-72.03667,16.62727272727273
2002-03-15,360019.0,"Carriel Sur, Concepción Ap.",-36.78055,-73.06639,15.504166666666668
2002-03-15,370033.0,"María Dolores, Los Angeles Ad.",-37.39694,-72.42389,16.4
2002-03-15,380013.0,"Maquehue, Temuco Ad.",-38.76778,-72.63194,14.75
2002-03-15,390006.0,"Pichoy, Valdivia Ad.",-39.65667,-73.08722,15.683333333333332
2002-03-15,400009.0,"Cañal Bajo,  Osorno Ad.",-40.61444,-73.0575,12.945454545454545
2002-03-15,410005.0,El Tepual  Puerto Montt Ap.,-41.4475,-73.09583,10.754166666666668
2002-03-15,430001.0,Quellón Ad.,-43.13361,-73.63278,10.47
2002-03-15,430002.0,Futaleufú Ad.,-43.18889,-71.85222,7.4
2002-03-15,450001.0,Puerto Aysén Ad.,-45.39944,-72.67722,10.025
2002-03-15,450004.0,"Teniente Vidal, Coyhaique Ad.",-45.59083,-72.10222,10.792307692307693
2002-03-15,450005.0,Balmaceda Ad.,-45.91833,-71.67778,8.833333333333334
2002-03-15,520006.0,"Carlos Ibañez, Punta Arenas Ap.",-53.00167,-70.83861,6.866666666666667
2002-03-15,530005.0,"Fuentes Martínez, Porvenir Ad.",-53.25361,-70.32611,7.866666666666667
2002-03-15,950001.0,"C.M.A. Eduardo Frei Montalva, Antártica ",-62.19194,-58.97972,0.5333333333333333
2002-03-16,180005.0,"Chacalluta, Arica Ap.",-18.35555,-70.34028,22.004166666666666
2002-03-16,200006.0,Diego Aracena Iquique Ap.,-20.54917,-70.18111,21.287499999999998
2002-03-16,220002.0,"El Loa, Calama Ad.",-22.49806,-68.8925,19.225
2002-03-16,270001.0,Mataveri  Isla de Pascua Ap.,-27.15889,-109.4325,23.663636363636364
2002-03-16,290004.0,"La Florida, La Serena Ad.",-29.91444,-71.20667,19.31764705882353
2002-03-16,330007.0,"Rodelillo, Ad.",-33.06528,-71.55639,19.676923076923078
2002-03-16,330019.0,"Eulogio Sánchez, Tobalaba Ad.",-33.45528,-70.54861,20.80909090909091
2002-03-16,330020.0,"Quinta Normal, Santiago",-33.445,-70.68278,19.9
2002-03-16,330021.0,Pudahuel Santiago ,-33.37833,-70.78778,17.55
2002-03-16,330030.0,"Santo Domingo, Ad.",-33.65611,-71.61333,20.069230769230767
2002-03-16,330031.0,"Juan Fernández, Estación Meteorológica.",-33.63583,-78.83305,18.7
2002-03-16,340031.0,"General Freire, Curicó Ad.",-34.96944,-71.21694,18.345454545454547
2002-03-16,360011.0,"General Bernardo O'Higgins, Chillán Ad.",-36.58583,-72.03667,17.972727272727273
2002-03-16,360019.0,"Carriel Sur, Concepción Ap.",-36.78055,-73.06639,15.632
2002-03-16,370033.0,"María Dolores, Los Angeles Ad.",-37.39694,-72.42389,16.6
2002-03-16,380013.0,"Maquehue, Temuco Ad.",-38.76778,-72.63194,13.683333333333332
2002-03-16,390006.0,"Pichoy, Valdivia Ad.",-39.65667,-73.08722,16.26153846153846
2002-03-16,400009.0,"Cañal Bajo,  Osorno Ad.",-40.61444,-73.0575,14.819999999999999
2002-03-16,410005.0,El Tepual  Puerto Montt Ap.,-41.4475,-73.09583,12.604000000000001
2002-03-16,430001.0,Quellón Ad.,-43.13361,-73.63278,13.02
2002-03-16,430002.0,Futaleufú Ad.,-43.18889,-71.85222,5.746153846153846
2002-03-16,450004.0,"Teniente Vidal, Coyhaique Ad.",-45.59083,-72.10222,11.123076923076923
2002-03-16,450005.0,Balmaceda Ad.,-45.91833,-71.67778,7.6866666666666665
2002-03-16,520006.0,"Carlos Ibañez, Punta Arenas Ap.",-53.00167,-70.83861,7.0
2002-03-16,530005.0,"Fuentes Martínez, Porvenir Ad.",-53.25361,-70.32611,9.166666666666666
2002-03-16,950001.0,"C.M.A. Eduardo Frei Montalva, Antártica ",-62.19194,-58.97972,-1.1875
2002-03-17,180005.0,"Chacalluta, Arica Ap.",-18.35555,-70.34028,23.266666666666666
2002-03-17,200006.0,Diego Aracena Iquique Ap.,-20.54917,-70.18111,21.679166666666664
2002-03-17,220002.0,"El Loa, Calama Ad.",-22.49806,-68.8925,21.215384615384615
2002-03-17,270001.0,Mataveri  Isla de Pascua Ap.,-27.15889,-109.4325,25.808333333333334
2002-03-17,290004.0,"La Florida, La Serena Ad.",-29.91444,-71.20667,18.91176470588235
2002-03-17,330007.0,"Rodelillo, Ad.",-33.06528,-71.55639,21.023076923076925
2002-03-17,330019.0,"Eulogio Sánchez, Tobalaba Ad.",-33.45528,-70.54861,21.99230769230769
2002-03-17,330020.0,"Quinta Normal, Santiago",-33.445,-70.68278,21.119999999999997
2002-03-17,330021.0,Pudahuel Santiago ,-33.37833,-70.78778,18.464000000000002
2002-03-17,330030.0,"Santo Domingo, Ad.",-33.65611,-71.61333,19.046153846153846
2002-03-17,330031.0,"Juan Fernández, Estación Meteorológica.",-33.63583,-78.83305,17.275
2002-03-17,340031.0,"General Freire, Curicó Ad.",-34.96944,-71.21694,15.633333333333333
2002-03-17,360011.0,"General Bernardo O'Higgins, Chillán Ad.",-36.58583,-72.03667,14.363636363636363
2002-03-17,360019.0,"Carriel Sur, Concepción Ap.",-36.78055,-73.06639,13.970833333333333
2002-03-17,370033.0,"María Dolores, Los Angeles Ad.",-37.39694,-72.42389,14.3
2002-03-17,380013.0,"Maquehue, Temuco Ad.",-38.76778,-72.63194,13.470833333333333
2002-03-17,390006.0,"Pichoy, Valdivia Ad.",-39.65667,-73.08722,16.366666666666667
2002-03-17,400009.0,"Cañal Bajo,  Osorno Ad.",-40.61444,-73.0575,13.6
2002-03-17,410005.0,El Tepual  Puerto Montt Ap.,-41.4475,-73.09583,11.379166666666668
2002-03-17,430001.0,Quellón Ad.,-43.13361,-73.63278,11.28
2002-03-17,430002.0,Futaleufú Ad.,-43.18889,-71.85222,8.0
2002-03-17,450004.0,"Teniente Vidal, Coyhaique Ad.",-45.59083,-72.10222,11.538461538461538
2002-03-17,450005.0,Balmaceda Ad.,-45.91833,-71.67778,9.213333333333333
2002-03-17,520006.0,"Carlos Ibañez, Punta Arenas Ap.",-53.00167,-70.83861,4.8999999999999995
2002-03-17,950001.0,"C.M.A. Eduardo Frei Montalva, Antártica ",-62.19194,-58.97972,-4.05
2002-03-18,180005.0,"Chacalluta, Arica Ap.",-18.35555,-70.34028,22.0625
2002-03-18,200006.0,Diego Aracena Iquique Ap.,-20.54917,-70.18111,21.4875
2002-03-18,220002.0,"El Loa, Calama Ad.",-22.49806,-68.8925,19.11764705882353
2002-03-18,270001.0,Mataveri  Isla de Pascua Ap.,-27.15889,-109.4325,26.2
2002-03-18,290004.0,"La Florida, La Serena Ad.",-29.91444,-71.20667,17.977777777777778
2002-03-18,330007.0,"Rodelillo, Ad.",-33.06528,-71.55639,19.592307692307692
2002-03-18,330019.0,"Eulogio Sánchez, Tobalaba Ad.",-33.45528,-70.54861,21.316666666666666
2002-03-18,330020.0,"Quinta Normal, Santiago",-33.445,-70.68278,21.080000000000002
2002-03-18,330021.0,Pudahuel Santiago ,-33.37833,-70.78778,18.329166666666666
2002-03-18,330030.0,"Santo Domingo, Ad.",-33.65611,-71.61333,18.315384615384616
2002-03-18,330031.0,"Juan Fernández, Estación Meteorológica.",-33.63583,-78.83305,16.720000000000002
2002-03-18,340031.0,"General Freire, Curicó Ad.",-34.96944,-71.21694,17.408333333333335
2002-03-18,360011.0,"General Bernardo O'Higgins, Chillán Ad.",-36.58583,-72.03667,13.409090909090908
2002-03-18,360019.0,"Carriel Sur, Concepción Ap.",-36.78055,-73.06639,14.445833333333333
2002-03-18,370033.0,"María Dolores, Los Angeles Ad.",-37.39694,-72.42389,14.0
2002-03-18,380013.0,"Maquehue, Temuco Ad.",-38.76778,-72.63194,13.12
2002-03-18,390006.0,"Pichoy, Valdivia Ad.",-39.65667,-73.08722,14.666666666666666
2002-03-18,400009.0,"Cañal Bajo,  Osorno Ad.",-40.61444,-73.0575,13.280000000000001
2002-03-18,410005.0,El Tepual  Puerto Montt Ap.,-41.4475,-73.09583,10.877777777777778
2002-03-18,430001.0,Quellón Ad.,-43.13361,-73.63278,12.0
2002-03-18,430002.0,Futaleufú Ad.,-43.18889,-71.85222,10.411111111111111
2002-03-18,450001.0,Puerto Aysén Ad.,-45.39944,-72.67722,11.35
2002-03-18,450004.0,"Teniente Vidal, Coyhaique Ad.",-45.59083,-72.10222,10.2
2002-03-18,450005.0,Balmaceda Ad.,-45.91833,-71.67778,7.526666666666667
2002-03-18,520006.0,"Carlos Ibañez, Punta Arenas Ap.",-53.00167,-70.83861,7.7250000000000005
2002-03-18,530005.0,"Fuentes Martínez, Porvenir Ad.",-53.25361,-70.32611,9.25
2002-03-18,950001.0,"C.M.A. Eduardo Frei Montalva, Antártica ",-62.19194,-58.97972,0.14444444444444443
2002-03-19,180005.0,"Chacalluta, Arica Ap.",-18.35555,-70.34028,22.133333333333336
2002-03-19,200006.0,Diego Aracena Iquique Ap.,-20.54917,-70.18111,20.9375
2002-03-19,220002.0,"El Loa, Calama Ad.",-22.49806,-68.8925,18.80625
2002-03-19,270001.0,Mataveri  Isla de Pascua Ap.,-27.15889,-109.4325,24.38333333333333
2002-03-19,290004.0,"La Florida, La Serena Ad.",-29.91444,-71.20667,19.070588235294117
2002-03-19,330007.0,"Rodelillo, Ad.",-33.06528,-71.55639,23.72307692307692
2002-03-19,330019.0,"Eulogio Sánchez, Tobalaba Ad.",-33.45528,-70.54861,24.90909090909091
2002-03-19,330020.0,"Quinta Normal, Santiago",-33.445,-70.68278,22.8
2002-03-19,330021.0,Pudahuel Santiago ,-33.37833,-70.78778,19.583333333333332
2002-03-19,330030.0,"Santo Domingo, Ad.",-33.65611,-71.61333,19.638461538461538
2002-03-19,330031.0,"Juan Fernández, Estación Meteorológica.",-33.63583,-78.83305,18.68
2002-03-19,340031.0,"General Freire, Curicó Ad.",-34.96944,-71.21694,18.216666666666665
2002-03-19,360011.0,"General Bernardo O'Higgins, Chillán Ad.",-36.58583,-72.03667,17.990909090909092
2002-03-19,360019.0,"Carriel Sur, Concepción Ap.",-36.78055,-73.06639,13.75
2002-03-19,370033.0,"María Dolores, Los Angeles Ad.",-37.39694,-72.42389,14.5
2002-03-19,380013.0,"Maquehue, Temuco Ad.",-38.76778,-72.63194,11.995999999999999
2002-03-19,390006.0,"Pichoy, Valdivia Ad.",-39.65667,-73.08722,15.058333333333332
2002-03-19,400009.0,"Cañal Bajo,  Osorno Ad.",-40.61444,-73.0575,12.525
2002-03-19,410005.0,El Tepual  Puerto Montt Ap.,-41.4475,-73.09583,8.772
2002-03-19,430001.0,Quellón Ad.,-43.13361,-73.63278,12.45
2002-03-19,430002.0,Futaleufú Ad.,-43.18889,-71.85222,11.5
2002-03-19,450001.0,Puerto Aysén Ad.,-45.39944,-72.67722,12.775
2002-03-19,450004.0,"Teniente Vidal, Coyhaique Ad.",-45.59083,-72.10222,11.092307692307692
2002-03-19,450005.0,Balmaceda Ad.,-45.91833,-71.67778,9.08
2002-03-19,520006.0,"Carlos Ibañez, Punta Arenas Ap.",-53.00167,-70.83861,8.0625
2002-03-19,530005.0,"Fuentes Martínez, Porvenir Ad.",-53.25361,-70.32611,10.816666666666668
2002-03-19,950001.0,"C.M.A. Eduardo Frei Montalva, Antártica ",-62.19194,-58.97972,0.7625
2002-03-20,180005.0,"Chacalluta, Arica Ap.",-18.35555,-70.34028,21.650000000000002
2002-03-20,200006.0,Diego Aracena Iquique Ap.,-20.54917,-70.18111,19.908333333333335
2002-03-20,220002.0,"El Loa, Calama Ad.",-22.49806,-68.8925,19.30625
2002-03-20,270001.0,Mataveri  Isla de Pascua Ap.,-27.15889,-109.4325,23.7
2002-03-20,290004.0,"La Florida, La Serena Ad.",-29.91444,-71.20667,18.341176470588238
2002-03-20,330007.0,"Rodelillo, Ad.",-33.06528,-71.55639,23.45384615384615
2002-03-20,330019.0,"Eulogio Sánchez, Tobalaba Ad.",-33.45528,-70.54861,27.063636363636363
2002-03-20,330020.0,"Quinta Normal, Santiago",-33.445,-70.68278,24.72
2002-03-20,330021.0,Pudahuel Santiago ,-33.37833,-70.78778,21.045833333333334
2002-03-20,330030.0,"Santo Domingo, Ad.",-33.65611,-71.61333,20.16923076923077
2002-03-20,330031.0,"Juan Fernández, Estación Meteorológica.",-33.63583,-78.83305,20.52
2002-03-20,340031.0,"General Freire, Curicó Ad.",-34.96944,-71.21694,22.108333333333334
2002-03-20,360011.0,"General Bernardo O'Higgins, Chillán Ad.",-36.58583,-72.03667,22.345454545454547
2002-03-20,360019.0,"Carriel Sur, Concepción Ap.",-36.78055,-73.06639,14.525
2002-03-20,370033.0,"María Dolores, Los Angeles Ad.",-37.39694,-72.42389,15.5
2002-03-20,380013.0,"Maquehue, Temuco Ad.",-38.76778,-72.63194,15.495833333333332
2002-03-20,390006.0,"Pichoy, Valdivia Ad.",-39.65667,-73.08722,18.846153846153847
2002-03-20,400009.0,"Cañal Bajo,  Osorno Ad.",-40.61444,-73.0575,20.05
2002-03-20,410005.0,El Tepual  Puerto Montt Ap.,-41.4475,-73.09583,14.187999999999999
2002-03-20,430001.0,Quellón Ad.,-43.13361,-73.63278,13.440000000000001
2002-03-20,430002.0,Futaleufú Ad.,-43.18889,-71.85222,13.033333333333333
2002-03-20,450001.0,Puerto Aysén Ad.,-45.39944,-72.67722,11.325
2002-03-20,450004.0,"Teniente Vidal, Coyhaique Ad.",-45.59083,-72.10222,9.461538461538462
2002-03-20,450005.0,Balmaceda Ad.,-45.91833,-71.67778,8.113333333333333
2002-03-20,520006.0,"Carlos Ibañez, Punta Arenas Ap.",-53.00167,-70.83861,9.168
2002-03-20,530005.0,"Fuentes Martínez, Porvenir Ad.",-53.25361,-70.32611,9.916666666666666
2002-03-20,950001.0,"C.M.A. Eduardo Frei Montalva, Antártica ",-62.19194,-58.97972,1.35
2002-03-21,180005.0,"Chacalluta, Arica Ap.",-18.35555,-70.34028,22.558333333333334
2002-03-21,200006.0,Diego Aracena Iquique Ap.,-20.54917,-70.18111,21.229166666666668
2002-03-21,220002.0,"El Loa, Calama Ad.",-22.49806,-68.8925,19.8125
2002-03-21,270001.0,Mataveri  Isla de Pascua Ap.,-27.15889,-109.4325,23.271428571428572
2002-03-21,290004.0,"La Florida, La Serena Ad.",-29.91444,-71.20667,18.900000000000002
2002-03-21,330007.0,"Rodelillo, Ad.",-33.06528,-71.55639,20.307692307692307
2002-03-21,330019.0,"Eulogio Sánchez, Tobalaba Ad.",-33.45528,-70.54861,25.272727272727273
2002-03-21,330020.0,"Quinta Normal, Santiago",-33.445,-70.68278,23.52
2002-03-21,330021.0,Pudahuel Santiago ,-33.37833,-70.78778,20.6375
2002-03-21,330030.0,"Santo Domingo, Ad.",-33.65611,-71.61333,18.115384615384617
2002-03-21,330031.0,"Juan Fernández, Estación Meteorológica.",-33.63583,-78.83305,20.8
2002-03-21,340031.0,"General Freire, Curicó Ad.",-34.96944,-71.21694,22.358333333333334
2002-03-21,360011.0,"General Bernardo O'Higgins, Chillán Ad.",-36.58583,-72.03667,20.599999999999998
2002-03-21,360019.0,"Carriel Sur, Concepción Ap.",-36.78055,-73.06639,15.0625
2002-03-21,370033.0,"María Dolores, Los Angeles Ad.",-37.39694,-72.42389,15.5
2002-03-21,380013.0,"Maquehue, Temuco Ad.",-38.76778,-72.63194,14.329166666666666
2002-03-21,390006.0,"Pichoy, Valdivia Ad.",-39.65667,-73.08722,17.75
2002-03-21,400009.0,"Cañal Bajo,  Osorno Ad.",-40.61444,-73.0575,18.080000000000002
2002-03-21,410005.0,El Tepual  Puerto Montt Ap.,-41.4475,-73.09583,15.891666666666666
2002-03-21,430001.0,Quellón Ad.,-43.13361,-73.63278,15.27
2002-03-21,430002.0,Futaleufú Ad.,-43.18889,-71.85222,16.766666666666666
2002-03-21,450001.0,Puerto Aysén Ad.,-45.39944,-72.67722,12.225
2002-03-21,450004.0,"Teniente Vidal, Coyhaique Ad.",-45.59083,-72.10222,11.953846153846154
2002-03-21,450005.0,Balmaceda Ad.,-45.91833,-71.67778,10.5125
2002-03-21,520006.0,"Carlos Ibañez, Punta Arenas Ap.",-53.00167,-70.83861,10.887500000000001
2002-03-21,530005.0,"Fuentes Martínez, Porvenir Ad.",-53.25361,-70.32611,12.666666666666666
2002-03-21,950001.0,"C.M.A. Eduardo Frei Montalva, Antártica ",-62.19194,-58.97972,1.8125
2002-03-22,180005.0,"Chacalluta, Arica Ap.",-18.35555,-70.34028,21.412499999999998
2002-03-22,200006.0,Diego Aracena Iquique Ap.,-20.54917,-70.18111,20.7625
2002-03-22,220002.0,"El Loa, Calama Ad.",-22.49806,-68.8925,18.88125
2002-03-22,270001.0,Mataveri  Isla de Pascua Ap.,-27.15889,-109.4325,23.166666666666668
2002-03-22,290004.0,"La Florida, La Serena Ad.",-29.91444,-71.20667,18.241176470588236
2002-03-22,330007.0,"Rodelillo, Ad.",-33.06528,-71.55639,21.446153846153848
2002-03-22,330019.0,"Eulogio Sánchez, Tobalaba Ad.",-33.45528,-70.54861,25.2
2002-03-22,330020.0,"Quinta Normal, Santiago",-33.445,-70.68278,23.259999999999998
2002-03-22,330021.0,Pudahuel Santiago ,-33.37833,-70.78778,19.784000000000002
2002-03-22,330030.0,"Santo Domingo, Ad.",-33.65611,-71.61333,18.06153846153846
2002-03-22,330031.0,"Juan Fernández, Estación Meteorológica.",-33.63583,-78.83305,19.28
2002-03-22,340031.0,"General Freire, Curicó Ad.",-34.96944,-71.21694,19.516666666666666
2002-03-22,360011.0,"General Bernardo O'Higgins, Chillán Ad.",-36.58583,-72.03667,19.299999999999997
2002-03-22,360019.0,"Carriel Sur, Concepción Ap.",-36.78055,-73.06639,14.933333333333332
2002-03-22,370033.0,"María Dolores, Los Angeles Ad.",-37.39694,-72.42389,16.1
2002-03-22,380013.0,"Maquehue, Temuco Ad.",-38.76778,-72.63194,13.873076923076923
2002-03-22,390006.0,"Pichoy, Valdivia Ad.",-39.65667,-73.08722,16.108333333333334
2002-03-22,400009.0,"Cañal Bajo,  Osorno Ad.",-40.61444,-73.0575,15.91
2002-03-22,410005.0,El Tepual  Puerto Montt Ap.,-41.4475,-73.09583,13.3125
2002-03-22,430001.0,Quellón Ad.,-43.13361,-73.63278,14.669999999999998
2002-03-22,430002.0,Futaleufú Ad.,-43.18889,-71.85222,12.966666666666667
2002-03-22,450001.0,Puerto Aysén Ad.,-45.39944,-72.67722,11.9
2002-03-22,450004.0,"Teniente Vidal, Coyhaique Ad.",-45.59083,-72.10222,11.061538461538463
2002-03-22,450005.0,Balmaceda Ad.,-45.91833,-71.67778,9.033333333333333
2002-03-22,520006.0,"Carlos Ibañez, Punta Arenas Ap.",-53.00167,-70.83861,8.229166666666666
2002-03-22,530005.0,"Fuentes Martínez, Porvenir Ad.",-53.25361,-70.32611,10.116666666666667
2002-03-22,950001.0,"C.M.A. Eduardo Frei Montalva, Antártica ",-62.19194,-58.97972,2.275
2002-03-23,180005.0,"Chacalluta, Arica Ap.",-18.35555,-70.34028,21.166666666666668
2002-03-23,200006.0,Diego Aracena Iquique Ap.,-20.54917,-70.18111,20.345833333333335
2002-03-23,220002.0,"El Loa, Calama Ad.",-22.49806,-68.8925,19.43125
2002-03-23,270001.0,Mataveri  Isla de Pascua Ap.,-27.15889,-109.4325,22.55
2002-03-23,290004.0,"La Florida, La Serena Ad.",-29.91444,-71.20667,17.50588235294118
2002-03-23,330007.0,"Rodelillo, Ad.",-33.06528,-71.55639,21.415384615384614
2002-03-23,330019.0,"Eulogio Sánchez, Tobalaba Ad.",-33.45528,-70.54861,24.00909090909091
2002-03-23,330020.0,"Quinta Normal, Santiago",-33.445,-70.68278,22.52
2002-03-23,330021.0,Pudahuel Santiago ,-33.37833,-70.78778,19.679166666666667
2002-03-23,330030.0,"Santo Domingo, Ad.",-33.65611,-71.61333,18.253846153846155
2002-03-23,330031.0,"Juan Fernández, Estación Meteorológica.",-33.63583,-78.83305,18.575
2002-03-23,340031.0,"General Freire, Curicó Ad.",-34.96944,-71.21694,19.158333333333335
2002-03-23,360011.0,"General Bernardo O'Higgins, Chillán Ad.",-36.58583,-72.03667,18.90909090909091
2002-03-23,360019.0,"Carriel Sur, Concepción Ap.",-36.78055,-73.06639,14.291666666666666
2002-03-23,370033.0,"María Dolores, Los Angeles Ad.",-37.39694,-72.42389,17.4
2002-03-23,380013.0,"Maquehue, Temuco Ad.",-38.76778,-72.63194,13.079166666666666
2002-03-23,390006.0,"Pichoy, Valdivia Ad.",-39.65667,-73.08722,14.683333333333332
2002-03-23,400009.0,"Cañal Bajo,  Osorno Ad.",-40.61444,-73.0575,15.61
2002-03-23,410005.0,El Tepual  Puerto Montt Ap.,-41.4475,-73.09583,13.004166666666668
2002-03-23,430001.0,Quellón Ad.,-43.13361,-73.63278,12.88
2002-03-23,450004.0,"Teniente Vidal, Coyhaique Ad.",-45.59083,-72.10222,9.184615384615384
2002-03-23,450005.0,Balmaceda Ad.,-45.91833,-71.67778,6.6
2002-03-23,520006.0,"Carlos Ibañez, Punta Arenas Ap.",-53.00167,-70.83861,4.24
2002-03-23,530005.0,"Fuentes Martínez, Porvenir Ad.",-53.25361,-70.32611,6.216666666666666
2002-03-23,950001.0,"C.M.A. Eduardo Frei Montalva, Antártica ",-62.19194,-58.97972,-2.325
2002-03-24,180005.0,"Chacalluta, Arica Ap.",-18.35555,-70.34028,21.754166666666666
2002-03-24,200006.0,Diego Aracena Iquique Ap.,-20.54917,-70.18111,20.75
2002-03-24,220002.0,"El Loa, Calama Ad.",-22.49806,-68.8925,20.76923076923077
2002-03-24,270001.0,Mataveri  Isla de Pascua Ap.,-27.15889,-109.4325,22.477777777777774
2002-03-24,290004.0,"La Florida, La Serena Ad.",-29.91444,-71.20667,17.172222222222224
2002-03-24,330007.0,"Rodelillo, Ad.",-33.06528,-71.55639,22.215384615384615
2002-03-24,330019.0,"Eulogio Sánchez, Tobalaba Ad.",-33.45528,-70.54861,22.70909090909091
2002-03-24,330020.0,"Quinta Normal, Santiago",-33.445,-70.68278,21.259999999999998
2002-03-24,330021.0,Pudahuel Santiago ,-33.37833,-70.78778,18.758333333333333
2002-03-24,330030.0,"Santo Domingo, Ad.",-33.65611,-71.61333,19.930769230769233
2002-03-24,330031.0,"Juan Fernández, Estación Meteorológica.",-33.63583,-78.83305,19.15
2002-03-24,340031.0,"General Freire, Curicó Ad.",-34.96944,-71.21694,18.733333333333334
2002-03-24,360011.0,"General Bernardo O'Higgins, Chillán Ad.",-36.58583,-72.03667,18.37272727272727
2002-03-24,360019.0,"Carriel Sur, Concepción Ap.",-36.78055,-73.06639,14.841666666666667
2002-03-24,370033.0,"María Dolores, Los Angeles Ad.",-37.39694,-72.42389,16.200000000000003
2002-03-24,380013.0,"Maquehue, Temuco Ad.",-38.76778,-72.63194,12.8125
2002-03-24,390006.0,"Pichoy, Valdivia Ad.",-39.65667,-73.08722,13.541666666666666
2002-03-24,400009.0,"Cañal Bajo,  Osorno Ad.",-40.61444,-73.0575,12.55
2002-03-24,410005.0,El Tepual  Puerto Montt Ap.,-41.4475,-73.09583,10.0
2002-03-24,430001.0,Quellón Ad.,-43.13361,-73.63278,10.89
2002-03-24,450004.0,"Teniente Vidal, Coyhaique Ad.",-45.59083,-72.10222,6.130769230769231
2002-03-24,450005.0,Balmaceda Ad.,-45.91833,-71.67778,4.46
2002-03-24,520006.0,"Carlos Ibañez, Punta Arenas Ap.",-53.00167,-70.83861,5.491666666666667
2002-03-24,950001.0,"C.M.A. Eduardo Frei Montalva, Antártica ",-62.19194,-58.97972,-3.0625
2002-03-25,180005.0,"Chacalluta, Arica Ap.",-18.35555,-70.34028,21.766666666666666
2002-03-25,200006.0,Diego Aracena Iquique Ap.,-20.54917,-70.18111,21.204166666666666
2002-03-25,220002.0,"El Loa, Calama Ad.",-22.49806,-68.8925,18.775
2002-03-25,270001.0,Mataveri  Isla de Pascua Ap.,-27.15889,-109.4325,23.65833333333333
2002-03-25,290004.0,"La Florida, La Serena Ad.",-29.91444,-71.20667,16.435
2002-03-25,330007.0,"Rodelillo, Ad.",-33.06528,-71.55639,21.807692307692307
2002-03-25,330019.0,"Eulogio Sánchez, Tobalaba Ad.",-33.45528,-70.54861,22.863636363636363
2002-03-25,330020.0,"Quinta Normal, Santiago",-33.445,-70.68278,21.6
2002-03-25,330021.0,Pudahuel Santiago ,-33.37833,-70.78778,18.395833333333332
2002-03-25,330030.0,"Santo Domingo, Ad.",-33.65611,-71.61333,19.415384615384617
2002-03-25,330031.0,"Juan Fernández, Estación Meteorológica.",-33.63583,-78.83305,17.96
2002-03-25,340031.0,"General Freire, Curicó Ad.",-34.96944,-71.21694,18.666666666666668
2002-03-25,360011.0,"General Bernardo O'Higgins, Chillán Ad.",-36.58583,-72.03667,18.154545454545453
2002-03-25,360019.0,"Carriel Sur, Concepción Ap.",-36.78055,-73.06639,14.783333333333333
2002-03-25,370033.0,"María Dolores, Los Angeles Ad.",-37.39694,-72.42389,15.3
2002-03-25,380013.0,"Maquehue, Temuco Ad.",-38.76778,-72.63194,12.666666666666666
2002-03-25,390006.0,"Pichoy, Valdivia Ad.",-39.65667,-73.08722,13.65
2002-03-25,400009.0,"Cañal Bajo,  Osorno Ad.",-40.61444,-73.0575,12.190000000000001
2002-03-25,410005.0,El Tepual  Puerto Montt Ap.,-41.4475,-73.09583,9.762500000000001
2002-03-25,430001.0,Quellón Ad.,-43.13361,-73.63278,9.120000000000001
2002-03-25,430002.0,Futaleufú Ad.,-43.18889,-71.85222,8.833333333333334
2002-03-25,450001.0,Puerto Aysén Ad.,-45.39944,-72.67722,8.15
2002-03-25,450004.0,"Teniente Vidal, Coyhaique Ad.",-45.59083,-72.10222,7.0
2002-03-25,450005.0,Balmaceda Ad.,-45.91833,-71.67778,4.346666666666667
2002-03-25,520006.0,"Carlos Ibañez, Punta Arenas Ap.",-53.00167,-70.83861,2.9499999999999997
2002-03-25,530005.0,"Fuentes Martínez, Porvenir Ad.",-53.25361,-70.32611,5.383333333333333
2002-03-25,950001.0,"C.M.A. Eduardo Frei Montalva, Antártica ",-62.19194,-58.97972,-0.575
2002-03-26,180005.0,"Chacalluta, Arica Ap.",-18.35555,-70.34028,21.53333333333333
2002-03-26,200006.0,Diego Aracena Iquique Ap.,-20.54917,-70.18111,20.791666666666668
2002-03-26,220002.0,"El Loa, Calama Ad.",-22.49806,-68.8925,19.7
2002-03-26,270001.0,Mataveri  Isla de Pascua Ap.,-27.15889,-109.4325,24.53333333333333
2002-03-26,290004.0,"La Florida, La Serena Ad.",-29.91444,-71.20667,16.741176470588236
2002-03-26,330007.0,"Rodelillo, Ad.",-33.06528,-71.55639,22.06153846153846
2002-03-26,330019.0,"Eulogio Sánchez, Tobalaba Ad.",-33.45528,-70.54861,24.045454545454547
2002-03-26,330020.0,"Quinta Normal, Santiago",-33.445,-70.68278,21.94
2002-03-26,330021.0,Pudahuel Santiago ,-33.37833,-70.78778,17.928
2002-03-26,330030.0,"Santo Domingo, Ad.",-33.65611,-71.61333,17.723076923076924
2002-03-26,330031.0,"Juan Fernández, Estación Meteorológica.",-33.63583,-78.83305,18.48
2002-03-26,340031.0,"General Freire, Curicó Ad.",-34.96944,-71.21694,18.441666666666666
2002-03-26,360011.0,"General Bernardo O'Higgins, Chillán Ad.",-36.58583,-72.03667,18.327272727272728
2002-03-26,360019.0,"Carriel Sur, Concepción Ap.",-36.78055,-73.06639,13.200000000000001
2002-03-26,370033.0,"María Dolores, Los Angeles Ad.",-37.39694,-72.42389,16.1
2002-03-26,380013.0,"Maquehue, Temuco Ad.",-38.76778,-72.63194,10.433333333333334
2002-03-26,390006.0,"Pichoy, Valdivia Ad.",-39.65667,-73.08722,10.909090909090908
2002-03-26,400009.0,"Cañal Bajo,  Osorno Ad.",-40.61444,-73.0575,9.0
2002-03-26,410005.0,El Tepual  Puerto Montt Ap.,-41.4475,-73.09583,6.116666666666667
2002-03-26,430001.0,Quellón Ad.,-43.13361,-73.63278,8.99
2002-03-26,430002.0,Futaleufú Ad.,-43.18889,-71.85222,7.388888888888889
2002-03-26,450001.0,Puerto Aysén Ad.,-45.39944,-72.67722,9.225
2002-03-26,450004.0,"Teniente Vidal, Coyhaique Ad.",-45.59083,-72.10222,6.269230769230769
2002-03-26,450005.0,Balmaceda Ad.,-45.91833,-71.67778,4.4
2002-03-26,520006.0,"Carlos Ibañez, Punta Arenas Ap.",-53.00167,-70.83861,5.645833333333333
2002-03-26,530005.0,"Fuentes Martínez, Porvenir Ad.",-53.25361,-70.32611,8.783333333333333
2002-03-26,950001.0,"C.M.A. Eduardo Frei Montalva, Antártica ",-62.19194,-58.97972,-0.6916666666666668
2002-03-27,180005.0,"Chacalluta, Arica Ap.",-18.35555,-70.34028,21.71666666666667
2002-03-27,200006.0,Diego Aracena Iquique Ap.,-20.54917,-70.18111,20.483333333333334
2002-03-27,220002.0,"El Loa, Calama Ad.",-22.49806,-68.8925,20.2625
2002-03-27,270001.0,Mataveri  Isla de Pascua Ap.,-27.15889,-109.4325,23.464285714285715
2002-03-27,290004.0,"La Florida, La Serena Ad.",-29.91444,-71.20667,16.51764705882353
2002-03-27,330007.0,"Rodelillo, Ad.",-33.06528,-71.55639,23.66923076923077
2002-03-27,330019.0,"Eulogio Sánchez, Tobalaba Ad.",-33.45528,-70.54861,24.318181818181817
2002-03-27,330020.0,"Quinta Normal, Santiago",-33.445,-70.68278,22.2
2002-03-27,330021.0,Pudahuel Santiago ,-33.37833,-70.78778,18.675
2002-03-27,330030.0,"Santo Domingo, Ad.",-33.65611,-71.61333,18.338461538461537
2002-03-27,330031.0,"Juan Fernández, Estación Meteorológica.",-33.63583,-78.83305,18.84
2002-03-27,340031.0,"General Freire, Curicó Ad.",-34.96944,-71.21694,20.849999999999998
2002-03-27,360011.0,"General Bernardo O'Higgins, Chillán Ad.",-36.58583,-72.03667,19.336363636363636
2002-03-27,360019.0,"Carriel Sur, Concepción Ap.",-36.78055,-73.06639,13.3375
2002-03-27,370033.0,"María Dolores, Los Angeles Ad.",-37.39694,-72.42389,14.200000000000001
2002-03-27,380013.0,"Maquehue, Temuco Ad.",-38.76778,-72.63194,13.695833333333333
2002-03-27,390006.0,"Pichoy, Valdivia Ad.",-39.65667,-73.08722,16.433333333333334
2002-03-27,400009.0,"Cañal Bajo,  Osorno Ad.",-40.61444,-73.0575,16.880000000000003
2002-03-27,410005.0,El Tepual  Puerto Montt Ap.,-41.4475,-73.09583,11.945833333333333
2002-03-27,430001.0,Quellón Ad.,-43.13361,-73.63278,11.959999999999999
2002-03-27,430002.0,Futaleufú Ad.,-43.18889,-71.85222,6.833333333333333
2002-03-27,450001.0,Puerto Aysén Ad.,-45.39944,-72.67722,10.7
2002-03-27,450004.0,"Teniente Vidal, Coyhaique Ad.",-45.59083,-72.10222,7.584615384615384
2002-03-27,450005.0,Balmaceda Ad.,-45.91833,-71.67778,5.319999999999999
2002-03-27,520006.0,"Carlos Ibañez, Punta Arenas Ap.",-53.00167,-70.83861,5.254166666666666
2002-03-27,530005.0,"Fuentes Martínez, Porvenir Ad.",-53.25361,-70.32611,8.016666666666667
2002-03-27,950001.0,"C.M.A. Eduardo Frei Montalva, Antártica ",-62.19194,-58.97972,-1.425
2002-03-28,180005.0,"Chacalluta, Arica Ap.",-18.35555,-70.34028,22.258333333333336
2002-03-28,200006.0,Diego Aracena Iquique Ap.,-20.54917,-70.18111,20.8875
2002-03-28,220002.0,"El Loa, Calama Ad.",-22.49806,-68.8925,19.78125
2002-03-28,270001.0,Mataveri  Isla de Pascua Ap.,-27.15889,-109.4325,24.85
2002-03-28,290004.0,"La Florida, La Serena Ad.",-29.91444,-71.20667,16.23
2002-03-28,330007.0,"Rodelillo, Ad.",-33.06528,-71.55639,17.56923076923077
2002-03-28,330019.0,"Eulogio Sánchez, Tobalaba Ad.",-33.45528,-70.54861,21.863636363636363
2002-03-28,330020.0,"Quinta Normal, Santiago",-33.445,-70.68278,20.78
2002-03-28,330021.0,Pudahuel Santiago ,-33.37833,-70.78778,17.620833333333334
2002-03-28,330030.0,"Santo Domingo, Ad.",-33.65611,-71.61333,17.23076923076923
2002-03-28,330031.0,"Juan Fernández, Estación Meteorológica.",-33.63583,-78.83305,18.0
2002-03-28,340031.0,"General Freire, Curicó Ad.",-34.96944,-71.21694,20.416666666666668
2002-03-28,360011.0,"General Bernardo O'Higgins, Chillán Ad.",-36.58583,-72.03667,15.945454545454545
2002-03-28,360019.0,"Carriel Sur, Concepción Ap.",-36.78055,-73.06639,14.908333333333333
2002-03-28,370033.0,"María Dolores, Los Angeles Ad.",-37.39694,-72.42389,16.1
2002-03-28,380013.0,"Maquehue, Temuco Ad.",-38.76778,-72.63194,14.670833333333334
2002-03-28,390006.0,"Pichoy, Valdivia Ad.",-39.65667,-73.08722,16.333333333333332
2002-03-28,400009.0,"Cañal Bajo,  Osorno Ad.",-40.61444,-73.0575,16.94
2002-03-28,410005.0,El Tepual  Puerto Montt Ap.,-41.4475,-73.09583,14.5
2002-03-28,430001.0,Quellón Ad.,-43.13361,-73.63278,12.14
2002-03-28,430002.0,Futaleufú Ad.,-43.18889,-71.85222,11.088888888888889
2002-03-28,450001.0,Puerto Aysén Ad.,-45.39944,-72.67722,10.175
2002-03-28,450004.0,"Teniente Vidal, Coyhaique Ad.",-45.59083,-72.10222,11.907692307692308
2002-03-28,450005.0,Balmaceda Ad.,-45.91833,-71.67778,10.146666666666667
2002-03-28,520006.0,"Carlos Ibañez, Punta Arenas Ap.",-53.00167,-70.83861,5.795833333333333
2002-03-28,530005.0,"Fuentes Martínez, Porvenir Ad.",-53.25361,-70.32611,8.299999999999999
2002-03-28,950001.0,"C.M.A. Eduardo Frei Montalva, Antártica ",-62.19194,-58.97972,-3.3125
2002-03-29,180005.0,"Chacalluta, Arica Ap.",-18.35555,-70.34028,22.366666666666664
2002-03-29,200006.0,Diego Aracena Iquique Ap.,-20.54917,-70.18111,21.1625
2002-03-29,220002.0,"El Loa, Calama Ad.",-22.49806,-68.8925,18.35
2002-03-29,270001.0,Mataveri  Isla de Pascua Ap.,-27.15889,-109.4325,23.724999999999998
2002-03-29,290004.0,"La Florida, La Serena Ad.",-29.91444,-71.20667,18.029411764705884
2002-03-29,330007.0,"Rodelillo, Ad.",-33.06528,-71.55639,16.223076923076924
2002-03-29,330019.0,"Eulogio Sánchez, Tobalaba Ad.",-33.45528,-70.54861,14.954545454545455
2002-03-29,330020.0,"Quinta Normal, Santiago",-33.445,-70.68278,16.259999999999998
2002-03-29,330021.0,Pudahuel Santiago ,-33.37833,-70.78778,15.529166666666667
2002-03-29,330030.0,"Santo Domingo, Ad.",-33.65611,-71.61333,18.56153846153846
2002-03-29,330031.0,"Juan Fernández, Estación Meteorológica.",-33.63583,-78.83305,16.95
2002-03-29,340031.0,"General Freire, Curicó Ad.",-34.96944,-71.21694,16.246153846153845
2002-03-29,360011.0,"General Bernardo O'Higgins, Chillán Ad.",-36.58583,-72.03667,17.30909090909091
2002-03-29,360019.0,"Carriel Sur, Concepción Ap.",-36.78055,-73.06639,16.066666666666666
2002-03-29,370033.0,"María Dolores, Los Angeles Ad.",-37.39694,-72.42389,16.2
2002-03-29,380013.0,"Maquehue, Temuco Ad.",-38.76778,-72.63194,13.833333333333334
2002-03-29,390006.0,"Pichoy, Valdivia Ad.",-39.65667,-73.08722,15.666666666666666
2002-03-29,400009.0,"Cañal Bajo,  Osorno Ad.",-40.61444,-73.0575,14.559999999999999
2002-03-29,410005.0,El Tepual  Puerto Montt Ap.,-41.4475,-73.09583,11.579166666666666
2002-03-29,430002.0,Futaleufú Ad.,-43.18889,-71.85222,13.366666666666667
2002-03-29,450004.0,"Teniente Vidal, Coyhaique Ad.",-45.59083,-72.10222,11.938461538461537
2002-03-29,450005.0,Balmaceda Ad.,-45.91833,-71.67778,10.966666666666667
2002-03-29,520006.0,"Carlos Ibañez, Punta Arenas Ap.",-53.00167,-70.83861,6.3875
2002-03-29,950001.0,"C.M.A. Eduardo Frei Montalva, Antártica ",-62.19194,-58.97972,-2.15
2002-03-30,180005.0,"Chacalluta, Arica Ap.",-18.35555,-70.34028,21.974999999999998
2002-03-30,200006.0,Diego Aracena Iquique Ap.,-20.54917,-70.18111,20.108333333333334
2002-03-30,220002.0,"El Loa, Calama Ad.",-22.49806,-68.8925,18.428571428571427
2002-03-30,270001.0,Mataveri  Isla de Pascua Ap.,-27.15889,-109.4325,24.233333333333334
2002-03-30,290004.0,"La Florida, La Serena Ad.",-29.91444,-71.20667,17.49411764705882
2002-03-30,330007.0,"Rodelillo, Ad.",-33.06528,-71.55639,20.26153846153846
2002-03-30,330019.0,"Eulogio Sánchez, Tobalaba Ad.",-33.45528,-70.54861,19.200000000000003
2002-03-30,330020.0,"Quinta Normal, Santiago",-33.445,-70.68278,17.72
2002-03-30,330021.0,Pudahuel Santiago ,-33.37833,-70.78778,14.820833333333333
2002-03-30,330030.0,"Santo Domingo, Ad.",-33.65611,-71.61333,19.392307692307693
2002-03-30,330031.0,"Juan Fernández, Estación Meteorológica.",-33.63583,-78.83305,17.2
2002-03-30,340031.0,"General Freire, Curicó Ad.",-34.96944,-71.21694,17.75
2002-03-30,360011.0,"General Bernardo O'Higgins, Chillán Ad.",-36.58583,-72.03667,18.736363636363635
2002-03-30,360019.0,"Carriel Sur, Concepción Ap.",-36.78055,-73.06639,14.941666666666668
2002-03-30,370033.0,"María Dolores, Los Angeles Ad.",-37.39694,-72.42389,15.5
2002-03-30,380013.0,"Maquehue, Temuco Ad.",-38.76778,-72.63194,14.887500000000001
2002-03-30,390006.0,"Pichoy, Valdivia Ad.",-39.65667,-73.08722,16.349999999999998
2002-03-30,400009.0,"Cañal Bajo,  Osorno Ad.",-40.61444,-73.0575,15.86
2002-03-30,410005.0,El Tepual  Puerto Montt Ap.,-41.4475,-73.09583,12.566666666666668
2002-03-30,450004.0,"Teniente Vidal, Coyhaique Ad.",-45.59083,-72.10222,12.96923076923077
2002-03-30,450005.0,Balmaceda Ad.,-45.91833,-71.67778,9.25625
2002-03-30,520006.0,"Carlos Ibañez, Punta Arenas Ap.",-53.00167,-70.83861,4.670833333333333
2002-03-30,530005.0,"Fuentes Martínez, Porvenir Ad.",-53.25361,-70.32611,8.083333333333334
2002-03-30,950001.0,"C.M.A. Eduardo Frei Montalva, Antártica ",-62.19194,-58.97972,-1.9124999999999999
2002-03-31,180005.0,"Chacalluta, Arica Ap.",-18.35555,-70.34028,21.599999999999998
2002-03-31,200006.0,Diego Aracena Iquique Ap.,-20.54917,-70.18111,19.6375
2002-03-31,220002.0,"El Loa, Calama Ad.",-22.49806,-68.8925,20.107692307692307
2002-03-31,270001.0,Mataveri  Isla de Pascua Ap.,-27.15889,-109.4325,25.066666666666666
2002-03-31,290004.0,"La Florida, La Serena Ad.",-29.91444,-71.20667,16.76111111111111
2002-03-31,330007.0,"Rodelillo, Ad.",-33.06528,-71.55639,21.753846153846155
2002-03-31,330019.0,"Eulogio Sánchez, Tobalaba Ad.",-33.45528,-70.54861,25.00909090909091
2002-03-31,330020.0,"Quinta Normal, Santiago",-33.445,-70.68278,21.48
2002-03-31,330021.0,Pudahuel Santiago ,-33.37833,-70.78778,17.004166666666666
2002-03-31,330030.0,"Santo Domingo, Ad.",-33.65611,-71.61333,18.66923076923077
2002-03-31,330031.0,"Juan Fernández, Estación Meteorológica.",-33.63583,-78.83305,17.2
2002-03-31,340031.0,"General Freire, Curicó Ad.",-34.96944,-71.21694,19.0
2002-03-31,360011.0,"General Bernardo O'Higgins, Chillán Ad.",-36.58583,-72.03667,20.972727272727273
2002-03-31,360019.0,"Carriel Sur, Concepción Ap.",-36.78055,-73.06639,15.862499999999999
2002-03-31,370033.0,"María Dolores, Los Angeles Ad.",-37.39694,-72.42389,17.799999999999997
2002-03-31,380013.0,"Maquehue, Temuco Ad.",-38.76778,-72.63194,15.168
2002-03-31,390006.0,"Pichoy, Valdivia Ad.",-39.65667,-73.08722,17.208333333333332
2002-03-31,400009.0,"Cañal Bajo,  Osorno Ad.",-40.61444,-73.0575,14.0
2002-03-31,410005.0,El Tepual  Puerto Montt Ap.,-41.4475,-73.09583,11.207407407407409
2002-03-31,450004.0,"Teniente Vidal, Coyhaique Ad.",-45.59083,-72.10222,12.723076923076924
2002-03-31,450005.0,Balmaceda Ad.,-45.91833,-71.67778,9.825
2002-03-31,520006.0,"Carlos Ibañez, Punta Arenas Ap.",-53.00167,-70.83861,13.141666666666666
2002-03-31,950001.0,"C.M.A. Eduardo Frei Montalva, Antártica ",-62.19194,-58.97972,1.5375
2002-04-01,180005.0,"Chacalluta, Arica Ap.",-18.35555,-70.34028,22.454166666666666
2002-04-01,200006.0,Diego Aracena Iquique Ap.,-20.54917,-70.18111,20.379166666666666
2002-04-01,220002.0,"El Loa, Calama Ad.",-22.49806,-68.8925,19.05
2002-04-01,270001.0,Mataveri  Isla de Pascua Ap.,-27.15889,-109.4325,24.063636363636363
2002-04-01,290004.0,"La Florida, La Serena Ad.",-29.91444,-71.20667,16.95294117647059
2002-04-01,330007.0,"Rodelillo, Ad.",-33.06528,-71.55639,15.133333333333333
2002-04-01,330019.0,"Eulogio Sánchez, Tobalaba Ad.",-33.45528,-70.54861,20.136363636363637
2002-04-01,330020.0,"Quinta Normal, Santiago",-33.445,-70.68278,18.44
2002-04-01,330021.0,Pudahuel Santiago ,-33.37833,-70.78778,15.350000000000001
2002-04-01,330030.0,"Santo Domingo, Ad.",-33.65611,-71.61333,16.553846153846152
2002-04-01,330031.0,"Juan Fernández, Estación Meteorológica.",-33.63583,-78.83305,17.6
2002-04-01,340031.0,"General Freire, Curicó Ad.",-34.96944,-71.21694,16.266666666666666
2002-04-01,360011.0,"General Bernardo O'Higgins, Chillán Ad.",-36.58583,-72.03667,17.245454545454546
2002-04-01,360019.0,"Carriel Sur, Concepción Ap.",-36.78055,-73.06639,14.208
2002-04-01,370033.0,"María Dolores, Los Angeles Ad.",-37.39694,-72.42389,14.933333333333332
2002-04-01,380013.0,"Maquehue, Temuco Ad.",-38.76778,-72.63194,13.195833333333333
2002-04-01,390006.0,"Pichoy, Valdivia Ad.",-39.65667,-73.08722,14.341666666666667
2002-04-01,400009.0,"Cañal Bajo,  Osorno Ad.",-40.61444,-73.0575,12.818181818181818
2002-04-01,410005.0,El Tepual  Puerto Montt Ap.,-41.4475,-73.09583,9.884
2002-04-01,430001.0,Quellón Ad.,-43.13361,-73.63278,11.36
2002-04-01,430002.0,Futaleufú Ad.,-43.18889,-71.85222,13.88888888888889
2002-04-01,450001.0,Puerto Aysén Ad.,-45.39944,-72.67722,11.975
2002-04-01,450004.0,"Teniente Vidal, Coyhaique Ad.",-45.59083,-72.10222,13.161538461538461
2002-04-01,450005.0,Balmaceda Ad.,-45.91833,-71.67778,11.43125
2002-04-01,520006.0,"Carlos Ibañez, Punta Arenas Ap.",-53.00167,-70.83861,10.236
2002-04-01,530005.0,"Fuentes Martínez, Porvenir Ad.",-53.25361,-70.32611,11.6
2002-04-01,550001.0,"Guardiamarina Zañartu, Pto Williams Ad.",-54.93167,-67.61556,13.577777777777778
2002-04-01,950001.0,"C.M.A. Eduardo Frei Montalva, Antártica ",-62.19194,-58.97972,2.3
2002-04-02,180005.0,"Chacalluta, Arica Ap.",-18.35555,-70.34028,21.8875
2002-04-02,200006.0,Diego Aracena Iquique Ap.,-20.54917,-70.18111,20.3125
2002-04-02,220002.0,"El Loa, Calama Ad.",-22.49806,-68.8925,20.16875
2002-04-02,270001.0,Mataveri  Isla de Pascua Ap.,-27.15889,-109.4325,23.883333333333336
2002-04-02,290004.0,"La Florida, La Serena Ad.",-29.91444,-71.20667,16.441176470588236
2002-04-02,330007.0,"Rodelillo, Ad.",-33.06528,-71.55639,17.783333333333335
2002-04-02,330019.0,"Eulogio Sánchez, Tobalaba Ad.",-33.45528,-70.54861,19.075
2002-04-02,330020.0,"Quinta Normal, Santiago",-33.445,-70.68278,18.22
2002-04-02,330021.0,Pudahuel Santiago ,-33.37833,-70.78778,15.6
2002-04-02,330030.0,"Santo Domingo, Ad.",-33.65611,-71.61333,18.023076923076925
2002-04-02,330031.0,"Juan Fernández, Estación Meteorológica.",-33.63583,-78.83305,18.619999999999997
2002-04-02,340031.0,"General Freire, Curicó Ad.",-34.96944,-71.21694,18.608333333333334
2002-04-02,360011.0,"General Bernardo O'Higgins, Chillán Ad.",-36.58583,-72.03667,19.0
2002-04-02,360019.0,"Carriel Sur, Concepción Ap.",-36.78055,-73.06639,13.579166666666666
2002-04-02,370033.0,"María Dolores, Los Angeles Ad.",-37.39694,-72.42389,17.90909090909091
2002-04-02,380013.0,"Maquehue, Temuco Ad.",-38.76778,-72.63194,15.079166666666666
2002-04-02,390006.0,"Pichoy, Valdivia Ad.",-39.65667,-73.08722,16.015384615384615
2002-04-02,400009.0,"Cañal Bajo,  Osorno Ad.",-40.61444,-73.0575,15.49
2002-04-02,410005.0,El Tepual  Puerto Montt Ap.,-41.4475,-73.09583,13.52
2002-04-02,430001.0,Quellón Ad.,-43.13361,-73.63278,13.59
2002-04-02,430002.0,Futaleufú Ad.,-43.18889,-71.85222,12.355555555555556
2002-04-02,450001.0,Puerto Aysén Ad.,-45.39944,-72.67722,9.75
2002-04-02,450004.0,"Teniente Vidal, Coyhaique Ad.",-45.59083,-72.10222,8.9
2002-04-02,450005.0,Balmaceda Ad.,-45.91833,-71.67778,7.095833333333334
2002-04-02,520006.0,"Carlos Ibañez, Punta Arenas Ap.",-53.00167,-70.83861,6.691666666666666
2002-04-02,530005.0,"Fuentes Martínez, Porvenir Ad.",-53.25361,-70.32611,8.154545454545454
2002-04-02,550001.0,"Guardiamarina Zañartu, Pto Williams Ad.",-54.93167,-67.61556,9.054545454545455
2002-04-02,950001.0,"C.M.A. Eduardo Frei Montalva, Antártica ",-62.19194,-58.97972,2.5
2002-04-03,180005.0,"Chacalluta, Arica Ap.",-18.35555,-70.34028,20.2625
2002-04-03,200006.0,Diego Aracena Iquique Ap.,-20.54917,-70.18111,19.462500000000002
2002-04-03,220002.0,"El Loa, Calama Ad.",-22.49806,-68.8925,20.4375
2002-04-03,270001.0,Mataveri  Isla de Pascua Ap.,-27.15889,-109.4325,23.4125
2002-04-03,290004.0,"La Florida, La Serena Ad.",-29.91444,-71.20667,16.53529411764706
2002-04-03,330007.0,"Rodelillo, Ad.",-33.06528,-71.55639,18.69090909090909
2002-04-03,330019.0,"Eulogio Sánchez, Tobalaba Ad.",-33.45528,-70.54861,22.625
2002-04-03,330020.0,"Quinta Normal, Santiago",-33.445,-70.68278,20.080000000000002
2002-04-03,330021.0,Pudahuel Santiago ,-33.37833,-70.78778,15.592592592592593
2002-04-03,330030.0,"Santo Domingo, Ad.",-33.65611,-71.61333,16.715384615384615
2002-04-03,330031.0,"Juan Fernández, Estación Meteorológica.",-33.63583,-78.83305,18.160000000000004
2002-04-03,340031.0,"General Freire, Curicó Ad.",-34.96944,-71.21694,16.416666666666668
2002-04-03,360011.0,"General Bernardo O'Higgins, Chillán Ad.",-36.58583,-72.03667,17.89090909090909
2002-04-03,360019.0,"Carriel Sur, Concepción Ap.",-36.78055,-73.06639,13.623076923076923
2002-04-03,370033.0,"María Dolores, Los Angeles Ad.",-37.39694,-72.42389,16.1
2002-04-03,380013.0,"Maquehue, Temuco Ad.",-38.76778,-72.63194,13.424000000000001
2002-04-03,390006.0,"Pichoy, Valdivia Ad.",-39.65667,-73.08722,17.0
2002-04-03,400009.0,"Cañal Bajo,  Osorno Ad.",-40.61444,-73.0575,16.330000000000002
2002-04-03,410005.0,El Tepual  Puerto Montt Ap.,-41.4475,-73.09583,13.752
2002-04-03,430001.0,Quellón Ad.,-43.13361,-73.63278,13.780000000000001
2002-04-03,430002.0,Futaleufú Ad.,-43.18889,-71.85222,15.133333333333333
2002-04-03,450001.0,Puerto Aysén Ad.,-45.39944,-72.67722,13.9
2002-04-03,450004.0,"Teniente Vidal, Coyhaique Ad.",-45.59083,-72.10222,14.338461538461539
2002-04-03,450005.0,Balmaceda Ad.,-45.91833,-71.67778,10.725
2002-04-03,520006.0,"Carlos Ibañez, Punta Arenas Ap.",-53.00167,-70.83861,8.508333333333333
2002-04-03,530005.0,"Fuentes Martínez, Porvenir Ad.",-53.25361,-70.32611,11.272727272727273
2002-04-03,550001.0,"Guardiamarina Zañartu, Pto Williams Ad.",-54.93167,-67.61556,9.366666666666667
2002-04-03,950001.0,"C.M.A. Eduardo Frei Montalva, Antártica ",-62.19194,-58.97972,0.69
2002-04-04,180005.0,"Chacalluta, Arica Ap.",-18.35555,-70.34028,21.295833333333334
2002-04-04,200006.0,Diego Aracena Iquique Ap.,-20.54917,-70.18111,19.816666666666666
2002-04-04,220002.0,"El Loa, Calama Ad.",-22.49806,-68.8925,20.43125
2002-04-04,270001.0,Mataveri  Isla de Pascua Ap.,-27.15889,-109.4325,21.12857142857143
2002-04-04,290004.0,"La Florida, La Serena Ad.",-29.91444,-71.20667,16.505000000000003
2002-04-04,330007.0,"Rodelillo, Ad.",-33.06528,-71.55639,21.09090909090909
2002-04-04,330019.0,"Eulogio Sánchez, Tobalaba Ad.",-33.45528,-70.54861,22.936363636363634
2002-04-04,330020.0,"Quinta Normal, Santiago",-33.445,-70.68278,21.0
2002-04-04,330021.0,Pudahuel Santiago ,-33.37833,-70.78778,17.626923076923077
2002-04-04,330030.0,"Santo Domingo, Ad.",-33.65611,-71.61333,17.392307692307693
2002-04-04,330031.0,"Juan Fernández, Estación Meteorológica.",-33.63583,-78.83305,19.080000000000002
2002-04-04,340031.0,"General Freire, Curicó Ad.",-34.96944,-71.21694,18.025000000000002
2002-04-04,360011.0,"General Bernardo O'Higgins, Chillán Ad.",-36.58583,-72.03667,18.3
2002-04-04,360019.0,"Carriel Sur, Concepción Ap.",-36.78055,-73.06639,13.733333333333334
2002-04-04,370033.0,"María Dolores, Los Angeles Ad.",-37.39694,-72.42389,15.2
2002-04-04,380013.0,"Maquehue, Temuco Ad.",-38.76778,-72.63194,13.558333333333332
2002-04-04,390006.0,"Pichoy, Valdivia Ad.",-39.65667,-73.08722,16.566666666666666
2002-04-04,400009.0,"Cañal Bajo,  Osorno Ad.",-40.61444,-73.0575,17.119999999999997
2002-04-04,410005.0,El Tepual  Puerto Montt Ap.,-41.4475,-73.09583,14.745833333333332
2002-04-04,430001.0,Quellón Ad.,-43.13361,-73.63278,16.03
2002-04-04,430002.0,Futaleufú Ad.,-43.18889,-71.85222,14.755555555555556
2002-04-04,450001.0,Puerto Aysén Ad.,-45.39944,-72.67722,15.424999999999999
2002-04-04,450004.0,"Teniente Vidal, Coyhaique Ad.",-45.59083,-72.10222,15.976923076923075
2002-04-04,450005.0,Balmaceda Ad.,-45.91833,-71.67778,12.245833333333332
2002-04-04,520006.0,"Carlos Ibañez, Punta Arenas Ap.",-53.00167,-70.83861,10.204
2002-04-04,530005.0,"Fuentes Martínez, Porvenir Ad.",-53.25361,-70.32611,9.266666666666667
2002-04-04,550001.0,"Guardiamarina Zañartu, Pto Williams Ad.",-54.93167,-67.61556,11.366666666666667
2002-04-04,950001.0,"C.M.A. Eduardo Frei Montalva, Antártica ",-62.19194,-58.97972,2.1
2002-04-05,180005.0,"Chacalluta, Arica Ap.",-18.35555,-70.34028,21.6875
2002-04-05,200006.0,Diego Aracena Iquique Ap.,-20.54917,-70.18111,20.154166666666665
2002-04-05,220002.0,"El Loa, Calama Ad.",-22.49806,-68.8925,19.7375
2002-04-05,270001.0,Mataveri  Isla de Pascua Ap.,-27.15889,-109.4325,23.28333333333333
2002-04-05,290004.0,"La Florida, La Serena Ad.",-29.91444,-71.20667,16.616666666666667
2002-04-05,330007.0,"Rodelillo, Ad.",-33.06528,-71.55639,14.118181818181819
2002-04-05,330019.0,"Eulogio Sánchez, Tobalaba Ad.",-33.45528,-70.54861,21.845454545454544
2002-04-05,330020.0,"Quinta Normal, Santiago",-33.445,-70.68278,20.240000000000002
2002-04-05,330021.0,Pudahuel Santiago ,-33.37833,-70.78778,16.870833333333334
2002-04-05,330030.0,"Santo Domingo, Ad.",-33.65611,-71.61333,15.684615384615386
2002-04-05,330031.0,"Juan Fernández, Estación Meteorológica.",-33.63583,-78.83305,17.380000000000003
2002-04-05,340031.0,"General Freire, Curicó Ad.",-34.96944,-71.21694,19.55
2002-04-05,360011.0,"General Bernardo O'Higgins, Chillán Ad.",-36.58583,-72.03667,18.30909090909091
2002-04-05,360019.0,"Carriel Sur, Concepción Ap.",-36.78055,-73.06639,13.049999999999999
2002-04-05,370033.0,"María Dolores, Los Angeles Ad.",-37.39694,-72.42389,14.4
2002-04-05,380013.0,"Maquehue, Temuco Ad.",-38.76778,-72.63194,15.304166666666667
2002-04-05,390006.0,"Pichoy, Valdivia Ad.",-39.65667,-73.08722,15.553846153846154
2002-04-05,400009.0,"Cañal Bajo,  Osorno Ad.",-40.61444,-73.0575,17.3
2002-04-05,410005.0,El Tepual  Puerto Montt Ap.,-41.4475,-73.09583,15.929166666666667
2002-04-05,430001.0,Quellón Ad.,-43.13361,-73.63278,15.48
2002-04-05,430002.0,Futaleufú Ad.,-43.18889,-71.85222,16.38888888888889
2002-04-05,450001.0,Puerto Aysén Ad.,-45.39944,-72.67722,15.275
2002-04-05,450004.0,"Teniente Vidal, Coyhaique Ad.",-45.59083,-72.10222,16.215384615384615
2002-04-05,450005.0,Balmaceda Ad.,-45.91833,-71.67778,13.558333333333332
2002-04-05,520006.0,"Carlos Ibañez, Punta Arenas Ap.",-53.00167,-70.83861,5.670833333333333
2002-04-05,530005.0,"Fuentes Martínez, Porvenir Ad.",-53.25361,-70.32611,7.236363636363635
2002-04-05,550001.0,"Guardiamarina Zañartu, Pto Williams Ad.",-54.93167,-67.61556,7.814285714285714
2002-04-05,950001.0,"C.M.A. Eduardo Frei Montalva, Antártica ",-62.19194,-58.97972,1.7
2002-04-06,180005.0,"Chacalluta, Arica Ap.",-18.35555,-70.34028,21.025000000000002
2002-04-06,200006.0,Diego Aracena Iquique Ap.,-20.54917,-70.18111,19.400000000000002
2002-04-06,220002.0,"El Loa, Calama Ad.",-22.49806,-68.8925,19.73125
2002-04-06,270001.0,Mataveri  Isla de Pascua Ap.,-27.15889,-109.4325,23.0
2002-04-06,290004.0,"La Florida, La Serena Ad.",-29.91444,-71.20667,18.011764705882353
2002-04-06,330007.0,"Rodelillo, Ad.",-33.06528,-71.55639,16.363636363636363
2002-04-06,330019.0,"Eulogio Sánchez, Tobalaba Ad.",-33.45528,-70.54861,17.254545454545454
2002-04-06,330020.0,"Quinta Normal, Santiago",-33.445,-70.68278,16.919999999999998
2002-04-06,330021.0,Pudahuel Santiago ,-33.37833,-70.78778,14.744444444444445
2002-04-06,330030.0,"Santo Domingo, Ad.",-33.65611,-71.61333,17.3
2002-04-06,330031.0,"Juan Fernández, Estación Meteorológica.",-33.63583,-78.83305,17.1
2002-04-06,340031.0,"General Freire, Curicó Ad.",-34.96944,-71.21694,15.916666666666666
2002-04-06,360011.0,"General Bernardo O'Higgins, Chillán Ad.",-36.58583,-72.03667,16.5
2002-04-06,360019.0,"Carriel Sur, Concepción Ap.",-36.78055,-73.06639,14.465384615384616
2002-04-06,370033.0,"María Dolores, Los Angeles Ad.",-37.39694,-72.42389,14.4
2002-04-06,380013.0,"Maquehue, Temuco Ad.",-38.76778,-72.63194,14.036
2002-04-06,390006.0,"Pichoy, Valdivia Ad.",-39.65667,-73.08722,13.36923076923077
2002-04-06,400009.0,"Cañal Bajo,  Osorno Ad.",-40.61444,-73.0575,12.03125
2002-04-06,410005.0,El Tepual  Puerto Montt Ap.,-41.4475,-73.09583,11.657692307692308
2002-04-06,450004.0,"Teniente Vidal, Coyhaique Ad.",-45.59083,-72.10222,9.892307692307693
2002-04-06,450005.0,Balmaceda Ad.,-45.91833,-71.67778,8.7875
2002-04-06,520006.0,"Carlos Ibañez, Punta Arenas Ap.",-53.00167,-70.83861,9.203846153846154
2002-04-06,530005.0,"Fuentes Martínez, Porvenir Ad.",-53.25361,-70.32611,11.345454545454546
2002-04-06,950001.0,"C.M.A. Eduardo Frei Montalva, Antártica ",-62.19194,-58.97972,1.4375
2002-04-07,180005.0,"Chacalluta, Arica Ap.",-18.35555,-70.34028,21.412499999999998
2002-04-07,200006.0,Diego Aracena Iquique Ap.,-20.54917,-70.18111,20.3625
2002-04-07,220002.0,"El Loa, Calama Ad.",-22.49806,-68.8925,21.184615384615384
2002-04-07,270001.0,Mataveri  Isla de Pascua Ap.,-27.15889,-109.4325,22.72222222222222
2002-04-07,290004.0,"La Florida, La Serena Ad.",-29.91444,-71.20667,17.50588235294118
2002-04-07,330007.0,"Rodelillo, Ad.",-33.06528,-71.55639,19.463636363636365
2002-04-07,330019.0,"Eulogio Sánchez, Tobalaba Ad.",-33.45528,-70.54861,17.963636363636365
2002-04-07,330020.0,"Quinta Normal, Santiago",-33.445,-70.68278,17.52
2002-04-07,330021.0,Pudahuel Santiago ,-33.37833,-70.78778,14.0
2002-04-07,330030.0,"Santo Domingo, Ad.",-33.65611,-71.61333,17.453846153846154
2002-04-07,330031.0,"Juan Fernández, Estación Meteorológica.",-33.63583,-78.83305,16.25
2002-04-07,340031.0,"General Freire, Curicó Ad.",-34.96944,-71.21694,17.691666666666666
2002-04-07,360011.0,"General Bernardo O'Higgins, Chillán Ad.",-36.58583,-72.03667,17.400000000000002
2002-04-07,360019.0,"Carriel Sur, Concepción Ap.",-36.78055,-73.06639,14.700000000000001
2002-04-07,370033.0,"María Dolores, Los Angeles Ad.",-37.39694,-72.42389,15.8
2002-04-07,380013.0,"Maquehue, Temuco Ad.",-38.76778,-72.63194,13.016666666666666
2002-04-07,390006.0,"Pichoy, Valdivia Ad.",-39.65667,-73.08722,13.983333333333334
2002-04-07,400009.0,"Cañal Bajo,  Osorno Ad.",-40.61444,-73.0575,11.692307692307692
2002-04-07,410005.0,El Tepual  Puerto Montt Ap.,-41.4475,-73.09583,9.1
2002-04-07,450004.0,"Teniente Vidal, Coyhaique Ad.",-45.59083,-72.10222,6.238461538461538
2002-04-07,450005.0,Balmaceda Ad.,-45.91833,-71.67778,3.3083333333333336
2002-04-07,520006.0,"Carlos Ibañez, Punta Arenas Ap.",-53.00167,-70.83861,8.475
2002-04-07,950001.0,"C.M.A. Eduardo Frei Montalva, Antártica ",-62.19194,-58.97972,1.0625
2002-04-08,180005.0,"Chacalluta, Arica Ap.",-18.35555,-70.34028,21.53333333333333
2002-04-08,200006.0,Diego Aracena Iquique Ap.,-20.54917,-70.18111,20.241666666666667
2002-04-08,220002.0,"El Loa, Calama Ad.",-22.49806,-68.8925,17.6875
2002-04-08,270001.0,Mataveri  Isla de Pascua Ap.,-27.15889,-109.4325,21.990909090909092
2002-04-08,290004.0,"La Florida, La Serena Ad.",-29.91444,-71.20667,16.94375
2002-04-08,330007.0,"Rodelillo, Ad.",-33.06528,-71.55639,18.027272727272727
2002-04-08,330019.0,"Eulogio Sánchez, Tobalaba Ad.",-33.45528,-70.54861,19.318181818181817
2002-04-08,330020.0,"Quinta Normal, Santiago",-33.445,-70.68278,17.94
2002-04-08,330021.0,Pudahuel Santiago ,-33.37833,-70.78778,15.056
2002-04-08,330030.0,"Santo Domingo, Ad.",-33.65611,-71.61333,16.123076923076923
2002-04-08,330031.0,"Juan Fernández, Estación Meteorológica.",-33.63583,-78.83305,16.12
2002-04-08,340031.0,"General Freire, Curicó Ad.",-34.96944,-71.21694,13.799999999999999
2002-04-08,360011.0,"General Bernardo O'Higgins, Chillán Ad.",-36.58583,-72.03667,13.181818181818182
2002-04-08,360019.0,"Carriel Sur, Concepción Ap.",-36.78055,-73.06639,11.9125
2002-04-08,370033.0,"María Dolores, Los Angeles Ad.",-37.39694,-72.42389,9.8
2002-04-08,380013.0,"Maquehue, Temuco Ad.",-38.76778,-72.63194,9.520833333333334
2002-04-08,390006.0,"Pichoy, Valdivia Ad.",-39.65667,-73.08722,13.116666666666667
2002-04-08,400009.0,"Cañal Bajo,  Osorno Ad.",-40.61444,-73.0575,12.061538461538463
2002-04-08,410005.0,El Tepual  Puerto Montt Ap.,-41.4475,-73.09583,10.012
2002-04-08,430001.0,Quellón Ad.,-43.13361,-73.63278,10.52
2002-04-08,430002.0,Futaleufú Ad.,-43.18889,-71.85222,8.1
2002-04-08,450001.0,Puerto Aysén Ad.,-45.39944,-72.67722,9.3
2002-04-08,450004.0,"Teniente Vidal, Coyhaique Ad.",-45.59083,-72.10222,8.084615384615384
2002-04-08,450005.0,Balmaceda Ad.,-45.91833,-71.67778,3.8208333333333333
2002-04-08,520006.0,"Carlos Ibañez, Punta Arenas Ap.",-53.00167,-70.83861,5.108333333333333
2002-04-08,530005.0,"Fuentes Martínez, Porvenir Ad.",-53.25361,-70.32611,7.363636363636363
2002-04-08,550001.0,"Guardiamarina Zañartu, Pto Williams Ad.",-54.93167,-67.61556,7.022222222222222
2002-04-08,950001.0,"C.M.A. Eduardo Frei Montalva, Antártica ",-62.19194,-58.97972,0.6230769230769231
2002-04-09,180005.0,"Chacalluta, Arica Ap.",-18.35555,-70.34028,21.366666666666664
2002-04-09,200006.0,Diego Aracena Iquique Ap.,-20.54917,-70.18111,19.779166666666665
2002-04-09,220002.0,"El Loa, Calama Ad.",-22.49806,-68.8925,15.23125
2002-04-09,270001.0,Mataveri  Isla de Pascua Ap.,-27.15889,-109.4325,23.275
2002-04-09,290004.0,"La Florida, La Serena Ad.",-29.91444,-71.20667,16.66470588235294
2002-04-09,330007.0,"Rodelillo, Ad.",-33.06528,-71.55639,15.081818181818182
2002-04-09,330019.0,"Eulogio Sánchez, Tobalaba Ad.",-33.45528,-70.54861,17.3
2002-04-09,330020.0,"Quinta Normal, Santiago",-33.445,-70.68278,16.8
2002-04-09,330021.0,Pudahuel Santiago ,-33.37833,-70.78778,15.591666666666667
2002-04-09,330030.0,"Santo Domingo, Ad.",-33.65611,-71.61333,14.492307692307692
2002-04-09,330031.0,"Juan Fernández, Estación Meteorológica.",-33.63583,-78.83305,15.440000000000001
2002-04-09,340031.0,"General Freire, Curicó Ad.",-34.96944,-71.21694,13.836363636363636
2002-04-09,360011.0,"General Bernardo O'Higgins, Chillán Ad.",-36.58583,-72.03667,11.620000000000001
2002-04-09,360019.0,"Carriel Sur, Concepción Ap.",-36.78055,-73.06639,10.38
2002-04-09,370033.0,"María Dolores, Los Angeles Ad.",-37.39694,-72.42389,11.2
2002-04-09,380013.0,"Maquehue, Temuco Ad.",-38.76778,-72.63194,9.125
2002-04-09,390006.0,"Pichoy, Valdivia Ad.",-39.65667,-73.08722,11.049999999999999
2002-04-09,400009.0,"Cañal Bajo,  Osorno Ad.",-40.61444,-73.0575,11.261538461538462
2002-04-09,410005.0,El Tepual  Puerto Montt Ap.,-41.4475,-73.09583,6.94
2002-04-09,430001.0,Quellón Ad.,-43.13361,-73.63278,9.440000000000001
2002-04-09,430002.0,Futaleufú Ad.,-43.18889,-71.85222,7.453846153846154
2002-04-09,450001.0,Puerto Aysén Ad.,-45.39944,-72.67722,10.4
2002-04-09,450004.0,"Teniente Vidal, Coyhaique Ad.",-45.59083,-72.10222,9.615384615384615
2002-04-09,450005.0,Balmaceda Ad.,-45.91833,-71.67778,3.1958333333333333
2002-04-09,520006.0,"Carlos Ibañez, Punta Arenas Ap.",-53.00167,-70.83861,7.045833333333333
2002-04-09,530005.0,"Fuentes Martínez, Porvenir Ad.",-53.25361,-70.32611,7.509090909090909
2002-04-09,550001.0,"Guardiamarina Zañartu, Pto Williams Ad.",-54.93167,-67.61556,7.44
2002-04-09,950001.0,"C.M.A. Eduardo Frei Montalva, Antártica ",-62.19194,-58.97972,1.325
2002-04-10,180005.0,"Chacalluta, Arica Ap.",-18.35555,-70.34028,21.224999999999998
2002-04-10,200006.0,Diego Aracena Iquique Ap.,-20.54917,-70.18111,20.191666666666666
2002-04-10,220002.0,"El Loa, Calama Ad.",-22.49806,-68.8925,16.49411764705882
2002-04-10,270001.0,Mataveri  Isla de Pascua Ap.,-27.15889,-109.4325,25.40833333333333
2002-04-10,290004.0,"La Florida, La Serena Ad.",-29.91444,-71.20667,15.938888888888888
2002-04-10,330007.0,"Rodelillo, Ad.",-33.06528,-71.55639,15.218181818181819
2002-04-10,330019.0,"Eulogio Sánchez, Tobalaba Ad.",-33.45528,-70.54861,13.725
2002-04-10,330020.0,"Quinta Normal, Santiago",-33.445,-70.68278,14.819999999999999
2002-04-10,330021.0,Pudahuel Santiago ,-33.37833,-70.78778,13.815999999999999
2002-04-10,330030.0,"Santo Domingo, Ad.",-33.65611,-71.61333,15.284615384615384
2002-04-10,330031.0,"Juan Fernández, Estación Meteorológica.",-33.63583,-78.83305,15.319999999999999
2002-04-10,340031.0,"General Freire, Curicó Ad.",-34.96944,-71.21694,12.233333333333333
2002-04-10,360011.0,"General Bernardo O'Higgins, Chillán Ad.",-36.58583,-72.03667,12.790000000000001
2002-04-10,360019.0,"Carriel Sur, Concepción Ap.",-36.78055,-73.06639,11.36
2002-04-10,370033.0,"María Dolores, Los Angeles Ad.",-37.39694,-72.42389,12.700000000000001
2002-04-10,380013.0,"Maquehue, Temuco Ad.",-38.76778,-72.63194,8.570833333333333
2002-04-10,390006.0,"Pichoy, Valdivia Ad.",-39.65667,-73.08722,11.208333333333334
2002-04-10,400009.0,"Cañal Bajo,  Osorno Ad.",-40.61444,-73.0575,9.692857142857141
2002-04-10,410005.0,El Tepual  Puerto Montt Ap.,-41.4475,-73.09583,7.263999999999999
2002-04-10,430001.0,Quellón Ad.,-43.13361,-73.63278,10.0
2002-04-10,430002.0,Futaleufú Ad.,-43.18889,-71.85222,6.992307692307692
2002-04-10,450001.0,Puerto Aysén Ad.,-45.39944,-72.67722,9.0
2002-04-10,450004.0,"Teniente Vidal, Coyhaique Ad.",-45.59083,-72.10222,8.461538461538462
2002-04-10,450005.0,Balmaceda Ad.,-45.91833,-71.67778,6.6875
2002-04-10,520006.0,"Carlos Ibañez, Punta Arenas Ap.",-53.00167,-70.83861,5.6000000000000005
2002-04-10,530005.0,"Fuentes Martínez, Porvenir Ad.",-53.25361,-70.32611,5.072727272727272
2002-04-10,550001.0,"Guardiamarina Zañartu, Pto Williams Ad.",-54.93167,-67.61556,1.1333333333333333
2002-04-10,950001.0,"C.M.A. Eduardo Frei Montalva, Antártica ",-62.19194,-58.97972,-1.5
2002-04-11,180005.0,"Chacalluta, Arica Ap.",-18.35555,-70.34028,20.770833333333332
2002-04-11,200006.0,Diego Aracena Iquique Ap.,-20.54917,-70.18111,19.745833333333334
2002-04-11,220002.0,"El Loa, Calama Ad.",-22.49806,-68.8925,15.676470588235293
2002-04-11,270001.0,Mataveri  Isla de Pascua Ap.,-27.15889,-109.4325,24.335714285714285
2002-04-11,290004.0,"La Florida, La Serena Ad.",-29.91444,-71.20667,17.041176470588233
2002-04-11,330007.0,"Rodelillo, Ad.",-33.06528,-71.55639,14.745454545454544
2002-04-11,330019.0,"Eulogio Sánchez, Tobalaba Ad.",-33.45528,-70.54861,15.061538461538463
2002-04-11,330020.0,"Quinta Normal, Santiago",-33.445,-70.68278,14.680000000000001
2002-04-11,330021.0,Pudahuel Santiago ,-33.37833,-70.78778,13.370833333333332
2002-04-11,330030.0,"Santo Domingo, Ad.",-33.65611,-71.61333,14.653846153846153
2002-04-11,330031.0,"Juan Fernández, Estación Meteorológica.",-33.63583,-78.83305,15.580000000000002
2002-04-11,340031.0,"General Freire, Curicó Ad.",-34.96944,-71.21694,13.381818181818181
2002-04-11,360011.0,"General Bernardo O'Higgins, Chillán Ad.",-36.58583,-72.03667,11.76
2002-04-11,360019.0,"Carriel Sur, Concepción Ap.",-36.78055,-73.06639,9.741666666666667
2002-04-11,370033.0,"María Dolores, Los Angeles Ad.",-37.39694,-72.42389,10.1
2002-04-11,380013.0,"Maquehue, Temuco Ad.",-38.76778,-72.63194,8.795833333333333
2002-04-11,390006.0,"Pichoy, Valdivia Ad.",-39.65667,-73.08722,11.325000000000001
2002-04-11,400009.0,"Cañal Bajo,  Osorno Ad.",-40.61444,-73.0575,11.169230769230769
2002-04-11,410005.0,El Tepual  Puerto Montt Ap.,-41.4475,-73.09583,10.379166666666666
2002-04-11,430001.0,Quellón Ad.,-43.13361,-73.63278,10.99
2002-04-11,430002.0,Futaleufú Ad.,-43.18889,-71.85222,7.861538461538462
2002-04-11,450001.0,Puerto Aysén Ad.,-45.39944,-72.67722,12.875
2002-04-11,450004.0,"Teniente Vidal, Coyhaique Ad.",-45.59083,-72.10222,10.107692307692307
2002-04-11,450005.0,Balmaceda Ad.,-45.91833,-71.67778,7.7625
2002-04-11,520006.0,"Carlos Ibañez, Punta Arenas Ap.",-53.00167,-70.83861,7.233333333333333
2002-04-11,530005.0,"Fuentes Martínez, Porvenir Ad.",-53.25361,-70.32611,9.509090909090908
2002-04-11,950001.0,"C.M.A. Eduardo Frei Montalva, Antártica ",-62.19194,-58.97972,-4.2625
2002-04-12,180005.0,"Chacalluta, Arica Ap.",-18.35555,-70.34028,21.287499999999998
2002-04-12,200006.0,Diego Aracena Iquique Ap.,-20.54917,-70.18111,20.279166666666665
2002-04-12,220002.0,"El Loa, Calama Ad.",-22.49806,-68.8925,16.08125
2002-04-12,270001.0,Mataveri  Isla de Pascua Ap.,-27.15889,-109.4325,24.7
2002-04-12,290004.0,"La Florida, La Serena Ad.",-29.91444,-71.20667,16.176470588235293
2002-04-12,330007.0,"Rodelillo, Ad.",-33.06528,-71.55639,13.745454545454544
2002-04-12,330019.0,"Eulogio Sánchez, Tobalaba Ad.",-33.45528,-70.54861,15.146153846153847
2002-04-12,330020.0,"Quinta Normal, Santiago",-33.445,-70.68278,15.16
2002-04-12,330021.0,Pudahuel Santiago ,-33.37833,-70.78778,13.4375
2002-04-12,330030.0,"Santo Domingo, Ad.",-33.65611,-71.61333,15.215384615384616
2002-04-12,330031.0,"Juan Fernández, Estación Meteorológica.",-33.63583,-78.83305,15.98
2002-04-12,340031.0,"General Freire, Curicó Ad.",-34.96944,-71.21694,13.872727272727273
2002-04-12,360011.0,"General Bernardo O'Higgins, Chillán Ad.",-36.58583,-72.03667,16.19
2002-04-12,360019.0,"Carriel Sur, Concepción Ap.",-36.78055,-73.06639,13.387500000000001
2002-04-12,370033.0,"María Dolores, Los Angeles Ad.",-37.39694,-72.42389,13.9
2002-04-12,380013.0,"Maquehue, Temuco Ad.",-38.76778,-72.63194,11.9
2002-04-12,390006.0,"Pichoy, Valdivia Ad.",-39.65667,-73.08722,15.033333333333331
2002-04-12,400009.0,"Cañal Bajo,  Osorno Ad.",-40.61444,-73.0575,16.03076923076923
2002-04-12,410005.0,El Tepual  Puerto Montt Ap.,-41.4475,-73.09583,13.054166666666667
2002-04-12,430001.0,Quellón Ad.,-43.13361,-73.63278,12.27
2002-04-12,430002.0,Futaleufú Ad.,-43.18889,-71.85222,10.86153846153846
2002-04-12,450001.0,Puerto Aysén Ad.,-45.39944,-72.67722,12.875
2002-04-12,450004.0,"Teniente Vidal, Coyhaique Ad.",-45.59083,-72.10222,8.8
2002-04-12,450005.0,Balmaceda Ad.,-45.91833,-71.67778,4.458333333333333
2002-04-12,520006.0,"Carlos Ibañez, Punta Arenas Ap.",-53.00167,-70.83861,6.1000000000000005
2002-04-12,530005.0,"Fuentes Martínez, Porvenir Ad.",-53.25361,-70.32611,8.036363636363637
2002-04-12,950001.0,"C.M.A. Eduardo Frei Montalva, Antártica ",-62.19194,-58.97972,-0.5875
2002-04-13,180005.0,"Chacalluta, Arica Ap.",-18.35555,-70.34028,20.658333333333335
2002-04-13,200006.0,Diego Aracena Iquique Ap.,-20.54917,-70.18111,19.866666666666667
2002-04-13,220002.0,"El Loa, Calama Ad.",-22.49806,-68.8925,15.925
2002-04-13,270001.0,Mataveri  Isla de Pascua Ap.,-27.15889,-109.4325,24.666666666666668
2002-04-13,290004.0,"La Florida, La Serena Ad.",-29.91444,-71.20667,16.858823529411765
2002-04-13,330007.0,"Rodelillo, Ad.",-33.06528,-71.55639,16.481818181818184
2002-04-13,330019.0,"Eulogio Sánchez, Tobalaba Ad.",-33.45528,-70.54861,16.218181818181815
2002-04-13,330020.0,"Quinta Normal, Santiago",-33.445,-70.68278,15.4
2002-04-13,330021.0,Pudahuel Santiago ,-33.37833,-70.78778,12.652000000000001
2002-04-13,330030.0,"Santo Domingo, Ad.",-33.65611,-71.61333,15.13076923076923
2002-04-13,330031.0,"Juan Fernández, Estación Meteorológica.",-33.63583,-78.83305,17.0
2002-04-13,340031.0,"General Freire, Curicó Ad.",-34.96944,-71.21694,14.818181818181818
2002-04-13,360011.0,"General Bernardo O'Higgins, Chillán Ad.",-36.58583,-72.03667,15.34
2002-04-13,360019.0,"Carriel Sur, Concepción Ap.",-36.78055,-73.06639,14.116666666666667
2002-04-13,370033.0,"María Dolores, Los Angeles Ad.",-37.39694,-72.42389,16.3
2002-04-13,380013.0,"Maquehue, Temuco Ad.",-38.76778,-72.63194,13.179166666666667
2002-04-13,390006.0,"Pichoy, Valdivia Ad.",-39.65667,-73.08722,15.5
2002-04-13,400009.0,"Cañal Bajo,  Osorno Ad.",-40.61444,-73.0575,15.338461538461539
2002-04-13,410005.0,El Tepual  Puerto Montt Ap.,-41.4475,-73.09583,10.108
2002-04-13,430002.0,Futaleufú Ad.,-43.18889,-71.85222,9.507692307692308
2002-04-13,450004.0,"Teniente Vidal, Coyhaique Ad.",-45.59083,-72.10222,9.535714285714286
2002-04-13,450005.0,Balmaceda Ad.,-45.91833,-71.67778,4.491666666666666
2002-04-13,520006.0,"Carlos Ibañez, Punta Arenas Ap.",-53.00167,-70.83861,8.158333333333333
2002-04-13,530005.0,"Fuentes Martínez, Porvenir Ad.",-53.25361,-70.32611,9.236363636363636
2002-04-13,950001.0,"C.M.A. Eduardo Frei Montalva, Antártica ",-62.19194,-58.97972,-0.5875
2002-04-14,180005.0,"Chacalluta, Arica Ap.",-18.35555,-70.34028,20.154166666666665
2002-04-14,200006.0,Diego Aracena Iquique Ap.,-20.54917,-70.18111,18.883333333333333
2002-04-14,220002.0,"El Loa, Calama Ad.",-22.49806,-68.8925,16.084615384615383
2002-04-14,270001.0,Mataveri  Isla de Pascua Ap.,-27.15889,-109.4325,24.522222222222222
2002-04-14,290004.0,"La Florida, La Serena Ad.",-29.91444,-71.20667,16.72941176470588
2002-04-14,330007.0,"Rodelillo, Ad.",-33.06528,-71.55639,16.61818181818182
2002-04-14,330019.0,"Eulogio Sánchez, Tobalaba Ad.",-33.45528,-70.54861,15.754545454545456
2002-04-14,330020.0,"Quinta Normal, Santiago",-33.445,-70.68278,16.06
2002-04-14,330021.0,Pudahuel Santiago ,-33.37833,-70.78778,13.799999999999999
2002-04-14,330030.0,"Santo Domingo, Ad.",-33.65611,-71.61333,16.2
2002-04-14,330031.0,"Juan Fernández, Estación Meteorológica.",-33.63583,-78.83305,16.65
2002-04-14,340031.0,"General Freire, Curicó Ad.",-34.96944,-71.21694,17.209090909090907
2002-04-14,360011.0,"General Bernardo O'Higgins, Chillán Ad.",-36.58583,-72.03667,18.14
2002-04-14,360019.0,"Carriel Sur, Concepción Ap.",-36.78055,-73.06639,11.716666666666667
2002-04-14,370033.0,"María Dolores, Los Angeles Ad.",-37.39694,-72.42389,13.5
2002-04-14,380013.0,"Maquehue, Temuco Ad.",-38.76778,-72.63194,10.983333333333334
2002-04-14,390006.0,"Pichoy, Valdivia Ad.",-39.65667,-73.08722,11.866666666666667
2002-04-14,400009.0,"Cañal Bajo,  Osorno Ad.",-40.61444,-73.0575,11.930769230769231
2002-04-14,410005.0,El Tepual  Puerto Montt Ap.,-41.4475,-73.09583,10.391666666666667
2002-04-14,430002.0,Futaleufú Ad.,-43.18889,-71.85222,8.8
2002-04-14,450004.0,"Teniente Vidal, Coyhaique Ad.",-45.59083,-72.10222,12.576923076923077
2002-04-14,450005.0,Balmaceda Ad.,-45.91833,-71.67778,9.845833333333333
2002-04-14,520006.0,"Carlos Ibañez, Punta Arenas Ap.",-53.00167,-70.83861,6.2625
2002-04-14,950001.0,"C.M.A. Eduardo Frei Montalva, Antártica ",-62.19194,-58.97972,0.7125
2002-04-15,180005.0,"Chacalluta, Arica Ap.",-18.35555,-70.34028,20.858333333333334
2002-04-15,200006.0,Diego Aracena Iquique Ap.,-20.54917,-70.18111,19.825
2002-04-15,220002.0,"El Loa, Calama Ad.",-22.49806,-68.8925,16.2
2002-04-15,270001.0,Mataveri  Isla de Pascua Ap.,-27.15889,-109.4325,21.436363636363637
2002-04-15,290004.0,"La Florida, La Serena Ad.",-29.91444,-71.20667,17.08823529411765
2002-04-15,330007.0,"Rodelillo, Ad.",-33.06528,-71.55639,15.954545454545455
2002-04-15,330019.0,"Eulogio Sánchez, Tobalaba Ad.",-33.45528,-70.54861,13.376923076923077
2002-04-15,330020.0,"Quinta Normal, Santiago",-33.445,-70.68278,14.12
2002-04-15,330021.0,Pudahuel Santiago ,-33.37833,-70.78778,11.8
2002-04-15,330030.0,"Santo Domingo, Ad.",-33.65611,-71.61333,15.63076923076923
2002-04-15,330031.0,"Juan Fernández, Estación Meteorológica.",-33.63583,-78.83305,16.919999999999998
2002-04-15,340031.0,"General Freire, Curicó Ad.",-34.96944,-71.21694,15.69090909090909
2002-04-15,360011.0,"General Bernardo O'Higgins, Chillán Ad.",-36.58583,-72.03667,16.11
2002-04-15,360019.0,"Carriel Sur, Concepción Ap.",-36.78055,-73.06639,12.552
2002-04-15,370033.0,"María Dolores, Los Angeles Ad.",-37.39694,-72.42389,12.6
2002-04-15,380013.0,"Maquehue, Temuco Ad.",-38.76778,-72.63194,10.45
2002-04-15,390006.0,"Pichoy, Valdivia Ad.",-39.65667,-73.08722,13.085714285714285
2002-04-15,400009.0,"Cañal Bajo,  Osorno Ad.",-40.61444,-73.0575,13.028571428571428
2002-04-15,410005.0,El Tepual  Puerto Montt Ap.,-41.4475,-73.09583,10.4
2002-04-15,430001.0,Quellón Ad.,-43.13361,-73.63278,14.319999999999999
2002-04-15,430002.0,Futaleufú Ad.,-43.18889,-71.85222,15.608333333333334
2002-04-15,450001.0,Puerto Aysén Ad.,-45.39944,-72.67722,14.1
2002-04-15,450004.0,"Teniente Vidal, Coyhaique Ad.",-45.59083,-72.10222,14.76923076923077
2002-04-15,450005.0,Balmaceda Ad.,-45.91833,-71.67778,12.862499999999999
2002-04-15,520006.0,"Carlos Ibañez, Punta Arenas Ap.",-53.00167,-70.83861,8.541666666666666
2002-04-15,530005.0,"Fuentes Martínez, Porvenir Ad.",-53.25361,-70.32611,10.490909090909092
2002-04-15,950001.0,"C.M.A. Eduardo Frei Montalva, Antártica ",-62.19194,-58.97972,0.6909090909090909
2002-04-16,180005.0,"Chacalluta, Arica Ap.",-18.35555,-70.34028,20.3
2002-04-16,200006.0,Diego Aracena Iquique Ap.,-20.54917,-70.18111,18.383333333333333
2002-04-16,220002.0,"El Loa, Calama Ad.",-22.49806,-68.8925,18.51875
2002-04-16,270001.0,Mataveri  Isla de Pascua Ap.,-27.15889,-109.4325,22.133333333333336
2002-04-16,290004.0,"La Florida, La Serena Ad.",-29.91444,-71.20667,17.147058823529413
2002-04-16,330007.0,"Rodelillo, Ad.",-33.06528,-71.55639,18.018181818181816
2002-04-16,330019.0,"Eulogio Sánchez, Tobalaba Ad.",-33.45528,-70.54861,18.015384615384615
2002-04-16,330020.0,"Quinta Normal, Santiago",-33.445,-70.68278,17.0
2002-04-16,330021.0,Pudahuel Santiago ,-33.37833,-70.78778,15.5
2002-04-16,330030.0,"Santo Domingo, Ad.",-33.65611,-71.61333,16.953846153846154
2002-04-16,330031.0,"Juan Fernández, Estación Meteorológica.",-33.63583,-78.83305,16.68
2002-04-16,340031.0,"General Freire, Curicó Ad.",-34.96944,-71.21694,17.75
2002-04-16,360011.0,"General Bernardo O'Higgins, Chillán Ad.",-36.58583,-72.03667,16.44
2002-04-16,360019.0,"Carriel Sur, Concepción Ap.",-36.78055,-73.06639,13.191666666666668
2002-04-16,370033.0,"María Dolores, Los Angeles Ad.",-37.39694,-72.42389,14.5
2002-04-16,380013.0,"Maquehue, Temuco Ad.",-38.76778,-72.63194,13.825000000000001
2002-04-16,390006.0,"Pichoy, Valdivia Ad.",-39.65667,-73.08722,14.299999999999999
2002-04-16,400009.0,"Cañal Bajo,  Osorno Ad.",-40.61444,-73.0575,14.430769230769231
2002-04-16,410005.0,El Tepual  Puerto Montt Ap.,-41.4475,-73.09583,12.896296296296295
2002-04-16,430001.0,Quellón Ad.,-43.13361,-73.63278,13.190000000000001
2002-04-16,430002.0,Futaleufú Ad.,-43.18889,-71.85222,12.453846153846154
2002-04-16,450001.0,Puerto Aysén Ad.,-45.39944,-72.67722,12.525
2002-04-16,450004.0,"Teniente Vidal, Coyhaique Ad.",-45.59083,-72.10222,12.123076923076923
2002-04-16,450005.0,Balmaceda Ad.,-45.91833,-71.67778,10.879166666666668
2002-04-16,520006.0,"Carlos Ibañez, Punta Arenas Ap.",-53.00167,-70.83861,6.548148148148148
2002-04-16,530005.0,"Fuentes Martínez, Porvenir Ad.",-53.25361,-70.32611,9.127272727272727
2002-04-16,950001.0,"C.M.A. Eduardo Frei Montalva, Antártica ",-62.19194,-58.97972,0.7
2002-04-17,180005.0,"Chacalluta, Arica Ap.",-18.35555,-70.34028,19.683333333333334
2002-04-17,200006.0,Diego Aracena Iquique Ap.,-20.54917,-70.18111,17.791666666666668
2002-04-17,220002.0,"El Loa, Calama Ad.",-22.49806,-68.8925,18.73125
2002-04-17,270001.0,Mataveri  Isla de Pascua Ap.,-27.15889,-109.4325,24.544444444444444
2002-04-17,290004.0,"La Florida, La Serena Ad.",-29.91444,-71.20667,16.694117647058825
2002-04-17,330007.0,"Rodelillo, Ad.",-33.06528,-71.55639,19.78181818181818
2002-04-17,330019.0,"Eulogio Sánchez, Tobalaba Ad.",-33.45528,-70.54861,19.28181818181818
2002-04-17,330020.0,"Quinta Normal, Santiago",-33.445,-70.68278,18.2
2002-04-17,330021.0,Pudahuel Santiago ,-33.37833,-70.78778,14.975
2002-04-17,330030.0,"Santo Domingo, Ad.",-33.65611,-71.61333,17.73846153846154
2002-04-17,330031.0,"Juan Fernández, Estación Meteorológica.",-33.63583,-78.83305,15.76
2002-04-17,340031.0,"General Freire, Curicó Ad.",-34.96944,-71.21694,15.863636363636363
2002-04-17,360011.0,"General Bernardo O'Higgins, Chillán Ad.",-36.58583,-72.03667,15.780000000000001
2002-04-17,360019.0,"Carriel Sur, Concepción Ap.",-36.78055,-73.06639,14.075000000000001
2002-04-17,370033.0,"María Dolores, Los Angeles Ad.",-37.39694,-72.42389,13.6
2002-04-17,380013.0,"Maquehue, Temuco Ad.",-38.76778,-72.63194,11.679166666666667
2002-04-17,390006.0,"Pichoy, Valdivia Ad.",-39.65667,-73.08722,10.169230769230769
2002-04-17,400009.0,"Cañal Bajo,  Osorno Ad.",-40.61444,-73.0575,9.4
2002-04-17,410005.0,El Tepual  Puerto Montt Ap.,-41.4475,-73.09583,7.075
2002-04-17,430001.0,Quellón Ad.,-43.13361,-73.63278,10.16
2002-04-17,430002.0,Futaleufú Ad.,-43.18889,-71.85222,7.8307692307692305
2002-04-17,450001.0,Puerto Aysén Ad.,-45.39944,-72.67722,7.75
2002-04-17,450004.0,"Teniente Vidal, Coyhaique Ad.",-45.59083,-72.10222,7.7846153846153845
2002-04-17,450005.0,Balmaceda Ad.,-45.91833,-71.67778,4.054166666666666
2002-04-17,520006.0,"Carlos Ibañez, Punta Arenas Ap.",-53.00167,-70.83861,4.004166666666666
2002-04-17,530005.0,"Fuentes Martínez, Porvenir Ad.",-53.25361,-70.32611,5.836363636363637
2002-04-17,950001.0,"C.M.A. Eduardo Frei Montalva, Antártica ",-62.19194,-58.97972,-0.9875
2002-04-18,180005.0,"Chacalluta, Arica Ap.",-18.35555,-70.34028,19.7375
2002-04-18,200006.0,Diego Aracena Iquique Ap.,-20.54917,-70.18111,18.416666666666668
2002-04-18,220002.0,"El Loa, Calama Ad.",-22.49806,-68.8925,17.975
2002-04-18,270001.0,Mataveri  Isla de Pascua Ap.,-27.15889,-109.4325,21.57
2002-04-18,290004.0,"La Florida, La Serena Ad.",-29.91444,-71.20667,15.031578947368422
2002-04-18,330007.0,"Rodelillo, Ad.",-33.06528,-71.55639,22.245454545454546
2002-04-18,330019.0,"Eulogio Sánchez, Tobalaba Ad.",-33.45528,-70.54861,21.200000000000003
2002-04-18,330020.0,"Quinta Normal, Santiago",-33.445,-70.68278,18.66
2002-04-18,330021.0,Pudahuel Santiago ,-33.37833,-70.78778,14.804166666666667
2002-04-18,330030.0,"Santo Domingo, Ad.",-33.65611,-71.61333,16.26153846153846
2002-04-18,330031.0,"Juan Fernández, Estación Meteorológica.",-33.63583,-78.83305,14.819999999999999
2002-04-18,340031.0,"General Freire, Curicó Ad.",-34.96944,-71.21694,11.381818181818183
2002-04-18,360011.0,"General Bernardo O'Higgins, Chillán Ad.",-36.58583,-72.03667,13.34
2002-04-18,360019.0,"Carriel Sur, Concepción Ap.",-36.78055,-73.06639,10.679166666666667
2002-04-18,370033.0,"María Dolores, Los Angeles Ad.",-37.39694,-72.42389,11.0
2002-04-18,380013.0,"Maquehue, Temuco Ad.",-38.76778,-72.63194,6.629166666666666
2002-04-18,390006.0,"Pichoy, Valdivia Ad.",-39.65667,-73.08722,9.616666666666665
2002-04-18,400009.0,"Cañal Bajo,  Osorno Ad.",-40.61444,-73.0575,10.115384615384615
2002-04-18,410005.0,El Tepual  Puerto Montt Ap.,-41.4475,-73.09583,7.675
2002-04-18,430001.0,Quellón Ad.,-43.13361,-73.63278,10.47
2002-04-18,430002.0,Futaleufú Ad.,-43.18889,-71.85222,9.6
2002-04-18,450001.0,Puerto Aysén Ad.,-45.39944,-72.67722,9.625
2002-04-18,450004.0,"Teniente Vidal, Coyhaique Ad.",-45.59083,-72.10222,9.0
2002-04-18,450005.0,Balmaceda Ad.,-45.91833,-71.67778,5.658333333333334
2002-04-18,520006.0,"Carlos Ibañez, Punta Arenas Ap.",-53.00167,-70.83861,4.320833333333334
2002-04-18,530005.0,"Fuentes Martínez, Porvenir Ad.",-53.25361,-70.32611,5.8
2002-04-18,950001.0,"C.M.A. Eduardo Frei Montalva, Antártica ",-62.19194,-58.97972,-3.15
2002-04-19,180005.0,"Chacalluta, Arica Ap.",-18.35555,-70.34028,20.05
2002-04-19,200006.0,Diego Aracena Iquique Ap.,-20.54917,-70.18111,18.929166666666667
2002-04-19,220002.0,"El Loa, Calama Ad.",-22.49806,-68.8925,16.7875
2002-04-19,270001.0,Mataveri  Isla de Pascua Ap.,-27.15889,-109.4325,22.266666666666666
2002-04-19,290004.0,"La Florida, La Serena Ad.",-29.91444,-71.20667,14.973684210526315
2002-04-19,330007.0,"Rodelillo, Ad.",-33.06528,-71.55639,16.363636363636363
2002-04-19,330019.0,"Eulogio Sánchez, Tobalaba Ad.",-33.45528,-70.54861,17.481818181818184
2002-04-19,330020.0,"Quinta Normal, Santiago",-33.445,-70.68278,16.240000000000002
2002-04-19,330021.0,Pudahuel Santiago ,-33.37833,-70.78778,13.670833333333334
2002-04-19,330030.0,"Santo Domingo, Ad.",-33.65611,-71.61333,15.015384615384615
2002-04-19,330031.0,"Juan Fernández, Estación Meteorológica.",-33.63583,-78.83305,15.02
2002-04-19,340031.0,"General Freire, Curicó Ad.",-34.96944,-71.21694,10.218181818181819
2002-04-19,360011.0,"General Bernardo O'Higgins, Chillán Ad.",-36.58583,-72.03667,13.85
2002-04-19,360019.0,"Carriel Sur, Concepción Ap.",-36.78055,-73.06639,9.375
2002-04-19,370033.0,"María Dolores, Los Angeles Ad.",-37.39694,-72.42389,10.6
2002-04-19,380013.0,"Maquehue, Temuco Ad.",-38.76778,-72.63194,8.320833333333333
2002-04-19,390006.0,"Pichoy, Valdivia Ad.",-39.65667,-73.08722,10.75
2002-04-19,400009.0,"Cañal Bajo,  Osorno Ad.",-40.61444,-73.0575,10.738461538461538
2002-04-19,410005.0,El Tepual  Puerto Montt Ap.,-41.4475,-73.09583,8.792
2002-04-19,430001.0,Quellón Ad.,-43.13361,-73.63278,10.18
2002-04-19,430002.0,Futaleufú Ad.,-43.18889,-71.85222,7.161538461538461
2002-04-19,450001.0,Puerto Aysén Ad.,-45.39944,-72.67722,8.8
2002-04-19,450004.0,"Teniente Vidal, Coyhaique Ad.",-45.59083,-72.10222,6.315384615384615
2002-04-19,450005.0,Balmaceda Ad.,-45.91833,-71.67778,4.520833333333333
2002-04-19,520006.0,"Carlos Ibañez, Punta Arenas Ap.",-53.00167,-70.83861,4.270833333333333
2002-04-19,530005.0,"Fuentes Martínez, Porvenir Ad.",-53.25361,-70.32611,6.3999999999999995
2002-04-19,950001.0,"C.M.A. Eduardo Frei Montalva, Antártica ",-62.19194,-58.97972,-4.16
2002-04-20,180005.0,"Chacalluta, Arica Ap.",-18.35555,-70.34028,19.770833333333332
2002-04-20,200006.0,Diego Aracena Iquique Ap.,-20.54917,-70.18111,18.925
2002-04-20,220002.0,"El Loa, Calama Ad.",-22.49806,-68.8925,17.40625
2002-04-20,270001.0,Mataveri  Isla de Pascua Ap.,-27.15889,-109.4325,22.566666666666666
2002-04-20,290004.0,"La Florida, La Serena Ad.",-29.91444,-71.20667,14.370588235294118
2002-04-20,330007.0,"Rodelillo, Ad.",-33.06528,-71.55639,21.71818181818182
2002-04-20,330019.0,"Eulogio Sánchez, Tobalaba Ad.",-33.45528,-70.54861,18.90909090909091
2002-04-20,330020.0,"Quinta Normal, Santiago",-33.445,-70.68278,16.16
2002-04-20,330021.0,Pudahuel Santiago ,-33.37833,-70.78778,12.5375
2002-04-20,330030.0,"Santo Domingo, Ad.",-33.65611,-71.61333,17.73076923076923
2002-04-20,330031.0,"Juan Fernández, Estación Meteorológica.",-33.63583,-78.83305,15.55
2002-04-20,340031.0,"General Freire, Curicó Ad.",-34.96944,-71.21694,12.709999999999999
2002-04-20,360011.0,"General Bernardo O'Higgins, Chillán Ad.",-36.58583,-72.03667,14.74
2002-04-20,360019.0,"Carriel Sur, Concepción Ap.",-36.78055,-73.06639,11.466666666666667
2002-04-20,370033.0,"María Dolores, Los Angeles Ad.",-37.39694,-72.42389,10.55
2002-04-20,380013.0,"Maquehue, Temuco Ad.",-38.76778,-72.63194,9.879166666666666
2002-04-20,390006.0,"Pichoy, Valdivia Ad.",-39.65667,-73.08722,10.684615384615386
2002-04-20,400009.0,"Cañal Bajo,  Osorno Ad.",-40.61444,-73.0575,10.807692307692308
2002-04-20,410005.0,El Tepual  Puerto Montt Ap.,-41.4475,-73.09583,8.950000000000001
2002-04-20,430002.0,Futaleufú Ad.,-43.18889,-71.85222,9.353846153846153
2002-04-20,450004.0,"Teniente Vidal, Coyhaique Ad.",-45.59083,-72.10222,8.346153846153847
2002-04-20,450005.0,Balmaceda Ad.,-45.91833,-71.67778,5.054166666666666
2002-04-20,520006.0,"Carlos Ibañez, Punta Arenas Ap.",-53.00167,-70.83861,3.7760000000000002
2002-04-20,530005.0,"Fuentes Martínez, Porvenir Ad.",-53.25361,-70.32611,4.254545454545454
2002-04-20,950001.0,"C.M.A. Eduardo Frei Montalva, Antártica ",-62.19194,-58.97972,-3.1125
2002-04-21,180005.0,"Chacalluta, Arica Ap.",-18.35555,-70.34028,20.141666666666666
2002-04-21,200006.0,Diego Aracena Iquique Ap.,-20.54917,-70.18111,19.079166666666666
2002-04-21,220002.0,"El Loa, Calama Ad.",-22.49806,-68.8925,19.846153846153847
2002-04-21,270001.0,Mataveri  Isla de Pascua Ap.,-27.15889,-109.4325,23.775
2002-04-21,290004.0,"La Florida, La Serena Ad.",-29.91444,-71.20667,14.399999999999999
2002-04-21,330007.0,"Rodelillo, Ad.",-33.06528,-71.55639,13.945454545454545
2002-04-21,330019.0,"Eulogio Sánchez, Tobalaba Ad.",-33.45528,-70.54861,17.418181818181818
2002-04-21,330020.0,"Quinta Normal, Santiago",-33.445,-70.68278,16.32
2002-04-21,330021.0,Pudahuel Santiago ,-33.37833,-70.78778,13.995833333333332
2002-04-21,330030.0,"Santo Domingo, Ad.",-33.65611,-71.61333,12.523076923076925
2002-04-21,330031.0,"Juan Fernández, Estación Meteorológica.",-33.63583,-78.83305,14.7
2002-04-21,340031.0,"General Freire, Curicó Ad.",-34.96944,-71.21694,13.136363636363637
2002-04-21,360011.0,"General Bernardo O'Higgins, Chillán Ad.",-36.58583,-72.03667,11.65
2002-04-21,360019.0,"Carriel Sur, Concepción Ap.",-36.78055,-73.06639,8.22
2002-04-21,370033.0,"María Dolores, Los Angeles Ad.",-37.39694,-72.42389,9.45
2002-04-21,380013.0,"Maquehue, Temuco Ad.",-38.76778,-72.63194,6.547999999999999
2002-04-21,390006.0,"Pichoy, Valdivia Ad.",-39.65667,-73.08722,6.583333333333333
2002-04-21,400009.0,"Cañal Bajo,  Osorno Ad.",-40.61444,-73.0575,7.642857142857143
2002-04-21,410005.0,El Tepual  Puerto Montt Ap.,-41.4475,-73.09583,5.604166666666667
2002-04-21,430002.0,Futaleufú Ad.,-43.18889,-71.85222,5.9
2002-04-21,450004.0,"Teniente Vidal, Coyhaique Ad.",-45.59083,-72.10222,7.892307692307692
2002-04-21,450005.0,Balmaceda Ad.,-45.91833,-71.67778,6.095833333333334
2002-04-21,520006.0,"Carlos Ibañez, Punta Arenas Ap.",-53.00167,-70.83861,5.458333333333333
2002-04-21,950001.0,"C.M.A. Eduardo Frei Montalva, Antártica ",-62.19194,-58.97972,-0.9875
2002-04-22,180005.0,"Chacalluta, Arica Ap.",-18.35555,-70.34028,19.162499999999998
2002-04-22,200006.0,Diego Aracena Iquique Ap.,-20.54917,-70.18111,17.816666666666666
2002-04-22,220002.0,"El Loa, Calama Ad.",-22.49806,-68.8925,16.16875
2002-04-22,270001.0,Mataveri  Isla de Pascua Ap.,-27.15889,-109.4325,21.81
2002-04-22,290004.0,"La Florida, La Serena Ad.",-29.91444,-71.20667,16.91764705882353
2002-04-22,330007.0,"Rodelillo, Ad.",-33.06528,-71.55639,13.509090909090908
2002-04-22,330019.0,"Eulogio Sánchez, Tobalaba Ad.",-33.45528,-70.54861,10.181818181818182
2002-04-22,330020.0,"Quinta Normal, Santiago",-33.445,-70.68278,11.319999999999999
2002-04-22,330021.0,Pudahuel Santiago ,-33.37833,-70.78778,10.154166666666667
2002-04-22,330030.0,"Santo Domingo, Ad.",-33.65611,-71.61333,13.546153846153846
2002-04-22,330031.0,"Juan Fernández, Estación Meteorológica.",-33.63583,-78.83305,15.540000000000001
2002-04-22,340031.0,"General Freire, Curicó Ad.",-34.96944,-71.21694,13.69090909090909
2002-04-22,360011.0,"General Bernardo O'Higgins, Chillán Ad.",-36.58583,-72.03667,12.930000000000001
2002-04-22,360019.0,"Carriel Sur, Concepción Ap.",-36.78055,-73.06639,10.545833333333333
2002-04-22,370033.0,"María Dolores, Los Angeles Ad.",-37.39694,-72.42389,11.3
2002-04-22,380013.0,"Maquehue, Temuco Ad.",-38.76778,-72.63194,10.036
2002-04-22,390006.0,"Pichoy, Valdivia Ad.",-39.65667,-73.08722,11.85
2002-04-22,400009.0,"Cañal Bajo,  Osorno Ad.",-40.61444,-73.0575,11.561538461538463
2002-04-22,410005.0,El Tepual  Puerto Montt Ap.,-41.4475,-73.09583,9.341666666666667
2002-04-22,430001.0,Quellón Ad.,-43.13361,-73.63278,9.51
2002-04-22,430002.0,Futaleufú Ad.,-43.18889,-71.85222,7.375
2002-04-22,450001.0,Puerto Aysén Ad.,-45.39944,-72.67722,8.95
2002-04-22,450004.0,"Teniente Vidal, Coyhaique Ad.",-45.59083,-72.10222,8.246153846153847
2002-04-22,450005.0,Balmaceda Ad.,-45.91833,-71.67778,5.0249999999999995
2002-04-22,520006.0,"Carlos Ibañez, Punta Arenas Ap.",-53.00167,-70.83861,5.1000000000000005
2002-04-22,530005.0,"Fuentes Martínez, Porvenir Ad.",-53.25361,-70.32611,6.545454545454546
2002-04-22,950001.0,"C.M.A. Eduardo Frei Montalva, Antártica ",-62.19194,-58.97972,0.075
2002-04-23,180005.0,"Chacalluta, Arica Ap.",-18.35555,-70.34028,19.162499999999998
2002-04-23,200006.0,Diego Aracena Iquique Ap.,-20.54917,-70.18111,18.120833333333334
2002-04-23,220002.0,"El Loa, Calama Ad.",-22.49806,-68.8925,13.252941176470587
2002-04-23,270001.0,Mataveri  Isla de Pascua Ap.,-27.15889,-109.4325,23.349999999999998
2002-04-23,290004.0,"La Florida, La Serena Ad.",-29.91444,-71.20667,14.958823529411765
2002-04-23,330007.0,"Rodelillo, Ad.",-33.06528,-71.55639,15.909090909090908
2002-04-23,330019.0,"Eulogio Sánchez, Tobalaba Ad.",-33.45528,-70.54861,15.700000000000001
2002-04-23,330020.0,"Quinta Normal, Santiago",-33.445,-70.68278,13.680000000000001
2002-04-23,330021.0,Pudahuel Santiago ,-33.37833,-70.78778,9.532
2002-04-23,330030.0,"Santo Domingo, Ad.",-33.65611,-71.61333,13.953846153846154
2002-04-23,330031.0,"Juan Fernández, Estación Meteorológica.",-33.63583,-78.83305,15.559999999999999
2002-04-23,340031.0,"General Freire, Curicó Ad.",-34.96944,-71.21694,11.963636363636363
2002-04-23,360011.0,"General Bernardo O'Higgins, Chillán Ad.",-36.58583,-72.03667,11.559999999999999
2002-04-23,360019.0,"Carriel Sur, Concepción Ap.",-36.78055,-73.06639,11.104000000000001
2002-04-23,370033.0,"María Dolores, Los Angeles Ad.",-37.39694,-72.42389,7.8
2002-04-23,380013.0,"Maquehue, Temuco Ad.",-38.76778,-72.63194,7.595833333333334
2002-04-23,390006.0,"Pichoy, Valdivia Ad.",-39.65667,-73.08722,10.466666666666667
2002-04-23,400009.0,"Cañal Bajo,  Osorno Ad.",-40.61444,-73.0575,10.784615384615384
2002-04-23,410005.0,El Tepual  Puerto Montt Ap.,-41.4475,-73.09583,8.591666666666667
2002-04-23,430001.0,Quellón Ad.,-43.13361,-73.63278,10.33
2002-04-23,430002.0,Futaleufú Ad.,-43.18889,-71.85222,9.261538461538462
2002-04-23,450001.0,Puerto Aysén Ad.,-45.39944,-72.67722,8.925
2002-04-23,450004.0,"Teniente Vidal, Coyhaique Ad.",-45.59083,-72.10222,9.261538461538462
2002-04-23,450005.0,Balmaceda Ad.,-45.91833,-71.67778,6.629166666666666
2002-04-23,520006.0,"Carlos Ibañez, Punta Arenas Ap.",-53.00167,-70.83861,4.925
2002-04-23,530005.0,"Fuentes Martínez, Porvenir Ad.",-53.25361,-70.32611,7.927272727272728
2002-04-23,950001.0,"C.M.A. Eduardo Frei Montalva, Antártica ",-62.19194,-58.97972,-0.225
2002-04-24,180005.0,"Chacalluta, Arica Ap.",-18.35555,-70.34028,19.279166666666665
2002-04-24,200006.0,Diego Aracena Iquique Ap.,-20.54917,-70.18111,18.595833333333335
2002-04-24,220002.0,"El Loa, Calama Ad.",-22.49806,-68.8925,15.03125
2002-04-24,270001.0,Mataveri  Isla de Pascua Ap.,-27.15889,-109.4325,23.55
2002-04-24,290004.0,"La Florida, La Serena Ad.",-29.91444,-71.20667,14.299999999999999
2002-04-24,330007.0,"Rodelillo, Ad.",-33.06528,-71.55639,15.836363636363636
2002-04-24,330019.0,"Eulogio Sánchez, Tobalaba Ad.",-33.45528,-70.54861,15.666666666666666
2002-04-24,330020.0,"Quinta Normal, Santiago",-33.445,-70.68278,14.940000000000001
2002-04-24,330021.0,Pudahuel Santiago ,-33.37833,-70.78778,12.945833333333333
2002-04-24,330030.0,"Santo Domingo, Ad.",-33.65611,-71.61333,14.607692307692307
2002-04-24,330031.0,"Juan Fernández, Estación Meteorológica.",-33.63583,-78.83305,16.45
2002-04-24,340031.0,"General Freire, Curicó Ad.",-34.96944,-71.21694,13.654545454545454
2002-04-24,360011.0,"General Bernardo O'Higgins, Chillán Ad.",-36.58583,-72.03667,13.6
2002-04-24,360019.0,"Carriel Sur, Concepción Ap.",-36.78055,-73.06639,12.412
2002-04-24,370033.0,"María Dolores, Los Angeles Ad.",-37.39694,-72.42389,18.0
2002-04-24,380013.0,"Maquehue, Temuco Ad.",-38.76778,-72.63194,10.870833333333332
2002-04-24,390006.0,"Pichoy, Valdivia Ad.",-39.65667,-73.08722,12.333333333333334
2002-04-24,400009.0,"Cañal Bajo,  Osorno Ad.",-40.61444,-73.0575,11.038461538461538
2002-04-24,410005.0,El Tepual  Puerto Montt Ap.,-41.4475,-73.09583,8.911111111111111
2002-04-24,430002.0,Futaleufú Ad.,-43.18889,-71.85222,5.3538461538461535
2002-04-24,450004.0,"Teniente Vidal, Coyhaique Ad.",-45.59083,-72.10222,6.2153846153846155
2002-04-24,450005.0,Balmaceda Ad.,-45.91833,-71.67778,4.883333333333334
2002-04-24,520006.0,"Carlos Ibañez, Punta Arenas Ap.",-53.00167,-70.83861,6.8374999999999995
2002-04-24,950001.0,"C.M.A. Eduardo Frei Montalva, Antártica ",-62.19194,-58.97972,1.0785714285714287
2002-04-25,180005.0,"Chacalluta, Arica Ap.",-18.35555,-70.34028,18.579166666666666
2002-04-25,200006.0,Diego Aracena Iquique Ap.,-20.54917,-70.18111,17.454166666666666
2002-04-25,220002.0,"El Loa, Calama Ad.",-22.49806,-68.8925,15.125
2002-04-25,270001.0,Mataveri  Isla de Pascua Ap.,-27.15889,-109.4325,22.240000000000002
2002-04-25,290004.0,"La Florida, La Serena Ad.",-29.91444,-71.20667,14.282352941176471
2002-04-25,330007.0,"Rodelillo, Ad.",-33.06528,-71.55639,16.509090909090908
2002-04-25,330019.0,"Eulogio Sánchez, Tobalaba Ad.",-33.45528,-70.54861,15.563636363636363
2002-04-25,330020.0,"Quinta Normal, Santiago",-33.445,-70.68278,13.959999999999999
2002-04-25,330021.0,Pudahuel Santiago ,-33.37833,-70.78778,10.511111111111111
2002-04-25,330030.0,"Santo Domingo, Ad.",-33.65611,-71.61333,16.123076923076923
2002-04-25,330031.0,"Juan Fernández, Estación Meteorológica.",-33.63583,-78.83305,15.959999999999999
2002-04-25,340031.0,"General Freire, Curicó Ad.",-34.96944,-71.21694,14.054545454545455
2002-04-25,360011.0,"General Bernardo O'Higgins, Chillán Ad.",-36.58583,-72.03667,14.66
2002-04-25,360019.0,"Carriel Sur, Concepción Ap.",-36.78055,-73.06639,11.06
2002-04-25,370033.0,"María Dolores, Los Angeles Ad.",-37.39694,-72.42389,12.4
2002-04-25,380013.0,"Maquehue, Temuco Ad.",-38.76778,-72.63194,11.104166666666666
2002-04-25,390006.0,"Pichoy, Valdivia Ad.",-39.65667,-73.08722,12.066666666666668
2002-04-25,400009.0,"Cañal Bajo,  Osorno Ad.",-40.61444,-73.0575,10.846153846153847
2002-04-25,410005.0,El Tepual  Puerto Montt Ap.,-41.4475,-73.09583,8.345833333333333
2002-04-25,430001.0,Quellón Ad.,-43.13361,-73.63278,8.76
2002-04-25,430002.0,Futaleufú Ad.,-43.18889,-71.85222,6.4
2002-04-25,450001.0,Puerto Aysén Ad.,-45.39944,-72.67722,8.45
2002-04-25,450004.0,"Teniente Vidal, Coyhaique Ad.",-45.59083,-72.10222,7.1923076923076925
2002-04-25,450005.0,Balmaceda Ad.,-45.91833,-71.67778,4.05
2002-04-25,520006.0,"Carlos Ibañez, Punta Arenas Ap.",-53.00167,-70.83861,6.941666666666666
2002-04-25,530005.0,"Fuentes Martínez, Porvenir Ad.",-53.25361,-70.32611,8.490909090909092
2002-04-25,950001.0,"C.M.A. Eduardo Frei Montalva, Antártica ",-62.19194,-58.97972,1.7666666666666666
2002-04-26,180005.0,"Chacalluta, Arica Ap.",-18.35555,-70.34028,18.608333333333334
2002-04-26,200006.0,Diego Aracena Iquique Ap.,-20.54917,-70.18111,17.6125
2002-04-26,220002.0,"El Loa, Calama Ad.",-22.49806,-68.8925,17.46875
2002-04-26,270001.0,Mataveri  Isla de Pascua Ap.,-27.15889,-109.4325,22.983333333333334
2002-04-26,290004.0,"La Florida, La Serena Ad.",-29.91444,-71.20667,13.283333333333333
2002-04-26,330007.0,"Rodelillo, Ad.",-33.06528,-71.55639,23.94545454545454
2002-04-26,330019.0,"Eulogio Sánchez, Tobalaba Ad.",-33.45528,-70.54861,18.945454545454545
2002-04-26,330020.0,"Quinta Normal, Santiago",-33.445,-70.68278,16.14
2002-04-26,330021.0,Pudahuel Santiago ,-33.37833,-70.78778,11.5875
2002-04-26,330030.0,"Santo Domingo, Ad.",-33.65611,-71.61333,19.83076923076923
2002-04-26,330031.0,"Juan Fernández, Estación Meteorológica.",-33.63583,-78.83305,15.48
2002-04-26,340031.0,"General Freire, Curicó Ad.",-34.96944,-71.21694,11.618181818181817
2002-04-26,360011.0,"General Bernardo O'Higgins, Chillán Ad.",-36.58583,-72.03667,13.080000000000002
2002-04-26,360019.0,"Carriel Sur, Concepción Ap.",-36.78055,-73.06639,10.391666666666667
2002-04-26,370033.0,"María Dolores, Los Angeles Ad.",-37.39694,-72.42389,10.1
2002-04-26,380013.0,"Maquehue, Temuco Ad.",-38.76778,-72.63194,6.315384615384615
2002-04-26,390006.0,"Pichoy, Valdivia Ad.",-39.65667,-73.08722,7.615384615384615
2002-04-26,400009.0,"Cañal Bajo,  Osorno Ad.",-40.61444,-73.0575,9.323076923076924
2002-04-26,410005.0,El Tepual  Puerto Montt Ap.,-41.4475,-73.09583,7.208333333333333
2002-04-26,430001.0,Quellón Ad.,-43.13361,-73.63278,9.35
2002-04-26,430002.0,Futaleufú Ad.,-43.18889,-71.85222,10.115384615384615
2002-04-26,450001.0,Puerto Aysén Ad.,-45.39944,-72.67722,9.5
2002-04-26,450004.0,"Teniente Vidal, Coyhaique Ad.",-45.59083,-72.10222,9.223076923076924
2002-04-26,450005.0,Balmaceda Ad.,-45.91833,-71.67778,6.058333333333334
2002-04-26,520006.0,"Carlos Ibañez, Punta Arenas Ap.",-53.00167,-70.83861,7.141666666666667
2002-04-26,530005.0,"Fuentes Martínez, Porvenir Ad.",-53.25361,-70.32611,8.181818181818182
2002-04-26,950001.0,"C.M.A. Eduardo Frei Montalva, Antártica ",-62.19194,-58.97972,1.2166666666666666
2002-04-27,180005.0,"Chacalluta, Arica Ap.",-18.35555,-70.34028,20.212500000000002
2002-04-27,200006.0,Diego Aracena Iquique Ap.,-20.54917,-70.18111,19.066666666666666
2002-04-27,220002.0,"El Loa, Calama Ad.",-22.49806,-68.8925,16.55625
2002-04-27,270001.0,Mataveri  Isla de Pascua Ap.,-27.15889,-109.4325,22.96666666666667
2002-04-27,290004.0,"La Florida, La Serena Ad.",-29.91444,-71.20667,14.200000000000001
2002-04-27,330007.0,"Rodelillo, Ad.",-33.06528,-71.55639,12.424999999999999
2002-04-27,330019.0,"Eulogio Sánchez, Tobalaba Ad.",-33.45528,-70.54861,20.936363636363637
2002-04-27,330020.0,"Quinta Normal, Santiago",-33.445,-70.68278,16.9
2002-04-27,330021.0,Pudahuel Santiago ,-33.37833,-70.78778,12.720833333333333
2002-04-27,330030.0,"Santo Domingo, Ad.",-33.65611,-71.61333,12.830769230769231
2002-04-27,330031.0,"Juan Fernández, Estación Meteorológica.",-33.63583,-78.83305,14.975
2002-04-27,340031.0,"General Freire, Curicó Ad.",-34.96944,-71.21694,11.508333333333333
2002-04-27,360011.0,"General Bernardo O'Higgins, Chillán Ad.",-36.58583,-72.03667,10.03
2002-04-27,360019.0,"Carriel Sur, Concepción Ap.",-36.78055,-73.06639,9.1625
2002-04-27,370033.0,"María Dolores, Los Angeles Ad.",-37.39694,-72.42389,11.2
2002-04-27,380013.0,"Maquehue, Temuco Ad.",-38.76778,-72.63194,6.096
2002-04-27,390006.0,"Pichoy, Valdivia Ad.",-39.65667,-73.08722,8.15
2002-04-27,400009.0,"Cañal Bajo,  Osorno Ad.",-40.61444,-73.0575,10.153846153846153
2002-04-27,410005.0,El Tepual  Puerto Montt Ap.,-41.4475,-73.09583,10.2875
2002-04-27,430002.0,Futaleufú Ad.,-43.18889,-71.85222,12.63076923076923
2002-04-27,450004.0,"Teniente Vidal, Coyhaique Ad.",-45.59083,-72.10222,10.623076923076923
2002-04-27,450005.0,Balmaceda Ad.,-45.91833,-71.67778,9.5375
2002-04-27,520006.0,"Carlos Ibañez, Punta Arenas Ap.",-53.00167,-70.83861,4.254166666666666
2002-04-27,530005.0,"Fuentes Martínez, Porvenir Ad.",-53.25361,-70.32611,5.472727272727273
2002-04-27,950001.0,"C.M.A. Eduardo Frei Montalva, Antártica ",-62.19194,-58.97972,0.625
2002-04-28,180005.0,"Chacalluta, Arica Ap.",-18.35555,-70.34028,20.4875
2002-04-28,200006.0,Diego Aracena Iquique Ap.,-20.54917,-70.18111,19.7
2002-04-28,220002.0,"El Loa, Calama Ad.",-22.49806,-68.8925,14.461538461538462
2002-04-28,270001.0,Mataveri  Isla de Pascua Ap.,-27.15889,-109.4325,22.077777777777776
2002-04-28,290004.0,"La Florida, La Serena Ad.",-29.91444,-71.20667,17.147058823529413
2002-04-28,330007.0,"Rodelillo, Ad.",-33.06528,-71.55639,14.563636363636363
2002-04-28,330019.0,"Eulogio Sánchez, Tobalaba Ad.",-33.45528,-70.54861,13.166666666666666
2002-04-28,330020.0,"Quinta Normal, Santiago",-33.445,-70.68278,13.38
2002-04-28,330021.0,Pudahuel Santiago ,-33.37833,-70.78778,11.952
2002-04-28,330030.0,"Santo Domingo, Ad.",-33.65611,-71.61333,14.453846153846154
2002-04-28,330031.0,"Juan Fernández, Estación Meteorológica.",-33.63583,-78.83305,15.425
2002-04-28,340031.0,"General Freire, Curicó Ad.",-34.96944,-71.21694,11.418181818181818
2002-04-28,360011.0,"General Bernardo O'Higgins, Chillán Ad.",-36.58583,-72.03667,11.08
2002-04-28,360019.0,"Carriel Sur, Concepción Ap.",-36.78055,-73.06639,8.86
2002-04-28,370033.0,"María Dolores, Los Angeles Ad.",-37.39694,-72.42389,7.800000000000001
2002-04-28,380013.0,"Maquehue, Temuco Ad.",-38.76778,-72.63194,10.888
2002-04-28,390006.0,"Pichoy, Valdivia Ad.",-39.65667,-73.08722,12.333333333333334
2002-04-28,400009.0,"Cañal Bajo,  Osorno Ad.",-40.61444,-73.0575,11.938461538461537
2002-04-28,410005.0,El Tepual  Puerto Montt Ap.,-41.4475,-73.09583,9.795833333333333
2002-04-28,430002.0,Futaleufú Ad.,-43.18889,-71.85222,11.4
2002-04-28,450004.0,"Teniente Vidal, Coyhaique Ad.",-45.59083,-72.10222,8.907692307692308
2002-04-28,450005.0,Balmaceda Ad.,-45.91833,-71.67778,6.541666666666667
2002-04-28,520006.0,"Carlos Ibañez, Punta Arenas Ap.",-53.00167,-70.83861,5.008333333333334
2002-04-28,950001.0,"C.M.A. Eduardo Frei Montalva, Antártica ",-62.19194,-58.97972,-0.625
2002-04-29,180005.0,"Chacalluta, Arica Ap.",-18.35555,-70.34028,18.7375
2002-04-29,200006.0,Diego Aracena Iquique Ap.,-20.54917,-70.18111,17.900000000000002
2002-04-29,220002.0,"El Loa, Calama Ad.",-22.49806,-68.8925,14.55
2002-04-29,270001.0,Mataveri  Isla de Pascua Ap.,-27.15889,-109.4325,21.345454545454547
2002-04-29,290004.0,"La Florida, La Serena Ad.",-29.91444,-71.20667,16.405882352941177
2002-04-29,330007.0,"Rodelillo, Ad.",-33.06528,-71.55639,17.599999999999998
2002-04-29,330019.0,"Eulogio Sánchez, Tobalaba Ad.",-33.45528,-70.54861,15.566666666666668
2002-04-29,330020.0,"Quinta Normal, Santiago",-33.445,-70.68278,15.1
2002-04-29,330021.0,Pudahuel Santiago ,-33.37833,-70.78778,13.870833333333332
2002-04-29,330030.0,"Santo Domingo, Ad.",-33.65611,-71.61333,15.876923076923077
2002-04-29,330031.0,"Juan Fernández, Estación Meteorológica.",-33.63583,-78.83305,15.2
2002-04-29,340031.0,"General Freire, Curicó Ad.",-34.96944,-71.21694,14.409090909090908
2002-04-29,360011.0,"General Bernardo O'Higgins, Chillán Ad.",-36.58583,-72.03667,12.98
2002-04-29,360019.0,"Carriel Sur, Concepción Ap.",-36.78055,-73.06639,11.667857142857143
2002-04-29,370033.0,"María Dolores, Los Angeles Ad.",-37.39694,-72.42389,12.5
2002-04-29,380013.0,"Maquehue, Temuco Ad.",-38.76778,-72.63194,10.183333333333334
2002-04-29,390006.0,"Pichoy, Valdivia Ad.",-39.65667,-73.08722,10.858333333333334
2002-04-29,400009.0,"Cañal Bajo,  Osorno Ad.",-40.61444,-73.0575,10.607692307692307
2002-04-29,410005.0,El Tepual  Puerto Montt Ap.,-41.4475,-73.09583,8.504166666666666
2002-04-29,430001.0,Quellón Ad.,-43.13361,-73.63278,10.370000000000001
2002-04-29,430002.0,Futaleufú Ad.,-43.18889,-71.85222,8.674999999999999
2002-04-29,450001.0,Puerto Aysén Ad.,-45.39944,-72.67722,8.75
2002-04-29,450004.0,"Teniente Vidal, Coyhaique Ad.",-45.59083,-72.10222,7.800000000000001
2002-04-29,450005.0,Balmaceda Ad.,-45.91833,-71.67778,5.3125
2002-04-29,520006.0,"Carlos Ibañez, Punta Arenas Ap.",-53.00167,-70.83861,4.104166666666667
2002-04-29,530005.0,"Fuentes Martínez, Porvenir Ad.",-53.25361,-70.32611,5.8
2002-04-29,950001.0,"C.M.A. Eduardo Frei Montalva, Antártica ",-62.19194,-58.97972,-0.34444444444444444
2002-04-30,180005.0,"Chacalluta, Arica Ap.",-18.35555,-70.34028,19.141666666666666
2002-04-30,200006.0,Diego Aracena Iquique Ap.,-20.54917,-70.18111,18.779166666666665
2002-04-30,220002.0,"El Loa, Calama Ad.",-22.49806,-68.8925,15.2125
2002-04-30,270001.0,Mataveri  Isla de Pascua Ap.,-27.15889,-109.4325,22.916666666666668
2002-04-30,290004.0,"La Florida, La Serena Ad.",-29.91444,-71.20667,14.858823529411765
2002-04-30,330007.0,"Rodelillo, Ad.",-33.06528,-71.55639,17.60909090909091
2002-04-30,330019.0,"Eulogio Sánchez, Tobalaba Ad.",-33.45528,-70.54861,16.827272727272728
2002-04-30,330020.0,"Quinta Normal, Santiago",-33.445,-70.68278,15.52
2002-04-30,330021.0,Pudahuel Santiago ,-33.37833,-70.78778,12.744444444444445
2002-04-30,330030.0,"Santo Domingo, Ad.",-33.65611,-71.61333,15.96923076923077
2002-04-30,330031.0,"Juan Fernández, Estación Meteorológica.",-33.63583,-78.83305,15.38
2002-04-30,340031.0,"General Freire, Curicó Ad.",-34.96944,-71.21694,11.145454545454545
2002-04-30,360011.0,"General Bernardo O'Higgins, Chillán Ad.",-36.58583,-72.03667,12.66
2002-04-30,360019.0,"Carriel Sur, Concepción Ap.",-36.78055,-73.06639,9.725
2002-04-30,370033.0,"María Dolores, Los Angeles Ad.",-37.39694,-72.42389,8.200000000000001
2002-04-30,380013.0,"Maquehue, Temuco Ad.",-38.76778,-72.63194,9.688461538461539
2002-04-30,390006.0,"Pichoy, Valdivia Ad.",-39.65667,-73.08722,11.975
2002-04-30,400009.0,"Cañal Bajo,  Osorno Ad.",-40.61444,-73.0575,10.96923076923077
2002-04-30,410005.0,El Tepual  Puerto Montt Ap.,-41.4475,-73.09583,8.992
2002-04-30,430001.0,Quellón Ad.,-43.13361,-73.63278,9.36
2002-04-30,430002.0,Futaleufú Ad.,-43.18889,-71.85222,8.438461538461539
2002-04-30,450001.0,Puerto Aysén Ad.,-45.39944,-72.67722,8.375
2002-04-30,450004.0,"Teniente Vidal, Coyhaique Ad.",-45.59083,-72.10222,6.838461538461539
2002-04-30,450005.0,Balmaceda Ad.,-45.91833,-71.67778,4.3125
2002-04-30,520006.0,"Carlos Ibañez, Punta Arenas Ap.",-53.00167,-70.83861,3.2560000000000002
2002-04-30,530005.0,"Fuentes Martínez, Porvenir Ad.",-53.25361,-70.32611,3.436363636363637
2002-04-30,950001.0,"C.M.A. Eduardo Frei Montalva, Antártica ",-62.19194,-58.97972,0.037500000000000006
2002-05-01,180005.0,"Chacalluta, Arica Ap.",-18.35555,-70.34028,19.195833333333333
2002-05-01,200006.0,Diego Aracena Iquique Ap.,-20.54917,-70.18111,18.554166666666667
2002-05-01,220002.0,"El Loa, Calama Ad.",-22.49806,-68.8925,16.4875
2002-05-01,270001.0,Mataveri  Isla de Pascua Ap.,-27.15889,-109.4325,23.87777777777778
2002-05-01,290004.0,"La Florida, La Serena Ad.",-29.91444,-71.20667,12.38421052631579
2002-05-01,330007.0,"Rodelillo, Ad.",-33.06528,-71.55639,15.6
2002-05-01,330019.0,"Eulogio Sánchez, Tobalaba Ad.",-33.45528,-70.54861,17.654545454545453
2002-05-01,330020.0,"Quinta Normal, Santiago",-33.445,-70.68278,15.460000000000003
2002-05-01,330021.0,Pudahuel Santiago ,-33.37833,-70.78778,10.88846153846154
2002-05-01,330030.0,"Santo Domingo, Ad.",-33.65611,-71.61333,12.76923076923077
2002-05-01,330031.0,"Juan Fernández, Estación Meteorológica.",-33.63583,-78.83305,15.399999999999999
2002-05-01,340031.0,"General Freire, Curicó Ad.",-34.96944,-71.21694,9.163636363636364
2002-05-01,360011.0,"General Bernardo O'Higgins, Chillán Ad.",-36.58583,-72.03667,10.51
2002-05-01,360019.0,"Carriel Sur, Concepción Ap.",-36.78055,-73.06639,8.863999999999999
2002-05-01,370033.0,"María Dolores, Los Angeles Ad.",-37.39694,-72.42389,10.327272727272726
2002-05-01,380013.0,"Maquehue, Temuco Ad.",-38.76778,-72.63194,6.483333333333333
2002-05-01,390006.0,"Pichoy, Valdivia Ad.",-39.65667,-73.08722,11.808333333333332
2002-05-01,400009.0,"Cañal Bajo,  Osorno Ad.",-40.61444,-73.0575,11.314285714285715
2002-05-01,410005.0,El Tepual  Puerto Montt Ap.,-41.4475,-73.09583,9.345833333333333
2002-05-01,430002.0,Futaleufú Ad.,-43.18889,-71.85222,8.692307692307692
2002-05-01,450004.0,"Teniente Vidal, Coyhaique Ad.",-45.59083,-72.10222,5.699999999999999
2002-05-01,450005.0,Balmaceda Ad.,-45.91833,-71.67778,3.670833333333333
2002-05-01,520006.0,"Carlos Ibañez, Punta Arenas Ap.",-53.00167,-70.83861,2.3833333333333333
2002-05-01,530005.0,"Fuentes Martínez, Porvenir Ad.",-53.25361,-70.32611,3.5818181818181816
2002-05-01,950001.0,"C.M.A. Eduardo Frei Montalva, Antártica ",-62.19194,-58.97972,1.2
2002-05-02,180005.0,"Chacalluta, Arica Ap.",-18.35555,-70.34028,18.770833333333332
2002-05-02,200006.0,Diego Aracena Iquique Ap.,-20.54917,-70.18111,17.520833333333332
2002-05-02,220002.0,"El Loa, Calama Ad.",-22.49806,-68.8925,17.123529411764704
2002-05-02,270001.0,Mataveri  Isla de Pascua Ap.,-27.15889,-109.4325,21.43
2002-05-02,290004.0,"La Florida, La Serena Ad.",-29.91444,-71.20667,12.252380952380953
2002-05-02,330007.0,"Rodelillo, Ad.",-33.06528,-71.55639,18.727272727272727
2002-05-02,330019.0,"Eulogio Sánchez, Tobalaba Ad.",-33.45528,-70.54861,17.863636363636363
2002-05-02,330020.0,"Quinta Normal, Santiago",-33.445,-70.68278,15.7
2002-05-02,330021.0,Pudahuel Santiago ,-33.37833,-70.78778,11.887500000000001
2002-05-02,330030.0,"Santo Domingo, Ad.",-33.65611,-71.61333,13.915384615384616
2002-05-02,330031.0,"Juan Fernández, Estación Meteorológica.",-33.63583,-78.83305,15.919999999999998
2002-05-02,340031.0,"General Freire, Curicó Ad.",-34.96944,-71.21694,11.8
2002-05-02,360011.0,"General Bernardo O'Higgins, Chillán Ad.",-36.58583,-72.03667,12.4
2002-05-02,360019.0,"Carriel Sur, Concepción Ap.",-36.78055,-73.06639,9.450000000000001
2002-05-02,370033.0,"María Dolores, Los Angeles Ad.",-37.39694,-72.42389,8.4
2002-05-02,380013.0,"Maquehue, Temuco Ad.",-38.76778,-72.63194,11.4625
2002-05-02,390006.0,"Pichoy, Valdivia Ad.",-39.65667,-73.08722,12.775
2002-05-02,400009.0,"Cañal Bajo,  Osorno Ad.",-40.61444,-73.0575,11.815384615384614
2002-05-02,410005.0,El Tepual  Puerto Montt Ap.,-41.4475,-73.09583,10.483333333333333
2002-05-02,430001.0,Quellón Ad.,-43.13361,-73.63278,11.959999999999999
2002-05-02,430002.0,Futaleufú Ad.,-43.18889,-71.85222,7.576923076923077
2002-05-02,450001.0,Puerto Aysén Ad.,-45.39944,-72.67722,7.275
2002-05-02,450004.0,"Teniente Vidal, Coyhaique Ad.",-45.59083,-72.10222,6.623076923076923
2002-05-02,450005.0,Balmaceda Ad.,-45.91833,-71.67778,3.1208333333333336
2002-05-02,520006.0,"Carlos Ibañez, Punta Arenas Ap.",-53.00167,-70.83861,2.3541666666666665
2002-05-02,530005.0,"Fuentes Martínez, Porvenir Ad.",-53.25361,-70.32611,4.036363636363636
2002-05-02,550001.0,"Guardiamarina Zañartu, Pto Williams Ad.",-54.93167,-67.61556,1.5666666666666667
2002-05-02,950001.0,"C.M.A. Eduardo Frei Montalva, Antártica ",-62.19194,-58.97972,-3.1374999999999997
2002-05-03,180005.0,"Chacalluta, Arica Ap.",-18.35555,-70.34028,19.104166666666668
2002-05-03,200006.0,Diego Aracena Iquique Ap.,-20.54917,-70.18111,18.108333333333334
2002-05-03,220002.0,"El Loa, Calama Ad.",-22.49806,-68.8925,17.66875
2002-05-03,270001.0,Mataveri  Isla de Pascua Ap.,-27.15889,-109.4325,21.849999999999998
2002-05-03,290004.0,"La Florida, La Serena Ad.",-29.91444,-71.20667,11.295238095238094
2002-05-03,330007.0,"Rodelillo, Ad.",-33.06528,-71.55639,16.7
2002-05-03,330019.0,"Eulogio Sánchez, Tobalaba Ad.",-33.45528,-70.54861,19.254545454545454
2002-05-03,330020.0,"Quinta Normal, Santiago",-33.445,-70.68278,15.7
2002-05-03,330021.0,Pudahuel Santiago ,-33.37833,-70.78778,11.866666666666667
2002-05-03,330030.0,"Santo Domingo, Ad.",-33.65611,-71.61333,13.484615384615385
2002-05-03,330031.0,"Juan Fernández, Estación Meteorológica.",-33.63583,-78.83305,15.64
2002-05-03,340031.0,"General Freire, Curicó Ad.",-34.96944,-71.21694,11.345454545454546
2002-05-03,360011.0,"General Bernardo O'Higgins, Chillán Ad.",-36.58583,-72.03667,11.92
2002-05-03,360019.0,"Carriel Sur, Concepción Ap.",-36.78055,-73.06639,9.828571428571427
2002-05-03,370033.0,"María Dolores, Los Angeles Ad.",-37.39694,-72.42389,10.9
2002-05-03,380013.0,"Maquehue, Temuco Ad.",-38.76778,-72.63194,12.2125
2002-05-03,390006.0,"Pichoy, Valdivia Ad.",-39.65667,-73.08722,13.983333333333334
2002-05-03,400009.0,"Cañal Bajo,  Osorno Ad.",-40.61444,-73.0575,13.284615384615384
2002-05-03,410005.0,El Tepual  Puerto Montt Ap.,-41.4475,-73.09583,11.604166666666666
2002-05-03,430001.0,Quellón Ad.,-43.13361,-73.63278,12.559999999999999
2002-05-03,430002.0,Futaleufú Ad.,-43.18889,-71.85222,11.046153846153846
2002-05-03,450001.0,Puerto Aysén Ad.,-45.39944,-72.67722,6.9
2002-05-03,450004.0,"Teniente Vidal, Coyhaique Ad.",-45.59083,-72.10222,6.838461538461539
2002-05-03,450005.0,Balmaceda Ad.,-45.91833,-71.67778,1.0125
2002-05-03,520006.0,"Carlos Ibañez, Punta Arenas Ap.",-53.00167,-70.83861,2.9166666666666665
2002-05-03,530005.0,"Fuentes Martínez, Porvenir Ad.",-53.25361,-70.32611,4.8545454545454545
2002-05-03,550001.0,"Guardiamarina Zañartu, Pto Williams Ad.",-54.93167,-67.61556,3.644444444444444
2002-05-03,950001.0,"C.M.A. Eduardo Frei Montalva, Antártica ",-62.19194,-58.97972,-2.4375
2002-05-04,180005.0,"Chacalluta, Arica Ap.",-18.35555,-70.34028,18.0125
2002-05-04,200006.0,Diego Aracena Iquique Ap.,-20.54917,-70.18111,17.400000000000002
2002-05-04,220002.0,"El Loa, Calama Ad.",-22.49806,-68.8925,16.55
2002-05-04,270001.0,Mataveri  Isla de Pascua Ap.,-27.15889,-109.4325,21.983333333333334
2002-05-04,290004.0,"La Florida, La Serena Ad.",-29.91444,-71.20667,12.470588235294118
2002-05-04,330007.0,"Rodelillo, Ad.",-33.06528,-71.55639,15.172727272727274
2002-05-04,330019.0,"Eulogio Sánchez, Tobalaba Ad.",-33.45528,-70.54861,17.0
2002-05-04,330020.0,"Quinta Normal, Santiago",-33.445,-70.68278,15.160000000000002
2002-05-04,330021.0,Pudahuel Santiago ,-33.37833,-70.78778,12.450000000000001
2002-05-04,330030.0,"Santo Domingo, Ad.",-33.65611,-71.61333,13.115384615384615
2002-05-04,330031.0,"Juan Fernández, Estación Meteorológica.",-33.63583,-78.83305,15.925
2002-05-04,340031.0,"General Freire, Curicó Ad.",-34.96944,-71.21694,10.418181818181818
2002-05-04,360011.0,"General Bernardo O'Higgins, Chillán Ad.",-36.58583,-72.03667,13.01
2002-05-04,360019.0,"Carriel Sur, Concepción Ap.",-36.78055,-73.06639,10.456
2002-05-04,370033.0,"María Dolores, Los Angeles Ad.",-37.39694,-72.42389,10.3
2002-05-04,380013.0,"Maquehue, Temuco Ad.",-38.76778,-72.63194,11.351851851851851
2002-05-04,390006.0,"Pichoy, Valdivia Ad.",-39.65667,-73.08722,11.533333333333333
2002-05-04,400009.0,"Cañal Bajo,  Osorno Ad.",-40.61444,-73.0575,14.115384615384615
2002-05-04,410005.0,El Tepual  Puerto Montt Ap.,-41.4475,-73.09583,11.6625
2002-05-04,430002.0,Futaleufú Ad.,-43.18889,-71.85222,11.26923076923077
2002-05-04,450004.0,"Teniente Vidal, Coyhaique Ad.",-45.59083,-72.10222,6.415384615384616
2002-05-04,450005.0,Balmaceda Ad.,-45.91833,-71.67778,4.408
2002-05-04,520006.0,"Carlos Ibañez, Punta Arenas Ap.",-53.00167,-70.83861,-0.8125
2002-05-04,530005.0,"Fuentes Martínez, Porvenir Ad.",-53.25361,-70.32611,2.018181818181818
2002-05-04,950001.0,"C.M.A. Eduardo Frei Montalva, Antártica ",-62.19194,-58.97972,-1.075
2002-05-05,180005.0,"Chacalluta, Arica Ap.",-18.35555,-70.34028,17.695833333333333
2002-05-05,200006.0,Diego Aracena Iquique Ap.,-20.54917,-70.18111,16.858333333333334
2002-05-05,220002.0,"El Loa, Calama Ad.",-22.49806,-68.8925,19.646153846153847
2002-05-05,270001.0,Mataveri  Isla de Pascua Ap.,-27.15889,-109.4325,21.337500000000002
2002-05-05,290004.0,"La Florida, La Serena Ad.",-29.91444,-71.20667,12.73157894736842
2002-05-05,330007.0,"Rodelillo, Ad.",-33.06528,-71.55639,20.472727272727273
2002-05-05,330019.0,"Eulogio Sánchez, Tobalaba Ad.",-33.45528,-70.54861,20.733333333333334
2002-05-05,330020.0,"Quinta Normal, Santiago",-33.445,-70.68278,16.56
2002-05-05,330021.0,Pudahuel Santiago ,-33.37833,-70.78778,12.120833333333332
2002-05-05,330030.0,"Santo Domingo, Ad.",-33.65611,-71.61333,14.807692307692308
2002-05-05,330031.0,"Juan Fernández, Estación Meteorológica.",-33.63583,-78.83305,16.575
2002-05-05,340031.0,"General Freire, Curicó Ad.",-34.96944,-71.21694,10.236363636363636
2002-05-05,360011.0,"General Bernardo O'Higgins, Chillán Ad.",-36.58583,-72.03667,13.419999999999998
2002-05-05,360019.0,"Carriel Sur, Concepción Ap.",-36.78055,-73.06639,10.724
2002-05-05,370033.0,"María Dolores, Los Angeles Ad.",-37.39694,-72.42389,12.7
2002-05-05,380013.0,"Maquehue, Temuco Ad.",-38.76778,-72.63194,9.304
2002-05-05,390006.0,"Pichoy, Valdivia Ad.",-39.65667,-73.08722,14.446153846153845
2002-05-05,400009.0,"Cañal Bajo,  Osorno Ad.",-40.61444,-73.0575,15.646153846153847
2002-05-05,410005.0,El Tepual  Puerto Montt Ap.,-41.4475,-73.09583,13.450000000000001
2002-05-05,430002.0,Futaleufú Ad.,-43.18889,-71.85222,11.0
2002-05-05,450004.0,"Teniente Vidal, Coyhaique Ad.",-45.59083,-72.10222,10.184615384615386
2002-05-05,450005.0,Balmaceda Ad.,-45.91833,-71.67778,7.458333333333333
2002-05-05,520006.0,"Carlos Ibañez, Punta Arenas Ap.",-53.00167,-70.83861,-1.175
2002-05-05,950001.0,"C.M.A. Eduardo Frei Montalva, Antártica ",-62.19194,-58.97972,-4.075
2002-05-06,180005.0,"Chacalluta, Arica Ap.",-18.35555,-70.34028,18.095833333333335
2002-05-06,200006.0,Diego Aracena Iquique Ap.,-20.54917,-70.18111,16.929166666666667
2002-05-06,220002.0,"El Loa, Calama Ad.",-22.49806,-68.8925,17.052941176470586
2002-05-06,270001.0,Mataveri  Isla de Pascua Ap.,-27.15889,-109.4325,20.186666666666667
2002-05-06,290004.0,"La Florida, La Serena Ad.",-29.91444,-71.20667,11.977272727272727
2002-05-06,330007.0,"Rodelillo, Ad.",-33.06528,-71.55639,18.836363636363636
2002-05-06,330019.0,"Eulogio Sánchez, Tobalaba Ad.",-33.45528,-70.54861,25.09090909090909
2002-05-06,330020.0,"Quinta Normal, Santiago",-33.445,-70.68278,20.28
2002-05-06,330021.0,Pudahuel Santiago ,-33.37833,-70.78778,15.579166666666666
2002-05-06,330030.0,"Santo Domingo, Ad.",-33.65611,-71.61333,14.384615384615385
2002-05-06,330031.0,"Juan Fernández, Estación Meteorológica.",-33.63583,-78.83305,16.580000000000002
2002-05-06,340031.0,"General Freire, Curicó Ad.",-34.96944,-71.21694,10.854545454545455
2002-05-06,360011.0,"General Bernardo O'Higgins, Chillán Ad.",-36.58583,-72.03667,13.940000000000001
2002-05-06,360019.0,"Carriel Sur, Concepción Ap.",-36.78055,-73.06639,11.703703703703704
2002-05-06,370033.0,"María Dolores, Los Angeles Ad.",-37.39694,-72.42389,14.799999999999999
2002-05-06,380013.0,"Maquehue, Temuco Ad.",-38.76778,-72.63194,11.55185185185185
2002-05-06,390006.0,"Pichoy, Valdivia Ad.",-39.65667,-73.08722,12.891666666666666
2002-05-06,400009.0,"Cañal Bajo,  Osorno Ad.",-40.61444,-73.0575,13.585714285714285
2002-05-06,410005.0,El Tepual  Puerto Montt Ap.,-41.4475,-73.09583,11.517857142857142
2002-05-06,430001.0,Quellón Ad.,-43.13361,-73.63278,14.669999999999998
2002-05-06,430002.0,Futaleufú Ad.,-43.18889,-71.85222,14.391666666666666
2002-05-06,450001.0,Puerto Aysén Ad.,-45.39944,-72.67722,14.525
2002-05-06,450004.0,"Teniente Vidal, Coyhaique Ad.",-45.59083,-72.10222,14.876923076923077
2002-05-06,450005.0,Balmaceda Ad.,-45.91833,-71.67778,12.633333333333333
2002-05-06,520006.0,"Carlos Ibañez, Punta Arenas Ap.",-53.00167,-70.83861,1.524
2002-05-06,530005.0,"Fuentes Martínez, Porvenir Ad.",-53.25361,-70.32611,2.5999999999999996
2002-05-06,550001.0,"Guardiamarina Zañartu, Pto Williams Ad.",-54.93167,-67.61556,0.3111111111111111
2002-05-06,950001.0,"C.M.A. Eduardo Frei Montalva, Antártica ",-62.19194,-58.97972,-4.775
2002-05-07,180005.0,"Chacalluta, Arica Ap.",-18.35555,-70.34028,18.474999999999998
2002-05-07,200006.0,Diego Aracena Iquique Ap.,-20.54917,-70.18111,18.004166666666666
2002-05-07,220002.0,"El Loa, Calama Ad.",-22.49806,-68.8925,16.89375
2002-05-07,270001.0,Mataveri  Isla de Pascua Ap.,-27.15889,-109.4325,19.916666666666668
2002-05-07,290004.0,"La Florida, La Serena Ad.",-29.91444,-71.20667,13.088235294117647
2002-05-07,330007.0,"Rodelillo, Ad.",-33.06528,-71.55639,11.1
2002-05-07,330019.0,"Eulogio Sánchez, Tobalaba Ad.",-33.45528,-70.54861,20.745454545454546
2002-05-07,330020.0,"Quinta Normal, Santiago",-33.445,-70.68278,16.9
2002-05-07,330021.0,Pudahuel Santiago ,-33.37833,-70.78778,14.041666666666666
2002-05-07,330030.0,"Santo Domingo, Ad.",-33.65611,-71.61333,12.36923076923077
2002-05-07,330031.0,"Juan Fernández, Estación Meteorológica.",-33.63583,-78.83305,15.52
2002-05-07,340031.0,"General Freire, Curicó Ad.",-34.96944,-71.21694,9.709090909090909
2002-05-07,360011.0,"General Bernardo O'Higgins, Chillán Ad.",-36.58583,-72.03667,9.28
2002-05-07,360019.0,"Carriel Sur, Concepción Ap.",-36.78055,-73.06639,11.366666666666665
2002-05-07,370033.0,"María Dolores, Los Angeles Ad.",-37.39694,-72.42389,13.399999999999999
2002-05-07,380013.0,"Maquehue, Temuco Ad.",-38.76778,-72.63194,10.35
2002-05-07,390006.0,"Pichoy, Valdivia Ad.",-39.65667,-73.08722,11.65
2002-05-07,400009.0,"Cañal Bajo,  Osorno Ad.",-40.61444,-73.0575,11.015384615384615
2002-05-07,410005.0,El Tepual  Puerto Montt Ap.,-41.4475,-73.09583,10.580769230769231
2002-05-07,430001.0,Quellón Ad.,-43.13361,-73.63278,15.12
2002-05-07,430002.0,Futaleufú Ad.,-43.18889,-71.85222,15.553846153846154
2002-05-07,450001.0,Puerto Aysén Ad.,-45.39944,-72.67722,11.5
2002-05-07,450004.0,"Teniente Vidal, Coyhaique Ad.",-45.59083,-72.10222,11.753846153846155
2002-05-07,450005.0,Balmaceda Ad.,-45.91833,-71.67778,10.841666666666667
2002-05-07,520006.0,"Carlos Ibañez, Punta Arenas Ap.",-53.00167,-70.83861,1.8083333333333333
2002-05-07,530005.0,"Fuentes Martínez, Porvenir Ad.",-53.25361,-70.32611,3.090909090909091
2002-05-07,550001.0,"Guardiamarina Zañartu, Pto Williams Ad.",-54.93167,-67.61556,1.0333333333333332
2002-05-07,950001.0,"C.M.A. Eduardo Frei Montalva, Antártica ",-62.19194,-58.97972,-4.3
2002-05-08,180005.0,"Chacalluta, Arica Ap.",-18.35555,-70.34028,18.1125
2002-05-08,200006.0,Diego Aracena Iquique Ap.,-20.54917,-70.18111,17.358333333333334
2002-05-08,220002.0,"El Loa, Calama Ad.",-22.49806,-68.8925,18.65
2002-05-08,270001.0,Mataveri  Isla de Pascua Ap.,-27.15889,-109.4325,21.75
2002-05-08,290004.0,"La Florida, La Serena Ad.",-29.91444,-71.20667,12.004999999999999
2002-05-08,330007.0,"Rodelillo, Ad.",-33.06528,-71.55639,13.554545454545455
2002-05-08,330019.0,"Eulogio Sánchez, Tobalaba Ad.",-33.45528,-70.54861,20.463636363636365
2002-05-08,330020.0,"Quinta Normal, Santiago",-33.445,-70.68278,16.860000000000003
2002-05-08,330021.0,Pudahuel Santiago ,-33.37833,-70.78778,11.812000000000001
2002-05-08,330030.0,"Santo Domingo, Ad.",-33.65611,-71.61333,11.523076923076925
2002-05-08,330031.0,"Juan Fernández, Estación Meteorológica.",-33.63583,-78.83305,15.580000000000002
2002-05-08,340031.0,"General Freire, Curicó Ad.",-34.96944,-71.21694,8.654545454545454
2002-05-08,360011.0,"General Bernardo O'Higgins, Chillán Ad.",-36.58583,-72.03667,11.9
2002-05-08,360019.0,"Carriel Sur, Concepción Ap.",-36.78055,-73.06639,11.088461538461539
2002-05-08,370033.0,"María Dolores, Los Angeles Ad.",-37.39694,-72.42389,10.5
2002-05-08,380013.0,"Maquehue, Temuco Ad.",-38.76778,-72.63194,10.233333333333334
2002-05-08,390006.0,"Pichoy, Valdivia Ad.",-39.65667,-73.08722,13.075000000000001
2002-05-08,400009.0,"Cañal Bajo,  Osorno Ad.",-40.61444,-73.0575,11.86923076923077
2002-05-08,410005.0,El Tepual  Puerto Montt Ap.,-41.4475,-73.09583,10.9625
2002-05-08,430001.0,Quellón Ad.,-43.13361,-73.63278,12.540000000000001
2002-05-08,430002.0,Futaleufú Ad.,-43.18889,-71.85222,12.215384615384616
2002-05-08,450001.0,Puerto Aysén Ad.,-45.39944,-72.67722,10.775
2002-05-08,450004.0,"Teniente Vidal, Coyhaique Ad.",-45.59083,-72.10222,7.007692307692308
2002-05-08,450005.0,Balmaceda Ad.,-45.91833,-71.67778,4.4125000000000005
2002-05-08,520006.0,"Carlos Ibañez, Punta Arenas Ap.",-53.00167,-70.83861,2.3249999999999997
2002-05-08,530005.0,"Fuentes Martínez, Porvenir Ad.",-53.25361,-70.32611,5.381818181818182
2002-05-08,550001.0,"Guardiamarina Zañartu, Pto Williams Ad.",-54.93167,-67.61556,7.666666666666667
2002-05-08,950001.0,"C.M.A. Eduardo Frei Montalva, Antártica ",-62.19194,-58.97972,-6.525
2002-05-09,180005.0,"Chacalluta, Arica Ap.",-18.35555,-70.34028,19.170833333333334
2002-05-09,200006.0,Diego Aracena Iquique Ap.,-20.54917,-70.18111,18.4875
2002-05-09,220002.0,"El Loa, Calama Ad.",-22.49806,-68.8925,18.2875
2002-05-09,270001.0,Mataveri  Isla de Pascua Ap.,-27.15889,-109.4325,21.69
2002-05-09,290004.0,"La Florida, La Serena Ad.",-29.91444,-71.20667,11.688235294117646
2002-05-09,330007.0,"Rodelillo, Ad.",-33.06528,-71.55639,15.336363636363636
2002-05-09,330019.0,"Eulogio Sánchez, Tobalaba Ad.",-33.45528,-70.54861,22.418181818181818
2002-05-09,330020.0,"Quinta Normal, Santiago",-33.445,-70.68278,18.580000000000002
2002-05-09,330021.0,Pudahuel Santiago ,-33.37833,-70.78778,13.733333333333334
2002-05-09,330030.0,"Santo Domingo, Ad.",-33.65611,-71.61333,11.007692307692308
2002-05-09,330031.0,"Juan Fernández, Estación Meteorológica.",-33.63583,-78.83305,18.46
2002-05-09,340031.0,"General Freire, Curicó Ad.",-34.96944,-71.21694,9.80909090909091
2002-05-09,360011.0,"General Bernardo O'Higgins, Chillán Ad.",-36.58583,-72.03667,10.24
2002-05-09,360019.0,"Carriel Sur, Concepción Ap.",-36.78055,-73.06639,10.907692307692308
2002-05-09,370033.0,"María Dolores, Los Angeles Ad.",-37.39694,-72.42389,8.7
2002-05-09,380013.0,"Maquehue, Temuco Ad.",-38.76778,-72.63194,9.672
2002-05-09,390006.0,"Pichoy, Valdivia Ad.",-39.65667,-73.08722,12.657142857142857
2002-05-09,400009.0,"Cañal Bajo,  Osorno Ad.",-40.61444,-73.0575,12.242857142857144
2002-05-09,410005.0,El Tepual  Puerto Montt Ap.,-41.4475,-73.09583,10.875
2002-05-09,430001.0,Quellón Ad.,-43.13361,-73.63278,11.67
2002-05-09,430002.0,Futaleufú Ad.,-43.18889,-71.85222,9.715384615384615
2002-05-09,450001.0,Puerto Aysén Ad.,-45.39944,-72.67722,7.325
2002-05-09,450004.0,"Teniente Vidal, Coyhaique Ad.",-45.59083,-72.10222,7.2846153846153845
2002-05-09,450005.0,Balmaceda Ad.,-45.91833,-71.67778,2.6
2002-05-09,520006.0,"Carlos Ibañez, Punta Arenas Ap.",-53.00167,-70.83861,4.666666666666667
2002-05-09,530005.0,"Fuentes Martínez, Porvenir Ad.",-53.25361,-70.32611,5.927272727272728
2002-05-09,550001.0,"Guardiamarina Zañartu, Pto Williams Ad.",-54.93167,-67.61556,3.111111111111111
2002-05-09,950001.0,"C.M.A. Eduardo Frei Montalva, Antártica ",-62.19194,-58.97972,-12.05
2002-05-10,180005.0,"Chacalluta, Arica Ap.",-18.35555,-70.34028,19.458333333333332
2002-05-10,200006.0,Diego Aracena Iquique Ap.,-20.54917,-70.18111,18.616666666666667
2002-05-10,220002.0,"El Loa, Calama Ad.",-22.49806,-68.8925,19.05625
2002-05-10,270001.0,Mataveri  Isla de Pascua Ap.,-27.15889,-109.4325,20.816666666666666
2002-05-10,290004.0,"La Florida, La Serena Ad.",-29.91444,-71.20667,12.68421052631579
2002-05-10,330007.0,"Rodelillo, Ad.",-33.06528,-71.55639,17.5
2002-05-10,330019.0,"Eulogio Sánchez, Tobalaba Ad.",-33.45528,-70.54861,21.036363636363635
2002-05-10,330020.0,"Quinta Normal, Santiago",-33.445,-70.68278,19.160000000000004
2002-05-10,330021.0,Pudahuel Santiago ,-33.37833,-70.78778,15.658333333333333
2002-05-10,330030.0,"Santo Domingo, Ad.",-33.65611,-71.61333,13.715384615384616
2002-05-10,330031.0,"Juan Fernández, Estación Meteorológica.",-33.63583,-78.83305,16.759999999999998
2002-05-10,340031.0,"General Freire, Curicó Ad.",-34.96944,-71.21694,14.154545454545454
2002-05-10,360011.0,"General Bernardo O'Higgins, Chillán Ad.",-36.58583,-72.03667,12.389999999999999
2002-05-10,360019.0,"Carriel Sur, Concepción Ap.",-36.78055,-73.06639,11.62857142857143
2002-05-10,370033.0,"María Dolores, Los Angeles Ad.",-37.39694,-72.42389,10.6
2002-05-10,380013.0,"Maquehue, Temuco Ad.",-38.76778,-72.63194,12.341666666666667
2002-05-10,390006.0,"Pichoy, Valdivia Ad.",-39.65667,-73.08722,13.299999999999999
2002-05-10,400009.0,"Cañal Bajo,  Osorno Ad.",-40.61444,-73.0575,9.65
2002-05-10,410005.0,El Tepual  Puerto Montt Ap.,-41.4475,-73.09583,8.14642857142857
2002-05-10,430001.0,Quellón Ad.,-43.13361,-73.63278,11.809999999999999
2002-05-10,430002.0,Futaleufú Ad.,-43.18889,-71.85222,12.215384615384616
2002-05-10,450001.0,Puerto Aysén Ad.,-45.39944,-72.67722,9.3875
2002-05-10,450004.0,"Teniente Vidal, Coyhaique Ad.",-45.59083,-72.10222,9.707692307692309
2002-05-10,450005.0,Balmaceda Ad.,-45.91833,-71.67778,6.925
2002-05-10,520006.0,"Carlos Ibañez, Punta Arenas Ap.",-53.00167,-70.83861,0.2416666666666667
2002-05-10,530005.0,"Fuentes Martínez, Porvenir Ad.",-53.25361,-70.32611,1.8727272727272728
2002-05-10,550001.0,"Guardiamarina Zañartu, Pto Williams Ad.",-54.93167,-67.61556,1.8
2002-05-10,950001.0,"C.M.A. Eduardo Frei Montalva, Antártica ",-62.19194,-58.97972,-9.8375
2002-05-11,180005.0,"Chacalluta, Arica Ap.",-18.35555,-70.34028,18.183333333333334
2002-05-11,200006.0,Diego Aracena Iquique Ap.,-20.54917,-70.18111,18.066666666666666
2002-05-11,220002.0,"El Loa, Calama Ad.",-22.49806,-68.8925,17.866666666666667
2002-05-11,270001.0,Mataveri  Isla de Pascua Ap.,-27.15889,-109.4325,21.183333333333334
2002-05-11,290004.0,"La Florida, La Serena Ad.",-29.91444,-71.20667,14.217647058823529
2002-05-11,330007.0,"Rodelillo, Ad.",-33.06528,-71.55639,11.549999999999999
2002-05-11,330019.0,"Eulogio Sánchez, Tobalaba Ad.",-33.45528,-70.54861,18.89090909090909
2002-05-11,330020.0,"Quinta Normal, Santiago",-33.445,-70.68278,16.14
2002-05-11,330021.0,Pudahuel Santiago ,-33.37833,-70.78778,13.3375
2002-05-11,330030.0,"Santo Domingo, Ad.",-33.65611,-71.61333,13.261538461538462
2002-05-11,330031.0,"Juan Fernández, Estación Meteorológica.",-33.63583,-78.83305,17.2
2002-05-11,340031.0,"General Freire, Curicó Ad.",-34.96944,-71.21694,14.854545454545455
2002-05-11,360011.0,"General Bernardo O'Higgins, Chillán Ad.",-36.58583,-72.03667,13.080000000000002
2002-05-11,360019.0,"Carriel Sur, Concepción Ap.",-36.78055,-73.06639,10.796666666666665
2002-05-11,370033.0,"María Dolores, Los Angeles Ad.",-37.39694,-72.42389,11.15
2002-05-11,380013.0,"Maquehue, Temuco Ad.",-38.76778,-72.63194,12.450000000000001
2002-05-11,390006.0,"Pichoy, Valdivia Ad.",-39.65667,-73.08722,12.191666666666668
2002-05-11,400009.0,"Cañal Bajo,  Osorno Ad.",-40.61444,-73.0575,12.100000000000001
2002-05-11,410005.0,El Tepual  Puerto Montt Ap.,-41.4475,-73.09583,11.1875
2002-05-11,430002.0,Futaleufú Ad.,-43.18889,-71.85222,9.792307692307691
2002-05-11,450004.0,"Teniente Vidal, Coyhaique Ad.",-45.59083,-72.10222,7.976923076923077
2002-05-11,450005.0,Balmaceda Ad.,-45.91833,-71.67778,6.373076923076923
2002-05-11,520006.0,"Carlos Ibañez, Punta Arenas Ap.",-53.00167,-70.83861,0.011538461538461574
2002-05-11,530005.0,"Fuentes Martínez, Porvenir Ad.",-53.25361,-70.32611,0.7090909090909091
2002-05-11,950001.0,"C.M.A. Eduardo Frei Montalva, Antártica ",-62.19194,-58.97972,-11.4
2002-05-12,180005.0,"Chacalluta, Arica Ap.",-18.35555,-70.34028,17.391666666666666
2002-05-12,200006.0,Diego Aracena Iquique Ap.,-20.54917,-70.18111,16.891666666666666
2002-05-12,220002.0,"El Loa, Calama Ad.",-22.49806,-68.8925,22.715384615384615
2002-05-12,270001.0,Mataveri  Isla de Pascua Ap.,-27.15889,-109.4325,20.81111111111111
2002-05-12,290004.0,"La Florida, La Serena Ad.",-29.91444,-71.20667,14.523529411764706
2002-05-12,330007.0,"Rodelillo, Ad.",-33.06528,-71.55639,13.1
2002-05-12,330019.0,"Eulogio Sánchez, Tobalaba Ad.",-33.45528,-70.54861,12.428571428571429
2002-05-12,330020.0,"Quinta Normal, Santiago",-33.445,-70.68278,12.440000000000001
2002-05-12,330021.0,Pudahuel Santiago ,-33.37833,-70.78778,10.979166666666666
2002-05-12,330030.0,"Santo Domingo, Ad.",-33.65611,-71.61333,15.223076923076924
2002-05-12,330031.0,"Juan Fernández, Estación Meteorológica.",-33.63583,-78.83305,15.600000000000001
2002-05-12,340031.0,"General Freire, Curicó Ad.",-34.96944,-71.21694,12.981818181818182
2002-05-12,360011.0,"General Bernardo O'Higgins, Chillán Ad.",-36.58583,-72.03667,11.690000000000001
2002-05-12,360019.0,"Carriel Sur, Concepción Ap.",-36.78055,-73.06639,12.5
2002-05-12,370033.0,"María Dolores, Los Angeles Ad.",-37.39694,-72.42389,11.1
2002-05-12,380013.0,"Maquehue, Temuco Ad.",-38.76778,-72.63194,12.8375
2002-05-12,390006.0,"Pichoy, Valdivia Ad.",-39.65667,-73.08722,14.191666666666668
2002-05-12,400009.0,"Cañal Bajo,  Osorno Ad.",-40.61444,-73.0575,13.961538461538462
2002-05-12,410005.0,El Tepual  Puerto Montt Ap.,-41.4475,-73.09583,11.720833333333333
2002-05-12,430002.0,Futaleufú Ad.,-43.18889,-71.85222,9.0
2002-05-12,450004.0,"Teniente Vidal, Coyhaique Ad.",-45.59083,-72.10222,-2.2615384615384615
2002-05-12,450005.0,Balmaceda Ad.,-45.91833,-71.67778,-5.1
2002-05-12,520006.0,"Carlos Ibañez, Punta Arenas Ap.",-53.00167,-70.83861,0.06249999999999998
2002-05-12,950001.0,"C.M.A. Eduardo Frei Montalva, Antártica ",-62.19194,-58.97972,-7.05
2002-05-13,180005.0,"Chacalluta, Arica Ap.",-18.35555,-70.34028,19.070833333333333
2002-05-13,200006.0,Diego Aracena Iquique Ap.,-20.54917,-70.18111,17.858333333333334
2002-05-13,220002.0,"El Loa, Calama Ad.",-22.49806,-68.8925,19.787499999999998
2002-05-13,270001.0,Mataveri  Isla de Pascua Ap.,-27.15889,-109.4325,19.84
2002-05-13,290004.0,"La Florida, La Serena Ad.",-29.91444,-71.20667,13.894117647058824
2002-05-13,330007.0,"Rodelillo, Ad.",-33.06528,-71.55639,12.518181818181818
2002-05-13,330019.0,"Eulogio Sánchez, Tobalaba Ad.",-33.45528,-70.54861,17.581818181818182
2002-05-13,330020.0,"Quinta Normal, Santiago",-33.445,-70.68278,15.4
2002-05-13,330021.0,Pudahuel Santiago ,-33.37833,-70.78778,13.61923076923077
2002-05-13,330030.0,"Santo Domingo, Ad.",-33.65611,-71.61333,14.100000000000001
2002-05-13,330031.0,"Juan Fernández, Estación Meteorológica.",-33.63583,-78.83305,16.04
2002-05-13,340031.0,"General Freire, Curicó Ad.",-34.96944,-71.21694,12.136363636363637
2002-05-13,360011.0,"General Bernardo O'Higgins, Chillán Ad.",-36.58583,-72.03667,14.02
2002-05-13,360019.0,"Carriel Sur, Concepción Ap.",-36.78055,-73.06639,14.0625
2002-05-13,370033.0,"María Dolores, Los Angeles Ad.",-37.39694,-72.42389,13.9
2002-05-13,380013.0,"Maquehue, Temuco Ad.",-38.76778,-72.63194,12.637500000000001
2002-05-13,390006.0,"Pichoy, Valdivia Ad.",-39.65667,-73.08722,13.1
2002-05-13,400009.0,"Cañal Bajo,  Osorno Ad.",-40.61444,-73.0575,11.342857142857143
2002-05-13,410005.0,El Tepual  Puerto Montt Ap.,-41.4475,-73.09583,9.483333333333333
2002-05-13,430001.0,Quellón Ad.,-43.13361,-73.63278,8.64
2002-05-13,430002.0,Futaleufú Ad.,-43.18889,-71.85222,3.0500000000000003
2002-05-13,450001.0,Puerto Aysén Ad.,-45.39944,-72.67722,4.5625
2002-05-13,450004.0,"Teniente Vidal, Coyhaique Ad.",-45.59083,-72.10222,0.0769230769230769
2002-05-13,450005.0,Balmaceda Ad.,-45.91833,-71.67778,-2.2416666666666667
2002-05-13,520006.0,"Carlos Ibañez, Punta Arenas Ap.",-53.00167,-70.83861,0.9962962962962962
2002-05-13,530005.0,"Fuentes Martínez, Porvenir Ad.",-53.25361,-70.32611,2.5818181818181816
2002-05-13,550001.0,"Guardiamarina Zañartu, Pto Williams Ad.",-54.93167,-67.61556,0.48888888888888893
2002-05-13,950001.0,"C.M.A. Eduardo Frei Montalva, Antártica ",-62.19194,-58.97972,-2.9
2002-05-14,180005.0,"Chacalluta, Arica Ap.",-18.35555,-70.34028,20.075
2002-05-14,200006.0,Diego Aracena Iquique Ap.,-20.54917,-70.18111,19.820833333333333
2002-05-14,220002.0,"El Loa, Calama Ad.",-22.49806,-68.8925,16.575
2002-05-14,270001.0,Mataveri  Isla de Pascua Ap.,-27.15889,-109.4325,22.78333333333333
2002-05-14,290004.0,"La Florida, La Serena Ad.",-29.91444,-71.20667,15.763157894736842
2002-05-14,330007.0,"Rodelillo, Ad.",-33.06528,-71.55639,13.963636363636363
2002-05-14,330019.0,"Eulogio Sánchez, Tobalaba Ad.",-33.45528,-70.54861,14.991666666666667
2002-05-14,330020.0,"Quinta Normal, Santiago",-33.445,-70.68278,15.12
2002-05-14,330021.0,Pudahuel Santiago ,-33.37833,-70.78778,13.572000000000001
2002-05-14,330030.0,"Santo Domingo, Ad.",-33.65611,-71.61333,16.592307692307692
2002-05-14,330031.0,"Juan Fernández, Estación Meteorológica.",-33.63583,-78.83305,14.84
2002-05-14,340031.0,"General Freire, Curicó Ad.",-34.96944,-71.21694,14.518181818181818
2002-05-14,360011.0,"General Bernardo O'Higgins, Chillán Ad.",-36.58583,-72.03667,14.559999999999999
2002-05-14,360019.0,"Carriel Sur, Concepción Ap.",-36.78055,-73.06639,14.055555555555555
2002-05-14,370033.0,"María Dolores, Los Angeles Ad.",-37.39694,-72.42389,14.05
2002-05-14,380013.0,"Maquehue, Temuco Ad.",-38.76778,-72.63194,14.529166666666667
2002-05-14,390006.0,"Pichoy, Valdivia Ad.",-39.65667,-73.08722,14.608333333333334
2002-05-14,400009.0,"Cañal Bajo,  Osorno Ad.",-40.61444,-73.0575,14.0
2002-05-14,410005.0,El Tepual  Puerto Montt Ap.,-41.4475,-73.09583,12.432
2002-05-14,430001.0,Quellón Ad.,-43.13361,-73.63278,10.05
2002-05-14,430002.0,Futaleufú Ad.,-43.18889,-71.85222,4.569230769230769
2002-05-14,450001.0,Puerto Aysén Ad.,-45.39944,-72.67722,6.05
2002-05-14,450004.0,"Teniente Vidal, Coyhaique Ad.",-45.59083,-72.10222,0.8
2002-05-14,450005.0,Balmaceda Ad.,-45.91833,-71.67778,-0.35200000000000004
2002-05-14,520006.0,"Carlos Ibañez, Punta Arenas Ap.",-53.00167,-70.83861,0.04799999999999997
2002-05-14,530005.0,"Fuentes Martínez, Porvenir Ad.",-53.25361,-70.32611,4.327272727272727
2002-05-14,550001.0,"Guardiamarina Zañartu, Pto Williams Ad.",-54.93167,-67.61556,3.7333333333333334
2002-05-14,950001.0,"C.M.A. Eduardo Frei Montalva, Antártica ",-62.19194,-58.97972,-9.2875
2002-05-15,180005.0,"Chacalluta, Arica Ap.",-18.35555,-70.34028,18.408333333333335
2002-05-15,200006.0,Diego Aracena Iquique Ap.,-20.54917,-70.18111,18.3125
2002-05-15,220002.0,"El Loa, Calama Ad.",-22.49806,-68.8925,17.711764705882356
2002-05-15,270001.0,Mataveri  Isla de Pascua Ap.,-27.15889,-109.4325,21.444444444444443
2002-05-15,290004.0,"La Florida, La Serena Ad.",-29.91444,-71.20667,15.875
2002-05-15,330007.0,"Rodelillo, Ad.",-33.06528,-71.55639,13.745454545454544
2002-05-15,330019.0,"Eulogio Sánchez, Tobalaba Ad.",-33.45528,-70.54861,14.35
2002-05-15,330020.0,"Quinta Normal, Santiago",-33.445,-70.68278,14.419999999999998
2002-05-15,330021.0,Pudahuel Santiago ,-33.37833,-70.78778,13.100000000000001
2002-05-15,330030.0,"Santo Domingo, Ad.",-33.65611,-71.61333,15.461538461538462
2002-05-15,330031.0,"Juan Fernández, Estación Meteorológica.",-33.63583,-78.83305,13.12
2002-05-15,340031.0,"General Freire, Curicó Ad.",-34.96944,-71.21694,13.79090909090909
2002-05-15,360011.0,"General Bernardo O'Higgins, Chillán Ad.",-36.58583,-72.03667,10.41
2002-05-15,360019.0,"Carriel Sur, Concepción Ap.",-36.78055,-73.06639,11.388
2002-05-15,370033.0,"María Dolores, Los Angeles Ad.",-37.39694,-72.42389,10.1
2002-05-15,380013.0,"Maquehue, Temuco Ad.",-38.76778,-72.63194,11.658333333333333
2002-05-15,390006.0,"Pichoy, Valdivia Ad.",-39.65667,-73.08722,11.4875
2002-05-15,400009.0,"Cañal Bajo,  Osorno Ad.",-40.61444,-73.0575,10.892307692307693
2002-05-15,410005.0,El Tepual  Puerto Montt Ap.,-41.4475,-73.09583,11.887500000000001
2002-05-15,430001.0,Quellón Ad.,-43.13361,-73.63278,12.819999999999999
2002-05-15,430002.0,Futaleufú Ad.,-43.18889,-71.85222,7.4
2002-05-15,450001.0,Puerto Aysén Ad.,-45.39944,-72.67722,6.55
2002-05-15,450004.0,"Teniente Vidal, Coyhaique Ad.",-45.59083,-72.10222,0.9615384615384616
2002-05-15,450005.0,Balmaceda Ad.,-45.91833,-71.67778,-0.22592592592592592
2002-05-15,520006.0,"Carlos Ibañez, Punta Arenas Ap.",-53.00167,-70.83861,-0.42500000000000004
2002-05-15,530005.0,"Fuentes Martínez, Porvenir Ad.",-53.25361,-70.32611,1.1818181818181819
2002-05-15,550001.0,"Guardiamarina Zañartu, Pto Williams Ad.",-54.93167,-67.61556,4.2444444444444445
2002-05-15,950001.0,"C.M.A. Eduardo Frei Montalva, Antártica ",-62.19194,-58.97972,-3.65
2002-05-16,180005.0,"Chacalluta, Arica Ap.",-18.35555,-70.34028,18.320833333333333
2002-05-16,200006.0,Diego Aracena Iquique Ap.,-20.54917,-70.18111,18.5125
2002-05-16,220002.0,"El Loa, Calama Ad.",-22.49806,-68.8925,16.6875
2002-05-16,270001.0,Mataveri  Isla de Pascua Ap.,-27.15889,-109.4325,22.136363636363637
2002-05-16,290004.0,"La Florida, La Serena Ad.",-29.91444,-71.20667,15.014285714285714
2002-05-16,330007.0,"Rodelillo, Ad.",-33.06528,-71.55639,12.754545454545456
2002-05-16,330019.0,"Eulogio Sánchez, Tobalaba Ad.",-33.45528,-70.54861,11.416666666666666
2002-05-16,330020.0,"Quinta Normal, Santiago",-33.445,-70.68278,12.819999999999999
2002-05-16,330021.0,Pudahuel Santiago ,-33.37833,-70.78778,11.108333333333334
2002-05-16,330030.0,"Santo Domingo, Ad.",-33.65611,-71.61333,13.007692307692308
2002-05-16,330031.0,"Juan Fernández, Estación Meteorológica.",-33.63583,-78.83305,13.34
2002-05-16,340031.0,"General Freire, Curicó Ad.",-34.96944,-71.21694,11.181818181818182
2002-05-16,360011.0,"General Bernardo O'Higgins, Chillán Ad.",-36.58583,-72.03667,12.78
2002-05-16,360019.0,"Carriel Sur, Concepción Ap.",-36.78055,-73.06639,9.929166666666667
2002-05-16,370033.0,"María Dolores, Los Angeles Ad.",-37.39694,-72.42389,6.7
2002-05-16,380013.0,"Maquehue, Temuco Ad.",-38.76778,-72.63194,9.65
2002-05-16,390006.0,"Pichoy, Valdivia Ad.",-39.65667,-73.08722,10.616666666666667
2002-05-16,400009.0,"Cañal Bajo,  Osorno Ad.",-40.61444,-73.0575,10.076923076923077
2002-05-16,410005.0,El Tepual  Puerto Montt Ap.,-41.4475,-73.09583,9.325000000000001
2002-05-16,430001.0,Quellón Ad.,-43.13361,-73.63278,9.9
2002-05-16,430002.0,Futaleufú Ad.,-43.18889,-71.85222,5.792307692307692
2002-05-16,450001.0,Puerto Aysén Ad.,-45.39944,-72.67722,7.075
2002-05-16,450004.0,"Teniente Vidal, Coyhaique Ad.",-45.59083,-72.10222,2.276923076923077
2002-05-16,450005.0,Balmaceda Ad.,-45.91833,-71.67778,0.88
2002-05-16,520006.0,"Carlos Ibañez, Punta Arenas Ap.",-53.00167,-70.83861,0.22916666666666666
2002-05-16,530005.0,"Fuentes Martínez, Porvenir Ad.",-53.25361,-70.32611,4.381818181818182
2002-05-16,550001.0,"Guardiamarina Zañartu, Pto Williams Ad.",-54.93167,-67.61556,5.622222222222223
2002-05-16,950001.0,"C.M.A. Eduardo Frei Montalva, Antártica ",-62.19194,-58.97972,-1.2375
2002-05-17,180005.0,"Chacalluta, Arica Ap.",-18.35555,-70.34028,19.370833333333334
2002-05-17,200006.0,Diego Aracena Iquique Ap.,-20.54917,-70.18111,18.629166666666666
2002-05-17,220002.0,"El Loa, Calama Ad.",-22.49806,-68.8925,16.40625
2002-05-17,270001.0,Mataveri  Isla de Pascua Ap.,-27.15889,-109.4325,23.349999999999998
2002-05-17,290004.0,"La Florida, La Serena Ad.",-29.91444,-71.20667,14.1
2002-05-17,330007.0,"Rodelillo, Ad.",-33.06528,-71.55639,12.363636363636363
2002-05-17,330019.0,"Eulogio Sánchez, Tobalaba Ad.",-33.45528,-70.54861,11.415384615384616
2002-05-17,330020.0,"Quinta Normal, Santiago",-33.445,-70.68278,12.16
2002-05-17,330021.0,Pudahuel Santiago ,-33.37833,-70.78778,11.141666666666666
2002-05-17,330030.0,"Santo Domingo, Ad.",-33.65611,-71.61333,13.36923076923077
2002-05-17,330031.0,"Juan Fernández, Estación Meteorológica.",-33.63583,-78.83305,14.12
2002-05-17,340031.0,"General Freire, Curicó Ad.",-34.96944,-71.21694,13.518181818181818
2002-05-17,360011.0,"General Bernardo O'Higgins, Chillán Ad.",-36.58583,-72.03667,13.059999999999999
2002-05-17,360019.0,"Carriel Sur, Concepción Ap.",-36.78055,-73.06639,10.236
2002-05-17,370033.0,"María Dolores, Los Angeles Ad.",-37.39694,-72.42389,10.5
2002-05-17,380013.0,"Maquehue, Temuco Ad.",-38.76778,-72.63194,6.45
2002-05-17,390006.0,"Pichoy, Valdivia Ad.",-39.65667,-73.08722,6.075
2002-05-17,400009.0,"Cañal Bajo,  Osorno Ad.",-40.61444,-73.0575,6.607142857142857
2002-05-17,410005.0,El Tepual  Puerto Montt Ap.,-41.4475,-73.09583,8.029166666666667
2002-05-17,430001.0,Quellón Ad.,-43.13361,-73.63278,9.24
2002-05-17,430002.0,Futaleufú Ad.,-43.18889,-71.85222,5.461538461538462
2002-05-17,450001.0,Puerto Aysén Ad.,-45.39944,-72.67722,7.875
2002-05-17,450004.0,"Teniente Vidal, Coyhaique Ad.",-45.59083,-72.10222,3.2
2002-05-17,450005.0,Balmaceda Ad.,-45.91833,-71.67778,0.9375
2002-05-17,520006.0,"Carlos Ibañez, Punta Arenas Ap.",-53.00167,-70.83861,-0.23750000000000004
2002-05-17,530005.0,"Fuentes Martínez, Porvenir Ad.",-53.25361,-70.32611,4.381818181818182
2002-05-17,550001.0,"Guardiamarina Zañartu, Pto Williams Ad.",-54.93167,-67.61556,4.7299999999999995
2002-05-17,950001.0,"C.M.A. Eduardo Frei Montalva, Antártica ",-62.19194,-58.97972,-0.3875
2002-05-18,180005.0,"Chacalluta, Arica Ap.",-18.35555,-70.34028,19.087500000000002
2002-05-18,200006.0,Diego Aracena Iquique Ap.,-20.54917,-70.18111,17.912499999999998
2002-05-18,220002.0,"El Loa, Calama Ad.",-22.49806,-68.8925,15.4
2002-05-18,270001.0,Mataveri  Isla de Pascua Ap.,-27.15889,-109.4325,22.28333333333333
2002-05-18,290004.0,"La Florida, La Serena Ad.",-29.91444,-71.20667,14.6
2002-05-18,330007.0,"Rodelillo, Ad.",-33.06528,-71.55639,12.70909090909091
2002-05-18,330019.0,"Eulogio Sánchez, Tobalaba Ad.",-33.45528,-70.54861,13.172727272727274
2002-05-18,330020.0,"Quinta Normal, Santiago",-33.445,-70.68278,12.84
2002-05-18,330021.0,Pudahuel Santiago ,-33.37833,-70.78778,11.762500000000001
2002-05-18,330030.0,"Santo Domingo, Ad.",-33.65611,-71.61333,14.2
2002-05-18,330031.0,"Juan Fernández, Estación Meteorológica.",-33.63583,-78.83305,13.325
2002-05-18,340031.0,"General Freire, Curicó Ad.",-34.96944,-71.21694,13.545454545454545
2002-05-18,360011.0,"General Bernardo O'Higgins, Chillán Ad.",-36.58583,-72.03667,11.959999999999999
2002-05-18,360019.0,"Carriel Sur, Concepción Ap.",-36.78055,-73.06639,9.899999999999999
2002-05-18,370033.0,"María Dolores, Los Angeles Ad.",-37.39694,-72.42389,11.25
2002-05-18,380013.0,"Maquehue, Temuco Ad.",-38.76778,-72.63194,5.94
2002-05-18,390006.0,"Pichoy, Valdivia Ad.",-39.65667,-73.08722,8.316666666666666
2002-05-18,400009.0,"Cañal Bajo,  Osorno Ad.",-40.61444,-73.0575,9.307692307692308
2002-05-18,410005.0,El Tepual  Puerto Montt Ap.,-41.4475,-73.09583,8.53076923076923
2002-05-18,430002.0,Futaleufú Ad.,-43.18889,-71.85222,5.846153846153846
2002-05-18,450004.0,"Teniente Vidal, Coyhaique Ad.",-45.59083,-72.10222,3.146153846153846
2002-05-18,450005.0,Balmaceda Ad.,-45.91833,-71.67778,0.524
2002-05-18,520006.0,"Carlos Ibañez, Punta Arenas Ap.",-53.00167,-70.83861,1.3333333333333333
2002-05-18,530005.0,"Fuentes Martínez, Porvenir Ad.",-53.25361,-70.32611,3.309090909090909
2002-05-18,950001.0,"C.M.A. Eduardo Frei Montalva, Antártica ",-62.19194,-58.97972,-1.5750000000000002
2002-05-19,180005.0,"Chacalluta, Arica Ap.",-18.35555,-70.34028,18.616666666666667
2002-05-19,200006.0,Diego Aracena Iquique Ap.,-20.54917,-70.18111,17.329166666666666
2002-05-19,220002.0,"El Loa, Calama Ad.",-22.49806,-68.8925,15.761538461538462
2002-05-19,270001.0,Mataveri  Isla de Pascua Ap.,-27.15889,-109.4325,22.144444444444446
2002-05-19,290004.0,"La Florida, La Serena Ad.",-29.91444,-71.20667,13.441176470588236
2002-05-19,330007.0,"Rodelillo, Ad.",-33.06528,-71.55639,12.463636363636363
2002-05-19,330019.0,"Eulogio Sánchez, Tobalaba Ad.",-33.45528,-70.54861,11.681818181818182
2002-05-19,330020.0,"Quinta Normal, Santiago",-33.445,-70.68278,12.379999999999999
2002-05-19,330021.0,Pudahuel Santiago ,-33.37833,-70.78778,11.412
2002-05-19,330030.0,"Santo Domingo, Ad.",-33.65611,-71.61333,13.0
2002-05-19,330031.0,"Juan Fernández, Estación Meteorológica.",-33.63583,-78.83305,13.775
2002-05-19,340031.0,"General Freire, Curicó Ad.",-34.96944,-71.21694,12.336363636363636
2002-05-19,360011.0,"General Bernardo O'Higgins, Chillán Ad.",-36.58583,-72.03667,11.49
2002-05-19,360019.0,"Carriel Sur, Concepción Ap.",-36.78055,-73.06639,9.832
2002-05-19,370033.0,"María Dolores, Los Angeles Ad.",-37.39694,-72.42389,10.3
2002-05-19,380013.0,"Maquehue, Temuco Ad.",-38.76778,-72.63194,8.145833333333334
2002-05-19,390006.0,"Pichoy, Valdivia Ad.",-39.65667,-73.08722,8.683333333333334
2002-05-19,400009.0,"Cañal Bajo,  Osorno Ad.",-40.61444,-73.0575,8.571428571428571
2002-05-19,410005.0,El Tepual  Puerto Montt Ap.,-41.4475,-73.09583,6.888000000000001
2002-05-19,430002.0,Futaleufú Ad.,-43.18889,-71.85222,4.3
2002-05-19,450004.0,"Teniente Vidal, Coyhaique Ad.",-45.59083,-72.10222,3.9846153846153842
2002-05-19,450005.0,Balmaceda Ad.,-45.91833,-71.67778,-0.9458333333333333
2002-05-19,520006.0,"Carlos Ibañez, Punta Arenas Ap.",-53.00167,-70.83861,3.716666666666667
2002-05-19,530005.0,"Fuentes Martínez, Porvenir Ad.",-53.25361,-70.32611,2.0
2002-05-19,950001.0,"C.M.A. Eduardo Frei Montalva, Antártica ",-62.19194,-58.97972,-2.5125
2002-05-20,180005.0,"Chacalluta, Arica Ap.",-18.35555,-70.34028,18.55
2002-05-20,200006.0,Diego Aracena Iquique Ap.,-20.54917,-70.18111,18.05
2002-05-20,220002.0,"El Loa, Calama Ad.",-22.49806,-68.8925,14.0625
2002-05-20,270001.0,Mataveri  Isla de Pascua Ap.,-27.15889,-109.4325,21.027272727272727
2002-05-20,290004.0,"La Florida, La Serena Ad.",-29.91444,-71.20667,13.652941176470588
2002-05-20,330007.0,"Rodelillo, Ad.",-33.06528,-71.55639,15.018181818181818
2002-05-20,330019.0,"Eulogio Sánchez, Tobalaba Ad.",-33.45528,-70.54861,12.209090909090907
2002-05-20,330020.0,"Quinta Normal, Santiago",-33.445,-70.68278,11.28
2002-05-20,330021.0,Pudahuel Santiago ,-33.37833,-70.78778,7.519230769230769
2002-05-20,330030.0,"Santo Domingo, Ad.",-33.65611,-71.61333,14.184615384615386
2002-05-20,330031.0,"Juan Fernández, Estación Meteorológica.",-33.63583,-78.83305,12.98
2002-05-20,340031.0,"General Freire, Curicó Ad.",-34.96944,-71.21694,8.772727272727273
2002-05-20,360011.0,"General Bernardo O'Higgins, Chillán Ad.",-36.58583,-72.03667,9.68
2002-05-20,360019.0,"Carriel Sur, Concepción Ap.",-36.78055,-73.06639,7.570833333333333
2002-05-20,370033.0,"María Dolores, Los Angeles Ad.",-37.39694,-72.42389,5.6000000000000005
2002-05-20,380013.0,"Maquehue, Temuco Ad.",-38.76778,-72.63194,5.8875
2002-05-20,390006.0,"Pichoy, Valdivia Ad.",-39.65667,-73.08722,9.036363636363637
2002-05-20,400009.0,"Cañal Bajo,  Osorno Ad.",-40.61444,-73.0575,8.738461538461538
2002-05-20,410005.0,El Tepual  Puerto Montt Ap.,-41.4475,-73.09583,7.125
2002-05-20,430001.0,Quellón Ad.,-43.13361,-73.63278,8.36
2002-05-20,430002.0,Futaleufú Ad.,-43.18889,-71.85222,8.416666666666666
2002-05-20,450001.0,Puerto Aysén Ad.,-45.39944,-72.67722,6.9
2002-05-20,450004.0,"Teniente Vidal, Coyhaique Ad.",-45.59083,-72.10222,5.8538461538461535
2002-05-20,450005.0,Balmaceda Ad.,-45.91833,-71.67778,2.9791666666666665
2002-05-20,520006.0,"Carlos Ibañez, Punta Arenas Ap.",-53.00167,-70.83861,0.7916666666666666
2002-05-20,530005.0,"Fuentes Martínez, Porvenir Ad.",-53.25361,-70.32611,2.1454545454545455
2002-05-20,550001.0,"Guardiamarina Zañartu, Pto Williams Ad.",-54.93167,-67.61556,2.4222222222222225
2002-05-20,950001.0,"C.M.A. Eduardo Frei Montalva, Antártica ",-62.19194,-58.97972,-8.927272727272728
2002-05-21,180005.0,"Chacalluta, Arica Ap.",-18.35555,-70.34028,16.712500000000002
2002-05-21,200006.0,Diego Aracena Iquique Ap.,-20.54917,-70.18111,16.366666666666667
2002-05-21,220002.0,"El Loa, Calama Ad.",-22.49806,-68.8925,15.175
2002-05-21,270001.0,Mataveri  Isla de Pascua Ap.,-27.15889,-109.4325,22.150000000000002
2002-05-21,290004.0,"La Florida, La Serena Ad.",-29.91444,-71.20667,12.98235294117647
2002-05-21,330007.0,"Rodelillo, Ad.",-33.06528,-71.55639,13.4
2002-05-21,330019.0,"Eulogio Sánchez, Tobalaba Ad.",-33.45528,-70.54861,14.166666666666666
2002-05-21,330020.0,"Quinta Normal, Santiago",-33.445,-70.68278,11.080000000000002
2002-05-21,330021.0,Pudahuel Santiago ,-33.37833,-70.78778,8.004166666666666
2002-05-21,330030.0,"Santo Domingo, Ad.",-33.65611,-71.61333,11.107692307692307
2002-05-21,330031.0,"Juan Fernández, Estación Meteorológica.",-33.63583,-78.83305,14.025
2002-05-21,340031.0,"General Freire, Curicó Ad.",-34.96944,-71.21694,6.454545454545454
2002-05-21,360011.0,"General Bernardo O'Higgins, Chillán Ad.",-36.58583,-72.03667,6.87
2002-05-21,360019.0,"Carriel Sur, Concepción Ap.",-36.78055,-73.06639,6.745833333333334
2002-05-21,370033.0,"María Dolores, Los Angeles Ad.",-37.39694,-72.42389,3.8
2002-05-21,380013.0,"Maquehue, Temuco Ad.",-38.76778,-72.63194,5.375
2002-05-21,390006.0,"Pichoy, Valdivia Ad.",-39.65667,-73.08722,9.466666666666667
2002-05-21,400009.0,"Cañal Bajo,  Osorno Ad.",-40.61444,-73.0575,9.8
2002-05-21,410005.0,El Tepual  Puerto Montt Ap.,-41.4475,-73.09583,8.950000000000001
2002-05-21,430002.0,Futaleufú Ad.,-43.18889,-71.85222,10.038461538461538
2002-05-21,450004.0,"Teniente Vidal, Coyhaique Ad.",-45.59083,-72.10222,7.292307692307692
2002-05-21,450005.0,Balmaceda Ad.,-45.91833,-71.67778,4.366666666666666
2002-05-21,520006.0,"Carlos Ibañez, Punta Arenas Ap.",-53.00167,-70.83861,0.8708333333333332
2002-05-21,950001.0,"C.M.A. Eduardo Frei Montalva, Antártica ",-62.19194,-58.97972,-10.0
2002-05-22,180005.0,"Chacalluta, Arica Ap.",-18.35555,-70.34028,18.291666666666668
2002-05-22,200006.0,Diego Aracena Iquique Ap.,-20.54917,-70.18111,17.770833333333332
2002-05-22,220002.0,"El Loa, Calama Ad.",-22.49806,-68.8925,15.61875
2002-05-22,270001.0,Mataveri  Isla de Pascua Ap.,-27.15889,-109.4325,21.322222222222223
2002-05-22,290004.0,"La Florida, La Serena Ad.",-29.91444,-71.20667,14.647058823529411
2002-05-22,330007.0,"Rodelillo, Ad.",-33.06528,-71.55639,12.136363636363637
2002-05-22,330019.0,"Eulogio Sánchez, Tobalaba Ad.",-33.45528,-70.54861,12.636363636363637
2002-05-22,330020.0,"Quinta Normal, Santiago",-33.445,-70.68278,11.36
2002-05-22,330021.0,Pudahuel Santiago ,-33.37833,-70.78778,9.156
2002-05-22,330030.0,"Santo Domingo, Ad.",-33.65611,-71.61333,12.669230769230769
2002-05-22,330031.0,"Juan Fernández, Estación Meteorológica.",-33.63583,-78.83305,16.6
2002-05-22,340031.0,"General Freire, Curicó Ad.",-34.96944,-71.21694,11.418181818181818
2002-05-22,360011.0,"General Bernardo O'Higgins, Chillán Ad.",-36.58583,-72.03667,11.68
2002-05-22,360019.0,"Carriel Sur, Concepción Ap.",-36.78055,-73.06639,11.595833333333333
2002-05-22,370033.0,"María Dolores, Los Angeles Ad.",-37.39694,-72.42389,10.0
2002-05-22,380013.0,"Maquehue, Temuco Ad.",-38.76778,-72.63194,9.708333333333334
2002-05-22,390006.0,"Pichoy, Valdivia Ad.",-39.65667,-73.08722,10.141666666666667
2002-05-22,400009.0,"Cañal Bajo,  Osorno Ad.",-40.61444,-73.0575,10.015384615384615
2002-05-22,410005.0,El Tepual  Puerto Montt Ap.,-41.4475,-73.09583,9.583333333333334
2002-05-22,430001.0,Quellón Ad.,-43.13361,-73.63278,11.28
2002-05-22,430002.0,Futaleufú Ad.,-43.18889,-71.85222,8.4
2002-05-22,450001.0,Puerto Aysén Ad.,-45.39944,-72.67722,6.3
2002-05-22,450004.0,"Teniente Vidal, Coyhaique Ad.",-45.59083,-72.10222,6.738461538461538
2002-05-22,450005.0,Balmaceda Ad.,-45.91833,-71.67778,5.34
2002-05-22,520006.0,"Carlos Ibañez, Punta Arenas Ap.",-53.00167,-70.83861,-0.625
2002-05-22,530005.0,"Fuentes Martínez, Porvenir Ad.",-53.25361,-70.32611,1.2727272727272727
2002-05-22,550001.0,"Guardiamarina Zañartu, Pto Williams Ad.",-54.93167,-67.61556,3.266666666666667
2002-05-22,950001.0,"C.M.A. Eduardo Frei Montalva, Antártica ",-62.19194,-58.97972,-8.68
2002-05-23,180005.0,"Chacalluta, Arica Ap.",-18.35555,-70.34028,17.529166666666665
2002-05-23,200006.0,Diego Aracena Iquique Ap.,-20.54917,-70.18111,17.058333333333334
2002-05-23,220002.0,"El Loa, Calama Ad.",-22.49806,-68.8925,16.950000000000003
2002-05-23,270001.0,Mataveri  Isla de Pascua Ap.,-27.15889,-109.4325,19.669999999999998
2002-05-23,290004.0,"La Florida, La Serena Ad.",-29.91444,-71.20667,13.411764705882353
2002-05-23,330007.0,"Rodelillo, Ad.",-33.06528,-71.55639,11.4
2002-05-23,330019.0,"Eulogio Sánchez, Tobalaba Ad.",-33.45528,-70.54861,14.181818181818182
2002-05-23,330020.0,"Quinta Normal, Santiago",-33.445,-70.68278,12.52
2002-05-23,330021.0,Pudahuel Santiago ,-33.37833,-70.78778,9.596
2002-05-23,330030.0,"Santo Domingo, Ad.",-33.65611,-71.61333,12.023076923076925
2002-05-23,330031.0,"Juan Fernández, Estación Meteorológica.",-33.63583,-78.83305,16.8
2002-05-23,340031.0,"General Freire, Curicó Ad.",-34.96944,-71.21694,12.718181818181819
2002-05-23,360011.0,"General Bernardo O'Higgins, Chillán Ad.",-36.58583,-72.03667,12.559999999999999
2002-05-23,360019.0,"Carriel Sur, Concepción Ap.",-36.78055,-73.06639,12.958333333333334
2002-05-23,370033.0,"María Dolores, Los Angeles Ad.",-37.39694,-72.42389,12.1
2002-05-23,380013.0,"Maquehue, Temuco Ad.",-38.76778,-72.63194,12.583333333333334
2002-05-23,390006.0,"Pichoy, Valdivia Ad.",-39.65667,-73.08722,13.75
2002-05-23,400009.0,"Cañal Bajo,  Osorno Ad.",-40.61444,-73.0575,6.738461538461539
2002-05-23,410005.0,El Tepual  Puerto Montt Ap.,-41.4475,-73.09583,7.341666666666666
2002-05-23,430001.0,Quellón Ad.,-43.13361,-73.63278,4.720000000000001
2002-05-23,430002.0,Futaleufú Ad.,-43.18889,-71.85222,1.023076923076923
2002-05-23,450001.0,Puerto Aysén Ad.,-45.39944,-72.67722,3.975
2002-05-23,450004.0,"Teniente Vidal, Coyhaique Ad.",-45.59083,-72.10222,2.9615384615384617
2002-05-23,450005.0,Balmaceda Ad.,-45.91833,-71.67778,1.6875
2002-05-23,520006.0,"Carlos Ibañez, Punta Arenas Ap.",-53.00167,-70.83861,2.829166666666667
2002-05-23,530005.0,"Fuentes Martínez, Porvenir Ad.",-53.25361,-70.32611,4.036363636363636
2002-05-23,550001.0,"Guardiamarina Zañartu, Pto Williams Ad.",-54.93167,-67.61556,1.6222222222222225
2002-05-23,950001.0,"C.M.A. Eduardo Frei Montalva, Antártica ",-62.19194,-58.97972,-7.433333333333334
2002-05-24,180005.0,"Chacalluta, Arica Ap.",-18.35555,-70.34028,17.466666666666665
2002-05-24,200006.0,Diego Aracena Iquique Ap.,-20.54917,-70.18111,15.723076923076924
2002-05-24,220002.0,"El Loa, Calama Ad.",-22.49806,-68.8925,16.925
2002-05-24,270001.0,Mataveri  Isla de Pascua Ap.,-27.15889,-109.4325,19.849999999999998
2002-05-24,290004.0,"La Florida, La Serena Ad.",-29.91444,-71.20667,15.064705882352943
2002-05-24,330007.0,"Rodelillo, Ad.",-33.06528,-71.55639,15.254545454545456
2002-05-24,330019.0,"Eulogio Sánchez, Tobalaba Ad.",-33.45528,-70.54861,14.264285714285714
2002-05-24,330020.0,"Quinta Normal, Santiago",-33.445,-70.68278,12.74
2002-05-24,330021.0,Pudahuel Santiago ,-33.37833,-70.78778,10.495833333333334
2002-05-24,330030.0,"Santo Domingo, Ad.",-33.65611,-71.61333,14.615384615384615
2002-05-24,330031.0,"Juan Fernández, Estación Meteorológica.",-33.63583,-78.83305,17.2
2002-05-24,340031.0,"General Freire, Curicó Ad.",-34.96944,-71.21694,13.281818181818181
2002-05-24,360011.0,"General Bernardo O'Higgins, Chillán Ad.",-36.58583,-72.03667,12.370000000000001
2002-05-24,360019.0,"Carriel Sur, Concepción Ap.",-36.78055,-73.06639,12.333333333333334
2002-05-24,370033.0,"María Dolores, Los Angeles Ad.",-37.39694,-72.42389,9.4
2002-05-24,380013.0,"Maquehue, Temuco Ad.",-38.76778,-72.63194,11.983333333333334
2002-05-24,390006.0,"Pichoy, Valdivia Ad.",-39.65667,-73.08722,10.700000000000001
2002-05-24,400009.0,"Cañal Bajo,  Osorno Ad.",-40.61444,-73.0575,6.957142857142857
2002-05-24,410005.0,El Tepual  Puerto Montt Ap.,-41.4475,-73.09583,7.207407407407407
2002-05-24,430001.0,Quellón Ad.,-43.13361,-73.63278,6.2700000000000005
2002-05-24,430002.0,Futaleufú Ad.,-43.18889,-71.85222,1.2923076923076924
2002-05-24,450001.0,Puerto Aysén Ad.,-45.39944,-72.67722,4.275
2002-05-24,450004.0,"Teniente Vidal, Coyhaique Ad.",-45.59083,-72.10222,1.6076923076923075
2002-05-24,450005.0,Balmaceda Ad.,-45.91833,-71.67778,0.364
2002-05-24,520006.0,"Carlos Ibañez, Punta Arenas Ap.",-53.00167,-70.83861,2.2875
2002-05-24,530005.0,"Fuentes Martínez, Porvenir Ad.",-53.25361,-70.32611,4.4363636363636365
2002-05-24,550001.0,"Guardiamarina Zañartu, Pto Williams Ad.",-54.93167,-67.61556,2.75
2002-05-24,950001.0,"C.M.A. Eduardo Frei Montalva, Antártica ",-62.19194,-58.97972,-6.141666666666667
2002-05-25,180005.0,"Chacalluta, Arica Ap.",-18.35555,-70.34028,17.744
2002-05-25,200006.0,Diego Aracena Iquique Ap.,-20.54917,-70.18111,17.504166666666666
2002-05-25,220002.0,"El Loa, Calama Ad.",-22.49806,-68.8925,15.587499999999999
2002-05-25,270001.0,Mataveri  Isla de Pascua Ap.,-27.15889,-109.4325,19.633333333333333
2002-05-25,290004.0,"La Florida, La Serena Ad.",-29.91444,-71.20667,16.829411764705885
2002-05-25,330007.0,"Rodelillo, Ad.",-33.06528,-71.55639,13.875
2002-05-25,330019.0,"Eulogio Sánchez, Tobalaba Ad.",-33.45528,-70.54861,12.608333333333334
2002-05-25,330020.0,"Quinta Normal, Santiago",-33.445,-70.68278,13.0
2002-05-25,330021.0,Pudahuel Santiago ,-33.37833,-70.78778,12.045833333333334
2002-05-25,330030.0,"Santo Domingo, Ad.",-33.65611,-71.61333,14.63076923076923
2002-05-25,330031.0,"Juan Fernández, Estación Meteorológica.",-33.63583,-78.83305,16.849999999999998
2002-05-25,340031.0,"General Freire, Curicó Ad.",-34.96944,-71.21694,12.554545454545455
2002-05-25,360011.0,"General Bernardo O'Higgins, Chillán Ad.",-36.58583,-72.03667,13.52
2002-05-25,360019.0,"Carriel Sur, Concepción Ap.",-36.78055,-73.06639,13.595833333333333
2002-05-25,370033.0,"María Dolores, Los Angeles Ad.",-37.39694,-72.42389,13.9
2002-05-25,380013.0,"Maquehue, Temuco Ad.",-38.76778,-72.63194,13.904166666666667
2002-05-25,390006.0,"Pichoy, Valdivia Ad.",-39.65667,-73.08722,14.716666666666667
2002-05-25,400009.0,"Cañal Bajo,  Osorno Ad.",-40.61444,-73.0575,13.357142857142858
2002-05-25,410005.0,El Tepual  Puerto Montt Ap.,-41.4475,-73.09583,12.225
2002-05-25,430002.0,Futaleufú Ad.,-43.18889,-71.85222,2.4461538461538463
2002-05-25,450004.0,"Teniente Vidal, Coyhaique Ad.",-45.59083,-72.10222,1.169230769230769
2002-05-25,450005.0,Balmaceda Ad.,-45.91833,-71.67778,0.532
2002-05-25,520006.0,"Carlos Ibañez, Punta Arenas Ap.",-53.00167,-70.83861,0.2962962962962963
2002-05-25,530005.0,"Fuentes Martínez, Porvenir Ad.",-53.25361,-70.32611,1.4727272727272727
2002-05-25,950001.0,"C.M.A. Eduardo Frei Montalva, Antártica ",-62.19194,-58.97972,-2.216666666666667
2002-05-26,180005.0,"Chacalluta, Arica Ap.",-18.35555,-70.34028,18.295833333333334
2002-05-26,200006.0,Diego Aracena Iquique Ap.,-20.54917,-70.18111,18.125
2002-05-26,220002.0,"El Loa, Calama Ad.",-22.49806,-68.8925,15.523076923076925
2002-05-26,270001.0,Mataveri  Isla de Pascua Ap.,-27.15889,-109.4325,20.166666666666668
2002-05-26,290004.0,"La Florida, La Serena Ad.",-29.91444,-71.20667,16.561111111111114
2002-05-26,330007.0,"Rodelillo, Ad.",-33.06528,-71.55639,12.1
2002-05-26,330019.0,"Eulogio Sánchez, Tobalaba Ad.",-33.45528,-70.54861,9.830769230769231
2002-05-26,330020.0,"Quinta Normal, Santiago",-33.445,-70.68278,11.28
2002-05-26,330021.0,Pudahuel Santiago ,-33.37833,-70.78778,11.512
2002-05-26,330030.0,"Santo Domingo, Ad.",-33.65611,-71.61333,13.446153846153846
2002-05-26,330031.0,"Juan Fernández, Estación Meteorológica.",-33.63583,-78.83305,13.75
2002-05-26,340031.0,"General Freire, Curicó Ad.",-34.96944,-71.21694,11.218181818181819
2002-05-26,360011.0,"General Bernardo O'Higgins, Chillán Ad.",-36.58583,-72.03667,11.36
2002-05-26,360019.0,"Carriel Sur, Concepción Ap.",-36.78055,-73.06639,12.441666666666668
2002-05-26,370033.0,"María Dolores, Los Angeles Ad.",-37.39694,-72.42389,9.899999999999999
2002-05-26,380013.0,"Maquehue, Temuco Ad.",-38.76778,-72.63194,9.307692307692308
2002-05-26,390006.0,"Pichoy, Valdivia Ad.",-39.65667,-73.08722,9.416666666666666
2002-05-26,400009.0,"Cañal Bajo,  Osorno Ad.",-40.61444,-73.0575,8.157142857142857
2002-05-26,410005.0,El Tepual  Puerto Montt Ap.,-41.4475,-73.09583,6.816
2002-05-26,430002.0,Futaleufú Ad.,-43.18889,-71.85222,2.3
2002-05-26,450004.0,"Teniente Vidal, Coyhaique Ad.",-45.59083,-72.10222,3.146153846153846
2002-05-26,450005.0,Balmaceda Ad.,-45.91833,-71.67778,0.9750000000000001
2002-05-26,520006.0,"Carlos Ibañez, Punta Arenas Ap.",-53.00167,-70.83861,2.120833333333333
2002-05-26,950001.0,"C.M.A. Eduardo Frei Montalva, Antártica ",-62.19194,-58.97972,-3.9625
2002-05-27,180005.0,"Chacalluta, Arica Ap.",-18.35555,-70.34028,18.3125
2002-05-27,200006.0,Diego Aracena Iquique Ap.,-20.54917,-70.18111,17.758333333333333
2002-05-27,220002.0,"El Loa, Calama Ad.",-22.49806,-68.8925,15.442857142857141
2002-05-27,270001.0,Mataveri  Isla de Pascua Ap.,-27.15889,-109.4325,19.383333333333333
2002-05-27,290004.0,"La Florida, La Serena Ad.",-29.91444,-71.20667,15.147058823529411
2002-05-27,330007.0,"Rodelillo, Ad.",-33.06528,-71.55639,11.409090909090908
2002-05-27,330019.0,"Eulogio Sánchez, Tobalaba Ad.",-33.45528,-70.54861,9.015384615384615
2002-05-27,330020.0,"Quinta Normal, Santiago",-33.445,-70.68278,10.0
2002-05-27,330021.0,Pudahuel Santiago ,-33.37833,-70.78778,9.770833333333334
2002-05-27,330030.0,"Santo Domingo, Ad.",-33.65611,-71.61333,11.453846153846154
2002-05-27,330031.0,"Juan Fernández, Estación Meteorológica.",-33.63583,-78.83305,12.7
2002-05-27,340031.0,"General Freire, Curicó Ad.",-34.96944,-71.21694,9.072727272727272
2002-05-27,360011.0,"General Bernardo O'Higgins, Chillán Ad.",-36.58583,-72.03667,9.23
2002-05-27,360019.0,"Carriel Sur, Concepción Ap.",-36.78055,-73.06639,10.145833333333334
2002-05-27,370033.0,"María Dolores, Los Angeles Ad.",-37.39694,-72.42389,8.6
2002-05-27,380013.0,"Maquehue, Temuco Ad.",-38.76778,-72.63194,7.341666666666666
2002-05-27,390006.0,"Pichoy, Valdivia Ad.",-39.65667,-73.08722,7.566666666666666
2002-05-27,400009.0,"Cañal Bajo,  Osorno Ad.",-40.61444,-73.0575,7.953846153846154
2002-05-27,410005.0,El Tepual  Puerto Montt Ap.,-41.4475,-73.09583,6.545833333333333
2002-05-27,430002.0,Futaleufú Ad.,-43.18889,-71.85222,2.4499999999999997
2002-05-27,450004.0,"Teniente Vidal, Coyhaique Ad.",-45.59083,-72.10222,2.4692307692307693
2002-05-27,450005.0,Balmaceda Ad.,-45.91833,-71.67778,-2.34
2002-05-27,520006.0,"Carlos Ibañez, Punta Arenas Ap.",-53.00167,-70.83861,1.2208333333333334
2002-05-27,950001.0,"C.M.A. Eduardo Frei Montalva, Antártica ",-62.19194,-58.97972,-14.0625
2002-05-28,180005.0,"Chacalluta, Arica Ap.",-18.35555,-70.34028,18.758333333333333
2002-05-28,200006.0,Diego Aracena Iquique Ap.,-20.54917,-70.18111,18.570833333333333
2002-05-28,220002.0,"El Loa, Calama Ad.",-22.49806,-68.8925,12.847058823529412
2002-05-28,270001.0,Mataveri  Isla de Pascua Ap.,-27.15889,-109.4325,19.599999999999998
2002-05-28,290004.0,"La Florida, La Serena Ad.",-29.91444,-71.20667,14.223529411764707
2002-05-28,330007.0,"Rodelillo, Ad.",-33.06528,-71.55639,11.6
2002-05-28,330019.0,"Eulogio Sánchez, Tobalaba Ad.",-33.45528,-70.54861,9.183333333333334
2002-05-28,330020.0,"Quinta Normal, Santiago",-33.445,-70.68278,9.52
2002-05-28,330021.0,Pudahuel Santiago ,-33.37833,-70.78778,8.966666666666667
2002-05-28,330030.0,"Santo Domingo, Ad.",-33.65611,-71.61333,10.153846153846153
2002-05-28,330031.0,"Juan Fernández, Estación Meteorológica.",-33.63583,-78.83305,12.98
2002-05-28,340031.0,"General Freire, Curicó Ad.",-34.96944,-71.21694,5.376923076923077
2002-05-28,360011.0,"General Bernardo O'Higgins, Chillán Ad.",-36.58583,-72.03667,7.1
2002-05-28,360019.0,"Carriel Sur, Concepción Ap.",-36.78055,-73.06639,5.620833333333334
2002-05-28,370033.0,"María Dolores, Los Angeles Ad.",-37.39694,-72.42389,6.300000000000001
2002-05-28,380013.0,"Maquehue, Temuco Ad.",-38.76778,-72.63194,5.633333333333333
2002-05-28,390006.0,"Pichoy, Valdivia Ad.",-39.65667,-73.08722,6.8500000000000005
2002-05-28,400009.0,"Cañal Bajo,  Osorno Ad.",-40.61444,-73.0575,7.384615384615385
2002-05-28,410005.0,El Tepual  Puerto Montt Ap.,-41.4475,-73.09583,4.979166666666667
2002-05-28,430001.0,Quellón Ad.,-43.13361,-73.63278,7.3
2002-05-28,430002.0,Futaleufú Ad.,-43.18889,-71.85222,5.484615384615385
2002-05-28,450001.0,Puerto Aysén Ad.,-45.39944,-72.67722,6.425
2002-05-28,450004.0,"Teniente Vidal, Coyhaique Ad.",-45.59083,-72.10222,4.6923076923076925
2002-05-28,450005.0,Balmaceda Ad.,-45.91833,-71.67778,0.25
2002-05-28,520006.0,"Carlos Ibañez, Punta Arenas Ap.",-53.00167,-70.83861,1.9791666666666667
2002-05-28,530005.0,"Fuentes Martínez, Porvenir Ad.",-53.25361,-70.32611,3.5818181818181816
2002-05-28,550001.0,"Guardiamarina Zañartu, Pto Williams Ad.",-54.93167,-67.61556,1.7999999999999998
2002-05-28,950001.0,"C.M.A. Eduardo Frei Montalva, Antártica ",-62.19194,-58.97972,-11.8625
2002-05-29,180005.0,"Chacalluta, Arica Ap.",-18.35555,-70.34028,18.37391304347826
2002-05-29,200006.0,Diego Aracena Iquique Ap.,-20.54917,-70.18111,16.8125
2002-05-29,220002.0,"El Loa, Calama Ad.",-22.49806,-68.8925,11.49375
2002-05-29,270001.0,Mataveri  Isla de Pascua Ap.,-27.15889,-109.4325,21.01111111111111
2002-05-29,290004.0,"La Florida, La Serena Ad.",-29.91444,-71.20667,14.176470588235293
2002-05-29,330007.0,"Rodelillo, Ad.",-33.06528,-71.55639,11.490909090909092
2002-05-29,330019.0,"Eulogio Sánchez, Tobalaba Ad.",-33.45528,-70.54861,10.825000000000001
2002-05-29,330020.0,"Quinta Normal, Santiago",-33.445,-70.68278,10.559999999999999
2002-05-29,330021.0,Pudahuel Santiago ,-33.37833,-70.78778,9.1625
2002-05-29,330030.0,"Santo Domingo, Ad.",-33.65611,-71.61333,10.36153846153846
2002-05-29,330031.0,"Juan Fernández, Estación Meteorológica.",-33.63583,-78.83305,11.92
2002-05-29,340031.0,"General Freire, Curicó Ad.",-34.96944,-71.21694,6.990909090909091
2002-05-29,360011.0,"General Bernardo O'Higgins, Chillán Ad.",-36.58583,-72.03667,4.86
2002-05-29,360019.0,"Carriel Sur, Concepción Ap.",-36.78055,-73.06639,5.445833333333333
2002-05-29,370033.0,"María Dolores, Los Angeles Ad.",-37.39694,-72.42389,3.9000000000000004
2002-05-29,380013.0,"Maquehue, Temuco Ad.",-38.76778,-72.63194,1.9076923076923078
2002-05-29,390006.0,"Pichoy, Valdivia Ad.",-39.65667,-73.08722,5.346153846153846
2002-05-29,400009.0,"Cañal Bajo,  Osorno Ad.",-40.61444,-73.0575,4.6571428571428575
2002-05-29,410005.0,El Tepual  Puerto Montt Ap.,-41.4475,-73.09583,3.216
2002-05-29,430001.0,Quellón Ad.,-43.13361,-73.63278,7.76
2002-05-29,430002.0,Futaleufú Ad.,-43.18889,-71.85222,1.5384615384615385
2002-05-29,450001.0,Puerto Aysén Ad.,-45.39944,-72.67722,6.8999999999999995
2002-05-29,450004.0,"Teniente Vidal, Coyhaique Ad.",-45.59083,-72.10222,5.476923076923077
2002-05-29,450005.0,Balmaceda Ad.,-45.91833,-71.67778,2.6458333333333335
2002-05-29,520006.0,"Carlos Ibañez, Punta Arenas Ap.",-53.00167,-70.83861,4.2
2002-05-29,530005.0,"Fuentes Martínez, Porvenir Ad.",-53.25361,-70.32611,4.927272727272728
2002-05-29,550001.0,"Guardiamarina Zañartu, Pto Williams Ad.",-54.93167,-67.61556,4.066666666666666
2002-05-29,950001.0,"C.M.A. Eduardo Frei Montalva, Antártica ",-62.19194,-58.97972,-4.506666666666666
2002-05-30,180005.0,"Chacalluta, Arica Ap.",-18.35555,-70.34028,17.650000000000002
2002-05-30,200006.0,Diego Aracena Iquique Ap.,-20.54917,-70.18111,16.275000000000002
2002-05-30,220002.0,"El Loa, Calama Ad.",-22.49806,-68.8925,12.20625
2002-05-30,270001.0,Mataveri  Isla de Pascua Ap.,-27.15889,-109.4325,19.945454545454545
2002-05-30,290004.0,"La Florida, La Serena Ad.",-29.91444,-71.20667,13.117647058823529
2002-05-30,330007.0,"Rodelillo, Ad.",-33.06528,-71.55639,12.536363636363637
2002-05-30,330019.0,"Eulogio Sánchez, Tobalaba Ad.",-33.45528,-70.54861,12.6
2002-05-30,330020.0,"Quinta Normal, Santiago",-33.445,-70.68278,10.6
2002-05-30,330021.0,Pudahuel Santiago ,-33.37833,-70.78778,8.829166666666667
2002-05-30,330030.0,"Santo Domingo, Ad.",-33.65611,-71.61333,11.453846153846154
2002-05-30,330031.0,"Juan Fernández, Estación Meteorológica.",-33.63583,-78.83305,13.559999999999999
2002-05-30,340031.0,"General Freire, Curicó Ad.",-34.96944,-71.21694,8.272727272727273
2002-05-30,360011.0,"General Bernardo O'Higgins, Chillán Ad.",-36.58583,-72.03667,3.7
2002-05-30,360019.0,"Carriel Sur, Concepción Ap.",-36.78055,-73.06639,5.266666666666667
2002-05-30,370033.0,"María Dolores, Los Angeles Ad.",-37.39694,-72.42389,2.4999999999999996
2002-05-30,380013.0,"Maquehue, Temuco Ad.",-38.76778,-72.63194,4.441666666666667
2002-05-30,390006.0,"Pichoy, Valdivia Ad.",-39.65667,-73.08722,8.674999999999999
2002-05-30,400009.0,"Cañal Bajo,  Osorno Ad.",-40.61444,-73.0575,8.330769230769231
2002-05-30,410005.0,El Tepual  Puerto Montt Ap.,-41.4475,-73.09583,6.808333333333334
2002-05-30,430001.0,Quellón Ad.,-43.13361,-73.63278,8.32
2002-05-30,430002.0,Futaleufú Ad.,-43.18889,-71.85222,3.4923076923076923
2002-05-30,450001.0,Puerto Aysén Ad.,-45.39944,-72.67722,7.7749999999999995
2002-05-30,450004.0,"Teniente Vidal, Coyhaique Ad.",-45.59083,-72.10222,7.4
2002-05-30,450005.0,Balmaceda Ad.,-45.91833,-71.67778,4.183333333333334
2002-05-30,520006.0,"Carlos Ibañez, Punta Arenas Ap.",-53.00167,-70.83861,4.338461538461538
2002-05-30,530005.0,"Fuentes Martínez, Porvenir Ad.",-53.25361,-70.32611,3.1090909090909093
2002-05-30,550001.0,"Guardiamarina Zañartu, Pto Williams Ad.",-54.93167,-67.61556,0.6
2002-05-30,950001.0,"C.M.A. Eduardo Frei Montalva, Antártica ",-62.19194,-58.97972,-6.7125
2002-05-31,180005.0,"Chacalluta, Arica Ap.",-18.35555,-70.34028,16.016666666666666
2002-05-31,200006.0,Diego Aracena Iquique Ap.,-20.54917,-70.18111,15.933333333333332
2002-05-31,220002.0,"El Loa, Calama Ad.",-22.49806,-68.8925,12.0625
2002-05-31,270001.0,Mataveri  Isla de Pascua Ap.,-27.15889,-109.4325,22.433333333333334
2002-05-31,290004.0,"La Florida, La Serena Ad.",-29.91444,-71.20667,13.305882352941175
2002-05-31,330007.0,"Rodelillo, Ad.",-33.06528,-71.55639,11.472727272727273
2002-05-31,330019.0,"Eulogio Sánchez, Tobalaba Ad.",-33.45528,-70.54861,11.227272727272727
2002-05-31,330020.0,"Quinta Normal, Santiago",-33.445,-70.68278,11.059999999999999
2002-05-31,330021.0,Pudahuel Santiago ,-33.37833,-70.78778,10.558333333333334
2002-05-31,330030.0,"Santo Domingo, Ad.",-33.65611,-71.61333,12.86153846153846
2002-05-31,330031.0,"Juan Fernández, Estación Meteorológica.",-33.63583,-78.83305,15.2
2002-05-31,340031.0,"General Freire, Curicó Ad.",-34.96944,-71.21694,11.15
2002-05-31,360011.0,"General Bernardo O'Higgins, Chillán Ad.",-36.58583,-72.03667,9.68
2002-05-31,360019.0,"Carriel Sur, Concepción Ap.",-36.78055,-73.06639,11.391666666666666
2002-05-31,370033.0,"María Dolores, Los Angeles Ad.",-37.39694,-72.42389,9.8
2002-05-31,380013.0,"Maquehue, Temuco Ad.",-38.76778,-72.63194,9.233333333333333
2002-05-31,390006.0,"Pichoy, Valdivia Ad.",-39.65667,-73.08722,9.541666666666666
2002-05-31,400009.0,"Cañal Bajo,  Osorno Ad.",-40.61444,-73.0575,8.984615384615385
2002-05-31,410005.0,El Tepual  Puerto Montt Ap.,-41.4475,-73.09583,8.725
2002-05-31,430001.0,Quellón Ad.,-43.13361,-73.63278,9.120000000000001
2002-05-31,430002.0,Futaleufú Ad.,-43.18889,-71.85222,3.5307692307692307
2002-05-31,450001.0,Puerto Aysén Ad.,-45.39944,-72.67722,6.2
2002-05-31,450004.0,"Teniente Vidal, Coyhaique Ad.",-45.59083,-72.10222,4.015384615384615
2002-05-31,450005.0,Balmaceda Ad.,-45.91833,-71.67778,2.875
2002-05-31,520006.0,"Carlos Ibañez, Punta Arenas Ap.",-53.00167,-70.83861,-2.3375
2002-05-31,530005.0,"Fuentes Martínez, Porvenir Ad.",-53.25361,-70.32611,-1.4727272727272727
2002-05-31,950001.0,"C.M.A. Eduardo Frei Montalva, Antártica ",-62.19194,-58.97972,-7.887499999999999
2002-06-01,180005.0,"Chacalluta, Arica Ap.",-18.35555,-70.34028,17.075
2002-06-01,200006.0,Diego Aracena Iquique Ap.,-20.54917,-70.18111,16.170833333333334
2002-06-01,220002.0,"El Loa, Calama Ad.",-22.49806,-68.8925,12.8
2002-06-01,270001.0,Mataveri  Isla de Pascua Ap.,-27.15889,-109.4325,22.314285714285713
2002-06-01,290004.0,"La Florida, La Serena Ad.",-29.91444,-71.20667,14.394117647058822
2002-06-01,330007.0,"Rodelillo, Ad.",-33.06528,-71.55639,11.636363636363637
2002-06-01,330019.0,"Eulogio Sánchez, Tobalaba Ad.",-33.45528,-70.54861,8.458333333333334
2002-06-01,330020.0,"Quinta Normal, Santiago",-33.445,-70.68278,9.22
2002-06-01,330021.0,Pudahuel Santiago ,-33.37833,-70.78778,8.375
2002-06-01,330030.0,"Santo Domingo, Ad.",-33.65611,-71.61333,13.176923076923078
2002-06-01,330031.0,"Juan Fernández, Estación Meteorológica.",-33.63583,-78.83305,12.95
2002-06-01,340031.0,"General Freire, Curicó Ad.",-34.96944,-71.21694,10.9
2002-06-01,360011.0,"General Bernardo O'Higgins, Chillán Ad.",-36.58583,-72.03667,10.040000000000001
2002-06-01,360019.0,"Carriel Sur, Concepción Ap.",-36.78055,-73.06639,9.86
2002-06-01,370033.0,"María Dolores, Los Angeles Ad.",-37.39694,-72.42389,9.181818181818182
2002-06-01,380013.0,"Maquehue, Temuco Ad.",-38.76778,-72.63194,8.1625
2002-06-01,390006.0,"Pichoy, Valdivia Ad.",-39.65667,-73.08722,8.133333333333335
2002-06-01,400009.0,"Cañal Bajo,  Osorno Ad.",-40.61444,-73.0575,8.223076923076924
2002-06-01,410005.0,El Tepual  Puerto Montt Ap.,-41.4475,-73.09583,6.570833333333333
2002-06-01,430002.0,Futaleufú Ad.,-43.18889,-71.85222,4.407692307692307
2002-06-01,450004.0,"Teniente Vidal, Coyhaique Ad.",-45.59083,-72.10222,4.069230769230769
2002-06-01,450005.0,Balmaceda Ad.,-45.91833,-71.67778,2.0166666666666666
2002-06-01,520006.0,"Carlos Ibañez, Punta Arenas Ap.",-53.00167,-70.83861,-0.6551724137931034
2002-06-01,530005.0,"Fuentes Martínez, Porvenir Ad.",-53.25361,-70.32611,-0.32727272727272727
2002-06-01,950001.0,"C.M.A. Eduardo Frei Montalva, Antártica ",-62.19194,-58.97972,-10.133333333333333
2002-06-02,180005.0,"Chacalluta, Arica Ap.",-18.35555,-70.34028,16.983333333333334
2002-06-02,200006.0,Diego Aracena Iquique Ap.,-20.54917,-70.18111,15.637500000000001
2002-06-02,220002.0,"El Loa, Calama Ad.",-22.49806,-68.8925,16.75384615384615
2002-06-02,270001.0,Mataveri  Isla de Pascua Ap.,-27.15889,-109.4325,22.366666666666667
2002-06-02,290004.0,"La Florida, La Serena Ad.",-29.91444,-71.20667,13.617647058823529
2002-06-02,330007.0,"Rodelillo, Ad.",-33.06528,-71.55639,11.781818181818181
2002-06-02,330019.0,"Eulogio Sánchez, Tobalaba Ad.",-33.45528,-70.54861,10.554545454545455
2002-06-02,330020.0,"Quinta Normal, Santiago",-33.445,-70.68278,10.12
2002-06-02,330021.0,Pudahuel Santiago ,-33.37833,-70.78778,9.424999999999999
2002-06-02,330030.0,"Santo Domingo, Ad.",-33.65611,-71.61333,13.484615384615385
2002-06-02,330031.0,"Juan Fernández, Estación Meteorológica.",-33.63583,-78.83305,14.175
2002-06-02,340031.0,"General Freire, Curicó Ad.",-34.96944,-71.21694,11.645454545454545
2002-06-02,360011.0,"General Bernardo O'Higgins, Chillán Ad.",-36.58583,-72.03667,9.879999999999999
2002-06-02,360019.0,"Carriel Sur, Concepción Ap.",-36.78055,-73.06639,9.853846153846153
2002-06-02,370033.0,"María Dolores, Los Angeles Ad.",-37.39694,-72.42389,8.30909090909091
2002-06-02,380013.0,"Maquehue, Temuco Ad.",-38.76778,-72.63194,8.4
2002-06-02,390006.0,"Pichoy, Valdivia Ad.",-39.65667,-73.08722,9.666666666666666
2002-06-02,400009.0,"Cañal Bajo,  Osorno Ad.",-40.61444,-73.0575,8.353846153846153
2002-06-02,410005.0,El Tepual  Puerto Montt Ap.,-41.4475,-73.09583,6.833333333333333
2002-06-02,430002.0,Futaleufú Ad.,-43.18889,-71.85222,3.0
2002-06-02,450004.0,"Teniente Vidal, Coyhaique Ad.",-45.59083,-72.10222,1.4615384615384615
2002-06-02,450005.0,Balmaceda Ad.,-45.91833,-71.67778,0.6375000000000001
2002-06-02,520006.0,"Carlos Ibañez, Punta Arenas Ap.",-53.00167,-70.83861,-0.39166666666666666
2002-06-02,950001.0,"C.M.A. Eduardo Frei Montalva, Antártica ",-62.19194,-58.97972,-4.9
2002-06-03,180005.0,"Chacalluta, Arica Ap.",-18.35555,-70.34028,17.354166666666668
2002-06-03,200006.0,Diego Aracena Iquique Ap.,-20.54917,-70.18111,15.716666666666667
2002-06-03,220002.0,"El Loa, Calama Ad.",-22.49806,-68.8925,14.2875
2002-06-03,270001.0,Mataveri  Isla de Pascua Ap.,-27.15889,-109.4325,19.523076923076925
2002-06-03,290004.0,"La Florida, La Serena Ad.",-29.91444,-71.20667,15.064705882352943
2002-06-03,330007.0,"Rodelillo, Ad.",-33.06528,-71.55639,11.436363636363636
2002-06-03,330019.0,"Eulogio Sánchez, Tobalaba Ad.",-33.45528,-70.54861,8.090909090909092
2002-06-03,330020.0,"Quinta Normal, Santiago",-33.445,-70.68278,9.379999999999999
2002-06-03,330021.0,Pudahuel Santiago ,-33.37833,-70.78778,9.666666666666666
2002-06-03,330030.0,"Santo Domingo, Ad.",-33.65611,-71.61333,13.0
2002-06-03,330031.0,"Juan Fernández, Estación Meteorológica.",-33.63583,-78.83305,12.88
2002-06-03,340031.0,"General Freire, Curicó Ad.",-34.96944,-71.21694,10.700000000000001
2002-06-03,360011.0,"General Bernardo O'Higgins, Chillán Ad.",-36.58583,-72.03667,10.370000000000001
2002-06-03,360019.0,"Carriel Sur, Concepción Ap.",-36.78055,-73.06639,10.958333333333334
2002-06-03,370033.0,"María Dolores, Los Angeles Ad.",-37.39694,-72.42389,10.254545454545454
2002-06-03,380013.0,"Maquehue, Temuco Ad.",-38.76778,-72.63194,9.85
2002-06-03,390006.0,"Pichoy, Valdivia Ad.",-39.65667,-73.08722,9.450000000000001
2002-06-03,400009.0,"Cañal Bajo,  Osorno Ad.",-40.61444,-73.0575,8.523076923076923
2002-06-03,410005.0,El Tepual  Puerto Montt Ap.,-41.4475,-73.09583,6.8875
2002-06-03,430001.0,Quellón Ad.,-43.13361,-73.63278,7.51
2002-06-03,430002.0,Futaleufú Ad.,-43.18889,-71.85222,5.7250000000000005
2002-06-03,450001.0,Puerto Aysén Ad.,-45.39944,-72.67722,3.825
2002-06-03,450004.0,"Teniente Vidal, Coyhaique Ad.",-45.59083,-72.10222,0.7230769230769231
2002-06-03,450005.0,Balmaceda Ad.,-45.91833,-71.67778,-0.32173913043478264
2002-06-03,520006.0,"Carlos Ibañez, Punta Arenas Ap.",-53.00167,-70.83861,-4.645833333333333
2002-06-03,530005.0,"Fuentes Martínez, Porvenir Ad.",-53.25361,-70.32611,-0.7818181818181817
2002-06-03,550001.0,"Guardiamarina Zañartu, Pto Williams Ad.",-54.93167,-67.61556,0.48888888888888893
2002-06-03,950001.0,"C.M.A. Eduardo Frei Montalva, Antártica ",-62.19194,-58.97972,-9.091666666666667
2002-06-04,180005.0,"Chacalluta, Arica Ap.",-18.35555,-70.34028,17.8
2002-06-04,200006.0,Diego Aracena Iquique Ap.,-20.54917,-70.18111,16.1375
2002-06-04,220002.0,"El Loa, Calama Ad.",-22.49806,-68.8925,12.629411764705882
2002-06-04,270001.0,Mataveri  Isla de Pascua Ap.,-27.15889,-109.4325,18.349999999999998
2002-06-04,290004.0,"La Florida, La Serena Ad.",-29.91444,-71.20667,14.616666666666667
2002-06-04,330007.0,"Rodelillo, Ad.",-33.06528,-71.55639,11.35
2002-06-04,330019.0,"Eulogio Sánchez, Tobalaba Ad.",-33.45528,-70.54861,7.707692307692308
2002-06-04,330020.0,"Quinta Normal, Santiago",-33.445,-70.68278,8.16
2002-06-04,330021.0,Pudahuel Santiago ,-33.37833,-70.78778,8.15
2002-06-04,330030.0,"Santo Domingo, Ad.",-33.65611,-71.61333,12.36153846153846
2002-06-04,330031.0,"Juan Fernández, Estación Meteorológica.",-33.63583,-78.83305,12.4
2002-06-04,340031.0,"General Freire, Curicó Ad.",-34.96944,-71.21694,9.481818181818182
2002-06-04,360011.0,"General Bernardo O'Higgins, Chillán Ad.",-36.58583,-72.03667,10.940000000000001
2002-06-04,360019.0,"Carriel Sur, Concepción Ap.",-36.78055,-73.06639,12.120833333333332
2002-06-04,370033.0,"María Dolores, Los Angeles Ad.",-37.39694,-72.42389,10.9625
2002-06-04,380013.0,"Maquehue, Temuco Ad.",-38.76778,-72.63194,9.554166666666667
2002-06-04,390006.0,"Pichoy, Valdivia Ad.",-39.65667,-73.08722,8.65
2002-06-04,400009.0,"Cañal Bajo,  Osorno Ad.",-40.61444,-73.0575,7.7153846153846155
2002-06-04,410005.0,El Tepual  Puerto Montt Ap.,-41.4475,-73.09583,8.084
2002-06-04,430001.0,Quellón Ad.,-43.13361,-73.63278,8.36
2002-06-04,430002.0,Futaleufú Ad.,-43.18889,-71.85222,3.4615384615384617
2002-06-04,450001.0,Puerto Aysén Ad.,-45.39944,-72.67722,0.09999999999999998
2002-06-04,450004.0,"Teniente Vidal, Coyhaique Ad.",-45.59083,-72.10222,-4.323076923076924
2002-06-04,450005.0,Balmaceda Ad.,-45.91833,-71.67778,-6.437931034482758
2002-06-04,520006.0,"Carlos Ibañez, Punta Arenas Ap.",-53.00167,-70.83861,1.1916666666666667
2002-06-04,530005.0,"Fuentes Martínez, Porvenir Ad.",-53.25361,-70.32611,2.190909090909091
2002-06-04,550001.0,"Guardiamarina Zañartu, Pto Williams Ad.",-54.93167,-67.61556,0.8888888888888888
2002-06-04,950001.0,"C.M.A. Eduardo Frei Montalva, Antártica ",-62.19194,-58.97972,-11.3
2002-06-05,180005.0,"Chacalluta, Arica Ap.",-18.35555,-70.34028,16.816666666666666
2002-06-05,200006.0,Diego Aracena Iquique Ap.,-20.54917,-70.18111,15.387500000000001
2002-06-05,220002.0,"El Loa, Calama Ad.",-22.49806,-68.8925,12.5375
2002-06-05,270001.0,Mataveri  Isla de Pascua Ap.,-27.15889,-109.4325,20.333333333333332
2002-06-05,290004.0,"La Florida, La Serena Ad.",-29.91444,-71.20667,13.894117647058822
2002-06-05,330007.0,"Rodelillo, Ad.",-33.06528,-71.55639,9.254545454545454
2002-06-05,330019.0,"Eulogio Sánchez, Tobalaba Ad.",-33.45528,-70.54861,7.661538461538461
2002-06-05,330020.0,"Quinta Normal, Santiago",-33.445,-70.68278,8.2
2002-06-05,330021.0,Pudahuel Santiago ,-33.37833,-70.78778,7.4879999999999995
2002-06-05,330030.0,"Santo Domingo, Ad.",-33.65611,-71.61333,11.515384615384615
2002-06-05,330031.0,"Juan Fernández, Estación Meteorológica.",-33.63583,-78.83305,11.879999999999999
2002-06-05,340031.0,"General Freire, Curicó Ad.",-34.96944,-71.21694,8.454545454545455
2002-06-05,360011.0,"General Bernardo O'Higgins, Chillán Ad.",-36.58583,-72.03667,10.25
2002-06-05,360019.0,"Carriel Sur, Concepción Ap.",-36.78055,-73.06639,10.758333333333333
2002-06-05,370033.0,"María Dolores, Los Angeles Ad.",-37.39694,-72.42389,10.3
2002-06-05,380013.0,"Maquehue, Temuco Ad.",-38.76778,-72.63194,8.354166666666666
2002-06-05,390006.0,"Pichoy, Valdivia Ad.",-39.65667,-73.08722,8.666666666666666
2002-06-05,400009.0,"Cañal Bajo,  Osorno Ad.",-40.61444,-73.0575,6.915384615384616
2002-06-05,410005.0,El Tepual  Puerto Montt Ap.,-41.4475,-73.09583,6.166666666666667
2002-06-05,430001.0,Quellón Ad.,-43.13361,-73.63278,6.2299999999999995
2002-06-05,430002.0,Futaleufú Ad.,-43.18889,-71.85222,3.0461538461538464
2002-06-05,450001.0,Puerto Aysén Ad.,-45.39944,-72.67722,1.325
2002-06-05,450004.0,"Teniente Vidal, Coyhaique Ad.",-45.59083,-72.10222,0.46153846153846156
2002-06-05,450005.0,Balmaceda Ad.,-45.91833,-71.67778,-3.988
2002-06-05,520006.0,"Carlos Ibañez, Punta Arenas Ap.",-53.00167,-70.83861,0.024999999999999984
2002-06-05,530005.0,"Fuentes Martínez, Porvenir Ad.",-53.25361,-70.32611,0.0
2002-06-05,550001.0,"Guardiamarina Zañartu, Pto Williams Ad.",-54.93167,-67.61556,1.1111111111111112
2002-06-05,950001.0,"C.M.A. Eduardo Frei Montalva, Antártica ",-62.19194,-58.97972,-9.333333333333334
2002-06-06,180005.0,"Chacalluta, Arica Ap.",-18.35555,-70.34028,17.287499999999998
2002-06-06,200006.0,Diego Aracena Iquique Ap.,-20.54917,-70.18111,16.633333333333333
2002-06-06,220002.0,"El Loa, Calama Ad.",-22.49806,-68.8925,12.11875
2002-06-06,270001.0,Mataveri  Isla de Pascua Ap.,-27.15889,-109.4325,19.816666666666666
2002-06-06,290004.0,"La Florida, La Serena Ad.",-29.91444,-71.20667,12.0
2002-06-06,330007.0,"Rodelillo, Ad.",-33.06528,-71.55639,10.581818181818182
2002-06-06,330019.0,"Eulogio Sánchez, Tobalaba Ad.",-33.45528,-70.54861,6.5
2002-06-06,330020.0,"Quinta Normal, Santiago",-33.445,-70.68278,6.26
2002-06-06,330021.0,Pudahuel Santiago ,-33.37833,-70.78778,4.9423076923076925
2002-06-06,330030.0,"Santo Domingo, Ad.",-33.65611,-71.61333,10.253846153846155
2002-06-06,330031.0,"Juan Fernández, Estación Meteorológica.",-33.63583,-78.83305,11.52
2002-06-06,340031.0,"General Freire, Curicó Ad.",-34.96944,-71.21694,8.927272727272728
2002-06-06,360011.0,"General Bernardo O'Higgins, Chillán Ad.",-36.58583,-72.03667,8.14
2002-06-06,360019.0,"Carriel Sur, Concepción Ap.",-36.78055,-73.06639,9.784615384615385
2002-06-06,370033.0,"María Dolores, Los Angeles Ad.",-37.39694,-72.42389,8.2
2002-06-06,380013.0,"Maquehue, Temuco Ad.",-38.76778,-72.63194,7.8
2002-06-06,390006.0,"Pichoy, Valdivia Ad.",-39.65667,-73.08722,8.733333333333333
2002-06-06,400009.0,"Cañal Bajo,  Osorno Ad.",-40.61444,-73.0575,7.4
2002-06-06,410005.0,El Tepual  Puerto Montt Ap.,-41.4475,-73.09583,6.375
2002-06-06,430001.0,Quellón Ad.,-43.13361,-73.63278,5.4
2002-06-06,430002.0,Futaleufú Ad.,-43.18889,-71.85222,4.546153846153846
2002-06-06,450001.0,Puerto Aysén Ad.,-45.39944,-72.67722,4.4
2002-06-06,450004.0,"Teniente Vidal, Coyhaique Ad.",-45.59083,-72.10222,2.4153846153846152
2002-06-06,450005.0,Balmaceda Ad.,-45.91833,-71.67778,-0.025000000000000033
2002-06-06,520006.0,"Carlos Ibañez, Punta Arenas Ap.",-53.00167,-70.83861,-2.5375
2002-06-06,530005.0,"Fuentes Martínez, Porvenir Ad.",-53.25361,-70.32611,0.45454545454545453
2002-06-06,550001.0,"Guardiamarina Zañartu, Pto Williams Ad.",-54.93167,-67.61556,-2.066666666666667
2002-06-06,950001.0,"C.M.A. Eduardo Frei Montalva, Antártica ",-62.19194,-58.97972,-7.1625
2002-06-07,180005.0,"Chacalluta, Arica Ap.",-18.35555,-70.34028,17.616666666666667
2002-06-07,200006.0,Diego Aracena Iquique Ap.,-20.54917,-70.18111,16.041666666666668
2002-06-07,220002.0,"El Loa, Calama Ad.",-22.49806,-68.8925,13.576470588235296
2002-06-07,270001.0,Mataveri  Isla de Pascua Ap.,-27.15889,-109.4325,20.2
2002-06-07,290004.0,"La Florida, La Serena Ad.",-29.91444,-71.20667,11.535294117647059
2002-06-07,330007.0,"Rodelillo, Ad.",-33.06528,-71.55639,11.754545454545456
2002-06-07,330019.0,"Eulogio Sánchez, Tobalaba Ad.",-33.45528,-70.54861,8.766666666666667
2002-06-07,330020.0,"Quinta Normal, Santiago",-33.445,-70.68278,8.0
2002-06-07,330021.0,Pudahuel Santiago ,-33.37833,-70.78778,6.2
2002-06-07,330030.0,"Santo Domingo, Ad.",-33.65611,-71.61333,11.838461538461539
2002-06-07,330031.0,"Juan Fernández, Estación Meteorológica.",-33.63583,-78.83305,11.88
2002-06-07,340031.0,"General Freire, Curicó Ad.",-34.96944,-71.21694,9.672727272727274
2002-06-07,360011.0,"General Bernardo O'Higgins, Chillán Ad.",-36.58583,-72.03667,8.790000000000001
2002-06-07,360019.0,"Carriel Sur, Concepción Ap.",-36.78055,-73.06639,11.066666666666668
2002-06-07,370033.0,"María Dolores, Los Angeles Ad.",-37.39694,-72.42389,8.9
2002-06-07,380013.0,"Maquehue, Temuco Ad.",-38.76778,-72.63194,7.870833333333334
2002-06-07,390006.0,"Pichoy, Valdivia Ad.",-39.65667,-73.08722,8.35
2002-06-07,400009.0,"Cañal Bajo,  Osorno Ad.",-40.61444,-73.0575,7.476923076923077
2002-06-07,410005.0,El Tepual  Puerto Montt Ap.,-41.4475,-73.09583,4.983333333333333
2002-06-07,430001.0,Quellón Ad.,-43.13361,-73.63278,5.63
2002-06-07,430002.0,Futaleufú Ad.,-43.18889,-71.85222,2.5999999999999996
2002-06-07,450001.0,Puerto Aysén Ad.,-45.39944,-72.67722,3.175
2002-06-07,450004.0,"Teniente Vidal, Coyhaique Ad.",-45.59083,-72.10222,1.5076923076923079
2002-06-07,450005.0,Balmaceda Ad.,-45.91833,-71.67778,-0.5916666666666667
2002-06-07,520006.0,"Carlos Ibañez, Punta Arenas Ap.",-53.00167,-70.83861,-2.337037037037037
2002-06-07,530005.0,"Fuentes Martínez, Porvenir Ad.",-53.25361,-70.32611,0.5454545454545454
2002-06-07,550001.0,"Guardiamarina Zañartu, Pto Williams Ad.",-54.93167,-67.61556,-3.525
2002-06-07,950001.0,"C.M.A. Eduardo Frei Montalva, Antártica ",-62.19194,-58.97972,-5.4125
2002-06-08,180005.0,"Chacalluta, Arica Ap.",-18.35555,-70.34028,17.466666666666665
2002-06-08,200006.0,Diego Aracena Iquique Ap.,-20.54917,-70.18111,16.220833333333335
2002-06-08,220002.0,"El Loa, Calama Ad.",-22.49806,-68.8925,13.4625
2002-06-08,270001.0,Mataveri  Isla de Pascua Ap.,-27.15889,-109.4325,20.633333333333336
2002-06-08,290004.0,"La Florida, La Serena Ad.",-29.91444,-71.20667,11.68235294117647
2002-06-08,330007.0,"Rodelillo, Ad.",-33.06528,-71.55639,12.109090909090908
2002-06-08,330019.0,"Eulogio Sánchez, Tobalaba Ad.",-33.45528,-70.54861,10.25
2002-06-08,330020.0,"Quinta Normal, Santiago",-33.445,-70.68278,8.64
2002-06-08,330021.0,Pudahuel Santiago ,-33.37833,-70.78778,6.408333333333334
2002-06-08,330030.0,"Santo Domingo, Ad.",-33.65611,-71.61333,11.184615384615386
2002-06-08,330031.0,"Juan Fernández, Estación Meteorológica.",-33.63583,-78.83305,12.9
2002-06-08,340031.0,"General Freire, Curicó Ad.",-34.96944,-71.21694,7.263636363636365
2002-06-08,360011.0,"General Bernardo O'Higgins, Chillán Ad.",-36.58583,-72.03667,8.33
2002-06-08,360019.0,"Carriel Sur, Concepción Ap.",-36.78055,-73.06639,10.05185185185185
2002-06-08,370033.0,"María Dolores, Los Angeles Ad.",-37.39694,-72.42389,8.2
2002-06-08,380013.0,"Maquehue, Temuco Ad.",-38.76778,-72.63194,9.633333333333333
2002-06-08,390006.0,"Pichoy, Valdivia Ad.",-39.65667,-73.08722,10.569230769230769
2002-06-08,400009.0,"Cañal Bajo,  Osorno Ad.",-40.61444,-73.0575,9.261538461538462
2002-06-08,410005.0,El Tepual  Puerto Montt Ap.,-41.4475,-73.09583,7.854166666666667
2002-06-08,430002.0,Futaleufú Ad.,-43.18889,-71.85222,2.1384615384615384
2002-06-08,450004.0,"Teniente Vidal, Coyhaique Ad.",-45.59083,-72.10222,0.8833333333333333
2002-06-08,450005.0,Balmaceda Ad.,-45.91833,-71.67778,-0.996
2002-06-08,520006.0,"Carlos Ibañez, Punta Arenas Ap.",-53.00167,-70.83861,-2.9
2002-06-08,530005.0,"Fuentes Martínez, Porvenir Ad.",-53.25361,-70.32611,-1.2727272727272727
2002-06-08,950001.0,"C.M.A. Eduardo Frei Montalva, Antártica ",-62.19194,-58.97972,-9.6
2002-06-09,180005.0,"Chacalluta, Arica Ap.",-18.35555,-70.34028,17.170833333333334
2002-06-09,200006.0,Diego Aracena Iquique Ap.,-20.54917,-70.18111,15.429166666666667
2002-06-09,220002.0,"El Loa, Calama Ad.",-22.49806,-68.8925,15.241666666666667
2002-06-09,270001.0,Mataveri  Isla de Pascua Ap.,-27.15889,-109.4325,20.61111111111111
2002-06-09,290004.0,"La Florida, La Serena Ad.",-29.91444,-71.20667,11.476470588235294
2002-06-09,330007.0,"Rodelillo, Ad.",-33.06528,-71.55639,13.063636363636363
2002-06-09,330019.0,"Eulogio Sánchez, Tobalaba Ad.",-33.45528,-70.54861,10.041666666666666
2002-06-09,330020.0,"Quinta Normal, Santiago",-33.445,-70.68278,10.24
2002-06-09,330021.0,Pudahuel Santiago ,-33.37833,-70.78778,8.71923076923077
2002-06-09,330030.0,"Santo Domingo, Ad.",-33.65611,-71.61333,12.492307692307692
2002-06-09,330031.0,"Juan Fernández, Estación Meteorológica.",-33.63583,-78.83305,13.0
2002-06-09,340031.0,"General Freire, Curicó Ad.",-34.96944,-71.21694,10.154545454545454
2002-06-09,360011.0,"General Bernardo O'Higgins, Chillán Ad.",-36.58583,-72.03667,8.5
2002-06-09,360019.0,"Carriel Sur, Concepción Ap.",-36.78055,-73.06639,9.15
2002-06-09,370033.0,"María Dolores, Los Angeles Ad.",-37.39694,-72.42389,5.5
2002-06-09,380013.0,"Maquehue, Temuco Ad.",-38.76778,-72.63194,6.2749999999999995
2002-06-09,390006.0,"Pichoy, Valdivia Ad.",-39.65667,-73.08722,6.658333333333334
2002-06-09,400009.0,"Cañal Bajo,  Osorno Ad.",-40.61444,-73.0575,5.338461538461539
2002-06-09,410005.0,El Tepual  Puerto Montt Ap.,-41.4475,-73.09583,3.8166666666666664
2002-06-09,430002.0,Futaleufú Ad.,-43.18889,-71.85222,0.0
2002-06-09,450004.0,"Teniente Vidal, Coyhaique Ad.",-45.59083,-72.10222,-0.9692307692307692
2002-06-09,450005.0,Balmaceda Ad.,-45.91833,-71.67778,-7.495833333333334
2002-06-09,520006.0,"Carlos Ibañez, Punta Arenas Ap.",-53.00167,-70.83861,-2.4583333333333335
2002-06-09,950001.0,"C.M.A. Eduardo Frei Montalva, Antártica ",-62.19194,-58.97972,-12.4625
2002-06-10,180005.0,"Chacalluta, Arica Ap.",-18.35555,-70.34028,17.2625
2002-06-10,200006.0,Diego Aracena Iquique Ap.,-20.54917,-70.18111,15.108333333333334
2002-06-10,220002.0,"El Loa, Calama Ad.",-22.49806,-68.8925,13.081249999999999
2002-06-10,270001.0,Mataveri  Isla de Pascua Ap.,-27.15889,-109.4325,19.827272727272728
2002-06-10,290004.0,"La Florida, La Serena Ad.",-29.91444,-71.20667,10.74705882352941
2002-06-10,330007.0,"Rodelillo, Ad.",-33.06528,-71.55639,12.018181818181818
2002-06-10,330019.0,"Eulogio Sánchez, Tobalaba Ad.",-33.45528,-70.54861,11.85
2002-06-10,330020.0,"Quinta Normal, Santiago",-33.445,-70.68278,9.440000000000001
2002-06-10,330021.0,Pudahuel Santiago ,-33.37833,-70.78778,6.1037037037037045
2002-06-10,330030.0,"Santo Domingo, Ad.",-33.65611,-71.61333,10.184615384615386
2002-06-10,330031.0,"Juan Fernández, Estación Meteorológica.",-33.63583,-78.83305,11.14
2002-06-10,340031.0,"General Freire, Curicó Ad.",-34.96944,-71.21694,4.290909090909091
2002-06-10,360011.0,"General Bernardo O'Higgins, Chillán Ad.",-36.58583,-72.03667,5.76
2002-06-10,360019.0,"Carriel Sur, Concepción Ap.",-36.78055,-73.06639,6.458333333333333
2002-06-10,370033.0,"María Dolores, Los Angeles Ad.",-37.39694,-72.42389,5.5
2002-06-10,380013.0,"Maquehue, Temuco Ad.",-38.76778,-72.63194,1.9153846153846152
2002-06-10,390006.0,"Pichoy, Valdivia Ad.",-39.65667,-73.08722,4.716666666666667
2002-06-10,400009.0,"Cañal Bajo,  Osorno Ad.",-40.61444,-73.0575,3.4
2002-06-10,410005.0,El Tepual  Puerto Montt Ap.,-41.4475,-73.09583,2.3583333333333334
2002-06-10,430001.0,Quellón Ad.,-43.13361,-73.63278,5.529999999999999
2002-06-10,430002.0,Futaleufú Ad.,-43.18889,-71.85222,1.4090909090909092
2002-06-10,450001.0,Puerto Aysén Ad.,-45.39944,-72.67722,2.5
2002-06-10,450004.0,"Teniente Vidal, Coyhaique Ad.",-45.59083,-72.10222,1.723076923076923
2002-06-10,450005.0,Balmaceda Ad.,-45.91833,-71.67778,-1.1166666666666667
2002-06-10,520006.0,"Carlos Ibañez, Punta Arenas Ap.",-53.00167,-70.83861,2.995833333333333
2002-06-10,530005.0,"Fuentes Martínez, Porvenir Ad.",-53.25361,-70.32611,4.490909090909091
2002-06-10,550001.0,"Guardiamarina Zañartu, Pto Williams Ad.",-54.93167,-67.61556,3.3333333333333335
2002-06-10,950001.0,"C.M.A. Eduardo Frei Montalva, Antártica ",-62.19194,-58.97972,-13.299999999999999
2002-06-11,180005.0,"Chacalluta, Arica Ap.",-18.35555,-70.34028,16.883333333333333
2002-06-11,200006.0,Diego Aracena Iquique Ap.,-20.54917,-70.18111,13.854166666666666
2002-06-11,220002.0,"El Loa, Calama Ad.",-22.49806,-68.8925,12.258823529411766
2002-06-11,270001.0,Mataveri  Isla de Pascua Ap.,-27.15889,-109.4325,19.23333333333333
2002-06-11,290004.0,"La Florida, La Serena Ad.",-29.91444,-71.20667,11.36470588235294
2002-06-11,330007.0,"Rodelillo, Ad.",-33.06528,-71.55639,10.472727272727273
2002-06-11,330019.0,"Eulogio Sánchez, Tobalaba Ad.",-33.45528,-70.54861,11.409090909090908
2002-06-11,330020.0,"Quinta Normal, Santiago",-33.445,-70.68278,9.5
2002-06-11,330021.0,Pudahuel Santiago ,-33.37833,-70.78778,7.148
2002-06-11,330030.0,"Santo Domingo, Ad.",-33.65611,-71.61333,7.43076923076923
2002-06-11,330031.0,"Juan Fernández, Estación Meteorológica.",-33.63583,-78.83305,11.8
2002-06-11,340031.0,"General Freire, Curicó Ad.",-34.96944,-71.21694,1.7545454545454546
2002-06-11,360011.0,"General Bernardo O'Higgins, Chillán Ad.",-36.58583,-72.03667,6.122222222222222
2002-06-11,360019.0,"Carriel Sur, Concepción Ap.",-36.78055,-73.06639,4.325
2002-06-11,370033.0,"María Dolores, Los Angeles Ad.",-37.39694,-72.42389,5.1
2002-06-11,380013.0,"Maquehue, Temuco Ad.",-38.76778,-72.63194,1.6444444444444444
2002-06-11,390006.0,"Pichoy, Valdivia Ad.",-39.65667,-73.08722,5.733333333333333
2002-06-11,400009.0,"Cañal Bajo,  Osorno Ad.",-40.61444,-73.0575,4.753846153846154
2002-06-11,410005.0,El Tepual  Puerto Montt Ap.,-41.4475,-73.09583,3.5576923076923075
2002-06-11,430001.0,Quellón Ad.,-43.13361,-73.63278,6.12
2002-06-11,430002.0,Futaleufú Ad.,-43.18889,-71.85222,0.34615384615384615
2002-06-11,450001.0,Puerto Aysén Ad.,-45.39944,-72.67722,4.175
2002-06-11,450004.0,"Teniente Vidal, Coyhaique Ad.",-45.59083,-72.10222,1.5384615384615385
2002-06-11,450005.0,Balmaceda Ad.,-45.91833,-71.67778,-1.5833333333333333
2002-06-11,520006.0,"Carlos Ibañez, Punta Arenas Ap.",-53.00167,-70.83861,3.4375
2002-06-11,530005.0,"Fuentes Martínez, Porvenir Ad.",-53.25361,-70.32611,4.090909090909091
2002-06-11,550001.0,"Guardiamarina Zañartu, Pto Williams Ad.",-54.93167,-67.61556,3.1555555555555554
2002-06-11,950001.0,"C.M.A. Eduardo Frei Montalva, Antártica ",-62.19194,-58.97972,-14.225
2002-06-12,180005.0,"Chacalluta, Arica Ap.",-18.35555,-70.34028,17.458333333333332
2002-06-12,200006.0,Diego Aracena Iquique Ap.,-20.54917,-70.18111,16.116666666666667
2002-06-12,220002.0,"El Loa, Calama Ad.",-22.49806,-68.8925,12.48125
2002-06-12,270001.0,Mataveri  Isla de Pascua Ap.,-27.15889,-109.4325,21.744444444444444
2002-06-12,290004.0,"La Florida, La Serena Ad.",-29.91444,-71.20667,12.394117647058822
2002-06-12,330007.0,"Rodelillo, Ad.",-33.06528,-71.55639,9.536363636363637
2002-06-12,330019.0,"Eulogio Sánchez, Tobalaba Ad.",-33.45528,-70.54861,9.883333333333333
2002-06-12,330020.0,"Quinta Normal, Santiago",-33.445,-70.68278,9.02
2002-06-12,330021.0,Pudahuel Santiago ,-33.37833,-70.78778,7.008333333333333
2002-06-12,330030.0,"Santo Domingo, Ad.",-33.65611,-71.61333,9.938461538461537
2002-06-12,330031.0,"Juan Fernández, Estación Meteorológica.",-33.63583,-78.83305,12.6
2002-06-12,340031.0,"General Freire, Curicó Ad.",-34.96944,-71.21694,1.4727272727272727
2002-06-12,360011.0,"General Bernardo O'Higgins, Chillán Ad.",-36.58583,-72.03667,0.42000000000000004
2002-06-12,360019.0,"Carriel Sur, Concepción Ap.",-36.78055,-73.06639,5.383333333333333
2002-06-12,370033.0,"María Dolores, Los Angeles Ad.",-37.39694,-72.42389,5.5
2002-06-12,380013.0,"Maquehue, Temuco Ad.",-38.76778,-72.63194,1.796
2002-06-12,390006.0,"Pichoy, Valdivia Ad.",-39.65667,-73.08722,6.191666666666666
2002-06-12,400009.0,"Cañal Bajo,  Osorno Ad.",-40.61444,-73.0575,6.7846153846153845
2002-06-12,410005.0,El Tepual  Puerto Montt Ap.,-41.4475,-73.09583,6.170833333333333
2002-06-12,430001.0,Quellón Ad.,-43.13361,-73.63278,7.0
2002-06-12,430002.0,Futaleufú Ad.,-43.18889,-71.85222,0.7846153846153846
2002-06-12,450001.0,Puerto Aysén Ad.,-45.39944,-72.67722,3.6500000000000004
2002-06-12,450004.0,"Teniente Vidal, Coyhaique Ad.",-45.59083,-72.10222,2.5076923076923077
2002-06-12,450005.0,Balmaceda Ad.,-45.91833,-71.67778,0.39166666666666666
2002-06-12,520006.0,"Carlos Ibañez, Punta Arenas Ap.",-53.00167,-70.83861,3.454166666666667
2002-06-12,530005.0,"Fuentes Martínez, Porvenir Ad.",-53.25361,-70.32611,4.454545454545454
2002-06-12,550001.0,"Guardiamarina Zañartu, Pto Williams Ad.",-54.93167,-67.61556,3.8444444444444446
2002-06-12,950001.0,"C.M.A. Eduardo Frei Montalva, Antártica ",-62.19194,-58.97972,-8.8375
2002-06-13,180005.0,"Chacalluta, Arica Ap.",-18.35555,-70.34028,17.895833333333332
2002-06-13,200006.0,Diego Aracena Iquique Ap.,-20.54917,-70.18111,16.066666666666666
2002-06-13,220002.0,"El Loa, Calama Ad.",-22.49806,-68.8925,12.325
2002-06-13,270001.0,Mataveri  Isla de Pascua Ap.,-27.15889,-109.4325,20.763636363636365
2002-06-13,290004.0,"La Florida, La Serena Ad.",-29.91444,-71.20667,12.117647058823529
2002-06-13,330007.0,"Rodelillo, Ad.",-33.06528,-71.55639,10.854545454545455
2002-06-13,330019.0,"Eulogio Sánchez, Tobalaba Ad.",-33.45528,-70.54861,8.533333333333333
2002-06-13,330020.0,"Quinta Normal, Santiago",-33.445,-70.68278,8.4
2002-06-13,330021.0,Pudahuel Santiago ,-33.37833,-70.78778,7.104166666666667
2002-06-13,330030.0,"Santo Domingo, Ad.",-33.65611,-71.61333,11.100000000000001
2002-06-13,330031.0,"Juan Fernández, Estación Meteorológica.",-33.63583,-78.83305,12.08
2002-06-13,340031.0,"General Freire, Curicó Ad.",-34.96944,-71.21694,3.6090909090909093
2002-06-13,360011.0,"General Bernardo O'Higgins, Chillán Ad.",-36.58583,-72.03667,0.36
2002-06-13,360019.0,"Carriel Sur, Concepción Ap.",-36.78055,-73.06639,4.1125
2002-06-13,370033.0,"María Dolores, Los Angeles Ad.",-37.39694,-72.42389,2.5999999999999996
2002-06-13,380013.0,"Maquehue, Temuco Ad.",-38.76778,-72.63194,0.31200000000000006
2002-06-13,390006.0,"Pichoy, Valdivia Ad.",-39.65667,-73.08722,6.683333333333334
2002-06-13,400009.0,"Cañal Bajo,  Osorno Ad.",-40.61444,-73.0575,6.769230769230769
2002-06-13,410005.0,El Tepual  Puerto Montt Ap.,-41.4475,-73.09583,5.670833333333333
2002-06-13,430001.0,Quellón Ad.,-43.13361,-73.63278,7.42
2002-06-13,430002.0,Futaleufú Ad.,-43.18889,-71.85222,1.376923076923077
2002-06-13,450001.0,Puerto Aysén Ad.,-45.39944,-72.67722,5.575
2002-06-13,450004.0,"Teniente Vidal, Coyhaique Ad.",-45.59083,-72.10222,3.076923076923077
2002-06-13,450005.0,Balmaceda Ad.,-45.91833,-71.67778,0.9666666666666667
2002-06-13,520006.0,"Carlos Ibañez, Punta Arenas Ap.",-53.00167,-70.83861,3.095833333333333
2002-06-13,530005.0,"Fuentes Martínez, Porvenir Ad.",-53.25361,-70.32611,4.0181818181818185
2002-06-13,550001.0,"Guardiamarina Zañartu, Pto Williams Ad.",-54.93167,-67.61556,0.24444444444444446
2002-06-13,950001.0,"C.M.A. Eduardo Frei Montalva, Antártica ",-62.19194,-58.97972,-16.3125
2002-06-14,180005.0,"Chacalluta, Arica Ap.",-18.35555,-70.34028,17.208333333333332
2002-06-14,200006.0,Diego Aracena Iquique Ap.,-20.54917,-70.18111,15.012500000000001
2002-06-14,220002.0,"El Loa, Calama Ad.",-22.49806,-68.8925,11.06111111111111
2002-06-14,270001.0,Mataveri  Isla de Pascua Ap.,-27.15889,-109.4325,20.616666666666664
2002-06-14,290004.0,"La Florida, La Serena Ad.",-29.91444,-71.20667,10.158823529411764
2002-06-14,330007.0,"Rodelillo, Ad.",-33.06528,-71.55639,11.009090909090908
2002-06-14,330019.0,"Eulogio Sánchez, Tobalaba Ad.",-33.45528,-70.54861,13.581818181818182
2002-06-14,330020.0,"Quinta Normal, Santiago",-33.445,-70.68278,9.26
2002-06-14,330021.0,Pudahuel Santiago ,-33.37833,-70.78778,4.396551724137931
2002-06-14,330030.0,"Santo Domingo, Ad.",-33.65611,-71.61333,8.084615384615384
2002-06-14,330031.0,"Juan Fernández, Estación Meteorológica.",-33.63583,-78.83305,11.4
2002-06-14,340031.0,"General Freire, Curicó Ad.",-34.96944,-71.21694,1.0166666666666666
2002-06-14,360011.0,"General Bernardo O'Higgins, Chillán Ad.",-36.58583,-72.03667,3.5
2002-06-14,360019.0,"Carriel Sur, Concepción Ap.",-36.78055,-73.06639,4.3
2002-06-14,370033.0,"María Dolores, Los Angeles Ad.",-37.39694,-72.42389,5.0
2002-06-14,380013.0,"Maquehue, Temuco Ad.",-38.76778,-72.63194,0.5115384615384616
2002-06-14,390006.0,"Pichoy, Valdivia Ad.",-39.65667,-73.08722,4.808333333333334
2002-06-14,400009.0,"Cañal Bajo,  Osorno Ad.",-40.61444,-73.0575,2.393333333333333
2002-06-14,410005.0,El Tepual  Puerto Montt Ap.,-41.4475,-73.09583,3.8249999999999997
2002-06-14,430001.0,Quellón Ad.,-43.13361,-73.63278,6.69
2002-06-14,430002.0,Futaleufú Ad.,-43.18889,-71.85222,-0.8692307692307691
2002-06-14,450004.0,"Teniente Vidal, Coyhaique Ad.",-45.59083,-72.10222,2.0307692307692307
2002-06-14,450005.0,Balmaceda Ad.,-45.91833,-71.67778,-0.49166666666666664
2002-06-14,520006.0,"Carlos Ibañez, Punta Arenas Ap.",-53.00167,-70.83861,4.1125
2002-06-14,530005.0,"Fuentes Martínez, Porvenir Ad.",-53.25361,-70.32611,5.781818181818182
2002-06-14,550001.0,"Guardiamarina Zañartu, Pto Williams Ad.",-54.93167,-67.61556,4.05
2002-06-14,950001.0,"C.M.A. Eduardo Frei Montalva, Antártica ",-62.19194,-58.97972,-13.4875
2002-06-15,180005.0,"Chacalluta, Arica Ap.",-18.35555,-70.34028,16.870833333333334
2002-06-15,200006.0,Diego Aracena Iquique Ap.,-20.54917,-70.18111,15.424999999999999
2002-06-15,220002.0,"El Loa, Calama Ad.",-22.49806,-68.8925,13.53125
2002-06-15,270001.0,Mataveri  Isla de Pascua Ap.,-27.15889,-109.4325,20.383333333333333
2002-06-15,290004.0,"La Florida, La Serena Ad.",-29.91444,-71.20667,9.383333333333333
2002-06-15,330007.0,"Rodelillo, Ad.",-33.06528,-71.55639,13.009090909090908
2002-06-15,330019.0,"Eulogio Sánchez, Tobalaba Ad.",-33.45528,-70.54861,12.763636363636364
2002-06-15,330020.0,"Quinta Normal, Santiago",-33.445,-70.68278,9.84
2002-06-15,330021.0,Pudahuel Santiago ,-33.37833,-70.78778,6.199999999999999
2002-06-15,330030.0,"Santo Domingo, Ad.",-33.65611,-71.61333,8.861538461538462
2002-06-15,330031.0,"Juan Fernández, Estación Meteorológica.",-33.63583,-78.83305,10.85
2002-06-15,340031.0,"General Freire, Curicó Ad.",-34.96944,-71.21694,1.19
2002-06-15,360011.0,"General Bernardo O'Higgins, Chillán Ad.",-36.58583,-72.03667,2.8200000000000003
2002-06-15,360019.0,"Carriel Sur, Concepción Ap.",-36.78055,-73.06639,3.9166666666666665
2002-06-15,370033.0,"María Dolores, Los Angeles Ad.",-37.39694,-72.42389,3.1
2002-06-15,380013.0,"Maquehue, Temuco Ad.",-38.76778,-72.63194,0.11923076923076924
2002-06-15,390006.0,"Pichoy, Valdivia Ad.",-39.65667,-73.08722,5.7
2002-06-15,400009.0,"Cañal Bajo,  Osorno Ad.",-40.61444,-73.0575,5.453846153846154
2002-06-15,410005.0,El Tepual  Puerto Montt Ap.,-41.4475,-73.09583,5.3125
2002-06-15,430002.0,Futaleufú Ad.,-43.18889,-71.85222,-0.8846153846153846
2002-06-15,450004.0,"Teniente Vidal, Coyhaique Ad.",-45.59083,-72.10222,4.661538461538462
2002-06-15,450005.0,Balmaceda Ad.,-45.91833,-71.67778,2.8000000000000003
2002-06-15,520006.0,"Carlos Ibañez, Punta Arenas Ap.",-53.00167,-70.83861,5.579166666666667
2002-06-15,530005.0,"Fuentes Martínez, Porvenir Ad.",-53.25361,-70.32611,5.363636363636363
2002-06-15,950001.0,"C.M.A. Eduardo Frei Montalva, Antártica ",-62.19194,-58.97972,-17.6125
2002-06-16,180005.0,"Chacalluta, Arica Ap.",-18.35555,-70.34028,17.0125
2002-06-16,200006.0,Diego Aracena Iquique Ap.,-20.54917,-70.18111,15.475
2002-06-16,220002.0,"El Loa, Calama Ad.",-22.49806,-68.8925,13.7
2002-06-16,270001.0,Mataveri  Isla de Pascua Ap.,-27.15889,-109.4325,21.688888888888886
2002-06-16,290004.0,"La Florida, La Serena Ad.",-29.91444,-71.20667,9.855555555555556
2002-06-16,330007.0,"Rodelillo, Ad.",-33.06528,-71.55639,10.563636363636364
2002-06-16,330019.0,"Eulogio Sánchez, Tobalaba Ad.",-33.45528,-70.54861,11.4
2002-06-16,330020.0,"Quinta Normal, Santiago",-33.445,-70.68278,10.040000000000001
2002-06-16,330021.0,Pudahuel Santiago ,-33.37833,-70.78778,7.3
2002-06-16,330030.0,"Santo Domingo, Ad.",-33.65611,-71.61333,8.138461538461538
2002-06-16,330031.0,"Juan Fernández, Estación Meteorológica.",-33.63583,-78.83305,12.9
2002-06-16,340031.0,"General Freire, Curicó Ad.",-34.96944,-71.21694,2.5090909090909093
2002-06-16,360011.0,"General Bernardo O'Higgins, Chillán Ad.",-36.58583,-72.03667,5.9399999999999995
2002-06-16,360019.0,"Carriel Sur, Concepción Ap.",-36.78055,-73.06639,5.329166666666667
2002-06-16,370033.0,"María Dolores, Los Angeles Ad.",-37.39694,-72.42389,5.3
2002-06-16,380013.0,"Maquehue, Temuco Ad.",-38.76778,-72.63194,3.056
2002-06-16,390006.0,"Pichoy, Valdivia Ad.",-39.65667,-73.08722,7.4750000000000005
2002-06-16,400009.0,"Cañal Bajo,  Osorno Ad.",-40.61444,-73.0575,5.085714285714286
2002-06-16,410005.0,El Tepual  Puerto Montt Ap.,-41.4475,-73.09583,4.695833333333334
2002-06-16,430002.0,Futaleufú Ad.,-43.18889,-71.85222,0.6
2002-06-16,450004.0,"Teniente Vidal, Coyhaique Ad.",-45.59083,-72.10222,6.384615384615385
2002-06-16,450005.0,Balmaceda Ad.,-45.91833,-71.67778,4.420833333333333
2002-06-16,520006.0,"Carlos Ibañez, Punta Arenas Ap.",-53.00167,-70.83861,2.552
2002-06-16,950001.0,"C.M.A. Eduardo Frei Montalva, Antártica ",-62.19194,-58.97972,-18.025
2002-06-17,180005.0,"Chacalluta, Arica Ap.",-18.35555,-70.34028,17.058333333333334
2002-06-17,200006.0,Diego Aracena Iquique Ap.,-20.54917,-70.18111,16.158333333333335
2002-06-17,220002.0,"El Loa, Calama Ad.",-22.49806,-68.8925,10.1625
2002-06-17,270001.0,Mataveri  Isla de Pascua Ap.,-27.15889,-109.4325,20.771428571428572
2002-06-17,290004.0,"La Florida, La Serena Ad.",-29.91444,-71.20667,11.758823529411766
2002-06-17,330007.0,"Rodelillo, Ad.",-33.06528,-71.55639,10.4
2002-06-17,330019.0,"Eulogio Sánchez, Tobalaba Ad.",-33.45528,-70.54861,11.672727272727274
2002-06-17,330020.0,"Quinta Normal, Santiago",-33.445,-70.68278,9.24
2002-06-17,330021.0,Pudahuel Santiago ,-33.37833,-70.78778,5.744
2002-06-17,330030.0,"Santo Domingo, Ad.",-33.65611,-71.61333,8.507692307692308
2002-06-17,330031.0,"Juan Fernández, Estación Meteorológica.",-33.63583,-78.83305,12.440000000000001
2002-06-17,340031.0,"General Freire, Curicó Ad.",-34.96944,-71.21694,2.036363636363636
2002-06-17,360011.0,"General Bernardo O'Higgins, Chillán Ad.",-36.58583,-72.03667,7.69
2002-06-17,360019.0,"Carriel Sur, Concepción Ap.",-36.78055,-73.06639,5.656000000000001
2002-06-17,370033.0,"María Dolores, Los Angeles Ad.",-37.39694,-72.42389,10.3
2002-06-17,380013.0,"Maquehue, Temuco Ad.",-38.76778,-72.63194,5.391666666666667
2002-06-17,390006.0,"Pichoy, Valdivia Ad.",-39.65667,-73.08722,8.225
2002-06-17,400009.0,"Cañal Bajo,  Osorno Ad.",-40.61444,-73.0575,8.215384615384615
2002-06-17,410005.0,El Tepual  Puerto Montt Ap.,-41.4475,-73.09583,7.825
2002-06-17,430001.0,Quellón Ad.,-43.13361,-73.63278,10.17
2002-06-17,430002.0,Futaleufú Ad.,-43.18889,-71.85222,7.741666666666667
2002-06-17,450001.0,Puerto Aysén Ad.,-45.39944,-72.67722,9.0
2002-06-17,450004.0,"Teniente Vidal, Coyhaique Ad.",-45.59083,-72.10222,8.0
2002-06-17,450005.0,Balmaceda Ad.,-45.91833,-71.67778,5.258333333333334
2002-06-17,520006.0,"Carlos Ibañez, Punta Arenas Ap.",-53.00167,-70.83861,-4.683333333333334
2002-06-17,530005.0,"Fuentes Martínez, Porvenir Ad.",-53.25361,-70.32611,-4.1454545454545455
2002-06-17,550001.0,"Guardiamarina Zañartu, Pto Williams Ad.",-54.93167,-67.61556,-6.55
2002-06-17,950001.0,"C.M.A. Eduardo Frei Montalva, Antártica ",-62.19194,-58.97972,-12.675
2002-06-18,180005.0,"Chacalluta, Arica Ap.",-18.35555,-70.34028,16.858333333333334
2002-06-18,200006.0,Diego Aracena Iquique Ap.,-20.54917,-70.18111,15.15
2002-06-18,220002.0,"El Loa, Calama Ad.",-22.49806,-68.8925,9.39375
2002-06-18,270001.0,Mataveri  Isla de Pascua Ap.,-27.15889,-109.4325,19.385714285714283
2002-06-18,290004.0,"La Florida, La Serena Ad.",-29.91444,-71.20667,10.058823529411764
2002-06-18,330007.0,"Rodelillo, Ad.",-33.06528,-71.55639,15.70909090909091
2002-06-18,330019.0,"Eulogio Sánchez, Tobalaba Ad.",-33.45528,-70.54861,13.450000000000001
2002-06-18,330020.0,"Quinta Normal, Santiago",-33.445,-70.68278,10.540000000000001
2002-06-18,330021.0,Pudahuel Santiago ,-33.37833,-70.78778,6.516666666666667
2002-06-18,330030.0,"Santo Domingo, Ad.",-33.65611,-71.61333,12.153846153846153
2002-06-18,330031.0,"Juan Fernández, Estación Meteorológica.",-33.63583,-78.83305,12.440000000000001
2002-06-18,340031.0,"General Freire, Curicó Ad.",-34.96944,-71.21694,3.8818181818181823
2002-06-18,360011.0,"General Bernardo O'Higgins, Chillán Ad.",-36.58583,-72.03667,5.720000000000001
2002-06-18,360019.0,"Carriel Sur, Concepción Ap.",-36.78055,-73.06639,8.103703703703705
2002-06-18,370033.0,"María Dolores, Los Angeles Ad.",-37.39694,-72.42389,4.3
2002-06-18,380013.0,"Maquehue, Temuco Ad.",-38.76778,-72.63194,8.5875
2002-06-18,390006.0,"Pichoy, Valdivia Ad.",-39.65667,-73.08722,11.815384615384614
2002-06-18,400009.0,"Cañal Bajo,  Osorno Ad.",-40.61444,-73.0575,11.661538461538461
2002-06-18,410005.0,El Tepual  Puerto Montt Ap.,-41.4475,-73.09583,9.920833333333333
2002-06-18,430001.0,Quellón Ad.,-43.13361,-73.63278,8.370000000000001
2002-06-18,430002.0,Futaleufú Ad.,-43.18889,-71.85222,5.438461538461539
2002-06-18,450001.0,Puerto Aysén Ad.,-45.39944,-72.67722,7.225
2002-06-18,450004.0,"Teniente Vidal, Coyhaique Ad.",-45.59083,-72.10222,6.338461538461539
2002-06-18,450005.0,Balmaceda Ad.,-45.91833,-71.67778,2.775
2002-06-18,520006.0,"Carlos Ibañez, Punta Arenas Ap.",-53.00167,-70.83861,-4.437037037037037
2002-06-18,530005.0,"Fuentes Martínez, Porvenir Ad.",-53.25361,-70.32611,-0.8363636363636363
2002-06-18,950001.0,"C.M.A. Eduardo Frei Montalva, Antártica ",-62.19194,-58.97972,-12.275
2002-06-19,180005.0,"Chacalluta, Arica Ap.",-18.35555,-70.34028,16.283333333333335
2002-06-19,200006.0,Diego Aracena Iquique Ap.,-20.54917,-70.18111,14.075000000000001
2002-06-19,220002.0,"El Loa, Calama Ad.",-22.49806,-68.8925,12.493333333333334
2002-06-19,270001.0,Mataveri  Isla de Pascua Ap.,-27.15889,-109.4325,18.477777777777778
2002-06-19,290004.0,"La Florida, La Serena Ad.",-29.91444,-71.20667,11.541176470588235
2002-06-19,330007.0,"Rodelillo, Ad.",-33.06528,-71.55639,18.954545454545453
2002-06-19,330019.0,"Eulogio Sánchez, Tobalaba Ad.",-33.45528,-70.54861,14.872727272727273
2002-06-19,330020.0,"Quinta Normal, Santiago",-33.445,-70.68278,11.72
2002-06-19,330021.0,Pudahuel Santiago ,-33.37833,-70.78778,7.542307692307692
2002-06-19,330030.0,"Santo Domingo, Ad.",-33.65611,-71.61333,13.623076923076923
2002-06-19,330031.0,"Juan Fernández, Estación Meteorológica.",-33.63583,-78.83305,11.36
2002-06-19,340031.0,"General Freire, Curicó Ad.",-34.96944,-71.21694,5.690909090909091
2002-06-19,360011.0,"General Bernardo O'Higgins, Chillán Ad.",-36.58583,-72.03667,6.69
2002-06-19,360019.0,"Carriel Sur, Concepción Ap.",-36.78055,-73.06639,6.86
2002-06-19,370033.0,"María Dolores, Los Angeles Ad.",-37.39694,-72.42389,4.3
2002-06-19,380013.0,"Maquehue, Temuco Ad.",-38.76778,-72.63194,10.718518518518518
2002-06-19,390006.0,"Pichoy, Valdivia Ad.",-39.65667,-73.08722,12.191666666666668
2002-06-19,400009.0,"Cañal Bajo,  Osorno Ad.",-40.61444,-73.0575,12.115384615384615
2002-06-19,410005.0,El Tepual  Puerto Montt Ap.,-41.4475,-73.09583,11.1875
2002-06-19,430001.0,Quellón Ad.,-43.13361,-73.63278,11.77
2002-06-19,430002.0,Futaleufú Ad.,-43.18889,-71.85222,8.26153846153846
2002-06-19,450001.0,Puerto Aysén Ad.,-45.39944,-72.67722,2.0
2002-06-19,450004.0,"Teniente Vidal, Coyhaique Ad.",-45.59083,-72.10222,0.38461538461538464
2002-06-19,450005.0,Balmaceda Ad.,-45.91833,-71.67778,0.8807692307692307
2002-06-19,520006.0,"Carlos Ibañez, Punta Arenas Ap.",-53.00167,-70.83861,-2.95
2002-06-19,530005.0,"Fuentes Martínez, Porvenir Ad.",-53.25361,-70.32611,-0.6636363636363636
2002-06-19,950001.0,"C.M.A. Eduardo Frei Montalva, Antártica ",-62.19194,-58.97972,-7.7250000000000005
2002-06-20,180005.0,"Chacalluta, Arica Ap.",-18.35555,-70.34028,16.641666666666666
2002-06-20,200006.0,Diego Aracena Iquique Ap.,-20.54917,-70.18111,15.104166666666666
2002-06-20,220002.0,"El Loa, Calama Ad.",-22.49806,-68.8925,15.59375
2002-06-20,270001.0,Mataveri  Isla de Pascua Ap.,-27.15889,-109.4325,18.233333333333334
2002-06-20,290004.0,"La Florida, La Serena Ad.",-29.91444,-71.20667,10.78
2002-06-20,330007.0,"Rodelillo, Ad.",-33.06528,-71.55639,18.19090909090909
2002-06-20,330019.0,"Eulogio Sánchez, Tobalaba Ad.",-33.45528,-70.54861,16.78181818181818
2002-06-20,330020.0,"Quinta Normal, Santiago",-33.445,-70.68278,13.459999999999999
2002-06-20,330021.0,Pudahuel Santiago ,-33.37833,-70.78778,9.25
2002-06-20,330030.0,"Santo Domingo, Ad.",-33.65611,-71.61333,13.038461538461538
2002-06-20,330031.0,"Juan Fernández, Estación Meteorológica.",-33.63583,-78.83305,13.24
2002-06-20,340031.0,"General Freire, Curicó Ad.",-34.96944,-71.21694,5.4363636363636365
2002-06-20,360011.0,"General Bernardo O'Higgins, Chillán Ad.",-36.58583,-72.03667,10.92
2002-06-20,360019.0,"Carriel Sur, Concepción Ap.",-36.78055,-73.06639,8.155555555555555
2002-06-20,370033.0,"María Dolores, Los Angeles Ad.",-37.39694,-72.42389,7.35
2002-06-20,380013.0,"Maquehue, Temuco Ad.",-38.76778,-72.63194,10.279166666666667
2002-06-20,390006.0,"Pichoy, Valdivia Ad.",-39.65667,-73.08722,10.733333333333334
2002-06-20,400009.0,"Cañal Bajo,  Osorno Ad.",-40.61444,-73.0575,8.528571428571428
2002-06-20,410005.0,El Tepual  Puerto Montt Ap.,-41.4475,-73.09583,8.2875
2002-06-20,430001.0,Quellón Ad.,-43.13361,-73.63278,6.13
2002-06-20,430002.0,Futaleufú Ad.,-43.18889,-71.85222,0.35384615384615387
2002-06-20,450001.0,Puerto Aysén Ad.,-45.39944,-72.67722,1.625
2002-06-20,450004.0,"Teniente Vidal, Coyhaique Ad.",-45.59083,-72.10222,-6.992307692307692
2002-06-20,450005.0,Balmaceda Ad.,-45.91833,-71.67778,-10.416666666666666
2002-06-20,520006.0,"Carlos Ibañez, Punta Arenas Ap.",-53.00167,-70.83861,-2.8375
2002-06-20,530005.0,"Fuentes Martínez, Porvenir Ad.",-53.25361,-70.32611,0.7636363636363637
2002-06-20,950001.0,"C.M.A. Eduardo Frei Montalva, Antártica ",-62.19194,-58.97972,-5.55
2002-06-21,180005.0,"Chacalluta, Arica Ap.",-18.35555,-70.34028,16.870833333333334
2002-06-21,200006.0,Diego Aracena Iquique Ap.,-20.54917,-70.18111,15.333333333333334
2002-06-21,220002.0,"El Loa, Calama Ad.",-22.49806,-68.8925,16.625
2002-06-21,270001.0,Mataveri  Isla de Pascua Ap.,-27.15889,-109.4325,17.95
2002-06-21,290004.0,"La Florida, La Serena Ad.",-29.91444,-71.20667,10.48235294117647
2002-06-21,330007.0,"Rodelillo, Ad.",-33.06528,-71.55639,14.854545454545455
2002-06-21,330019.0,"Eulogio Sánchez, Tobalaba Ad.",-33.45528,-70.54861,15.924999999999999
2002-06-21,330020.0,"Quinta Normal, Santiago",-33.445,-70.68278,13.0
2002-06-21,330021.0,Pudahuel Santiago ,-33.37833,-70.78778,9.033333333333333
2002-06-21,330030.0,"Santo Domingo, Ad.",-33.65611,-71.61333,11.792307692307691
2002-06-21,330031.0,"Juan Fernández, Estación Meteorológica.",-33.63583,-78.83305,13.36
2002-06-21,340031.0,"General Freire, Curicó Ad.",-34.96944,-71.21694,6.618181818181818
2002-06-21,360011.0,"General Bernardo O'Higgins, Chillán Ad.",-36.58583,-72.03667,9.05
2002-06-21,360019.0,"Carriel Sur, Concepción Ap.",-36.78055,-73.06639,9.4625
2002-06-21,370033.0,"María Dolores, Los Angeles Ad.",-37.39694,-72.42389,8.4
2002-06-21,380013.0,"Maquehue, Temuco Ad.",-38.76778,-72.63194,5.74
2002-06-21,390006.0,"Pichoy, Valdivia Ad.",-39.65667,-73.08722,5.7
2002-06-21,400009.0,"Cañal Bajo,  Osorno Ad.",-40.61444,-73.0575,6.292307692307692
2002-06-21,410005.0,El Tepual  Puerto Montt Ap.,-41.4475,-73.09583,1.4080000000000001
2002-06-21,430001.0,Quellón Ad.,-43.13361,-73.63278,5.85
2002-06-21,430002.0,Futaleufú Ad.,-43.18889,-71.85222,-2.9692307692307693
2002-06-21,450001.0,Puerto Aysén Ad.,-45.39944,-72.67722,-1.35
2002-06-21,450004.0,"Teniente Vidal, Coyhaique Ad.",-45.59083,-72.10222,-14.507692307692308
2002-06-21,450005.0,Balmaceda Ad.,-45.91833,-71.67778,-21.729166666666668
2002-06-21,520006.0,"Carlos Ibañez, Punta Arenas Ap.",-53.00167,-70.83861,-2.4166666666666665
2002-06-21,530005.0,"Fuentes Martínez, Porvenir Ad.",-53.25361,-70.32611,1.1636363636363638
2002-06-21,950001.0,"C.M.A. Eduardo Frei Montalva, Antártica ",-62.19194,-58.97972,-3.55
2002-06-22,180005.0,"Chacalluta, Arica Ap.",-18.35555,-70.34028,17.058333333333334
2002-06-22,200006.0,Diego Aracena Iquique Ap.,-20.54917,-70.18111,14.758333333333333
2002-06-22,220002.0,"El Loa, Calama Ad.",-22.49806,-68.8925,17.04375
2002-06-22,270001.0,Mataveri  Isla de Pascua Ap.,-27.15889,-109.4325,18.3
2002-06-22,290004.0,"La Florida, La Serena Ad.",-29.91444,-71.20667,10.452941176470588
2002-06-22,330007.0,"Rodelillo, Ad.",-33.06528,-71.55639,9.163636363636364
2002-06-22,330019.0,"Eulogio Sánchez, Tobalaba Ad.",-33.45528,-70.54861,18.054545454545455
2002-06-22,330020.0,"Quinta Normal, Santiago",-33.445,-70.68278,13.48
2002-06-22,330021.0,Pudahuel Santiago ,-33.37833,-70.78778,9.516666666666667
2002-06-22,330030.0,"Santo Domingo, Ad.",-33.65611,-71.61333,8.976923076923077
2002-06-22,330031.0,"Juan Fernández, Estación Meteorológica.",-33.63583,-78.83305,13.6
2002-06-22,340031.0,"General Freire, Curicó Ad.",-34.96944,-71.21694,7.381818181818182
2002-06-22,360011.0,"General Bernardo O'Higgins, Chillán Ad.",-36.58583,-72.03667,8.09
2002-06-22,360019.0,"Carriel Sur, Concepción Ap.",-36.78055,-73.06639,7.545833333333333
2002-06-22,370033.0,"María Dolores, Los Angeles Ad.",-37.39694,-72.42389,4.3
2002-06-22,380013.0,"Maquehue, Temuco Ad.",-38.76778,-72.63194,2.9692307692307693
2002-06-22,390006.0,"Pichoy, Valdivia Ad.",-39.65667,-73.08722,5.05
2002-06-22,400009.0,"Cañal Bajo,  Osorno Ad.",-40.61444,-73.0575,4.2
2002-06-22,410005.0,El Tepual  Puerto Montt Ap.,-41.4475,-73.09583,1.675
2002-06-22,430002.0,Futaleufú Ad.,-43.18889,-71.85222,-2.8923076923076922
2002-06-22,450004.0,"Teniente Vidal, Coyhaique Ad.",-45.59083,-72.10222,-14.007692307692308
2002-06-22,450005.0,Balmaceda Ad.,-45.91833,-71.67778,-20.4375
2002-06-22,520006.0,"Carlos Ibañez, Punta Arenas Ap.",-53.00167,-70.83861,0.4124999999999999
2002-06-22,530005.0,"Fuentes Martínez, Porvenir Ad.",-53.25361,-70.32611,2.472727272727273
2002-06-22,950001.0,"C.M.A. Eduardo Frei Montalva, Antártica ",-62.19194,-58.97972,-1.7125000000000001
2002-06-23,180005.0,"Chacalluta, Arica Ap.",-18.35555,-70.34028,16.058333333333334
2002-06-23,200006.0,Diego Aracena Iquique Ap.,-20.54917,-70.18111,14.604166666666666
2002-06-23,220002.0,"El Loa, Calama Ad.",-22.49806,-68.8925,18.73846153846154
2002-06-23,270001.0,Mataveri  Isla de Pascua Ap.,-27.15889,-109.4325,19.041666666666668
2002-06-23,290004.0,"La Florida, La Serena Ad.",-29.91444,-71.20667,10.710526315789474
2002-06-23,330007.0,"Rodelillo, Ad.",-33.06528,-71.55639,7.4363636363636365
2002-06-23,330019.0,"Eulogio Sánchez, Tobalaba Ad.",-33.45528,-70.54861,16.849999999999998
2002-06-23,330020.0,"Quinta Normal, Santiago",-33.445,-70.68278,12.4
2002-06-23,330021.0,Pudahuel Santiago ,-33.37833,-70.78778,8.056000000000001
2002-06-23,330030.0,"Santo Domingo, Ad.",-33.65611,-71.61333,8.684615384615384
2002-06-23,330031.0,"Juan Fernández, Estación Meteorológica.",-33.63583,-78.83305,10.95
2002-06-23,340031.0,"General Freire, Curicó Ad.",-34.96944,-71.21694,8.299999999999999
2002-06-23,360011.0,"General Bernardo O'Higgins, Chillán Ad.",-36.58583,-72.03667,6.76
2002-06-23,360019.0,"Carriel Sur, Concepción Ap.",-36.78055,-73.06639,6.8
2002-06-23,370033.0,"María Dolores, Los Angeles Ad.",-37.39694,-72.42389,5.9
2002-06-23,380013.0,"Maquehue, Temuco Ad.",-38.76778,-72.63194,3.1576923076923076
2002-06-23,390006.0,"Pichoy, Valdivia Ad.",-39.65667,-73.08722,4.55
2002-06-23,400009.0,"Cañal Bajo,  Osorno Ad.",-40.61444,-73.0575,6.084615384615384
2002-06-23,410005.0,El Tepual  Puerto Montt Ap.,-41.4475,-73.09583,2.5208333333333335
2002-06-23,430002.0,Futaleufú Ad.,-43.18889,-71.85222,-4.2
2002-06-23,450004.0,"Teniente Vidal, Coyhaique Ad.",-45.59083,-72.10222,-11.092307692307692
2002-06-23,450005.0,Balmaceda Ad.,-45.91833,-71.67778,-16.079166666666666
2002-06-23,520006.0,"Carlos Ibañez, Punta Arenas Ap.",-53.00167,-70.83861,1.741666666666667
2002-06-23,950001.0,"C.M.A. Eduardo Frei Montalva, Antártica ",-62.19194,-58.97972,-2.95
2002-06-24,180005.0,"Chacalluta, Arica Ap.",-18.35555,-70.34028,16.316666666666666
2002-06-24,200006.0,Diego Aracena Iquique Ap.,-20.54917,-70.18111,16.258333333333333
2002-06-24,220002.0,"El Loa, Calama Ad.",-22.49806,-68.8925,17.15
2002-06-24,270001.0,Mataveri  Isla de Pascua Ap.,-27.15889,-109.4325,18.849999999999998
2002-06-24,290004.0,"La Florida, La Serena Ad.",-29.91444,-71.20667,11.994117647058824
2002-06-24,330007.0,"Rodelillo, Ad.",-33.06528,-71.55639,9.790909090909091
2002-06-24,330019.0,"Eulogio Sánchez, Tobalaba Ad.",-33.45528,-70.54861,8.072727272727272
2002-06-24,330020.0,"Quinta Normal, Santiago",-33.445,-70.68278,6.38
2002-06-24,330021.0,Pudahuel Santiago ,-33.37833,-70.78778,4.988461538461538
2002-06-24,330030.0,"Santo Domingo, Ad.",-33.65611,-71.61333,11.961538461538462
2002-06-24,330031.0,"Juan Fernández, Estación Meteorológica.",-33.63583,-78.83305,12.68
2002-06-24,340031.0,"General Freire, Curicó Ad.",-34.96944,-71.21694,8.245454545454546
2002-06-24,360011.0,"General Bernardo O'Higgins, Chillán Ad.",-36.58583,-72.03667,8.440000000000001
2002-06-24,360019.0,"Carriel Sur, Concepción Ap.",-36.78055,-73.06639,9.8125
2002-06-24,370033.0,"María Dolores, Los Angeles Ad.",-37.39694,-72.42389,6.300000000000001
2002-06-24,380013.0,"Maquehue, Temuco Ad.",-38.76778,-72.63194,3.6814814814814816
2002-06-24,390006.0,"Pichoy, Valdivia Ad.",-39.65667,-73.08722,3.4545454545454546
2002-06-24,400009.0,"Cañal Bajo,  Osorno Ad.",-40.61444,-73.0575,4.869230769230769
2002-06-24,410005.0,El Tepual  Puerto Montt Ap.,-41.4475,-73.09583,2.8791666666666664
2002-06-24,430001.0,Quellón Ad.,-43.13361,-73.63278,6.779999999999999
2002-06-24,430002.0,Futaleufú Ad.,-43.18889,-71.85222,-1.55
2002-06-24,450001.0,Puerto Aysén Ad.,-45.39944,-72.67722,-0.375
2002-06-24,450004.0,"Teniente Vidal, Coyhaique Ad.",-45.59083,-72.10222,-10.938461538461537
2002-06-24,450005.0,Balmaceda Ad.,-45.91833,-71.67778,-15.095833333333333
2002-06-24,520006.0,"Carlos Ibañez, Punta Arenas Ap.",-53.00167,-70.83861,-2.725925925925926
2002-06-24,530005.0,"Fuentes Martínez, Porvenir Ad.",-53.25361,-70.32611,-2.036363636363636
2002-06-24,950001.0,"C.M.A. Eduardo Frei Montalva, Antártica ",-62.19194,-58.97972,-0.4625
2002-06-25,180005.0,"Chacalluta, Arica Ap.",-18.35555,-70.34028,16.995833333333334
2002-06-25,200006.0,Diego Aracena Iquique Ap.,-20.54917,-70.18111,16.991666666666667
2002-06-25,220002.0,"El Loa, Calama Ad.",-22.49806,-68.8925,16.400000000000002
2002-06-25,270001.0,Mataveri  Isla de Pascua Ap.,-27.15889,-109.4325,18.1625
2002-06-25,290004.0,"La Florida, La Serena Ad.",-29.91444,-71.20667,11.270588235294117
2002-06-25,330007.0,"Rodelillo, Ad.",-33.06528,-71.55639,11.936363636363637
2002-06-25,330019.0,"Eulogio Sánchez, Tobalaba Ad.",-33.45528,-70.54861,9.254545454545454
2002-06-25,330020.0,"Quinta Normal, Santiago",-33.445,-70.68278,8.0
2002-06-25,330021.0,Pudahuel Santiago ,-33.37833,-70.78778,5.893103448275863
2002-06-25,330030.0,"Santo Domingo, Ad.",-33.65611,-71.61333,12.438461538461537
2002-06-25,330031.0,"Juan Fernández, Estación Meteorológica.",-33.63583,-78.83305,15.040000000000001
2002-06-25,340031.0,"General Freire, Curicó Ad.",-34.96944,-71.21694,11.127272727272727
2002-06-25,360011.0,"General Bernardo O'Higgins, Chillán Ad.",-36.58583,-72.03667,10.36
2002-06-25,360019.0,"Carriel Sur, Concepción Ap.",-36.78055,-73.06639,11.945833333333333
2002-06-25,370033.0,"María Dolores, Los Angeles Ad.",-37.39694,-72.42389,10.399999999999999
2002-06-25,380013.0,"Maquehue, Temuco Ad.",-38.76778,-72.63194,11.15
2002-06-25,390006.0,"Pichoy, Valdivia Ad.",-39.65667,-73.08722,12.35
2002-06-25,400009.0,"Cañal Bajo,  Osorno Ad.",-40.61444,-73.0575,11.192307692307692
2002-06-25,410005.0,El Tepual  Puerto Montt Ap.,-41.4475,-73.09583,10.4125
2002-06-25,430001.0,Quellón Ad.,-43.13361,-73.63278,9.940000000000001
2002-06-25,430002.0,Futaleufú Ad.,-43.18889,-71.85222,0.7461538461538461
2002-06-25,450001.0,Puerto Aysén Ad.,-45.39944,-72.67722,0.575
2002-06-25,450004.0,"Teniente Vidal, Coyhaique Ad.",-45.59083,-72.10222,-5.046153846153846
2002-06-25,450005.0,Balmaceda Ad.,-45.91833,-71.67778,-9.420833333333333
2002-06-25,520006.0,"Carlos Ibañez, Punta Arenas Ap.",-53.00167,-70.83861,1.3583333333333334
2002-06-25,530005.0,"Fuentes Martínez, Porvenir Ad.",-53.25361,-70.32611,2.018181818181818
2002-06-25,950001.0,"C.M.A. Eduardo Frei Montalva, Antártica ",-62.19194,-58.97972,-2.0875
2002-06-26,180005.0,"Chacalluta, Arica Ap.",-18.35555,-70.34028,17.55
2002-06-26,200006.0,Diego Aracena Iquique Ap.,-20.54917,-70.18111,16.55
2002-06-26,220002.0,"El Loa, Calama Ad.",-22.49806,-68.8925,14.2
2002-06-26,270001.0,Mataveri  Isla de Pascua Ap.,-27.15889,-109.4325,18.90909090909091
2002-06-26,290004.0,"La Florida, La Serena Ad.",-29.91444,-71.20667,12.51764705882353
2002-06-26,330007.0,"Rodelillo, Ad.",-33.06528,-71.55639,10.39090909090909
2002-06-26,330019.0,"Eulogio Sánchez, Tobalaba Ad.",-33.45528,-70.54861,9.742857142857144
2002-06-26,330020.0,"Quinta Normal, Santiago",-33.445,-70.68278,9.68
2002-06-26,330021.0,Pudahuel Santiago ,-33.37833,-70.78778,6.25
2002-06-26,330030.0,"Santo Domingo, Ad.",-33.65611,-71.61333,12.13846153846154
2002-06-26,330031.0,"Juan Fernández, Estación Meteorológica.",-33.63583,-78.83305,12.72
2002-06-26,340031.0,"General Freire, Curicó Ad.",-34.96944,-71.21694,10.727272727272727
2002-06-26,360011.0,"General Bernardo O'Higgins, Chillán Ad.",-36.58583,-72.03667,11.92
2002-06-26,360019.0,"Carriel Sur, Concepción Ap.",-36.78055,-73.06639,11.722222222222221
2002-06-26,370033.0,"María Dolores, Los Angeles Ad.",-37.39694,-72.42389,10.0
2002-06-26,380013.0,"Maquehue, Temuco Ad.",-38.76778,-72.63194,12.057692307692308
2002-06-26,390006.0,"Pichoy, Valdivia Ad.",-39.65667,-73.08722,11.281818181818181
2002-06-26,400009.0,"Cañal Bajo,  Osorno Ad.",-40.61444,-73.0575,10.953846153846154
2002-06-26,410005.0,El Tepual  Puerto Montt Ap.,-41.4475,-73.09583,10.299999999999999
2002-06-26,430001.0,Quellón Ad.,-43.13361,-73.63278,8.68
2002-06-26,430002.0,Futaleufú Ad.,-43.18889,-71.85222,3.4615384615384617
2002-06-26,450001.0,Puerto Aysén Ad.,-45.39944,-72.67722,4.725
2002-06-26,450004.0,"Teniente Vidal, Coyhaique Ad.",-45.59083,-72.10222,4.3307692307692305
2002-06-26,450005.0,Balmaceda Ad.,-45.91833,-71.67778,1.6666666666666667
2002-06-26,520006.0,"Carlos Ibañez, Punta Arenas Ap.",-53.00167,-70.83861,1.3333333333333333
2002-06-26,530005.0,"Fuentes Martínez, Porvenir Ad.",-53.25361,-70.32611,1.9090909090909092
2002-06-26,950001.0,"C.M.A. Eduardo Frei Montalva, Antártica ",-62.19194,-58.97972,-1.3125
2002-06-27,180005.0,"Chacalluta, Arica Ap.",-18.35555,-70.34028,15.5875
2002-06-27,200006.0,Diego Aracena Iquique Ap.,-20.54917,-70.18111,15.504166666666668
2002-06-27,220002.0,"El Loa, Calama Ad.",-22.49806,-68.8925,14.033333333333333
2002-06-27,270001.0,Mataveri  Isla de Pascua Ap.,-27.15889,-109.4325,18.476470588235294
2002-06-27,290004.0,"La Florida, La Serena Ad.",-29.91444,-71.20667,11.476470588235294
2002-06-27,330007.0,"Rodelillo, Ad.",-33.06528,-71.55639,12.154545454545454
2002-06-27,330019.0,"Eulogio Sánchez, Tobalaba Ad.",-33.45528,-70.54861,11.836363636363636
2002-06-27,330020.0,"Quinta Normal, Santiago",-33.445,-70.68278,11.879999999999999
2002-06-27,330021.0,Pudahuel Santiago ,-33.37833,-70.78778,10.5125
2002-06-27,330030.0,"Santo Domingo, Ad.",-33.65611,-71.61333,13.069230769230769
2002-06-27,330031.0,"Juan Fernández, Estación Meteorológica.",-33.63583,-78.83305,12.34
2002-06-27,340031.0,"General Freire, Curicó Ad.",-34.96944,-71.21694,11.558333333333332
2002-06-27,360011.0,"General Bernardo O'Higgins, Chillán Ad.",-36.58583,-72.03667,9.98
2002-06-27,360019.0,"Carriel Sur, Concepción Ap.",-36.78055,-73.06639,10.011538461538462
2002-06-27,370033.0,"María Dolores, Los Angeles Ad.",-37.39694,-72.42389,7.3
2002-06-27,380013.0,"Maquehue, Temuco Ad.",-38.76778,-72.63194,7.903846153846154
2002-06-27,390006.0,"Pichoy, Valdivia Ad.",-39.65667,-73.08722,8.176923076923076
2002-06-27,400009.0,"Cañal Bajo,  Osorno Ad.",-40.61444,-73.0575,7.235714285714286
2002-06-27,410005.0,El Tepual  Puerto Montt Ap.,-41.4475,-73.09583,6.324
2002-06-27,430001.0,Quellón Ad.,-43.13361,-73.63278,6.32
2002-06-27,430002.0,Futaleufú Ad.,-43.18889,-71.85222,2.353846153846154
2002-06-27,450001.0,Puerto Aysén Ad.,-45.39944,-72.67722,4.225
2002-06-27,450004.0,"Teniente Vidal, Coyhaique Ad.",-45.59083,-72.10222,2.5846153846153848
2002-06-27,450005.0,Balmaceda Ad.,-45.91833,-71.67778,1.2166666666666666
2002-06-27,520006.0,"Carlos Ibañez, Punta Arenas Ap.",-53.00167,-70.83861,0.37916666666666665
2002-06-27,530005.0,"Fuentes Martínez, Porvenir Ad.",-53.25361,-70.32611,1.6363636363636365
2002-06-27,950001.0,"C.M.A. Eduardo Frei Montalva, Antártica ",-62.19194,-58.97972,-5.7375
2002-06-28,180005.0,"Chacalluta, Arica Ap.",-18.35555,-70.34028,17.695833333333333
2002-06-28,200006.0,Diego Aracena Iquique Ap.,-20.54917,-70.18111,16.208333333333332
2002-06-28,220002.0,"El Loa, Calama Ad.",-22.49806,-68.8925,13.125
2002-06-28,270001.0,Mataveri  Isla de Pascua Ap.,-27.15889,-109.4325,18.98888888888889
2002-06-28,290004.0,"La Florida, La Serena Ad.",-29.91444,-71.20667,11.41764705882353
2002-06-28,330007.0,"Rodelillo, Ad.",-33.06528,-71.55639,10.136363636363637
2002-06-28,330019.0,"Eulogio Sánchez, Tobalaba Ad.",-33.45528,-70.54861,8.054545454545455
2002-06-28,330020.0,"Quinta Normal, Santiago",-33.445,-70.68278,9.84
2002-06-28,330021.0,Pudahuel Santiago ,-33.37833,-70.78778,9.441666666666666
2002-06-28,330030.0,"Santo Domingo, Ad.",-33.65611,-71.61333,11.676923076923078
2002-06-28,330031.0,"Juan Fernández, Estación Meteorológica.",-33.63583,-78.83305,10.52
2002-06-28,340031.0,"General Freire, Curicó Ad.",-34.96944,-71.21694,7.866666666666667
2002-06-28,360011.0,"General Bernardo O'Higgins, Chillán Ad.",-36.58583,-72.03667,8.55
2002-06-28,360019.0,"Carriel Sur, Concepción Ap.",-36.78055,-73.06639,7.379166666666666
2002-06-28,370033.0,"María Dolores, Los Angeles Ad.",-37.39694,-72.42389,5.800000000000001
2002-06-28,380013.0,"Maquehue, Temuco Ad.",-38.76778,-72.63194,5.3125
2002-06-28,390006.0,"Pichoy, Valdivia Ad.",-39.65667,-73.08722,5.333333333333333
2002-06-28,400009.0,"Cañal Bajo,  Osorno Ad.",-40.61444,-73.0575,5.1
2002-06-28,410005.0,El Tepual  Puerto Montt Ap.,-41.4475,-73.09583,4.059259259259259
2002-06-28,430001.0,Quellón Ad.,-43.13361,-73.63278,5.79
2002-06-28,430002.0,Futaleufú Ad.,-43.18889,-71.85222,1.5461538461538462
2002-06-28,450001.0,Puerto Aysén Ad.,-45.39944,-72.67722,4.225
2002-06-28,450004.0,"Teniente Vidal, Coyhaique Ad.",-45.59083,-72.10222,0.7692307692307693
2002-06-28,450005.0,Balmaceda Ad.,-45.91833,-71.67778,-1.2791666666666666
2002-06-28,520006.0,"Carlos Ibañez, Punta Arenas Ap.",-53.00167,-70.83861,0.25
2002-06-28,530005.0,"Fuentes Martínez, Porvenir Ad.",-53.25361,-70.32611,2.3666666666666667
2002-06-28,950001.0,"C.M.A. Eduardo Frei Montalva, Antártica ",-62.19194,-58.97972,-10.075
2002-06-29,180005.0,"Chacalluta, Arica Ap.",-18.35555,-70.34028,17.304166666666667
2002-06-29,200006.0,Diego Aracena Iquique Ap.,-20.54917,-70.18111,16.162499999999998
2002-06-29,220002.0,"El Loa, Calama Ad.",-22.49806,-68.8925,14.69375
2002-06-29,270001.0,Mataveri  Isla de Pascua Ap.,-27.15889,-109.4325,19.466666666666665
2002-06-29,290004.0,"La Florida, La Serena Ad.",-29.91444,-71.20667,9.952941176470588
2002-06-29,330007.0,"Rodelillo, Ad.",-33.06528,-71.55639,8.218181818181819
2002-06-29,330019.0,"Eulogio Sánchez, Tobalaba Ad.",-33.45528,-70.54861,6.730769230769231
2002-06-29,330020.0,"Quinta Normal, Santiago",-33.445,-70.68278,7.82
2002-06-29,330021.0,Pudahuel Santiago ,-33.37833,-70.78778,6.983333333333333
2002-06-29,330030.0,"Santo Domingo, Ad.",-33.65611,-71.61333,9.123076923076923
2002-06-29,330031.0,"Juan Fernández, Estación Meteorológica.",-33.63583,-78.83305,10.5
2002-06-29,340031.0,"General Freire, Curicó Ad.",-34.96944,-71.21694,4.381818181818182
2002-06-29,360011.0,"General Bernardo O'Higgins, Chillán Ad.",-36.58583,-72.03667,4.2
2002-06-29,360019.0,"Carriel Sur, Concepción Ap.",-36.78055,-73.06639,3.5833333333333335
2002-06-29,370033.0,"María Dolores, Los Angeles Ad.",-37.39694,-72.42389,1.1
2002-06-29,380013.0,"Maquehue, Temuco Ad.",-38.76778,-72.63194,4.483333333333333
2002-06-29,390006.0,"Pichoy, Valdivia Ad.",-39.65667,-73.08722,5.75
2002-06-29,400009.0,"Cañal Bajo,  Osorno Ad.",-40.61444,-73.0575,3.2214285714285715
2002-06-29,410005.0,El Tepual  Puerto Montt Ap.,-41.4475,-73.09583,3.3083333333333336
2002-06-29,430002.0,Futaleufú Ad.,-43.18889,-71.85222,0.8076923076923077
2002-06-29,450004.0,"Teniente Vidal, Coyhaique Ad.",-45.59083,-72.10222,0.4076923076923077
2002-06-29,450005.0,Balmaceda Ad.,-45.91833,-71.67778,-3.529166666666667
2002-06-29,520006.0,"Carlos Ibañez, Punta Arenas Ap.",-53.00167,-70.83861,4.141666666666667
2002-06-29,950001.0,"C.M.A. Eduardo Frei Montalva, Antártica ",-62.19194,-58.97972,-6.4875
2002-06-30,180005.0,"Chacalluta, Arica Ap.",-18.35555,-70.34028,17.037499999999998
2002-06-30,200006.0,Diego Aracena Iquique Ap.,-20.54917,-70.18111,16.120833333333334
2002-06-30,220002.0,"El Loa, Calama Ad.",-22.49806,-68.8925,17.214285714285715
2002-06-30,270001.0,Mataveri  Isla de Pascua Ap.,-27.15889,-109.4325,19.942857142857143
2002-06-30,290004.0,"La Florida, La Serena Ad.",-29.91444,-71.20667,9.358823529411765
2002-06-30,330007.0,"Rodelillo, Ad.",-33.06528,-71.55639,6.909090909090909
2002-06-30,330019.0,"Eulogio Sánchez, Tobalaba Ad.",-33.45528,-70.54861,4.709090909090909
2002-06-30,330020.0,"Quinta Normal, Santiago",-33.445,-70.68278,5.1
2002-06-30,330021.0,Pudahuel Santiago ,-33.37833,-70.78778,3.579166666666667
2002-06-30,330030.0,"Santo Domingo, Ad.",-33.65611,-71.61333,7.0
2002-06-30,330031.0,"Juan Fernández, Estación Meteorológica.",-33.63583,-78.83305,10.0
2002-06-30,340031.0,"General Freire, Curicó Ad.",-34.96944,-71.21694,5.472727272727273
2002-06-30,360011.0,"General Bernardo O'Higgins, Chillán Ad.",-36.58583,-72.03667,1.25
2002-06-30,360019.0,"Carriel Sur, Concepción Ap.",-36.78055,-73.06639,3.8333333333333335
2002-06-30,370033.0,"María Dolores, Los Angeles Ad.",-37.39694,-72.42389,4.6
2002-06-30,380013.0,"Maquehue, Temuco Ad.",-38.76778,-72.63194,2.0375
2002-06-30,390006.0,"Pichoy, Valdivia Ad.",-39.65667,-73.08722,4.016666666666667
2002-06-30,400009.0,"Cañal Bajo,  Osorno Ad.",-40.61444,-73.0575,3.753846153846154
2002-06-30,410005.0,El Tepual  Puerto Montt Ap.,-41.4475,-73.09583,3.0749999999999997
2002-06-30,430002.0,Futaleufú Ad.,-43.18889,-71.85222,-1.0
2002-06-30,450004.0,"Teniente Vidal, Coyhaique Ad.",-45.59083,-72.10222,3.015384615384615
2002-06-30,450005.0,Balmaceda Ad.,-45.91833,-71.67778,-1.7541666666666664
2002-06-30,520006.0,"Carlos Ibañez, Punta Arenas Ap.",-53.00167,-70.83861,4.745833333333334
2002-06-30,950001.0,"C.M.A. Eduardo Frei Montalva, Antártica ",-62.19194,-58.97972,-8.9875
2002-07-01,180005.0,"Chacalluta, Arica Ap.",-18.35555,-70.34028,16.195833333333333
2002-07-01,200006.0,Diego Aracena Iquique Ap.,-20.54917,-70.18111,15.9
2002-07-01,220002.0,"El Loa, Calama Ad.",-22.49806,-68.8925,16.81875
2002-07-01,270001.0,Mataveri  Isla de Pascua Ap.,-27.15889,-109.4325,19.735714285714288
2002-07-01,290004.0,"La Florida, La Serena Ad.",-29.91444,-71.20667,7.888235294117647
2002-07-01,330007.0,"Rodelillo, Ad.",-33.06528,-71.55639,7.990909090909091
2002-07-01,330019.0,"Eulogio Sánchez, Tobalaba Ad.",-33.45528,-70.54861,5.7
2002-07-01,330020.0,"Quinta Normal, Santiago",-33.445,-70.68278,5.4
2002-07-01,330021.0,Pudahuel Santiago ,-33.37833,-70.78778,3.2458333333333336
2002-07-01,330030.0,"Santo Domingo, Ad.",-33.65611,-71.61333,7.892307692307692
2002-07-01,330031.0,"Juan Fernández, Estación Meteorológica.",-33.63583,-78.83305,10.36
2002-07-01,340031.0,"General Freire, Curicó Ad.",-34.96944,-71.21694,2.7363636363636363
2002-07-01,360011.0,"General Bernardo O'Higgins, Chillán Ad.",-36.58583,-72.03667,0.4699999999999999
2002-07-01,360019.0,"Carriel Sur, Concepción Ap.",-36.78055,-73.06639,3.3874999999999997
2002-07-01,370033.0,"María Dolores, Los Angeles Ad.",-37.39694,-72.42389,-0.23636363636363636
2002-07-01,380013.0,"Maquehue, Temuco Ad.",-38.76778,-72.63194,1.4958333333333333
2002-07-01,390006.0,"Pichoy, Valdivia Ad.",-39.65667,-73.08722,1.6307692307692307
2002-07-01,400009.0,"Cañal Bajo,  Osorno Ad.",-40.61444,-73.0575,2.2142857142857144
2002-07-01,410005.0,El Tepual  Puerto Montt Ap.,-41.4475,-73.09583,2.5
2002-07-01,430001.0,Quellón Ad.,-43.13361,-73.63278,6.09
2002-07-01,430002.0,Futaleufú Ad.,-43.18889,-71.85222,3.700743415417188e-17
2002-07-01,450001.0,Puerto Aysén Ad.,-45.39944,-72.67722,2.875
2002-07-01,450004.0,"Teniente Vidal, Coyhaique Ad.",-45.59083,-72.10222,-4.392857142857143
2002-07-01,450005.0,Balmaceda Ad.,-45.91833,-71.67778,-4.958333333333333
2002-07-01,520006.0,"Carlos Ibañez, Punta Arenas Ap.",-53.00167,-70.83861,5.854166666666667
2002-07-01,530005.0,"Fuentes Martínez, Porvenir Ad.",-53.25361,-70.32611,7.090909090909091
2002-07-01,550001.0,"Guardiamarina Zañartu, Pto Williams Ad.",-54.93167,-67.61556,4.688888888888889
2002-07-01,950001.0,"C.M.A. Eduardo Frei Montalva, Antártica ",-62.19194,-58.97972,-3.1875
2002-07-02,180005.0,"Chacalluta, Arica Ap.",-18.35555,-70.34028,16.604166666666668
2002-07-02,200006.0,Diego Aracena Iquique Ap.,-20.54917,-70.18111,15.595833333333333
2002-07-02,220002.0,"El Loa, Calama Ad.",-22.49806,-68.8925,13.5
2002-07-02,270001.0,Mataveri  Isla de Pascua Ap.,-27.15889,-109.4325,20.616666666666667
2002-07-02,290004.0,"La Florida, La Serena Ad.",-29.91444,-71.20667,10.970588235294118
2002-07-02,330007.0,"Rodelillo, Ad.",-33.06528,-71.55639,8.054545454545455
2002-07-02,330019.0,"Eulogio Sánchez, Tobalaba Ad.",-33.45528,-70.54861,9.345454545454546
2002-07-02,330020.0,"Quinta Normal, Santiago",-33.445,-70.68278,7.340000000000001
2002-07-02,330021.0,Pudahuel Santiago ,-33.37833,-70.78778,4.792
2002-07-02,330030.0,"Santo Domingo, Ad.",-33.65611,-71.61333,6.992307692307692
2002-07-02,330031.0,"Juan Fernández, Estación Meteorológica.",-33.63583,-78.83305,11.6
2002-07-02,340031.0,"General Freire, Curicó Ad.",-34.96944,-71.21694,0.5272727272727273
2002-07-02,360011.0,"General Bernardo O'Higgins, Chillán Ad.",-36.58583,-72.03667,0.97
2002-07-02,360019.0,"Carriel Sur, Concepción Ap.",-36.78055,-73.06639,3.1041666666666665
2002-07-02,370033.0,"María Dolores, Los Angeles Ad.",-37.39694,-72.42389,2.2636363636363637
2002-07-02,380013.0,"Maquehue, Temuco Ad.",-38.76778,-72.63194,1.6624999999999999
2002-07-02,390006.0,"Pichoy, Valdivia Ad.",-39.65667,-73.08722,1.0857142857142856
2002-07-02,400009.0,"Cañal Bajo,  Osorno Ad.",-40.61444,-73.0575,3.3846153846153846
2002-07-02,410005.0,El Tepual  Puerto Montt Ap.,-41.4475,-73.09583,2.1416666666666666
2002-07-02,430001.0,Quellón Ad.,-43.13361,-73.63278,6.45
2002-07-02,430002.0,Futaleufú Ad.,-43.18889,-71.85222,0.6923076923076923
2002-07-02,450001.0,Puerto Aysén Ad.,-45.39944,-72.67722,-0.525
2002-07-02,450004.0,"Teniente Vidal, Coyhaique Ad.",-45.59083,-72.10222,1.5461538461538462
2002-07-02,450005.0,Balmaceda Ad.,-45.91833,-71.67778,-3.9125
2002-07-02,520006.0,"Carlos Ibañez, Punta Arenas Ap.",-53.00167,-70.83861,4.808333333333334
2002-07-02,530005.0,"Fuentes Martínez, Porvenir Ad.",-53.25361,-70.32611,4.736363636363636
2002-07-02,550001.0,"Guardiamarina Zañartu, Pto Williams Ad.",-54.93167,-67.61556,3.1555555555555554
2002-07-02,950001.0,"C.M.A. Eduardo Frei Montalva, Antártica ",-62.19194,-58.97972,-5.4125
2002-07-03,180005.0,"Chacalluta, Arica Ap.",-18.35555,-70.34028,15.996428571428572
2002-07-03,200006.0,Diego Aracena Iquique Ap.,-20.54917,-70.18111,14.992307692307692
2002-07-03,220002.0,"El Loa, Calama Ad.",-22.49806,-68.8925,10.194117647058825
2002-07-03,270001.0,Mataveri  Isla de Pascua Ap.,-27.15889,-109.4325,21.533333333333335
2002-07-03,290004.0,"La Florida, La Serena Ad.",-29.91444,-71.20667,9.805882352941175
2002-07-03,330007.0,"Rodelillo, Ad.",-33.06528,-71.55639,7.927272727272728
2002-07-03,330019.0,"Eulogio Sánchez, Tobalaba Ad.",-33.45528,-70.54861,8.181818181818182
2002-07-03,330020.0,"Quinta Normal, Santiago",-33.445,-70.68278,7.5
2002-07-03,330021.0,Pudahuel Santiago ,-33.37833,-70.78778,5.312
2002-07-03,330030.0,"Santo Domingo, Ad.",-33.65611,-71.61333,8.007692307692308
2002-07-03,330031.0,"Juan Fernández, Estación Meteorológica.",-33.63583,-78.83305,12.48
2002-07-03,340031.0,"General Freire, Curicó Ad.",-34.96944,-71.21694,3.3818181818181814
2002-07-03,360011.0,"General Bernardo O'Higgins, Chillán Ad.",-36.58583,-72.03667,5.11
2002-07-03,360019.0,"Carriel Sur, Concepción Ap.",-36.78055,-73.06639,6.729166666666667
2002-07-03,370033.0,"María Dolores, Los Angeles Ad.",-37.39694,-72.42389,6.8
2002-07-03,380013.0,"Maquehue, Temuco Ad.",-38.76778,-72.63194,6.429166666666667
2002-07-03,390006.0,"Pichoy, Valdivia Ad.",-39.65667,-73.08722,7.207692307692308
2002-07-03,400009.0,"Cañal Bajo,  Osorno Ad.",-40.61444,-73.0575,6.238461538461538
2002-07-03,410005.0,El Tepual  Puerto Montt Ap.,-41.4475,-73.09583,6.084615384615384
2002-07-03,430001.0,Quellón Ad.,-43.13361,-73.63278,8.0
2002-07-03,430002.0,Futaleufú Ad.,-43.18889,-71.85222,3.6692307692307695
2002-07-03,450001.0,Puerto Aysén Ad.,-45.39944,-72.67722,6.2
2002-07-03,450004.0,"Teniente Vidal, Coyhaique Ad.",-45.59083,-72.10222,5.907692307692307
2002-07-03,450005.0,Balmaceda Ad.,-45.91833,-71.67778,2.904166666666667
2002-07-03,520006.0,"Carlos Ibañez, Punta Arenas Ap.",-53.00167,-70.83861,3.25
2002-07-03,530005.0,"Fuentes Martínez, Porvenir Ad.",-53.25361,-70.32611,4.181818181818182
2002-07-03,550001.0,"Guardiamarina Zañartu, Pto Williams Ad.",-54.93167,-67.61556,3.225
2002-07-03,950001.0,"C.M.A. Eduardo Frei Montalva, Antártica ",-62.19194,-58.97972,-5.5625
2002-07-04,180005.0,"Chacalluta, Arica Ap.",-18.35555,-70.34028,15.74
2002-07-04,200006.0,Diego Aracena Iquique Ap.,-20.54917,-70.18111,15.291666666666666
2002-07-04,220002.0,"El Loa, Calama Ad.",-22.49806,-68.8925,6.875
2002-07-04,270001.0,Mataveri  Isla de Pascua Ap.,-27.15889,-109.4325,18.09375
2002-07-04,290004.0,"La Florida, La Serena Ad.",-29.91444,-71.20667,9.576470588235296
2002-07-04,330007.0,"Rodelillo, Ad.",-33.06528,-71.55639,8.89090909090909
2002-07-04,330019.0,"Eulogio Sánchez, Tobalaba Ad.",-33.45528,-70.54861,10.641666666666667
2002-07-04,330020.0,"Quinta Normal, Santiago",-33.445,-70.68278,8.76
2002-07-04,330021.0,Pudahuel Santiago ,-33.37833,-70.78778,5.5
2002-07-04,330030.0,"Santo Domingo, Ad.",-33.65611,-71.61333,8.792307692307691
2002-07-04,330031.0,"Juan Fernández, Estación Meteorológica.",-33.63583,-78.83305,12.559999999999999
2002-07-04,340031.0,"General Freire, Curicó Ad.",-34.96944,-71.21694,4.972727272727273
2002-07-04,360011.0,"General Bernardo O'Higgins, Chillán Ad.",-36.58583,-72.03667,8.17
2002-07-04,360019.0,"Carriel Sur, Concepción Ap.",-36.78055,-73.06639,7.695833333333333
2002-07-04,370033.0,"María Dolores, Los Angeles Ad.",-37.39694,-72.42389,8.98
2002-07-04,380013.0,"Maquehue, Temuco Ad.",-38.76778,-72.63194,3.228
2002-07-04,390006.0,"Pichoy, Valdivia Ad.",-39.65667,-73.08722,6.6000000000000005
2002-07-04,400009.0,"Cañal Bajo,  Osorno Ad.",-40.61444,-73.0575,4.946153846153846
2002-07-04,410005.0,El Tepual  Puerto Montt Ap.,-41.4475,-73.09583,3.375
2002-07-04,430001.0,Quellón Ad.,-43.13361,-73.63278,7.45
2002-07-04,430002.0,Futaleufú Ad.,-43.18889,-71.85222,6.123076923076923
2002-07-04,450001.0,Puerto Aysén Ad.,-45.39944,-72.67722,8.675
2002-07-04,450004.0,"Teniente Vidal, Coyhaique Ad.",-45.59083,-72.10222,8.330769230769231
2002-07-04,450005.0,Balmaceda Ad.,-45.91833,-71.67778,6.083333333333333
2002-07-04,520006.0,"Carlos Ibañez, Punta Arenas Ap.",-53.00167,-70.83861,3.0041666666666664
2002-07-04,530005.0,"Fuentes Martínez, Porvenir Ad.",-53.25361,-70.32611,4.0181818181818185
2002-07-04,550001.0,"Guardiamarina Zañartu, Pto Williams Ad.",-54.93167,-67.61556,3.466666666666667
2002-07-04,950001.0,"C.M.A. Eduardo Frei Montalva, Antártica ",-62.19194,-58.97972,-1.9875
2002-07-05,180005.0,"Chacalluta, Arica Ap.",-18.35555,-70.34028,16.558333333333334
2002-07-05,200006.0,Diego Aracena Iquique Ap.,-20.54917,-70.18111,15.129166666666668
2002-07-05,220002.0,"El Loa, Calama Ad.",-22.49806,-68.8925,5.81764705882353
2002-07-05,270001.0,Mataveri  Isla de Pascua Ap.,-27.15889,-109.4325,18.966666666666665
2002-07-05,290004.0,"La Florida, La Serena Ad.",-29.91444,-71.20667,10.405882352941177
2002-07-05,330007.0,"Rodelillo, Ad.",-33.06528,-71.55639,9.345454545454546
2002-07-05,330019.0,"Eulogio Sánchez, Tobalaba Ad.",-33.45528,-70.54861,8.950000000000001
2002-07-05,330020.0,"Quinta Normal, Santiago",-33.445,-70.68278,9.120000000000001
2002-07-05,330021.0,Pudahuel Santiago ,-33.37833,-70.78778,6.3961538461538465
2002-07-05,330030.0,"Santo Domingo, Ad.",-33.65611,-71.61333,10.407692307692308
2002-07-05,330031.0,"Juan Fernández, Estación Meteorológica.",-33.63583,-78.83305,13.280000000000001
2002-07-05,340031.0,"General Freire, Curicó Ad.",-34.96944,-71.21694,8.272727272727273
2002-07-05,360011.0,"General Bernardo O'Higgins, Chillán Ad.",-36.58583,-72.03667,4.99
2002-07-05,360019.0,"Carriel Sur, Concepción Ap.",-36.78055,-73.06639,6.968
2002-07-05,370033.0,"María Dolores, Los Angeles Ad.",-37.39694,-72.42389,9.972727272727273
2002-07-05,380013.0,"Maquehue, Temuco Ad.",-38.76778,-72.63194,6.118518518518518
2002-07-05,390006.0,"Pichoy, Valdivia Ad.",-39.65667,-73.08722,7.369230769230769
2002-07-05,400009.0,"Cañal Bajo,  Osorno Ad.",-40.61444,-73.0575,7.792307692307692
2002-07-05,410005.0,El Tepual  Puerto Montt Ap.,-41.4475,-73.09583,8.016666666666667
2002-07-05,430001.0,Quellón Ad.,-43.13361,-73.63278,9.31
2002-07-05,430002.0,Futaleufú Ad.,-43.18889,-71.85222,7.5
2002-07-05,450001.0,Puerto Aysén Ad.,-45.39944,-72.67722,5.7
2002-07-05,450004.0,"Teniente Vidal, Coyhaique Ad.",-45.59083,-72.10222,6.1692307692307695
2002-07-05,450005.0,Balmaceda Ad.,-45.91833,-71.67778,4.058333333333334
2002-07-05,520006.0,"Carlos Ibañez, Punta Arenas Ap.",-53.00167,-70.83861,2.3916666666666666
2002-07-05,530005.0,"Fuentes Martínez, Porvenir Ad.",-53.25361,-70.32611,3.745454545454545
2002-07-05,550001.0,"Guardiamarina Zañartu, Pto Williams Ad.",-54.93167,-67.61556,2.9111111111111114
2002-07-05,950001.0,"C.M.A. Eduardo Frei Montalva, Antártica ",-62.19194,-58.97972,-5.9375
2002-07-06,180005.0,"Chacalluta, Arica Ap.",-18.35555,-70.34028,14.85
2002-07-06,200006.0,Diego Aracena Iquique Ap.,-20.54917,-70.18111,14.645833333333334
2002-07-06,220002.0,"El Loa, Calama Ad.",-22.49806,-68.8925,7.78125
2002-07-06,270001.0,Mataveri  Isla de Pascua Ap.,-27.15889,-109.4325,18.733333333333334
2002-07-06,290004.0,"La Florida, La Serena Ad.",-29.91444,-71.20667,10.411764705882353
2002-07-06,330007.0,"Rodelillo, Ad.",-33.06528,-71.55639,12.181818181818182
2002-07-06,330019.0,"Eulogio Sánchez, Tobalaba Ad.",-33.45528,-70.54861,10.345454545454546
2002-07-06,330020.0,"Quinta Normal, Santiago",-33.445,-70.68278,9.8
2002-07-06,330021.0,Pudahuel Santiago ,-33.37833,-70.78778,8.216000000000001
2002-07-06,330030.0,"Santo Domingo, Ad.",-33.65611,-71.61333,12.23076923076923
2002-07-06,330031.0,"Juan Fernández, Estación Meteorológica.",-33.63583,-78.83305,12.225
2002-07-06,340031.0,"General Freire, Curicó Ad.",-34.96944,-71.21694,10.563636363636364
2002-07-06,360011.0,"General Bernardo O'Higgins, Chillán Ad.",-36.58583,-72.03667,9.27
2002-07-06,360019.0,"Carriel Sur, Concepción Ap.",-36.78055,-73.06639,9.295833333333333
2002-07-06,370033.0,"María Dolores, Los Angeles Ad.",-37.39694,-72.42389,7.781818181818181
2002-07-06,380013.0,"Maquehue, Temuco Ad.",-38.76778,-72.63194,8.481481481481481
2002-07-06,390006.0,"Pichoy, Valdivia Ad.",-39.65667,-73.08722,8.566666666666666
2002-07-06,400009.0,"Cañal Bajo,  Osorno Ad.",-40.61444,-73.0575,7.661538461538462
2002-07-06,410005.0,El Tepual  Puerto Montt Ap.,-41.4475,-73.09583,7.283333333333334
2002-07-06,430002.0,Futaleufú Ad.,-43.18889,-71.85222,4.515384615384615
2002-07-06,450004.0,"Teniente Vidal, Coyhaique Ad.",-45.59083,-72.10222,4.3076923076923075
2002-07-06,450005.0,Balmaceda Ad.,-45.91833,-71.67778,2.058333333333333
2002-07-06,520006.0,"Carlos Ibañez, Punta Arenas Ap.",-53.00167,-70.83861,3.5416666666666665
2002-07-06,530005.0,"Fuentes Martínez, Porvenir Ad.",-53.25361,-70.32611,3.6727272727272724
2002-07-06,950001.0,"C.M.A. Eduardo Frei Montalva, Antártica ",-62.19194,-58.97972,-8.6
2002-07-07,180005.0,"Chacalluta, Arica Ap.",-18.35555,-70.34028,14.254166666666668
2002-07-07,200006.0,Diego Aracena Iquique Ap.,-20.54917,-70.18111,14.3125
2002-07-07,220002.0,"El Loa, Calama Ad.",-22.49806,-68.8925,15.872727272727273
2002-07-07,270001.0,Mataveri  Isla de Pascua Ap.,-27.15889,-109.4325,21.4
2002-07-07,290004.0,"La Florida, La Serena Ad.",-29.91444,-71.20667,12.282352941176471
2002-07-07,330007.0,"Rodelillo, Ad.",-33.06528,-71.55639,15.636363636363637
2002-07-07,330019.0,"Eulogio Sánchez, Tobalaba Ad.",-33.45528,-70.54861,12.461538461538462
2002-07-07,330020.0,"Quinta Normal, Santiago",-33.445,-70.68278,10.680000000000001
2002-07-07,330021.0,Pudahuel Santiago ,-33.37833,-70.78778,6.276923076923077
2002-07-07,330030.0,"Santo Domingo, Ad.",-33.65611,-71.61333,11.684615384615386
2002-07-07,330031.0,"Juan Fernández, Estación Meteorológica.",-33.63583,-78.83305,11.9
2002-07-07,340031.0,"General Freire, Curicó Ad.",-34.96944,-71.21694,3.6166666666666667
2002-07-07,360011.0,"General Bernardo O'Higgins, Chillán Ad.",-36.58583,-72.03667,8.5
2002-07-07,360019.0,"Carriel Sur, Concepción Ap.",-36.78055,-73.06639,6.5375000000000005
2002-07-07,370033.0,"María Dolores, Los Angeles Ad.",-37.39694,-72.42389,8.218181818181819
2002-07-07,380013.0,"Maquehue, Temuco Ad.",-38.76778,-72.63194,3.158333333333333
2002-07-07,390006.0,"Pichoy, Valdivia Ad.",-39.65667,-73.08722,3.8400000000000003
2002-07-07,400009.0,"Cañal Bajo,  Osorno Ad.",-40.61444,-73.0575,5.823076923076924
2002-07-07,410005.0,El Tepual  Puerto Montt Ap.,-41.4475,-73.09583,3.9
2002-07-07,430002.0,Futaleufú Ad.,-43.18889,-71.85222,7.4
2002-07-07,450004.0,"Teniente Vidal, Coyhaique Ad.",-45.59083,-72.10222,6.946153846153846
2002-07-07,450005.0,Balmaceda Ad.,-45.91833,-71.67778,4.0
2002-07-07,520006.0,"Carlos Ibañez, Punta Arenas Ap.",-53.00167,-70.83861,0.08333333333333333
2002-07-07,950001.0,"C.M.A. Eduardo Frei Montalva, Antártica ",-62.19194,-58.97972,-6.4
2002-07-08,180005.0,"Chacalluta, Arica Ap.",-18.35555,-70.34028,15.0625
2002-07-08,200006.0,Diego Aracena Iquique Ap.,-20.54917,-70.18111,14.487499999999999
2002-07-08,220002.0,"El Loa, Calama Ad.",-22.49806,-68.8925,13.06875
2002-07-08,270001.0,Mataveri  Isla de Pascua Ap.,-27.15889,-109.4325,21.338461538461537
2002-07-08,290004.0,"La Florida, La Serena Ad.",-29.91444,-71.20667,8.996296296296297
2002-07-08,330007.0,"Rodelillo, Ad.",-33.06528,-71.55639,18.418181818181818
2002-07-08,330019.0,"Eulogio Sánchez, Tobalaba Ad.",-33.45528,-70.54861,12.008333333333333
2002-07-08,330020.0,"Quinta Normal, Santiago",-33.445,-70.68278,10.78
2002-07-08,330021.0,Pudahuel Santiago ,-33.37833,-70.78778,8.107999999999999
2002-07-08,330030.0,"Santo Domingo, Ad.",-33.65611,-71.61333,12.407692307692308
2002-07-08,330031.0,"Juan Fernández, Estación Meteorológica.",-33.63583,-78.83305,11.84
2002-07-08,340031.0,"General Freire, Curicó Ad.",-34.96944,-71.21694,3.7636363636363637
2002-07-08,360011.0,"General Bernardo O'Higgins, Chillán Ad.",-36.58583,-72.03667,8.27
2002-07-08,360019.0,"Carriel Sur, Concepción Ap.",-36.78055,-73.06639,6.883333333333333
2002-07-08,370033.0,"María Dolores, Los Angeles Ad.",-37.39694,-72.42389,9.772727272727273
2002-07-08,380013.0,"Maquehue, Temuco Ad.",-38.76778,-72.63194,5.226923076923077
2002-07-08,390006.0,"Pichoy, Valdivia Ad.",-39.65667,-73.08722,8.216666666666667
2002-07-08,400009.0,"Cañal Bajo,  Osorno Ad.",-40.61444,-73.0575,7.407692307692307
2002-07-08,410005.0,El Tepual  Puerto Montt Ap.,-41.4475,-73.09583,7.144
2002-07-08,430001.0,Quellón Ad.,-43.13361,-73.63278,7.209999999999999
2002-07-08,430002.0,Futaleufú Ad.,-43.18889,-71.85222,2.966666666666667
2002-07-08,450001.0,Puerto Aysén Ad.,-45.39944,-72.67722,4.775
2002-07-08,450004.0,"Teniente Vidal, Coyhaique Ad.",-45.59083,-72.10222,2.1
2002-07-08,450005.0,Balmaceda Ad.,-45.91833,-71.67778,-0.029166666666666664
2002-07-08,520006.0,"Carlos Ibañez, Punta Arenas Ap.",-53.00167,-70.83861,0.6833333333333332
2002-07-08,530005.0,"Fuentes Martínez, Porvenir Ad.",-53.25361,-70.32611,3.5090909090909093
2002-07-08,550001.0,"Guardiamarina Zañartu, Pto Williams Ad.",-54.93167,-67.61556,4.688888888888889
2002-07-08,950001.0,"C.M.A. Eduardo Frei Montalva, Antártica ",-62.19194,-58.97972,-6.8625
2002-07-09,180005.0,"Chacalluta, Arica Ap.",-18.35555,-70.34028,14.75
2002-07-09,200006.0,Diego Aracena Iquique Ap.,-20.54917,-70.18111,14.216666666666667
2002-07-09,220002.0,"El Loa, Calama Ad.",-22.49806,-68.8925,13.35
2002-07-09,270001.0,Mataveri  Isla de Pascua Ap.,-27.15889,-109.4325,21.142857142857142
2002-07-09,290004.0,"La Florida, La Serena Ad.",-29.91444,-71.20667,10.770588235294117
2002-07-09,330007.0,"Rodelillo, Ad.",-33.06528,-71.55639,15.19090909090909
2002-07-09,330019.0,"Eulogio Sánchez, Tobalaba Ad.",-33.45528,-70.54861,11.292307692307693
2002-07-09,330020.0,"Quinta Normal, Santiago",-33.445,-70.68278,10.02
2002-07-09,330021.0,Pudahuel Santiago ,-33.37833,-70.78778,7.258333333333333
2002-07-09,330030.0,"Santo Domingo, Ad.",-33.65611,-71.61333,10.569230769230769
2002-07-09,330031.0,"Juan Fernández, Estación Meteorológica.",-33.63583,-78.83305,12.88
2002-07-09,340031.0,"General Freire, Curicó Ad.",-34.96944,-71.21694,4.390909090909091
2002-07-09,360011.0,"General Bernardo O'Higgins, Chillán Ad.",-36.58583,-72.03667,5.55
2002-07-09,360019.0,"Carriel Sur, Concepción Ap.",-36.78055,-73.06639,5.1866666666666665
2002-07-09,370033.0,"María Dolores, Los Angeles Ad.",-37.39694,-72.42389,7.854545454545455
2002-07-09,380013.0,"Maquehue, Temuco Ad.",-38.76778,-72.63194,4.56
2002-07-09,390006.0,"Pichoy, Valdivia Ad.",-39.65667,-73.08722,7.881818181818182
2002-07-09,400009.0,"Cañal Bajo,  Osorno Ad.",-40.61444,-73.0575,7.461538461538462
2002-07-09,410005.0,El Tepual  Puerto Montt Ap.,-41.4475,-73.09583,5.608333333333333
2002-07-09,430001.0,Quellón Ad.,-43.13361,-73.63278,5.43
2002-07-09,430002.0,Futaleufú Ad.,-43.18889,-71.85222,-0.11538461538461535
2002-07-09,450001.0,Puerto Aysén Ad.,-45.39944,-72.67722,2.7333333333333334
2002-07-09,450004.0,"Teniente Vidal, Coyhaique Ad.",-45.59083,-72.10222,2.092857142857143
2002-07-09,450005.0,Balmaceda Ad.,-45.91833,-71.67778,-2.5416666666666665
2002-07-09,520006.0,"Carlos Ibañez, Punta Arenas Ap.",-53.00167,-70.83861,2.3249999999999997
2002-07-09,530005.0,"Fuentes Martínez, Porvenir Ad.",-53.25361,-70.32611,2.0
2002-07-09,550001.0,"Guardiamarina Zañartu, Pto Williams Ad.",-54.93167,-67.61556,1.511111111111111
2002-07-09,950001.0,"C.M.A. Eduardo Frei Montalva, Antártica ",-62.19194,-58.97972,-9.375
2002-07-10,180005.0,"Chacalluta, Arica Ap.",-18.35555,-70.34028,15.454166666666666
2002-07-10,200006.0,Diego Aracena Iquique Ap.,-20.54917,-70.18111,15.041666666666666
2002-07-10,220002.0,"El Loa, Calama Ad.",-22.49806,-68.8925,13.575
2002-07-10,270001.0,Mataveri  Isla de Pascua Ap.,-27.15889,-109.4325,19.454545454545453
2002-07-10,290004.0,"La Florida, La Serena Ad.",-29.91444,-71.20667,11.1
2002-07-10,330007.0,"Rodelillo, Ad.",-33.06528,-71.55639,15.127272727272727
2002-07-10,330019.0,"Eulogio Sánchez, Tobalaba Ad.",-33.45528,-70.54861,12.884615384615385
2002-07-10,330020.0,"Quinta Normal, Santiago",-33.445,-70.68278,10.940000000000001
2002-07-10,330021.0,Pudahuel Santiago ,-33.37833,-70.78778,6.9639999999999995
2002-07-10,330030.0,"Santo Domingo, Ad.",-33.65611,-71.61333,10.261538461538462
2002-07-10,330031.0,"Juan Fernández, Estación Meteorológica.",-33.63583,-78.83305,12.72
2002-07-10,340031.0,"General Freire, Curicó Ad.",-34.96944,-71.21694,3.127272727272727
2002-07-10,360011.0,"General Bernardo O'Higgins, Chillán Ad.",-36.58583,-72.03667,4.970000000000001
2002-07-10,360019.0,"Carriel Sur, Concepción Ap.",-36.78055,-73.06639,6.665384615384616
2002-07-10,370033.0,"María Dolores, Los Angeles Ad.",-37.39694,-72.42389,7.1909090909090905
2002-07-10,380013.0,"Maquehue, Temuco Ad.",-38.76778,-72.63194,2.7481481481481485
2002-07-10,390006.0,"Pichoy, Valdivia Ad.",-39.65667,-73.08722,2.216666666666667
2002-07-10,400009.0,"Cañal Bajo,  Osorno Ad.",-40.61444,-73.0575,2.753846153846154
2002-07-10,410005.0,El Tepual  Puerto Montt Ap.,-41.4475,-73.09583,2.125
2002-07-10,430001.0,Quellón Ad.,-43.13361,-73.63278,5.49
2002-07-10,430002.0,Futaleufú Ad.,-43.18889,-71.85222,-2.023076923076923
2002-07-10,450001.0,Puerto Aysén Ad.,-45.39944,-72.67722,0.18
2002-07-10,450004.0,"Teniente Vidal, Coyhaique Ad.",-45.59083,-72.10222,-1.54375
2002-07-10,450005.0,Balmaceda Ad.,-45.91833,-71.67778,-3.896551724137931
2002-07-10,520006.0,"Carlos Ibañez, Punta Arenas Ap.",-53.00167,-70.83861,-3.4583333333333335
2002-07-10,530005.0,"Fuentes Martínez, Porvenir Ad.",-53.25361,-70.32611,-1.4909090909090907
2002-07-10,550001.0,"Guardiamarina Zañartu, Pto Williams Ad.",-54.93167,-67.61556,0.911111111111111
2002-07-10,950001.0,"C.M.A. Eduardo Frei Montalva, Antártica ",-62.19194,-58.97972,-4.93
2002-07-11,180005.0,"Chacalluta, Arica Ap.",-18.35555,-70.34028,16.22
2002-07-11,200006.0,Diego Aracena Iquique Ap.,-20.54917,-70.18111,15.391666666666666
2002-07-11,220002.0,"El Loa, Calama Ad.",-22.49806,-68.8925,13.4625
2002-07-11,270001.0,Mataveri  Isla de Pascua Ap.,-27.15889,-109.4325,20.85833333333333
2002-07-11,290004.0,"La Florida, La Serena Ad.",-29.91444,-71.20667,10.1
2002-07-11,330007.0,"Rodelillo, Ad.",-33.06528,-71.55639,15.227272727272727
2002-07-11,330019.0,"Eulogio Sánchez, Tobalaba Ad.",-33.45528,-70.54861,12.783333333333333
2002-07-11,330020.0,"Quinta Normal, Santiago",-33.445,-70.68278,12.28
2002-07-11,330021.0,Pudahuel Santiago ,-33.37833,-70.78778,9.387500000000001
2002-07-11,330030.0,"Santo Domingo, Ad.",-33.65611,-71.61333,11.392307692307693
2002-07-11,330031.0,"Juan Fernández, Estación Meteorológica.",-33.63583,-78.83305,13.4
2002-07-11,340031.0,"General Freire, Curicó Ad.",-34.96944,-71.21694,7.572727272727272
2002-07-11,360011.0,"General Bernardo O'Higgins, Chillán Ad.",-36.58583,-72.03667,11.290000000000001
2002-07-11,360019.0,"Carriel Sur, Concepción Ap.",-36.78055,-73.06639,8.704
2002-07-11,370033.0,"María Dolores, Los Angeles Ad.",-37.39694,-72.42389,11.072727272727272
2002-07-11,380013.0,"Maquehue, Temuco Ad.",-38.76778,-72.63194,7.796
2002-07-11,390006.0,"Pichoy, Valdivia Ad.",-39.65667,-73.08722,9.271428571428572
2002-07-11,400009.0,"Cañal Bajo,  Osorno Ad.",-40.61444,-73.0575,9.461538461538462
2002-07-11,410005.0,El Tepual  Puerto Montt Ap.,-41.4475,-73.09583,7.595833333333334
2002-07-11,430001.0,Quellón Ad.,-43.13361,-73.63278,9.02
2002-07-11,430002.0,Futaleufú Ad.,-43.18889,-71.85222,2.253846153846154
2002-07-11,450001.0,Puerto Aysén Ad.,-45.39944,-72.67722,2.475
2002-07-11,450004.0,"Teniente Vidal, Coyhaique Ad.",-45.59083,-72.10222,2.1461538461538465
2002-07-11,450005.0,Balmaceda Ad.,-45.91833,-71.67778,0.19166666666666665
2002-07-11,520006.0,"Carlos Ibañez, Punta Arenas Ap.",-53.00167,-70.83861,-0.23846153846153847
2002-07-11,550001.0,"Guardiamarina Zañartu, Pto Williams Ad.",-54.93167,-67.61556,4.514285714285714
2002-07-11,950001.0,"C.M.A. Eduardo Frei Montalva, Antártica ",-62.19194,-58.97972,-2.325
2002-07-12,180005.0,"Chacalluta, Arica Ap.",-18.35555,-70.34028,15.908333333333333
2002-07-12,200006.0,Diego Aracena Iquique Ap.,-20.54917,-70.18111,14.924999999999999
2002-07-12,220002.0,"El Loa, Calama Ad.",-22.49806,-68.8925,14.40625
2002-07-12,270001.0,Mataveri  Isla de Pascua Ap.,-27.15889,-109.4325,19.0375
2002-07-12,290004.0,"La Florida, La Serena Ad.",-29.91444,-71.20667,11.776470588235293
2002-07-12,330007.0,"Rodelillo, Ad.",-33.06528,-71.55639,20.272727272727273
2002-07-12,330019.0,"Eulogio Sánchez, Tobalaba Ad.",-33.45528,-70.54861,15.483333333333334
2002-07-12,330020.0,"Quinta Normal, Santiago",-33.445,-70.68278,13.440000000000001
2002-07-12,330021.0,Pudahuel Santiago ,-33.37833,-70.78778,9.420833333333333
2002-07-12,330030.0,"Santo Domingo, Ad.",-33.65611,-71.61333,15.376923076923077
2002-07-12,330031.0,"Juan Fernández, Estación Meteorológica.",-33.63583,-78.83305,13.88
2002-07-12,340031.0,"General Freire, Curicó Ad.",-34.96944,-71.21694,7.509090909090909
2002-07-12,360011.0,"General Bernardo O'Higgins, Chillán Ad.",-36.58583,-72.03667,10.33
2002-07-12,360019.0,"Carriel Sur, Concepción Ap.",-36.78055,-73.06639,10.048484848484849
2002-07-12,370033.0,"María Dolores, Los Angeles Ad.",-37.39694,-72.42389,10.91818181818182
2002-07-12,380013.0,"Maquehue, Temuco Ad.",-38.76778,-72.63194,9.76923076923077
2002-07-12,390006.0,"Pichoy, Valdivia Ad.",-39.65667,-73.08722,11.841666666666667
2002-07-12,400009.0,"Cañal Bajo,  Osorno Ad.",-40.61444,-73.0575,11.13846153846154
2002-07-12,410005.0,El Tepual  Puerto Montt Ap.,-41.4475,-73.09583,10.14
2002-07-12,430001.0,Quellón Ad.,-43.13361,-73.63278,11.110000000000001
2002-07-12,430002.0,Futaleufú Ad.,-43.18889,-71.85222,12.253846153846155
2002-07-12,450001.0,Puerto Aysén Ad.,-45.39944,-72.67722,11.9
2002-07-12,450004.0,"Teniente Vidal, Coyhaique Ad.",-45.59083,-72.10222,11.207692307692307
2002-07-12,450005.0,Balmaceda Ad.,-45.91833,-71.67778,7.833333333333333
2002-07-12,520006.0,"Carlos Ibañez, Punta Arenas Ap.",-53.00167,-70.83861,2.5208333333333335
2002-07-12,530005.0,"Fuentes Martínez, Porvenir Ad.",-53.25361,-70.32611,3.3818181818181814
2002-07-12,950001.0,"C.M.A. Eduardo Frei Montalva, Antártica ",-62.19194,-58.97972,-2.1625
2002-07-13,180005.0,"Chacalluta, Arica Ap.",-18.35555,-70.34028,15.483333333333333
2002-07-13,200006.0,Diego Aracena Iquique Ap.,-20.54917,-70.18111,14.695833333333333
2002-07-13,220002.0,"El Loa, Calama Ad.",-22.49806,-68.8925,14.3
2002-07-13,270001.0,Mataveri  Isla de Pascua Ap.,-27.15889,-109.4325,19.05
2002-07-13,290004.0,"La Florida, La Serena Ad.",-29.91444,-71.20667,11.1
2002-07-13,330007.0,"Rodelillo, Ad.",-33.06528,-71.55639,22.10909090909091
2002-07-13,330019.0,"Eulogio Sánchez, Tobalaba Ad.",-33.45528,-70.54861,18.091666666666665
2002-07-13,330020.0,"Quinta Normal, Santiago",-33.445,-70.68278,16.06
2002-07-13,330021.0,Pudahuel Santiago ,-33.37833,-70.78778,10.920833333333334
2002-07-13,330030.0,"Santo Domingo, Ad.",-33.65611,-71.61333,14.03076923076923
2002-07-13,330031.0,"Juan Fernández, Estación Meteorológica.",-33.63583,-78.83305,12.7
2002-07-13,340031.0,"General Freire, Curicó Ad.",-34.96944,-71.21694,6.890909090909091
2002-07-13,360011.0,"General Bernardo O'Higgins, Chillán Ad.",-36.58583,-72.03667,11.629999999999999
2002-07-13,360019.0,"Carriel Sur, Concepción Ap.",-36.78055,-73.06639,10.044444444444444
2002-07-13,370033.0,"María Dolores, Los Angeles Ad.",-37.39694,-72.42389,12.009090909090908
2002-07-13,380013.0,"Maquehue, Temuco Ad.",-38.76778,-72.63194,9.458333333333334
2002-07-13,390006.0,"Pichoy, Valdivia Ad.",-39.65667,-73.08722,8.63076923076923
2002-07-13,400009.0,"Cañal Bajo,  Osorno Ad.",-40.61444,-73.0575,10.492307692307692
2002-07-13,410005.0,El Tepual  Puerto Montt Ap.,-41.4475,-73.09583,9.204166666666667
2002-07-13,430002.0,Futaleufú Ad.,-43.18889,-71.85222,10.176923076923078
2002-07-13,450004.0,"Teniente Vidal, Coyhaique Ad.",-45.59083,-72.10222,9.515384615384615
2002-07-13,450005.0,Balmaceda Ad.,-45.91833,-71.67778,7.136
2002-07-13,520006.0,"Carlos Ibañez, Punta Arenas Ap.",-53.00167,-70.83861,0.5291666666666667
2002-07-13,530005.0,"Fuentes Martínez, Porvenir Ad.",-53.25361,-70.32611,1.2727272727272727
2002-07-13,950001.0,"C.M.A. Eduardo Frei Montalva, Antártica ",-62.19194,-58.97972,-9.325
2002-07-14,180005.0,"Chacalluta, Arica Ap.",-18.35555,-70.34028,16.162499999999998
2002-07-14,200006.0,Diego Aracena Iquique Ap.,-20.54917,-70.18111,14.933333333333335
2002-07-14,220002.0,"El Loa, Calama Ad.",-22.49806,-68.8925,17.076923076923077
2002-07-14,270001.0,Mataveri  Isla de Pascua Ap.,-27.15889,-109.4325,20.72222222222222
2002-07-14,290004.0,"La Florida, La Serena Ad.",-29.91444,-71.20667,10.835294117647058
2002-07-14,330007.0,"Rodelillo, Ad.",-33.06528,-71.55639,10.9
2002-07-14,330019.0,"Eulogio Sánchez, Tobalaba Ad.",-33.45528,-70.54861,19.78181818181818
2002-07-14,330020.0,"Quinta Normal, Santiago",-33.445,-70.68278,16.72
2002-07-14,330021.0,Pudahuel Santiago ,-33.37833,-70.78778,11.941666666666668
2002-07-14,330030.0,"Santo Domingo, Ad.",-33.65611,-71.61333,11.330769230769231
2002-07-14,330031.0,"Juan Fernández, Estación Meteorológica.",-33.63583,-78.83305,10.95
2002-07-14,340031.0,"General Freire, Curicó Ad.",-34.96944,-71.21694,7.5
2002-07-14,360011.0,"General Bernardo O'Higgins, Chillán Ad.",-36.58583,-72.03667,8.09
2002-07-14,360019.0,"Carriel Sur, Concepción Ap.",-36.78055,-73.06639,8.98076923076923
2002-07-14,370033.0,"María Dolores, Los Angeles Ad.",-37.39694,-72.42389,10.836363636363636
2002-07-14,380013.0,"Maquehue, Temuco Ad.",-38.76778,-72.63194,8.392307692307693
2002-07-14,390006.0,"Pichoy, Valdivia Ad.",-39.65667,-73.08722,8.971428571428572
2002-07-14,400009.0,"Cañal Bajo,  Osorno Ad.",-40.61444,-73.0575,9.835714285714285
2002-07-14,410005.0,El Tepual  Puerto Montt Ap.,-41.4475,-73.09583,9.808333333333334
2002-07-14,430002.0,Futaleufú Ad.,-43.18889,-71.85222,9.8
2002-07-14,450004.0,"Teniente Vidal, Coyhaique Ad.",-45.59083,-72.10222,10.338461538461539
2002-07-14,450005.0,Balmaceda Ad.,-45.91833,-71.67778,7.6499999999999995
2002-07-14,520006.0,"Carlos Ibañez, Punta Arenas Ap.",-53.00167,-70.83861,1.9541666666666666
2002-07-14,950001.0,"C.M.A. Eduardo Frei Montalva, Antártica ",-62.19194,-58.97972,-13.2375
2002-07-15,180005.0,"Chacalluta, Arica Ap.",-18.35555,-70.34028,16.066666666666666
2002-07-15,200006.0,Diego Aracena Iquique Ap.,-20.54917,-70.18111,15.033333333333333
2002-07-15,220002.0,"El Loa, Calama Ad.",-22.49806,-68.8925,14.625
2002-07-15,270001.0,Mataveri  Isla de Pascua Ap.,-27.15889,-109.4325,20.058333333333334
2002-07-15,290004.0,"La Florida, La Serena Ad.",-29.91444,-71.20667,10.894117647058822
2002-07-15,330007.0,"Rodelillo, Ad.",-33.06528,-71.55639,19.099999999999998
2002-07-15,330019.0,"Eulogio Sánchez, Tobalaba Ad.",-33.45528,-70.54861,17.133333333333333
2002-07-15,330020.0,"Quinta Normal, Santiago",-33.445,-70.68278,16.16
2002-07-15,330021.0,Pudahuel Santiago ,-33.37833,-70.78778,12.7125
2002-07-15,330030.0,"Santo Domingo, Ad.",-33.65611,-71.61333,12.100000000000001
2002-07-15,330031.0,"Juan Fernández, Estación Meteorológica.",-33.63583,-78.83305,11.959999999999999
2002-07-15,340031.0,"General Freire, Curicó Ad.",-34.96944,-71.21694,8.827272727272726
2002-07-15,360011.0,"General Bernardo O'Higgins, Chillán Ad.",-36.58583,-72.03667,7.840000000000001
2002-07-15,360019.0,"Carriel Sur, Concepción Ap.",-36.78055,-73.06639,10.604166666666666
2002-07-15,370033.0,"María Dolores, Los Angeles Ad.",-37.39694,-72.42389,9.763636363636364
2002-07-15,380013.0,"Maquehue, Temuco Ad.",-38.76778,-72.63194,10.311538461538463
2002-07-15,390006.0,"Pichoy, Valdivia Ad.",-39.65667,-73.08722,12.133333333333333
2002-07-15,400009.0,"Cañal Bajo,  Osorno Ad.",-40.61444,-73.0575,11.807692307692308
2002-07-15,410005.0,El Tepual  Puerto Montt Ap.,-41.4475,-73.09583,10.553846153846154
2002-07-15,430001.0,Quellón Ad.,-43.13361,-73.63278,10.32
2002-07-15,430002.0,Futaleufú Ad.,-43.18889,-71.85222,8.266666666666667
2002-07-15,450001.0,Puerto Aysén Ad.,-45.39944,-72.67722,7.95
2002-07-15,450004.0,"Teniente Vidal, Coyhaique Ad.",-45.59083,-72.10222,7.2153846153846155
2002-07-15,450005.0,Balmaceda Ad.,-45.91833,-71.67778,4.896
2002-07-15,520006.0,"Carlos Ibañez, Punta Arenas Ap.",-53.00167,-70.83861,3.220833333333333
2002-07-15,530005.0,"Fuentes Martínez, Porvenir Ad.",-53.25361,-70.32611,3.94
2002-07-15,950001.0,"C.M.A. Eduardo Frei Montalva, Antártica ",-62.19194,-58.97972,-13.725
2002-07-16,180005.0,"Chacalluta, Arica Ap.",-18.35555,-70.34028,15.525
2002-07-16,200006.0,Diego Aracena Iquique Ap.,-20.54917,-70.18111,14.575000000000001
2002-07-16,220002.0,"El Loa, Calama Ad.",-22.49806,-68.8925,15.21875
2002-07-16,270001.0,Mataveri  Isla de Pascua Ap.,-27.15889,-109.4325,21.8375
2002-07-16,290004.0,"La Florida, La Serena Ad.",-29.91444,-71.20667,10.058823529411764
2002-07-16,330007.0,"Rodelillo, Ad.",-33.06528,-71.55639,13.490909090909092
2002-07-16,330019.0,"Eulogio Sánchez, Tobalaba Ad.",-33.45528,-70.54861,17.107142857142858
2002-07-16,330020.0,"Quinta Normal, Santiago",-33.445,-70.68278,14.16
2002-07-16,330021.0,Pudahuel Santiago ,-33.37833,-70.78778,10.891666666666666
2002-07-16,330030.0,"Santo Domingo, Ad.",-33.65611,-71.61333,11.338461538461539
2002-07-16,330031.0,"Juan Fernández, Estación Meteorológica.",-33.63583,-78.83305,11.6
2002-07-16,340031.0,"General Freire, Curicó Ad.",-34.96944,-71.21694,7.6909090909090905
2002-07-16,360011.0,"General Bernardo O'Higgins, Chillán Ad.",-36.58583,-72.03667,9.9
2002-07-16,360019.0,"Carriel Sur, Concepción Ap.",-36.78055,-73.06639,10.195833333333333
2002-07-16,370033.0,"María Dolores, Los Angeles Ad.",-37.39694,-72.42389,11.490909090909092
2002-07-16,380013.0,"Maquehue, Temuco Ad.",-38.76778,-72.63194,7.862962962962963
2002-07-16,390006.0,"Pichoy, Valdivia Ad.",-39.65667,-73.08722,7.615384615384615
2002-07-16,400009.0,"Cañal Bajo,  Osorno Ad.",-40.61444,-73.0575,7.478571428571429
2002-07-16,410005.0,El Tepual  Puerto Montt Ap.,-41.4475,-73.09583,7.716
2002-07-16,430001.0,Quellón Ad.,-43.13361,-73.63278,9.16
2002-07-16,430002.0,Futaleufú Ad.,-43.18889,-71.85222,5.515384615384615
2002-07-16,450001.0,Puerto Aysén Ad.,-45.39944,-72.67722,5.975
2002-07-16,450004.0,"Teniente Vidal, Coyhaique Ad.",-45.59083,-72.10222,2.3846153846153846
2002-07-16,450005.0,Balmaceda Ad.,-45.91833,-71.67778,-0.3392857142857143
2002-07-16,520006.0,"Carlos Ibañez, Punta Arenas Ap.",-53.00167,-70.83861,2.970833333333333
2002-07-16,530005.0,"Fuentes Martínez, Porvenir Ad.",-53.25361,-70.32611,3.563636363636364
2002-07-16,950001.0,"C.M.A. Eduardo Frei Montalva, Antártica ",-62.19194,-58.97972,-10.108333333333333
2002-07-17,180005.0,"Chacalluta, Arica Ap.",-18.35555,-70.34028,15.883333333333333
2002-07-17,200006.0,Diego Aracena Iquique Ap.,-20.54917,-70.18111,15.275
2002-07-17,220002.0,"El Loa, Calama Ad.",-22.49806,-68.8925,15.0625
2002-07-17,270001.0,Mataveri  Isla de Pascua Ap.,-27.15889,-109.4325,21.5375
2002-07-17,290004.0,"La Florida, La Serena Ad.",-29.91444,-71.20667,10.541176470588235
2002-07-17,330007.0,"Rodelillo, Ad.",-33.06528,-71.55639,8.172727272727274
2002-07-17,330019.0,"Eulogio Sánchez, Tobalaba Ad.",-33.45528,-70.54861,16.583333333333332
2002-07-17,330020.0,"Quinta Normal, Santiago",-33.445,-70.68278,14.039999999999997
2002-07-17,330021.0,Pudahuel Santiago ,-33.37833,-70.78778,10.085185185185185
2002-07-17,330030.0,"Santo Domingo, Ad.",-33.65611,-71.61333,10.107692307692307
2002-07-17,330031.0,"Juan Fernández, Estación Meteorológica.",-33.63583,-78.83305,12.74
2002-07-17,340031.0,"General Freire, Curicó Ad.",-34.96944,-71.21694,10.063636363636364
2002-07-17,360011.0,"General Bernardo O'Higgins, Chillán Ad.",-36.58583,-72.03667,10.16
2002-07-17,360019.0,"Carriel Sur, Concepción Ap.",-36.78055,-73.06639,8.178125
2002-07-17,370033.0,"María Dolores, Los Angeles Ad.",-37.39694,-72.42389,7.472727272727273
2002-07-17,380013.0,"Maquehue, Temuco Ad.",-38.76778,-72.63194,6.657692307692307
2002-07-17,390006.0,"Pichoy, Valdivia Ad.",-39.65667,-73.08722,5.7749999999999995
2002-07-17,400009.0,"Cañal Bajo,  Osorno Ad.",-40.61444,-73.0575,7.433333333333334
2002-07-17,410005.0,El Tepual  Puerto Montt Ap.,-41.4475,-73.09583,7.558333333333334
2002-07-17,430001.0,Quellón Ad.,-43.13361,-73.63278,8.52
2002-07-17,430002.0,Futaleufú Ad.,-43.18889,-71.85222,5.207692307692308
2002-07-17,450001.0,Puerto Aysén Ad.,-45.39944,-72.67722,5.925
2002-07-17,450004.0,"Teniente Vidal, Coyhaique Ad.",-45.59083,-72.10222,3.3153846153846156
2002-07-17,450005.0,Balmaceda Ad.,-45.91833,-71.67778,-0.00370370370370374
2002-07-17,520006.0,"Carlos Ibañez, Punta Arenas Ap.",-53.00167,-70.83861,-1.6166666666666665
2002-07-17,530005.0,"Fuentes Martínez, Porvenir Ad.",-53.25361,-70.32611,-0.890909090909091
2002-07-17,950001.0,"C.M.A. Eduardo Frei Montalva, Antártica ",-62.19194,-58.97972,-7.908333333333334
2002-07-18,180005.0,"Chacalluta, Arica Ap.",-18.35555,-70.34028,15.625
2002-07-18,200006.0,Diego Aracena Iquique Ap.,-20.54917,-70.18111,15.312000000000001
2002-07-18,220002.0,"El Loa, Calama Ad.",-22.49806,-68.8925,14.8
2002-07-18,270001.0,Mataveri  Isla de Pascua Ap.,-27.15889,-109.4325,21.858333333333334
2002-07-18,290004.0,"La Florida, La Serena Ad.",-29.91444,-71.20667,10.894736842105264
2002-07-18,330007.0,"Rodelillo, Ad.",-33.06528,-71.55639,8.845454545454546
2002-07-18,330019.0,"Eulogio Sánchez, Tobalaba Ad.",-33.45528,-70.54861,14.735714285714286
2002-07-18,330020.0,"Quinta Normal, Santiago",-33.445,-70.68278,11.959999999999999
2002-07-18,330021.0,Pudahuel Santiago ,-33.37833,-70.78778,8.412
2002-07-18,330030.0,"Santo Domingo, Ad.",-33.65611,-71.61333,10.446153846153846
2002-07-18,330031.0,"Juan Fernández, Estación Meteorológica.",-33.63583,-78.83305,14.540000000000001
2002-07-18,340031.0,"General Freire, Curicó Ad.",-34.96944,-71.21694,11.318181818181818
2002-07-18,360011.0,"General Bernardo O'Higgins, Chillán Ad.",-36.58583,-72.03667,11.49
2002-07-18,360019.0,"Carriel Sur, Concepción Ap.",-36.78055,-73.06639,9.586666666666668
2002-07-18,370033.0,"María Dolores, Los Angeles Ad.",-37.39694,-72.42389,9.9
2002-07-18,380013.0,"Maquehue, Temuco Ad.",-38.76778,-72.63194,8.427999999999999
2002-07-18,390006.0,"Pichoy, Valdivia Ad.",-39.65667,-73.08722,8.861538461538462
2002-07-18,400009.0,"Cañal Bajo,  Osorno Ad.",-40.61444,-73.0575,10.161538461538461
2002-07-18,410005.0,El Tepual  Puerto Montt Ap.,-41.4475,-73.09583,10.054166666666665
2002-07-18,430001.0,Quellón Ad.,-43.13361,-73.63278,10.040000000000001
2002-07-18,430002.0,Futaleufú Ad.,-43.18889,-71.85222,6.56923076923077
2002-07-18,450001.0,Puerto Aysén Ad.,-45.39944,-72.67722,8.2
2002-07-18,450004.0,"Teniente Vidal, Coyhaique Ad.",-45.59083,-72.10222,5.523076923076923
2002-07-18,450005.0,Balmaceda Ad.,-45.91833,-71.67778,4.041666666666667
2002-07-18,520006.0,"Carlos Ibañez, Punta Arenas Ap.",-53.00167,-70.83861,1.4625000000000001
2002-07-18,530005.0,"Fuentes Martínez, Porvenir Ad.",-53.25361,-70.32611,1.4166666666666667
2002-07-18,950001.0,"C.M.A. Eduardo Frei Montalva, Antártica ",-62.19194,-58.97972,-5.5875
2002-07-19,180005.0,"Chacalluta, Arica Ap.",-18.35555,-70.34028,15.595833333333333
2002-07-19,200006.0,Diego Aracena Iquique Ap.,-20.54917,-70.18111,15.420833333333334
2002-07-19,220002.0,"El Loa, Calama Ad.",-22.49806,-68.8925,14.16875
2002-07-19,270001.0,Mataveri  Isla de Pascua Ap.,-27.15889,-109.4325,20.349999999999998
2002-07-19,290004.0,"La Florida, La Serena Ad.",-29.91444,-71.20667,11.299999999999999
2002-07-19,330007.0,"Rodelillo, Ad.",-33.06528,-71.55639,10.709090909090909
2002-07-19,330019.0,"Eulogio Sánchez, Tobalaba Ad.",-33.45528,-70.54861,12.26
2002-07-19,330020.0,"Quinta Normal, Santiago",-33.445,-70.68278,11.52
2002-07-19,330021.0,Pudahuel Santiago ,-33.37833,-70.78778,10.403846153846153
2002-07-19,330030.0,"Santo Domingo, Ad.",-33.65611,-71.61333,11.830769230769231
2002-07-19,330031.0,"Juan Fernández, Estación Meteorológica.",-33.63583,-78.83305,15.719999999999999
2002-07-19,340031.0,"General Freire, Curicó Ad.",-34.96944,-71.21694,11.445454545454545
2002-07-19,360011.0,"General Bernardo O'Higgins, Chillán Ad.",-36.58583,-72.03667,11.02
2002-07-19,360019.0,"Carriel Sur, Concepción Ap.",-36.78055,-73.06639,11.057142857142859
2002-07-19,370033.0,"María Dolores, Los Angeles Ad.",-37.39694,-72.42389,10.799999999999999
2002-07-19,380013.0,"Maquehue, Temuco Ad.",-38.76778,-72.63194,11.6
2002-07-19,390006.0,"Pichoy, Valdivia Ad.",-39.65667,-73.08722,10.583333333333334
2002-07-19,400009.0,"Cañal Bajo,  Osorno Ad.",-40.61444,-73.0575,10.938461538461537
2002-07-19,410005.0,El Tepual  Puerto Montt Ap.,-41.4475,-73.09583,10.8125
2002-07-19,430001.0,Quellón Ad.,-43.13361,-73.63278,11.18
2002-07-19,430002.0,Futaleufú Ad.,-43.18889,-71.85222,9.53076923076923
2002-07-19,450001.0,Puerto Aysén Ad.,-45.39944,-72.67722,11.05
2002-07-19,450004.0,"Teniente Vidal, Coyhaique Ad.",-45.59083,-72.10222,9.907692307692308
2002-07-19,450005.0,Balmaceda Ad.,-45.91833,-71.67778,6.558333333333334
2002-07-19,520006.0,"Carlos Ibañez, Punta Arenas Ap.",-53.00167,-70.83861,2.8392857142857144
2002-07-19,530005.0,"Fuentes Martínez, Porvenir Ad.",-53.25361,-70.32611,2.6833333333333336
2002-07-19,950001.0,"C.M.A. Eduardo Frei Montalva, Antártica ",-62.19194,-58.97972,-3.7875
2002-07-20,180005.0,"Chacalluta, Arica Ap.",-18.35555,-70.34028,16.295833333333334
2002-07-20,200006.0,Diego Aracena Iquique Ap.,-20.54917,-70.18111,15.658333333333333
2002-07-20,220002.0,"El Loa, Calama Ad.",-22.49806,-68.8925,12.975
2002-07-20,270001.0,Mataveri  Isla de Pascua Ap.,-27.15889,-109.4325,20.533333333333335
2002-07-20,290004.0,"La Florida, La Serena Ad.",-29.91444,-71.20667,12.18235294117647
2002-07-20,330007.0,"Rodelillo, Ad.",-33.06528,-71.55639,9.927272727272728
2002-07-20,330019.0,"Eulogio Sánchez, Tobalaba Ad.",-33.45528,-70.54861,11.13846153846154
2002-07-20,330020.0,"Quinta Normal, Santiago",-33.445,-70.68278,11.879999999999999
2002-07-20,330021.0,Pudahuel Santiago ,-33.37833,-70.78778,11.407407407407407
2002-07-20,330030.0,"Santo Domingo, Ad.",-33.65611,-71.61333,11.276923076923076
2002-07-20,330031.0,"Juan Fernández, Estación Meteorológica.",-33.63583,-78.83305,14.075
2002-07-20,340031.0,"General Freire, Curicó Ad.",-34.96944,-71.21694,11.127272727272727
2002-07-20,360011.0,"General Bernardo O'Higgins, Chillán Ad.",-36.58583,-72.03667,11.239999999999998
2002-07-20,360019.0,"Carriel Sur, Concepción Ap.",-36.78055,-73.06639,11.796296296296296
2002-07-20,370033.0,"María Dolores, Los Angeles Ad.",-37.39694,-72.42389,11.0
2002-07-20,380013.0,"Maquehue, Temuco Ad.",-38.76778,-72.63194,12.78
2002-07-20,390006.0,"Pichoy, Valdivia Ad.",-39.65667,-73.08722,12.064285714285715
2002-07-20,400009.0,"Cañal Bajo,  Osorno Ad.",-40.61444,-73.0575,11.65
2002-07-20,410005.0,El Tepual  Puerto Montt Ap.,-41.4475,-73.09583,10.941666666666668
2002-07-20,430002.0,Futaleufú Ad.,-43.18889,-71.85222,7.2153846153846155
2002-07-20,450004.0,"Teniente Vidal, Coyhaique Ad.",-45.59083,-72.10222,5.653846153846154
2002-07-20,450005.0,Balmaceda Ad.,-45.91833,-71.67778,3.7192307692307693
2002-07-20,520006.0,"Carlos Ibañez, Punta Arenas Ap.",-53.00167,-70.83861,2.858333333333333
2002-07-20,530005.0,"Fuentes Martínez, Porvenir Ad.",-53.25361,-70.32611,3.036363636363636
2002-07-20,950001.0,"C.M.A. Eduardo Frei Montalva, Antártica ",-62.19194,-58.97972,-5.075
2002-07-21,180005.0,"Chacalluta, Arica Ap.",-18.35555,-70.34028,16.358333333333334
2002-07-21,200006.0,Diego Aracena Iquique Ap.,-20.54917,-70.18111,15.691666666666668
2002-07-21,220002.0,"El Loa, Calama Ad.",-22.49806,-68.8925,12.584615384615384
2002-07-21,270001.0,Mataveri  Isla de Pascua Ap.,-27.15889,-109.4325,19.233333333333334
2002-07-21,290004.0,"La Florida, La Serena Ad.",-29.91444,-71.20667,12.729411764705883
2002-07-21,330007.0,"Rodelillo, Ad.",-33.06528,-71.55639,10.80909090909091
2002-07-21,330019.0,"Eulogio Sánchez, Tobalaba Ad.",-33.45528,-70.54861,10.799999999999999
2002-07-21,330020.0,"Quinta Normal, Santiago",-33.445,-70.68278,11.02
2002-07-21,330021.0,Pudahuel Santiago ,-33.37833,-70.78778,9.88
2002-07-21,330030.0,"Santo Domingo, Ad.",-33.65611,-71.61333,12.899999999999999
2002-07-21,330031.0,"Juan Fernández, Estación Meteorológica.",-33.63583,-78.83305,11.9
2002-07-21,340031.0,"General Freire, Curicó Ad.",-34.96944,-71.21694,10.418181818181818
2002-07-21,360011.0,"General Bernardo O'Higgins, Chillán Ad.",-36.58583,-72.03667,10.14
2002-07-21,360019.0,"Carriel Sur, Concepción Ap.",-36.78055,-73.06639,9.742307692307692
2002-07-21,370033.0,"María Dolores, Los Angeles Ad.",-37.39694,-72.42389,8.1
2002-07-21,380013.0,"Maquehue, Temuco Ad.",-38.76778,-72.63194,8.879166666666666
2002-07-21,390006.0,"Pichoy, Valdivia Ad.",-39.65667,-73.08722,9.700000000000001
2002-07-21,400009.0,"Cañal Bajo,  Osorno Ad.",-40.61444,-73.0575,9.138461538461538
2002-07-21,410005.0,El Tepual  Puerto Montt Ap.,-41.4475,-73.09583,7.332000000000001
2002-07-21,430002.0,Futaleufú Ad.,-43.18889,-71.85222,5.7
2002-07-21,450004.0,"Teniente Vidal, Coyhaique Ad.",-45.59083,-72.10222,5.561538461538461
2002-07-21,450005.0,Balmaceda Ad.,-45.91833,-71.67778,2.6750000000000003
2002-07-21,520006.0,"Carlos Ibañez, Punta Arenas Ap.",-53.00167,-70.83861,3.4250000000000003
2002-07-21,950001.0,"C.M.A. Eduardo Frei Montalva, Antártica ",-62.19194,-58.97972,-9.1875
2002-07-22,180005.0,"Chacalluta, Arica Ap.",-18.35555,-70.34028,15.866666666666667
2002-07-22,200006.0,Diego Aracena Iquique Ap.,-20.54917,-70.18111,14.725
2002-07-22,220002.0,"El Loa, Calama Ad.",-22.49806,-68.8925,13.6875
2002-07-22,270001.0,Mataveri  Isla de Pascua Ap.,-27.15889,-109.4325,18.1
2002-07-22,290004.0,"La Florida, La Serena Ad.",-29.91444,-71.20667,12.095238095238095
2002-07-22,330007.0,"Rodelillo, Ad.",-33.06528,-71.55639,9.936363636363636
2002-07-22,330019.0,"Eulogio Sánchez, Tobalaba Ad.",-33.45528,-70.54861,9.592307692307692
2002-07-22,330020.0,"Quinta Normal, Santiago",-33.445,-70.68278,9.74
2002-07-22,330021.0,Pudahuel Santiago ,-33.37833,-70.78778,8.958333333333334
2002-07-22,330030.0,"Santo Domingo, Ad.",-33.65611,-71.61333,11.276923076923076
2002-07-22,330031.0,"Juan Fernández, Estación Meteorológica.",-33.63583,-78.83305,12.080000000000002
2002-07-22,340031.0,"General Freire, Curicó Ad.",-34.96944,-71.21694,9.681818181818182
2002-07-22,360011.0,"General Bernardo O'Higgins, Chillán Ad.",-36.58583,-72.03667,8.690000000000001
2002-07-22,360019.0,"Carriel Sur, Concepción Ap.",-36.78055,-73.06639,9.710714285714285
2002-07-22,370033.0,"María Dolores, Los Angeles Ad.",-37.39694,-72.42389,8.45
2002-07-22,380013.0,"Maquehue, Temuco Ad.",-38.76778,-72.63194,9.2875
2002-07-22,390006.0,"Pichoy, Valdivia Ad.",-39.65667,-73.08722,9.6
2002-07-22,400009.0,"Cañal Bajo,  Osorno Ad.",-40.61444,-73.0575,9.015384615384615
2002-07-22,410005.0,El Tepual  Puerto Montt Ap.,-41.4475,-73.09583,8.328
2002-07-22,430001.0,Quellón Ad.,-43.13361,-73.63278,8.68
2002-07-22,430002.0,Futaleufú Ad.,-43.18889,-71.85222,3.2583333333333333
2002-07-22,450001.0,Puerto Aysén Ad.,-45.39944,-72.67722,3.925
2002-07-22,450004.0,"Teniente Vidal, Coyhaique Ad.",-45.59083,-72.10222,2.730769230769231
2002-07-22,450005.0,Balmaceda Ad.,-45.91833,-71.67778,1.7374999999999998
2002-07-22,520006.0,"Carlos Ibañez, Punta Arenas Ap.",-53.00167,-70.83861,2.6625
2002-07-22,530005.0,"Fuentes Martínez, Porvenir Ad.",-53.25361,-70.32611,2.1399999999999997
2002-07-22,950001.0,"C.M.A. Eduardo Frei Montalva, Antártica ",-62.19194,-58.97972,-7.83
2002-07-23,180005.0,"Chacalluta, Arica Ap.",-18.35555,-70.34028,15.954166666666666
2002-07-23,200006.0,Diego Aracena Iquique Ap.,-20.54917,-70.18111,15.720833333333333
2002-07-23,220002.0,"El Loa, Calama Ad.",-22.49806,-68.8925,13.5
2002-07-23,270001.0,Mataveri  Isla de Pascua Ap.,-27.15889,-109.4325,18.2375
2002-07-23,290004.0,"La Florida, La Serena Ad.",-29.91444,-71.20667,11.372222222222222
2002-07-23,330007.0,"Rodelillo, Ad.",-33.06528,-71.55639,9.19090909090909
2002-07-23,330019.0,"Eulogio Sánchez, Tobalaba Ad.",-33.45528,-70.54861,7.1499999999999995
2002-07-23,330020.0,"Quinta Normal, Santiago",-33.445,-70.68278,8.16
2002-07-23,330021.0,Pudahuel Santiago ,-33.37833,-70.78778,7.870833333333334
2002-07-23,330030.0,"Santo Domingo, Ad.",-33.65611,-71.61333,10.823076923076922
2002-07-23,330031.0,"Juan Fernández, Estación Meteorológica.",-33.63583,-78.83305,11.34
2002-07-23,340031.0,"General Freire, Curicó Ad.",-34.96944,-71.21694,9.090909090909092
2002-07-23,360011.0,"General Bernardo O'Higgins, Chillán Ad.",-36.58583,-72.03667,9.52
2002-07-23,360019.0,"Carriel Sur, Concepción Ap.",-36.78055,-73.06639,9.708
2002-07-23,370033.0,"María Dolores, Los Angeles Ad.",-37.39694,-72.42389,8.7
2002-07-23,380013.0,"Maquehue, Temuco Ad.",-38.76778,-72.63194,8.424
2002-07-23,390006.0,"Pichoy, Valdivia Ad.",-39.65667,-73.08722,7.707142857142857
2002-07-23,400009.0,"Cañal Bajo,  Osorno Ad.",-40.61444,-73.0575,6.461538461538462
2002-07-23,410005.0,El Tepual  Puerto Montt Ap.,-41.4475,-73.09583,6.591666666666666
2002-07-23,430001.0,Quellón Ad.,-43.13361,-73.63278,7.26
2002-07-23,430002.0,Futaleufú Ad.,-43.18889,-71.85222,5.046153846153846
2002-07-23,450001.0,Puerto Aysén Ad.,-45.39944,-72.67722,6.1
2002-07-23,450004.0,"Teniente Vidal, Coyhaique Ad.",-45.59083,-72.10222,3.9923076923076923
2002-07-23,450005.0,Balmaceda Ad.,-45.91833,-71.67778,1.55
2002-07-23,520006.0,"Carlos Ibañez, Punta Arenas Ap.",-53.00167,-70.83861,2.8166666666666664
2002-07-23,530005.0,"Fuentes Martínez, Porvenir Ad.",-53.25361,-70.32611,4.309090909090909
2002-07-23,950001.0,"C.M.A. Eduardo Frei Montalva, Antártica ",-62.19194,-58.97972,-8.225
2002-07-24,180005.0,"Chacalluta, Arica Ap.",-18.35555,-70.34028,15.991666666666667
2002-07-24,200006.0,Diego Aracena Iquique Ap.,-20.54917,-70.18111,15.708333333333334
2002-07-24,220002.0,"El Loa, Calama Ad.",-22.49806,-68.8925,12.5
2002-07-24,270001.0,Mataveri  Isla de Pascua Ap.,-27.15889,-109.4325,18.3875
2002-07-24,290004.0,"La Florida, La Serena Ad.",-29.91444,-71.20667,12.058823529411764
2002-07-24,330007.0,"Rodelillo, Ad.",-33.06528,-71.55639,10.536363636363637
2002-07-24,330019.0,"Eulogio Sánchez, Tobalaba Ad.",-33.45528,-70.54861,7.583333333333333
2002-07-24,330020.0,"Quinta Normal, Santiago",-33.445,-70.68278,7.5
2002-07-24,330021.0,Pudahuel Santiago ,-33.37833,-70.78778,4.113333333333333
2002-07-24,330030.0,"Santo Domingo, Ad.",-33.65611,-71.61333,10.13076923076923
2002-07-24,330031.0,"Juan Fernández, Estación Meteorológica.",-33.63583,-78.83305,12.7
2002-07-24,340031.0,"General Freire, Curicó Ad.",-34.96944,-71.21694,10.618181818181817
2002-07-24,360011.0,"General Bernardo O'Higgins, Chillán Ad.",-36.58583,-72.03667,10.61
2002-07-24,360019.0,"Carriel Sur, Concepción Ap.",-36.78055,-73.06639,8.28
2002-07-24,370033.0,"María Dolores, Los Angeles Ad.",-37.39694,-72.42389,8.3
2002-07-24,380013.0,"Maquehue, Temuco Ad.",-38.76778,-72.63194,6.704
2002-07-24,390006.0,"Pichoy, Valdivia Ad.",-39.65667,-73.08722,7.023076923076923
2002-07-24,400009.0,"Cañal Bajo,  Osorno Ad.",-40.61444,-73.0575,6.753846153846154
2002-07-24,410005.0,El Tepual  Puerto Montt Ap.,-41.4475,-73.09583,5.566666666666666
2002-07-24,430001.0,Quellón Ad.,-43.13361,-73.63278,7.62
2002-07-24,430002.0,Futaleufú Ad.,-43.18889,-71.85222,4.076923076923077
2002-07-24,450001.0,Puerto Aysén Ad.,-45.39944,-72.67722,4.25
2002-07-24,450004.0,"Teniente Vidal, Coyhaique Ad.",-45.59083,-72.10222,3.230769230769231
2002-07-24,450005.0,Balmaceda Ad.,-45.91833,-71.67778,2.2159999999999997
2002-07-24,520006.0,"Carlos Ibañez, Punta Arenas Ap.",-53.00167,-70.83861,-0.43200000000000005
2002-07-24,530005.0,"Fuentes Martínez, Porvenir Ad.",-53.25361,-70.32611,0.9166666666666666
2002-07-24,950001.0,"C.M.A. Eduardo Frei Montalva, Antártica ",-62.19194,-58.97972,-8.387500000000001
2002-07-25,180005.0,"Chacalluta, Arica Ap.",-18.35555,-70.34028,15.641666666666666
2002-07-25,200006.0,Diego Aracena Iquique Ap.,-20.54917,-70.18111,15.429166666666667
2002-07-25,220002.0,"El Loa, Calama Ad.",-22.49806,-68.8925,14.19375
2002-07-25,270001.0,Mataveri  Isla de Pascua Ap.,-27.15889,-109.4325,18.37142857142857
2002-07-25,290004.0,"La Florida, La Serena Ad.",-29.91444,-71.20667,10.658823529411764
2002-07-25,330007.0,"Rodelillo, Ad.",-33.06528,-71.55639,12.172727272727274
2002-07-25,330019.0,"Eulogio Sánchez, Tobalaba Ad.",-33.45528,-70.54861,9.208333333333334
2002-07-25,330020.0,"Quinta Normal, Santiago",-33.445,-70.68278,8.319999999999999
2002-07-25,330021.0,Pudahuel Santiago ,-33.37833,-70.78778,4.748148148148148
2002-07-25,330030.0,"Santo Domingo, Ad.",-33.65611,-71.61333,10.807692307692308
2002-07-25,330031.0,"Juan Fernández, Estación Meteorológica.",-33.63583,-78.83305,13.580000000000002
2002-07-25,340031.0,"General Freire, Curicó Ad.",-34.96944,-71.21694,8.127272727272727
2002-07-25,360011.0,"General Bernardo O'Higgins, Chillán Ad.",-36.58583,-72.03667,11.42
2002-07-25,360019.0,"Carriel Sur, Concepción Ap.",-36.78055,-73.06639,10.512500000000001
2002-07-25,370033.0,"María Dolores, Los Angeles Ad.",-37.39694,-72.42389,10.2
2002-07-25,380013.0,"Maquehue, Temuco Ad.",-38.76778,-72.63194,9.736
2002-07-25,390006.0,"Pichoy, Valdivia Ad.",-39.65667,-73.08722,10.591666666666667
2002-07-25,400009.0,"Cañal Bajo,  Osorno Ad.",-40.61444,-73.0575,9.346153846153847
2002-07-25,410005.0,El Tepual  Puerto Montt Ap.,-41.4475,-73.09583,8.095833333333333
2002-07-25,430001.0,Quellón Ad.,-43.13361,-73.63278,9.3
2002-07-25,430002.0,Futaleufú Ad.,-43.18889,-71.85222,5.407692307692307
2002-07-25,450001.0,Puerto Aysén Ad.,-45.39944,-72.67722,6.225
2002-07-25,450004.0,"Teniente Vidal, Coyhaique Ad.",-45.59083,-72.10222,4.361538461538462
2002-07-25,450005.0,Balmaceda Ad.,-45.91833,-71.67778,2.1875
2002-07-25,520006.0,"Carlos Ibañez, Punta Arenas Ap.",-53.00167,-70.83861,-1.2038461538461538
2002-07-25,530005.0,"Fuentes Martínez, Porvenir Ad.",-53.25361,-70.32611,-1.8545454545454545
2002-07-25,950001.0,"C.M.A. Eduardo Frei Montalva, Antártica ",-62.19194,-58.97972,-6.0
2002-07-26,180005.0,"Chacalluta, Arica Ap.",-18.35555,-70.34028,15.987499999999999
2002-07-26,200006.0,Diego Aracena Iquique Ap.,-20.54917,-70.18111,15.725
2002-07-26,220002.0,"El Loa, Calama Ad.",-22.49806,-68.8925,12.10625
2002-07-26,270001.0,Mataveri  Isla de Pascua Ap.,-27.15889,-109.4325,21.233333333333334
2002-07-26,290004.0,"La Florida, La Serena Ad.",-29.91444,-71.20667,11.152941176470588
2002-07-26,330007.0,"Rodelillo, Ad.",-33.06528,-71.55639,11.472727272727273
2002-07-26,330019.0,"Eulogio Sánchez, Tobalaba Ad.",-33.45528,-70.54861,9.683333333333334
2002-07-26,330020.0,"Quinta Normal, Santiago",-33.445,-70.68278,9.24
2002-07-26,330021.0,Pudahuel Santiago ,-33.37833,-70.78778,6.3500000000000005
2002-07-26,330030.0,"Santo Domingo, Ad.",-33.65611,-71.61333,11.623076923076923
2002-07-26,330031.0,"Juan Fernández, Estación Meteorológica.",-33.63583,-78.83305,13.419999999999998
2002-07-26,340031.0,"General Freire, Curicó Ad.",-34.96944,-71.21694,8.236363636363636
2002-07-26,360011.0,"General Bernardo O'Higgins, Chillán Ad.",-36.58583,-72.03667,9.879999999999999
2002-07-26,360019.0,"Carriel Sur, Concepción Ap.",-36.78055,-73.06639,10.495999999999999
2002-07-26,370033.0,"María Dolores, Los Angeles Ad.",-37.39694,-72.42389,8.2
2002-07-26,380013.0,"Maquehue, Temuco Ad.",-38.76778,-72.63194,8.279166666666667
2002-07-26,390006.0,"Pichoy, Valdivia Ad.",-39.65667,-73.08722,8.799999999999999
2002-07-26,400009.0,"Cañal Bajo,  Osorno Ad.",-40.61444,-73.0575,7.199999999999999
2002-07-26,410005.0,El Tepual  Puerto Montt Ap.,-41.4475,-73.09583,6.741666666666667
2002-07-26,430001.0,Quellón Ad.,-43.13361,-73.63278,7.26
2002-07-26,430002.0,Futaleufú Ad.,-43.18889,-71.85222,4.315384615384615
2002-07-26,450004.0,"Teniente Vidal, Coyhaique Ad.",-45.59083,-72.10222,5.015384615384615
2002-07-26,450005.0,Balmaceda Ad.,-45.91833,-71.67778,2.6333333333333333
2002-07-26,520006.0,"Carlos Ibañez, Punta Arenas Ap.",-53.00167,-70.83861,0.789655172413793
2002-07-26,530005.0,"Fuentes Martínez, Porvenir Ad.",-53.25361,-70.32611,1.3166666666666667
2002-07-26,950001.0,"C.M.A. Eduardo Frei Montalva, Antártica ",-62.19194,-58.97972,-5.175
2002-07-27,180005.0,"Chacalluta, Arica Ap.",-18.35555,-70.34028,15.266666666666666
2002-07-27,200006.0,Diego Aracena Iquique Ap.,-20.54917,-70.18111,14.758333333333333
2002-07-27,220002.0,"El Loa, Calama Ad.",-22.49806,-68.8925,15.675
2002-07-27,270001.0,Mataveri  Isla de Pascua Ap.,-27.15889,-109.4325,19.7
2002-07-27,290004.0,"La Florida, La Serena Ad.",-29.91444,-71.20667,14.588235294117647
2002-07-27,330007.0,"Rodelillo, Ad.",-33.06528,-71.55639,16.063636363636363
2002-07-27,330019.0,"Eulogio Sánchez, Tobalaba Ad.",-33.45528,-70.54861,11.525
2002-07-27,330020.0,"Quinta Normal, Santiago",-33.445,-70.68278,10.3
2002-07-27,330021.0,Pudahuel Santiago ,-33.37833,-70.78778,6.257692307692308
2002-07-27,330030.0,"Santo Domingo, Ad.",-33.65611,-71.61333,13.0
2002-07-27,330031.0,"Juan Fernández, Estación Meteorológica.",-33.63583,-78.83305,10.675
2002-07-27,340031.0,"General Freire, Curicó Ad.",-34.96944,-71.21694,7.263636363636365
2002-07-27,360011.0,"General Bernardo O'Higgins, Chillán Ad.",-36.58583,-72.03667,7.94
2002-07-27,360019.0,"Carriel Sur, Concepción Ap.",-36.78055,-73.06639,6.029166666666666
2002-07-27,370033.0,"María Dolores, Los Angeles Ad.",-37.39694,-72.42389,5.3
2002-07-27,380013.0,"Maquehue, Temuco Ad.",-38.76778,-72.63194,5.370833333333334
2002-07-27,390006.0,"Pichoy, Valdivia Ad.",-39.65667,-73.08722,6.733333333333333
2002-07-27,400009.0,"Cañal Bajo,  Osorno Ad.",-40.61444,-73.0575,6.907692307692307
2002-07-27,410005.0,El Tepual  Puerto Montt Ap.,-41.4475,-73.09583,5.583333333333333
2002-07-27,430002.0,Futaleufú Ad.,-43.18889,-71.85222,3.8307692307692305
2002-07-27,450004.0,"Teniente Vidal, Coyhaique Ad.",-45.59083,-72.10222,1.6857142857142857
2002-07-27,450005.0,Balmaceda Ad.,-45.91833,-71.67778,0.9538461538461539
2002-07-27,520006.0,"Carlos Ibañez, Punta Arenas Ap.",-53.00167,-70.83861,1.0708333333333333
2002-07-27,530005.0,"Fuentes Martínez, Porvenir Ad.",-53.25361,-70.32611,2.1636363636363636
2002-07-27,950001.0,"C.M.A. Eduardo Frei Montalva, Antártica ",-62.19194,-58.97972,-5.8875
2002-07-28,180005.0,"Chacalluta, Arica Ap.",-18.35555,-70.34028,16.22
2002-07-28,200006.0,Diego Aracena Iquique Ap.,-20.54917,-70.18111,15.533333333333333
2002-07-28,220002.0,"El Loa, Calama Ad.",-22.49806,-68.8925,18.384615384615383
2002-07-28,270001.0,Mataveri  Isla de Pascua Ap.,-27.15889,-109.4325,18.255555555555556
2002-07-28,290004.0,"La Florida, La Serena Ad.",-29.91444,-71.20667,13.280000000000001
2002-07-28,330007.0,"Rodelillo, Ad.",-33.06528,-71.55639,16.327272727272728
2002-07-28,330019.0,"Eulogio Sánchez, Tobalaba Ad.",-33.45528,-70.54861,17.483333333333334
2002-07-28,330020.0,"Quinta Normal, Santiago",-33.445,-70.68278,14.2
2002-07-28,330021.0,Pudahuel Santiago ,-33.37833,-70.78778,9.829166666666667
2002-07-28,330030.0,"Santo Domingo, Ad.",-33.65611,-71.61333,13.63076923076923
2002-07-28,330031.0,"Juan Fernández, Estación Meteorológica.",-33.63583,-78.83305,10.775
2002-07-28,340031.0,"General Freire, Curicó Ad.",-34.96944,-71.21694,9.700000000000001
2002-07-28,360011.0,"General Bernardo O'Higgins, Chillán Ad.",-36.58583,-72.03667,9.620000000000001
2002-07-28,360019.0,"Carriel Sur, Concepción Ap.",-36.78055,-73.06639,7.808
2002-07-28,370033.0,"María Dolores, Los Angeles Ad.",-37.39694,-72.42389,7.4
2002-07-28,380013.0,"Maquehue, Temuco Ad.",-38.76778,-72.63194,7.066666666666666
2002-07-28,390006.0,"Pichoy, Valdivia Ad.",-39.65667,-73.08722,8.764285714285714
2002-07-28,400009.0,"Cañal Bajo,  Osorno Ad.",-40.61444,-73.0575,10.600000000000001
2002-07-28,410005.0,El Tepual  Puerto Montt Ap.,-41.4475,-73.09583,9.058333333333334
2002-07-28,430002.0,Futaleufú Ad.,-43.18889,-71.85222,5.6
2002-07-28,450004.0,"Teniente Vidal, Coyhaique Ad.",-45.59083,-72.10222,7.561538461538461
2002-07-28,450005.0,Balmaceda Ad.,-45.91833,-71.67778,3.954166666666667
2002-07-28,520006.0,"Carlos Ibañez, Punta Arenas Ap.",-53.00167,-70.83861,-2.5625
2002-07-28,950001.0,"C.M.A. Eduardo Frei Montalva, Antártica ",-62.19194,-58.97972,-6.25
2002-07-29,180005.0,"Chacalluta, Arica Ap.",-18.35555,-70.34028,15.941666666666668
2002-07-29,200006.0,Diego Aracena Iquique Ap.,-20.54917,-70.18111,16.033333333333335
2002-07-29,220002.0,"El Loa, Calama Ad.",-22.49806,-68.8925,15.175
2002-07-29,270001.0,Mataveri  Isla de Pascua Ap.,-27.15889,-109.4325,17.692307692307693
2002-07-29,290004.0,"La Florida, La Serena Ad.",-29.91444,-71.20667,13.441176470588236
2002-07-29,330007.0,"Rodelillo, Ad.",-33.06528,-71.55639,11.281818181818181
2002-07-29,330019.0,"Eulogio Sánchez, Tobalaba Ad.",-33.45528,-70.54861,10.466666666666667
2002-07-29,330020.0,"Quinta Normal, Santiago",-33.445,-70.68278,11.639999999999999
2002-07-29,330021.0,Pudahuel Santiago ,-33.37833,-70.78778,9.708
2002-07-29,330030.0,"Santo Domingo, Ad.",-33.65611,-71.61333,13.669230769230769
2002-07-29,330031.0,"Juan Fernández, Estación Meteorológica.",-33.63583,-78.83305,13.4
2002-07-29,340031.0,"General Freire, Curicó Ad.",-34.96944,-71.21694,10.6
2002-07-29,360011.0,"General Bernardo O'Higgins, Chillán Ad.",-36.58583,-72.03667,11.36
2002-07-29,360019.0,"Carriel Sur, Concepción Ap.",-36.78055,-73.06639,10.520833333333334
2002-07-29,370033.0,"María Dolores, Los Angeles Ad.",-37.39694,-72.42389,9.2
2002-07-29,380013.0,"Maquehue, Temuco Ad.",-38.76778,-72.63194,8.4625
2002-07-29,390006.0,"Pichoy, Valdivia Ad.",-39.65667,-73.08722,10.741666666666667
2002-07-29,400009.0,"Cañal Bajo,  Osorno Ad.",-40.61444,-73.0575,9.653846153846153
2002-07-29,410005.0,El Tepual  Puerto Montt Ap.,-41.4475,-73.09583,9.358333333333333
2002-07-29,430001.0,Quellón Ad.,-43.13361,-73.63278,9.309999999999999
2002-07-29,430002.0,Futaleufú Ad.,-43.18889,-71.85222,7.683333333333334
2002-07-29,450001.0,Puerto Aysén Ad.,-45.39944,-72.67722,7.35
2002-07-29,450004.0,"Teniente Vidal, Coyhaique Ad.",-45.59083,-72.10222,7.315384615384615
2002-07-29,450005.0,Balmaceda Ad.,-45.91833,-71.67778,5.616666666666667
2002-07-29,520006.0,"Carlos Ibañez, Punta Arenas Ap.",-53.00167,-70.83861,0.46923076923076923
2002-07-29,530005.0,"Fuentes Martínez, Porvenir Ad.",-53.25361,-70.32611,1.3818181818181818
2002-07-29,950001.0,"C.M.A. Eduardo Frei Montalva, Antártica ",-62.19194,-58.97972,-8.2625
2002-07-30,180005.0,"Chacalluta, Arica Ap.",-18.35555,-70.34028,16.270833333333332
2002-07-30,200006.0,Diego Aracena Iquique Ap.,-20.54917,-70.18111,15.75
2002-07-30,220002.0,"El Loa, Calama Ad.",-22.49806,-68.8925,14.144444444444444
2002-07-30,270001.0,Mataveri  Isla de Pascua Ap.,-27.15889,-109.4325,19.683333333333334
2002-07-30,290004.0,"La Florida, La Serena Ad.",-29.91444,-71.20667,13.023529411764706
2002-07-30,330007.0,"Rodelillo, Ad.",-33.06528,-71.55639,8.318181818181818
2002-07-30,330019.0,"Eulogio Sánchez, Tobalaba Ad.",-33.45528,-70.54861,7.2
2002-07-30,330020.0,"Quinta Normal, Santiago",-33.445,-70.68278,8.74
2002-07-30,330021.0,Pudahuel Santiago ,-33.37833,-70.78778,8.346153846153847
2002-07-30,330030.0,"Santo Domingo, Ad.",-33.65611,-71.61333,12.046153846153846
2002-07-30,330031.0,"Juan Fernández, Estación Meteorológica.",-33.63583,-78.83305,12.34
2002-07-30,340031.0,"General Freire, Curicó Ad.",-34.96944,-71.21694,10.227272727272727
2002-07-30,360011.0,"General Bernardo O'Higgins, Chillán Ad.",-36.58583,-72.03667,10.18
2002-07-30,360019.0,"Carriel Sur, Concepción Ap.",-36.78055,-73.06639,10.36
2002-07-30,370033.0,"María Dolores, Los Angeles Ad.",-37.39694,-72.42389,8.25
2002-07-30,380013.0,"Maquehue, Temuco Ad.",-38.76778,-72.63194,10.299999999999999
2002-07-30,390006.0,"Pichoy, Valdivia Ad.",-39.65667,-73.08722,12.591666666666667
2002-07-30,400009.0,"Cañal Bajo,  Osorno Ad.",-40.61444,-73.0575,11.176923076923078
2002-07-30,410005.0,El Tepual  Puerto Montt Ap.,-41.4475,-73.09583,9.020833333333334
2002-07-30,430001.0,Quellón Ad.,-43.13361,-73.63278,8.870000000000001
2002-07-30,430002.0,Futaleufú Ad.,-43.18889,-71.85222,6.6461538461538465
2002-07-30,450001.0,Puerto Aysén Ad.,-45.39944,-72.67722,5.35
2002-07-30,450004.0,"Teniente Vidal, Coyhaique Ad.",-45.59083,-72.10222,5.053846153846154
2002-07-30,450005.0,Balmaceda Ad.,-45.91833,-71.67778,2.0375
2002-07-30,520006.0,"Carlos Ibañez, Punta Arenas Ap.",-53.00167,-70.83861,-1.0374999999999999
2002-07-30,530005.0,"Fuentes Martínez, Porvenir Ad.",-53.25361,-70.32611,1.2545454545454544
2002-07-30,950001.0,"C.M.A. Eduardo Frei Montalva, Antártica ",-62.19194,-58.97972,-6.625
2002-07-31,180005.0,"Chacalluta, Arica Ap.",-18.35555,-70.34028,15.595833333333333
2002-07-31,200006.0,Diego Aracena Iquique Ap.,-20.54917,-70.18111,15.679166666666667
2002-07-31,220002.0,"El Loa, Calama Ad.",-22.49806,-68.8925,14.237499999999999
2002-07-31,270001.0,Mataveri  Isla de Pascua Ap.,-27.15889,-109.4325,18.766666666666666
2002-07-31,290004.0,"La Florida, La Serena Ad.",-29.91444,-71.20667,10.86470588235294
2002-07-31,330007.0,"Rodelillo, Ad.",-33.06528,-71.55639,10.936363636363636
2002-07-31,330019.0,"Eulogio Sánchez, Tobalaba Ad.",-33.45528,-70.54861,10.490909090909092
2002-07-31,330020.0,"Quinta Normal, Santiago",-33.445,-70.68278,9.34
2002-07-31,330021.0,Pudahuel Santiago ,-33.37833,-70.78778,6.056
2002-07-31,330030.0,"Santo Domingo, Ad.",-33.65611,-71.61333,10.615384615384615
2002-07-31,330031.0,"Juan Fernández, Estación Meteorológica.",-33.63583,-78.83305,12.32
2002-07-31,340031.0,"General Freire, Curicó Ad.",-34.96944,-71.21694,7.736363636363635
2002-07-31,360011.0,"General Bernardo O'Higgins, Chillán Ad.",-36.58583,-72.03667,11.930000000000001
2002-07-31,360019.0,"Carriel Sur, Concepción Ap.",-36.78055,-73.06639,8.082142857142857
2002-07-31,370033.0,"María Dolores, Los Angeles Ad.",-37.39694,-72.42389,11.05
2002-07-31,380013.0,"Maquehue, Temuco Ad.",-38.76778,-72.63194,6.16
2002-07-31,390006.0,"Pichoy, Valdivia Ad.",-39.65667,-73.08722,6.926666666666667
2002-07-31,400009.0,"Cañal Bajo,  Osorno Ad.",-40.61444,-73.0575,6.821428571428571
2002-07-31,410005.0,El Tepual  Puerto Montt Ap.,-41.4475,-73.09583,5.837037037037037
2002-07-31,430001.0,Quellón Ad.,-43.13361,-73.63278,5.79
2002-07-31,430002.0,Futaleufú Ad.,-43.18889,-71.85222,2.838461538461538
2002-07-31,450001.0,Puerto Aysén Ad.,-45.39944,-72.67722,2.5
2002-07-31,450004.0,"Teniente Vidal, Coyhaique Ad.",-45.59083,-72.10222,0.35714285714285715
2002-07-31,450005.0,Balmaceda Ad.,-45.91833,-71.67778,-1.304166666666667
2002-07-31,520006.0,"Carlos Ibañez, Punta Arenas Ap.",-53.00167,-70.83861,1.9166666666666667
2002-07-31,530005.0,"Fuentes Martínez, Porvenir Ad.",-53.25361,-70.32611,4.090909090909091
2002-07-31,950001.0,"C.M.A. Eduardo Frei Montalva, Antártica ",-62.19194,-58.97972,-2.881818181818182
2002-08-01,180005.0,"Chacalluta, Arica Ap.",-18.35555,-70.34028,15.275
2002-08-01,200006.0,Diego Aracena Iquique Ap.,-20.54917,-70.18111,14.970833333333333
2002-08-01,220002.0,"El Loa, Calama Ad.",-22.49806,-68.8925,13.4125
2002-08-01,270001.0,Mataveri  Isla de Pascua Ap.,-27.15889,-109.4325,18.30666666666667
2002-08-01,290004.0,"La Florida, La Serena Ad.",-29.91444,-71.20667,11.058823529411764
2002-08-01,330007.0,"Rodelillo, Ad.",-33.06528,-71.55639,11.645454545454545
2002-08-01,330019.0,"Eulogio Sánchez, Tobalaba Ad.",-33.45528,-70.54861,10.3
2002-08-01,330020.0,"Quinta Normal, Santiago",-33.445,-70.68278,11.120000000000001
2002-08-01,330021.0,Pudahuel Santiago ,-33.37833,-70.78778,7.144444444444445
2002-08-01,330030.0,"Santo Domingo, Ad.",-33.65611,-71.61333,11.176923076923078
2002-08-01,330031.0,"Juan Fernández, Estación Meteorológica.",-33.63583,-78.83305,11.879999999999999
2002-08-01,340031.0,"General Freire, Curicó Ad.",-34.96944,-71.21694,10.927272727272728
2002-08-01,360011.0,"General Bernardo O'Higgins, Chillán Ad.",-36.58583,-72.03667,10.05
2002-08-01,360019.0,"Carriel Sur, Concepción Ap.",-36.78055,-73.06639,7.129166666666666
2002-08-01,370033.0,"María Dolores, Los Angeles Ad.",-37.39694,-72.42389,8.09
2002-08-01,380013.0,"Maquehue, Temuco Ad.",-38.76778,-72.63194,5.869230769230769
2002-08-01,390006.0,"Pichoy, Valdivia Ad.",-39.65667,-73.08722,7.781818181818181
2002-08-01,400009.0,"Cañal Bajo,  Osorno Ad.",-40.61444,-73.0575,5.883333333333333
2002-08-01,410005.0,El Tepual  Puerto Montt Ap.,-41.4475,-73.09583,6.629166666666666
2002-08-01,430001.0,Quellón Ad.,-43.13361,-73.63278,6.57
2002-08-01,430002.0,Futaleufú Ad.,-43.18889,-71.85222,1.4846153846153847
2002-08-01,450001.0,Puerto Aysén Ad.,-45.39944,-72.67722,3.375
2002-08-01,450004.0,"Teniente Vidal, Coyhaique Ad.",-45.59083,-72.10222,1.5
2002-08-01,450005.0,Balmaceda Ad.,-45.91833,-71.67778,1.0961538461538463
2002-08-01,520006.0,"Carlos Ibañez, Punta Arenas Ap.",-53.00167,-70.83861,2.658333333333333
2002-08-01,530005.0,"Fuentes Martínez, Porvenir Ad.",-53.25361,-70.32611,4.036363636363636
2002-08-01,550001.0,"Guardiamarina Zañartu, Pto Williams Ad.",-54.93167,-67.61556,4.4
2002-08-01,950001.0,"C.M.A. Eduardo Frei Montalva, Antártica ",-62.19194,-58.97972,-0.75
2002-08-02,180005.0,"Chacalluta, Arica Ap.",-18.35555,-70.34028,15.666666666666666
2002-08-02,200006.0,Diego Aracena Iquique Ap.,-20.54917,-70.18111,15.370833333333332
2002-08-02,220002.0,"El Loa, Calama Ad.",-22.49806,-68.8925,15.18125
2002-08-02,270001.0,Mataveri  Isla de Pascua Ap.,-27.15889,-109.4325,19.5
2002-08-02,290004.0,"La Florida, La Serena Ad.",-29.91444,-71.20667,10.511764705882353
2002-08-02,330007.0,"Rodelillo, Ad.",-33.06528,-71.55639,11.4
2002-08-02,330019.0,"Eulogio Sánchez, Tobalaba Ad.",-33.45528,-70.54861,12.718181818181819
2002-08-02,330020.0,"Quinta Normal, Santiago",-33.445,-70.68278,10.48
2002-08-02,330021.0,Pudahuel Santiago ,-33.37833,-70.78778,6.888
2002-08-02,330030.0,"Santo Domingo, Ad.",-33.65611,-71.61333,9.86153846153846
2002-08-02,330031.0,"Juan Fernández, Estación Meteorológica.",-33.63583,-78.83305,12.3
2002-08-02,340031.0,"General Freire, Curicó Ad.",-34.96944,-71.21694,6.9
2002-08-02,360011.0,"General Bernardo O'Higgins, Chillán Ad.",-36.58583,-72.03667,9.07
2002-08-02,360019.0,"Carriel Sur, Concepción Ap.",-36.78055,-73.06639,9.216666666666667
2002-08-02,370033.0,"María Dolores, Los Angeles Ad.",-37.39694,-72.42389,9.559999999999999
2002-08-02,380013.0,"Maquehue, Temuco Ad.",-38.76778,-72.63194,8.454166666666667
2002-08-02,390006.0,"Pichoy, Valdivia Ad.",-39.65667,-73.08722,9.533333333333333
2002-08-02,400009.0,"Cañal Bajo,  Osorno Ad.",-40.61444,-73.0575,9.481818181818182
2002-08-02,410005.0,El Tepual  Puerto Montt Ap.,-41.4475,-73.09583,7.6625000000000005
2002-08-02,430001.0,Quellón Ad.,-43.13361,-73.63278,8.11
2002-08-02,430002.0,Futaleufú Ad.,-43.18889,-71.85222,4.792307692307692
2002-08-02,450001.0,Puerto Aysén Ad.,-45.39944,-72.67722,5.75
2002-08-02,450004.0,"Teniente Vidal, Coyhaique Ad.",-45.59083,-72.10222,5.7846153846153845
2002-08-02,450005.0,Balmaceda Ad.,-45.91833,-71.67778,3.766666666666667
2002-08-02,520006.0,"Carlos Ibañez, Punta Arenas Ap.",-53.00167,-70.83861,2.370833333333333
2002-08-02,530005.0,"Fuentes Martínez, Porvenir Ad.",-53.25361,-70.32611,3.2
2002-08-02,550001.0,"Guardiamarina Zañartu, Pto Williams Ad.",-54.93167,-67.61556,4.725
2002-08-02,950001.0,"C.M.A. Eduardo Frei Montalva, Antártica ",-62.19194,-58.97972,-1.6466666666666667
2002-08-03,180005.0,"Chacalluta, Arica Ap.",-18.35555,-70.34028,15.629166666666668
2002-08-03,200006.0,Diego Aracena Iquique Ap.,-20.54917,-70.18111,15.445833333333333
2002-08-03,220002.0,"El Loa, Calama Ad.",-22.49806,-68.8925,14.55
2002-08-03,270001.0,Mataveri  Isla de Pascua Ap.,-27.15889,-109.4325,21.316666666666666
2002-08-03,290004.0,"La Florida, La Serena Ad.",-29.91444,-71.20667,12.047058823529412
2002-08-03,330007.0,"Rodelillo, Ad.",-33.06528,-71.55639,10.263636363636364
2002-08-03,330019.0,"Eulogio Sánchez, Tobalaba Ad.",-33.45528,-70.54861,8.0
2002-08-03,330020.0,"Quinta Normal, Santiago",-33.445,-70.68278,9.14
2002-08-03,330021.0,Pudahuel Santiago ,-33.37833,-70.78778,7.792307692307692
2002-08-03,330030.0,"Santo Domingo, Ad.",-33.65611,-71.61333,11.7
2002-08-03,330031.0,"Juan Fernández, Estación Meteorológica.",-33.63583,-78.83305,11.925
2002-08-03,340031.0,"General Freire, Curicó Ad.",-34.96944,-71.21694,9.808333333333334
2002-08-03,360011.0,"General Bernardo O'Higgins, Chillán Ad.",-36.58583,-72.03667,9.14
2002-08-03,360019.0,"Carriel Sur, Concepción Ap.",-36.78055,-73.06639,8.891666666666667
2002-08-03,370033.0,"María Dolores, Los Angeles Ad.",-37.39694,-72.42389,9.940000000000001
2002-08-03,380013.0,"Maquehue, Temuco Ad.",-38.76778,-72.63194,8.208333333333334
2002-08-03,390006.0,"Pichoy, Valdivia Ad.",-39.65667,-73.08722,7.708333333333333
2002-08-03,400009.0,"Cañal Bajo,  Osorno Ad.",-40.61444,-73.0575,6.133333333333333
2002-08-03,410005.0,El Tepual  Puerto Montt Ap.,-41.4475,-73.09583,5.179166666666666
2002-08-03,430002.0,Futaleufú Ad.,-43.18889,-71.85222,5.061538461538461
2002-08-03,450004.0,"Teniente Vidal, Coyhaique Ad.",-45.59083,-72.10222,2.9000000000000004
2002-08-03,450005.0,Balmaceda Ad.,-45.91833,-71.67778,-0.6962962962962963
2002-08-03,520006.0,"Carlos Ibañez, Punta Arenas Ap.",-53.00167,-70.83861,2.0875
2002-08-03,530005.0,"Fuentes Martínez, Porvenir Ad.",-53.25361,-70.32611,3.5818181818181816
2002-08-03,950001.0,"C.M.A. Eduardo Frei Montalva, Antártica ",-62.19194,-58.97972,-3.35
2002-08-04,180005.0,"Chacalluta, Arica Ap.",-18.35555,-70.34028,15.700000000000001
2002-08-04,200006.0,Diego Aracena Iquique Ap.,-20.54917,-70.18111,14.845833333333333
2002-08-04,220002.0,"El Loa, Calama Ad.",-22.49806,-68.8925,17.1
2002-08-04,270001.0,Mataveri  Isla de Pascua Ap.,-27.15889,-109.4325,22.077777777777776
2002-08-04,290004.0,"La Florida, La Serena Ad.",-29.91444,-71.20667,10.676470588235293
2002-08-04,330007.0,"Rodelillo, Ad.",-33.06528,-71.55639,10.036363636363635
2002-08-04,330019.0,"Eulogio Sánchez, Tobalaba Ad.",-33.45528,-70.54861,7.416666666666667
2002-08-04,330020.0,"Quinta Normal, Santiago",-33.445,-70.68278,6.959999999999999
2002-08-04,330021.0,Pudahuel Santiago ,-33.37833,-70.78778,4.2384615384615385
2002-08-04,330030.0,"Santo Domingo, Ad.",-33.65611,-71.61333,9.946153846153846
2002-08-04,330031.0,"Juan Fernández, Estación Meteorológica.",-33.63583,-78.83305,10.75
2002-08-04,340031.0,"General Freire, Curicó Ad.",-34.96944,-71.21694,6.163636363636363
2002-08-04,360011.0,"General Bernardo O'Higgins, Chillán Ad.",-36.58583,-72.03667,6.11
2002-08-04,360019.0,"Carriel Sur, Concepción Ap.",-36.78055,-73.06639,4.925
2002-08-04,370033.0,"María Dolores, Los Angeles Ad.",-37.39694,-72.42389,6.0600000000000005
2002-08-04,380013.0,"Maquehue, Temuco Ad.",-38.76778,-72.63194,4.466666666666667
2002-08-04,390006.0,"Pichoy, Valdivia Ad.",-39.65667,-73.08722,5.085714285714286
2002-08-04,400009.0,"Cañal Bajo,  Osorno Ad.",-40.61444,-73.0575,4.576923076923077
2002-08-04,410005.0,El Tepual  Puerto Montt Ap.,-41.4475,-73.09583,2.1458333333333335
2002-08-04,430002.0,Futaleufú Ad.,-43.18889,-71.85222,1.8
2002-08-04,450004.0,"Teniente Vidal, Coyhaique Ad.",-45.59083,-72.10222,1.9923076923076921
2002-08-04,450005.0,Balmaceda Ad.,-45.91833,-71.67778,-0.8999999999999999
2002-08-04,520006.0,"Carlos Ibañez, Punta Arenas Ap.",-53.00167,-70.83861,0.6791666666666667
2002-08-04,950001.0,"C.M.A. Eduardo Frei Montalva, Antártica ",-62.19194,-58.97972,-1.9555555555555557
2002-08-05,180005.0,"Chacalluta, Arica Ap.",-18.35555,-70.34028,15.483333333333334
2002-08-05,200006.0,Diego Aracena Iquique Ap.,-20.54917,-70.18111,14.475
2002-08-05,220002.0,"El Loa, Calama Ad.",-22.49806,-68.8925,15.411764705882353
2002-08-05,270001.0,Mataveri  Isla de Pascua Ap.,-27.15889,-109.4325,19.918181818181818
2002-08-05,290004.0,"La Florida, La Serena Ad.",-29.91444,-71.20667,11.323529411764707
2002-08-05,330007.0,"Rodelillo, Ad.",-33.06528,-71.55639,8.354545454545455
2002-08-05,330019.0,"Eulogio Sánchez, Tobalaba Ad.",-33.45528,-70.54861,7.676923076923076
2002-08-05,330020.0,"Quinta Normal, Santiago",-33.445,-70.68278,8.26
2002-08-05,330021.0,Pudahuel Santiago ,-33.37833,-70.78778,6.4192307692307695
2002-08-05,330030.0,"Santo Domingo, Ad.",-33.65611,-71.61333,9.03076923076923
2002-08-05,330031.0,"Juan Fernández, Estación Meteorológica.",-33.63583,-78.83305,13.98
2002-08-05,340031.0,"General Freire, Curicó Ad.",-34.96944,-71.21694,7.7
2002-08-05,360011.0,"General Bernardo O'Higgins, Chillán Ad.",-36.58583,-72.03667,7.01
2002-08-05,360019.0,"Carriel Sur, Concepción Ap.",-36.78055,-73.06639,6.523076923076923
2002-08-05,370033.0,"María Dolores, Los Angeles Ad.",-37.39694,-72.42389,6.82
2002-08-05,380013.0,"Maquehue, Temuco Ad.",-38.76778,-72.63194,6.0375000000000005
2002-08-05,390006.0,"Pichoy, Valdivia Ad.",-39.65667,-73.08722,6.091666666666666
2002-08-05,400009.0,"Cañal Bajo,  Osorno Ad.",-40.61444,-73.0575,6.163636363636363
2002-08-05,410005.0,El Tepual  Puerto Montt Ap.,-41.4475,-73.09583,3.779166666666667
2002-08-05,430001.0,Quellón Ad.,-43.13361,-73.63278,6.609999999999999
2002-08-05,430002.0,Futaleufú Ad.,-43.18889,-71.85222,2.3333333333333335
2002-08-05,450001.0,Puerto Aysén Ad.,-45.39944,-72.67722,5.775
2002-08-05,450004.0,"Teniente Vidal, Coyhaique Ad.",-45.59083,-72.10222,2.792307692307692
2002-08-05,450005.0,Balmaceda Ad.,-45.91833,-71.67778,-0.7999999999999999
2002-08-05,520006.0,"Carlos Ibañez, Punta Arenas Ap.",-53.00167,-70.83861,0.3793103448275862
2002-08-05,530005.0,"Fuentes Martínez, Porvenir Ad.",-53.25361,-70.32611,2.0
2002-08-05,550001.0,"Guardiamarina Zañartu, Pto Williams Ad.",-54.93167,-67.61556,2.2444444444444445
2002-08-05,950001.0,"C.M.A. Eduardo Frei Montalva, Antártica ",-62.19194,-58.97972,-5.4875
2002-08-06,180005.0,"Chacalluta, Arica Ap.",-18.35555,-70.34028,15.516666666666666
2002-08-06,200006.0,Diego Aracena Iquique Ap.,-20.54917,-70.18111,15.024000000000001
2002-08-06,220002.0,"El Loa, Calama Ad.",-22.49806,-68.8925,16.275
2002-08-06,270001.0,Mataveri  Isla de Pascua Ap.,-27.15889,-109.4325,17.76666666666667
2002-08-06,290004.0,"La Florida, La Serena Ad.",-29.91444,-71.20667,12.494117647058824
2002-08-06,330007.0,"Rodelillo, Ad.",-33.06528,-71.55639,10.472727272727273
2002-08-06,330019.0,"Eulogio Sánchez, Tobalaba Ad.",-33.45528,-70.54861,10.442857142857141
2002-08-06,330020.0,"Quinta Normal, Santiago",-33.445,-70.68278,9.74
2002-08-06,330021.0,Pudahuel Santiago ,-33.37833,-70.78778,8.691666666666666
2002-08-06,330030.0,"Santo Domingo, Ad.",-33.65611,-71.61333,11.96923076923077
2002-08-06,330031.0,"Juan Fernández, Estación Meteorológica.",-33.63583,-78.83305,14.280000000000001
2002-08-06,340031.0,"General Freire, Curicó Ad.",-34.96944,-71.21694,9.981818181818182
2002-08-06,360011.0,"General Bernardo O'Higgins, Chillán Ad.",-36.58583,-72.03667,10.959999999999999
2002-08-06,360019.0,"Carriel Sur, Concepción Ap.",-36.78055,-73.06639,11.696428571428571
2002-08-06,370033.0,"María Dolores, Los Angeles Ad.",-37.39694,-72.42389,12.8
2002-08-06,380013.0,"Maquehue, Temuco Ad.",-38.76778,-72.63194,10.8375
2002-08-06,390006.0,"Pichoy, Valdivia Ad.",-39.65667,-73.08722,11.216666666666667
2002-08-06,400009.0,"Cañal Bajo,  Osorno Ad.",-40.61444,-73.0575,11.372727272727273
2002-08-06,410005.0,El Tepual  Puerto Montt Ap.,-41.4475,-73.09583,9.570833333333333
2002-08-06,430001.0,Quellón Ad.,-43.13361,-73.63278,9.39
2002-08-06,430002.0,Futaleufú Ad.,-43.18889,-71.85222,4.092307692307693
2002-08-06,450001.0,Puerto Aysén Ad.,-45.39944,-72.67722,4.2375
2002-08-06,450004.0,"Teniente Vidal, Coyhaique Ad.",-45.59083,-72.10222,1.025
2002-08-06,450005.0,Balmaceda Ad.,-45.91833,-71.67778,-0.5041666666666667
2002-08-06,520006.0,"Carlos Ibañez, Punta Arenas Ap.",-53.00167,-70.83861,2.0458333333333334
2002-08-06,530005.0,"Fuentes Martínez, Porvenir Ad.",-53.25361,-70.32611,2.036363636363636
2002-08-06,550001.0,"Guardiamarina Zañartu, Pto Williams Ad.",-54.93167,-67.61556,3.0444444444444447
2002-08-06,950001.0,"C.M.A. Eduardo Frei Montalva, Antártica ",-62.19194,-58.97972,-3.325
2002-08-07,180005.0,"Chacalluta, Arica Ap.",-18.35555,-70.34028,14.120833333333332
2002-08-07,200006.0,Diego Aracena Iquique Ap.,-20.54917,-70.18111,15.495833333333332
2002-08-07,220002.0,"El Loa, Calama Ad.",-22.49806,-68.8925,16.60625
2002-08-07,270001.0,Mataveri  Isla de Pascua Ap.,-27.15889,-109.4325,18.799999999999997
2002-08-07,290004.0,"La Florida, La Serena Ad.",-29.91444,-71.20667,12.564705882352941
2002-08-07,330007.0,"Rodelillo, Ad.",-33.06528,-71.55639,10.918181818181818
2002-08-07,330019.0,"Eulogio Sánchez, Tobalaba Ad.",-33.45528,-70.54861,10.479999999999999
2002-08-07,330020.0,"Quinta Normal, Santiago",-33.445,-70.68278,11.02
2002-08-07,330021.0,Pudahuel Santiago ,-33.37833,-70.78778,10.404000000000002
2002-08-07,330030.0,"Santo Domingo, Ad.",-33.65611,-71.61333,12.476923076923075
2002-08-07,330031.0,"Juan Fernández, Estación Meteorológica.",-33.63583,-78.83305,14.319999999999999
2002-08-07,340031.0,"General Freire, Curicó Ad.",-34.96944,-71.21694,11.69090909090909
2002-08-07,360011.0,"General Bernardo O'Higgins, Chillán Ad.",-36.58583,-72.03667,13.75
2002-08-07,360019.0,"Carriel Sur, Concepción Ap.",-36.78055,-73.06639,12.525
2002-08-07,370033.0,"María Dolores, Los Angeles Ad.",-37.39694,-72.42389,15.4
2002-08-07,380013.0,"Maquehue, Temuco Ad.",-38.76778,-72.63194,12.545833333333334
2002-08-07,390006.0,"Pichoy, Valdivia Ad.",-39.65667,-73.08722,10.446153846153846
2002-08-07,400009.0,"Cañal Bajo,  Osorno Ad.",-40.61444,-73.0575,9.627272727272727
2002-08-07,410005.0,El Tepual  Puerto Montt Ap.,-41.4475,-73.09583,9.924999999999999
2002-08-07,430001.0,Quellón Ad.,-43.13361,-73.63278,10.52
2002-08-07,430002.0,Futaleufú Ad.,-43.18889,-71.85222,2.4153846153846152
2002-08-07,450001.0,Puerto Aysén Ad.,-45.39944,-72.67722,5.275
2002-08-07,450004.0,"Teniente Vidal, Coyhaique Ad.",-45.59083,-72.10222,2.4615384615384617
2002-08-07,450005.0,Balmaceda Ad.,-45.91833,-71.67778,1.4083333333333332
2002-08-07,520006.0,"Carlos Ibañez, Punta Arenas Ap.",-53.00167,-70.83861,2.2916666666666665
2002-08-07,530005.0,"Fuentes Martínez, Porvenir Ad.",-53.25361,-70.32611,1.8363636363636362
2002-08-07,550001.0,"Guardiamarina Zañartu, Pto Williams Ad.",-54.93167,-67.61556,2.375
2002-08-07,950001.0,"C.M.A. Eduardo Frei Montalva, Antártica ",-62.19194,-58.97972,-4.1625
2002-08-08,180005.0,"Chacalluta, Arica Ap.",-18.35555,-70.34028,16.195833333333333
2002-08-08,200006.0,Diego Aracena Iquique Ap.,-20.54917,-70.18111,15.045833333333334
2002-08-08,220002.0,"El Loa, Calama Ad.",-22.49806,-68.8925,16.2875
2002-08-08,270001.0,Mataveri  Isla de Pascua Ap.,-27.15889,-109.4325,20.863636363636363
2002-08-08,290004.0,"La Florida, La Serena Ad.",-29.91444,-71.20667,14.464705882352941
2002-08-08,330007.0,"Rodelillo, Ad.",-33.06528,-71.55639,13.418181818181818
2002-08-08,330019.0,"Eulogio Sánchez, Tobalaba Ad.",-33.45528,-70.54861,13.772727272727273
2002-08-08,330020.0,"Quinta Normal, Santiago",-33.445,-70.68278,12.74
2002-08-08,330021.0,Pudahuel Santiago ,-33.37833,-70.78778,11.566666666666668
2002-08-08,330030.0,"Santo Domingo, Ad.",-33.65611,-71.61333,13.96923076923077
2002-08-08,330031.0,"Juan Fernández, Estación Meteorológica.",-33.63583,-78.83305,13.24
2002-08-08,340031.0,"General Freire, Curicó Ad.",-34.96944,-71.21694,12.563636363636363
2002-08-08,360011.0,"General Bernardo O'Higgins, Chillán Ad.",-36.58583,-72.03667,12.24
2002-08-08,360019.0,"Carriel Sur, Concepción Ap.",-36.78055,-73.06639,11.153846153846153
2002-08-08,370033.0,"María Dolores, Los Angeles Ad.",-37.39694,-72.42389,13.6
2002-08-08,380013.0,"Maquehue, Temuco Ad.",-38.76778,-72.63194,10.475
2002-08-08,390006.0,"Pichoy, Valdivia Ad.",-39.65667,-73.08722,10.815384615384614
2002-08-08,400009.0,"Cañal Bajo,  Osorno Ad.",-40.61444,-73.0575,10.590909090909092
2002-08-08,410005.0,El Tepual  Puerto Montt Ap.,-41.4475,-73.09583,8.664
2002-08-08,430001.0,Quellón Ad.,-43.13361,-73.63278,9.59
2002-08-08,430002.0,Futaleufú Ad.,-43.18889,-71.85222,6.1692307692307695
2002-08-08,450001.0,Puerto Aysén Ad.,-45.39944,-72.67722,6.975
2002-08-08,450004.0,"Teniente Vidal, Coyhaique Ad.",-45.59083,-72.10222,5.269230769230769
2002-08-08,450005.0,Balmaceda Ad.,-45.91833,-71.67778,2.004166666666667
2002-08-08,520006.0,"Carlos Ibañez, Punta Arenas Ap.",-53.00167,-70.83861,2.6639999999999997
2002-08-08,530005.0,"Fuentes Martínez, Porvenir Ad.",-53.25361,-70.32611,3.6363636363636362
2002-08-08,550001.0,"Guardiamarina Zañartu, Pto Williams Ad.",-54.93167,-67.61556,4.125
2002-08-08,950001.0,"C.M.A. Eduardo Frei Montalva, Antártica ",-62.19194,-58.97972,-2.65
2002-08-09,180005.0,"Chacalluta, Arica Ap.",-18.35555,-70.34028,15.770833333333334
2002-08-09,200006.0,Diego Aracena Iquique Ap.,-20.54917,-70.18111,15.1
2002-08-09,220002.0,"El Loa, Calama Ad.",-22.49806,-68.8925,18.0625
2002-08-09,270001.0,Mataveri  Isla de Pascua Ap.,-27.15889,-109.4325,19.599999999999998
2002-08-09,290004.0,"La Florida, La Serena Ad.",-29.91444,-71.20667,14.829411764705881
2002-08-09,330007.0,"Rodelillo, Ad.",-33.06528,-71.55639,19.745454545454546
2002-08-09,330019.0,"Eulogio Sánchez, Tobalaba Ad.",-33.45528,-70.54861,15.549999999999999
2002-08-09,330020.0,"Quinta Normal, Santiago",-33.445,-70.68278,14.0
2002-08-09,330021.0,Pudahuel Santiago ,-33.37833,-70.78778,10.646153846153847
2002-08-09,330030.0,"Santo Domingo, Ad.",-33.65611,-71.61333,16.792307692307695
2002-08-09,330031.0,"Juan Fernández, Estación Meteorológica.",-33.63583,-78.83305,13.48
2002-08-09,340031.0,"General Freire, Curicó Ad.",-34.96944,-71.21694,12.172727272727274
2002-08-09,360011.0,"General Bernardo O'Higgins, Chillán Ad.",-36.58583,-72.03667,12.75
2002-08-09,360019.0,"Carriel Sur, Concepción Ap.",-36.78055,-73.06639,9.65
2002-08-09,370033.0,"María Dolores, Los Angeles Ad.",-37.39694,-72.42389,11.8
2002-08-09,380013.0,"Maquehue, Temuco Ad.",-38.76778,-72.63194,10.095833333333333
2002-08-09,390006.0,"Pichoy, Valdivia Ad.",-39.65667,-73.08722,10.816666666666668
2002-08-09,400009.0,"Cañal Bajo,  Osorno Ad.",-40.61444,-73.0575,9.345454545454546
2002-08-09,410005.0,El Tepual  Puerto Montt Ap.,-41.4475,-73.09583,9.016666666666667
2002-08-09,430001.0,Quellón Ad.,-43.13361,-73.63278,11.73
2002-08-09,430002.0,Futaleufú Ad.,-43.18889,-71.85222,5.038461538461538
2002-08-09,450001.0,Puerto Aysén Ad.,-45.39944,-72.67722,5.725
2002-08-09,450004.0,"Teniente Vidal, Coyhaique Ad.",-45.59083,-72.10222,4.953846153846154
2002-08-09,450005.0,Balmaceda Ad.,-45.91833,-71.67778,3.8375
2002-08-09,520006.0,"Carlos Ibañez, Punta Arenas Ap.",-53.00167,-70.83861,2.7708333333333335
2002-08-09,530005.0,"Fuentes Martínez, Porvenir Ad.",-53.25361,-70.32611,4.709090909090909
2002-08-09,550001.0,"Guardiamarina Zañartu, Pto Williams Ad.",-54.93167,-67.61556,5.428571428571429
2002-08-09,950001.0,"C.M.A. Eduardo Frei Montalva, Antártica ",-62.19194,-58.97972,-1.3
2002-08-10,180005.0,"Chacalluta, Arica Ap.",-18.35555,-70.34028,16.170833333333334
2002-08-10,200006.0,Diego Aracena Iquique Ap.,-20.54917,-70.18111,15.753846153846155
2002-08-10,220002.0,"El Loa, Calama Ad.",-22.49806,-68.8925,17.9125
2002-08-10,270001.0,Mataveri  Isla de Pascua Ap.,-27.15889,-109.4325,19.7
2002-08-10,290004.0,"La Florida, La Serena Ad.",-29.91444,-71.20667,12.226315789473684
2002-08-10,330007.0,"Rodelillo, Ad.",-33.06528,-71.55639,20.836363636363636
2002-08-10,330019.0,"Eulogio Sánchez, Tobalaba Ad.",-33.45528,-70.54861,17.925
2002-08-10,330020.0,"Quinta Normal, Santiago",-33.445,-70.68278,16.1
2002-08-10,330021.0,Pudahuel Santiago ,-33.37833,-70.78778,12.241666666666667
2002-08-10,330030.0,"Santo Domingo, Ad.",-33.65611,-71.61333,14.669230769230769
2002-08-10,330031.0,"Juan Fernández, Estación Meteorológica.",-33.63583,-78.83305,15.075000000000001
2002-08-10,340031.0,"General Freire, Curicó Ad.",-34.96944,-71.21694,13.145454545454545
2002-08-10,360011.0,"General Bernardo O'Higgins, Chillán Ad.",-36.58583,-72.03667,12.51
2002-08-10,360019.0,"Carriel Sur, Concepción Ap.",-36.78055,-73.06639,10.544444444444444
2002-08-10,370033.0,"María Dolores, Los Angeles Ad.",-37.39694,-72.42389,16.1
2002-08-10,380013.0,"Maquehue, Temuco Ad.",-38.76778,-72.63194,11.333333333333334
2002-08-10,390006.0,"Pichoy, Valdivia Ad.",-39.65667,-73.08722,12.200000000000001
2002-08-10,400009.0,"Cañal Bajo,  Osorno Ad.",-40.61444,-73.0575,12.1
2002-08-10,410005.0,El Tepual  Puerto Montt Ap.,-41.4475,-73.09583,10.508
2002-08-10,430002.0,Futaleufú Ad.,-43.18889,-71.85222,10.446153846153846
2002-08-10,450004.0,"Teniente Vidal, Coyhaique Ad.",-45.59083,-72.10222,5.553846153846154
2002-08-10,450005.0,Balmaceda Ad.,-45.91833,-71.67778,2.8280000000000003
2002-08-10,520006.0,"Carlos Ibañez, Punta Arenas Ap.",-53.00167,-70.83861,3.795833333333333
2002-08-10,530005.0,"Fuentes Martínez, Porvenir Ad.",-53.25361,-70.32611,4.6000000000000005
2002-08-10,950001.0,"C.M.A. Eduardo Frei Montalva, Antártica ",-62.19194,-58.97972,-1.2375
2002-08-11,180005.0,"Chacalluta, Arica Ap.",-18.35555,-70.34028,14.633333333333333
2002-08-11,200006.0,Diego Aracena Iquique Ap.,-20.54917,-70.18111,15.815999999999999
2002-08-11,220002.0,"El Loa, Calama Ad.",-22.49806,-68.8925,21.00769230769231
2002-08-11,270001.0,Mataveri  Isla de Pascua Ap.,-27.15889,-109.4325,21.1625
2002-08-11,290004.0,"La Florida, La Serena Ad.",-29.91444,-71.20667,12.522222222222222
2002-08-11,330007.0,"Rodelillo, Ad.",-33.06528,-71.55639,17.436363636363637
2002-08-11,330019.0,"Eulogio Sánchez, Tobalaba Ad.",-33.45528,-70.54861,17.616666666666667
2002-08-11,330020.0,"Quinta Normal, Santiago",-33.445,-70.68278,15.88
2002-08-11,330021.0,Pudahuel Santiago ,-33.37833,-70.78778,12.404166666666667
2002-08-11,330030.0,"Santo Domingo, Ad.",-33.65611,-71.61333,12.938461538461537
2002-08-11,330031.0,"Juan Fernández, Estación Meteorológica.",-33.63583,-78.83305,13.25
2002-08-11,340031.0,"General Freire, Curicó Ad.",-34.96944,-71.21694,10.727272727272727
2002-08-11,360011.0,"General Bernardo O'Higgins, Chillán Ad.",-36.58583,-72.03667,11.75
2002-08-11,360019.0,"Carriel Sur, Concepción Ap.",-36.78055,-73.06639,10.35925925925926
2002-08-11,370033.0,"María Dolores, Los Angeles Ad.",-37.39694,-72.42389,13.8
2002-08-11,380013.0,"Maquehue, Temuco Ad.",-38.76778,-72.63194,9.075000000000001
2002-08-11,390006.0,"Pichoy, Valdivia Ad.",-39.65667,-73.08722,9.533333333333333
2002-08-11,400009.0,"Cañal Bajo,  Osorno Ad.",-40.61444,-73.0575,10.0
2002-08-11,410005.0,El Tepual  Puerto Montt Ap.,-41.4475,-73.09583,7.408333333333334
2002-08-11,430002.0,Futaleufú Ad.,-43.18889,-71.85222,7.4
2002-08-11,450004.0,"Teniente Vidal, Coyhaique Ad.",-45.59083,-72.10222,3.769230769230769
2002-08-11,450005.0,Balmaceda Ad.,-45.91833,-71.67778,1.7375
2002-08-11,520006.0,"Carlos Ibañez, Punta Arenas Ap.",-53.00167,-70.83861,1.5
2002-08-11,530005.0,"Fuentes Martínez, Porvenir Ad.",-53.25361,-70.32611,-0.11666666666666665
2002-08-11,950001.0,"C.M.A. Eduardo Frei Montalva, Antártica ",-62.19194,-58.97972,-3.3625
2002-08-12,180005.0,"Chacalluta, Arica Ap.",-18.35555,-70.34028,16.158333333333335
2002-08-12,200006.0,Diego Aracena Iquique Ap.,-20.54917,-70.18111,15.924999999999999
2002-08-12,220002.0,"El Loa, Calama Ad.",-22.49806,-68.8925,17.80625
2002-08-12,270001.0,Mataveri  Isla de Pascua Ap.,-27.15889,-109.4325,20.7
2002-08-12,290004.0,"La Florida, La Serena Ad.",-29.91444,-71.20667,11.368421052631579
2002-08-12,330007.0,"Rodelillo, Ad.",-33.06528,-71.55639,20.59090909090909
2002-08-12,330019.0,"Eulogio Sánchez, Tobalaba Ad.",-33.45528,-70.54861,18.815384615384616
2002-08-12,330020.0,"Quinta Normal, Santiago",-33.445,-70.68278,16.4
2002-08-12,330021.0,Pudahuel Santiago ,-33.37833,-70.78778,12.883333333333333
2002-08-12,330030.0,"Santo Domingo, Ad.",-33.65611,-71.61333,17.4
2002-08-12,330031.0,"Juan Fernández, Estación Meteorológica.",-33.63583,-78.83305,12.98
2002-08-12,340031.0,"General Freire, Curicó Ad.",-34.96944,-71.21694,10.918181818181818
2002-08-12,360011.0,"General Bernardo O'Higgins, Chillán Ad.",-36.58583,-72.03667,12.540000000000001
2002-08-12,360019.0,"Carriel Sur, Concepción Ap.",-36.78055,-73.06639,8.9
2002-08-12,370033.0,"María Dolores, Los Angeles Ad.",-37.39694,-72.42389,15.6
2002-08-12,380013.0,"Maquehue, Temuco Ad.",-38.76778,-72.63194,9.4125
2002-08-12,390006.0,"Pichoy, Valdivia Ad.",-39.65667,-73.08722,10.65
2002-08-12,400009.0,"Cañal Bajo,  Osorno Ad.",-40.61444,-73.0575,8.872727272727273
2002-08-12,410005.0,El Tepual  Puerto Montt Ap.,-41.4475,-73.09583,6.329166666666667
2002-08-12,430001.0,Quellón Ad.,-43.13361,-73.63278,8.290000000000001
2002-08-12,430002.0,Futaleufú Ad.,-43.18889,-71.85222,2.891666666666667
2002-08-12,450001.0,Puerto Aysén Ad.,-45.39944,-72.67722,5.775
2002-08-12,450004.0,"Teniente Vidal, Coyhaique Ad.",-45.59083,-72.10222,4.8076923076923075
2002-08-12,450005.0,Balmaceda Ad.,-45.91833,-71.67778,1.6079999999999999
2002-08-12,520006.0,"Carlos Ibañez, Punta Arenas Ap.",-53.00167,-70.83861,2.3125
2002-08-12,530005.0,"Fuentes Martínez, Porvenir Ad.",-53.25361,-70.32611,4.454545454545454
2002-08-12,550001.0,"Guardiamarina Zañartu, Pto Williams Ad.",-54.93167,-67.61556,2.9
2002-08-12,950001.0,"C.M.A. Eduardo Frei Montalva, Antártica ",-62.19194,-58.97972,-6.15
2002-08-13,180005.0,"Chacalluta, Arica Ap.",-18.35555,-70.34028,15.112
2002-08-13,200006.0,Diego Aracena Iquique Ap.,-20.54917,-70.18111,16.1125
2002-08-13,220002.0,"El Loa, Calama Ad.",-22.49806,-68.8925,17.2875
2002-08-13,270001.0,Mataveri  Isla de Pascua Ap.,-27.15889,-109.4325,20.25
2002-08-13,290004.0,"La Florida, La Serena Ad.",-29.91444,-71.20667,12.399999999999999
2002-08-13,330007.0,"Rodelillo, Ad.",-33.06528,-71.55639,20.472727272727273
2002-08-13,330019.0,"Eulogio Sánchez, Tobalaba Ad.",-33.45528,-70.54861,17.150000000000002
2002-08-13,330020.0,"Quinta Normal, Santiago",-33.445,-70.68278,15.940000000000001
2002-08-13,330021.0,Pudahuel Santiago ,-33.37833,-70.78778,12.4375
2002-08-13,330030.0,"Santo Domingo, Ad.",-33.65611,-71.61333,18.284615384615385
2002-08-13,330031.0,"Juan Fernández, Estación Meteorológica.",-33.63583,-78.83305,11.6
2002-08-13,340031.0,"General Freire, Curicó Ad.",-34.96944,-71.21694,13.154545454545454
2002-08-13,360011.0,"General Bernardo O'Higgins, Chillán Ad.",-36.58583,-72.03667,14.64
2002-08-13,360019.0,"Carriel Sur, Concepción Ap.",-36.78055,-73.06639,10.3125
2002-08-13,370033.0,"María Dolores, Los Angeles Ad.",-37.39694,-72.42389,16.6
2002-08-13,380013.0,"Maquehue, Temuco Ad.",-38.76778,-72.63194,10.545833333333333
2002-08-13,390006.0,"Pichoy, Valdivia Ad.",-39.65667,-73.08722,9.541666666666666
2002-08-13,400009.0,"Cañal Bajo,  Osorno Ad.",-40.61444,-73.0575,8.633333333333335
2002-08-13,410005.0,El Tepual  Puerto Montt Ap.,-41.4475,-73.09583,6.729166666666667
2002-08-13,430001.0,Quellón Ad.,-43.13361,-73.63278,6.67
2002-08-13,430002.0,Futaleufú Ad.,-43.18889,-71.85222,2.3615384615384616
2002-08-13,450004.0,"Teniente Vidal, Coyhaique Ad.",-45.59083,-72.10222,4.63076923076923
2002-08-13,450005.0,Balmaceda Ad.,-45.91833,-71.67778,1.2874999999999999
2002-08-13,520006.0,"Carlos Ibañez, Punta Arenas Ap.",-53.00167,-70.83861,2.6416666666666666
2002-08-13,530005.0,"Fuentes Martínez, Porvenir Ad.",-53.25361,-70.32611,4.183333333333334
2002-08-13,550001.0,"Guardiamarina Zañartu, Pto Williams Ad.",-54.93167,-67.61556,4.355555555555556
2002-08-13,950001.0,"C.M.A. Eduardo Frei Montalva, Antártica ",-62.19194,-58.97972,-6.1875
2002-08-14,180005.0,"Chacalluta, Arica Ap.",-18.35555,-70.34028,16.179166666666667
2002-08-14,200006.0,Diego Aracena Iquique Ap.,-20.54917,-70.18111,15.933333333333332
2002-08-14,220002.0,"El Loa, Calama Ad.",-22.49806,-68.8925,15.96875
2002-08-14,270001.0,Mataveri  Isla de Pascua Ap.,-27.15889,-109.4325,22.255555555555556
2002-08-14,290004.0,"La Florida, La Serena Ad.",-29.91444,-71.20667,12.31764705882353
2002-08-14,330007.0,"Rodelillo, Ad.",-33.06528,-71.55639,12.072727272727274
2002-08-14,330019.0,"Eulogio Sánchez, Tobalaba Ad.",-33.45528,-70.54861,17.316666666666666
2002-08-14,330020.0,"Quinta Normal, Santiago",-33.445,-70.68278,16.119999999999997
2002-08-14,330021.0,Pudahuel Santiago ,-33.37833,-70.78778,12.570833333333333
2002-08-14,330030.0,"Santo Domingo, Ad.",-33.65611,-71.61333,14.461538461538462
2002-08-14,330031.0,"Juan Fernández, Estación Meteorológica.",-33.63583,-78.83305,11.36
2002-08-14,340031.0,"General Freire, Curicó Ad.",-34.96944,-71.21694,10.983333333333334
2002-08-14,360011.0,"General Bernardo O'Higgins, Chillán Ad.",-36.58583,-72.03667,13.74
2002-08-14,360019.0,"Carriel Sur, Concepción Ap.",-36.78055,-73.06639,9.203125
2002-08-14,370033.0,"María Dolores, Los Angeles Ad.",-37.39694,-72.42389,16.2
2002-08-14,380013.0,"Maquehue, Temuco Ad.",-38.76778,-72.63194,9.091666666666667
2002-08-14,390006.0,"Pichoy, Valdivia Ad.",-39.65667,-73.08722,10.35
2002-08-14,400009.0,"Cañal Bajo,  Osorno Ad.",-40.61444,-73.0575,10.163636363636364
2002-08-14,410005.0,El Tepual  Puerto Montt Ap.,-41.4475,-73.09583,6.8875
2002-08-14,430001.0,Quellón Ad.,-43.13361,-73.63278,8.73
2002-08-14,430002.0,Futaleufú Ad.,-43.18889,-71.85222,2.4692307692307693
2002-08-14,450001.0,Puerto Aysén Ad.,-45.39944,-72.67722,4.025
2002-08-14,450004.0,"Teniente Vidal, Coyhaique Ad.",-45.59083,-72.10222,1.2461538461538462
2002-08-14,450005.0,Balmaceda Ad.,-45.91833,-71.67778,-2.7708333333333335
2002-08-14,520006.0,"Carlos Ibañez, Punta Arenas Ap.",-53.00167,-70.83861,3.5749999999999997
2002-08-14,530005.0,"Fuentes Martínez, Porvenir Ad.",-53.25361,-70.32611,5.4363636363636365
2002-08-14,550001.0,"Guardiamarina Zañartu, Pto Williams Ad.",-54.93167,-67.61556,5.666666666666667
2002-08-14,950001.0,"C.M.A. Eduardo Frei Montalva, Antártica ",-62.19194,-58.97972,-4.0375
2002-08-15,180005.0,"Chacalluta, Arica Ap.",-18.35555,-70.34028,16.191666666666666
2002-08-15,200006.0,Diego Aracena Iquique Ap.,-20.54917,-70.18111,15.362499999999999
2002-08-15,220002.0,"El Loa, Calama Ad.",-22.49806,-68.8925,17.7375
2002-08-15,270001.0,Mataveri  Isla de Pascua Ap.,-27.15889,-109.4325,20.5
2002-08-15,290004.0,"La Florida, La Serena Ad.",-29.91444,-71.20667,11.81764705882353
2002-08-15,330007.0,"Rodelillo, Ad.",-33.06528,-71.55639,13.063636363636363
2002-08-15,330019.0,"Eulogio Sánchez, Tobalaba Ad.",-33.45528,-70.54861,16.553846153846152
2002-08-15,330020.0,"Quinta Normal, Santiago",-33.445,-70.68278,15.88
2002-08-15,330021.0,Pudahuel Santiago ,-33.37833,-70.78778,11.392307692307693
2002-08-15,330030.0,"Santo Domingo, Ad.",-33.65611,-71.61333,13.26923076923077
2002-08-15,330031.0,"Juan Fernández, Estación Meteorológica.",-33.63583,-78.83305,11.625
2002-08-15,340031.0,"General Freire, Curicó Ad.",-34.96944,-71.21694,14.545454545454545
2002-08-15,360011.0,"General Bernardo O'Higgins, Chillán Ad.",-36.58583,-72.03667,13.841666666666667
2002-08-15,360019.0,"Carriel Sur, Concepción Ap.",-36.78055,-73.06639,10.146875
2002-08-15,370033.0,"María Dolores, Los Angeles Ad.",-37.39694,-72.42389,18.2
2002-08-15,380013.0,"Maquehue, Temuco Ad.",-38.76778,-72.63194,10.329166666666667
2002-08-15,390006.0,"Pichoy, Valdivia Ad.",-39.65667,-73.08722,12.991666666666667
2002-08-15,400009.0,"Cañal Bajo,  Osorno Ad.",-40.61444,-73.0575,13.109090909090908
2002-08-15,410005.0,El Tepual  Puerto Montt Ap.,-41.4475,-73.09583,10.9125
2002-08-15,430002.0,Futaleufú Ad.,-43.18889,-71.85222,4.907692307692307
2002-08-15,450004.0,"Teniente Vidal, Coyhaique Ad.",-45.59083,-72.10222,4.553846153846154
2002-08-15,450005.0,Balmaceda Ad.,-45.91833,-71.67778,1.2833333333333332
2002-08-15,520006.0,"Carlos Ibañez, Punta Arenas Ap.",-53.00167,-70.83861,0.8125
2002-08-15,530005.0,"Fuentes Martínez, Porvenir Ad.",-53.25361,-70.32611,2.4363636363636365
2002-08-15,950001.0,"C.M.A. Eduardo Frei Montalva, Antártica ",-62.19194,-58.97972,-8.2625
2002-08-16,180005.0,"Chacalluta, Arica Ap.",-18.35555,-70.34028,16.020833333333332
2002-08-16,200006.0,Diego Aracena Iquique Ap.,-20.54917,-70.18111,15.0625
2002-08-16,220002.0,"El Loa, Calama Ad.",-22.49806,-68.8925,18.4375
2002-08-16,270001.0,Mataveri  Isla de Pascua Ap.,-27.15889,-109.4325,19.849999999999998
2002-08-16,290004.0,"La Florida, La Serena Ad.",-29.91444,-71.20667,11.558823529411764
2002-08-16,330007.0,"Rodelillo, Ad.",-33.06528,-71.55639,11.827272727272726
2002-08-16,330019.0,"Eulogio Sánchez, Tobalaba Ad.",-33.45528,-70.54861,15.093333333333334
2002-08-16,330020.0,"Quinta Normal, Santiago",-33.445,-70.68278,14.62
2002-08-16,330021.0,Pudahuel Santiago ,-33.37833,-70.78778,12.483333333333334
2002-08-16,330030.0,"Santo Domingo, Ad.",-33.65611,-71.61333,11.776923076923076
2002-08-16,330031.0,"Juan Fernández, Estación Meteorológica.",-33.63583,-78.83305,14.580000000000002
2002-08-16,340031.0,"General Freire, Curicó Ad.",-34.96944,-71.21694,13.481818181818182
2002-08-16,360011.0,"General Bernardo O'Higgins, Chillán Ad.",-36.58583,-72.03667,17.259999999999998
2002-08-16,360019.0,"Carriel Sur, Concepción Ap.",-36.78055,-73.06639,10.855555555555556
2002-08-16,370033.0,"María Dolores, Los Angeles Ad.",-37.39694,-72.42389,16.8
2002-08-16,380013.0,"Maquehue, Temuco Ad.",-38.76778,-72.63194,12.341666666666667
2002-08-16,390006.0,"Pichoy, Valdivia Ad.",-39.65667,-73.08722,13.766666666666666
2002-08-16,400009.0,"Cañal Bajo,  Osorno Ad.",-40.61444,-73.0575,13.909090909090908
2002-08-16,410005.0,El Tepual  Puerto Montt Ap.,-41.4475,-73.09583,11.658333333333333
2002-08-16,430001.0,Quellón Ad.,-43.13361,-73.63278,11.93
2002-08-16,430002.0,Futaleufú Ad.,-43.18889,-71.85222,6.838461538461539
2002-08-16,450001.0,Puerto Aysén Ad.,-45.39944,-72.67722,7.9
2002-08-16,450004.0,"Teniente Vidal, Coyhaique Ad.",-45.59083,-72.10222,5.592307692307693
2002-08-16,450005.0,Balmaceda Ad.,-45.91833,-71.67778,3.170833333333333
2002-08-16,520006.0,"Carlos Ibañez, Punta Arenas Ap.",-53.00167,-70.83861,0.196
2002-08-16,530005.0,"Fuentes Martínez, Porvenir Ad.",-53.25361,-70.32611,0.43636363636363634
2002-08-16,550001.0,"Guardiamarina Zañartu, Pto Williams Ad.",-54.93167,-67.61556,0.9333333333333332
2002-08-16,950001.0,"C.M.A. Eduardo Frei Montalva, Antártica ",-62.19194,-58.97972,-4.8375
2002-08-17,180005.0,"Chacalluta, Arica Ap.",-18.35555,-70.34028,15.729166666666666
2002-08-17,200006.0,Diego Aracena Iquique Ap.,-20.54917,-70.18111,15.258333333333333
2002-08-17,220002.0,"El Loa, Calama Ad.",-22.49806,-68.8925,16.95
2002-08-17,270001.0,Mataveri  Isla de Pascua Ap.,-27.15889,-109.4325,20.133333333333333
2002-08-17,290004.0,"La Florida, La Serena Ad.",-29.91444,-71.20667,11.552631578947368
2002-08-17,330007.0,"Rodelillo, Ad.",-33.06528,-71.55639,9.91818181818182
2002-08-17,330019.0,"Eulogio Sánchez, Tobalaba Ad.",-33.45528,-70.54861,13.166666666666666
2002-08-17,330020.0,"Quinta Normal, Santiago",-33.445,-70.68278,12.8
2002-08-17,330021.0,Pudahuel Santiago ,-33.37833,-70.78778,11.079166666666666
2002-08-17,330030.0,"Santo Domingo, Ad.",-33.65611,-71.61333,12.069230769230769
2002-08-17,330031.0,"Juan Fernández, Estación Meteorológica.",-33.63583,-78.83305,13.775
2002-08-17,340031.0,"General Freire, Curicó Ad.",-34.96944,-71.21694,12.954545454545455
2002-08-17,360011.0,"General Bernardo O'Higgins, Chillán Ad.",-36.58583,-72.03667,14.02
2002-08-17,360019.0,"Carriel Sur, Concepción Ap.",-36.78055,-73.06639,11.46
2002-08-17,370033.0,"María Dolores, Los Angeles Ad.",-37.39694,-72.42389,14.2
2002-08-17,380013.0,"Maquehue, Temuco Ad.",-38.76778,-72.63194,10.983333333333334
2002-08-17,390006.0,"Pichoy, Valdivia Ad.",-39.65667,-73.08722,12.153846153846153
2002-08-17,400009.0,"Cañal Bajo,  Osorno Ad.",-40.61444,-73.0575,11.927272727272726
2002-08-17,410005.0,El Tepual  Puerto Montt Ap.,-41.4475,-73.09583,11.679166666666667
2002-08-17,430002.0,Futaleufú Ad.,-43.18889,-71.85222,7.861538461538462
2002-08-17,450004.0,"Teniente Vidal, Coyhaique Ad.",-45.59083,-72.10222,6.615384615384615
2002-08-17,450005.0,Balmaceda Ad.,-45.91833,-71.67778,5.433333333333334
2002-08-17,520006.0,"Carlos Ibañez, Punta Arenas Ap.",-53.00167,-70.83861,3.2115384615384617
2002-08-17,530005.0,"Fuentes Martínez, Porvenir Ad.",-53.25361,-70.32611,3.425
2002-08-17,950001.0,"C.M.A. Eduardo Frei Montalva, Antártica ",-62.19194,-58.97972,-4.725
2002-08-18,180005.0,"Chacalluta, Arica Ap.",-18.35555,-70.34028,15.915999999999999
2002-08-18,200006.0,Diego Aracena Iquique Ap.,-20.54917,-70.18111,15.633333333333333
2002-08-18,220002.0,"El Loa, Calama Ad.",-22.49806,-68.8925,16.823076923076922
2002-08-18,270001.0,Mataveri  Isla de Pascua Ap.,-27.15889,-109.4325,21.955555555555556
2002-08-18,290004.0,"La Florida, La Serena Ad.",-29.91444,-71.20667,12.617647058823529
2002-08-18,330007.0,"Rodelillo, Ad.",-33.06528,-71.55639,8.636363636363637
2002-08-18,330019.0,"Eulogio Sánchez, Tobalaba Ad.",-33.45528,-70.54861,8.766666666666667
2002-08-18,330020.0,"Quinta Normal, Santiago",-33.445,-70.68278,10.3
2002-08-18,330021.0,Pudahuel Santiago ,-33.37833,-70.78778,9.508
2002-08-18,330030.0,"Santo Domingo, Ad.",-33.65611,-71.61333,10.884615384615385
2002-08-18,330031.0,"Juan Fernández, Estación Meteorológica.",-33.63583,-78.83305,11.5
2002-08-18,340031.0,"General Freire, Curicó Ad.",-34.96944,-71.21694,9.69090909090909
2002-08-18,360011.0,"General Bernardo O'Higgins, Chillán Ad.",-36.58583,-72.03667,9.15
2002-08-18,360019.0,"Carriel Sur, Concepción Ap.",-36.78055,-73.06639,10.295833333333333
2002-08-18,370033.0,"María Dolores, Los Angeles Ad.",-37.39694,-72.42389,10.2
2002-08-18,380013.0,"Maquehue, Temuco Ad.",-38.76778,-72.63194,9.02
2002-08-18,390006.0,"Pichoy, Valdivia Ad.",-39.65667,-73.08722,10.916666666666666
2002-08-18,400009.0,"Cañal Bajo,  Osorno Ad.",-40.61444,-73.0575,10.700000000000001
2002-08-18,410005.0,El Tepual  Puerto Montt Ap.,-41.4475,-73.09583,9.0375
2002-08-18,430002.0,Futaleufú Ad.,-43.18889,-71.85222,6.0
2002-08-18,450004.0,"Teniente Vidal, Coyhaique Ad.",-45.59083,-72.10222,7.06923076923077
2002-08-18,450005.0,Balmaceda Ad.,-45.91833,-71.67778,4.876
2002-08-18,520006.0,"Carlos Ibañez, Punta Arenas Ap.",-53.00167,-70.83861,3.3041666666666667
2002-08-18,950001.0,"C.M.A. Eduardo Frei Montalva, Antártica ",-62.19194,-58.97972,-2.5125
2002-08-19,180005.0,"Chacalluta, Arica Ap.",-18.35555,-70.34028,15.716666666666667
2002-08-19,200006.0,Diego Aracena Iquique Ap.,-20.54917,-70.18111,15.383333333333333
2002-08-19,220002.0,"El Loa, Calama Ad.",-22.49806,-68.8925,14.275
2002-08-19,270001.0,Mataveri  Isla de Pascua Ap.,-27.15889,-109.4325,20.933333333333334
2002-08-19,290004.0,"La Florida, La Serena Ad.",-29.91444,-71.20667,11.335294117647058
2002-08-19,330007.0,"Rodelillo, Ad.",-33.06528,-71.55639,9.700000000000001
2002-08-19,330019.0,"Eulogio Sánchez, Tobalaba Ad.",-33.45528,-70.54861,7.36
2002-08-19,330020.0,"Quinta Normal, Santiago",-33.445,-70.68278,8.6
2002-08-19,330021.0,Pudahuel Santiago ,-33.37833,-70.78778,7.366666666666667
2002-08-19,330030.0,"Santo Domingo, Ad.",-33.65611,-71.61333,11.161538461538461
2002-08-19,330031.0,"Juan Fernández, Estación Meteorológica.",-33.63583,-78.83305,11.540000000000001
2002-08-19,340031.0,"General Freire, Curicó Ad.",-34.96944,-71.21694,9.6
2002-08-19,360011.0,"General Bernardo O'Higgins, Chillán Ad.",-36.58583,-72.03667,8.692307692307692
2002-08-19,360019.0,"Carriel Sur, Concepción Ap.",-36.78055,-73.06639,7.407692307692307
2002-08-19,370033.0,"María Dolores, Los Angeles Ad.",-37.39694,-72.42389,12.5
2002-08-19,380013.0,"Maquehue, Temuco Ad.",-38.76778,-72.63194,7.929166666666667
2002-08-19,390006.0,"Pichoy, Valdivia Ad.",-39.65667,-73.08722,9.876923076923077
2002-08-19,400009.0,"Cañal Bajo,  Osorno Ad.",-40.61444,-73.0575,10.054545454545455
2002-08-19,410005.0,El Tepual  Puerto Montt Ap.,-41.4475,-73.09583,6.2625
2002-08-19,430001.0,Quellón Ad.,-43.13361,-73.63278,8.72
2002-08-19,430002.0,Futaleufú Ad.,-43.18889,-71.85222,6.6000000000000005
2002-08-19,450001.0,Puerto Aysén Ad.,-45.39944,-72.67722,9.125
2002-08-19,450004.0,"Teniente Vidal, Coyhaique Ad.",-45.59083,-72.10222,6.892307692307692
2002-08-19,450005.0,Balmaceda Ad.,-45.91833,-71.67778,3.3708333333333336
2002-08-19,520006.0,"Carlos Ibañez, Punta Arenas Ap.",-53.00167,-70.83861,3.1041666666666665
2002-08-19,530005.0,"Fuentes Martínez, Porvenir Ad.",-53.25361,-70.32611,5.909090909090909
2002-08-19,950001.0,"C.M.A. Eduardo Frei Montalva, Antártica ",-62.19194,-58.97972,-1.86
2002-08-20,180005.0,"Chacalluta, Arica Ap.",-18.35555,-70.34028,16.150000000000002
2002-08-20,200006.0,Diego Aracena Iquique Ap.,-20.54917,-70.18111,15.233333333333334
2002-08-20,220002.0,"El Loa, Calama Ad.",-22.49806,-68.8925,14.04375
2002-08-20,270001.0,Mataveri  Isla de Pascua Ap.,-27.15889,-109.4325,21.96666666666667
2002-08-20,290004.0,"La Florida, La Serena Ad.",-29.91444,-71.20667,11.541176470588235
2002-08-20,330007.0,"Rodelillo, Ad.",-33.06528,-71.55639,12.836363636363636
2002-08-20,330019.0,"Eulogio Sánchez, Tobalaba Ad.",-33.45528,-70.54861,11.263636363636364
2002-08-20,330020.0,"Quinta Normal, Santiago",-33.445,-70.68278,9.7
2002-08-20,330021.0,Pudahuel Santiago ,-33.37833,-70.78778,6.836
2002-08-20,330030.0,"Santo Domingo, Ad.",-33.65611,-71.61333,12.592307692307692
2002-08-20,330031.0,"Juan Fernández, Estación Meteorológica.",-33.63583,-78.83305,10.8
2002-08-20,340031.0,"General Freire, Curicó Ad.",-34.96944,-71.21694,7.854545454545454
2002-08-20,360011.0,"General Bernardo O'Higgins, Chillán Ad.",-36.58583,-72.03667,7.766666666666667
2002-08-20,360019.0,"Carriel Sur, Concepción Ap.",-36.78055,-73.06639,6.123076923076923
2002-08-20,370033.0,"María Dolores, Los Angeles Ad.",-37.39694,-72.42389,12.0
2002-08-20,380013.0,"Maquehue, Temuco Ad.",-38.76778,-72.63194,7.558333333333334
2002-08-20,390006.0,"Pichoy, Valdivia Ad.",-39.65667,-73.08722,9.666666666666666
2002-08-20,400009.0,"Cañal Bajo,  Osorno Ad.",-40.61444,-73.0575,9.436363636363636
2002-08-20,410005.0,El Tepual  Puerto Montt Ap.,-41.4475,-73.09583,6.591666666666666
2002-08-20,430001.0,Quellón Ad.,-43.13361,-73.63278,9.45
2002-08-20,430002.0,Futaleufú Ad.,-43.18889,-71.85222,9.123076923076923
2002-08-20,450001.0,Puerto Aysén Ad.,-45.39944,-72.67722,8.95
2002-08-20,450004.0,"Teniente Vidal, Coyhaique Ad.",-45.59083,-72.10222,8.076923076923077
2002-08-20,450005.0,Balmaceda Ad.,-45.91833,-71.67778,4.25
2002-08-20,520006.0,"Carlos Ibañez, Punta Arenas Ap.",-53.00167,-70.83861,2.76
2002-08-20,530005.0,"Fuentes Martínez, Porvenir Ad.",-53.25361,-70.32611,2.7083333333333335
2002-08-20,950001.0,"C.M.A. Eduardo Frei Montalva, Antártica ",-62.19194,-58.97972,-7.279999999999999
2002-08-21,180005.0,"Chacalluta, Arica Ap.",-18.35555,-70.34028,15.516666666666666
2002-08-21,200006.0,Diego Aracena Iquique Ap.,-20.54917,-70.18111,14.483333333333334
2002-08-21,220002.0,"El Loa, Calama Ad.",-22.49806,-68.8925,15.24375
2002-08-21,270001.0,Mataveri  Isla de Pascua Ap.,-27.15889,-109.4325,22.09090909090909
2002-08-21,290004.0,"La Florida, La Serena Ad.",-29.91444,-71.20667,12.147368421052633
2002-08-21,330007.0,"Rodelillo, Ad.",-33.06528,-71.55639,14.754545454545456
2002-08-21,330019.0,"Eulogio Sánchez, Tobalaba Ad.",-33.45528,-70.54861,13.5
2002-08-21,330020.0,"Quinta Normal, Santiago",-33.445,-70.68278,12.58
2002-08-21,330021.0,Pudahuel Santiago ,-33.37833,-70.78778,9.225
2002-08-21,330030.0,"Santo Domingo, Ad.",-33.65611,-71.61333,12.453846153846154
2002-08-21,330031.0,"Juan Fernández, Estación Meteorológica.",-33.63583,-78.83305,11.74
2002-08-21,340031.0,"General Freire, Curicó Ad.",-34.96944,-71.21694,10.290909090909091
2002-08-21,360011.0,"General Bernardo O'Higgins, Chillán Ad.",-36.58583,-72.03667,12.19
2002-08-21,360019.0,"Carriel Sur, Concepción Ap.",-36.78055,-73.06639,8.0375
2002-08-21,370033.0,"María Dolores, Los Angeles Ad.",-37.39694,-72.42389,14.2
2002-08-21,380013.0,"Maquehue, Temuco Ad.",-38.76778,-72.63194,8.641666666666667
2002-08-21,390006.0,"Pichoy, Valdivia Ad.",-39.65667,-73.08722,8.484615384615385
2002-08-21,400009.0,"Cañal Bajo,  Osorno Ad.",-40.61444,-73.0575,9.172727272727274
2002-08-21,410005.0,El Tepual  Puerto Montt Ap.,-41.4475,-73.09583,7.395833333333333
2002-08-21,430001.0,Quellón Ad.,-43.13361,-73.63278,9.02
2002-08-21,430002.0,Futaleufú Ad.,-43.18889,-71.85222,6.915384615384616
2002-08-21,450001.0,Puerto Aysén Ad.,-45.39944,-72.67722,7.625
2002-08-21,450004.0,"Teniente Vidal, Coyhaique Ad.",-45.59083,-72.10222,7.5307692307692315
2002-08-21,450005.0,Balmaceda Ad.,-45.91833,-71.67778,5.695833333333333
2002-08-21,520006.0,"Carlos Ibañez, Punta Arenas Ap.",-53.00167,-70.83861,5.341666666666666
2002-08-21,530005.0,"Fuentes Martínez, Porvenir Ad.",-53.25361,-70.32611,6.254545454545454
2002-08-21,950001.0,"C.M.A. Eduardo Frei Montalva, Antártica ",-62.19194,-58.97972,-4.9750000000000005
2002-08-22,180005.0,"Chacalluta, Arica Ap.",-18.35555,-70.34028,15.450000000000001
2002-08-22,200006.0,Diego Aracena Iquique Ap.,-20.54917,-70.18111,15.016666666666666
2002-08-22,220002.0,"El Loa, Calama Ad.",-22.49806,-68.8925,15.875
2002-08-22,270001.0,Mataveri  Isla de Pascua Ap.,-27.15889,-109.4325,21.7625
2002-08-22,290004.0,"La Florida, La Serena Ad.",-29.91444,-71.20667,13.55
2002-08-22,330007.0,"Rodelillo, Ad.",-33.06528,-71.55639,14.30909090909091
2002-08-22,330019.0,"Eulogio Sánchez, Tobalaba Ad.",-33.45528,-70.54861,13.683333333333332
2002-08-22,330020.0,"Quinta Normal, Santiago",-33.445,-70.68278,13.6
2002-08-22,330021.0,Pudahuel Santiago ,-33.37833,-70.78778,11.495833333333335
2002-08-22,330030.0,"Santo Domingo, Ad.",-33.65611,-71.61333,13.5
2002-08-22,330031.0,"Juan Fernández, Estación Meteorológica.",-33.63583,-78.83305,15.4
2002-08-22,340031.0,"General Freire, Curicó Ad.",-34.96944,-71.21694,12.5
2002-08-22,360011.0,"General Bernardo O'Higgins, Chillán Ad.",-36.58583,-72.03667,11.24
2002-08-22,360019.0,"Carriel Sur, Concepción Ap.",-36.78055,-73.06639,9.992592592592594
2002-08-22,370033.0,"María Dolores, Los Angeles Ad.",-37.39694,-72.42389,10.8
2002-08-22,380013.0,"Maquehue, Temuco Ad.",-38.76778,-72.63194,10.145833333333334
2002-08-22,390006.0,"Pichoy, Valdivia Ad.",-39.65667,-73.08722,9.184615384615384
2002-08-22,400009.0,"Cañal Bajo,  Osorno Ad.",-40.61444,-73.0575,9.533333333333333
2002-08-22,410005.0,El Tepual  Puerto Montt Ap.,-41.4475,-73.09583,8.924999999999999
2002-08-22,430001.0,Quellón Ad.,-43.13361,-73.63278,9.58
2002-08-22,430002.0,Futaleufú Ad.,-43.18889,-71.85222,6.707692307692308
2002-08-22,450001.0,Puerto Aysén Ad.,-45.39944,-72.67722,8.525
2002-08-22,450004.0,"Teniente Vidal, Coyhaique Ad.",-45.59083,-72.10222,6.615384615384615
2002-08-22,450005.0,Balmaceda Ad.,-45.91833,-71.67778,4.825
2002-08-22,520006.0,"Carlos Ibañez, Punta Arenas Ap.",-53.00167,-70.83861,4.820833333333334
2002-08-22,530005.0,"Fuentes Martínez, Porvenir Ad.",-53.25361,-70.32611,5.390909090909091
2002-08-22,950001.0,"C.M.A. Eduardo Frei Montalva, Antártica ",-62.19194,-58.97972,-11.2125
2002-08-23,180005.0,"Chacalluta, Arica Ap.",-18.35555,-70.34028,15.245833333333332
2002-08-23,200006.0,Diego Aracena Iquique Ap.,-20.54917,-70.18111,15.058333333333332
2002-08-23,220002.0,"El Loa, Calama Ad.",-22.49806,-68.8925,16.6375
2002-08-23,270001.0,Mataveri  Isla de Pascua Ap.,-27.15889,-109.4325,21.400000000000002
2002-08-23,290004.0,"La Florida, La Serena Ad.",-29.91444,-71.20667,13.305882352941175
2002-08-23,330007.0,"Rodelillo, Ad.",-33.06528,-71.55639,10.718181818181819
2002-08-23,330019.0,"Eulogio Sánchez, Tobalaba Ad.",-33.45528,-70.54861,13.766666666666666
2002-08-23,330020.0,"Quinta Normal, Santiago",-33.445,-70.68278,12.68
2002-08-23,330021.0,Pudahuel Santiago ,-33.37833,-70.78778,11.932
2002-08-23,330030.0,"Santo Domingo, Ad.",-33.65611,-71.61333,12.515384615384615
2002-08-23,330031.0,"Juan Fernández, Estación Meteorológica.",-33.63583,-78.83305,15.8
2002-08-23,340031.0,"General Freire, Curicó Ad.",-34.96944,-71.21694,11.509090909090908
2002-08-23,360011.0,"General Bernardo O'Higgins, Chillán Ad.",-36.58583,-72.03667,10.16
2002-08-23,360019.0,"Carriel Sur, Concepción Ap.",-36.78055,-73.06639,12.22
2002-08-23,370033.0,"María Dolores, Los Angeles Ad.",-37.39694,-72.42389,9.6
2002-08-23,380013.0,"Maquehue, Temuco Ad.",-38.76778,-72.63194,12.530434782608696
2002-08-23,390006.0,"Pichoy, Valdivia Ad.",-39.65667,-73.08722,12.485714285714286
2002-08-23,400009.0,"Cañal Bajo,  Osorno Ad.",-40.61444,-73.0575,11.75
2002-08-23,410005.0,El Tepual  Puerto Montt Ap.,-41.4475,-73.09583,9.995833333333334
2002-08-23,430001.0,Quellón Ad.,-43.13361,-73.63278,9.6
2002-08-23,430002.0,Futaleufú Ad.,-43.18889,-71.85222,4.653846153846154
2002-08-23,450001.0,Puerto Aysén Ad.,-45.39944,-72.67722,7.6
2002-08-23,450004.0,"Teniente Vidal, Coyhaique Ad.",-45.59083,-72.10222,6.869230769230769
2002-08-23,450005.0,Balmaceda Ad.,-45.91833,-71.67778,4.341666666666667
2002-08-23,520006.0,"Carlos Ibañez, Punta Arenas Ap.",-53.00167,-70.83861,4.029166666666667
2002-08-23,530005.0,"Fuentes Martínez, Porvenir Ad.",-53.25361,-70.32611,4.572727272727272
2002-08-23,950001.0,"C.M.A. Eduardo Frei Montalva, Antártica ",-62.19194,-58.97972,-10.1125
2002-08-24,180005.0,"Chacalluta, Arica Ap.",-18.35555,-70.34028,15.720833333333333
2002-08-24,200006.0,Diego Aracena Iquique Ap.,-20.54917,-70.18111,15.433333333333332
2002-08-24,220002.0,"El Loa, Calama Ad.",-22.49806,-68.8925,17.5
2002-08-24,270001.0,Mataveri  Isla de Pascua Ap.,-27.15889,-109.4325,19.5
2002-08-24,290004.0,"La Florida, La Serena Ad.",-29.91444,-71.20667,13.74736842105263
2002-08-24,330007.0,"Rodelillo, Ad.",-33.06528,-71.55639,11.909090909090908
2002-08-24,330019.0,"Eulogio Sánchez, Tobalaba Ad.",-33.45528,-70.54861,10.766666666666666
2002-08-24,330020.0,"Quinta Normal, Santiago",-33.445,-70.68278,11.879999999999999
2002-08-24,330021.0,Pudahuel Santiago ,-33.37833,-70.78778,11.75
2002-08-24,330030.0,"Santo Domingo, Ad.",-33.65611,-71.61333,13.353846153846153
2002-08-24,330031.0,"Juan Fernández, Estación Meteorológica.",-33.63583,-78.83305,14.675
2002-08-24,340031.0,"General Freire, Curicó Ad.",-34.96944,-71.21694,12.872727272727273
2002-08-24,360011.0,"General Bernardo O'Higgins, Chillán Ad.",-36.58583,-72.03667,12.930000000000001
2002-08-24,360019.0,"Carriel Sur, Concepción Ap.",-36.78055,-73.06639,13.154166666666667
2002-08-24,370033.0,"María Dolores, Los Angeles Ad.",-37.39694,-72.42389,13.0
2002-08-24,380013.0,"Maquehue, Temuco Ad.",-38.76778,-72.63194,12.887500000000001
2002-08-24,390006.0,"Pichoy, Valdivia Ad.",-39.65667,-73.08722,12.233333333333334
2002-08-24,400009.0,"Cañal Bajo,  Osorno Ad.",-40.61444,-73.0575,11.672727272727274
2002-08-24,410005.0,El Tepual  Puerto Montt Ap.,-41.4475,-73.09583,11.027999999999999
2002-08-24,430002.0,Futaleufú Ad.,-43.18889,-71.85222,5.0
2002-08-24,450004.0,"Teniente Vidal, Coyhaique Ad.",-45.59083,-72.10222,6.5
2002-08-24,450005.0,Balmaceda Ad.,-45.91833,-71.67778,4.9750000000000005
2002-08-24,520006.0,"Carlos Ibañez, Punta Arenas Ap.",-53.00167,-70.83861,1.148
2002-08-24,530005.0,"Fuentes Martínez, Porvenir Ad.",-53.25361,-70.32611,0.6909090909090909
2002-08-24,950001.0,"C.M.A. Eduardo Frei Montalva, Antártica ",-62.19194,-58.97972,-8.025
2002-08-25,180005.0,"Chacalluta, Arica Ap.",-18.35555,-70.34028,16.48
2002-08-25,200006.0,Diego Aracena Iquique Ap.,-20.54917,-70.18111,15.929166666666667
2002-08-25,220002.0,"El Loa, Calama Ad.",-22.49806,-68.8925,18.015384615384615
2002-08-25,270001.0,Mataveri  Isla de Pascua Ap.,-27.15889,-109.4325,19.344444444444445
2002-08-25,290004.0,"La Florida, La Serena Ad.",-29.91444,-71.20667,11.379999999999999
2002-08-25,330007.0,"Rodelillo, Ad.",-33.06528,-71.55639,11.927272727272726
2002-08-25,330019.0,"Eulogio Sánchez, Tobalaba Ad.",-33.45528,-70.54861,14.428571428571429
2002-08-25,330020.0,"Quinta Normal, Santiago",-33.445,-70.68278,14.2
2002-08-25,330021.0,Pudahuel Santiago ,-33.37833,-70.78778,12.62
2002-08-25,330030.0,"Santo Domingo, Ad.",-33.65611,-71.61333,13.961538461538462
2002-08-25,330031.0,"Juan Fernández, Estación Meteorológica.",-33.63583,-78.83305,12.15
2002-08-25,340031.0,"General Freire, Curicó Ad.",-34.96944,-71.21694,14.036363636363637
2002-08-25,360011.0,"General Bernardo O'Higgins, Chillán Ad.",-36.58583,-72.03667,12.18
2002-08-25,360019.0,"Carriel Sur, Concepción Ap.",-36.78055,-73.06639,12.234615384615385
2002-08-25,370033.0,"María Dolores, Los Angeles Ad.",-37.39694,-72.42389,12.0
2002-08-25,380013.0,"Maquehue, Temuco Ad.",-38.76778,-72.63194,10.070833333333333
2002-08-25,390006.0,"Pichoy, Valdivia Ad.",-39.65667,-73.08722,11.733333333333334
2002-08-25,400009.0,"Cañal Bajo,  Osorno Ad.",-40.61444,-73.0575,9.927272727272728
2002-08-25,410005.0,El Tepual  Puerto Montt Ap.,-41.4475,-73.09583,7.895833333333333
2002-08-25,430002.0,Futaleufú Ad.,-43.18889,-71.85222,4.4
2002-08-25,450004.0,"Teniente Vidal, Coyhaique Ad.",-45.59083,-72.10222,6.699999999999999
2002-08-25,450005.0,Balmaceda Ad.,-45.91833,-71.67778,3.1666666666666665
2002-08-25,520006.0,"Carlos Ibañez, Punta Arenas Ap.",-53.00167,-70.83861,0.48800000000000004
2002-08-25,950001.0,"C.M.A. Eduardo Frei Montalva, Antártica ",-62.19194,-58.97972,-7.1125
2002-08-26,180005.0,"Chacalluta, Arica Ap.",-18.35555,-70.34028,15.15
2002-08-26,200006.0,Diego Aracena Iquique Ap.,-20.54917,-70.18111,15.404166666666667
2002-08-26,220002.0,"El Loa, Calama Ad.",-22.49806,-68.8925,17.4875
2002-08-26,270001.0,Mataveri  Isla de Pascua Ap.,-27.15889,-109.4325,17.491666666666667
2002-08-26,290004.0,"La Florida, La Serena Ad.",-29.91444,-71.20667,12.405882352941177
2002-08-26,330007.0,"Rodelillo, Ad.",-33.06528,-71.55639,11.372727272727273
2002-08-26,330019.0,"Eulogio Sánchez, Tobalaba Ad.",-33.45528,-70.54861,15.246153846153847
2002-08-26,330020.0,"Quinta Normal, Santiago",-33.445,-70.68278,14.48
2002-08-26,330021.0,Pudahuel Santiago ,-33.37833,-70.78778,12.4
2002-08-26,330030.0,"Santo Domingo, Ad.",-33.65611,-71.61333,13.723076923076924
2002-08-26,330031.0,"Juan Fernández, Estación Meteorológica.",-33.63583,-78.83305,13.38
2002-08-26,340031.0,"General Freire, Curicó Ad.",-34.96944,-71.21694,13.881818181818181
2002-08-26,360011.0,"General Bernardo O'Higgins, Chillán Ad.",-36.58583,-72.03667,14.0
2002-08-26,360019.0,"Carriel Sur, Concepción Ap.",-36.78055,-73.06639,12.588
2002-08-26,370033.0,"María Dolores, Los Angeles Ad.",-37.39694,-72.42389,13.8
2002-08-26,380013.0,"Maquehue, Temuco Ad.",-38.76778,-72.63194,11.7125
2002-08-26,390006.0,"Pichoy, Valdivia Ad.",-39.65667,-73.08722,10.883333333333333
2002-08-26,400009.0,"Cañal Bajo,  Osorno Ad.",-40.61444,-73.0575,9.545454545454545
2002-08-26,410005.0,El Tepual  Puerto Montt Ap.,-41.4475,-73.09583,8.720833333333333
2002-08-26,430001.0,Quellón Ad.,-43.13361,-73.63278,9.02
2002-08-26,430002.0,Futaleufú Ad.,-43.18889,-71.85222,5.158333333333333
2002-08-26,450001.0,Puerto Aysén Ad.,-45.39944,-72.67722,8.175
2002-08-26,450004.0,"Teniente Vidal, Coyhaique Ad.",-45.59083,-72.10222,5.053846153846154
2002-08-26,450005.0,Balmaceda Ad.,-45.91833,-71.67778,2.0124999999999997
2002-08-26,520006.0,"Carlos Ibañez, Punta Arenas Ap.",-53.00167,-70.83861,0.6153846153846154
2002-08-26,530005.0,"Fuentes Martínez, Porvenir Ad.",-53.25361,-70.32611,1.309090909090909
2002-08-26,950001.0,"C.M.A. Eduardo Frei Montalva, Antártica ",-62.19194,-58.97972,-6.025
2002-08-27,180005.0,"Chacalluta, Arica Ap.",-18.35555,-70.34028,16.944444444444443
2002-08-27,200006.0,Diego Aracena Iquique Ap.,-20.54917,-70.18111,16.68
2002-08-27,220002.0,"El Loa, Calama Ad.",-22.49806,-68.8925,14.1125
2002-08-27,270001.0,Mataveri  Isla de Pascua Ap.,-27.15889,-109.4325,17.916666666666668
2002-08-27,290004.0,"La Florida, La Serena Ad.",-29.91444,-71.20667,11.700000000000001
2002-08-27,330007.0,"Rodelillo, Ad.",-33.06528,-71.55639,9.945454545454545
2002-08-27,330019.0,"Eulogio Sánchez, Tobalaba Ad.",-33.45528,-70.54861,10.266666666666667
2002-08-27,330020.0,"Quinta Normal, Santiago",-33.445,-70.68278,11.68
2002-08-27,330021.0,Pudahuel Santiago ,-33.37833,-70.78778,10.88888888888889
2002-08-27,330030.0,"Santo Domingo, Ad.",-33.65611,-71.61333,12.476923076923075
2002-08-27,330031.0,"Juan Fernández, Estación Meteorológica.",-33.63583,-78.83305,11.52
2002-08-27,340031.0,"General Freire, Curicó Ad.",-34.96944,-71.21694,11.990909090909092
2002-08-27,360011.0,"General Bernardo O'Higgins, Chillán Ad.",-36.58583,-72.03667,12.35
2002-08-27,360019.0,"Carriel Sur, Concepción Ap.",-36.78055,-73.06639,12.712
2002-08-27,370033.0,"María Dolores, Los Angeles Ad.",-37.39694,-72.42389,13.5
2002-08-27,380013.0,"Maquehue, Temuco Ad.",-38.76778,-72.63194,14.191666666666668
2002-08-27,390006.0,"Pichoy, Valdivia Ad.",-39.65667,-73.08722,13.049999999999999
2002-08-27,400009.0,"Cañal Bajo,  Osorno Ad.",-40.61444,-73.0575,12.509090909090908
2002-08-27,410005.0,El Tepual  Puerto Montt Ap.,-41.4475,-73.09583,10.754166666666668
2002-08-27,430001.0,Quellón Ad.,-43.13361,-73.63278,9.32
2002-08-27,430002.0,Futaleufú Ad.,-43.18889,-71.85222,6.93076923076923
2002-08-27,450001.0,Puerto Aysén Ad.,-45.39944,-72.67722,7.075
2002-08-27,450004.0,"Teniente Vidal, Coyhaique Ad.",-45.59083,-72.10222,4.246153846153846
2002-08-27,450005.0,Balmaceda Ad.,-45.91833,-71.67778,2.3958333333333335
2002-08-27,520006.0,"Carlos Ibañez, Punta Arenas Ap.",-53.00167,-70.83861,0.6583333333333333
2002-08-27,530005.0,"Fuentes Martínez, Porvenir Ad.",-53.25361,-70.32611,1.4636363636363638
2002-08-27,950001.0,"C.M.A. Eduardo Frei Montalva, Antártica ",-62.19194,-58.97972,-3.775
2002-08-28,180005.0,"Chacalluta, Arica Ap.",-18.35555,-70.34028,16.966666666666665
2002-08-28,200006.0,Diego Aracena Iquique Ap.,-20.54917,-70.18111,16.133333333333333
2002-08-28,220002.0,"El Loa, Calama Ad.",-22.49806,-68.8925,14.14375
2002-08-28,270001.0,Mataveri  Isla de Pascua Ap.,-27.15889,-109.4325,20.0
2002-08-28,290004.0,"La Florida, La Serena Ad.",-29.91444,-71.20667,12.370588235294116
2002-08-28,330007.0,"Rodelillo, Ad.",-33.06528,-71.55639,9.763636363636364
2002-08-28,330019.0,"Eulogio Sánchez, Tobalaba Ad.",-33.45528,-70.54861,9.138461538461538
2002-08-28,330020.0,"Quinta Normal, Santiago",-33.445,-70.68278,10.16
2002-08-28,330021.0,Pudahuel Santiago ,-33.37833,-70.78778,9.291666666666666
2002-08-28,330030.0,"Santo Domingo, Ad.",-33.65611,-71.61333,12.0
2002-08-28,330031.0,"Juan Fernández, Estación Meteorológica.",-33.63583,-78.83305,11.78
2002-08-28,340031.0,"General Freire, Curicó Ad.",-34.96944,-71.21694,10.509090909090908
2002-08-28,360011.0,"General Bernardo O'Higgins, Chillán Ad.",-36.58583,-72.03667,11.28
2002-08-28,360019.0,"Carriel Sur, Concepción Ap.",-36.78055,-73.06639,11.144
2002-08-28,370033.0,"María Dolores, Los Angeles Ad.",-37.39694,-72.42389,10.4
2002-08-28,380013.0,"Maquehue, Temuco Ad.",-38.76778,-72.63194,10.450000000000001
2002-08-28,390006.0,"Pichoy, Valdivia Ad.",-39.65667,-73.08722,10.666666666666666
2002-08-28,400009.0,"Cañal Bajo,  Osorno Ad.",-40.61444,-73.0575,11.018181818181818
2002-08-28,410005.0,El Tepual  Puerto Montt Ap.,-41.4475,-73.09583,9.72
2002-08-28,430001.0,Quellón Ad.,-43.13361,-73.63278,9.379999999999999
2002-08-28,430002.0,Futaleufú Ad.,-43.18889,-71.85222,7.884615384615385
2002-08-28,450001.0,Puerto Aysén Ad.,-45.39944,-72.67722,8.05
2002-08-28,450004.0,"Teniente Vidal, Coyhaique Ad.",-45.59083,-72.10222,4.7
2002-08-28,450005.0,Balmaceda Ad.,-45.91833,-71.67778,2.2624999999999997
2002-08-28,520006.0,"Carlos Ibañez, Punta Arenas Ap.",-53.00167,-70.83861,0.43571428571428567
2002-08-28,530005.0,"Fuentes Martínez, Porvenir Ad.",-53.25361,-70.32611,1.6545454545454545
2002-08-28,950001.0,"C.M.A. Eduardo Frei Montalva, Antártica ",-62.19194,-58.97972,-3.1875
2002-08-29,180005.0,"Chacalluta, Arica Ap.",-18.35555,-70.34028,16.633333333333333
2002-08-29,200006.0,Diego Aracena Iquique Ap.,-20.54917,-70.18111,15.950000000000001
2002-08-29,220002.0,"El Loa, Calama Ad.",-22.49806,-68.8925,14.05
2002-08-29,270001.0,Mataveri  Isla de Pascua Ap.,-27.15889,-109.4325,17.95
2002-08-29,290004.0,"La Florida, La Serena Ad.",-29.91444,-71.20667,12.529411764705882
2002-08-29,330007.0,"Rodelillo, Ad.",-33.06528,-71.55639,11.97272727272727
2002-08-29,330019.0,"Eulogio Sánchez, Tobalaba Ad.",-33.45528,-70.54861,8.661538461538461
2002-08-29,330020.0,"Quinta Normal, Santiago",-33.445,-70.68278,8.84
2002-08-29,330021.0,Pudahuel Santiago ,-33.37833,-70.78778,6.596
2002-08-29,330030.0,"Santo Domingo, Ad.",-33.65611,-71.61333,12.0
2002-08-29,330031.0,"Juan Fernández, Estación Meteorológica.",-33.63583,-78.83305,11.4
2002-08-29,340031.0,"General Freire, Curicó Ad.",-34.96944,-71.21694,11.254545454545454
2002-08-29,360011.0,"General Bernardo O'Higgins, Chillán Ad.",-36.58583,-72.03667,11.41
2002-08-29,360019.0,"Carriel Sur, Concepción Ap.",-36.78055,-73.06639,9.216666666666667
2002-08-29,370033.0,"María Dolores, Los Angeles Ad.",-37.39694,-72.42389,12.0
2002-08-29,380013.0,"Maquehue, Temuco Ad.",-38.76778,-72.63194,6.245833333333334
2002-08-29,390006.0,"Pichoy, Valdivia Ad.",-39.65667,-73.08722,8.3
2002-08-29,400009.0,"Cañal Bajo,  Osorno Ad.",-40.61444,-73.0575,9.6
2002-08-29,410005.0,El Tepual  Puerto Montt Ap.,-41.4475,-73.09583,5.708333333333333
2002-08-29,430001.0,Quellón Ad.,-43.13361,-73.63278,8.120000000000001
2002-08-29,430002.0,Futaleufú Ad.,-43.18889,-71.85222,6.6923076923076925
2002-08-29,450001.0,Puerto Aysén Ad.,-45.39944,-72.67722,7.95
2002-08-29,450004.0,"Teniente Vidal, Coyhaique Ad.",-45.59083,-72.10222,5.6
2002-08-29,450005.0,Balmaceda Ad.,-45.91833,-71.67778,1.7458333333333333
2002-08-29,520006.0,"Carlos Ibañez, Punta Arenas Ap.",-53.00167,-70.83861,0.8576923076923078
2002-08-29,530005.0,"Fuentes Martínez, Porvenir Ad.",-53.25361,-70.32611,1.2545454545454546
2002-08-29,950001.0,"C.M.A. Eduardo Frei Montalva, Antártica ",-62.19194,-58.97972,-3.625
2002-08-30,180005.0,"Chacalluta, Arica Ap.",-18.35555,-70.34028,16.379166666666666
2002-08-30,200006.0,Diego Aracena Iquique Ap.,-20.54917,-70.18111,15.654166666666667
2002-08-30,220002.0,"El Loa, Calama Ad.",-22.49806,-68.8925,13.9375
2002-08-30,270001.0,Mataveri  Isla de Pascua Ap.,-27.15889,-109.4325,19.75
2002-08-30,290004.0,"La Florida, La Serena Ad.",-29.91444,-71.20667,12.11111111111111
2002-08-30,330007.0,"Rodelillo, Ad.",-33.06528,-71.55639,13.281818181818181
2002-08-30,330019.0,"Eulogio Sánchez, Tobalaba Ad.",-33.45528,-70.54861,12.666666666666666
2002-08-30,330020.0,"Quinta Normal, Santiago",-33.445,-70.68278,11.74
2002-08-30,330021.0,Pudahuel Santiago ,-33.37833,-70.78778,10.304166666666667
2002-08-30,330030.0,"Santo Domingo, Ad.",-33.65611,-71.61333,12.36153846153846
2002-08-30,330031.0,"Juan Fernández, Estación Meteorológica.",-33.63583,-78.83305,12.559999999999999
2002-08-30,340031.0,"General Freire, Curicó Ad.",-34.96944,-71.21694,9.409090909090908
2002-08-30,360011.0,"General Bernardo O'Higgins, Chillán Ad.",-36.58583,-72.03667,10.7
2002-08-30,360019.0,"Carriel Sur, Concepción Ap.",-36.78055,-73.06639,6.9875
2002-08-30,370033.0,"María Dolores, Los Angeles Ad.",-37.39694,-72.42389,12.8
2002-08-30,380013.0,"Maquehue, Temuco Ad.",-38.76778,-72.63194,5.5249999999999995
2002-08-30,390006.0,"Pichoy, Valdivia Ad.",-39.65667,-73.08722,8.007692307692308
2002-08-30,400009.0,"Cañal Bajo,  Osorno Ad.",-40.61444,-73.0575,10.572727272727272
2002-08-30,410005.0,El Tepual  Puerto Montt Ap.,-41.4475,-73.09583,7.4222222222222225
2002-08-30,430001.0,Quellón Ad.,-43.13361,-73.63278,8.23
2002-08-30,430002.0,Futaleufú Ad.,-43.18889,-71.85222,6.592307692307693
2002-08-30,450001.0,Puerto Aysén Ad.,-45.39944,-72.67722,8.4
2002-08-30,450004.0,"Teniente Vidal, Coyhaique Ad.",-45.59083,-72.10222,4.8076923076923075
2002-08-30,450005.0,Balmaceda Ad.,-45.91833,-71.67778,0.3666666666666667
2002-08-30,520006.0,"Carlos Ibañez, Punta Arenas Ap.",-53.00167,-70.83861,0.7791666666666667
2002-08-30,530005.0,"Fuentes Martínez, Porvenir Ad.",-53.25361,-70.32611,2.872727272727273
2002-08-30,950001.0,"C.M.A. Eduardo Frei Montalva, Antártica ",-62.19194,-58.97972,-4.8125
2002-08-31,180005.0,"Chacalluta, Arica Ap.",-18.35555,-70.34028,16.379166666666666
2002-08-31,200006.0,Diego Aracena Iquique Ap.,-20.54917,-70.18111,15.695833333333333
2002-08-31,220002.0,"El Loa, Calama Ad.",-22.49806,-68.8925,14.43125
2002-08-31,270001.0,Mataveri  Isla de Pascua Ap.,-27.15889,-109.4325,21.46
2002-08-31,290004.0,"La Florida, La Serena Ad.",-29.91444,-71.20667,13.994117647058824
2002-08-31,330007.0,"Rodelillo, Ad.",-33.06528,-71.55639,17.98181818181818
2002-08-31,330019.0,"Eulogio Sánchez, Tobalaba Ad.",-33.45528,-70.54861,14.966666666666667
2002-08-31,330020.0,"Quinta Normal, Santiago",-33.445,-70.68278,13.34
2002-08-31,330021.0,Pudahuel Santiago ,-33.37833,-70.78778,9.13076923076923
2002-08-31,330030.0,"Santo Domingo, Ad.",-33.65611,-71.61333,14.823076923076922
2002-08-31,330031.0,"Juan Fernández, Estación Meteorológica.",-33.63583,-78.83305,12.7
2002-08-31,340031.0,"General Freire, Curicó Ad.",-34.96944,-71.21694,10.672727272727272
2002-08-31,360011.0,"General Bernardo O'Higgins, Chillán Ad.",-36.58583,-72.03667,12.95
2002-08-31,360019.0,"Carriel Sur, Concepción Ap.",-36.78055,-73.06639,9.008333333333333
2002-08-31,370033.0,"María Dolores, Los Angeles Ad.",-37.39694,-72.42389,15.6
2002-08-31,380013.0,"Maquehue, Temuco Ad.",-38.76778,-72.63194,6.714814814814815
2002-08-31,390006.0,"Pichoy, Valdivia Ad.",-39.65667,-73.08722,9.707692307692309
2002-08-31,400009.0,"Cañal Bajo,  Osorno Ad.",-40.61444,-73.0575,11.363636363636363
2002-08-31,410005.0,El Tepual  Puerto Montt Ap.,-41.4475,-73.09583,7.520833333333333
2002-08-31,430002.0,Futaleufú Ad.,-43.18889,-71.85222,8.284615384615385
2002-08-31,450004.0,"Teniente Vidal, Coyhaique Ad.",-45.59083,-72.10222,7.730769230769231
2002-08-31,450005.0,Balmaceda Ad.,-45.91833,-71.67778,4.8
2002-08-31,520006.0,"Carlos Ibañez, Punta Arenas Ap.",-53.00167,-70.83861,3.1750000000000003
2002-08-31,530005.0,"Fuentes Martínez, Porvenir Ad.",-53.25361,-70.32611,2.8363636363636364
2002-08-31,950001.0,"C.M.A. Eduardo Frei Montalva, Antártica ",-62.19194,-58.97972,-1.075
2002-09-01,180005.0,"Chacalluta, Arica Ap.",-18.35555,-70.34028,16.083333333333332
2002-09-01,200006.0,Diego Aracena Iquique Ap.,-20.54917,-70.18111,15.308333333333332
2002-09-01,220002.0,"El Loa, Calama Ad.",-22.49806,-68.8925,17.046153846153846
2002-09-01,270001.0,Mataveri  Isla de Pascua Ap.,-27.15889,-109.4325,21.6
2002-09-01,290004.0,"La Florida, La Serena Ad.",-29.91444,-71.20667,11.644444444444444
2002-09-01,330007.0,"Rodelillo, Ad.",-33.06528,-71.55639,19.258333333333333
2002-09-01,330019.0,"Eulogio Sánchez, Tobalaba Ad.",-33.45528,-70.54861,18.316666666666666
2002-09-01,330020.0,"Quinta Normal, Santiago",-33.445,-70.68278,15.76
2002-09-01,330021.0,Pudahuel Santiago ,-33.37833,-70.78778,11.516666666666666
2002-09-01,330030.0,"Santo Domingo, Ad.",-33.65611,-71.61333,15.076923076923077
2002-09-01,330031.0,"Juan Fernández, Estación Meteorológica.",-33.63583,-78.83305,13.649999999999999
2002-09-01,340031.0,"General Freire, Curicó Ad.",-34.96944,-71.21694,13.945454545454545
2002-09-01,360011.0,"General Bernardo O'Higgins, Chillán Ad.",-36.58583,-72.03667,14.76
2002-09-01,360019.0,"Carriel Sur, Concepción Ap.",-36.78055,-73.06639,10.191666666666666
2002-09-01,370033.0,"María Dolores, Los Angeles Ad.",-37.39694,-72.42389,14.580000000000002
2002-09-01,380013.0,"Maquehue, Temuco Ad.",-38.76778,-72.63194,7.36
2002-09-01,390006.0,"Pichoy, Valdivia Ad.",-39.65667,-73.08722,9.125
2002-09-01,400009.0,"Cañal Bajo,  Osorno Ad.",-40.61444,-73.0575,10.472727272727273
2002-09-01,410005.0,El Tepual  Puerto Montt Ap.,-41.4475,-73.09583,7.958333333333333
2002-09-01,430002.0,Futaleufú Ad.,-43.18889,-71.85222,9.2
2002-09-01,450004.0,"Teniente Vidal, Coyhaique Ad.",-45.59083,-72.10222,8.96923076923077
2002-09-01,450005.0,Balmaceda Ad.,-45.91833,-71.67778,7.028
2002-09-01,520006.0,"Carlos Ibañez, Punta Arenas Ap.",-53.00167,-70.83861,6.336
2002-09-01,950001.0,"C.M.A. Eduardo Frei Montalva, Antártica ",-62.19194,-58.97972,-0.4
2002-09-02,180005.0,"Chacalluta, Arica Ap.",-18.35555,-70.34028,16.133333333333333
2002-09-02,200006.0,Diego Aracena Iquique Ap.,-20.54917,-70.18111,15.458333333333334
2002-09-02,220002.0,"El Loa, Calama Ad.",-22.49806,-68.8925,15.737499999999999
2002-09-02,270001.0,Mataveri  Isla de Pascua Ap.,-27.15889,-109.4325,19.870588235294118
2002-09-02,290004.0,"La Florida, La Serena Ad.",-29.91444,-71.20667,12.094117647058823
2002-09-02,330007.0,"Rodelillo, Ad.",-33.06528,-71.55639,17.646153846153847
2002-09-02,330019.0,"Eulogio Sánchez, Tobalaba Ad.",-33.45528,-70.54861,18.784615384615385
2002-09-02,330020.0,"Quinta Normal, Santiago",-33.445,-70.68278,18.080000000000002
2002-09-02,330021.0,Pudahuel Santiago ,-33.37833,-70.78778,13.629166666666668
2002-09-02,330030.0,"Santo Domingo, Ad.",-33.65611,-71.61333,15.115384615384615
2002-09-02,330031.0,"Juan Fernández, Estación Meteorológica.",-33.63583,-78.83305,13.48
2002-09-02,340031.0,"General Freire, Curicó Ad.",-34.96944,-71.21694,12.518181818181818
2002-09-02,360011.0,"General Bernardo O'Higgins, Chillán Ad.",-36.58583,-72.03667,13.440000000000001
2002-09-02,360019.0,"Carriel Sur, Concepción Ap.",-36.78055,-73.06639,10.825000000000001
2002-09-02,370033.0,"María Dolores, Los Angeles Ad.",-37.39694,-72.42389,12.981818181818182
2002-09-02,380013.0,"Maquehue, Temuco Ad.",-38.76778,-72.63194,9.383333333333333
2002-09-02,390006.0,"Pichoy, Valdivia Ad.",-39.65667,-73.08722,9.075000000000001
2002-09-02,400009.0,"Cañal Bajo,  Osorno Ad.",-40.61444,-73.0575,9.083333333333334
2002-09-02,410005.0,El Tepual  Puerto Montt Ap.,-41.4475,-73.09583,6.695833333333333
2002-09-02,430001.0,Quellón Ad.,-43.13361,-73.63278,8.52
2002-09-02,430002.0,Futaleufú Ad.,-43.18889,-71.85222,8.633333333333333
2002-09-02,450001.0,Puerto Aysén Ad.,-45.39944,-72.67722,8.475
2002-09-02,450004.0,"Teniente Vidal, Coyhaique Ad.",-45.59083,-72.10222,8.038461538461538
2002-09-02,450005.0,Balmaceda Ad.,-45.91833,-71.67778,4.583333333333333
2002-09-02,520006.0,"Carlos Ibañez, Punta Arenas Ap.",-53.00167,-70.83861,3.216666666666667
2002-09-02,530005.0,"Fuentes Martínez, Porvenir Ad.",-53.25361,-70.32611,4.218181818181818
2002-09-02,550001.0,"Guardiamarina Zañartu, Pto Williams Ad.",-54.93167,-67.61556,4.155555555555555
2002-09-02,950001.0,"C.M.A. Eduardo Frei Montalva, Antártica ",-62.19194,-58.97972,-3.5625
2002-09-03,180005.0,"Chacalluta, Arica Ap.",-18.35555,-70.34028,16.375
2002-09-03,200006.0,Diego Aracena Iquique Ap.,-20.54917,-70.18111,15.924999999999999
2002-09-03,220002.0,"El Loa, Calama Ad.",-22.49806,-68.8925,16.2125
2002-09-03,270001.0,Mataveri  Isla de Pascua Ap.,-27.15889,-109.4325,20.5
2002-09-03,290004.0,"La Florida, La Serena Ad.",-29.91444,-71.20667,12.423529411764704
2002-09-03,330007.0,"Rodelillo, Ad.",-33.06528,-71.55639,11.723076923076924
2002-09-03,330019.0,"Eulogio Sánchez, Tobalaba Ad.",-33.45528,-70.54861,18.316666666666666
2002-09-03,330020.0,"Quinta Normal, Santiago",-33.445,-70.68278,18.419999999999998
2002-09-03,330021.0,Pudahuel Santiago ,-33.37833,-70.78778,16.675
2002-09-03,330030.0,"Santo Domingo, Ad.",-33.65611,-71.61333,14.038461538461538
2002-09-03,330031.0,"Juan Fernández, Estación Meteorológica.",-33.63583,-78.83305,13.5
2002-09-03,340031.0,"General Freire, Curicó Ad.",-34.96944,-71.21694,13.745454545454544
2002-09-03,360011.0,"General Bernardo O'Higgins, Chillán Ad.",-36.58583,-72.03667,11.74
2002-09-03,360019.0,"Carriel Sur, Concepción Ap.",-36.78055,-73.06639,10.541666666666666
2002-09-03,370033.0,"María Dolores, Los Angeles Ad.",-37.39694,-72.42389,11.2
2002-09-03,380013.0,"Maquehue, Temuco Ad.",-38.76778,-72.63194,9.158333333333333
2002-09-03,390006.0,"Pichoy, Valdivia Ad.",-39.65667,-73.08722,9.076923076923077
2002-09-03,400009.0,"Cañal Bajo,  Osorno Ad.",-40.61444,-73.0575,9.236363636363636
2002-09-03,410005.0,El Tepual  Puerto Montt Ap.,-41.4475,-73.09583,6.7
2002-09-03,430001.0,Quellón Ad.,-43.13361,-73.63278,6.58
2002-09-03,430002.0,Futaleufú Ad.,-43.18889,-71.85222,2.5
2002-09-03,450001.0,Puerto Aysén Ad.,-45.39944,-72.67722,5.1
2002-09-03,450004.0,"Teniente Vidal, Coyhaique Ad.",-45.59083,-72.10222,1.5214285714285716
2002-09-03,450005.0,Balmaceda Ad.,-45.91833,-71.67778,-0.3291666666666667
2002-09-03,520006.0,"Carlos Ibañez, Punta Arenas Ap.",-53.00167,-70.83861,1.7666666666666666
2002-09-03,530005.0,"Fuentes Martínez, Porvenir Ad.",-53.25361,-70.32611,3.8181818181818183
2002-09-03,550001.0,"Guardiamarina Zañartu, Pto Williams Ad.",-54.93167,-67.61556,2.2666666666666666
2002-09-03,950001.0,"C.M.A. Eduardo Frei Montalva, Antártica ",-62.19194,-58.97972,-3.85
2002-09-04,180005.0,"Chacalluta, Arica Ap.",-18.35555,-70.34028,16.166666666666668
2002-09-04,200006.0,Diego Aracena Iquique Ap.,-20.54917,-70.18111,15.908333333333333
2002-09-04,220002.0,"El Loa, Calama Ad.",-22.49806,-68.8925,15.7
2002-09-04,270001.0,Mataveri  Isla de Pascua Ap.,-27.15889,-109.4325,20.52
2002-09-04,290004.0,"La Florida, La Serena Ad.",-29.91444,-71.20667,12.141176470588235
2002-09-04,330007.0,"Rodelillo, Ad.",-33.06528,-71.55639,11.23076923076923
2002-09-04,330019.0,"Eulogio Sánchez, Tobalaba Ad.",-33.45528,-70.54861,12.357142857142858
2002-09-04,330020.0,"Quinta Normal, Santiago",-33.445,-70.68278,13.26
2002-09-04,330021.0,Pudahuel Santiago ,-33.37833,-70.78778,12.241666666666667
2002-09-04,330030.0,"Santo Domingo, Ad.",-33.65611,-71.61333,13.053846153846154
2002-09-04,330031.0,"Juan Fernández, Estación Meteorológica.",-33.63583,-78.83305,13.84
2002-09-04,340031.0,"General Freire, Curicó Ad.",-34.96944,-71.21694,12.063636363636363
2002-09-04,360011.0,"General Bernardo O'Higgins, Chillán Ad.",-36.58583,-72.03667,7.9799999999999995
2002-09-04,360019.0,"Carriel Sur, Concepción Ap.",-36.78055,-73.06639,11.525
2002-09-04,370033.0,"María Dolores, Los Angeles Ad.",-37.39694,-72.42389,10.799999999999999
2002-09-04,380013.0,"Maquehue, Temuco Ad.",-38.76778,-72.63194,10.737499999999999
2002-09-04,390006.0,"Pichoy, Valdivia Ad.",-39.65667,-73.08722,11.049999999999999
2002-09-04,400009.0,"Cañal Bajo,  Osorno Ad.",-40.61444,-73.0575,10.472727272727273
2002-09-04,410005.0,El Tepual  Puerto Montt Ap.,-41.4475,-73.09583,8.42
2002-09-04,430001.0,Quellón Ad.,-43.13361,-73.63278,9.55
2002-09-04,430002.0,Futaleufú Ad.,-43.18889,-71.85222,6.846153846153846
2002-09-04,450001.0,Puerto Aysén Ad.,-45.39944,-72.67722,6.625
2002-09-04,450004.0,"Teniente Vidal, Coyhaique Ad.",-45.59083,-72.10222,4.607692307692307
2002-09-04,450005.0,Balmaceda Ad.,-45.91833,-71.67778,2.1679999999999997
2002-09-04,520006.0,"Carlos Ibañez, Punta Arenas Ap.",-53.00167,-70.83861,-0.43333333333333335
2002-09-04,530005.0,"Fuentes Martínez, Porvenir Ad.",-53.25361,-70.32611,2.7818181818181817
2002-09-04,550001.0,"Guardiamarina Zañartu, Pto Williams Ad.",-54.93167,-67.61556,3.688888888888889
2002-09-04,950001.0,"C.M.A. Eduardo Frei Montalva, Antártica ",-62.19194,-58.97972,-5.8076923076923075
2002-09-05,180005.0,"Chacalluta, Arica Ap.",-18.35555,-70.34028,16.208333333333332
2002-09-05,200006.0,Diego Aracena Iquique Ap.,-20.54917,-70.18111,15.804166666666667
2002-09-05,220002.0,"El Loa, Calama Ad.",-22.49806,-68.8925,15.9875
2002-09-05,270001.0,Mataveri  Isla de Pascua Ap.,-27.15889,-109.4325,20.564285714285713
2002-09-05,290004.0,"La Florida, La Serena Ad.",-29.91444,-71.20667,12.641176470588235
2002-09-05,330007.0,"Rodelillo, Ad.",-33.06528,-71.55639,12.176923076923078
2002-09-05,330019.0,"Eulogio Sánchez, Tobalaba Ad.",-33.45528,-70.54861,9.016666666666667
2002-09-05,330020.0,"Quinta Normal, Santiago",-33.445,-70.68278,10.139999999999999
2002-09-05,330021.0,Pudahuel Santiago ,-33.37833,-70.78778,9.816666666666666
2002-09-05,330030.0,"Santo Domingo, Ad.",-33.65611,-71.61333,13.100000000000001
2002-09-05,330031.0,"Juan Fernández, Estación Meteorológica.",-33.63583,-78.83305,12.24
2002-09-05,340031.0,"General Freire, Curicó Ad.",-34.96944,-71.21694,11.618181818181817
2002-09-05,360011.0,"General Bernardo O'Higgins, Chillán Ad.",-36.58583,-72.03667,9.53
2002-09-05,360019.0,"Carriel Sur, Concepción Ap.",-36.78055,-73.06639,7.970833333333334
2002-09-05,370033.0,"María Dolores, Los Angeles Ad.",-37.39694,-72.42389,10.233333333333333
2002-09-05,380013.0,"Maquehue, Temuco Ad.",-38.76778,-72.63194,7.891666666666667
2002-09-05,390006.0,"Pichoy, Valdivia Ad.",-39.65667,-73.08722,8.116666666666667
2002-09-05,400009.0,"Cañal Bajo,  Osorno Ad.",-40.61444,-73.0575,8.154545454545454
2002-09-05,410005.0,El Tepual  Puerto Montt Ap.,-41.4475,-73.09583,6.066666666666666
2002-09-05,430001.0,Quellón Ad.,-43.13361,-73.63278,6.9799999999999995
2002-09-05,430002.0,Futaleufú Ad.,-43.18889,-71.85222,4.769230769230769
2002-09-05,450001.0,Puerto Aysén Ad.,-45.39944,-72.67722,7.175
2002-09-05,450004.0,"Teniente Vidal, Coyhaique Ad.",-45.59083,-72.10222,5.546153846153846
2002-09-05,450005.0,Balmaceda Ad.,-45.91833,-71.67778,2.183333333333333
2002-09-05,520006.0,"Carlos Ibañez, Punta Arenas Ap.",-53.00167,-70.83861,-0.6583333333333333
2002-09-05,530005.0,"Fuentes Martínez, Porvenir Ad.",-53.25361,-70.32611,3.2454545454545456
2002-09-05,550001.0,"Guardiamarina Zañartu, Pto Williams Ad.",-54.93167,-67.61556,3.788888888888889
2002-09-05,950001.0,"C.M.A. Eduardo Frei Montalva, Antártica ",-62.19194,-58.97972,-9.354545454545455
2002-09-06,180005.0,"Chacalluta, Arica Ap.",-18.35555,-70.34028,16.474999999999998
2002-09-06,200006.0,Diego Aracena Iquique Ap.,-20.54917,-70.18111,16.004166666666666
2002-09-06,220002.0,"El Loa, Calama Ad.",-22.49806,-68.8925,15.575
2002-09-06,270001.0,Mataveri  Isla de Pascua Ap.,-27.15889,-109.4325,19.3
2002-09-06,290004.0,"La Florida, La Serena Ad.",-29.91444,-71.20667,13.74705882352941
2002-09-06,330007.0,"Rodelillo, Ad.",-33.06528,-71.55639,13.892307692307693
2002-09-06,330019.0,"Eulogio Sánchez, Tobalaba Ad.",-33.45528,-70.54861,12.666666666666666
2002-09-06,330020.0,"Quinta Normal, Santiago",-33.445,-70.68278,12.5
2002-09-06,330021.0,Pudahuel Santiago ,-33.37833,-70.78778,10.266666666666667
2002-09-06,330030.0,"Santo Domingo, Ad.",-33.65611,-71.61333,12.938461538461537
2002-09-06,330031.0,"Juan Fernández, Estación Meteorológica.",-33.63583,-78.83305,12.080000000000002
2002-09-06,340031.0,"General Freire, Curicó Ad.",-34.96944,-71.21694,11.4
2002-09-06,360011.0,"General Bernardo O'Higgins, Chillán Ad.",-36.58583,-72.03667,11.05
2002-09-06,360019.0,"Carriel Sur, Concepción Ap.",-36.78055,-73.06639,7.316666666666666
2002-09-06,370033.0,"María Dolores, Los Angeles Ad.",-37.39694,-72.42389,12.4
2002-09-06,380013.0,"Maquehue, Temuco Ad.",-38.76778,-72.63194,7.379166666666666
2002-09-06,390006.0,"Pichoy, Valdivia Ad.",-39.65667,-73.08722,8.707692307692309
2002-09-06,400009.0,"Cañal Bajo,  Osorno Ad.",-40.61444,-73.0575,9.200000000000001
2002-09-06,410005.0,El Tepual  Puerto Montt Ap.,-41.4475,-73.09583,5.804166666666667
2002-09-06,430001.0,Quellón Ad.,-43.13361,-73.63278,8.73
2002-09-06,430002.0,Futaleufú Ad.,-43.18889,-71.85222,6.6692307692307695
2002-09-06,450001.0,Puerto Aysén Ad.,-45.39944,-72.67722,7.475
2002-09-06,450004.0,"Teniente Vidal, Coyhaique Ad.",-45.59083,-72.10222,5.407692307692307
2002-09-06,450005.0,Balmaceda Ad.,-45.91833,-71.67778,1.4333333333333333
2002-09-06,520006.0,"Carlos Ibañez, Punta Arenas Ap.",-53.00167,-70.83861,2.7880000000000003
2002-09-06,530005.0,"Fuentes Martínez, Porvenir Ad.",-53.25361,-70.32611,4.2272727272727275
2002-09-06,550001.0,"Guardiamarina Zañartu, Pto Williams Ad.",-54.93167,-67.61556,3.2
2002-09-06,950001.0,"C.M.A. Eduardo Frei Montalva, Antártica ",-62.19194,-58.97972,-6.1909090909090905
2002-09-07,180005.0,"Chacalluta, Arica Ap.",-18.35555,-70.34028,16.383333333333333
2002-09-07,200006.0,Diego Aracena Iquique Ap.,-20.54917,-70.18111,15.970833333333333
2002-09-07,220002.0,"El Loa, Calama Ad.",-22.49806,-68.8925,17.69375
2002-09-07,270001.0,Mataveri  Isla de Pascua Ap.,-27.15889,-109.4325,18.4
2002-09-07,290004.0,"La Florida, La Serena Ad.",-29.91444,-71.20667,13.461111111111112
2002-09-07,330007.0,"Rodelillo, Ad.",-33.06528,-71.55639,14.853846153846153
2002-09-07,330019.0,"Eulogio Sánchez, Tobalaba Ad.",-33.45528,-70.54861,12.183333333333332
2002-09-07,330020.0,"Quinta Normal, Santiago",-33.445,-70.68278,12.36
2002-09-07,330021.0,Pudahuel Santiago ,-33.37833,-70.78778,10.0875
2002-09-07,330030.0,"Santo Domingo, Ad.",-33.65611,-71.61333,13.053846153846154
2002-09-07,330031.0,"Juan Fernández, Estación Meteorológica.",-33.63583,-78.83305,12.35
2002-09-07,340031.0,"General Freire, Curicó Ad.",-34.96944,-71.21694,8.836363636363636
2002-09-07,360011.0,"General Bernardo O'Higgins, Chillán Ad.",-36.58583,-72.03667,11.540000000000001
2002-09-07,360019.0,"Carriel Sur, Concepción Ap.",-36.78055,-73.06639,8.8
2002-09-07,370033.0,"María Dolores, Los Angeles Ad.",-37.39694,-72.42389,16.2
2002-09-07,380013.0,"Maquehue, Temuco Ad.",-38.76778,-72.63194,5.88
2002-09-07,390006.0,"Pichoy, Valdivia Ad.",-39.65667,-73.08722,7.246153846153845
2002-09-07,400009.0,"Cañal Bajo,  Osorno Ad.",-40.61444,-73.0575,8.853846153846153
2002-09-07,410005.0,El Tepual  Puerto Montt Ap.,-41.4475,-73.09583,6.670833333333333
2002-09-07,430002.0,Futaleufú Ad.,-43.18889,-71.85222,6.653846153846154
2002-09-07,450004.0,"Teniente Vidal, Coyhaique Ad.",-45.59083,-72.10222,6.238461538461538
2002-09-07,450005.0,Balmaceda Ad.,-45.91833,-71.67778,2.129166666666667
2002-09-07,520006.0,"Carlos Ibañez, Punta Arenas Ap.",-53.00167,-70.83861,2.4583333333333335
2002-09-07,530005.0,"Fuentes Martínez, Porvenir Ad.",-53.25361,-70.32611,2.5999999999999996
2002-09-07,950001.0,"C.M.A. Eduardo Frei Montalva, Antártica ",-62.19194,-58.97972,-6.43076923076923
2002-09-08,180005.0,"Chacalluta, Arica Ap.",-18.35555,-70.34028,16.391666666666666
2002-09-08,200006.0,Diego Aracena Iquique Ap.,-20.54917,-70.18111,16.320833333333333
2002-09-08,220002.0,"El Loa, Calama Ad.",-22.49806,-68.8925,20.93846153846154
2002-09-08,270001.0,Mataveri  Isla de Pascua Ap.,-27.15889,-109.4325,18.325
2002-09-08,290004.0,"La Florida, La Serena Ad.",-29.91444,-71.20667,14.282352941176471
2002-09-08,330007.0,"Rodelillo, Ad.",-33.06528,-71.55639,15.761538461538462
2002-09-08,330019.0,"Eulogio Sánchez, Tobalaba Ad.",-33.45528,-70.54861,12.978571428571428
2002-09-08,330020.0,"Quinta Normal, Santiago",-33.445,-70.68278,12.98
2002-09-08,330021.0,Pudahuel Santiago ,-33.37833,-70.78778,11.3125
2002-09-08,330030.0,"Santo Domingo, Ad.",-33.65611,-71.61333,13.884615384615385
2002-09-08,330031.0,"Juan Fernández, Estación Meteorológica.",-33.63583,-78.83305,12.9
2002-09-08,340031.0,"General Freire, Curicó Ad.",-34.96944,-71.21694,13.70909090909091
2002-09-08,360011.0,"General Bernardo O'Higgins, Chillán Ad.",-36.58583,-72.03667,13.51
2002-09-08,360019.0,"Carriel Sur, Concepción Ap.",-36.78055,-73.06639,10.25
2002-09-08,370033.0,"María Dolores, Los Angeles Ad.",-37.39694,-72.42389,10.4
2002-09-08,380013.0,"Maquehue, Temuco Ad.",-38.76778,-72.63194,9.566666666666666
2002-09-08,390006.0,"Pichoy, Valdivia Ad.",-39.65667,-73.08722,11.616666666666667
2002-09-08,400009.0,"Cañal Bajo,  Osorno Ad.",-40.61444,-73.0575,11.645454545454545
2002-09-08,410005.0,El Tepual  Puerto Montt Ap.,-41.4475,-73.09583,9.071428571428571
2002-09-08,430001.0,Quellón Ad.,-43.13361,-73.63278,
2002-09-08,430002.0,Futaleufú Ad.,-43.18889,-71.85222,4.8
2002-09-08,450004.0,"Teniente Vidal, Coyhaique Ad.",-45.59083,-72.10222,4.707142857142857
2002-09-08,450005.0,Balmaceda Ad.,-45.91833,-71.67778,2.1125000000000003
2002-09-08,520006.0,"Carlos Ibañez, Punta Arenas Ap.",-53.00167,-70.83861,3.4916666666666667
2002-09-08,950001.0,"C.M.A. Eduardo Frei Montalva, Antártica ",-62.19194,-58.97972,-6.409090909090909
2002-09-09,180005.0,"Chacalluta, Arica Ap.",-18.35555,-70.34028,16.787499999999998
2002-09-09,200006.0,Diego Aracena Iquique Ap.,-20.54917,-70.18111,16.758333333333333
2002-09-09,220002.0,"El Loa, Calama Ad.",-22.49806,-68.8925,16.83125
2002-09-09,270001.0,Mataveri  Isla de Pascua Ap.,-27.15889,-109.4325,17.307142857142857
2002-09-09,290004.0,"La Florida, La Serena Ad.",-29.91444,-71.20667,12.270588235294117
2002-09-09,330007.0,"Rodelillo, Ad.",-33.06528,-71.55639,12.615384615384615
2002-09-09,330019.0,"Eulogio Sánchez, Tobalaba Ad.",-33.45528,-70.54861,16.008333333333333
2002-09-09,330020.0,"Quinta Normal, Santiago",-33.445,-70.68278,15.16
2002-09-09,330021.0,Pudahuel Santiago ,-33.37833,-70.78778,12.658333333333333
2002-09-09,330030.0,"Santo Domingo, Ad.",-33.65611,-71.61333,11.784615384615384
2002-09-09,330031.0,"Juan Fernández, Estación Meteorológica.",-33.63583,-78.83305,13.559999999999999
2002-09-09,340031.0,"General Freire, Curicó Ad.",-34.96944,-71.21694,14.563636363636363
2002-09-09,360011.0,"General Bernardo O'Higgins, Chillán Ad.",-36.58583,-72.03667,11.936363636363637
2002-09-09,360019.0,"Carriel Sur, Concepción Ap.",-36.78055,-73.06639,10.459259259259259
2002-09-09,370033.0,"María Dolores, Los Angeles Ad.",-37.39694,-72.42389,10.0
2002-09-09,380013.0,"Maquehue, Temuco Ad.",-38.76778,-72.63194,6.270833333333333
2002-09-09,390006.0,"Pichoy, Valdivia Ad.",-39.65667,-73.08722,7.133333333333333
2002-09-09,400009.0,"Cañal Bajo,  Osorno Ad.",-40.61444,-73.0575,7.763636363636363
2002-09-09,410005.0,El Tepual  Puerto Montt Ap.,-41.4475,-73.09583,5.865384615384615
2002-09-09,430001.0,Quellón Ad.,-43.13361,-73.63278,9.39
2002-09-09,430002.0,Futaleufú Ad.,-43.18889,-71.85222,6.875
2002-09-09,450001.0,Puerto Aysén Ad.,-45.39944,-72.67722,9.4
2002-09-09,450004.0,"Teniente Vidal, Coyhaique Ad.",-45.59083,-72.10222,7.264285714285714
2002-09-09,450005.0,Balmaceda Ad.,-45.91833,-71.67778,4.052
2002-09-09,520006.0,"Carlos Ibañez, Punta Arenas Ap.",-53.00167,-70.83861,3.2629629629629626
2002-09-09,530005.0,"Fuentes Martínez, Porvenir Ad.",-53.25361,-70.32611,3.963636363636364
2002-09-09,550001.0,"Guardiamarina Zañartu, Pto Williams Ad.",-54.93167,-67.61556,6.555555555555555
2002-09-09,950001.0,"C.M.A. Eduardo Frei Montalva, Antártica ",-62.19194,-58.97972,-3.2624999999999997
2002-09-10,180005.0,"Chacalluta, Arica Ap.",-18.35555,-70.34028,16.787499999999998
2002-09-10,200006.0,Diego Aracena Iquique Ap.,-20.54917,-70.18111,16.708333333333332
2002-09-10,220002.0,"El Loa, Calama Ad.",-22.49806,-68.8925,17.11875
2002-09-10,270001.0,Mataveri  Isla de Pascua Ap.,-27.15889,-109.4325,20.616666666666667
2002-09-10,290004.0,"La Florida, La Serena Ad.",-29.91444,-71.20667,13.341176470588236
2002-09-10,330007.0,"Rodelillo, Ad.",-33.06528,-71.55639,11.723076923076924
2002-09-10,330019.0,"Eulogio Sánchez, Tobalaba Ad.",-33.45528,-70.54861,12.216666666666667
2002-09-10,330020.0,"Quinta Normal, Santiago",-33.445,-70.68278,12.919999999999998
2002-09-10,330021.0,Pudahuel Santiago ,-33.37833,-70.78778,11.1875
2002-09-10,330030.0,"Santo Domingo, Ad.",-33.65611,-71.61333,13.646153846153847
2002-09-10,330031.0,"Juan Fernández, Estación Meteorológica.",-33.63583,-78.83305,12.319999999999999
2002-09-10,340031.0,"General Freire, Curicó Ad.",-34.96944,-71.21694,12.381818181818181
2002-09-10,360011.0,"General Bernardo O'Higgins, Chillán Ad.",-36.58583,-72.03667,12.436363636363637
2002-09-10,360019.0,"Carriel Sur, Concepción Ap.",-36.78055,-73.06639,11.5
2002-09-10,370033.0,"María Dolores, Los Angeles Ad.",-37.39694,-72.42389,13.4
2002-09-10,380013.0,"Maquehue, Temuco Ad.",-38.76778,-72.63194,10.016666666666667
2002-09-10,390006.0,"Pichoy, Valdivia Ad.",-39.65667,-73.08722,10.375
2002-09-10,400009.0,"Cañal Bajo,  Osorno Ad.",-40.61444,-73.0575,10.345454545454546
2002-09-10,410005.0,El Tepual  Puerto Montt Ap.,-41.4475,-73.09583,9.224
2002-09-10,430001.0,Quellón Ad.,-43.13361,-73.63278,10.870000000000001
2002-09-10,430002.0,Futaleufú Ad.,-43.18889,-71.85222,7.323076923076924
2002-09-10,450001.0,Puerto Aysén Ad.,-45.39944,-72.67722,11.45
2002-09-10,450004.0,"Teniente Vidal, Coyhaique Ad.",-45.59083,-72.10222,6.638461538461538
2002-09-10,450005.0,Balmaceda Ad.,-45.91833,-71.67778,5.4624999999999995
2002-09-10,520006.0,"Carlos Ibañez, Punta Arenas Ap.",-53.00167,-70.83861,4.368
2002-09-10,530005.0,"Fuentes Martínez, Porvenir Ad.",-53.25361,-70.32611,5.763636363636364
2002-09-10,550001.0,"Guardiamarina Zañartu, Pto Williams Ad.",-54.93167,-67.61556,6.977777777777778
2002-09-10,950001.0,"C.M.A. Eduardo Frei Montalva, Antártica ",-62.19194,-58.97972,-1.25
2002-09-11,180005.0,"Chacalluta, Arica Ap.",-18.35555,-70.34028,17.166666666666668
2002-09-11,200006.0,Diego Aracena Iquique Ap.,-20.54917,-70.18111,16.599999999999998
2002-09-11,220002.0,"El Loa, Calama Ad.",-22.49806,-68.8925,16.2
2002-09-11,270001.0,Mataveri  Isla de Pascua Ap.,-27.15889,-109.4325,20.873333333333335
2002-09-11,290004.0,"La Florida, La Serena Ad.",-29.91444,-71.20667,13.833333333333334
2002-09-11,330007.0,"Rodelillo, Ad.",-33.06528,-71.55639,14.53076923076923
2002-09-11,330019.0,"Eulogio Sánchez, Tobalaba Ad.",-33.45528,-70.54861,13.716666666666667
2002-09-11,330020.0,"Quinta Normal, Santiago",-33.445,-70.68278,13.24
2002-09-11,330021.0,Pudahuel Santiago ,-33.37833,-70.78778,11.325000000000001
2002-09-11,330030.0,"Santo Domingo, Ad.",-33.65611,-71.61333,13.892307692307693
2002-09-11,330031.0,"Juan Fernández, Estación Meteorológica.",-33.63583,-78.83305,11.6
2002-09-11,340031.0,"General Freire, Curicó Ad.",-34.96944,-71.21694,12.52727272727273
2002-09-11,360011.0,"General Bernardo O'Higgins, Chillán Ad.",-36.58583,-72.03667,13.636363636363637
2002-09-11,360019.0,"Carriel Sur, Concepción Ap.",-36.78055,-73.06639,10.841666666666667
2002-09-11,370033.0,"María Dolores, Los Angeles Ad.",-37.39694,-72.42389,15.2
2002-09-11,380013.0,"Maquehue, Temuco Ad.",-38.76778,-72.63194,10.720833333333333
2002-09-11,390006.0,"Pichoy, Valdivia Ad.",-39.65667,-73.08722,11.683333333333332
2002-09-11,400009.0,"Cañal Bajo,  Osorno Ad.",-40.61444,-73.0575,11.645454545454545
2002-09-11,410005.0,El Tepual  Puerto Montt Ap.,-41.4475,-73.09583,9.9375
2002-09-11,430001.0,Quellón Ad.,-43.13361,-73.63278,11.209999999999999
2002-09-11,430002.0,Futaleufú Ad.,-43.18889,-71.85222,8.392307692307693
2002-09-11,450001.0,Puerto Aysén Ad.,-45.39944,-72.67722,11.275
2002-09-11,450004.0,"Teniente Vidal, Coyhaique Ad.",-45.59083,-72.10222,7.4692307692307685
2002-09-11,450005.0,Balmaceda Ad.,-45.91833,-71.67778,4.8374999999999995
2002-09-11,520006.0,"Carlos Ibañez, Punta Arenas Ap.",-53.00167,-70.83861,4.316
2002-09-11,530005.0,"Fuentes Martínez, Porvenir Ad.",-53.25361,-70.32611,5.390909090909091
2002-09-11,550001.0,"Guardiamarina Zañartu, Pto Williams Ad.",-54.93167,-67.61556,6.16
2002-09-11,950001.0,"C.M.A. Eduardo Frei Montalva, Antártica ",-62.19194,-58.97972,-0.9875
2002-09-12,180005.0,"Chacalluta, Arica Ap.",-18.35555,-70.34028,16.908333333333335
2002-09-12,200006.0,Diego Aracena Iquique Ap.,-20.54917,-70.18111,15.887500000000001
2002-09-12,220002.0,"El Loa, Calama Ad.",-22.49806,-68.8925,16.60625
2002-09-12,270001.0,Mataveri  Isla de Pascua Ap.,-27.15889,-109.4325,20.99411764705882
2002-09-12,290004.0,"La Florida, La Serena Ad.",-29.91444,-71.20667,11.744444444444445
2002-09-12,330007.0,"Rodelillo, Ad.",-33.06528,-71.55639,13.953846153846154
2002-09-12,330019.0,"Eulogio Sánchez, Tobalaba Ad.",-33.45528,-70.54861,13.933333333333332
2002-09-12,330020.0,"Quinta Normal, Santiago",-33.445,-70.68278,13.24
2002-09-12,330021.0,Pudahuel Santiago ,-33.37833,-70.78778,9.683333333333334
2002-09-12,330030.0,"Santo Domingo, Ad.",-33.65611,-71.61333,13.353846153846153
2002-09-12,330031.0,"Juan Fernández, Estación Meteorológica.",-33.63583,-78.83305,13.319999999999999
2002-09-12,340031.0,"General Freire, Curicó Ad.",-34.96944,-71.21694,10.590909090909092
2002-09-12,360011.0,"General Bernardo O'Higgins, Chillán Ad.",-36.58583,-72.03667,10.790909090909091
2002-09-12,360019.0,"Carriel Sur, Concepción Ap.",-36.78055,-73.06639,10.129166666666666
2002-09-12,370033.0,"María Dolores, Los Angeles Ad.",-37.39694,-72.42389,13.8
2002-09-12,380013.0,"Maquehue, Temuco Ad.",-38.76778,-72.63194,9.025
2002-09-12,390006.0,"Pichoy, Valdivia Ad.",-39.65667,-73.08722,10.308333333333334
2002-09-12,400009.0,"Cañal Bajo,  Osorno Ad.",-40.61444,-73.0575,10.018181818181818
2002-09-12,410005.0,El Tepual  Puerto Montt Ap.,-41.4475,-73.09583,8.9625
2002-09-12,430001.0,Quellón Ad.,-43.13361,-73.63278,9.18
2002-09-12,430002.0,Futaleufú Ad.,-43.18889,-71.85222,8.23076923076923
2002-09-12,450001.0,Puerto Aysén Ad.,-45.39944,-72.67722,8.175
2002-09-12,450004.0,"Teniente Vidal, Coyhaique Ad.",-45.59083,-72.10222,5.269230769230769
2002-09-12,450005.0,Balmaceda Ad.,-45.91833,-71.67778,4.379166666666666
2002-09-12,520006.0,"Carlos Ibañez, Punta Arenas Ap.",-53.00167,-70.83861,2.940740740740741
2002-09-12,530005.0,"Fuentes Martínez, Porvenir Ad.",-53.25361,-70.32611,4.733333333333333
2002-09-12,950001.0,"C.M.A. Eduardo Frei Montalva, Antártica ",-62.19194,-58.97972,-1.1125
2002-09-13,180005.0,"Chacalluta, Arica Ap.",-18.35555,-70.34028,17.025000000000002
2002-09-13,200006.0,Diego Aracena Iquique Ap.,-20.54917,-70.18111,16.425
2002-09-13,220002.0,"El Loa, Calama Ad.",-22.49806,-68.8925,15.93125
2002-09-13,270001.0,Mataveri  Isla de Pascua Ap.,-27.15889,-109.4325,20.425
2002-09-13,290004.0,"La Florida, La Serena Ad.",-29.91444,-71.20667,13.464705882352941
2002-09-13,330007.0,"Rodelillo, Ad.",-33.06528,-71.55639,14.26923076923077
2002-09-13,330019.0,"Eulogio Sánchez, Tobalaba Ad.",-33.45528,-70.54861,16.650000000000002
2002-09-13,330020.0,"Quinta Normal, Santiago",-33.445,-70.68278,15.680000000000001
2002-09-13,330021.0,Pudahuel Santiago ,-33.37833,-70.78778,12.558333333333332
2002-09-13,330030.0,"Santo Domingo, Ad.",-33.65611,-71.61333,13.600000000000001
2002-09-13,330031.0,"Juan Fernández, Estación Meteorológica.",-33.63583,-78.83305,12.540000000000001
2002-09-13,340031.0,"General Freire, Curicó Ad.",-34.96944,-71.21694,13.981818181818182
2002-09-13,360011.0,"General Bernardo O'Higgins, Chillán Ad.",-36.58583,-72.03667,13.545454545454545
2002-09-13,360019.0,"Carriel Sur, Concepción Ap.",-36.78055,-73.06639,9.9375
2002-09-13,370033.0,"María Dolores, Los Angeles Ad.",-37.39694,-72.42389,16.0
2002-09-13,380013.0,"Maquehue, Temuco Ad.",-38.76778,-72.63194,7.611538461538462
2002-09-13,390006.0,"Pichoy, Valdivia Ad.",-39.65667,-73.08722,10.707692307692307
2002-09-13,400009.0,"Cañal Bajo,  Osorno Ad.",-40.61444,-73.0575,11.654545454545454
2002-09-13,410005.0,El Tepual  Puerto Montt Ap.,-41.4475,-73.09583,7.8999999999999995
2002-09-13,430001.0,Quellón Ad.,-43.13361,-73.63278,11.25
2002-09-13,430002.0,Futaleufú Ad.,-43.18889,-71.85222,8.669230769230769
2002-09-13,450001.0,Puerto Aysén Ad.,-45.39944,-72.67722,9.425
2002-09-13,450004.0,"Teniente Vidal, Coyhaique Ad.",-45.59083,-72.10222,8.0
2002-09-13,450005.0,Balmaceda Ad.,-45.91833,-71.67778,5.241666666666666
2002-09-13,520006.0,"Carlos Ibañez, Punta Arenas Ap.",-53.00167,-70.83861,5.05
2002-09-13,530005.0,"Fuentes Martínez, Porvenir Ad.",-53.25361,-70.32611,6.145454545454545
2002-09-13,950001.0,"C.M.A. Eduardo Frei Montalva, Antártica ",-62.19194,-58.97972,-2.2625
2002-09-14,180005.0,"Chacalluta, Arica Ap.",-18.35555,-70.34028,16.608333333333334
2002-09-14,200006.0,Diego Aracena Iquique Ap.,-20.54917,-70.18111,15.5875
2002-09-14,220002.0,"El Loa, Calama Ad.",-22.49806,-68.8925,17.275
2002-09-14,270001.0,Mataveri  Isla de Pascua Ap.,-27.15889,-109.4325,18.599999999999998
2002-09-14,290004.0,"La Florida, La Serena Ad.",-29.91444,-71.20667,13.170588235294119
2002-09-14,330007.0,"Rodelillo, Ad.",-33.06528,-71.55639,12.36153846153846
2002-09-14,330019.0,"Eulogio Sánchez, Tobalaba Ad.",-33.45528,-70.54861,12.616666666666667
2002-09-14,330020.0,"Quinta Normal, Santiago",-33.445,-70.68278,13.280000000000001
2002-09-14,330021.0,Pudahuel Santiago ,-33.37833,-70.78778,11.984000000000002
2002-09-14,330030.0,"Santo Domingo, Ad.",-33.65611,-71.61333,12.892307692307693
2002-09-14,330031.0,"Juan Fernández, Estación Meteorológica.",-33.63583,-78.83305,14.2
2002-09-14,340031.0,"General Freire, Curicó Ad.",-34.96944,-71.21694,12.963636363636363
2002-09-14,360011.0,"General Bernardo O'Higgins, Chillán Ad.",-36.58583,-72.03667,11.8
2002-09-14,360019.0,"Carriel Sur, Concepción Ap.",-36.78055,-73.06639,11.049999999999999
2002-09-14,370033.0,"María Dolores, Los Angeles Ad.",-37.39694,-72.42389,11.9
2002-09-14,380013.0,"Maquehue, Temuco Ad.",-38.76778,-72.63194,10.512
2002-09-14,390006.0,"Pichoy, Valdivia Ad.",-39.65667,-73.08722,10.266666666666667
2002-09-14,400009.0,"Cañal Bajo,  Osorno Ad.",-40.61444,-73.0575,10.5
2002-09-14,410005.0,El Tepual  Puerto Montt Ap.,-41.4475,-73.09583,7.9879999999999995
2002-09-14,430002.0,Futaleufú Ad.,-43.18889,-71.85222,6.392307692307692
2002-09-14,450004.0,"Teniente Vidal, Coyhaique Ad.",-45.59083,-72.10222,6.9692307692307685
2002-09-14,450005.0,Balmaceda Ad.,-45.91833,-71.67778,3.6166666666666667
2002-09-14,520006.0,"Carlos Ibañez, Punta Arenas Ap.",-53.00167,-70.83861,3.896153846153846
2002-09-14,530005.0,"Fuentes Martínez, Porvenir Ad.",-53.25361,-70.32611,4.636363636363637
2002-09-14,950001.0,"C.M.A. Eduardo Frei Montalva, Antártica ",-62.19194,-58.97972,-1.1
2002-09-15,180005.0,"Chacalluta, Arica Ap.",-18.35555,-70.34028,17.008333333333333
2002-09-15,200006.0,Diego Aracena Iquique Ap.,-20.54917,-70.18111,16.091666666666665
2002-09-15,220002.0,"El Loa, Calama Ad.",-22.49806,-68.8925,18.607692307692307
2002-09-15,270001.0,Mataveri  Isla de Pascua Ap.,-27.15889,-109.4325,19.25625
2002-09-15,290004.0,"La Florida, La Serena Ad.",-29.91444,-71.20667,13.058823529411764
2002-09-15,330007.0,"Rodelillo, Ad.",-33.06528,-71.55639,11.061538461538463
2002-09-15,330019.0,"Eulogio Sánchez, Tobalaba Ad.",-33.45528,-70.54861,15.125
2002-09-15,330020.0,"Quinta Normal, Santiago",-33.445,-70.68278,13.76
2002-09-15,330021.0,Pudahuel Santiago ,-33.37833,-70.78778,9.764
2002-09-15,330030.0,"Santo Domingo, Ad.",-33.65611,-71.61333,12.923076923076923
2002-09-15,330031.0,"Juan Fernández, Estación Meteorológica.",-33.63583,-78.83305,13.55
2002-09-15,340031.0,"General Freire, Curicó Ad.",-34.96944,-71.21694,15.854545454545455
2002-09-15,360011.0,"General Bernardo O'Higgins, Chillán Ad.",-36.58583,-72.03667,13.718181818181819
2002-09-15,360019.0,"Carriel Sur, Concepción Ap.",-36.78055,-73.06639,12.320833333333333
2002-09-15,370033.0,"María Dolores, Los Angeles Ad.",-37.39694,-72.42389,15.2
2002-09-15,380013.0,"Maquehue, Temuco Ad.",-38.76778,-72.63194,11.641666666666666
2002-09-15,390006.0,"Pichoy, Valdivia Ad.",-39.65667,-73.08722,13.683333333333332
2002-09-15,400009.0,"Cañal Bajo,  Osorno Ad.",-40.61444,-73.0575,12.307692307692308
2002-09-15,410005.0,El Tepual  Puerto Montt Ap.,-41.4475,-73.09583,10.096
2002-09-15,430002.0,Futaleufú Ad.,-43.18889,-71.85222,6.4
2002-09-15,450004.0,"Teniente Vidal, Coyhaique Ad.",-45.59083,-72.10222,10.415384615384616
2002-09-15,450005.0,Balmaceda Ad.,-45.91833,-71.67778,7.283333333333334
2002-09-15,520006.0,"Carlos Ibañez, Punta Arenas Ap.",-53.00167,-70.83861,4.317857142857142
2002-09-15,950001.0,"C.M.A. Eduardo Frei Montalva, Antártica ",-62.19194,-58.97972,-0.9625
2002-09-16,180005.0,"Chacalluta, Arica Ap.",-18.35555,-70.34028,17.0625
2002-09-16,200006.0,Diego Aracena Iquique Ap.,-20.54917,-70.18111,16.191666666666666
2002-09-16,220002.0,"El Loa, Calama Ad.",-22.49806,-68.8925,15.5875
2002-09-16,270001.0,Mataveri  Isla de Pascua Ap.,-27.15889,-109.4325,19.922222222222224
2002-09-16,290004.0,"La Florida, La Serena Ad.",-29.91444,-71.20667,13.776470588235293
2002-09-16,330007.0,"Rodelillo, Ad.",-33.06528,-71.55639,10.123076923076923
2002-09-16,330019.0,"Eulogio Sánchez, Tobalaba Ad.",-33.45528,-70.54861,13.616666666666667
2002-09-16,330020.0,"Quinta Normal, Santiago",-33.445,-70.68278,13.14
2002-09-16,330021.0,Pudahuel Santiago ,-33.37833,-70.78778,9.952
2002-09-16,330030.0,"Santo Domingo, Ad.",-33.65611,-71.61333,11.646153846153847
2002-09-16,330031.0,"Juan Fernández, Estación Meteorológica.",-33.63583,-78.83305,12.28
2002-09-16,340031.0,"General Freire, Curicó Ad.",-34.96944,-71.21694,9.083333333333334
2002-09-16,360011.0,"General Bernardo O'Higgins, Chillán Ad.",-36.58583,-72.03667,7.7
2002-09-16,360019.0,"Carriel Sur, Concepción Ap.",-36.78055,-73.06639,10.865384615384615
2002-09-16,370033.0,"María Dolores, Los Angeles Ad.",-37.39694,-72.42389,8.8
2002-09-16,380013.0,"Maquehue, Temuco Ad.",-38.76778,-72.63194,9.812000000000001
2002-09-16,390006.0,"Pichoy, Valdivia Ad.",-39.65667,-73.08722,7.941666666666666
2002-09-16,400009.0,"Cañal Bajo,  Osorno Ad.",-40.61444,-73.0575,7.790909090909091
2002-09-16,410005.0,El Tepual  Puerto Montt Ap.,-41.4475,-73.09583,9.516666666666667
2002-09-16,430001.0,Quellón Ad.,-43.13361,-73.63278,9.18
2002-09-16,430002.0,Futaleufú Ad.,-43.18889,-71.85222,9.155555555555557
2002-09-16,450001.0,Puerto Aysén Ad.,-45.39944,-72.67722,7.85
2002-09-16,450004.0,"Teniente Vidal, Coyhaique Ad.",-45.59083,-72.10222,7.446153846153846
2002-09-16,450005.0,Balmaceda Ad.,-45.91833,-71.67778,6.627999999999999
2002-09-16,520006.0,"Carlos Ibañez, Punta Arenas Ap.",-53.00167,-70.83861,4.920833333333333
2002-09-16,530005.0,"Fuentes Martínez, Porvenir Ad.",-53.25361,-70.32611,7.181818181818182
2002-09-16,950001.0,"C.M.A. Eduardo Frei Montalva, Antártica ",-62.19194,-58.97972,-1.375
2002-09-17,180005.0,"Chacalluta, Arica Ap.",-18.35555,-70.34028,16.837500000000002
2002-09-17,200006.0,Diego Aracena Iquique Ap.,-20.54917,-70.18111,16.120833333333334
2002-09-17,220002.0,"El Loa, Calama Ad.",-22.49806,-68.8925,17.325
2002-09-17,270001.0,Mataveri  Isla de Pascua Ap.,-27.15889,-109.4325,20.541666666666668
2002-09-17,290004.0,"La Florida, La Serena Ad.",-29.91444,-71.20667,14.08235294117647
2002-09-17,330007.0,"Rodelillo, Ad.",-33.06528,-71.55639,11.123076923076923
2002-09-17,330019.0,"Eulogio Sánchez, Tobalaba Ad.",-33.45528,-70.54861,9.85
2002-09-17,330020.0,"Quinta Normal, Santiago",-33.445,-70.68278,9.74
2002-09-17,330021.0,Pudahuel Santiago ,-33.37833,-70.78778,8.208333333333334
2002-09-17,330030.0,"Santo Domingo, Ad.",-33.65611,-71.61333,12.192307692307692
2002-09-17,330031.0,"Juan Fernández, Estación Meteorológica.",-33.63583,-78.83305,11.9
2002-09-17,340031.0,"General Freire, Curicó Ad.",-34.96944,-71.21694,11.016666666666666
2002-09-17,360011.0,"General Bernardo O'Higgins, Chillán Ad.",-36.58583,-72.03667,11.645454545454545
2002-09-17,360019.0,"Carriel Sur, Concepción Ap.",-36.78055,-73.06639,10.466666666666667
2002-09-17,370033.0,"María Dolores, Los Angeles Ad.",-37.39694,-72.42389,11.6
2002-09-17,380013.0,"Maquehue, Temuco Ad.",-38.76778,-72.63194,8.154166666666667
2002-09-17,390006.0,"Pichoy, Valdivia Ad.",-39.65667,-73.08722,9.666666666666666
2002-09-17,400009.0,"Cañal Bajo,  Osorno Ad.",-40.61444,-73.0575,9.081818181818182
2002-09-17,410005.0,El Tepual  Puerto Montt Ap.,-41.4475,-73.09583,6.591666666666666
2002-09-17,430001.0,Quellón Ad.,-43.13361,-73.63278,8.190000000000001
2002-09-17,430002.0,Futaleufú Ad.,-43.18889,-71.85222,0.8999999999999999
2002-09-17,450001.0,Puerto Aysén Ad.,-45.39944,-72.67722,7.4
2002-09-17,450004.0,"Teniente Vidal, Coyhaique Ad.",-45.59083,-72.10222,7.207692307692308
2002-09-17,450005.0,Balmaceda Ad.,-45.91833,-71.67778,4.120833333333334
2002-09-17,520006.0,"Carlos Ibañez, Punta Arenas Ap.",-53.00167,-70.83861,5.692
2002-09-17,530005.0,"Fuentes Martínez, Porvenir Ad.",-53.25361,-70.32611,7.463636363636363
2002-09-17,950001.0,"C.M.A. Eduardo Frei Montalva, Antártica ",-62.19194,-58.97972,-0.10999999999999999
2002-09-18,180005.0,"Chacalluta, Arica Ap.",-18.35555,-70.34028,17.245833333333334
2002-09-18,200006.0,Diego Aracena Iquique Ap.,-20.54917,-70.18111,16.8625
2002-09-18,220002.0,"El Loa, Calama Ad.",-22.49806,-68.8925,16.85625
2002-09-18,270001.0,Mataveri  Isla de Pascua Ap.,-27.15889,-109.4325,20.2875
2002-09-18,290004.0,"La Florida, La Serena Ad.",-29.91444,-71.20667,12.547058823529412
2002-09-18,330007.0,"Rodelillo, Ad.",-33.06528,-71.55639,11.646153846153847
2002-09-18,330019.0,"Eulogio Sánchez, Tobalaba Ad.",-33.45528,-70.54861,8.253333333333334
2002-09-18,330020.0,"Quinta Normal, Santiago",-33.445,-70.68278,10.379999999999999
2002-09-18,330021.0,Pudahuel Santiago ,-33.37833,-70.78778,9.479166666666666
2002-09-18,330030.0,"Santo Domingo, Ad.",-33.65611,-71.61333,12.215384615384616
2002-09-18,330031.0,"Juan Fernández, Estación Meteorológica.",-33.63583,-78.83305,12.025
2002-09-18,340031.0,"General Freire, Curicó Ad.",-34.96944,-71.21694,11.366666666666667
2002-09-18,360011.0,"General Bernardo O'Higgins, Chillán Ad.",-36.58583,-72.03667,10.745454545454546
2002-09-18,360019.0,"Carriel Sur, Concepción Ap.",-36.78055,-73.06639,9.15
2002-09-18,370033.0,"María Dolores, Los Angeles Ad.",-37.39694,-72.42389,14.2
2002-09-18,380013.0,"Maquehue, Temuco Ad.",-38.76778,-72.63194,7.916666666666667
2002-09-18,390006.0,"Pichoy, Valdivia Ad.",-39.65667,-73.08722,10.083333333333334
2002-09-18,400009.0,"Cañal Bajo,  Osorno Ad.",-40.61444,-73.0575,10.618181818181817
2002-09-18,410005.0,El Tepual  Puerto Montt Ap.,-41.4475,-73.09583,6.8374999999999995
2002-09-18,450004.0,"Teniente Vidal, Coyhaique Ad.",-45.59083,-72.10222,7.630769230769231
2002-09-18,450005.0,Balmaceda Ad.,-45.91833,-71.67778,4.4875
2002-09-18,520006.0,"Carlos Ibañez, Punta Arenas Ap.",-53.00167,-70.83861,5.466666666666666
2002-09-18,950001.0,"C.M.A. Eduardo Frei Montalva, Antártica ",-62.19194,-58.97972,1.925
2002-09-19,180005.0,"Chacalluta, Arica Ap.",-18.35555,-70.34028,16.925
2002-09-19,200006.0,Diego Aracena Iquique Ap.,-20.54917,-70.18111,15.612499999999999
2002-09-19,220002.0,"El Loa, Calama Ad.",-22.49806,-68.8925,17.943749999999998
2002-09-19,270001.0,Mataveri  Isla de Pascua Ap.,-27.15889,-109.4325,21.181250000000002
2002-09-19,290004.0,"La Florida, La Serena Ad.",-29.91444,-71.20667,12.735294117647058
2002-09-19,330007.0,"Rodelillo, Ad.",-33.06528,-71.55639,12.23076923076923
2002-09-19,330019.0,"Eulogio Sánchez, Tobalaba Ad.",-33.45528,-70.54861,11.674999999999999
2002-09-19,330020.0,"Quinta Normal, Santiago",-33.445,-70.68278,11.74
2002-09-19,330021.0,Pudahuel Santiago ,-33.37833,-70.78778,9.112
2002-09-19,330030.0,"Santo Domingo, Ad.",-33.65611,-71.61333,13.046153846153846
2002-09-19,330031.0,"Juan Fernández, Estación Meteorológica.",-33.63583,-78.83305,11.775
2002-09-19,340031.0,"General Freire, Curicó Ad.",-34.96944,-71.21694,12.183333333333332
2002-09-19,360011.0,"General Bernardo O'Higgins, Chillán Ad.",-36.58583,-72.03667,11.6
2002-09-19,360019.0,"Carriel Sur, Concepción Ap.",-36.78055,-73.06639,8.637500000000001
2002-09-19,370033.0,"María Dolores, Los Angeles Ad.",-37.39694,-72.42389,14.8
2002-09-19,380013.0,"Maquehue, Temuco Ad.",-38.76778,-72.63194,7.154166666666666
2002-09-19,390006.0,"Pichoy, Valdivia Ad.",-39.65667,-73.08722,9.016666666666667
2002-09-19,400009.0,"Cañal Bajo,  Osorno Ad.",-40.61444,-73.0575,9.672727272727274
2002-09-19,410005.0,El Tepual  Puerto Montt Ap.,-41.4475,-73.09583,6.5625
2002-09-19,450004.0,"Teniente Vidal, Coyhaique Ad.",-45.59083,-72.10222,7.107692307692307
2002-09-19,450005.0,Balmaceda Ad.,-45.91833,-71.67778,4.045833333333333
2002-09-19,520006.0,"Carlos Ibañez, Punta Arenas Ap.",-53.00167,-70.83861,4.825
2002-09-19,950001.0,"C.M.A. Eduardo Frei Montalva, Antártica ",-62.19194,-58.97972,-0.9625
2002-09-20,180005.0,"Chacalluta, Arica Ap.",-18.35555,-70.34028,16.474999999999998
2002-09-20,200006.0,Diego Aracena Iquique Ap.,-20.54917,-70.18111,15.441666666666668
2002-09-20,220002.0,"El Loa, Calama Ad.",-22.49806,-68.8925,19.085714285714285
2002-09-20,270001.0,Mataveri  Isla de Pascua Ap.,-27.15889,-109.4325,19.641666666666666
2002-09-20,290004.0,"La Florida, La Serena Ad.",-29.91444,-71.20667,14.488235294117647
2002-09-20,330007.0,"Rodelillo, Ad.",-33.06528,-71.55639,16.638461538461538
2002-09-20,330019.0,"Eulogio Sánchez, Tobalaba Ad.",-33.45528,-70.54861,14.841666666666667
2002-09-20,330020.0,"Quinta Normal, Santiago",-33.445,-70.68278,13.5
2002-09-20,330021.0,Pudahuel Santiago ,-33.37833,-70.78778,9.370833333333334
2002-09-20,330030.0,"Santo Domingo, Ad.",-33.65611,-71.61333,16.361538461538462
2002-09-20,330031.0,"Juan Fernández, Estación Meteorológica.",-33.63583,-78.83305,13.48
2002-09-20,340031.0,"General Freire, Curicó Ad.",-34.96944,-71.21694,13.775
2002-09-20,360011.0,"General Bernardo O'Higgins, Chillán Ad.",-36.58583,-72.03667,13.636363636363637
2002-09-20,360019.0,"Carriel Sur, Concepción Ap.",-36.78055,-73.06639,11.175999999999998
2002-09-20,370033.0,"María Dolores, Los Angeles Ad.",-37.39694,-72.42389,15.8
2002-09-20,380013.0,"Maquehue, Temuco Ad.",-38.76778,-72.63194,9.708333333333334
2002-09-20,390006.0,"Pichoy, Valdivia Ad.",-39.65667,-73.08722,11.200000000000001
2002-09-20,400009.0,"Cañal Bajo,  Osorno Ad.",-40.61444,-73.0575,11.354545454545455
2002-09-20,410005.0,El Tepual  Puerto Montt Ap.,-41.4475,-73.09583,9.052
2002-09-20,430001.0,Quellón Ad.,-43.13361,-73.63278,9.91
2002-09-20,430002.0,Futaleufú Ad.,-43.18889,-71.85222,11.2
2002-09-20,450001.0,Puerto Aysén Ad.,-45.39944,-72.67722,10.0
2002-09-20,450004.0,"Teniente Vidal, Coyhaique Ad.",-45.59083,-72.10222,9.86153846153846
2002-09-20,450005.0,Balmaceda Ad.,-45.91833,-71.67778,6.691666666666666
2002-09-20,520006.0,"Carlos Ibañez, Punta Arenas Ap.",-53.00167,-70.83861,5.595833333333334
2002-09-20,530005.0,"Fuentes Martínez, Porvenir Ad.",-53.25361,-70.32611,8.145454545454545
2002-09-20,950001.0,"C.M.A. Eduardo Frei Montalva, Antártica ",-62.19194,-58.97972,-1.7625
2002-09-21,180005.0,"Chacalluta, Arica Ap.",-18.35555,-70.34028,16.658333333333335
2002-09-21,200006.0,Diego Aracena Iquique Ap.,-20.54917,-70.18111,15.833333333333334
2002-09-21,220002.0,"El Loa, Calama Ad.",-22.49806,-68.8925,19.1
2002-09-21,270001.0,Mataveri  Isla de Pascua Ap.,-27.15889,-109.4325,21.383333333333336
2002-09-21,290004.0,"La Florida, La Serena Ad.",-29.91444,-71.20667,12.738095238095237
2002-09-21,330007.0,"Rodelillo, Ad.",-33.06528,-71.55639,19.323076923076922
2002-09-21,330019.0,"Eulogio Sánchez, Tobalaba Ad.",-33.45528,-70.54861,19.125
2002-09-21,330020.0,"Quinta Normal, Santiago",-33.445,-70.68278,17.619999999999997
2002-09-21,330021.0,Pudahuel Santiago ,-33.37833,-70.78778,12.616666666666667
2002-09-21,330030.0,"Santo Domingo, Ad.",-33.65611,-71.61333,16.146153846153847
2002-09-21,330031.0,"Juan Fernández, Estación Meteorológica.",-33.63583,-78.83305,13.15
2002-09-21,340031.0,"General Freire, Curicó Ad.",-34.96944,-71.21694,13.924999999999999
2002-09-21,360011.0,"General Bernardo O'Higgins, Chillán Ad.",-36.58583,-72.03667,15.281818181818181
2002-09-21,360019.0,"Carriel Sur, Concepción Ap.",-36.78055,-73.06639,10.491666666666667
2002-09-21,370033.0,"María Dolores, Los Angeles Ad.",-37.39694,-72.42389,18.8
2002-09-21,380013.0,"Maquehue, Temuco Ad.",-38.76778,-72.63194,10.941666666666668
2002-09-21,390006.0,"Pichoy, Valdivia Ad.",-39.65667,-73.08722,12.715384615384616
2002-09-21,400009.0,"Cañal Bajo,  Osorno Ad.",-40.61444,-73.0575,12.52727272727273
2002-09-21,410005.0,El Tepual  Puerto Montt Ap.,-41.4475,-73.09583,9.433333333333334
2002-09-21,450004.0,"Teniente Vidal, Coyhaique Ad.",-45.59083,-72.10222,9.86153846153846
2002-09-21,450005.0,Balmaceda Ad.,-45.91833,-71.67778,6.816666666666666
2002-09-21,520006.0,"Carlos Ibañez, Punta Arenas Ap.",-53.00167,-70.83861,7.420833333333333
2002-09-21,530005.0,"Fuentes Martínez, Porvenir Ad.",-53.25361,-70.32611,9.10909090909091
2002-09-21,950001.0,"C.M.A. Eduardo Frei Montalva, Antártica ",-62.19194,-58.97972,-3.9875
2002-09-22,180005.0,"Chacalluta, Arica Ap.",-18.35555,-70.34028,16.675
2002-09-22,200006.0,Diego Aracena Iquique Ap.,-20.54917,-70.18111,16.2625
2002-09-22,220002.0,"El Loa, Calama Ad.",-22.49806,-68.8925,19.153846153846153
2002-09-22,270001.0,Mataveri  Isla de Pascua Ap.,-27.15889,-109.4325,21.19333333333333
2002-09-22,290004.0,"La Florida, La Serena Ad.",-29.91444,-71.20667,13.229411764705883
2002-09-22,330007.0,"Rodelillo, Ad.",-33.06528,-71.55639,14.76923076923077
2002-09-22,330019.0,"Eulogio Sánchez, Tobalaba Ad.",-33.45528,-70.54861,17.633333333333333
2002-09-22,330020.0,"Quinta Normal, Santiago",-33.445,-70.68278,16.96
2002-09-22,330021.0,Pudahuel Santiago ,-33.37833,-70.78778,13.0875
2002-09-22,330030.0,"Santo Domingo, Ad.",-33.65611,-71.61333,13.684615384615386
2002-09-22,330031.0,"Juan Fernández, Estación Meteorológica.",-33.63583,-78.83305,12.65
2002-09-22,340031.0,"General Freire, Curicó Ad.",-34.96944,-71.21694,12.783333333333333
2002-09-22,360011.0,"General Bernardo O'Higgins, Chillán Ad.",-36.58583,-72.03667,14.145454545454545
2002-09-22,360019.0,"Carriel Sur, Concepción Ap.",-36.78055,-73.06639,11.108333333333334
2002-09-22,370033.0,"María Dolores, Los Angeles Ad.",-37.39694,-72.42389,17.0
2002-09-22,380013.0,"Maquehue, Temuco Ad.",-38.76778,-72.63194,9.3375
2002-09-22,390006.0,"Pichoy, Valdivia Ad.",-39.65667,-73.08722,12.633333333333333
2002-09-22,400009.0,"Cañal Bajo,  Osorno Ad.",-40.61444,-73.0575,12.772727272727273
2002-09-22,410005.0,El Tepual  Puerto Montt Ap.,-41.4475,-73.09583,9.379166666666666
2002-09-22,450004.0,"Teniente Vidal, Coyhaique Ad.",-45.59083,-72.10222,11.5
2002-09-22,450005.0,Balmaceda Ad.,-45.91833,-71.67778,7.541666666666667
2002-09-22,520006.0,"Carlos Ibañez, Punta Arenas Ap.",-53.00167,-70.83861,7.7124999999999995
2002-09-22,950001.0,"C.M.A. Eduardo Frei Montalva, Antártica ",-62.19194,-58.97972,-2.7875
2002-09-23,180005.0,"Chacalluta, Arica Ap.",-18.35555,-70.34028,16.808333333333334
2002-09-23,200006.0,Diego Aracena Iquique Ap.,-20.54917,-70.18111,16.145833333333332
2002-09-23,220002.0,"El Loa, Calama Ad.",-22.49806,-68.8925,16.96875
2002-09-23,270001.0,Mataveri  Isla de Pascua Ap.,-27.15889,-109.4325,19.5625
2002-09-23,290004.0,"La Florida, La Serena Ad.",-29.91444,-71.20667,12.326315789473684
2002-09-23,330007.0,"Rodelillo, Ad.",-33.06528,-71.55639,20.4
2002-09-23,330019.0,"Eulogio Sánchez, Tobalaba Ad.",-33.45528,-70.54861,19.566666666666666
2002-09-23,330020.0,"Quinta Normal, Santiago",-33.445,-70.68278,17.9
2002-09-23,330021.0,Pudahuel Santiago ,-33.37833,-70.78778,13.375
2002-09-23,330030.0,"Santo Domingo, Ad.",-33.65611,-71.61333,16.338461538461537
2002-09-23,330031.0,"Juan Fernández, Estación Meteorológica.",-33.63583,-78.83305,12.48
2002-09-23,340031.0,"General Freire, Curicó Ad.",-34.96944,-71.21694,16.55
2002-09-23,360011.0,"General Bernardo O'Higgins, Chillán Ad.",-36.58583,-72.03667,17.727272727272727
2002-09-23,360019.0,"Carriel Sur, Concepción Ap.",-36.78055,-73.06639,11.015999999999998
2002-09-23,370033.0,"María Dolores, Los Angeles Ad.",-37.39694,-72.42389,21.2
2002-09-23,380013.0,"Maquehue, Temuco Ad.",-38.76778,-72.63194,11.0
2002-09-23,390006.0,"Pichoy, Valdivia Ad.",-39.65667,-73.08722,12.225
2002-09-23,400009.0,"Cañal Bajo,  Osorno Ad.",-40.61444,-73.0575,12.553846153846154
2002-09-23,410005.0,El Tepual  Puerto Montt Ap.,-41.4475,-73.09583,9.487499999999999
2002-09-23,430001.0,Quellón Ad.,-43.13361,-73.63278,10.4
2002-09-23,430002.0,Futaleufú Ad.,-43.18889,-71.85222,12.911111111111111
2002-09-23,450004.0,"Teniente Vidal, Coyhaique Ad.",-45.59083,-72.10222,11.3
2002-09-23,450005.0,Balmaceda Ad.,-45.91833,-71.67778,8.0375
2002-09-23,520006.0,"Carlos Ibañez, Punta Arenas Ap.",-53.00167,-70.83861,7.4624999999999995
2002-09-23,530005.0,"Fuentes Martínez, Porvenir Ad.",-53.25361,-70.32611,10.554545454545455
2002-09-23,950001.0,"C.M.A. Eduardo Frei Montalva, Antártica ",-62.19194,-58.97972,-0.2
2002-09-24,180005.0,"Chacalluta, Arica Ap.",-18.35555,-70.34028,16.875
2002-09-24,200006.0,Diego Aracena Iquique Ap.,-20.54917,-70.18111,16.099999999999998
2002-09-24,220002.0,"El Loa, Calama Ad.",-22.49806,-68.8925,18.30625
2002-09-24,270001.0,Mataveri  Isla de Pascua Ap.,-27.15889,-109.4325,18.258333333333333
2002-09-24,290004.0,"La Florida, La Serena Ad.",-29.91444,-71.20667,12.134782608695653
2002-09-24,330007.0,"Rodelillo, Ad.",-33.06528,-71.55639,20.476923076923075
2002-09-24,330019.0,"Eulogio Sánchez, Tobalaba Ad.",-33.45528,-70.54861,21.83636363636364
2002-09-24,330020.0,"Quinta Normal, Santiago",-33.445,-70.68278,20.16
2002-09-24,330021.0,Pudahuel Santiago ,-33.37833,-70.78778,15.025
2002-09-24,330030.0,"Santo Domingo, Ad.",-33.65611,-71.61333,14.7
2002-09-24,330031.0,"Juan Fernández, Estación Meteorológica.",-33.63583,-78.83305,14.0
2002-09-24,340031.0,"General Freire, Curicó Ad.",-34.96944,-71.21694,19.316666666666666
2002-09-24,360011.0,"General Bernardo O'Higgins, Chillán Ad.",-36.58583,-72.03667,15.381818181818181
2002-09-24,360019.0,"Carriel Sur, Concepción Ap.",-36.78055,-73.06639,11.978571428571428
2002-09-24,370033.0,"María Dolores, Los Angeles Ad.",-37.39694,-72.42389,15.8
2002-09-24,380013.0,"Maquehue, Temuco Ad.",-38.76778,-72.63194,13.4125
2002-09-24,390006.0,"Pichoy, Valdivia Ad.",-39.65667,-73.08722,13.483333333333334
2002-09-24,400009.0,"Cañal Bajo,  Osorno Ad.",-40.61444,-73.0575,12.525
2002-09-24,410005.0,El Tepual  Puerto Montt Ap.,-41.4475,-73.09583,10.620833333333334
2002-09-24,430001.0,Quellón Ad.,-43.13361,-73.63278,9.35
2002-09-24,430002.0,Futaleufú Ad.,-43.18889,-71.85222,8.133333333333333
2002-09-24,450004.0,"Teniente Vidal, Coyhaique Ad.",-45.59083,-72.10222,6.4692307692307685
2002-09-24,450005.0,Balmaceda Ad.,-45.91833,-71.67778,3.973076923076923
2002-09-24,520006.0,"Carlos Ibañez, Punta Arenas Ap.",-53.00167,-70.83861,6.179166666666667
2002-09-24,530005.0,"Fuentes Martínez, Porvenir Ad.",-53.25361,-70.32611,7.963636363636363
2002-09-24,950001.0,"C.M.A. Eduardo Frei Montalva, Antártica ",-62.19194,-58.97972,-2.775
2002-09-25,180005.0,"Chacalluta, Arica Ap.",-18.35555,-70.34028,16.325
2002-09-25,200006.0,Diego Aracena Iquique Ap.,-20.54917,-70.18111,16.087500000000002
2002-09-25,220002.0,"El Loa, Calama Ad.",-22.49806,-68.8925,17.0375
2002-09-25,270001.0,Mataveri  Isla de Pascua Ap.,-27.15889,-109.4325,18.53125
2002-09-25,290004.0,"La Florida, La Serena Ad.",-29.91444,-71.20667,12.733333333333333
2002-09-25,330007.0,"Rodelillo, Ad.",-33.06528,-71.55639,17.746153846153845
2002-09-25,330019.0,"Eulogio Sánchez, Tobalaba Ad.",-33.45528,-70.54861,20.383333333333333
2002-09-25,330020.0,"Quinta Normal, Santiago",-33.445,-70.68278,19.66
2002-09-25,330021.0,Pudahuel Santiago ,-33.37833,-70.78778,14.561538461538463
2002-09-25,330030.0,"Santo Domingo, Ad.",-33.65611,-71.61333,14.330769230769231
2002-09-25,330031.0,"Juan Fernández, Estación Meteorológica.",-33.63583,-78.83305,12.6
2002-09-25,340031.0,"General Freire, Curicó Ad.",-34.96944,-71.21694,14.225
2002-09-25,360011.0,"General Bernardo O'Higgins, Chillán Ad.",-36.58583,-72.03667,15.427272727272726
2002-09-25,360019.0,"Carriel Sur, Concepción Ap.",-36.78055,-73.06639,9.841666666666667
2002-09-25,370033.0,"María Dolores, Los Angeles Ad.",-37.39694,-72.42389,16.6
2002-09-25,380013.0,"Maquehue, Temuco Ad.",-38.76778,-72.63194,8.020833333333334
2002-09-25,390006.0,"Pichoy, Valdivia Ad.",-39.65667,-73.08722,11.433333333333332
2002-09-25,400009.0,"Cañal Bajo,  Osorno Ad.",-40.61444,-73.0575,12.090909090909092
2002-09-25,410005.0,El Tepual  Puerto Montt Ap.,-41.4475,-73.09583,8.658333333333333
2002-09-25,430001.0,Quellón Ad.,-43.13361,-73.63278,10.27
2002-09-25,430002.0,Futaleufú Ad.,-43.18889,-71.85222,10.211111111111112
2002-09-25,450004.0,"Teniente Vidal, Coyhaique Ad.",-45.59083,-72.10222,7.607692307692308
2002-09-25,450005.0,Balmaceda Ad.,-45.91833,-71.67778,4.170833333333333
2002-09-25,520006.0,"Carlos Ibañez, Punta Arenas Ap.",-53.00167,-70.83861,5.345833333333334
2002-09-25,530005.0,"Fuentes Martínez, Porvenir Ad.",-53.25361,-70.32611,7.536363636363635
2002-09-25,950001.0,"C.M.A. Eduardo Frei Montalva, Antártica ",-62.19194,-58.97972,-8.054545454545455
2002-09-26,180005.0,"Chacalluta, Arica Ap.",-18.35555,-70.34028,15.629166666666668
2002-09-26,200006.0,Diego Aracena Iquique Ap.,-20.54917,-70.18111,15.341666666666667
2002-09-26,220002.0,"El Loa, Calama Ad.",-22.49806,-68.8925,16.975
2002-09-26,270001.0,Mataveri  Isla de Pascua Ap.,-27.15889,-109.4325,18.35
2002-09-26,290004.0,"La Florida, La Serena Ad.",-29.91444,-71.20667,12.794117647058824
2002-09-26,330007.0,"Rodelillo, Ad.",-33.06528,-71.55639,17.53076923076923
2002-09-26,330019.0,"Eulogio Sánchez, Tobalaba Ad.",-33.45528,-70.54861,21.166666666666668
2002-09-26,330020.0,"Quinta Normal, Santiago",-33.445,-70.68278,19.94
2002-09-26,330021.0,Pudahuel Santiago ,-33.37833,-70.78778,15.700000000000001
2002-09-26,330030.0,"Santo Domingo, Ad.",-33.65611,-71.61333,15.046153846153846
2002-09-26,330031.0,"Juan Fernández, Estación Meteorológica.",-33.63583,-78.83305,12.34
2002-09-26,340031.0,"General Freire, Curicó Ad.",-34.96944,-71.21694,14.275
2002-09-26,360011.0,"General Bernardo O'Higgins, Chillán Ad.",-36.58583,-72.03667,16.454545454545453
2002-09-26,360019.0,"Carriel Sur, Concepción Ap.",-36.78055,-73.06639,10.5
2002-09-26,370033.0,"María Dolores, Los Angeles Ad.",-37.39694,-72.42389,18.6
2002-09-26,380013.0,"Maquehue, Temuco Ad.",-38.76778,-72.63194,7.4875
2002-09-26,390006.0,"Pichoy, Valdivia Ad.",-39.65667,-73.08722,10.764285714285714
2002-09-26,400009.0,"Cañal Bajo,  Osorno Ad.",-40.61444,-73.0575,12.872727272727273
2002-09-26,410005.0,El Tepual  Puerto Montt Ap.,-41.4475,-73.09583,9.2875
2002-09-26,430001.0,Quellón Ad.,-43.13361,-73.63278,11.85
2002-09-26,430002.0,Futaleufú Ad.,-43.18889,-71.85222,12.088888888888889
2002-09-26,450004.0,"Teniente Vidal, Coyhaique Ad.",-45.59083,-72.10222,10.215384615384616
2002-09-26,450005.0,Balmaceda Ad.,-45.91833,-71.67778,6.516666666666667
2002-09-26,520006.0,"Carlos Ibañez, Punta Arenas Ap.",-53.00167,-70.83861,5.145833333333333
2002-09-26,530005.0,"Fuentes Martínez, Porvenir Ad.",-53.25361,-70.32611,7.609090909090909
2002-09-26,950001.0,"C.M.A. Eduardo Frei Montalva, Antártica ",-62.19194,-58.97972,-7.0600000000000005
2002-09-27,180005.0,"Chacalluta, Arica Ap.",-18.35555,-70.34028,17.3875
2002-09-27,200006.0,Diego Aracena Iquique Ap.,-20.54917,-70.18111,16.620833333333334
2002-09-27,220002.0,"El Loa, Calama Ad.",-22.49806,-68.8925,16.70625
2002-09-27,270001.0,Mataveri  Isla de Pascua Ap.,-27.15889,-109.4325,18.083333333333332
2002-09-27,290004.0,"La Florida, La Serena Ad.",-29.91444,-71.20667,13.141176470588235
2002-09-27,330007.0,"Rodelillo, Ad.",-33.06528,-71.55639,13.515384615384615
2002-09-27,330019.0,"Eulogio Sánchez, Tobalaba Ad.",-33.45528,-70.54861,16.566666666666666
2002-09-27,330020.0,"Quinta Normal, Santiago",-33.445,-70.68278,16.240000000000002
2002-09-27,330021.0,Pudahuel Santiago ,-33.37833,-70.78778,14.041666666666666
2002-09-27,330030.0,"Santo Domingo, Ad.",-33.65611,-71.61333,13.592307692307692
2002-09-27,330031.0,"Juan Fernández, Estación Meteorológica.",-33.63583,-78.83305,14.459999999999999
2002-09-27,340031.0,"General Freire, Curicó Ad.",-34.96944,-71.21694,13.700000000000001
2002-09-27,360011.0,"General Bernardo O'Higgins, Chillán Ad.",-36.58583,-72.03667,13.872727272727273
2002-09-27,360019.0,"Carriel Sur, Concepción Ap.",-36.78055,-73.06639,12.208333333333334
2002-09-27,370033.0,"María Dolores, Los Angeles Ad.",-37.39694,-72.42389,14.6
2002-09-27,380013.0,"Maquehue, Temuco Ad.",-38.76778,-72.63194,11.441666666666668
2002-09-27,390006.0,"Pichoy, Valdivia Ad.",-39.65667,-73.08722,12.983333333333334
2002-09-27,400009.0,"Cañal Bajo,  Osorno Ad.",-40.61444,-73.0575,12.727272727272727
2002-09-27,410005.0,El Tepual  Puerto Montt Ap.,-41.4475,-73.09583,9.237499999999999
2002-09-27,430001.0,Quellón Ad.,-43.13361,-73.63278,11.14
2002-09-27,430002.0,Futaleufú Ad.,-43.18889,-71.85222,10.5375
2002-09-27,450001.0,Puerto Aysén Ad.,-45.39944,-72.67722,9.275
2002-09-27,450004.0,"Teniente Vidal, Coyhaique Ad.",-45.59083,-72.10222,8.976923076923077
2002-09-27,450005.0,Balmaceda Ad.,-45.91833,-71.67778,5.75
2002-09-27,520006.0,"Carlos Ibañez, Punta Arenas Ap.",-53.00167,-70.83861,6.420833333333333
2002-09-27,530005.0,"Fuentes Martínez, Porvenir Ad.",-53.25361,-70.32611,8.536363636363637
2002-09-27,950001.0,"C.M.A. Eduardo Frei Montalva, Antártica ",-62.19194,-58.97972,-4.45
2002-09-28,180005.0,"Chacalluta, Arica Ap.",-18.35555,-70.34028,16.812
2002-09-28,200006.0,Diego Aracena Iquique Ap.,-20.54917,-70.18111,15.845833333333333
2002-09-28,220002.0,"El Loa, Calama Ad.",-22.49806,-68.8925,16.599999999999998
2002-09-28,270001.0,Mataveri  Isla de Pascua Ap.,-27.15889,-109.4325,18.8
2002-09-28,290004.0,"La Florida, La Serena Ad.",-29.91444,-71.20667,12.51764705882353
2002-09-28,330007.0,"Rodelillo, Ad.",-33.06528,-71.55639,17.646153846153847
2002-09-28,330019.0,"Eulogio Sánchez, Tobalaba Ad.",-33.45528,-70.54861,17.13076923076923
2002-09-28,330020.0,"Quinta Normal, Santiago",-33.445,-70.68278,16.84
2002-09-28,330021.0,Pudahuel Santiago ,-33.37833,-70.78778,13.645833333333334
2002-09-28,330030.0,"Santo Domingo, Ad.",-33.65611,-71.61333,15.169230769230769
2002-09-28,330031.0,"Juan Fernández, Estación Meteorológica.",-33.63583,-78.83305,12.75
2002-09-28,340031.0,"General Freire, Curicó Ad.",-34.96944,-71.21694,14.358333333333334
2002-09-28,360011.0,"General Bernardo O'Higgins, Chillán Ad.",-36.58583,-72.03667,15.772727272727273
2002-09-28,360019.0,"Carriel Sur, Concepción Ap.",-36.78055,-73.06639,11.0375
2002-09-28,370033.0,"María Dolores, Los Angeles Ad.",-37.39694,-72.42389,18.4
2002-09-28,380013.0,"Maquehue, Temuco Ad.",-38.76778,-72.63194,10.875
2002-09-28,390006.0,"Pichoy, Valdivia Ad.",-39.65667,-73.08722,13.816666666666668
2002-09-28,400009.0,"Cañal Bajo,  Osorno Ad.",-40.61444,-73.0575,12.9
2002-09-28,410005.0,El Tepual  Puerto Montt Ap.,-41.4475,-73.09583,9.675
2002-09-28,450004.0,"Teniente Vidal, Coyhaique Ad.",-45.59083,-72.10222,8.107692307692307
2002-09-28,450005.0,Balmaceda Ad.,-45.91833,-71.67778,5.2375
2002-09-28,520006.0,"Carlos Ibañez, Punta Arenas Ap.",-53.00167,-70.83861,5.1375
2002-09-28,530005.0,"Fuentes Martínez, Porvenir Ad.",-53.25361,-70.32611,7.454545454545454
2002-09-28,950001.0,"C.M.A. Eduardo Frei Montalva, Antártica ",-62.19194,-58.97972,-3.7399999999999998
2002-09-29,180005.0,"Chacalluta, Arica Ap.",-18.35555,-70.34028,17.595833333333335
2002-09-29,200006.0,Diego Aracena Iquique Ap.,-20.54917,-70.18111,16.679166666666667
2002-09-29,220002.0,"El Loa, Calama Ad.",-22.49806,-68.8925,18.784615384615385
2002-09-29,270001.0,Mataveri  Isla de Pascua Ap.,-27.15889,-109.4325,19.006666666666668
2002-09-29,290004.0,"La Florida, La Serena Ad.",-29.91444,-71.20667,12.416666666666666
2002-09-29,330007.0,"Rodelillo, Ad.",-33.06528,-71.55639,17.03076923076923
2002-09-29,330019.0,"Eulogio Sánchez, Tobalaba Ad.",-33.45528,-70.54861,17.607142857142858
2002-09-29,330020.0,"Quinta Normal, Santiago",-33.445,-70.68278,18.66
2002-09-29,330021.0,Pudahuel Santiago ,-33.37833,-70.78778,14.183333333333332
2002-09-29,330030.0,"Santo Domingo, Ad.",-33.65611,-71.61333,12.846153846153847
2002-09-29,330031.0,"Juan Fernández, Estación Meteorológica.",-33.63583,-78.83305,14.5
2002-09-29,340031.0,"General Freire, Curicó Ad.",-34.96944,-71.21694,17.900000000000002
2002-09-29,360011.0,"General Bernardo O'Higgins, Chillán Ad.",-36.58583,-72.03667,14.781818181818181
2002-09-29,360019.0,"Carriel Sur, Concepción Ap.",-36.78055,-73.06639,10.2125
2002-09-29,370033.0,"María Dolores, Los Angeles Ad.",-37.39694,-72.42389,17.4
2002-09-29,380013.0,"Maquehue, Temuco Ad.",-38.76778,-72.63194,9.825000000000001
2002-09-29,390006.0,"Pichoy, Valdivia Ad.",-39.65667,-73.08722,11.6
2002-09-29,400009.0,"Cañal Bajo,  Osorno Ad.",-40.61444,-73.0575,11.299999999999999
2002-09-29,410005.0,El Tepual  Puerto Montt Ap.,-41.4475,-73.09583,10.016666666666667
2002-09-29,450004.0,"Teniente Vidal, Coyhaique Ad.",-45.59083,-72.10222,6.961538461538462
2002-09-29,450005.0,Balmaceda Ad.,-45.91833,-71.67778,5.070833333333334
2002-09-29,520006.0,"Carlos Ibañez, Punta Arenas Ap.",-53.00167,-70.83861,4.445833333333334
2002-09-29,950001.0,"C.M.A. Eduardo Frei Montalva, Antártica ",-62.19194,-58.97972,-4.325
2002-09-30,180005.0,"Chacalluta, Arica Ap.",-18.35555,-70.34028,17.533333333333335
2002-09-30,200006.0,Diego Aracena Iquique Ap.,-20.54917,-70.18111,16.570833333333333
2002-09-30,220002.0,"El Loa, Calama Ad.",-22.49806,-68.8925,17.28125
2002-09-30,270001.0,Mataveri  Isla de Pascua Ap.,-27.15889,-109.4325,19.864285714285717
2002-09-30,290004.0,"La Florida, La Serena Ad.",-29.91444,-71.20667,14.217647058823529
2002-09-30,330007.0,"Rodelillo, Ad.",-33.06528,-71.55639,18.423076923076923
2002-09-30,330019.0,"Eulogio Sánchez, Tobalaba Ad.",-33.45528,-70.54861,19.958333333333332
2002-09-30,330020.0,"Quinta Normal, Santiago",-33.445,-70.68278,18.880000000000003
2002-09-30,330021.0,Pudahuel Santiago ,-33.37833,-70.78778,14.283333333333333
2002-09-30,330030.0,"Santo Domingo, Ad.",-33.65611,-71.61333,14.784615384615384
2002-09-30,330031.0,"Juan Fernández, Estación Meteorológica.",-33.63583,-78.83305,15.959999999999999
2002-09-30,340031.0,"General Freire, Curicó Ad.",-34.96944,-71.21694,17.016666666666666
2002-09-30,360011.0,"General Bernardo O'Higgins, Chillán Ad.",-36.58583,-72.03667,16.636363636363637
2002-09-30,360019.0,"Carriel Sur, Concepción Ap.",-36.78055,-73.06639,13.191666666666668
2002-09-30,370033.0,"María Dolores, Los Angeles Ad.",-37.39694,-72.42389,17.6
2002-09-30,380013.0,"Maquehue, Temuco Ad.",-38.76778,-72.63194,13.04
2002-09-30,390006.0,"Pichoy, Valdivia Ad.",-39.65667,-73.08722,12.825000000000001
2002-09-30,400009.0,"Cañal Bajo,  Osorno Ad.",-40.61444,-73.0575,12.016666666666666
2002-09-30,410005.0,El Tepual  Puerto Montt Ap.,-41.4475,-73.09583,9.495833333333334
2002-09-30,430001.0,Quellón Ad.,-43.13361,-73.63278,10.34
2002-09-30,430002.0,Futaleufú Ad.,-43.18889,-71.85222,6.844444444444444
2002-09-30,450001.0,Puerto Aysén Ad.,-45.39944,-72.67722,8.75
2002-09-30,450004.0,"Teniente Vidal, Coyhaique Ad.",-45.59083,-72.10222,7.815384615384615
2002-09-30,450005.0,Balmaceda Ad.,-45.91833,-71.67778,5.25
2002-09-30,520006.0,"Carlos Ibañez, Punta Arenas Ap.",-53.00167,-70.83861,6.491666666666667
2002-09-30,530005.0,"Fuentes Martínez, Porvenir Ad.",-53.25361,-70.32611,8.245454545454546
2002-09-30,950001.0,"C.M.A. Eduardo Frei Montalva, Antártica ",-62.19194,-58.97972,-3.4125
2002-10-01,180005.0,"Chacalluta, Arica Ap.",-18.35555,-70.34028,17.5
2002-10-01,200006.0,Diego Aracena Iquique Ap.,-20.54917,-70.18111,16.241666666666667
2002-10-01,220002.0,"El Loa, Calama Ad.",-22.49806,-68.8925,18.11875
2002-10-01,270001.0,Mataveri  Isla de Pascua Ap.,-27.15889,-109.4325,17.853846153846153
2002-10-01,290004.0,"La Florida, La Serena Ad.",-29.91444,-71.20667,12.05
2002-10-01,330007.0,"Rodelillo, Ad.",-33.06528,-71.55639,15.753846153846155
2002-10-01,330019.0,"Eulogio Sánchez, Tobalaba Ad.",-33.45528,-70.54861,19.433333333333334
2002-10-01,330020.0,"Quinta Normal, Santiago",-33.445,-70.68278,18.880000000000003
2002-10-01,330021.0,Pudahuel Santiago ,-33.37833,-70.78778,14.637500000000001
2002-10-01,330030.0,"Santo Domingo, Ad.",-33.65611,-71.61333,13.014285714285714
2002-10-01,330031.0,"Juan Fernández, Estación Meteorológica.",-33.63583,-78.83305,15.34
2002-10-01,340031.0,"General Freire, Curicó Ad.",-34.96944,-71.21694,17.241666666666667
2002-10-01,360011.0,"General Bernardo O'Higgins, Chillán Ad.",-36.58583,-72.03667,16.336363636363636
2002-10-01,360019.0,"Carriel Sur, Concepción Ap.",-36.78055,-73.06639,12.683333333333332
2002-10-01,370033.0,"María Dolores, Los Angeles Ad.",-37.39694,-72.42389,15.854545454545455
2002-10-01,380013.0,"Maquehue, Temuco Ad.",-38.76778,-72.63194,13.487499999999999
2002-10-01,390006.0,"Pichoy, Valdivia Ad.",-39.65667,-73.08722,12.808333333333332
2002-10-01,400009.0,"Cañal Bajo,  Osorno Ad.",-40.61444,-73.0575,12.672727272727274
2002-10-01,410005.0,El Tepual  Puerto Montt Ap.,-41.4475,-73.09583,11.75
2002-10-01,430001.0,Quellón Ad.,-43.13361,-73.63278,10.85
2002-10-01,430002.0,Futaleufú Ad.,-43.18889,-71.85222,7.855555555555556
2002-10-01,450001.0,Puerto Aysén Ad.,-45.39944,-72.67722,10.625
2002-10-01,450004.0,"Teniente Vidal, Coyhaique Ad.",-45.59083,-72.10222,9.353846153846153
2002-10-01,450005.0,Balmaceda Ad.,-45.91833,-71.67778,6.145833333333333
2002-10-01,520006.0,"Carlos Ibañez, Punta Arenas Ap.",-53.00167,-70.83861,4.979166666666667
2002-10-01,530005.0,"Fuentes Martínez, Porvenir Ad.",-53.25361,-70.32611,7.045454545454546
2002-10-01,550001.0,"Guardiamarina Zañartu, Pto Williams Ad.",-54.93167,-67.61556,6.4799999999999995
2002-10-01,950001.0,"C.M.A. Eduardo Frei Montalva, Antártica ",-62.19194,-58.97972,-4.6625
2002-10-02,180005.0,"Chacalluta, Arica Ap.",-18.35555,-70.34028,17.916666666666668
2002-10-02,200006.0,Diego Aracena Iquique Ap.,-20.54917,-70.18111,16.404166666666665
2002-10-02,220002.0,"El Loa, Calama Ad.",-22.49806,-68.8925,17.9375
2002-10-02,270001.0,Mataveri  Isla de Pascua Ap.,-27.15889,-109.4325,19.013333333333332
2002-10-02,290004.0,"La Florida, La Serena Ad.",-29.91444,-71.20667,15.607692307692307
2002-10-02,330007.0,"Rodelillo, Ad.",-33.06528,-71.55639,15.23076923076923
2002-10-02,330019.0,"Eulogio Sánchez, Tobalaba Ad.",-33.45528,-70.54861,18.008333333333333
2002-10-02,330020.0,"Quinta Normal, Santiago",-33.445,-70.68278,17.2
2002-10-02,330021.0,Pudahuel Santiago ,-33.37833,-70.78778,14.0875
2002-10-02,330030.0,"Santo Domingo, Ad.",-33.65611,-71.61333,15.438461538461537
2002-10-02,330031.0,"Juan Fernández, Estación Meteorológica.",-33.63583,-78.83305,13.88
2002-10-02,340031.0,"General Freire, Curicó Ad.",-34.96944,-71.21694,17.666666666666668
2002-10-02,360011.0,"General Bernardo O'Higgins, Chillán Ad.",-36.58583,-72.03667,13.836363636363636
2002-10-02,360019.0,"Carriel Sur, Concepción Ap.",-36.78055,-73.06639,13.368
2002-10-02,370033.0,"María Dolores, Los Angeles Ad.",-37.39694,-72.42389,14.018181818181818
2002-10-02,380013.0,"Maquehue, Temuco Ad.",-38.76778,-72.63194,11.358333333333334
2002-10-02,390006.0,"Pichoy, Valdivia Ad.",-39.65667,-73.08722,12.533333333333333
2002-10-02,400009.0,"Cañal Bajo,  Osorno Ad.",-40.61444,-73.0575,12.1
2002-10-02,410005.0,El Tepual  Puerto Montt Ap.,-41.4475,-73.09583,8.525
2002-10-02,430001.0,Quellón Ad.,-43.13361,-73.63278,10.68
2002-10-02,430002.0,Futaleufú Ad.,-43.18889,-71.85222,6.611111111111111
2002-10-02,450001.0,Puerto Aysén Ad.,-45.39944,-72.67722,6.925
2002-10-02,450004.0,"Teniente Vidal, Coyhaique Ad.",-45.59083,-72.10222,5.453846153846154
2002-10-02,450005.0,Balmaceda Ad.,-45.91833,-71.67778,3.052
2002-10-02,520006.0,"Carlos Ibañez, Punta Arenas Ap.",-53.00167,-70.83861,5.445833333333333
2002-10-02,530005.0,"Fuentes Martínez, Porvenir Ad.",-53.25361,-70.32611,7.4818181818181815
2002-10-02,550001.0,"Guardiamarina Zañartu, Pto Williams Ad.",-54.93167,-67.61556,5.666666666666667
2002-10-02,950001.0,"C.M.A. Eduardo Frei Montalva, Antártica ",-62.19194,-58.97972,-7.2
2002-10-03,180005.0,"Chacalluta, Arica Ap.",-18.35555,-70.34028,17.216666666666665
2002-10-03,200006.0,Diego Aracena Iquique Ap.,-20.54917,-70.18111,16.645833333333332
2002-10-03,220002.0,"El Loa, Calama Ad.",-22.49806,-68.8925,20.6875
2002-10-03,270001.0,Mataveri  Isla de Pascua Ap.,-27.15889,-109.4325,18.16
2002-10-03,290004.0,"La Florida, La Serena Ad.",-29.91444,-71.20667,14.12142857142857
2002-10-03,330007.0,"Rodelillo, Ad.",-33.06528,-71.55639,12.438461538461537
2002-10-03,330019.0,"Eulogio Sánchez, Tobalaba Ad.",-33.45528,-70.54861,15.566666666666668
2002-10-03,330020.0,"Quinta Normal, Santiago",-33.445,-70.68278,15.76
2002-10-03,330021.0,Pudahuel Santiago ,-33.37833,-70.78778,12.441666666666668
2002-10-03,330030.0,"Santo Domingo, Ad.",-33.65611,-71.61333,14.292307692307693
2002-10-03,330031.0,"Juan Fernández, Estación Meteorológica.",-33.63583,-78.83305,14.719999999999999
2002-10-03,340031.0,"General Freire, Curicó Ad.",-34.96944,-71.21694,15.575000000000001
2002-10-03,360011.0,"General Bernardo O'Higgins, Chillán Ad.",-36.58583,-72.03667,14.263636363636364
2002-10-03,360019.0,"Carriel Sur, Concepción Ap.",-36.78055,-73.06639,12.666666666666666
2002-10-03,370033.0,"María Dolores, Los Angeles Ad.",-37.39694,-72.42389,13.490909090909092
2002-10-03,380013.0,"Maquehue, Temuco Ad.",-38.76778,-72.63194,11.315999999999999
2002-10-03,390006.0,"Pichoy, Valdivia Ad.",-39.65667,-73.08722,11.933333333333332
2002-10-03,400009.0,"Cañal Bajo,  Osorno Ad.",-40.61444,-73.0575,11.136363636363637
2002-10-03,410005.0,El Tepual  Puerto Montt Ap.,-41.4475,-73.09583,9.295833333333333
2002-10-03,430001.0,Quellón Ad.,-43.13361,-73.63278,9.52
2002-10-03,430002.0,Futaleufú Ad.,-43.18889,-71.85222,7.7333333333333325
2002-10-03,450004.0,"Teniente Vidal, Coyhaique Ad.",-45.59083,-72.10222,6.561538461538461
2002-10-03,450005.0,Balmaceda Ad.,-45.91833,-71.67778,3.992
2002-10-03,520006.0,"Carlos Ibañez, Punta Arenas Ap.",-53.00167,-70.83861,4.729166666666667
2002-10-03,530005.0,"Fuentes Martínez, Porvenir Ad.",-53.25361,-70.32611,6.509090909090909
2002-10-03,550001.0,"Guardiamarina Zañartu, Pto Williams Ad.",-54.93167,-67.61556,3.2
2002-10-03,950001.0,"C.M.A. Eduardo Frei Montalva, Antártica ",-62.19194,-58.97972,-11.8375
2002-10-04,180005.0,"Chacalluta, Arica Ap.",-18.35555,-70.34028,17.908333333333335
2002-10-04,200006.0,Diego Aracena Iquique Ap.,-20.54917,-70.18111,16.724999999999998
2002-10-04,220002.0,"El Loa, Calama Ad.",-22.49806,-68.8925,19.95625
2002-10-04,270001.0,Mataveri  Isla de Pascua Ap.,-27.15889,-109.4325,18.458333333333332
2002-10-04,290004.0,"La Florida, La Serena Ad.",-29.91444,-71.20667,16.123076923076923
2002-10-04,330007.0,"Rodelillo, Ad.",-33.06528,-71.55639,16.76153846153846
2002-10-04,330019.0,"Eulogio Sánchez, Tobalaba Ad.",-33.45528,-70.54861,17.441666666666666
2002-10-04,330020.0,"Quinta Normal, Santiago",-33.445,-70.68278,16.639999999999997
2002-10-04,330021.0,Pudahuel Santiago ,-33.37833,-70.78778,13.908333333333333
2002-10-04,330030.0,"Santo Domingo, Ad.",-33.65611,-71.61333,16.43846153846154
2002-10-04,330031.0,"Juan Fernández, Estación Meteorológica.",-33.63583,-78.83305,15.040000000000001
2002-10-04,340031.0,"General Freire, Curicó Ad.",-34.96944,-71.21694,16.508333333333333
2002-10-04,360011.0,"General Bernardo O'Higgins, Chillán Ad.",-36.58583,-72.03667,14.909090909090908
2002-10-04,360019.0,"Carriel Sur, Concepción Ap.",-36.78055,-73.06639,13.795833333333334
2002-10-04,370033.0,"María Dolores, Los Angeles Ad.",-37.39694,-72.42389,15.372727272727273
2002-10-04,380013.0,"Maquehue, Temuco Ad.",-38.76778,-72.63194,11.720833333333333
2002-10-04,390006.0,"Pichoy, Valdivia Ad.",-39.65667,-73.08722,12.166666666666666
2002-10-04,400009.0,"Cañal Bajo,  Osorno Ad.",-40.61444,-73.0575,12.745454545454544
2002-10-04,410005.0,El Tepual  Puerto Montt Ap.,-41.4475,-73.09583,9.779166666666667
2002-10-04,430001.0,Quellón Ad.,-43.13361,-73.63278,11.129999999999999
2002-10-04,430002.0,Futaleufú Ad.,-43.18889,-71.85222,5.65
2002-10-04,450001.0,Puerto Aysén Ad.,-45.39944,-72.67722,7.375
2002-10-04,450004.0,"Teniente Vidal, Coyhaique Ad.",-45.59083,-72.10222,6.723076923076923
2002-10-04,450005.0,Balmaceda Ad.,-45.91833,-71.67778,5.04
2002-10-04,520006.0,"Carlos Ibañez, Punta Arenas Ap.",-53.00167,-70.83861,2.9458333333333333
2002-10-04,530005.0,"Fuentes Martínez, Porvenir Ad.",-53.25361,-70.32611,4.163636363636364
2002-10-04,550001.0,"Guardiamarina Zañartu, Pto Williams Ad.",-54.93167,-67.61556,2.85
2002-10-04,950001.0,"C.M.A. Eduardo Frei Montalva, Antártica ",-62.19194,-58.97972,-7.2125
2002-10-05,180005.0,"Chacalluta, Arica Ap.",-18.35555,-70.34028,17.7375
2002-10-05,200006.0,Diego Aracena Iquique Ap.,-20.54917,-70.18111,16.8875
2002-10-05,220002.0,"El Loa, Calama Ad.",-22.49806,-68.8925,19.2
2002-10-05,270001.0,Mataveri  Isla de Pascua Ap.,-27.15889,-109.4325,18.2875
2002-10-05,290004.0,"La Florida, La Serena Ad.",-29.91444,-71.20667,13.613333333333333
2002-10-05,330007.0,"Rodelillo, Ad.",-33.06528,-71.55639,14.576923076923077
2002-10-05,330019.0,"Eulogio Sánchez, Tobalaba Ad.",-33.45528,-70.54861,19.083333333333332
2002-10-05,330020.0,"Quinta Normal, Santiago",-33.445,-70.68278,17.8
2002-10-05,330021.0,Pudahuel Santiago ,-33.37833,-70.78778,14.375
2002-10-05,330030.0,"Santo Domingo, Ad.",-33.65611,-71.61333,14.430769230769231
2002-10-05,330031.0,"Juan Fernández, Estación Meteorológica.",-33.63583,-78.83305,14.525
2002-10-05,340031.0,"General Freire, Curicó Ad.",-34.96944,-71.21694,17.483333333333334
2002-10-05,360011.0,"General Bernardo O'Higgins, Chillán Ad.",-36.58583,-72.03667,15.19090909090909
2002-10-05,360019.0,"Carriel Sur, Concepción Ap.",-36.78055,-73.06639,11.073076923076922
2002-10-05,370033.0,"María Dolores, Los Angeles Ad.",-37.39694,-72.42389,13.290000000000001
2002-10-05,380013.0,"Maquehue, Temuco Ad.",-38.76778,-72.63194,11.458333333333334
2002-10-05,390006.0,"Pichoy, Valdivia Ad.",-39.65667,-73.08722,12.133333333333333
2002-10-05,400009.0,"Cañal Bajo,  Osorno Ad.",-40.61444,-73.0575,11.927272727272726
2002-10-05,410005.0,El Tepual  Puerto Montt Ap.,-41.4475,-73.09583,10.516666666666667
2002-10-05,450004.0,"Teniente Vidal, Coyhaique Ad.",-45.59083,-72.10222,7.8076923076923075
2002-10-05,450005.0,Balmaceda Ad.,-45.91833,-71.67778,6.279166666666666
2002-10-05,520006.0,"Carlos Ibañez, Punta Arenas Ap.",-53.00167,-70.83861,3.9791666666666665
2002-10-05,530005.0,"Fuentes Martínez, Porvenir Ad.",-53.25361,-70.32611,5.7727272727272725
2002-10-05,950001.0,"C.M.A. Eduardo Frei Montalva, Antártica ",-62.19194,-58.97972,-3.5
2002-10-06,180005.0,"Chacalluta, Arica Ap.",-18.35555,-70.34028,18.054166666666667
2002-10-06,200006.0,Diego Aracena Iquique Ap.,-20.54917,-70.18111,17.379166666666666
2002-10-06,220002.0,"El Loa, Calama Ad.",-22.49806,-68.8925,22.49230769230769
2002-10-06,270001.0,Mataveri  Isla de Pascua Ap.,-27.15889,-109.4325,18.494999999999997
2002-10-06,290004.0,"La Florida, La Serena Ad.",-29.91444,-71.20667,16.423076923076923
2002-10-06,330007.0,"Rodelillo, Ad.",-33.06528,-71.55639,13.653846153846153
2002-10-06,330019.0,"Eulogio Sánchez, Tobalaba Ad.",-33.45528,-70.54861,14.816666666666668
2002-10-06,330020.0,"Quinta Normal, Santiago",-33.445,-70.68278,14.419999999999998
2002-10-06,330021.0,Pudahuel Santiago ,-33.37833,-70.78778,11.2
2002-10-06,330030.0,"Santo Domingo, Ad.",-33.65611,-71.61333,15.492307692307692
2002-10-06,330031.0,"Juan Fernández, Estación Meteorológica.",-33.63583,-78.83305,13.8
2002-10-06,340031.0,"General Freire, Curicó Ad.",-34.96944,-71.21694,15.433333333333332
2002-10-06,360011.0,"General Bernardo O'Higgins, Chillán Ad.",-36.58583,-72.03667,14.227272727272727
2002-10-06,360019.0,"Carriel Sur, Concepción Ap.",-36.78055,-73.06639,12.420833333333334
2002-10-06,370033.0,"María Dolores, Los Angeles Ad.",-37.39694,-72.42389,15.0
2002-10-06,380013.0,"Maquehue, Temuco Ad.",-38.76778,-72.63194,9.792307692307691
2002-10-06,390006.0,"Pichoy, Valdivia Ad.",-39.65667,-73.08722,9.825
2002-10-06,400009.0,"Cañal Bajo,  Osorno Ad.",-40.61444,-73.0575,10.054545454545455
2002-10-06,410005.0,El Tepual  Puerto Montt Ap.,-41.4475,-73.09583,8.533333333333333
2002-10-06,450004.0,"Teniente Vidal, Coyhaique Ad.",-45.59083,-72.10222,7.1
2002-10-06,450005.0,Balmaceda Ad.,-45.91833,-71.67778,5.658333333333334
2002-10-06,520006.0,"Carlos Ibañez, Punta Arenas Ap.",-53.00167,-70.83861,1.9416666666666667
2002-10-06,950001.0,"C.M.A. Eduardo Frei Montalva, Antártica ",-62.19194,-58.97972,-11.125
2002-10-07,180005.0,"Chacalluta, Arica Ap.",-18.35555,-70.34028,17.791666666666668
2002-10-07,200006.0,Diego Aracena Iquique Ap.,-20.54917,-70.18111,17.166666666666668
2002-10-07,220002.0,"El Loa, Calama Ad.",-22.49806,-68.8925,21.125
2002-10-07,270001.0,Mataveri  Isla de Pascua Ap.,-27.15889,-109.4325,18.74736842105263
2002-10-07,290004.0,"La Florida, La Serena Ad.",-29.91444,-71.20667,16.66923076923077
2002-10-07,330007.0,"Rodelillo, Ad.",-33.06528,-71.55639,15.26923076923077
2002-10-07,330019.0,"Eulogio Sánchez, Tobalaba Ad.",-33.45528,-70.54861,15.450000000000001
2002-10-07,330020.0,"Quinta Normal, Santiago",-33.445,-70.68278,14.84
2002-10-07,330021.0,Pudahuel Santiago ,-33.37833,-70.78778,12.491666666666667
2002-10-07,330030.0,"Santo Domingo, Ad.",-33.65611,-71.61333,14.776923076923076
2002-10-07,330031.0,"Juan Fernández, Estación Meteorológica.",-33.63583,-78.83305,12.84
2002-10-07,340031.0,"General Freire, Curicó Ad.",-34.96944,-71.21694,15.966666666666667
2002-10-07,360011.0,"General Bernardo O'Higgins, Chillán Ad.",-36.58583,-72.03667,12.97272727272727
2002-10-07,360019.0,"Carriel Sur, Concepción Ap.",-36.78055,-73.06639,11.76
2002-10-07,370033.0,"María Dolores, Los Angeles Ad.",-37.39694,-72.42389,15.4
2002-10-07,380013.0,"Maquehue, Temuco Ad.",-38.76778,-72.63194,9.770833333333334
2002-10-07,390006.0,"Pichoy, Valdivia Ad.",-39.65667,-73.08722,11.866666666666667
2002-10-07,400009.0,"Cañal Bajo,  Osorno Ad.",-40.61444,-73.0575,12.345454545454546
2002-10-07,410005.0,El Tepual  Puerto Montt Ap.,-41.4475,-73.09583,8.054166666666667
2002-10-07,430001.0,Quellón Ad.,-43.13361,-73.63278,9.78
2002-10-07,430002.0,Futaleufú Ad.,-43.18889,-71.85222,7.1
2002-10-07,450001.0,Puerto Aysén Ad.,-45.39944,-72.67722,8.225
2002-10-07,450004.0,"Teniente Vidal, Coyhaique Ad.",-45.59083,-72.10222,7.476923076923077
2002-10-07,450005.0,Balmaceda Ad.,-45.91833,-71.67778,4.279166666666667
2002-10-07,520006.0,"Carlos Ibañez, Punta Arenas Ap.",-53.00167,-70.83861,2.3458333333333337
2002-10-07,530005.0,"Fuentes Martínez, Porvenir Ad.",-53.25361,-70.32611,5.418181818181818
2002-10-07,550001.0,"Guardiamarina Zañartu, Pto Williams Ad.",-54.93167,-67.61556,4.866666666666666
2002-10-07,950001.0,"C.M.A. Eduardo Frei Montalva, Antártica ",-62.19194,-58.97972,-9.8
2002-10-08,180005.0,"Chacalluta, Arica Ap.",-18.35555,-70.34028,18.395833333333332
2002-10-08,200006.0,Diego Aracena Iquique Ap.,-20.54917,-70.18111,17.658333333333335
2002-10-08,220002.0,"El Loa, Calama Ad.",-22.49806,-68.8925,20.3875
2002-10-08,270001.0,Mataveri  Isla de Pascua Ap.,-27.15889,-109.4325,17.688235294117646
2002-10-08,290004.0,"La Florida, La Serena Ad.",-29.91444,-71.20667,13.957142857142857
2002-10-08,330007.0,"Rodelillo, Ad.",-33.06528,-71.55639,14.238461538461538
2002-10-08,330019.0,"Eulogio Sánchez, Tobalaba Ad.",-33.45528,-70.54861,16.741666666666667
2002-10-08,330020.0,"Quinta Normal, Santiago",-33.445,-70.68278,15.719999999999999
2002-10-08,330021.0,Pudahuel Santiago ,-33.37833,-70.78778,11.633333333333333
2002-10-08,330030.0,"Santo Domingo, Ad.",-33.65611,-71.61333,14.653846153846153
2002-10-08,330031.0,"Juan Fernández, Estación Meteorológica.",-33.63583,-78.83305,13.780000000000001
2002-10-08,340031.0,"General Freire, Curicó Ad.",-34.96944,-71.21694,16.591666666666665
2002-10-08,360011.0,"General Bernardo O'Higgins, Chillán Ad.",-36.58583,-72.03667,14.509090909090908
2002-10-08,360019.0,"Carriel Sur, Concepción Ap.",-36.78055,-73.06639,9.850000000000001
2002-10-08,370033.0,"María Dolores, Los Angeles Ad.",-37.39694,-72.42389,15.8
2002-10-08,380013.0,"Maquehue, Temuco Ad.",-38.76778,-72.63194,8.816
2002-10-08,390006.0,"Pichoy, Valdivia Ad.",-39.65667,-73.08722,10.733333333333334
2002-10-08,400009.0,"Cañal Bajo,  Osorno Ad.",-40.61444,-73.0575,10.516666666666667
2002-10-08,410005.0,El Tepual  Puerto Montt Ap.,-41.4475,-73.09583,8.945833333333333
2002-10-08,430001.0,Quellón Ad.,-43.13361,-73.63278,8.97
2002-10-08,430002.0,Futaleufú Ad.,-43.18889,-71.85222,9.222222222222221
2002-10-08,450001.0,Puerto Aysén Ad.,-45.39944,-72.67722,8.425
2002-10-08,450004.0,"Teniente Vidal, Coyhaique Ad.",-45.59083,-72.10222,7.6461538461538465
2002-10-08,450005.0,Balmaceda Ad.,-45.91833,-71.67778,4.608333333333333
2002-10-08,520006.0,"Carlos Ibañez, Punta Arenas Ap.",-53.00167,-70.83861,4.875
2002-10-08,530005.0,"Fuentes Martínez, Porvenir Ad.",-53.25361,-70.32611,9.799999999999999
2002-10-08,550001.0,"Guardiamarina Zañartu, Pto Williams Ad.",-54.93167,-67.61556,7.525
2002-10-08,950001.0,"C.M.A. Eduardo Frei Montalva, Antártica ",-62.19194,-58.97972,-7.9750000000000005
2002-10-09,180005.0,"Chacalluta, Arica Ap.",-18.35555,-70.34028,18.837500000000002
2002-10-09,200006.0,Diego Aracena Iquique Ap.,-20.54917,-70.18111,17.104166666666668
2002-10-09,220002.0,"El Loa, Calama Ad.",-22.49806,-68.8925,20.04375
2002-10-09,270001.0,Mataveri  Isla de Pascua Ap.,-27.15889,-109.4325,18.988235294117647
2002-10-09,290004.0,"La Florida, La Serena Ad.",-29.91444,-71.20667,16.56923076923077
2002-10-09,330007.0,"Rodelillo, Ad.",-33.06528,-71.55639,16.63076923076923
2002-10-09,330019.0,"Eulogio Sánchez, Tobalaba Ad.",-33.45528,-70.54861,18.633333333333333
2002-10-09,330020.0,"Quinta Normal, Santiago",-33.445,-70.68278,17.240000000000002
2002-10-09,330021.0,Pudahuel Santiago ,-33.37833,-70.78778,13.708333333333334
2002-10-09,330030.0,"Santo Domingo, Ad.",-33.65611,-71.61333,16.307692307692307
2002-10-09,330031.0,"Juan Fernández, Estación Meteorológica.",-33.63583,-78.83305,14.0
2002-10-09,340031.0,"General Freire, Curicó Ad.",-34.96944,-71.21694,16.841666666666665
2002-10-09,360011.0,"General Bernardo O'Higgins, Chillán Ad.",-36.58583,-72.03667,15.381818181818181
2002-10-09,360019.0,"Carriel Sur, Concepción Ap.",-36.78055,-73.06639,12.220833333333333
2002-10-09,370033.0,"María Dolores, Los Angeles Ad.",-37.39694,-72.42389,16.4
2002-10-09,380013.0,"Maquehue, Temuco Ad.",-38.76778,-72.63194,10.654166666666667
2002-10-09,390006.0,"Pichoy, Valdivia Ad.",-39.65667,-73.08722,12.4
2002-10-09,400009.0,"Cañal Bajo,  Osorno Ad.",-40.61444,-73.0575,11.818181818181818
2002-10-09,410005.0,El Tepual  Puerto Montt Ap.,-41.4475,-73.09583,8.56
2002-10-09,430001.0,Quellón Ad.,-43.13361,-73.63278,9.3
2002-10-09,430002.0,Futaleufú Ad.,-43.18889,-71.85222,5.1
2002-10-09,450001.0,Puerto Aysén Ad.,-45.39944,-72.67722,5.9
2002-10-09,450004.0,"Teniente Vidal, Coyhaique Ad.",-45.59083,-72.10222,3.15
2002-10-09,450005.0,Balmaceda Ad.,-45.91833,-71.67778,1.5514285714285714
2002-10-09,520006.0,"Carlos Ibañez, Punta Arenas Ap.",-53.00167,-70.83861,6.04
2002-10-09,530005.0,"Fuentes Martínez, Porvenir Ad.",-53.25361,-70.32611,7.954545454545454
2002-10-09,550001.0,"Guardiamarina Zañartu, Pto Williams Ad.",-54.93167,-67.61556,5.55
2002-10-09,950001.0,"C.M.A. Eduardo Frei Montalva, Antártica ",-62.19194,-58.97972,-2.5125
2002-10-10,180005.0,"Chacalluta, Arica Ap.",-18.35555,-70.34028,18.258333333333333
2002-10-10,200006.0,Diego Aracena Iquique Ap.,-20.54917,-70.18111,16.916666666666668
2002-10-10,220002.0,"El Loa, Calama Ad.",-22.49806,-68.8925,19.6125
2002-10-10,270001.0,Mataveri  Isla de Pascua Ap.,-27.15889,-109.4325,20.188235294117646
2002-10-10,290004.0,"La Florida, La Serena Ad.",-29.91444,-71.20667,14.485714285714286
2002-10-10,330007.0,"Rodelillo, Ad.",-33.06528,-71.55639,16.953846153846154
2002-10-10,330019.0,"Eulogio Sánchez, Tobalaba Ad.",-33.45528,-70.54861,20.416666666666668
2002-10-10,330020.0,"Quinta Normal, Santiago",-33.445,-70.68278,19.419999999999998
2002-10-10,330021.0,Pudahuel Santiago ,-33.37833,-70.78778,14.75
2002-10-10,330030.0,"Santo Domingo, Ad.",-33.65611,-71.61333,15.084615384615384
2002-10-10,330031.0,"Juan Fernández, Estación Meteorológica.",-33.63583,-78.83305,12.919999999999998
2002-10-10,340031.0,"General Freire, Curicó Ad.",-34.96944,-71.21694,16.150000000000002
2002-10-10,360011.0,"General Bernardo O'Higgins, Chillán Ad.",-36.58583,-72.03667,15.363636363636363
2002-10-10,360019.0,"Carriel Sur, Concepción Ap.",-36.78055,-73.06639,9.633333333333333
2002-10-10,370033.0,"María Dolores, Los Angeles Ad.",-37.39694,-72.42389,19.2
2002-10-10,380013.0,"Maquehue, Temuco Ad.",-38.76778,-72.63194,8.776
2002-10-10,390006.0,"Pichoy, Valdivia Ad.",-39.65667,-73.08722,12.458333333333334
2002-10-10,400009.0,"Cañal Bajo,  Osorno Ad.",-40.61444,-73.0575,13.118181818181819
2002-10-10,410005.0,El Tepual  Puerto Montt Ap.,-41.4475,-73.09583,11.083333333333334
2002-10-10,430001.0,Quellón Ad.,-43.13361,-73.63278,11.41
2002-10-10,430002.0,Futaleufú Ad.,-43.18889,-71.85222,11.755555555555555
2002-10-10,450001.0,Puerto Aysén Ad.,-45.39944,-72.67722,9.15
2002-10-10,450004.0,"Teniente Vidal, Coyhaique Ad.",-45.59083,-72.10222,8.346153846153847
2002-10-10,450005.0,Balmaceda Ad.,-45.91833,-71.67778,4.066666666666666
2002-10-10,520006.0,"Carlos Ibañez, Punta Arenas Ap.",-53.00167,-70.83861,3.5666666666666664
2002-10-10,530005.0,"Fuentes Martínez, Porvenir Ad.",-53.25361,-70.32611,5.8
2002-10-10,550001.0,"Guardiamarina Zañartu, Pto Williams Ad.",-54.93167,-67.61556,5.7555555555555555
2002-10-10,950001.0,"C.M.A. Eduardo Frei Montalva, Antártica ",-62.19194,-58.97972,-9.35
2002-10-11,180005.0,"Chacalluta, Arica Ap.",-18.35555,-70.34028,18.333333333333332
2002-10-11,200006.0,Diego Aracena Iquique Ap.,-20.54917,-70.18111,17.166666666666668
2002-10-11,220002.0,"El Loa, Calama Ad.",-22.49806,-68.8925,19.35
2002-10-11,270001.0,Mataveri  Isla de Pascua Ap.,-27.15889,-109.4325,21.63076923076923
2002-10-11,290004.0,"La Florida, La Serena Ad.",-29.91444,-71.20667,14.246666666666666
2002-10-11,330007.0,"Rodelillo, Ad.",-33.06528,-71.55639,15.523076923076925
2002-10-11,330019.0,"Eulogio Sánchez, Tobalaba Ad.",-33.45528,-70.54861,16.933333333333334
2002-10-11,330020.0,"Quinta Normal, Santiago",-33.445,-70.68278,16.66
2002-10-11,330021.0,Pudahuel Santiago ,-33.37833,-70.78778,13.700000000000001
2002-10-11,330030.0,"Santo Domingo, Ad.",-33.65611,-71.61333,14.023076923076925
2002-10-11,330031.0,"Juan Fernández, Estación Meteorológica.",-33.63583,-78.83305,15.559999999999999
2002-10-11,340031.0,"General Freire, Curicó Ad.",-34.96944,-71.21694,13.916666666666666
2002-10-11,360011.0,"General Bernardo O'Higgins, Chillán Ad.",-36.58583,-72.03667,11.072727272727272
2002-10-11,360019.0,"Carriel Sur, Concepción Ap.",-36.78055,-73.06639,12.444
2002-10-11,370033.0,"María Dolores, Los Angeles Ad.",-37.39694,-72.42389,11.4
2002-10-11,380013.0,"Maquehue, Temuco Ad.",-38.76778,-72.63194,11.708333333333334
2002-10-11,390006.0,"Pichoy, Valdivia Ad.",-39.65667,-73.08722,11.907142857142857
2002-10-11,400009.0,"Cañal Bajo,  Osorno Ad.",-40.61444,-73.0575,12.5
2002-10-11,410005.0,El Tepual  Puerto Montt Ap.,-41.4475,-73.09583,11.354166666666666
2002-10-11,430001.0,Quellón Ad.,-43.13361,-73.63278,12.74
2002-10-11,430002.0,Futaleufú Ad.,-43.18889,-71.85222,8.575
2002-10-11,450001.0,Puerto Aysén Ad.,-45.39944,-72.67722,10.775
2002-10-11,450004.0,"Teniente Vidal, Coyhaique Ad.",-45.59083,-72.10222,12.184615384615386
2002-10-11,450005.0,Balmaceda Ad.,-45.91833,-71.67778,9.229166666666666
2002-10-11,520006.0,"Carlos Ibañez, Punta Arenas Ap.",-53.00167,-70.83861,2.003846153846154
2002-10-11,530005.0,"Fuentes Martínez, Porvenir Ad.",-53.25361,-70.32611,5.2727272727272725
2002-10-11,550001.0,"Guardiamarina Zañartu, Pto Williams Ad.",-54.93167,-67.61556,5.15
2002-10-11,950001.0,"C.M.A. Eduardo Frei Montalva, Antártica ",-62.19194,-58.97972,-10.0625
2002-10-12,180005.0,"Chacalluta, Arica Ap.",-18.35555,-70.34028,17.679166666666667
2002-10-12,200006.0,Diego Aracena Iquique Ap.,-20.54917,-70.18111,16.416666666666668
2002-10-12,220002.0,"El Loa, Calama Ad.",-22.49806,-68.8925,19.74375
2002-10-12,270001.0,Mataveri  Isla de Pascua Ap.,-27.15889,-109.4325,21.4375
2002-10-12,290004.0,"La Florida, La Serena Ad.",-29.91444,-71.20667,14.973684210526315
2002-10-12,330007.0,"Rodelillo, Ad.",-33.06528,-71.55639,21.49230769230769
2002-10-12,330019.0,"Eulogio Sánchez, Tobalaba Ad.",-33.45528,-70.54861,24.89090909090909
2002-10-12,330020.0,"Quinta Normal, Santiago",-33.445,-70.68278,22.04
2002-10-12,330021.0,Pudahuel Santiago ,-33.37833,-70.78778,16.42
2002-10-12,330030.0,"Santo Domingo, Ad.",-33.65611,-71.61333,17.03076923076923
2002-10-12,330031.0,"Juan Fernández, Estación Meteorológica.",-33.63583,-78.83305,16.825
2002-10-12,340031.0,"General Freire, Curicó Ad.",-34.96944,-71.21694,20.516666666666666
2002-10-12,360011.0,"General Bernardo O'Higgins, Chillán Ad.",-36.58583,-72.03667,17.71818181818182
2002-10-12,360019.0,"Carriel Sur, Concepción Ap.",-36.78055,-73.06639,13.742307692307692
2002-10-12,370033.0,"María Dolores, Los Angeles Ad.",-37.39694,-72.42389,16.4
2002-10-12,380013.0,"Maquehue, Temuco Ad.",-38.76778,-72.63194,13.095833333333333
2002-10-12,390006.0,"Pichoy, Valdivia Ad.",-39.65667,-73.08722,13.892307692307693
2002-10-12,400009.0,"Cañal Bajo,  Osorno Ad.",-40.61444,-73.0575,13.872727272727273
2002-10-12,410005.0,El Tepual  Puerto Montt Ap.,-41.4475,-73.09583,12.841666666666667
2002-10-12,450004.0,"Teniente Vidal, Coyhaique Ad.",-45.59083,-72.10222,9.853846153846153
2002-10-12,450005.0,Balmaceda Ad.,-45.91833,-71.67778,7.570833333333333
2002-10-12,520006.0,"Carlos Ibañez, Punta Arenas Ap.",-53.00167,-70.83861,4.375
2002-10-12,530005.0,"Fuentes Martínez, Porvenir Ad.",-53.25361,-70.32611,6.2
2002-10-12,950001.0,"C.M.A. Eduardo Frei Montalva, Antártica ",-62.19194,-58.97972,-8.3375
2002-10-13,180005.0,"Chacalluta, Arica Ap.",-18.35555,-70.34028,18.179166666666667
2002-10-13,200006.0,Diego Aracena Iquique Ap.,-20.54917,-70.18111,16.854166666666668
2002-10-13,220002.0,"El Loa, Calama Ad.",-22.49806,-68.8925,19.707692307692305
2002-10-13,270001.0,Mataveri  Isla de Pascua Ap.,-27.15889,-109.4325,19.785714285714285
2002-10-13,290004.0,"La Florida, La Serena Ad.",-29.91444,-71.20667,14.793333333333333
2002-10-13,330007.0,"Rodelillo, Ad.",-33.06528,-71.55639,16.046153846153846
2002-10-13,330019.0,"Eulogio Sánchez, Tobalaba Ad.",-33.45528,-70.54861,20.508333333333333
2002-10-13,330020.0,"Quinta Normal, Santiago",-33.445,-70.68278,19.96
2002-10-13,330021.0,Pudahuel Santiago ,-33.37833,-70.78778,16.466666666666665
2002-10-13,330030.0,"Santo Domingo, Ad.",-33.65611,-71.61333,14.435714285714285
2002-10-13,330031.0,"Juan Fernández, Estación Meteorológica.",-33.63583,-78.83305,16.15
2002-10-13,340031.0,"General Freire, Curicó Ad.",-34.96944,-71.21694,14.584615384615384
2002-10-13,360011.0,"General Bernardo O'Higgins, Chillán Ad.",-36.58583,-72.03667,14.799999999999999
2002-10-13,360019.0,"Carriel Sur, Concepción Ap.",-36.78055,-73.06639,13.911538461538461
2002-10-13,370033.0,"María Dolores, Los Angeles Ad.",-37.39694,-72.42389,13.2
2002-10-13,380013.0,"Maquehue, Temuco Ad.",-38.76778,-72.63194,12.95
2002-10-13,390006.0,"Pichoy, Valdivia Ad.",-39.65667,-73.08722,12.883333333333333
2002-10-13,400009.0,"Cañal Bajo,  Osorno Ad.",-40.61444,-73.0575,14.090909090909092
2002-10-13,410005.0,El Tepual  Puerto Montt Ap.,-41.4475,-73.09583,13.033333333333333
2002-10-13,450004.0,"Teniente Vidal, Coyhaique Ad.",-45.59083,-72.10222,9.569230769230769
2002-10-13,450005.0,Balmaceda Ad.,-45.91833,-71.67778,6.7625
2002-10-13,520006.0,"Carlos Ibañez, Punta Arenas Ap.",-53.00167,-70.83861,7.724
2002-10-13,950001.0,"C.M.A. Eduardo Frei Montalva, Antártica ",-62.19194,-58.97972,-7.1
2002-10-14,180005.0,"Chacalluta, Arica Ap.",-18.35555,-70.34028,18.684
2002-10-14,200006.0,Diego Aracena Iquique Ap.,-20.54917,-70.18111,17.587500000000002
2002-10-14,220002.0,"El Loa, Calama Ad.",-22.49806,-68.8925,18.4625
2002-10-14,270001.0,Mataveri  Isla de Pascua Ap.,-27.15889,-109.4325,18.18125
2002-10-14,290004.0,"La Florida, La Serena Ad.",-29.91444,-71.20667,15.723076923076924
2002-10-14,330007.0,"Rodelillo, Ad.",-33.06528,-71.55639,14.546153846153846
2002-10-14,330019.0,"Eulogio Sánchez, Tobalaba Ad.",-33.45528,-70.54861,14.7875
2002-10-14,330020.0,"Quinta Normal, Santiago",-33.445,-70.68278,15.36
2002-10-14,330021.0,Pudahuel Santiago ,-33.37833,-70.78778,14.508333333333333
2002-10-14,330030.0,"Santo Domingo, Ad.",-33.65611,-71.61333,15.528571428571428
2002-10-14,330031.0,"Juan Fernández, Estación Meteorológica.",-33.63583,-78.83305,15.080000000000002
2002-10-14,340031.0,"General Freire, Curicó Ad.",-34.96944,-71.21694,14.953846153846154
2002-10-14,360011.0,"General Bernardo O'Higgins, Chillán Ad.",-36.58583,-72.03667,14.283333333333333
2002-10-14,360019.0,"Carriel Sur, Concepción Ap.",-36.78055,-73.06639,13.05925925925926
2002-10-14,370033.0,"María Dolores, Los Angeles Ad.",-37.39694,-72.42389,13.7
2002-10-14,380013.0,"Maquehue, Temuco Ad.",-38.76778,-72.63194,12.775
2002-10-14,390006.0,"Pichoy, Valdivia Ad.",-39.65667,-73.08722,14.666666666666666
2002-10-14,400009.0,"Cañal Bajo,  Osorno Ad.",-40.61444,-73.0575,13.936363636363637
2002-10-14,410005.0,El Tepual  Puerto Montt Ap.,-41.4475,-73.09583,10.78
2002-10-14,430001.0,Quellón Ad.,-43.13361,-73.63278,12.23
2002-10-14,430002.0,Futaleufú Ad.,-43.18889,-71.85222,12.455555555555556
2002-10-14,450001.0,Puerto Aysén Ad.,-45.39944,-72.67722,9.75
2002-10-14,450004.0,"Teniente Vidal, Coyhaique Ad.",-45.59083,-72.10222,10.453846153846154
2002-10-14,450005.0,Balmaceda Ad.,-45.91833,-71.67778,6.654166666666666
2002-10-14,520006.0,"Carlos Ibañez, Punta Arenas Ap.",-53.00167,-70.83861,8.075000000000001
2002-10-14,530005.0,"Fuentes Martínez, Porvenir Ad.",-53.25361,-70.32611,9.836363636363636
2002-10-14,550001.0,"Guardiamarina Zañartu, Pto Williams Ad.",-54.93167,-67.61556,12.133333333333333
2002-10-14,950001.0,"C.M.A. Eduardo Frei Montalva, Antártica ",-62.19194,-58.97972,-2.2
2002-10-15,180005.0,"Chacalluta, Arica Ap.",-18.35555,-70.34028,18.866666666666667
2002-10-15,200006.0,Diego Aracena Iquique Ap.,-20.54917,-70.18111,17.779166666666665
2002-10-15,220002.0,"El Loa, Calama Ad.",-22.49806,-68.8925,18.4
2002-10-15,270001.0,Mataveri  Isla de Pascua Ap.,-27.15889,-109.4325,20.521428571428572
2002-10-15,290004.0,"La Florida, La Serena Ad.",-29.91444,-71.20667,17.307692307692307
2002-10-15,330007.0,"Rodelillo, Ad.",-33.06528,-71.55639,18.03846153846154
2002-10-15,330019.0,"Eulogio Sánchez, Tobalaba Ad.",-33.45528,-70.54861,15.533333333333335
2002-10-15,330020.0,"Quinta Normal, Santiago",-33.445,-70.68278,17.32
2002-10-15,330021.0,Pudahuel Santiago ,-33.37833,-70.78778,15.633333333333333
2002-10-15,330030.0,"Santo Domingo, Ad.",-33.65611,-71.61333,17.585714285714285
2002-10-15,330031.0,"Juan Fernández, Estación Meteorológica.",-33.63583,-78.83305,15.080000000000002
2002-10-15,340031.0,"General Freire, Curicó Ad.",-34.96944,-71.21694,16.646153846153847
2002-10-15,360011.0,"General Bernardo O'Higgins, Chillán Ad.",-36.58583,-72.03667,16.76666666666667
2002-10-15,360019.0,"Carriel Sur, Concepción Ap.",-36.78055,-73.06639,13.724
2002-10-15,370033.0,"María Dolores, Los Angeles Ad.",-37.39694,-72.42389,15.0
2002-10-15,380013.0,"Maquehue, Temuco Ad.",-38.76778,-72.63194,12.245833333333332
2002-10-15,390006.0,"Pichoy, Valdivia Ad.",-39.65667,-73.08722,13.791666666666666
2002-10-15,400009.0,"Cañal Bajo,  Osorno Ad.",-40.61444,-73.0575,12.975
2002-10-15,410005.0,El Tepual  Puerto Montt Ap.,-41.4475,-73.09583,10.744000000000002
2002-10-15,430001.0,Quellón Ad.,-43.13361,-73.63278,11.629999999999999
2002-10-15,430002.0,Futaleufú Ad.,-43.18889,-71.85222,8.955555555555556
2002-10-15,450001.0,Puerto Aysén Ad.,-45.39944,-72.67722,8.625
2002-10-15,450004.0,"Teniente Vidal, Coyhaique Ad.",-45.59083,-72.10222,8.353846153846153
2002-10-15,450005.0,Balmaceda Ad.,-45.91833,-71.67778,5.7250000000000005
2002-10-15,520006.0,"Carlos Ibañez, Punta Arenas Ap.",-53.00167,-70.83861,5.933333333333334
2002-10-15,530005.0,"Fuentes Martínez, Porvenir Ad.",-53.25361,-70.32611,6.636363636363637
2002-10-15,550001.0,"Guardiamarina Zañartu, Pto Williams Ad.",-54.93167,-67.61556,8.555555555555555
2002-10-15,950001.0,"C.M.A. Eduardo Frei Montalva, Antártica ",-62.19194,-58.97972,-0.7625
2002-10-16,180005.0,"Chacalluta, Arica Ap.",-18.35555,-70.34028,18.029166666666665
2002-10-16,200006.0,Diego Aracena Iquique Ap.,-20.54917,-70.18111,16.858333333333334
2002-10-16,220002.0,"El Loa, Calama Ad.",-22.49806,-68.8925,18.55
2002-10-16,270001.0,Mataveri  Isla de Pascua Ap.,-27.15889,-109.4325,20.50714285714286
2002-10-16,290004.0,"La Florida, La Serena Ad.",-29.91444,-71.20667,16.726666666666667
2002-10-16,330007.0,"Rodelillo, Ad.",-33.06528,-71.55639,20.97142857142857
2002-10-16,330019.0,"Eulogio Sánchez, Tobalaba Ad.",-33.45528,-70.54861,20.185714285714287
2002-10-16,330020.0,"Quinta Normal, Santiago",-33.445,-70.68278,20.56
2002-10-16,330021.0,Pudahuel Santiago ,-33.37833,-70.78778,16.516666666666666
2002-10-16,330030.0,"Santo Domingo, Ad.",-33.65611,-71.61333,18.514285714285712
2002-10-16,330031.0,"Juan Fernández, Estación Meteorológica.",-33.63583,-78.83305,13.959999999999999
2002-10-16,340031.0,"General Freire, Curicó Ad.",-34.96944,-71.21694,15.992307692307692
2002-10-16,360011.0,"General Bernardo O'Higgins, Chillán Ad.",-36.58583,-72.03667,17.008333333333333
2002-10-16,360019.0,"Carriel Sur, Concepción Ap.",-36.78055,-73.06639,11.6625
2002-10-16,370033.0,"María Dolores, Los Angeles Ad.",-37.39694,-72.42389,13.7
2002-10-16,380013.0,"Maquehue, Temuco Ad.",-38.76778,-72.63194,9.6875
2002-10-16,390006.0,"Pichoy, Valdivia Ad.",-39.65667,-73.08722,12.315384615384614
2002-10-16,400009.0,"Cañal Bajo,  Osorno Ad.",-40.61444,-73.0575,14.072727272727274
2002-10-16,410005.0,El Tepual  Puerto Montt Ap.,-41.4475,-73.09583,11.083333333333334
2002-10-16,430001.0,Quellón Ad.,-43.13361,-73.63278,11.959999999999999
2002-10-16,430002.0,Futaleufú Ad.,-43.18889,-71.85222,10.233333333333333
2002-10-16,450001.0,Puerto Aysén Ad.,-45.39944,-72.67722,9.075
2002-10-16,450004.0,"Teniente Vidal, Coyhaique Ad.",-45.59083,-72.10222,9.830769230769231
2002-10-16,450005.0,Balmaceda Ad.,-45.91833,-71.67778,6.004
2002-10-16,520006.0,"Carlos Ibañez, Punta Arenas Ap.",-53.00167,-70.83861,5.979166666666667
2002-10-16,530005.0,"Fuentes Martínez, Porvenir Ad.",-53.25361,-70.32611,9.763636363636364
2002-10-16,550001.0,"Guardiamarina Zañartu, Pto Williams Ad.",-54.93167,-67.61556,7.177777777777779
2002-10-16,950001.0,"C.M.A. Eduardo Frei Montalva, Antártica ",-62.19194,-58.97972,-3.31
2002-10-17,180005.0,"Chacalluta, Arica Ap.",-18.35555,-70.34028,18.55
2002-10-17,200006.0,Diego Aracena Iquique Ap.,-20.54917,-70.18111,17.966666666666665
2002-10-17,220002.0,"El Loa, Calama Ad.",-22.49806,-68.8925,18.425
2002-10-17,270001.0,Mataveri  Isla de Pascua Ap.,-27.15889,-109.4325,19.38235294117647
2002-10-17,290004.0,"La Florida, La Serena Ad.",-29.91444,-71.20667,15.549999999999999
2002-10-17,330007.0,"Rodelillo, Ad.",-33.06528,-71.55639,19.915384615384614
2002-10-17,330019.0,"Eulogio Sánchez, Tobalaba Ad.",-33.45528,-70.54861,21.400000000000002
2002-10-17,330020.0,"Quinta Normal, Santiago",-33.445,-70.68278,21.48
2002-10-17,330021.0,Pudahuel Santiago ,-33.37833,-70.78778,17.045833333333334
2002-10-17,330030.0,"Santo Domingo, Ad.",-33.65611,-71.61333,16.064285714285713
2002-10-17,330031.0,"Juan Fernández, Estación Meteorológica.",-33.63583,-78.83305,14.36
2002-10-17,340031.0,"General Freire, Curicó Ad.",-34.96944,-71.21694,17.26923076923077
2002-10-17,360011.0,"General Bernardo O'Higgins, Chillán Ad.",-36.58583,-72.03667,14.291666666666666
2002-10-17,360019.0,"Carriel Sur, Concepción Ap.",-36.78055,-73.06639,11.15
2002-10-17,370033.0,"María Dolores, Los Angeles Ad.",-37.39694,-72.42389,13.6
2002-10-17,380013.0,"Maquehue, Temuco Ad.",-38.76778,-72.63194,9.629166666666666
2002-10-17,390006.0,"Pichoy, Valdivia Ad.",-39.65667,-73.08722,10.742857142857144
2002-10-17,400009.0,"Cañal Bajo,  Osorno Ad.",-40.61444,-73.0575,11.636363636363637
2002-10-17,410005.0,El Tepual  Puerto Montt Ap.,-41.4475,-73.09583,10.341666666666667
2002-10-17,430001.0,Quellón Ad.,-43.13361,-73.63278,11.809999999999999
2002-10-17,430002.0,Futaleufú Ad.,-43.18889,-71.85222,11.8
2002-10-17,450001.0,Puerto Aysén Ad.,-45.39944,-72.67722,4.4
2002-10-17,450004.0,"Teniente Vidal, Coyhaique Ad.",-45.59083,-72.10222,4.530769230769231
2002-10-17,450005.0,Balmaceda Ad.,-45.91833,-71.67778,4.729166666666667
2002-10-17,520006.0,"Carlos Ibañez, Punta Arenas Ap.",-53.00167,-70.83861,6.833333333333333
2002-10-17,530005.0,"Fuentes Martínez, Porvenir Ad.",-53.25361,-70.32611,8.145454545454545
2002-10-17,550001.0,"Guardiamarina Zañartu, Pto Williams Ad.",-54.93167,-67.61556,6.533333333333333
2002-10-17,950001.0,"C.M.A. Eduardo Frei Montalva, Antártica ",-62.19194,-58.97972,-2.7545454545454544
2002-10-18,180005.0,"Chacalluta, Arica Ap.",-18.35555,-70.34028,19.308333333333334
2002-10-18,200006.0,Diego Aracena Iquique Ap.,-20.54917,-70.18111,18.691666666666666
2002-10-18,220002.0,"El Loa, Calama Ad.",-22.49806,-68.8925,19.525
2002-10-18,270001.0,Mataveri  Isla de Pascua Ap.,-27.15889,-109.4325,19.666666666666668
2002-10-18,290004.0,"La Florida, La Serena Ad.",-29.91444,-71.20667,15.292307692307693
2002-10-18,330007.0,"Rodelillo, Ad.",-33.06528,-71.55639,15.8
2002-10-18,330019.0,"Eulogio Sánchez, Tobalaba Ad.",-33.45528,-70.54861,15.292857142857143
2002-10-18,330020.0,"Quinta Normal, Santiago",-33.445,-70.68278,16.28
2002-10-18,330021.0,Pudahuel Santiago ,-33.37833,-70.78778,13.487499999999999
2002-10-18,330030.0,"Santo Domingo, Ad.",-33.65611,-71.61333,14.892857142857142
2002-10-18,330031.0,"Juan Fernández, Estación Meteorológica.",-33.63583,-78.83305,12.84
2002-10-18,340031.0,"General Freire, Curicó Ad.",-34.96944,-71.21694,13.36923076923077
2002-10-18,360011.0,"General Bernardo O'Higgins, Chillán Ad.",-36.58583,-72.03667,12.950000000000001
2002-10-18,360019.0,"Carriel Sur, Concepción Ap.",-36.78055,-73.06639,11.16
2002-10-18,370033.0,"María Dolores, Los Angeles Ad.",-37.39694,-72.42389,11.5
2002-10-18,380013.0,"Maquehue, Temuco Ad.",-38.76778,-72.63194,10.200000000000001
2002-10-18,390006.0,"Pichoy, Valdivia Ad.",-39.65667,-73.08722,11.663636363636364
2002-10-18,400009.0,"Cañal Bajo,  Osorno Ad.",-40.61444,-73.0575,10.490909090909092
2002-10-18,410005.0,El Tepual  Puerto Montt Ap.,-41.4475,-73.09583,8.1625
2002-10-18,430001.0,Quellón Ad.,-43.13361,-73.63278,8.309999999999999
2002-10-18,430002.0,Futaleufú Ad.,-43.18889,-71.85222,4.4375
2002-10-18,450001.0,Puerto Aysén Ad.,-45.39944,-72.67722,7.55
2002-10-18,450004.0,"Teniente Vidal, Coyhaique Ad.",-45.59083,-72.10222,7.376923076923077
2002-10-18,450005.0,Balmaceda Ad.,-45.91833,-71.67778,4.4125000000000005
2002-10-18,520006.0,"Carlos Ibañez, Punta Arenas Ap.",-53.00167,-70.83861,5.075
2002-10-18,530005.0,"Fuentes Martínez, Porvenir Ad.",-53.25361,-70.32611,7.945454545454546
2002-10-18,550001.0,"Guardiamarina Zañartu, Pto Williams Ad.",-54.93167,-67.61556,3.725
2002-10-18,950001.0,"C.M.A. Eduardo Frei Montalva, Antártica ",-62.19194,-58.97972,-4.779999999999999
2002-10-19,180005.0,"Chacalluta, Arica Ap.",-18.35555,-70.34028,19.433333333333334
2002-10-19,200006.0,Diego Aracena Iquique Ap.,-20.54917,-70.18111,17.920833333333334
2002-10-19,220002.0,"El Loa, Calama Ad.",-22.49806,-68.8925,19.666666666666668
2002-10-19,270001.0,Mataveri  Isla de Pascua Ap.,-27.15889,-109.4325,19.983333333333334
2002-10-19,290004.0,"La Florida, La Serena Ad.",-29.91444,-71.20667,14.006666666666666
2002-10-19,330007.0,"Rodelillo, Ad.",-33.06528,-71.55639,12.515384615384615
2002-10-19,330019.0,"Eulogio Sánchez, Tobalaba Ad.",-33.45528,-70.54861,13.364285714285714
2002-10-19,330020.0,"Quinta Normal, Santiago",-33.445,-70.68278,14.280000000000001
2002-10-19,330021.0,Pudahuel Santiago ,-33.37833,-70.78778,11.404166666666667
2002-10-19,330030.0,"Santo Domingo, Ad.",-33.65611,-71.61333,12.814285714285715
2002-10-19,330031.0,"Juan Fernández, Estación Meteorológica.",-33.63583,-78.83305,12.625
2002-10-19,340031.0,"General Freire, Curicó Ad.",-34.96944,-71.21694,9.792307692307691
2002-10-19,360011.0,"General Bernardo O'Higgins, Chillán Ad.",-36.58583,-72.03667,9.658333333333333
2002-10-19,360019.0,"Carriel Sur, Concepción Ap.",-36.78055,-73.06639,10.495833333333334
2002-10-19,370033.0,"María Dolores, Los Angeles Ad.",-37.39694,-72.42389,9.9
2002-10-19,380013.0,"Maquehue, Temuco Ad.",-38.76778,-72.63194,8.733333333333333
2002-10-19,390006.0,"Pichoy, Valdivia Ad.",-39.65667,-73.08722,12.424999999999999
2002-10-19,400009.0,"Cañal Bajo,  Osorno Ad.",-40.61444,-73.0575,11.563636363636364
2002-10-19,410005.0,El Tepual  Puerto Montt Ap.,-41.4475,-73.09583,6.3999999999999995
2002-10-19,450004.0,"Teniente Vidal, Coyhaique Ad.",-45.59083,-72.10222,9.092307692307692
2002-10-19,450005.0,Balmaceda Ad.,-45.91833,-71.67778,3.775
2002-10-19,520006.0,"Carlos Ibañez, Punta Arenas Ap.",-53.00167,-70.83861,4.158333333333333
2002-10-19,530005.0,"Fuentes Martínez, Porvenir Ad.",-53.25361,-70.32611,6.5
2002-10-19,950001.0,"C.M.A. Eduardo Frei Montalva, Antártica ",-62.19194,-58.97972,-4.89
2002-10-20,180005.0,"Chacalluta, Arica Ap.",-18.35555,-70.34028,18.1375
2002-10-20,200006.0,Diego Aracena Iquique Ap.,-20.54917,-70.18111,17.708333333333332
2002-10-20,220002.0,"El Loa, Calama Ad.",-22.49806,-68.8925,21.846153846153847
2002-10-20,270001.0,Mataveri  Isla de Pascua Ap.,-27.15889,-109.4325,20.700000000000003
2002-10-20,290004.0,"La Florida, La Serena Ad.",-29.91444,-71.20667,16.76923076923077
2002-10-20,330007.0,"Rodelillo, Ad.",-33.06528,-71.55639,13.107692307692307
2002-10-20,330019.0,"Eulogio Sánchez, Tobalaba Ad.",-33.45528,-70.54861,12.430769230769231
2002-10-20,330020.0,"Quinta Normal, Santiago",-33.445,-70.68278,12.719999999999999
2002-10-20,330021.0,Pudahuel Santiago ,-33.37833,-70.78778,10.65
2002-10-20,330030.0,"Santo Domingo, Ad.",-33.65611,-71.61333,13.685714285714285
2002-10-20,330031.0,"Juan Fernández, Estación Meteorológica.",-33.63583,-78.83305,10.95
2002-10-20,340031.0,"General Freire, Curicó Ad.",-34.96944,-71.21694,13.584615384615384
2002-10-20,360011.0,"General Bernardo O'Higgins, Chillán Ad.",-36.58583,-72.03667,11.016666666666666
2002-10-20,360019.0,"Carriel Sur, Concepción Ap.",-36.78055,-73.06639,10.012500000000001
2002-10-20,370033.0,"María Dolores, Los Angeles Ad.",-37.39694,-72.42389,10.600000000000001
2002-10-20,380013.0,"Maquehue, Temuco Ad.",-38.76778,-72.63194,9.691666666666666
2002-10-20,390006.0,"Pichoy, Valdivia Ad.",-39.65667,-73.08722,11.85
2002-10-20,400009.0,"Cañal Bajo,  Osorno Ad.",-40.61444,-73.0575,11.363636363636363
2002-10-20,410005.0,El Tepual  Puerto Montt Ap.,-41.4475,-73.09583,7.675
2002-10-20,450004.0,"Teniente Vidal, Coyhaique Ad.",-45.59083,-72.10222,9.26923076923077
2002-10-20,450005.0,Balmaceda Ad.,-45.91833,-71.67778,4.370833333333334
2002-10-20,520006.0,"Carlos Ibañez, Punta Arenas Ap.",-53.00167,-70.83861,7.2625
2002-10-20,950001.0,"C.M.A. Eduardo Frei Montalva, Antártica ",-62.19194,-58.97972,-4.42
2002-10-21,180005.0,"Chacalluta, Arica Ap.",-18.35555,-70.34028,18.545833333333334
2002-10-21,200006.0,Diego Aracena Iquique Ap.,-20.54917,-70.18111,17.7
2002-10-21,220002.0,"El Loa, Calama Ad.",-22.49806,-68.8925,20.276470588235295
2002-10-21,270001.0,Mataveri  Isla de Pascua Ap.,-27.15889,-109.4325,20.080000000000002
2002-10-21,290004.0,"La Florida, La Serena Ad.",-29.91444,-71.20667,15.092857142857143
2002-10-21,330007.0,"Rodelillo, Ad.",-33.06528,-71.55639,14.96923076923077
2002-10-21,330019.0,"Eulogio Sánchez, Tobalaba Ad.",-33.45528,-70.54861,14.585714285714285
2002-10-21,330020.0,"Quinta Normal, Santiago",-33.445,-70.68278,15.16
2002-10-21,330021.0,Pudahuel Santiago ,-33.37833,-70.78778,11.25
2002-10-21,330030.0,"Santo Domingo, Ad.",-33.65611,-71.61333,14.114285714285714
2002-10-21,330031.0,"Juan Fernández, Estación Meteorológica.",-33.63583,-78.83305,12.16
2002-10-21,340031.0,"General Freire, Curicó Ad.",-34.96944,-71.21694,13.323076923076924
2002-10-21,360011.0,"General Bernardo O'Higgins, Chillán Ad.",-36.58583,-72.03667,14.816666666666668
2002-10-21,360019.0,"Carriel Sur, Concepción Ap.",-36.78055,-73.06639,11.129166666666668
2002-10-21,370033.0,"María Dolores, Los Angeles Ad.",-37.39694,-72.42389,11.399999999999999
2002-10-21,380013.0,"Maquehue, Temuco Ad.",-38.76778,-72.63194,8.791666666666666
2002-10-21,390006.0,"Pichoy, Valdivia Ad.",-39.65667,-73.08722,13.458333333333334
2002-10-21,400009.0,"Cañal Bajo,  Osorno Ad.",-40.61444,-73.0575,12.263636363636364
2002-10-21,410005.0,El Tepual  Puerto Montt Ap.,-41.4475,-73.09583,8.266666666666667
2002-10-21,430001.0,Quellón Ad.,-43.13361,-73.63278,9.98
2002-10-21,430002.0,Futaleufú Ad.,-43.18889,-71.85222,11.355555555555556
2002-10-21,450001.0,Puerto Aysén Ad.,-45.39944,-72.67722,10.65
2002-10-21,450004.0,"Teniente Vidal, Coyhaique Ad.",-45.59083,-72.10222,11.13846153846154
2002-10-21,450005.0,Balmaceda Ad.,-45.91833,-71.67778,6.9375
2002-10-21,520006.0,"Carlos Ibañez, Punta Arenas Ap.",-53.00167,-70.83861,6.620833333333334
2002-10-21,530005.0,"Fuentes Martínez, Porvenir Ad.",-53.25361,-70.32611,10.063636363636364
2002-10-21,550001.0,"Guardiamarina Zañartu, Pto Williams Ad.",-54.93167,-67.61556,6.0
2002-10-21,950001.0,"C.M.A. Eduardo Frei Montalva, Antártica ",-62.19194,-58.97972,-9.93
2002-10-22,180005.0,"Chacalluta, Arica Ap.",-18.35555,-70.34028,18.2375
2002-10-22,200006.0,Diego Aracena Iquique Ap.,-20.54917,-70.18111,18.099999999999998
2002-10-22,220002.0,"El Loa, Calama Ad.",-22.49806,-68.8925,18.625
2002-10-22,270001.0,Mataveri  Isla de Pascua Ap.,-27.15889,-109.4325,19.86470588235294
2002-10-22,290004.0,"La Florida, La Serena Ad.",-29.91444,-71.20667,15.584615384615384
2002-10-22,330007.0,"Rodelillo, Ad.",-33.06528,-71.55639,13.053846153846154
2002-10-22,330019.0,"Eulogio Sánchez, Tobalaba Ad.",-33.45528,-70.54861,19.335714285714285
2002-10-22,330020.0,"Quinta Normal, Santiago",-33.445,-70.68278,19.740000000000002
2002-10-22,330021.0,Pudahuel Santiago ,-33.37833,-70.78778,15.2875
2002-10-22,330030.0,"Santo Domingo, Ad.",-33.65611,-71.61333,14.021428571428572
2002-10-22,330031.0,"Juan Fernández, Estación Meteorológica.",-33.63583,-78.83305,13.0
2002-10-22,340031.0,"General Freire, Curicó Ad.",-34.96944,-71.21694,16.107692307692307
2002-10-22,360011.0,"General Bernardo O'Higgins, Chillán Ad.",-36.58583,-72.03667,17.758333333333333
2002-10-22,360019.0,"Carriel Sur, Concepción Ap.",-36.78055,-73.06639,12.204166666666666
2002-10-22,370033.0,"María Dolores, Los Angeles Ad.",-37.39694,-72.42389,14.45
2002-10-22,380013.0,"Maquehue, Temuco Ad.",-38.76778,-72.63194,10.383333333333333
2002-10-22,390006.0,"Pichoy, Valdivia Ad.",-39.65667,-73.08722,15.508333333333333
2002-10-22,400009.0,"Cañal Bajo,  Osorno Ad.",-40.61444,-73.0575,14.181818181818182
2002-10-22,410005.0,El Tepual  Puerto Montt Ap.,-41.4475,-73.09583,9.6875
2002-10-22,430001.0,Quellón Ad.,-43.13361,-73.63278,10.6
2002-10-22,430002.0,Futaleufú Ad.,-43.18889,-71.85222,12.122222222222222
2002-10-22,450001.0,Puerto Aysén Ad.,-45.39944,-72.67722,11.5
2002-10-22,450004.0,"Teniente Vidal, Coyhaique Ad.",-45.59083,-72.10222,11.569230769230769
2002-10-22,450005.0,Balmaceda Ad.,-45.91833,-71.67778,8.029166666666667
2002-10-22,520006.0,"Carlos Ibañez, Punta Arenas Ap.",-53.00167,-70.83861,7.763999999999999
2002-10-22,530005.0,"Fuentes Martínez, Porvenir Ad.",-53.25361,-70.32611,9.654545454545454
2002-10-22,550001.0,"Guardiamarina Zañartu, Pto Williams Ad.",-54.93167,-67.61556,8.32
2002-10-22,950001.0,"C.M.A. Eduardo Frei Montalva, Antártica ",-62.19194,-58.97972,-10.86153846153846
2002-10-23,180005.0,"Chacalluta, Arica Ap.",-18.35555,-70.34028,17.716666666666665
2002-10-23,200006.0,Diego Aracena Iquique Ap.,-20.54917,-70.18111,16.941666666666666
2002-10-23,220002.0,"El Loa, Calama Ad.",-22.49806,-68.8925,18.8625
2002-10-23,270001.0,Mataveri  Isla de Pascua Ap.,-27.15889,-109.4325,21.066666666666666
2002-10-23,290004.0,"La Florida, La Serena Ad.",-29.91444,-71.20667,14.938461538461537
2002-10-23,330007.0,"Rodelillo, Ad.",-33.06528,-71.55639,12.946153846153846
2002-10-23,330019.0,"Eulogio Sánchez, Tobalaba Ad.",-33.45528,-70.54861,14.6
2002-10-23,330020.0,"Quinta Normal, Santiago",-33.445,-70.68278,15.88
2002-10-23,330021.0,Pudahuel Santiago ,-33.37833,-70.78778,13.872
2002-10-23,330030.0,"Santo Domingo, Ad.",-33.65611,-71.61333,14.385714285714286
2002-10-23,330031.0,"Juan Fernández, Estación Meteorológica.",-33.63583,-78.83305,13.12
2002-10-23,340031.0,"General Freire, Curicó Ad.",-34.96944,-71.21694,15.884615384615385
2002-10-23,360011.0,"General Bernardo O'Higgins, Chillán Ad.",-36.58583,-72.03667,13.758333333333333
2002-10-23,360019.0,"Carriel Sur, Concepción Ap.",-36.78055,-73.06639,11.924999999999999
2002-10-23,370033.0,"María Dolores, Los Angeles Ad.",-37.39694,-72.42389,14.45
2002-10-23,380013.0,"Maquehue, Temuco Ad.",-38.76778,-72.63194,11.417391304347827
2002-10-23,390006.0,"Pichoy, Valdivia Ad.",-39.65667,-73.08722,13.833333333333334
2002-10-23,400009.0,"Cañal Bajo,  Osorno Ad.",-40.61444,-73.0575,14.02727272727273
2002-10-23,410005.0,El Tepual  Puerto Montt Ap.,-41.4475,-73.09583,10.641666666666667
2002-10-23,430001.0,Quellón Ad.,-43.13361,-73.63278,12.22
2002-10-23,430002.0,Futaleufú Ad.,-43.18889,-71.85222,12.666666666666666
2002-10-23,450001.0,Puerto Aysén Ad.,-45.39944,-72.67722,11.45
2002-10-23,450004.0,"Teniente Vidal, Coyhaique Ad.",-45.59083,-72.10222,11.23076923076923
2002-10-23,450005.0,Balmaceda Ad.,-45.91833,-71.67778,8.512500000000001
2002-10-23,520006.0,"Carlos Ibañez, Punta Arenas Ap.",-53.00167,-70.83861,3.8249999999999997
2002-10-23,530005.0,"Fuentes Martínez, Porvenir Ad.",-53.25361,-70.32611,4.5181818181818185
2002-10-23,550001.0,"Guardiamarina Zañartu, Pto Williams Ad.",-54.93167,-67.61556,1.822222222222222
2002-10-23,950001.0,"C.M.A. Eduardo Frei Montalva, Antártica ",-62.19194,-58.97972,-11.985714285714286
2002-10-24,180005.0,"Chacalluta, Arica Ap.",-18.35555,-70.34028,18.445833333333333
2002-10-24,200006.0,Diego Aracena Iquique Ap.,-20.54917,-70.18111,17.087500000000002
2002-10-24,220002.0,"El Loa, Calama Ad.",-22.49806,-68.8925,20.01875
2002-10-24,270001.0,Mataveri  Isla de Pascua Ap.,-27.15889,-109.4325,21.575
2002-10-24,290004.0,"La Florida, La Serena Ad.",-29.91444,-71.20667,15.946153846153846
2002-10-24,330007.0,"Rodelillo, Ad.",-33.06528,-71.55639,14.653846153846153
2002-10-24,330019.0,"Eulogio Sánchez, Tobalaba Ad.",-33.45528,-70.54861,16.8
2002-10-24,330020.0,"Quinta Normal, Santiago",-33.445,-70.68278,16.8
2002-10-24,330021.0,Pudahuel Santiago ,-33.37833,-70.78778,14.108333333333334
2002-10-24,330030.0,"Santo Domingo, Ad.",-33.65611,-71.61333,15.157142857142857
2002-10-24,330031.0,"Juan Fernández, Estación Meteorológica.",-33.63583,-78.83305,13.7
2002-10-24,340031.0,"General Freire, Curicó Ad.",-34.96944,-71.21694,16.93076923076923
2002-10-24,360011.0,"General Bernardo O'Higgins, Chillán Ad.",-36.58583,-72.03667,15.166666666666666
2002-10-24,360019.0,"Carriel Sur, Concepción Ap.",-36.78055,-73.06639,12.545833333333334
2002-10-24,370033.0,"María Dolores, Los Angeles Ad.",-37.39694,-72.42389,13.6
2002-10-24,380013.0,"Maquehue, Temuco Ad.",-38.76778,-72.63194,12.504166666666668
2002-10-24,390006.0,"Pichoy, Valdivia Ad.",-39.65667,-73.08722,11.991666666666667
2002-10-24,400009.0,"Cañal Bajo,  Osorno Ad.",-40.61444,-73.0575,12.490909090909092
2002-10-24,410005.0,El Tepual  Puerto Montt Ap.,-41.4475,-73.09583,10.558333333333334
2002-10-24,430001.0,Quellón Ad.,-43.13361,-73.63278,10.610000000000001
2002-10-24,430002.0,Futaleufú Ad.,-43.18889,-71.85222,10.555555555555555
2002-10-24,450001.0,Puerto Aysén Ad.,-45.39944,-72.67722,10.425
2002-10-24,450004.0,"Teniente Vidal, Coyhaique Ad.",-45.59083,-72.10222,11.0
2002-10-24,450005.0,Balmaceda Ad.,-45.91833,-71.67778,8.145833333333334
2002-10-24,520006.0,"Carlos Ibañez, Punta Arenas Ap.",-53.00167,-70.83861,3.6125000000000003
2002-10-24,530005.0,"Fuentes Martínez, Porvenir Ad.",-53.25361,-70.32611,6.041666666666667
2002-10-24,550001.0,"Guardiamarina Zañartu, Pto Williams Ad.",-54.93167,-67.61556,3.533333333333333
2002-10-24,950001.0,"C.M.A. Eduardo Frei Montalva, Antártica ",-62.19194,-58.97972,-7.42
2002-10-25,180005.0,"Chacalluta, Arica Ap.",-18.35555,-70.34028,18.025000000000002
2002-10-25,200006.0,Diego Aracena Iquique Ap.,-20.54917,-70.18111,17.179166666666667
2002-10-25,220002.0,"El Loa, Calama Ad.",-22.49806,-68.8925,19.294117647058822
2002-10-25,270001.0,Mataveri  Isla de Pascua Ap.,-27.15889,-109.4325,21.058333333333334
2002-10-25,290004.0,"La Florida, La Serena Ad.",-29.91444,-71.20667,16.408333333333335
2002-10-25,330007.0,"Rodelillo, Ad.",-33.06528,-71.55639,14.26923076923077
2002-10-25,330019.0,"Eulogio Sánchez, Tobalaba Ad.",-33.45528,-70.54861,14.028571428571428
2002-10-25,330020.0,"Quinta Normal, Santiago",-33.445,-70.68278,14.559999999999999
2002-10-25,330021.0,Pudahuel Santiago ,-33.37833,-70.78778,12.954166666666666
2002-10-25,330030.0,"Santo Domingo, Ad.",-33.65611,-71.61333,14.764285714285716
2002-10-25,330031.0,"Juan Fernández, Estación Meteorológica.",-33.63583,-78.83305,14.74
2002-10-25,340031.0,"General Freire, Curicó Ad.",-34.96944,-71.21694,13.93846153846154
2002-10-25,360011.0,"General Bernardo O'Higgins, Chillán Ad.",-36.58583,-72.03667,13.525
2002-10-25,360019.0,"Carriel Sur, Concepción Ap.",-36.78055,-73.06639,11.360000000000001
2002-10-25,370033.0,"María Dolores, Los Angeles Ad.",-37.39694,-72.42389,10.5
2002-10-25,380013.0,"Maquehue, Temuco Ad.",-38.76778,-72.63194,10.515384615384615
2002-10-25,390006.0,"Pichoy, Valdivia Ad.",-39.65667,-73.08722,11.933333333333332
2002-10-25,400009.0,"Cañal Bajo,  Osorno Ad.",-40.61444,-73.0575,12.30909090909091
2002-10-25,410005.0,El Tepual  Puerto Montt Ap.,-41.4475,-73.09583,10.216000000000001
2002-10-25,430001.0,Quellón Ad.,-43.13361,-73.63278,10.36
2002-10-25,430002.0,Futaleufú Ad.,-43.18889,-71.85222,8.275
2002-10-25,450001.0,Puerto Aysén Ad.,-45.39944,-72.67722,7.975
2002-10-25,450004.0,"Teniente Vidal, Coyhaique Ad.",-45.59083,-72.10222,7.607692307692308
2002-10-25,450005.0,Balmaceda Ad.,-45.91833,-71.67778,5.5920000000000005
2002-10-25,520006.0,"Carlos Ibañez, Punta Arenas Ap.",-53.00167,-70.83861,4.291666666666667
2002-10-25,530005.0,"Fuentes Martínez, Porvenir Ad.",-53.25361,-70.32611,8.345454545454546
2002-10-25,550001.0,"Guardiamarina Zañartu, Pto Williams Ad.",-54.93167,-67.61556,6.25
2002-10-25,950001.0,"C.M.A. Eduardo Frei Montalva, Antártica ",-62.19194,-58.97972,-5.275
2002-10-26,180005.0,"Chacalluta, Arica Ap.",-18.35555,-70.34028,18.504166666666666
2002-10-26,200006.0,Diego Aracena Iquique Ap.,-20.54917,-70.18111,17.875
2002-10-26,220002.0,"El Loa, Calama Ad.",-22.49806,-68.8925,19.21875
2002-10-26,270001.0,Mataveri  Isla de Pascua Ap.,-27.15889,-109.4325,19.783333333333335
2002-10-26,290004.0,"La Florida, La Serena Ad.",-29.91444,-71.20667,16.246153846153845
2002-10-26,330007.0,"Rodelillo, Ad.",-33.06528,-71.55639,16.26153846153846
2002-10-26,330019.0,"Eulogio Sánchez, Tobalaba Ad.",-33.45528,-70.54861,13.914285714285715
2002-10-26,330020.0,"Quinta Normal, Santiago",-33.445,-70.68278,14.280000000000001
2002-10-26,330021.0,Pudahuel Santiago ,-33.37833,-70.78778,12.775
2002-10-26,330030.0,"Santo Domingo, Ad.",-33.65611,-71.61333,15.607142857142858
2002-10-26,330031.0,"Juan Fernández, Estación Meteorológica.",-33.63583,-78.83305,13.15
2002-10-26,340031.0,"General Freire, Curicó Ad.",-34.96944,-71.21694,14.684615384615386
2002-10-26,360011.0,"General Bernardo O'Higgins, Chillán Ad.",-36.58583,-72.03667,11.908333333333333
2002-10-26,360019.0,"Carriel Sur, Concepción Ap.",-36.78055,-73.06639,11.7125
2002-10-26,370033.0,"María Dolores, Los Angeles Ad.",-37.39694,-72.42389,11.100000000000001
2002-10-26,380013.0,"Maquehue, Temuco Ad.",-38.76778,-72.63194,9.004
2002-10-26,390006.0,"Pichoy, Valdivia Ad.",-39.65667,-73.08722,12.133333333333333
2002-10-26,400009.0,"Cañal Bajo,  Osorno Ad.",-40.61444,-73.0575,11.549999999999999
2002-10-26,410005.0,El Tepual  Puerto Montt Ap.,-41.4475,-73.09583,7.404166666666668
2002-10-26,450004.0,"Teniente Vidal, Coyhaique Ad.",-45.59083,-72.10222,9.384615384615385
2002-10-26,450005.0,Balmaceda Ad.,-45.91833,-71.67778,6.333333333333333
2002-10-26,520006.0,"Carlos Ibañez, Punta Arenas Ap.",-53.00167,-70.83861,4.895833333333333
2002-10-26,530005.0,"Fuentes Martínez, Porvenir Ad.",-53.25361,-70.32611,5.545454545454546
2002-10-26,950001.0,"C.M.A. Eduardo Frei Montalva, Antártica ",-62.19194,-58.97972,-4.088235294117647
2002-10-27,180005.0,"Chacalluta, Arica Ap.",-18.35555,-70.34028,17.441666666666666
2002-10-27,200006.0,Diego Aracena Iquique Ap.,-20.54917,-70.18111,17.420833333333334
2002-10-27,220002.0,"El Loa, Calama Ad.",-22.49806,-68.8925,20.523076923076925
2002-10-27,270001.0,Mataveri  Isla de Pascua Ap.,-27.15889,-109.4325,21.01111111111111
2002-10-27,290004.0,"La Florida, La Serena Ad.",-29.91444,-71.20667,16.43846153846154
2002-10-27,330007.0,"Rodelillo, Ad.",-33.06528,-71.55639,18.246153846153845
2002-10-27,330019.0,"Eulogio Sánchez, Tobalaba Ad.",-33.45528,-70.54861,18.376923076923077
2002-10-27,330020.0,"Quinta Normal, Santiago",-33.445,-70.68278,18.06
2002-10-27,330021.0,Pudahuel Santiago ,-33.37833,-70.78778,14.104166666666666
2002-10-27,330030.0,"Santo Domingo, Ad.",-33.65611,-71.61333,16.214285714285715
2002-10-27,330031.0,"Juan Fernández, Estación Meteorológica.",-33.63583,-78.83305,13.4
2002-10-27,340031.0,"General Freire, Curicó Ad.",-34.96944,-71.21694,15.092307692307692
2002-10-27,360011.0,"General Bernardo O'Higgins, Chillán Ad.",-36.58583,-72.03667,14.450000000000001
2002-10-27,360019.0,"Carriel Sur, Concepción Ap.",-36.78055,-73.06639,11.075000000000001
2002-10-27,370033.0,"María Dolores, Los Angeles Ad.",-37.39694,-72.42389,12.6
2002-10-27,380013.0,"Maquehue, Temuco Ad.",-38.76778,-72.63194,9.158333333333333
2002-10-27,390006.0,"Pichoy, Valdivia Ad.",-39.65667,-73.08722,11.215384615384616
2002-10-27,400009.0,"Cañal Bajo,  Osorno Ad.",-40.61444,-73.0575,9.841666666666667
2002-10-27,410005.0,El Tepual  Puerto Montt Ap.,-41.4475,-73.09583,7.079166666666667
2002-10-27,450004.0,"Teniente Vidal, Coyhaique Ad.",-45.59083,-72.10222,8.276923076923076
2002-10-27,450005.0,Balmaceda Ad.,-45.91833,-71.67778,5.1625000000000005
2002-10-27,520006.0,"Carlos Ibañez, Punta Arenas Ap.",-53.00167,-70.83861,6.795833333333333
2002-10-27,950001.0,"C.M.A. Eduardo Frei Montalva, Antártica ",-62.19194,-58.97972,-0.6749999999999999
2002-10-28,180005.0,"Chacalluta, Arica Ap.",-18.35555,-70.34028,17.695833333333333
2002-10-28,200006.0,Diego Aracena Iquique Ap.,-20.54917,-70.18111,17.458333333333332
2002-10-28,220002.0,"El Loa, Calama Ad.",-22.49806,-68.8925,17.5
2002-10-28,270001.0,Mataveri  Isla de Pascua Ap.,-27.15889,-109.4325,20.79
2002-10-28,290004.0,"La Florida, La Serena Ad.",-29.91444,-71.20667,15.586666666666668
2002-10-28,330007.0,"Rodelillo, Ad.",-33.06528,-71.55639,16.7
2002-10-28,330019.0,"Eulogio Sánchez, Tobalaba Ad.",-33.45528,-70.54861,16.228571428571428
2002-10-28,330020.0,"Quinta Normal, Santiago",-33.445,-70.68278,17.1
2002-10-28,330021.0,Pudahuel Santiago ,-33.37833,-70.78778,15.408333333333333
2002-10-28,330030.0,"Santo Domingo, Ad.",-33.65611,-71.61333,15.628571428571428
2002-10-28,330031.0,"Juan Fernández, Estación Meteorológica.",-33.63583,-78.83305,13.14
2002-10-28,340031.0,"General Freire, Curicó Ad.",-34.96944,-71.21694,14.784615384615384
2002-10-28,360011.0,"General Bernardo O'Higgins, Chillán Ad.",-36.58583,-72.03667,15.841666666666667
2002-10-28,360019.0,"Carriel Sur, Concepción Ap.",-36.78055,-73.06639,11.366666666666667
2002-10-28,370033.0,"María Dolores, Los Angeles Ad.",-37.39694,-72.42389,13.35
2002-10-28,380013.0,"Maquehue, Temuco Ad.",-38.76778,-72.63194,8.296
2002-10-28,390006.0,"Pichoy, Valdivia Ad.",-39.65667,-73.08722,13.049999999999999
2002-10-28,400009.0,"Cañal Bajo,  Osorno Ad.",-40.61444,-73.0575,12.381818181818181
2002-10-28,410005.0,El Tepual  Puerto Montt Ap.,-41.4475,-73.09583,7.179166666666667
2002-10-28,430001.0,Quellón Ad.,-43.13361,-73.63278,11.36
2002-10-28,430002.0,Futaleufú Ad.,-43.18889,-71.85222,9.577777777777778
2002-10-28,450001.0,Puerto Aysén Ad.,-45.39944,-72.67722,9.275
2002-10-28,450004.0,"Teniente Vidal, Coyhaique Ad.",-45.59083,-72.10222,9.076923076923077
2002-10-28,450005.0,Balmaceda Ad.,-45.91833,-71.67778,4.991666666666666
2002-10-28,520006.0,"Carlos Ibañez, Punta Arenas Ap.",-53.00167,-70.83861,7.795833333333333
2002-10-28,530005.0,"Fuentes Martínez, Porvenir Ad.",-53.25361,-70.32611,10.118181818181817
2002-10-28,550001.0,"Guardiamarina Zañartu, Pto Williams Ad.",-54.93167,-67.61556,10.644444444444444
2002-10-28,950001.0,"C.M.A. Eduardo Frei Montalva, Antártica ",-62.19194,-58.97972,0.22499999999999998
2002-10-29,180005.0,"Chacalluta, Arica Ap.",-18.35555,-70.34028,18.579166666666666
2002-10-29,200006.0,Diego Aracena Iquique Ap.,-20.54917,-70.18111,18.066666666666666
2002-10-29,220002.0,"El Loa, Calama Ad.",-22.49806,-68.8925,16.63125
2002-10-29,270001.0,Mataveri  Isla de Pascua Ap.,-27.15889,-109.4325,22.400000000000002
2002-10-29,290004.0,"La Florida, La Serena Ad.",-29.91444,-71.20667,15.223076923076924
2002-10-29,330007.0,"Rodelillo, Ad.",-33.06528,-71.55639,16.184615384615384
2002-10-29,330019.0,"Eulogio Sánchez, Tobalaba Ad.",-33.45528,-70.54861,20.457142857142856
2002-10-29,330020.0,"Quinta Normal, Santiago",-33.445,-70.68278,20.9
2002-10-29,330021.0,Pudahuel Santiago ,-33.37833,-70.78778,16.6375
2002-10-29,330030.0,"Santo Domingo, Ad.",-33.65611,-71.61333,14.171428571428573
2002-10-29,330031.0,"Juan Fernández, Estación Meteorológica.",-33.63583,-78.83305,13.8
2002-10-29,340031.0,"General Freire, Curicó Ad.",-34.96944,-71.21694,17.36923076923077
2002-10-29,360011.0,"General Bernardo O'Higgins, Chillán Ad.",-36.58583,-72.03667,18.775000000000002
2002-10-29,360019.0,"Carriel Sur, Concepción Ap.",-36.78055,-73.06639,12.112499999999999
2002-10-29,370033.0,"María Dolores, Los Angeles Ad.",-37.39694,-72.42389,15.3
2002-10-29,380013.0,"Maquehue, Temuco Ad.",-38.76778,-72.63194,10.8125
2002-10-29,390006.0,"Pichoy, Valdivia Ad.",-39.65667,-73.08722,16.883333333333333
2002-10-29,400009.0,"Cañal Bajo,  Osorno Ad.",-40.61444,-73.0575,15.19090909090909
2002-10-29,410005.0,El Tepual  Puerto Montt Ap.,-41.4475,-73.09583,11.700000000000001
2002-10-29,430001.0,Quellón Ad.,-43.13361,-73.63278,13.540000000000001
2002-10-29,430002.0,Futaleufú Ad.,-43.18889,-71.85222,13.644444444444444
2002-10-29,450001.0,Puerto Aysén Ad.,-45.39944,-72.67722,12.6
2002-10-29,450004.0,"Teniente Vidal, Coyhaique Ad.",-45.59083,-72.10222,12.307692307692308
2002-10-29,450005.0,Balmaceda Ad.,-45.91833,-71.67778,9.720833333333333
2002-10-29,520006.0,"Carlos Ibañez, Punta Arenas Ap.",-53.00167,-70.83861,4.541666666666667
2002-10-29,530005.0,"Fuentes Martínez, Porvenir Ad.",-53.25361,-70.32611,7.016666666666667
2002-10-29,550001.0,"Guardiamarina Zañartu, Pto Williams Ad.",-54.93167,-67.61556,6.111111111111111
2002-10-29,950001.0,"C.M.A. Eduardo Frei Montalva, Antártica ",-62.19194,-58.97972,-1.2875
2002-10-30,180005.0,"Chacalluta, Arica Ap.",-18.35555,-70.34028,19.104166666666668
2002-10-30,200006.0,Diego Aracena Iquique Ap.,-20.54917,-70.18111,18.670833333333334
2002-10-30,220002.0,"El Loa, Calama Ad.",-22.49806,-68.8925,16.5
2002-10-30,270001.0,Mataveri  Isla de Pascua Ap.,-27.15889,-109.4325,22.863636363636363
2002-10-30,290004.0,"La Florida, La Serena Ad.",-29.91444,-71.20667,14.46923076923077
2002-10-30,330007.0,"Rodelillo, Ad.",-33.06528,-71.55639,16.153846153846153
2002-10-30,330019.0,"Eulogio Sánchez, Tobalaba Ad.",-33.45528,-70.54861,22.900000000000002
2002-10-30,330020.0,"Quinta Normal, Santiago",-33.445,-70.68278,23.080000000000002
2002-10-30,330021.0,Pudahuel Santiago ,-33.37833,-70.78778,17.754166666666666
2002-10-30,330030.0,"Santo Domingo, Ad.",-33.65611,-71.61333,12.221428571428572
2002-10-30,330031.0,"Juan Fernández, Estación Meteorológica.",-33.63583,-78.83305,14.2
2002-10-30,340031.0,"General Freire, Curicó Ad.",-34.96944,-71.21694,21.476923076923075
2002-10-30,360011.0,"General Bernardo O'Higgins, Chillán Ad.",-36.58583,-72.03667,20.116666666666667
2002-10-30,360019.0,"Carriel Sur, Concepción Ap.",-36.78055,-73.06639,12.333333333333334
2002-10-30,370033.0,"María Dolores, Los Angeles Ad.",-37.39694,-72.42389,17.1
2002-10-30,380013.0,"Maquehue, Temuco Ad.",-38.76778,-72.63194,12.608333333333333
2002-10-30,390006.0,"Pichoy, Valdivia Ad.",-39.65667,-73.08722,14.133333333333333
2002-10-30,400009.0,"Cañal Bajo,  Osorno Ad.",-40.61444,-73.0575,13.763636363636364
2002-10-30,410005.0,El Tepual  Puerto Montt Ap.,-41.4475,-73.09583,11.041666666666666
2002-10-30,430001.0,Quellón Ad.,-43.13361,-73.63278,12.940000000000001
2002-10-30,430002.0,Futaleufú Ad.,-43.18889,-71.85222,13.577777777777778
2002-10-30,450001.0,Puerto Aysén Ad.,-45.39944,-72.67722,11.95
2002-10-30,450004.0,"Teniente Vidal, Coyhaique Ad.",-45.59083,-72.10222,11.476923076923075
2002-10-30,450005.0,Balmaceda Ad.,-45.91833,-71.67778,8.770833333333334
2002-10-30,520006.0,"Carlos Ibañez, Punta Arenas Ap.",-53.00167,-70.83861,6.6499999999999995
2002-10-30,530005.0,"Fuentes Martínez, Porvenir Ad.",-53.25361,-70.32611,8.590909090909092
2002-10-30,550001.0,"Guardiamarina Zañartu, Pto Williams Ad.",-54.93167,-67.61556,5.7555555555555555
2002-10-30,950001.0,"C.M.A. Eduardo Frei Montalva, Antártica ",-62.19194,-58.97972,-1.7
2002-10-31,180005.0,"Chacalluta, Arica Ap.",-18.35555,-70.34028,18.204166666666666
2002-10-31,200006.0,Diego Aracena Iquique Ap.,-20.54917,-70.18111,17.458333333333332
2002-10-31,220002.0,"El Loa, Calama Ad.",-22.49806,-68.8925,17.89375
2002-10-31,270001.0,Mataveri  Isla de Pascua Ap.,-27.15889,-109.4325,21.338461538461537
2002-10-31,290004.0,"La Florida, La Serena Ad.",-29.91444,-71.20667,15.26923076923077
2002-10-31,330007.0,"Rodelillo, Ad.",-33.06528,-71.55639,12.307692307692308
2002-10-31,330019.0,"Eulogio Sánchez, Tobalaba Ad.",-33.45528,-70.54861,21.864285714285717
2002-10-31,330020.0,"Quinta Normal, Santiago",-33.445,-70.68278,22.419999999999998
2002-10-31,330021.0,Pudahuel Santiago ,-33.37833,-70.78778,18.1375
2002-10-31,330030.0,"Santo Domingo, Ad.",-33.65611,-71.61333,12.357142857142858
2002-10-31,330031.0,"Juan Fernández, Estación Meteorológica.",-33.63583,-78.83305,14.76
2002-10-31,340031.0,"General Freire, Curicó Ad.",-34.96944,-71.21694,20.946153846153848
2002-10-31,360011.0,"General Bernardo O'Higgins, Chillán Ad.",-36.58583,-72.03667,17.575
2002-10-31,360019.0,"Carriel Sur, Concepción Ap.",-36.78055,-73.06639,12.174999999999999
2002-10-31,370033.0,"María Dolores, Los Angeles Ad.",-37.39694,-72.42389,13.3
2002-10-31,380013.0,"Maquehue, Temuco Ad.",-38.76778,-72.63194,10.958333333333334
2002-10-31,390006.0,"Pichoy, Valdivia Ad.",-39.65667,-73.08722,11.683333333333332
2002-10-31,400009.0,"Cañal Bajo,  Osorno Ad.",-40.61444,-73.0575,11.263636363636364
2002-10-31,410005.0,El Tepual  Puerto Montt Ap.,-41.4475,-73.09583,10.112499999999999
2002-10-31,430001.0,Quellón Ad.,-43.13361,-73.63278,11.35
2002-10-31,430002.0,Futaleufú Ad.,-43.18889,-71.85222,10.61111111111111
2002-10-31,450001.0,Puerto Aysén Ad.,-45.39944,-72.67722,11.975
2002-10-31,450004.0,"Teniente Vidal, Coyhaique Ad.",-45.59083,-72.10222,12.107692307692307
2002-10-31,450005.0,Balmaceda Ad.,-45.91833,-71.67778,9.200000000000001
2002-10-31,520006.0,"Carlos Ibañez, Punta Arenas Ap.",-53.00167,-70.83861,5.545833333333333
2002-10-31,530005.0,"Fuentes Martínez, Porvenir Ad.",-53.25361,-70.32611,8.272727272727273
2002-10-31,550001.0,"Guardiamarina Zañartu, Pto Williams Ad.",-54.93167,-67.61556,6.511111111111111
2002-10-31,950001.0,"C.M.A. Eduardo Frei Montalva, Antártica ",-62.19194,-58.97972,-3.4733333333333336
2002-11-01,180005.0,"Chacalluta, Arica Ap.",-18.35555,-70.34028,18.1375
2002-11-01,200006.0,Diego Aracena Iquique Ap.,-20.54917,-70.18111,17.008333333333333
2002-11-01,220002.0,"El Loa, Calama Ad.",-22.49806,-68.8925,18.025
2002-11-01,270001.0,Mataveri  Isla de Pascua Ap.,-27.15889,-109.4325,21.53333333333333
2002-11-01,290004.0,"La Florida, La Serena Ad.",-29.91444,-71.20667,14.646153846153847
2002-11-01,330007.0,"Rodelillo, Ad.",-33.06528,-71.55639,12.535714285714286
2002-11-01,330019.0,"Eulogio Sánchez, Tobalaba Ad.",-33.45528,-70.54861,17.376923076923077
2002-11-01,330020.0,"Quinta Normal, Santiago",-33.445,-70.68278,16.119999999999997
2002-11-01,330021.0,Pudahuel Santiago ,-33.37833,-70.78778,13.003703703703705
2002-11-01,330030.0,"Santo Domingo, Ad.",-33.65611,-71.61333,14.171428571428573
2002-11-01,330031.0,"Juan Fernández, Estación Meteorológica.",-33.63583,-78.83305,15.425
2002-11-01,340031.0,"General Freire, Curicó Ad.",-34.96944,-71.21694,13.061538461538463
2002-11-01,360011.0,"General Bernardo O'Higgins, Chillán Ad.",-36.58583,-72.03667,13.616666666666667
2002-11-01,360019.0,"Carriel Sur, Concepción Ap.",-36.78055,-73.06639,12.540740740740741
2002-11-01,370033.0,"María Dolores, Los Angeles Ad.",-37.39694,-72.42389,13.936363636363637
2002-11-01,380013.0,"Maquehue, Temuco Ad.",-38.76778,-72.63194,11.862499999999999
2002-11-01,390006.0,"Pichoy, Valdivia Ad.",-39.65667,-73.08722,12.241666666666667
2002-11-01,400009.0,"Cañal Bajo,  Osorno Ad.",-40.61444,-73.0575,13.563636363636363
2002-11-01,410005.0,El Tepual  Puerto Montt Ap.,-41.4475,-73.09583,11.64
2002-11-01,450004.0,"Teniente Vidal, Coyhaique Ad.",-45.59083,-72.10222,13.476923076923075
2002-11-01,450005.0,Balmaceda Ad.,-45.91833,-71.67778,8.516666666666667
2002-11-01,520006.0,"Carlos Ibañez, Punta Arenas Ap.",-53.00167,-70.83861,5.538461538461538
2002-11-01,950001.0,"C.M.A. Eduardo Frei Montalva, Antártica ",-62.19194,-58.97972,-4.107692307692307
2002-11-02,180005.0,"Chacalluta, Arica Ap.",-18.35555,-70.34028,18.608333333333334
2002-11-02,200006.0,Diego Aracena Iquique Ap.,-20.54917,-70.18111,17.645833333333332
2002-11-02,220002.0,"El Loa, Calama Ad.",-22.49806,-68.8925,18.457142857142856
2002-11-02,270001.0,Mataveri  Isla de Pascua Ap.,-27.15889,-109.4325,21.849999999999998
2002-11-02,290004.0,"La Florida, La Serena Ad.",-29.91444,-71.20667,15.776923076923076
2002-11-02,330007.0,"Rodelillo, Ad.",-33.06528,-71.55639,14.761538461538462
2002-11-02,330019.0,"Eulogio Sánchez, Tobalaba Ad.",-33.45528,-70.54861,13.930769230769231
2002-11-02,330020.0,"Quinta Normal, Santiago",-33.445,-70.68278,14.2
2002-11-02,330021.0,Pudahuel Santiago ,-33.37833,-70.78778,12.733333333333334
2002-11-02,330030.0,"Santo Domingo, Ad.",-33.65611,-71.61333,14.664285714285715
2002-11-02,330031.0,"Juan Fernández, Estación Meteorológica.",-33.63583,-78.83305,13.65
2002-11-02,340031.0,"General Freire, Curicó Ad.",-34.96944,-71.21694,14.553846153846154
2002-11-02,360011.0,"General Bernardo O'Higgins, Chillán Ad.",-36.58583,-72.03667,14.233333333333334
2002-11-02,360019.0,"Carriel Sur, Concepción Ap.",-36.78055,-73.06639,12.15
2002-11-02,370033.0,"María Dolores, Los Angeles Ad.",-37.39694,-72.42389,13.408333333333333
2002-11-02,380013.0,"Maquehue, Temuco Ad.",-38.76778,-72.63194,11.079166666666666
2002-11-02,390006.0,"Pichoy, Valdivia Ad.",-39.65667,-73.08722,13.338461538461539
2002-11-02,400009.0,"Cañal Bajo,  Osorno Ad.",-40.61444,-73.0575,11.963636363636363
2002-11-02,410005.0,El Tepual  Puerto Montt Ap.,-41.4475,-73.09583,9.5375
2002-11-02,450004.0,"Teniente Vidal, Coyhaique Ad.",-45.59083,-72.10222,13.515384615384615
2002-11-02,450005.0,Balmaceda Ad.,-45.91833,-71.67778,8.549999999999999
2002-11-02,520006.0,"Carlos Ibañez, Punta Arenas Ap.",-53.00167,-70.83861,8.220833333333333
2002-11-02,530005.0,"Fuentes Martínez, Porvenir Ad.",-53.25361,-70.32611,10.39090909090909
2002-11-02,950001.0,"C.M.A. Eduardo Frei Montalva, Antártica ",-62.19194,-58.97972,-2.253846153846154
2002-11-03,180005.0,"Chacalluta, Arica Ap.",-18.35555,-70.34028,19.058333333333334
2002-11-03,200006.0,Diego Aracena Iquique Ap.,-20.54917,-70.18111,18.733333333333334
2002-11-03,220002.0,"El Loa, Calama Ad.",-22.49806,-68.8925,20.346153846153847
2002-11-03,270001.0,Mataveri  Isla de Pascua Ap.,-27.15889,-109.4325,20.59375
2002-11-03,290004.0,"La Florida, La Serena Ad.",-29.91444,-71.20667,16.115384615384617
2002-11-03,330007.0,"Rodelillo, Ad.",-33.06528,-71.55639,16.96923076923077
2002-11-03,330019.0,"Eulogio Sánchez, Tobalaba Ad.",-33.45528,-70.54861,17.93076923076923
2002-11-03,330020.0,"Quinta Normal, Santiago",-33.445,-70.68278,17.380000000000003
2002-11-03,330021.0,Pudahuel Santiago ,-33.37833,-70.78778,13.995833333333332
2002-11-03,330030.0,"Santo Domingo, Ad.",-33.65611,-71.61333,15.342857142857143
2002-11-03,330031.0,"Juan Fernández, Estación Meteorológica.",-33.63583,-78.83305,13.2
2002-11-03,340031.0,"General Freire, Curicó Ad.",-34.96944,-71.21694,16.123076923076923
2002-11-03,360011.0,"General Bernardo O'Higgins, Chillán Ad.",-36.58583,-72.03667,16.208333333333332
2002-11-03,360019.0,"Carriel Sur, Concepción Ap.",-36.78055,-73.06639,11.841666666666667
2002-11-03,370033.0,"María Dolores, Los Angeles Ad.",-37.39694,-72.42389,15.366666666666667
2002-11-03,380013.0,"Maquehue, Temuco Ad.",-38.76778,-72.63194,10.7875
2002-11-03,390006.0,"Pichoy, Valdivia Ad.",-39.65667,-73.08722,14.69090909090909
2002-11-03,400009.0,"Cañal Bajo,  Osorno Ad.",-40.61444,-73.0575,14.272727272727273
2002-11-03,410005.0,El Tepual  Puerto Montt Ap.,-41.4475,-73.09583,10.508333333333333
2002-11-03,450004.0,"Teniente Vidal, Coyhaique Ad.",-45.59083,-72.10222,13.669230769230769
2002-11-03,450005.0,Balmaceda Ad.,-45.91833,-71.67778,8.745833333333334
2002-11-03,520006.0,"Carlos Ibañez, Punta Arenas Ap.",-53.00167,-70.83861,8.404166666666667
2002-11-03,950001.0,"C.M.A. Eduardo Frei Montalva, Antártica ",-62.19194,-58.97972,-1.9727272727272727
2002-11-04,180005.0,"Chacalluta, Arica Ap.",-18.35555,-70.34028,18.808333333333334
2002-11-04,200006.0,Diego Aracena Iquique Ap.,-20.54917,-70.18111,17.679166666666667
2002-11-04,220002.0,"El Loa, Calama Ad.",-22.49806,-68.8925,17.11764705882353
2002-11-04,270001.0,Mataveri  Isla de Pascua Ap.,-27.15889,-109.4325,18.835714285714285
2002-11-04,290004.0,"La Florida, La Serena Ad.",-29.91444,-71.20667,14.87142857142857
2002-11-04,330007.0,"Rodelillo, Ad.",-33.06528,-71.55639,15.023076923076925
2002-11-04,330019.0,"Eulogio Sánchez, Tobalaba Ad.",-33.45528,-70.54861,20.82857142857143
2002-11-04,330020.0,"Quinta Normal, Santiago",-33.445,-70.68278,21.6
2002-11-04,330021.0,Pudahuel Santiago ,-33.37833,-70.78778,16.5125
2002-11-04,330030.0,"Santo Domingo, Ad.",-33.65611,-71.61333,14.407142857142858
2002-11-04,330031.0,"Juan Fernández, Estación Meteorológica.",-33.63583,-78.83305,13.84
2002-11-04,340031.0,"General Freire, Curicó Ad.",-34.96944,-71.21694,19.392307692307693
2002-11-04,360011.0,"General Bernardo O'Higgins, Chillán Ad.",-36.58583,-72.03667,18.916666666666668
2002-11-04,360019.0,"Carriel Sur, Concepción Ap.",-36.78055,-73.06639,13.0625
2002-11-04,370033.0,"María Dolores, Los Angeles Ad.",-37.39694,-72.42389,20.05
2002-11-04,380013.0,"Maquehue, Temuco Ad.",-38.76778,-72.63194,12.420833333333334
2002-11-04,390006.0,"Pichoy, Valdivia Ad.",-39.65667,-73.08722,17.233333333333334
2002-11-04,400009.0,"Cañal Bajo,  Osorno Ad.",-40.61444,-73.0575,15.736363636363636
2002-11-04,410005.0,El Tepual  Puerto Montt Ap.,-41.4475,-73.09583,11.008333333333333
2002-11-04,430001.0,Quellón Ad.,-43.13361,-73.63278,12.3
2002-11-04,430002.0,Futaleufú Ad.,-43.18889,-71.85222,15.344444444444443
2002-11-04,450001.0,Puerto Aysén Ad.,-45.39944,-72.67722,13.925
2002-11-04,450004.0,"Teniente Vidal, Coyhaique Ad.",-45.59083,-72.10222,16.384615384615383
2002-11-04,450005.0,Balmaceda Ad.,-45.91833,-71.67778,9.208333333333334
2002-11-04,520006.0,"Carlos Ibañez, Punta Arenas Ap.",-53.00167,-70.83861,8.1
2002-11-04,530005.0,"Fuentes Martínez, Porvenir Ad.",-53.25361,-70.32611,9.4
2002-11-04,550001.0,"Guardiamarina Zañartu, Pto Williams Ad.",-54.93167,-67.61556,9.044444444444444
2002-11-04,950001.0,"C.M.A. Eduardo Frei Montalva, Antártica ",-62.19194,-58.97972,-1.8125
2002-11-05,180005.0,"Chacalluta, Arica Ap.",-18.35555,-70.34028,18.066666666666666
2002-11-05,200006.0,Diego Aracena Iquique Ap.,-20.54917,-70.18111,17.758333333333333
2002-11-05,220002.0,"El Loa, Calama Ad.",-22.49806,-68.8925,18.675
2002-11-05,270001.0,Mataveri  Isla de Pascua Ap.,-27.15889,-109.4325,19.36875
2002-11-05,290004.0,"La Florida, La Serena Ad.",-29.91444,-71.20667,14.392857142857142
2002-11-05,330007.0,"Rodelillo, Ad.",-33.06528,-71.55639,12.430769230769231
2002-11-05,330019.0,"Eulogio Sánchez, Tobalaba Ad.",-33.45528,-70.54861,21.285714285714285
2002-11-05,330020.0,"Quinta Normal, Santiago",-33.445,-70.68278,21.6
2002-11-05,330021.0,Pudahuel Santiago ,-33.37833,-70.78778,16.895833333333332
2002-11-05,330030.0,"Santo Domingo, Ad.",-33.65611,-71.61333,13.87857142857143
2002-11-05,330031.0,"Juan Fernández, Estación Meteorológica.",-33.63583,-78.83305,14.219999999999999
2002-11-05,340031.0,"General Freire, Curicó Ad.",-34.96944,-71.21694,20.915384615384614
2002-11-05,360011.0,"General Bernardo O'Higgins, Chillán Ad.",-36.58583,-72.03667,19.974999999999998
2002-11-05,360019.0,"Carriel Sur, Concepción Ap.",-36.78055,-73.06639,11.448387096774193
2002-11-05,370033.0,"María Dolores, Los Angeles Ad.",-37.39694,-72.42389,21.216666666666665
2002-11-05,380013.0,"Maquehue, Temuco Ad.",-38.76778,-72.63194,13.988461538461538
2002-11-05,390006.0,"Pichoy, Valdivia Ad.",-39.65667,-73.08722,18.5
2002-11-05,400009.0,"Cañal Bajo,  Osorno Ad.",-40.61444,-73.0575,19.472727272727273
2002-11-05,410005.0,El Tepual  Puerto Montt Ap.,-41.4475,-73.09583,12.477777777777776
2002-11-05,430001.0,Quellón Ad.,-43.13361,-73.63278,12.26
2002-11-05,430002.0,Futaleufú Ad.,-43.18889,-71.85222,18.866666666666667
2002-11-05,450001.0,Puerto Aysén Ad.,-45.39944,-72.67722,16.475
2002-11-05,450004.0,"Teniente Vidal, Coyhaique Ad.",-45.59083,-72.10222,17.707692307692305
2002-11-05,450005.0,Balmaceda Ad.,-45.91833,-71.67778,11.320833333333333
2002-11-05,520006.0,"Carlos Ibañez, Punta Arenas Ap.",-53.00167,-70.83861,10.625
2002-11-05,530005.0,"Fuentes Martínez, Porvenir Ad.",-53.25361,-70.32611,9.674999999999999
2002-11-05,550001.0,"Guardiamarina Zañartu, Pto Williams Ad.",-54.93167,-67.61556,11.911111111111111
2002-11-05,950001.0,"C.M.A. Eduardo Frei Montalva, Antártica ",-62.19194,-58.97972,-0.5636363636363636
2002-11-06,180005.0,"Chacalluta, Arica Ap.",-18.35555,-70.34028,19.654166666666665
2002-11-06,200006.0,Diego Aracena Iquique Ap.,-20.54917,-70.18111,18.529166666666665
2002-11-06,220002.0,"El Loa, Calama Ad.",-22.49806,-68.8925,18.575
2002-11-06,270001.0,Mataveri  Isla de Pascua Ap.,-27.15889,-109.4325,19.753333333333334
2002-11-06,290004.0,"La Florida, La Serena Ad.",-29.91444,-71.20667,15.399999999999999
2002-11-06,330007.0,"Rodelillo, Ad.",-33.06528,-71.55639,13.853846153846153
2002-11-06,330019.0,"Eulogio Sánchez, Tobalaba Ad.",-33.45528,-70.54861,14.533333333333333
2002-11-06,330020.0,"Quinta Normal, Santiago",-33.445,-70.68278,15.26
2002-11-06,330021.0,Pudahuel Santiago ,-33.37833,-70.78778,13.1625
2002-11-06,330030.0,"Santo Domingo, Ad.",-33.65611,-71.61333,15.799999999999999
2002-11-06,330031.0,"Juan Fernández, Estación Meteorológica.",-33.63583,-78.83305,15.62
2002-11-06,340031.0,"General Freire, Curicó Ad.",-34.96944,-71.21694,15.215384615384616
2002-11-06,360011.0,"General Bernardo O'Higgins, Chillán Ad.",-36.58583,-72.03667,14.166666666666666
2002-11-06,360019.0,"Carriel Sur, Concepción Ap.",-36.78055,-73.06639,12.748
2002-11-06,370033.0,"María Dolores, Los Angeles Ad.",-37.39694,-72.42389,12.924999999999999
2002-11-06,380013.0,"Maquehue, Temuco Ad.",-38.76778,-72.63194,13.179166666666667
2002-11-06,390006.0,"Pichoy, Valdivia Ad.",-39.65667,-73.08722,12.0
2002-11-06,400009.0,"Cañal Bajo,  Osorno Ad.",-40.61444,-73.0575,12.272727272727273
2002-11-06,410005.0,El Tepual  Puerto Montt Ap.,-41.4475,-73.09583,11.645833333333334
2002-11-06,430001.0,Quellón Ad.,-43.13361,-73.63278,12.120000000000001
2002-11-06,430002.0,Futaleufú Ad.,-43.18889,-71.85222,15.733333333333333
2002-11-06,450001.0,Puerto Aysén Ad.,-45.39944,-72.67722,14.625
2002-11-06,450004.0,"Teniente Vidal, Coyhaique Ad.",-45.59083,-72.10222,15.7
2002-11-06,450005.0,Balmaceda Ad.,-45.91833,-71.67778,11.420833333333334
2002-11-06,520006.0,"Carlos Ibañez, Punta Arenas Ap.",-53.00167,-70.83861,10.841666666666667
2002-11-06,530005.0,"Fuentes Martínez, Porvenir Ad.",-53.25361,-70.32611,15.227272727272727
2002-11-06,550001.0,"Guardiamarina Zañartu, Pto Williams Ad.",-54.93167,-67.61556,11.0
2002-11-06,950001.0,"C.M.A. Eduardo Frei Montalva, Antártica ",-62.19194,-58.97972,-1.8666666666666667
2002-11-07,180005.0,"Chacalluta, Arica Ap.",-18.35555,-70.34028,19.329166666666666
2002-11-07,200006.0,Diego Aracena Iquique Ap.,-20.54917,-70.18111,17.933333333333334
2002-11-07,220002.0,"El Loa, Calama Ad.",-22.49806,-68.8925,17.5
2002-11-07,270001.0,Mataveri  Isla de Pascua Ap.,-27.15889,-109.4325,18.79
2002-11-07,290004.0,"La Florida, La Serena Ad.",-29.91444,-71.20667,16.185714285714287
2002-11-07,330007.0,"Rodelillo, Ad.",-33.06528,-71.55639,16.8
2002-11-07,330019.0,"Eulogio Sánchez, Tobalaba Ad.",-33.45528,-70.54861,17.228571428571428
2002-11-07,330020.0,"Quinta Normal, Santiago",-33.445,-70.68278,17.16
2002-11-07,330021.0,Pudahuel Santiago ,-33.37833,-70.78778,13.529166666666667
2002-11-07,330030.0,"Santo Domingo, Ad.",-33.65611,-71.61333,16.42142857142857
2002-11-07,330031.0,"Juan Fernández, Estación Meteorológica.",-33.63583,-78.83305,15.2
2002-11-07,340031.0,"General Freire, Curicó Ad.",-34.96944,-71.21694,18.476923076923075
2002-11-07,360011.0,"General Bernardo O'Higgins, Chillán Ad.",-36.58583,-72.03667,14.825000000000001
2002-11-07,360019.0,"Carriel Sur, Concepción Ap.",-36.78055,-73.06639,14.191666666666668
2002-11-07,370033.0,"María Dolores, Los Angeles Ad.",-37.39694,-72.42389,14.581818181818182
2002-11-07,380013.0,"Maquehue, Temuco Ad.",-38.76778,-72.63194,12.700000000000001
2002-11-07,390006.0,"Pichoy, Valdivia Ad.",-39.65667,-73.08722,14.058333333333332
2002-11-07,400009.0,"Cañal Bajo,  Osorno Ad.",-40.61444,-73.0575,12.163636363636364
2002-11-07,410005.0,El Tepual  Puerto Montt Ap.,-41.4475,-73.09583,10.5
2002-11-07,430001.0,Quellón Ad.,-43.13361,-73.63278,11.190000000000001
2002-11-07,430002.0,Futaleufú Ad.,-43.18889,-71.85222,9.044444444444444
2002-11-07,450001.0,Puerto Aysén Ad.,-45.39944,-72.67722,12.075
2002-11-07,450004.0,"Teniente Vidal, Coyhaique Ad.",-45.59083,-72.10222,11.992307692307692
2002-11-07,450005.0,Balmaceda Ad.,-45.91833,-71.67778,9.174999999999999
2002-11-07,520006.0,"Carlos Ibañez, Punta Arenas Ap.",-53.00167,-70.83861,9.566666666666666
2002-11-07,530005.0,"Fuentes Martínez, Porvenir Ad.",-53.25361,-70.32611,13.145454545454545
2002-11-07,550001.0,"Guardiamarina Zañartu, Pto Williams Ad.",-54.93167,-67.61556,6.6
2002-11-07,950001.0,"C.M.A. Eduardo Frei Montalva, Antártica ",-62.19194,-58.97972,-2.6
2002-11-08,180005.0,"Chacalluta, Arica Ap.",-18.35555,-70.34028,18.3125
2002-11-08,200006.0,Diego Aracena Iquique Ap.,-20.54917,-70.18111,17.099999999999998
2002-11-08,220002.0,"El Loa, Calama Ad.",-22.49806,-68.8925,17.764705882352942
2002-11-08,270001.0,Mataveri  Isla de Pascua Ap.,-27.15889,-109.4325,19.566666666666666
2002-11-08,290004.0,"La Florida, La Serena Ad.",-29.91444,-71.20667,17.458333333333332
2002-11-08,330007.0,"Rodelillo, Ad.",-33.06528,-71.55639,15.261538461538462
2002-11-08,330019.0,"Eulogio Sánchez, Tobalaba Ad.",-33.45528,-70.54861,13.171428571428573
2002-11-08,330020.0,"Quinta Normal, Santiago",-33.445,-70.68278,15.12
2002-11-08,330021.0,Pudahuel Santiago ,-33.37833,-70.78778,12.408333333333333
2002-11-08,330030.0,"Santo Domingo, Ad.",-33.65611,-71.61333,15.585714285714285
2002-11-08,330031.0,"Juan Fernández, Estación Meteorológica.",-33.63583,-78.83305,14.16
2002-11-08,340031.0,"General Freire, Curicó Ad.",-34.96944,-71.21694,15.446153846153846
2002-11-08,360011.0,"General Bernardo O'Higgins, Chillán Ad.",-36.58583,-72.03667,11.258333333333333
2002-11-08,360019.0,"Carriel Sur, Concepción Ap.",-36.78055,-73.06639,11.200000000000001
2002-11-08,370033.0,"María Dolores, Los Angeles Ad.",-37.39694,-72.42389,9.983333333333333
2002-11-08,380013.0,"Maquehue, Temuco Ad.",-38.76778,-72.63194,10.420833333333333
2002-11-08,390006.0,"Pichoy, Valdivia Ad.",-39.65667,-73.08722,11.508333333333333
2002-11-08,400009.0,"Cañal Bajo,  Osorno Ad.",-40.61444,-73.0575,11.772727272727273
2002-11-08,410005.0,El Tepual  Puerto Montt Ap.,-41.4475,-73.09583,10.633333333333333
2002-11-08,430001.0,Quellón Ad.,-43.13361,-73.63278,12.6
2002-11-08,430002.0,Futaleufú Ad.,-43.18889,-71.85222,11.7125
2002-11-08,450001.0,Puerto Aysén Ad.,-45.39944,-72.67722,12.9
2002-11-08,450004.0,"Teniente Vidal, Coyhaique Ad.",-45.59083,-72.10222,13.384615384615385
2002-11-08,450005.0,Balmaceda Ad.,-45.91833,-71.67778,9.200000000000001
2002-11-08,520006.0,"Carlos Ibañez, Punta Arenas Ap.",-53.00167,-70.83861,7.5
2002-11-08,530005.0,"Fuentes Martínez, Porvenir Ad.",-53.25361,-70.32611,11.345454545454546
2002-11-08,550001.0,"Guardiamarina Zañartu, Pto Williams Ad.",-54.93167,-67.61556,10.025
2002-11-08,950001.0,"C.M.A. Eduardo Frei Montalva, Antártica ",-62.19194,-58.97972,-3.7600000000000002
2002-11-09,180005.0,"Chacalluta, Arica Ap.",-18.35555,-70.34028,18.8625
2002-11-09,200006.0,Diego Aracena Iquique Ap.,-20.54917,-70.18111,17.716666666666665
2002-11-09,220002.0,"El Loa, Calama Ad.",-22.49806,-68.8925,17.586666666666666
2002-11-09,270001.0,Mataveri  Isla de Pascua Ap.,-27.15889,-109.4325,21.28181818181818
2002-11-09,290004.0,"La Florida, La Serena Ad.",-29.91444,-71.20667,17.884615384615383
2002-11-09,330007.0,"Rodelillo, Ad.",-33.06528,-71.55639,15.26923076923077
2002-11-09,330019.0,"Eulogio Sánchez, Tobalaba Ad.",-33.45528,-70.54861,15.976923076923075
2002-11-09,330020.0,"Quinta Normal, Santiago",-33.445,-70.68278,16.0
2002-11-09,330021.0,Pudahuel Santiago ,-33.37833,-70.78778,13.241666666666667
2002-11-09,330030.0,"Santo Domingo, Ad.",-33.65611,-71.61333,15.442857142857141
2002-11-09,330031.0,"Juan Fernández, Estación Meteorológica.",-33.63583,-78.83305,14.2
2002-11-09,340031.0,"General Freire, Curicó Ad.",-34.96944,-71.21694,16.923076923076923
2002-11-09,360011.0,"General Bernardo O'Higgins, Chillán Ad.",-36.58583,-72.03667,15.475
2002-11-09,360019.0,"Carriel Sur, Concepción Ap.",-36.78055,-73.06639,11.583333333333334
2002-11-09,370033.0,"María Dolores, Los Angeles Ad.",-37.39694,-72.42389,15.808333333333332
2002-11-09,380013.0,"Maquehue, Temuco Ad.",-38.76778,-72.63194,10.308333333333334
2002-11-09,390006.0,"Pichoy, Valdivia Ad.",-39.65667,-73.08722,14.033333333333333
2002-11-09,400009.0,"Cañal Bajo,  Osorno Ad.",-40.61444,-73.0575,14.733333333333334
2002-11-09,410005.0,El Tepual  Puerto Montt Ap.,-41.4475,-73.09583,10.016666666666667
2002-11-09,450004.0,"Teniente Vidal, Coyhaique Ad.",-45.59083,-72.10222,14.892307692307693
2002-11-09,450005.0,Balmaceda Ad.,-45.91833,-71.67778,9.575000000000001
2002-11-09,520006.0,"Carlos Ibañez, Punta Arenas Ap.",-53.00167,-70.83861,9.266666666666667
2002-11-09,530005.0,"Fuentes Martínez, Porvenir Ad.",-53.25361,-70.32611,11.184615384615386
2002-11-09,950001.0,"C.M.A. Eduardo Frei Montalva, Antártica ",-62.19194,-58.97972,-2.1
2002-11-10,180005.0,"Chacalluta, Arica Ap.",-18.35555,-70.34028,18.462500000000002
2002-11-10,200006.0,Diego Aracena Iquique Ap.,-20.54917,-70.18111,17.358333333333334
2002-11-10,220002.0,"El Loa, Calama Ad.",-22.49806,-68.8925,21.176923076923078
2002-11-10,270001.0,Mataveri  Isla de Pascua Ap.,-27.15889,-109.4325,19.833333333333332
2002-11-10,290004.0,"La Florida, La Serena Ad.",-29.91444,-71.20667,17.384615384615383
2002-11-10,330007.0,"Rodelillo, Ad.",-33.06528,-71.55639,19.700000000000003
2002-11-10,330019.0,"Eulogio Sánchez, Tobalaba Ad.",-33.45528,-70.54861,19.930769230769233
2002-11-10,330020.0,"Quinta Normal, Santiago",-33.445,-70.68278,19.86
2002-11-10,330021.0,Pudahuel Santiago ,-33.37833,-70.78778,14.991666666666667
2002-11-10,330030.0,"Santo Domingo, Ad.",-33.65611,-71.61333,18.714285714285715
2002-11-10,330031.0,"Juan Fernández, Estación Meteorológica.",-33.63583,-78.83305,13.8
2002-11-10,340031.0,"General Freire, Curicó Ad.",-34.96944,-71.21694,17.907692307692308
2002-11-10,360011.0,"General Bernardo O'Higgins, Chillán Ad.",-36.58583,-72.03667,17.133333333333333
2002-11-10,360019.0,"Carriel Sur, Concepción Ap.",-36.78055,-73.06639,13.008333333333333
2002-11-10,370033.0,"María Dolores, Los Angeles Ad.",-37.39694,-72.42389,17.26666666666667
2002-11-10,380013.0,"Maquehue, Temuco Ad.",-38.76778,-72.63194,12.491666666666667
2002-11-10,390006.0,"Pichoy, Valdivia Ad.",-39.65667,-73.08722,15.35
2002-11-10,400009.0,"Cañal Bajo,  Osorno Ad.",-40.61444,-73.0575,14.80909090909091
2002-11-10,410005.0,El Tepual  Puerto Montt Ap.,-41.4475,-73.09583,10.829166666666666
2002-11-10,450004.0,"Teniente Vidal, Coyhaique Ad.",-45.59083,-72.10222,13.884615384615385
2002-11-10,450005.0,Balmaceda Ad.,-45.91833,-71.67778,9.549999999999999
2002-11-10,520006.0,"Carlos Ibañez, Punta Arenas Ap.",-53.00167,-70.83861,9.549999999999999
2002-11-10,950001.0,"C.M.A. Eduardo Frei Montalva, Antártica ",-62.19194,-58.97972,-0.6181818181818182
2002-11-11,180005.0,"Chacalluta, Arica Ap.",-18.35555,-70.34028,18.512
2002-11-11,200006.0,Diego Aracena Iquique Ap.,-20.54917,-70.18111,17.037499999999998
2002-11-11,220002.0,"El Loa, Calama Ad.",-22.49806,-68.8925,18.96875
2002-11-11,270001.0,Mataveri  Isla de Pascua Ap.,-27.15889,-109.4325,20.021428571428572
2002-11-11,290004.0,"La Florida, La Serena Ad.",-29.91444,-71.20667,16.26153846153846
2002-11-11,330007.0,"Rodelillo, Ad.",-33.06528,-71.55639,21.03076923076923
2002-11-11,330019.0,"Eulogio Sánchez, Tobalaba Ad.",-33.45528,-70.54861,21.821428571428573
2002-11-11,330020.0,"Quinta Normal, Santiago",-33.445,-70.68278,22.380000000000003
2002-11-11,330021.0,Pudahuel Santiago ,-33.37833,-70.78778,17.616666666666667
2002-11-11,330030.0,"Santo Domingo, Ad.",-33.65611,-71.61333,16.485714285714288
2002-11-11,330031.0,"Juan Fernández, Estación Meteorológica.",-33.63583,-78.83305,14.76
2002-11-11,340031.0,"General Freire, Curicó Ad.",-34.96944,-71.21694,19.415384615384617
2002-11-11,360011.0,"General Bernardo O'Higgins, Chillán Ad.",-36.58583,-72.03667,18.900000000000002
2002-11-11,360019.0,"Carriel Sur, Concepción Ap.",-36.78055,-73.06639,12.854166666666666
2002-11-11,370033.0,"María Dolores, Los Angeles Ad.",-37.39694,-72.42389,18.4
2002-11-11,380013.0,"Maquehue, Temuco Ad.",-38.76778,-72.63194,12.799999999999999
2002-11-11,390006.0,"Pichoy, Valdivia Ad.",-39.65667,-73.08722,14.858333333333334
2002-11-11,400009.0,"Cañal Bajo,  Osorno Ad.",-40.61444,-73.0575,14.218181818181819
2002-11-11,410005.0,El Tepual  Puerto Montt Ap.,-41.4475,-73.09583,11.2125
2002-11-11,430001.0,Quellón Ad.,-43.13361,-73.63278,11.92
2002-11-11,430002.0,Futaleufú Ad.,-43.18889,-71.85222,13.022222222222222
2002-11-11,450001.0,Puerto Aysén Ad.,-45.39944,-72.67722,10.85
2002-11-11,450004.0,"Teniente Vidal, Coyhaique Ad.",-45.59083,-72.10222,11.646153846153847
2002-11-11,450005.0,Balmaceda Ad.,-45.91833,-71.67778,8.4625
2002-11-11,520006.0,"Carlos Ibañez, Punta Arenas Ap.",-53.00167,-70.83861,9.266666666666667
2002-11-11,530005.0,"Fuentes Martínez, Porvenir Ad.",-53.25361,-70.32611,11.381818181818183
2002-11-11,550001.0,"Guardiamarina Zañartu, Pto Williams Ad.",-54.93167,-67.61556,11.911111111111111
2002-11-11,950001.0,"C.M.A. Eduardo Frei Montalva, Antártica ",-62.19194,-58.97972,-1.218181818181818
2002-11-12,180005.0,"Chacalluta, Arica Ap.",-18.35555,-70.34028,18.670833333333334
2002-11-12,200006.0,Diego Aracena Iquique Ap.,-20.54917,-70.18111,17.208333333333332
2002-11-12,220002.0,"El Loa, Calama Ad.",-22.49806,-68.8925,18.79375
2002-11-12,270001.0,Mataveri  Isla de Pascua Ap.,-27.15889,-109.4325,18.849999999999998
2002-11-12,290004.0,"La Florida, La Serena Ad.",-29.91444,-71.20667,15.084615384615384
2002-11-12,330007.0,"Rodelillo, Ad.",-33.06528,-71.55639,20.430769230769233
2002-11-12,330019.0,"Eulogio Sánchez, Tobalaba Ad.",-33.45528,-70.54861,22.599999999999998
2002-11-12,330020.0,"Quinta Normal, Santiago",-33.445,-70.68278,23.259999999999998
2002-11-12,330021.0,Pudahuel Santiago ,-33.37833,-70.78778,18.666666666666668
2002-11-12,330030.0,"Santo Domingo, Ad.",-33.65611,-71.61333,15.657142857142857
2002-11-12,330031.0,"Juan Fernández, Estación Meteorológica.",-33.63583,-78.83305,16.2
2002-11-12,340031.0,"General Freire, Curicó Ad.",-34.96944,-71.21694,19.946153846153848
2002-11-12,360011.0,"General Bernardo O'Higgins, Chillán Ad.",-36.58583,-72.03667,17.838461538461537
2002-11-12,360019.0,"Carriel Sur, Concepción Ap.",-36.78055,-73.06639,12.654166666666667
2002-11-12,370033.0,"María Dolores, Los Angeles Ad.",-37.39694,-72.42389,18.816666666666666
2002-11-12,380013.0,"Maquehue, Temuco Ad.",-38.76778,-72.63194,12.9625
2002-11-12,390006.0,"Pichoy, Valdivia Ad.",-39.65667,-73.08722,14.308333333333332
2002-11-12,400009.0,"Cañal Bajo,  Osorno Ad.",-40.61444,-73.0575,13.3
2002-11-12,410005.0,El Tepual  Puerto Montt Ap.,-41.4475,-73.09583,10.883333333333333
2002-11-12,430001.0,Quellón Ad.,-43.13361,-73.63278,13.02
2002-11-12,430002.0,Futaleufú Ad.,-43.18889,-71.85222,7.566666666666666
2002-11-12,450001.0,Puerto Aysén Ad.,-45.39944,-72.67722,9.3375
2002-11-12,450004.0,"Teniente Vidal, Coyhaique Ad.",-45.59083,-72.10222,9.2
2002-11-12,450005.0,Balmaceda Ad.,-45.91833,-71.67778,6.8500000000000005
2002-11-12,520006.0,"Carlos Ibañez, Punta Arenas Ap.",-53.00167,-70.83861,7.304166666666667
2002-11-12,530005.0,"Fuentes Martínez, Porvenir Ad.",-53.25361,-70.32611,9.675
2002-11-12,550001.0,"Guardiamarina Zañartu, Pto Williams Ad.",-54.93167,-67.61556,9.466666666666667
2002-11-12,950001.0,"C.M.A. Eduardo Frei Montalva, Antártica ",-62.19194,-58.97972,-0.1625
2002-11-13,180005.0,"Chacalluta, Arica Ap.",-18.35555,-70.34028,18.8875
2002-11-13,200006.0,Diego Aracena Iquique Ap.,-20.54917,-70.18111,17.433333333333334
2002-11-13,220002.0,"El Loa, Calama Ad.",-22.49806,-68.8925,19.2625
2002-11-13,270001.0,Mataveri  Isla de Pascua Ap.,-27.15889,-109.4325,21.740000000000002
2002-11-13,290004.0,"La Florida, La Serena Ad.",-29.91444,-71.20667,15.464285714285714
2002-11-13,330007.0,"Rodelillo, Ad.",-33.06528,-71.55639,19.376923076923077
2002-11-13,330019.0,"Eulogio Sánchez, Tobalaba Ad.",-33.45528,-70.54861,22.392857142857142
2002-11-13,330020.0,"Quinta Normal, Santiago",-33.445,-70.68278,23.1
2002-11-13,330021.0,Pudahuel Santiago ,-33.37833,-70.78778,18.433333333333334
2002-11-13,330030.0,"Santo Domingo, Ad.",-33.65611,-71.61333,16.05
2002-11-13,330031.0,"Juan Fernández, Estación Meteorológica.",-33.63583,-78.83305,16.72
2002-11-13,340031.0,"General Freire, Curicó Ad.",-34.96944,-71.21694,19.138461538461538
2002-11-13,360011.0,"General Bernardo O'Higgins, Chillán Ad.",-36.58583,-72.03667,17.707692307692305
2002-11-13,360019.0,"Carriel Sur, Concepción Ap.",-36.78055,-73.06639,14.008333333333333
2002-11-13,370033.0,"María Dolores, Los Angeles Ad.",-37.39694,-72.42389,15.733333333333333
2002-11-13,380013.0,"Maquehue, Temuco Ad.",-38.76778,-72.63194,13.487499999999999
2002-11-13,390006.0,"Pichoy, Valdivia Ad.",-39.65667,-73.08722,13.516666666666666
2002-11-13,400009.0,"Cañal Bajo,  Osorno Ad.",-40.61444,-73.0575,13.771428571428572
2002-11-13,410005.0,El Tepual  Puerto Montt Ap.,-41.4475,-73.09583,12.545833333333334
2002-11-13,430001.0,Quellón Ad.,-43.13361,-73.63278,14.13
2002-11-13,430002.0,Futaleufú Ad.,-43.18889,-71.85222,9.288888888888888
2002-11-13,450001.0,Puerto Aysén Ad.,-45.39944,-72.67722,11.15
2002-11-13,450004.0,"Teniente Vidal, Coyhaique Ad.",-45.59083,-72.10222,10.661538461538461
2002-11-13,450005.0,Balmaceda Ad.,-45.91833,-71.67778,7.016666666666667
2002-11-13,520006.0,"Carlos Ibañez, Punta Arenas Ap.",-53.00167,-70.83861,6.583333333333333
2002-11-13,530005.0,"Fuentes Martínez, Porvenir Ad.",-53.25361,-70.32611,9.25
2002-11-13,550001.0,"Guardiamarina Zañartu, Pto Williams Ad.",-54.93167,-67.61556,8.4
2002-11-13,950001.0,"C.M.A. Eduardo Frei Montalva, Antártica ",-62.19194,-58.97972,-2.1545454545454543
2002-11-14,180005.0,"Chacalluta, Arica Ap.",-18.35555,-70.34028,18.858333333333334
2002-11-14,200006.0,Diego Aracena Iquique Ap.,-20.54917,-70.18111,17.404166666666665
2002-11-14,220002.0,"El Loa, Calama Ad.",-22.49806,-68.8925,19.3
2002-11-14,270001.0,Mataveri  Isla de Pascua Ap.,-27.15889,-109.4325,21.95
2002-11-14,290004.0,"La Florida, La Serena Ad.",-29.91444,-71.20667,15.639999999999999
2002-11-14,330007.0,"Rodelillo, Ad.",-33.06528,-71.55639,20.592307692307692
2002-11-14,330019.0,"Eulogio Sánchez, Tobalaba Ad.",-33.45528,-70.54861,22.753846153846155
2002-11-14,330020.0,"Quinta Normal, Santiago",-33.445,-70.68278,23.0
2002-11-14,330021.0,Pudahuel Santiago ,-33.37833,-70.78778,18.645833333333332
2002-11-14,330030.0,"Santo Domingo, Ad.",-33.65611,-71.61333,16.842857142857145
2002-11-14,330031.0,"Juan Fernández, Estación Meteorológica.",-33.63583,-78.83305,16.56
2002-11-14,340031.0,"General Freire, Curicó Ad.",-34.96944,-71.21694,21.292307692307695
2002-11-14,360011.0,"General Bernardo O'Higgins, Chillán Ad.",-36.58583,-72.03667,19.523076923076925
2002-11-14,360019.0,"Carriel Sur, Concepción Ap.",-36.78055,-73.06639,15.038709677419355
2002-11-14,370033.0,"María Dolores, Los Angeles Ad.",-37.39694,-72.42389,20.066666666666666
2002-11-14,380013.0,"Maquehue, Temuco Ad.",-38.76778,-72.63194,14.245833333333332
2002-11-14,390006.0,"Pichoy, Valdivia Ad.",-39.65667,-73.08722,15.941666666666668
2002-11-14,400009.0,"Cañal Bajo,  Osorno Ad.",-40.61444,-73.0575,14.372727272727273
2002-11-14,410005.0,El Tepual  Puerto Montt Ap.,-41.4475,-73.09583,11.432
2002-11-14,430001.0,Quellón Ad.,-43.13361,-73.63278,12.6
2002-11-14,430002.0,Futaleufú Ad.,-43.18889,-71.85222,10.222222222222221
2002-11-14,450001.0,Puerto Aysén Ad.,-45.39944,-72.67722,7.6
2002-11-14,450004.0,"Teniente Vidal, Coyhaique Ad.",-45.59083,-72.10222,8.915384615384614
2002-11-14,450005.0,Balmaceda Ad.,-45.91833,-71.67778,4.8125
2002-11-14,520006.0,"Carlos Ibañez, Punta Arenas Ap.",-53.00167,-70.83861,7.395833333333333
2002-11-14,530005.0,"Fuentes Martínez, Porvenir Ad.",-53.25361,-70.32611,6.175
2002-11-14,950001.0,"C.M.A. Eduardo Frei Montalva, Antártica ",-62.19194,-58.97972,-2.1375
2002-11-15,180005.0,"Chacalluta, Arica Ap.",-18.35555,-70.34028,17.9375
2002-11-15,200006.0,Diego Aracena Iquique Ap.,-20.54917,-70.18111,17.295833333333334
2002-11-15,220002.0,"El Loa, Calama Ad.",-22.49806,-68.8925,19.775
2002-11-15,270001.0,Mataveri  Isla de Pascua Ap.,-27.15889,-109.4325,20.150000000000002
2002-11-15,290004.0,"La Florida, La Serena Ad.",-29.91444,-71.20667,15.946153846153846
2002-11-15,330007.0,"Rodelillo, Ad.",-33.06528,-71.55639,16.338461538461537
2002-11-15,330019.0,"Eulogio Sánchez, Tobalaba Ad.",-33.45528,-70.54861,25.653846153846153
2002-11-15,330020.0,"Quinta Normal, Santiago",-33.445,-70.68278,25.28
2002-11-15,330021.0,Pudahuel Santiago ,-33.37833,-70.78778,20.058333333333334
2002-11-15,330030.0,"Santo Domingo, Ad.",-33.65611,-71.61333,14.764285714285714
2002-11-15,330031.0,"Juan Fernández, Estación Meteorológica.",-33.63583,-78.83305,16.48
2002-11-15,340031.0,"General Freire, Curicó Ad.",-34.96944,-71.21694,21.476923076923075
2002-11-15,360011.0,"General Bernardo O'Higgins, Chillán Ad.",-36.58583,-72.03667,20.82857142857143
2002-11-15,360019.0,"Carriel Sur, Concepción Ap.",-36.78055,-73.06639,14.653846153846153
2002-11-15,370033.0,"María Dolores, Los Angeles Ad.",-37.39694,-72.42389,22.066666666666666
2002-11-15,380013.0,"Maquehue, Temuco Ad.",-38.76778,-72.63194,12.683333333333332
2002-11-15,390006.0,"Pichoy, Valdivia Ad.",-39.65667,-73.08722,15.107692307692307
2002-11-15,400009.0,"Cañal Bajo,  Osorno Ad.",-40.61444,-73.0575,16.099999999999998
2002-11-15,410005.0,El Tepual  Puerto Montt Ap.,-41.4475,-73.09583,12.860869565217392
2002-11-15,430001.0,Quellón Ad.,-43.13361,-73.63278,13.77
2002-11-15,430002.0,Futaleufú Ad.,-43.18889,-71.85222,11.2625
2002-11-15,450001.0,Puerto Aysén Ad.,-45.39944,-72.67722,8.4
2002-11-15,450004.0,"Teniente Vidal, Coyhaique Ad.",-45.59083,-72.10222,6.2153846153846155
2002-11-15,450005.0,Balmaceda Ad.,-45.91833,-71.67778,3.7653846153846158
2002-11-15,520006.0,"Carlos Ibañez, Punta Arenas Ap.",-53.00167,-70.83861,6.708333333333333
2002-11-15,530005.0,"Fuentes Martínez, Porvenir Ad.",-53.25361,-70.32611,8.872727272727273
2002-11-15,950001.0,"C.M.A. Eduardo Frei Montalva, Antártica ",-62.19194,-58.97972,-3.0875
2002-11-16,180005.0,"Chacalluta, Arica Ap.",-18.35555,-70.34028,18.5
2002-11-16,200006.0,Diego Aracena Iquique Ap.,-20.54917,-70.18111,17.708333333333332
2002-11-16,220002.0,"El Loa, Calama Ad.",-22.49806,-68.8925,19.433333333333334
2002-11-16,270001.0,Mataveri  Isla de Pascua Ap.,-27.15889,-109.4325,19.87857142857143
2002-11-16,290004.0,"La Florida, La Serena Ad.",-29.91444,-71.20667,15.707692307692309
2002-11-16,330007.0,"Rodelillo, Ad.",-33.06528,-71.55639,15.453846153846154
2002-11-16,330019.0,"Eulogio Sánchez, Tobalaba Ad.",-33.45528,-70.54861,23.43846153846154
2002-11-16,330020.0,"Quinta Normal, Santiago",-33.445,-70.68278,23.3
2002-11-16,330021.0,Pudahuel Santiago ,-33.37833,-70.78778,19.099999999999998
2002-11-16,330030.0,"Santo Domingo, Ad.",-33.65611,-71.61333,13.9
2002-11-16,330031.0,"Juan Fernández, Estación Meteorológica.",-33.63583,-78.83305,17.0
2002-11-16,340031.0,"General Freire, Curicó Ad.",-34.96944,-71.21694,23.107692307692307
2002-11-16,360011.0,"General Bernardo O'Higgins, Chillán Ad.",-36.58583,-72.03667,17.376923076923077
2002-11-16,360019.0,"Carriel Sur, Concepción Ap.",-36.78055,-73.06639,14.966666666666667
2002-11-16,370033.0,"María Dolores, Los Angeles Ad.",-37.39694,-72.42389,16.458333333333332
2002-11-16,380013.0,"Maquehue, Temuco Ad.",-38.76778,-72.63194,14.379166666666668
2002-11-16,390006.0,"Pichoy, Valdivia Ad.",-39.65667,-73.08722,14.142857142857142
2002-11-16,400009.0,"Cañal Bajo,  Osorno Ad.",-40.61444,-73.0575,15.325000000000001
2002-11-16,410005.0,El Tepual  Puerto Montt Ap.,-41.4475,-73.09583,13.733333333333334
2002-11-16,450004.0,"Teniente Vidal, Coyhaique Ad.",-45.59083,-72.10222,12.069230769230769
2002-11-16,450005.0,Balmaceda Ad.,-45.91833,-71.67778,7.891666666666667
2002-11-16,520006.0,"Carlos Ibañez, Punta Arenas Ap.",-53.00167,-70.83861,6.483333333333333
2002-11-16,530005.0,"Fuentes Martínez, Porvenir Ad.",-53.25361,-70.32611,8.127272727272727
2002-11-16,950001.0,"C.M.A. Eduardo Frei Montalva, Antártica ",-62.19194,-58.97972,-3.6
2002-11-17,180005.0,"Chacalluta, Arica Ap.",-18.35555,-70.34028,18.833333333333332
2002-11-17,200006.0,Diego Aracena Iquique Ap.,-20.54917,-70.18111,18.004166666666666
2002-11-17,220002.0,"El Loa, Calama Ad.",-22.49806,-68.8925,22.66923076923077
2002-11-17,270001.0,Mataveri  Isla de Pascua Ap.,-27.15889,-109.4325,19.8125
2002-11-17,290004.0,"La Florida, La Serena Ad.",-29.91444,-71.20667,15.864285714285714
2002-11-17,330007.0,"Rodelillo, Ad.",-33.06528,-71.55639,18.215384615384615
2002-11-17,330019.0,"Eulogio Sánchez, Tobalaba Ad.",-33.45528,-70.54861,20.03076923076923
2002-11-17,330020.0,"Quinta Normal, Santiago",-33.445,-70.68278,20.12
2002-11-17,330021.0,Pudahuel Santiago ,-33.37833,-70.78778,17.083333333333332
2002-11-17,330030.0,"Santo Domingo, Ad.",-33.65611,-71.61333,15.62857142857143
2002-11-17,330031.0,"Juan Fernández, Estación Meteorológica.",-33.63583,-78.83305,16.05
2002-11-17,340031.0,"General Freire, Curicó Ad.",-34.96944,-71.21694,17.107692307692307
2002-11-17,360011.0,"General Bernardo O'Higgins, Chillán Ad.",-36.58583,-72.03667,14.238461538461538
2002-11-17,360019.0,"Carriel Sur, Concepción Ap.",-36.78055,-73.06639,14.684615384615386
2002-11-17,370033.0,"María Dolores, Los Angeles Ad.",-37.39694,-72.42389,15.424999999999999
2002-11-17,380013.0,"Maquehue, Temuco Ad.",-38.76778,-72.63194,13.950000000000001
2002-11-17,390006.0,"Pichoy, Valdivia Ad.",-39.65667,-73.08722,13.941666666666668
2002-11-17,400009.0,"Cañal Bajo,  Osorno Ad.",-40.61444,-73.0575,13.881818181818181
2002-11-17,410005.0,El Tepual  Puerto Montt Ap.,-41.4475,-73.09583,11.920833333333334
2002-11-17,450004.0,"Teniente Vidal, Coyhaique Ad.",-45.59083,-72.10222,9.815384615384616
2002-11-17,450005.0,Balmaceda Ad.,-45.91833,-71.67778,7.3
2002-11-17,520006.0,"Carlos Ibañez, Punta Arenas Ap.",-53.00167,-70.83861,6.483333333333333
2002-11-17,950001.0,"C.M.A. Eduardo Frei Montalva, Antártica ",-62.19194,-58.97972,-1.25
2002-11-18,180005.0,"Chacalluta, Arica Ap.",-18.35555,-70.34028,19.75
2002-11-18,200006.0,Diego Aracena Iquique Ap.,-20.54917,-70.18111,19.270833333333332
2002-11-18,220002.0,"El Loa, Calama Ad.",-22.49806,-68.8925,20.675
2002-11-18,270001.0,Mataveri  Isla de Pascua Ap.,-27.15889,-109.4325,20.386666666666667
2002-11-18,290004.0,"La Florida, La Serena Ad.",-29.91444,-71.20667,15.34705882352941
2002-11-18,330007.0,"Rodelillo, Ad.",-33.06528,-71.55639,18.73846153846154
2002-11-18,330019.0,"Eulogio Sánchez, Tobalaba Ad.",-33.45528,-70.54861,20.557142857142857
2002-11-18,330020.0,"Quinta Normal, Santiago",-33.445,-70.68278,20.86
2002-11-18,330021.0,Pudahuel Santiago ,-33.37833,-70.78778,16.266666666666666
2002-11-18,330030.0,"Santo Domingo, Ad.",-33.65611,-71.61333,16.25
2002-11-18,330031.0,"Juan Fernández, Estación Meteorológica.",-33.63583,-78.83305,16.44
2002-11-18,340031.0,"General Freire, Curicó Ad.",-34.96944,-71.21694,19.26153846153846
2002-11-18,360011.0,"General Bernardo O'Higgins, Chillán Ad.",-36.58583,-72.03667,15.884615384615385
2002-11-18,360019.0,"Carriel Sur, Concepción Ap.",-36.78055,-73.06639,12.129166666666668
2002-11-18,370033.0,"María Dolores, Los Angeles Ad.",-37.39694,-72.42389,15.866666666666667
2002-11-18,380013.0,"Maquehue, Temuco Ad.",-38.76778,-72.63194,12.179166666666667
2002-11-18,390006.0,"Pichoy, Valdivia Ad.",-39.65667,-73.08722,13.308333333333332
2002-11-18,400009.0,"Cañal Bajo,  Osorno Ad.",-40.61444,-73.0575,12.107692307692307
2002-11-18,410005.0,El Tepual  Puerto Montt Ap.,-41.4475,-73.09583,10.558333333333334
2002-11-18,430001.0,Quellón Ad.,-43.13361,-73.63278,11.89
2002-11-18,430002.0,Futaleufú Ad.,-43.18889,-71.85222,7.044444444444444
2002-11-18,450001.0,Puerto Aysén Ad.,-45.39944,-72.67722,8.225
2002-11-18,450004.0,"Teniente Vidal, Coyhaique Ad.",-45.59083,-72.10222,6.515384615384615
2002-11-18,450005.0,Balmaceda Ad.,-45.91833,-71.67778,4.62
2002-11-18,520006.0,"Carlos Ibañez, Punta Arenas Ap.",-53.00167,-70.83861,7.7
2002-11-18,530005.0,"Fuentes Martínez, Porvenir Ad.",-53.25361,-70.32611,11.336363636363636
2002-11-18,950001.0,"C.M.A. Eduardo Frei Montalva, Antártica ",-62.19194,-58.97972,0.7625
2002-11-19,180005.0,"Chacalluta, Arica Ap.",-18.35555,-70.34028,20.358333333333334
2002-11-19,200006.0,Diego Aracena Iquique Ap.,-20.54917,-70.18111,19.429166666666667
2002-11-19,220002.0,"El Loa, Calama Ad.",-22.49806,-68.8925,19.54705882352941
2002-11-19,270001.0,Mataveri  Isla de Pascua Ap.,-27.15889,-109.4325,20.849999999999998
2002-11-19,290004.0,"La Florida, La Serena Ad.",-29.91444,-71.20667,16.884615384615383
2002-11-19,330007.0,"Rodelillo, Ad.",-33.06528,-71.55639,17.146153846153847
2002-11-19,330019.0,"Eulogio Sánchez, Tobalaba Ad.",-33.45528,-70.54861,17.63076923076923
2002-11-19,330020.0,"Quinta Normal, Santiago",-33.445,-70.68278,17.639999999999997
2002-11-19,330021.0,Pudahuel Santiago ,-33.37833,-70.78778,14.591666666666667
2002-11-19,330030.0,"Santo Domingo, Ad.",-33.65611,-71.61333,15.864285714285714
2002-11-19,330031.0,"Juan Fernández, Estación Meteorológica.",-33.63583,-78.83305,16.839999999999996
2002-11-19,340031.0,"General Freire, Curicó Ad.",-34.96944,-71.21694,18.099999999999998
2002-11-19,360011.0,"General Bernardo O'Higgins, Chillán Ad.",-36.58583,-72.03667,13.538461538461538
2002-11-19,360019.0,"Carriel Sur, Concepción Ap.",-36.78055,-73.06639,14.175999999999998
2002-11-19,370033.0,"María Dolores, Los Angeles Ad.",-37.39694,-72.42389,13.022222222222222
2002-11-19,380013.0,"Maquehue, Temuco Ad.",-38.76778,-72.63194,11.870833333333332
2002-11-19,390006.0,"Pichoy, Valdivia Ad.",-39.65667,-73.08722,13.658333333333333
2002-11-19,400009.0,"Cañal Bajo,  Osorno Ad.",-40.61444,-73.0575,12.069230769230769
2002-11-19,410005.0,El Tepual  Puerto Montt Ap.,-41.4475,-73.09583,9.107692307692307
2002-11-19,430001.0,Quellón Ad.,-43.13361,-73.63278,9.940000000000001
2002-11-19,430002.0,Futaleufú Ad.,-43.18889,-71.85222,4.566666666666666
2002-11-19,450001.0,Puerto Aysén Ad.,-45.39944,-72.67722,5.45
2002-11-19,450004.0,"Teniente Vidal, Coyhaique Ad.",-45.59083,-72.10222,4.907692307692307
2002-11-19,450005.0,Balmaceda Ad.,-45.91833,-71.67778,2.5500000000000003
2002-11-19,520006.0,"Carlos Ibañez, Punta Arenas Ap.",-53.00167,-70.83861,6.945833333333333
2002-11-19,530005.0,"Fuentes Martínez, Porvenir Ad.",-53.25361,-70.32611,6.45
2002-11-19,950001.0,"C.M.A. Eduardo Frei Montalva, Antártica ",-62.19194,-58.97972,-0.9235294117647058
2002-11-20,180005.0,"Chacalluta, Arica Ap.",-18.35555,-70.34028,18.729166666666668
2002-11-20,200006.0,Diego Aracena Iquique Ap.,-20.54917,-70.18111,18.287499999999998
2002-11-20,220002.0,"El Loa, Calama Ad.",-22.49806,-68.8925,19.0125
2002-11-20,270001.0,Mataveri  Isla de Pascua Ap.,-27.15889,-109.4325,21.240000000000002
2002-11-20,290004.0,"La Florida, La Serena Ad.",-29.91444,-71.20667,18.2
2002-11-20,330007.0,"Rodelillo, Ad.",-33.06528,-71.55639,18.623076923076923
2002-11-20,330019.0,"Eulogio Sánchez, Tobalaba Ad.",-33.45528,-70.54861,18.75714285714286
2002-11-20,330020.0,"Quinta Normal, Santiago",-33.445,-70.68278,19.02
2002-11-20,330021.0,Pudahuel Santiago ,-33.37833,-70.78778,15.104166666666666
2002-11-20,330030.0,"Santo Domingo, Ad.",-33.65611,-71.61333,18.442857142857143
2002-11-20,330031.0,"Juan Fernández, Estación Meteorológica.",-33.63583,-78.83305,15.48
2002-11-20,340031.0,"General Freire, Curicó Ad.",-34.96944,-71.21694,19.192307692307693
2002-11-20,360011.0,"General Bernardo O'Higgins, Chillán Ad.",-36.58583,-72.03667,15.100000000000001
2002-11-20,360019.0,"Carriel Sur, Concepción Ap.",-36.78055,-73.06639,13.612499999999999
2002-11-20,370033.0,"María Dolores, Los Angeles Ad.",-37.39694,-72.42389,14.0
2002-11-20,380013.0,"Maquehue, Temuco Ad.",-38.76778,-72.63194,11.004166666666668
2002-11-20,390006.0,"Pichoy, Valdivia Ad.",-39.65667,-73.08722,11.991666666666667
2002-11-20,400009.0,"Cañal Bajo,  Osorno Ad.",-40.61444,-73.0575,11.923076923076923
2002-11-20,410005.0,El Tepual  Puerto Montt Ap.,-41.4475,-73.09583,8.558333333333334
2002-11-20,430001.0,Quellón Ad.,-43.13361,-73.63278,10.36
2002-11-20,430002.0,Futaleufú Ad.,-43.18889,-71.85222,5.944444444444445
2002-11-20,450001.0,Puerto Aysén Ad.,-45.39944,-72.67722,8.55
2002-11-20,450004.0,"Teniente Vidal, Coyhaique Ad.",-45.59083,-72.10222,8.853846153846153
2002-11-20,450005.0,Balmaceda Ad.,-45.91833,-71.67778,4.4
2002-11-20,520006.0,"Carlos Ibañez, Punta Arenas Ap.",-53.00167,-70.83861,5.770833333333333
2002-11-20,530005.0,"Fuentes Martínez, Porvenir Ad.",-53.25361,-70.32611,7.183333333333334
2002-11-20,950001.0,"C.M.A. Eduardo Frei Montalva, Antártica ",-62.19194,-58.97972,-1.1153846153846154
2002-11-21,180005.0,"Chacalluta, Arica Ap.",-18.35555,-70.34028,19.029166666666665
2002-11-21,200006.0,Diego Aracena Iquique Ap.,-20.54917,-70.18111,18.1125
2002-11-21,220002.0,"El Loa, Calama Ad.",-22.49806,-68.8925,20.9625
2002-11-21,270001.0,Mataveri  Isla de Pascua Ap.,-27.15889,-109.4325,20.5
2002-11-21,290004.0,"La Florida, La Serena Ad.",-29.91444,-71.20667,17.484615384615385
2002-11-21,330007.0,"Rodelillo, Ad.",-33.06528,-71.55639,23.053846153846152
2002-11-21,330019.0,"Eulogio Sánchez, Tobalaba Ad.",-33.45528,-70.54861,23.72142857142857
2002-11-21,330020.0,"Quinta Normal, Santiago",-33.445,-70.68278,24.36
2002-11-21,330021.0,Pudahuel Santiago ,-33.37833,-70.78778,19.045833333333334
2002-11-21,330030.0,"Santo Domingo, Ad.",-33.65611,-71.61333,17.642857142857142
2002-11-21,330031.0,"Juan Fernández, Estación Meteorológica.",-33.63583,-78.83305,14.64
2002-11-21,340031.0,"General Freire, Curicó Ad.",-34.96944,-71.21694,18.246153846153845
2002-11-21,360011.0,"General Bernardo O'Higgins, Chillán Ad.",-36.58583,-72.03667,18.43076923076923
2002-11-21,360019.0,"Carriel Sur, Concepción Ap.",-36.78055,-73.06639,14.3125
2002-11-21,370033.0,"María Dolores, Los Angeles Ad.",-37.39694,-72.42389,14.600000000000001
2002-11-21,380013.0,"Maquehue, Temuco Ad.",-38.76778,-72.63194,9.975
2002-11-21,390006.0,"Pichoy, Valdivia Ad.",-39.65667,-73.08722,14.476923076923075
2002-11-21,400009.0,"Cañal Bajo,  Osorno Ad.",-40.61444,-73.0575,12.936363636363637
2002-11-21,410005.0,El Tepual  Puerto Montt Ap.,-41.4475,-73.09583,8.041666666666666
2002-11-21,430001.0,Quellón Ad.,-43.13361,-73.63278,12.5
2002-11-21,430002.0,Futaleufú Ad.,-43.18889,-71.85222,12.055555555555555
2002-11-21,450001.0,Puerto Aysén Ad.,-45.39944,-72.67722,10.4
2002-11-21,450004.0,"Teniente Vidal, Coyhaique Ad.",-45.59083,-72.10222,10.215384615384616
2002-11-21,450005.0,Balmaceda Ad.,-45.91833,-71.67778,6.254166666666666
2002-11-21,520006.0,"Carlos Ibañez, Punta Arenas Ap.",-53.00167,-70.83861,8.845833333333333
2002-11-21,530005.0,"Fuentes Martínez, Porvenir Ad.",-53.25361,-70.32611,11.263636363636364
2002-11-21,950001.0,"C.M.A. Eduardo Frei Montalva, Antártica ",-62.19194,-58.97972,-1.4785714285714284
2002-11-22,180005.0,"Chacalluta, Arica Ap.",-18.35555,-70.34028,19.758333333333333
2002-11-22,200006.0,Diego Aracena Iquique Ap.,-20.54917,-70.18111,19.129166666666666
2002-11-22,220002.0,"El Loa, Calama Ad.",-22.49806,-68.8925,21.03125
2002-11-22,270001.0,Mataveri  Isla de Pascua Ap.,-27.15889,-109.4325,20.908333333333335
2002-11-22,290004.0,"La Florida, La Serena Ad.",-29.91444,-71.20667,16.476923076923075
2002-11-22,330007.0,"Rodelillo, Ad.",-33.06528,-71.55639,19.96923076923077
2002-11-22,330019.0,"Eulogio Sánchez, Tobalaba Ad.",-33.45528,-70.54861,26.657142857142855
2002-11-22,330020.0,"Quinta Normal, Santiago",-33.445,-70.68278,26.839999999999996
2002-11-22,330021.0,Pudahuel Santiago ,-33.37833,-70.78778,21.325
2002-11-22,330030.0,"Santo Domingo, Ad.",-33.65611,-71.61333,15.957142857142857
2002-11-22,330031.0,"Juan Fernández, Estación Meteorológica.",-33.63583,-78.83305,14.52
2002-11-22,340031.0,"General Freire, Curicó Ad.",-34.96944,-71.21694,22.084615384615386
2002-11-22,360011.0,"General Bernardo O'Higgins, Chillán Ad.",-36.58583,-72.03667,20.923076923076923
2002-11-22,360019.0,"Carriel Sur, Concepción Ap.",-36.78055,-73.06639,14.066666666666668
2002-11-22,370033.0,"María Dolores, Los Angeles Ad.",-37.39694,-72.42389,16.8
2002-11-22,380013.0,"Maquehue, Temuco Ad.",-38.76778,-72.63194,11.7125
2002-11-22,390006.0,"Pichoy, Valdivia Ad.",-39.65667,-73.08722,15.133333333333333
2002-11-22,400009.0,"Cañal Bajo,  Osorno Ad.",-40.61444,-73.0575,14.418181818181818
2002-11-22,410005.0,El Tepual  Puerto Montt Ap.,-41.4475,-73.09583,9.325000000000001
2002-11-22,430001.0,Quellón Ad.,-43.13361,-73.63278,12.43
2002-11-22,430002.0,Futaleufú Ad.,-43.18889,-71.85222,13.1625
2002-11-22,450001.0,Puerto Aysén Ad.,-45.39944,-72.67722,12.125
2002-11-22,450004.0,"Teniente Vidal, Coyhaique Ad.",-45.59083,-72.10222,12.038461538461538
2002-11-22,450005.0,Balmaceda Ad.,-45.91833,-71.67778,9.299999999999999
2002-11-22,520006.0,"Carlos Ibañez, Punta Arenas Ap.",-53.00167,-70.83861,8.404166666666667
2002-11-22,530005.0,"Fuentes Martínez, Porvenir Ad.",-53.25361,-70.32611,9.358333333333333
2002-11-22,950001.0,"C.M.A. Eduardo Frei Montalva, Antártica ",-62.19194,-58.97972,-0.30000000000000004
2002-11-23,180005.0,"Chacalluta, Arica Ap.",-18.35555,-70.34028,20.254166666666666
2002-11-23,200006.0,Diego Aracena Iquique Ap.,-20.54917,-70.18111,19.6125
2002-11-23,220002.0,"El Loa, Calama Ad.",-22.49806,-68.8925,20.24375
2002-11-23,270001.0,Mataveri  Isla de Pascua Ap.,-27.15889,-109.4325,21.30909090909091
2002-11-23,290004.0,"La Florida, La Serena Ad.",-29.91444,-71.20667,15.34
2002-11-23,330007.0,"Rodelillo, Ad.",-33.06528,-71.55639,15.092307692307692
2002-11-23,330019.0,"Eulogio Sánchez, Tobalaba Ad.",-33.45528,-70.54861,26.907692307692308
2002-11-23,330020.0,"Quinta Normal, Santiago",-33.445,-70.68278,26.4
2002-11-23,330021.0,Pudahuel Santiago ,-33.37833,-70.78778,21.270833333333332
2002-11-23,330030.0,"Santo Domingo, Ad.",-33.65611,-71.61333,14.557142857142859
2002-11-23,330031.0,"Juan Fernández, Estación Meteorológica.",-33.63583,-78.83305,14.95
2002-11-23,340031.0,"General Freire, Curicó Ad.",-34.96944,-71.21694,19.707692307692305
2002-11-23,360011.0,"General Bernardo O'Higgins, Chillán Ad.",-36.58583,-72.03667,20.661538461538463
2002-11-23,360019.0,"Carriel Sur, Concepción Ap.",-36.78055,-73.06639,15.4625
2002-11-23,370033.0,"María Dolores, Los Angeles Ad.",-37.39694,-72.42389,17.133333333333333
2002-11-23,380013.0,"Maquehue, Temuco Ad.",-38.76778,-72.63194,14.008333333333333
2002-11-23,390006.0,"Pichoy, Valdivia Ad.",-39.65667,-73.08722,16.575
2002-11-23,400009.0,"Cañal Bajo,  Osorno Ad.",-40.61444,-73.0575,17.900000000000002
2002-11-23,410005.0,El Tepual  Puerto Montt Ap.,-41.4475,-73.09583,13.203846153846154
2002-11-23,450004.0,"Teniente Vidal, Coyhaique Ad.",-45.59083,-72.10222,13.284615384615384
2002-11-23,450005.0,Balmaceda Ad.,-45.91833,-71.67778,9.6875
2002-11-23,520006.0,"Carlos Ibañez, Punta Arenas Ap.",-53.00167,-70.83861,5.745833333333334
2002-11-23,530005.0,"Fuentes Martínez, Porvenir Ad.",-53.25361,-70.32611,8.790909090909091
2002-11-23,950001.0,"C.M.A. Eduardo Frei Montalva, Antártica ",-62.19194,-58.97972,-2.621052631578947
2002-11-24,180005.0,"Chacalluta, Arica Ap.",-18.35555,-70.34028,20.679166666666667
2002-11-24,200006.0,Diego Aracena Iquique Ap.,-20.54917,-70.18111,19.608333333333334
2002-11-24,220002.0,"El Loa, Calama Ad.",-22.49806,-68.8925,22.36923076923077
2002-11-24,270001.0,Mataveri  Isla de Pascua Ap.,-27.15889,-109.4325,21.81875
2002-11-24,290004.0,"La Florida, La Serena Ad.",-29.91444,-71.20667,16.385714285714286
2002-11-24,330007.0,"Rodelillo, Ad.",-33.06528,-71.55639,13.36153846153846
2002-11-24,330019.0,"Eulogio Sánchez, Tobalaba Ad.",-33.45528,-70.54861,23.27692307692308
2002-11-24,330020.0,"Quinta Normal, Santiago",-33.445,-70.68278,22.6
2002-11-24,330021.0,Pudahuel Santiago ,-33.37833,-70.78778,19.025000000000002
2002-11-24,330030.0,"Santo Domingo, Ad.",-33.65611,-71.61333,15.021428571428572
2002-11-24,330031.0,"Juan Fernández, Estación Meteorológica.",-33.63583,-78.83305,16.25
2002-11-24,340031.0,"General Freire, Curicó Ad.",-34.96944,-71.21694,20.661538461538463
2002-11-24,360011.0,"General Bernardo O'Higgins, Chillán Ad.",-36.58583,-72.03667,19.107692307692307
2002-11-24,360019.0,"Carriel Sur, Concepción Ap.",-36.78055,-73.06639,15.820833333333333
2002-11-24,370033.0,"María Dolores, Los Angeles Ad.",-37.39694,-72.42389,18.400000000000002
2002-11-24,380013.0,"Maquehue, Temuco Ad.",-38.76778,-72.63194,14.383333333333333
2002-11-24,390006.0,"Pichoy, Valdivia Ad.",-39.65667,-73.08722,17.383333333333333
2002-11-24,400009.0,"Cañal Bajo,  Osorno Ad.",-40.61444,-73.0575,17.900000000000002
2002-11-24,410005.0,El Tepual  Puerto Montt Ap.,-41.4475,-73.09583,14.154166666666667
2002-11-24,450004.0,"Teniente Vidal, Coyhaique Ad.",-45.59083,-72.10222,11.615384615384615
2002-11-24,450005.0,Balmaceda Ad.,-45.91833,-71.67778,8.333333333333334
2002-11-24,520006.0,"Carlos Ibañez, Punta Arenas Ap.",-53.00167,-70.83861,7.283333333333334
2002-11-24,950001.0,"C.M.A. Eduardo Frei Montalva, Antártica ",-62.19194,-58.97972,-1.9944444444444445
2002-11-25,180005.0,"Chacalluta, Arica Ap.",-18.35555,-70.34028,20.583333333333332
2002-11-25,200006.0,Diego Aracena Iquique Ap.,-20.54917,-70.18111,19.995833333333334
2002-11-25,220002.0,"El Loa, Calama Ad.",-22.49806,-68.8925,20.10625
2002-11-25,270001.0,Mataveri  Isla de Pascua Ap.,-27.15889,-109.4325,20.292857142857144
2002-11-25,290004.0,"La Florida, La Serena Ad.",-29.91444,-71.20667,15.564285714285715
2002-11-25,330007.0,"Rodelillo, Ad.",-33.06528,-71.55639,13.761538461538462
2002-11-25,330019.0,"Eulogio Sánchez, Tobalaba Ad.",-33.45528,-70.54861,23.292857142857144
2002-11-25,330020.0,"Quinta Normal, Santiago",-33.445,-70.68278,22.98
2002-11-25,330021.0,Pudahuel Santiago ,-33.37833,-70.78778,17.6
2002-11-25,330030.0,"Santo Domingo, Ad.",-33.65611,-71.61333,14.37857142857143
2002-11-25,330031.0,"Juan Fernández, Estación Meteorológica.",-33.63583,-78.83305,17.080000000000002
2002-11-25,340031.0,"General Freire, Curicó Ad.",-34.96944,-71.21694,23.123076923076926
2002-11-25,360011.0,"General Bernardo O'Higgins, Chillán Ad.",-36.58583,-72.03667,18.715384615384615
2002-11-25,360019.0,"Carriel Sur, Concepción Ap.",-36.78055,-73.06639,14.4125
2002-11-25,370033.0,"María Dolores, Los Angeles Ad.",-37.39694,-72.42389,18.666666666666668
2002-11-25,380013.0,"Maquehue, Temuco Ad.",-38.76778,-72.63194,14.979166666666666
2002-11-25,390006.0,"Pichoy, Valdivia Ad.",-39.65667,-73.08722,14.924999999999999
2002-11-25,400009.0,"Cañal Bajo,  Osorno Ad.",-40.61444,-73.0575,14.854545454545455
2002-11-25,410005.0,El Tepual  Puerto Montt Ap.,-41.4475,-73.09583,13.299999999999999
2002-11-25,430001.0,Quellón Ad.,-43.13361,-73.63278,11.26
2002-11-25,430002.0,Futaleufú Ad.,-43.18889,-71.85222,14.11111111111111
2002-11-25,450001.0,Puerto Aysén Ad.,-45.39944,-72.67722,7.9
2002-11-25,450004.0,"Teniente Vidal, Coyhaique Ad.",-45.59083,-72.10222,7.1923076923076925
2002-11-25,450005.0,Balmaceda Ad.,-45.91833,-71.67778,6.891666666666667
2002-11-25,520006.0,"Carlos Ibañez, Punta Arenas Ap.",-53.00167,-70.83861,5.6125
2002-11-25,530005.0,"Fuentes Martínez, Porvenir Ad.",-53.25361,-70.32611,7.090909090909091
2002-11-25,950001.0,"C.M.A. Eduardo Frei Montalva, Antártica ",-62.19194,-58.97972,-1.2153846153846155
2002-11-26,180005.0,"Chacalluta, Arica Ap.",-18.35555,-70.34028,20.075
2002-11-26,200006.0,Diego Aracena Iquique Ap.,-20.54917,-70.18111,19.483333333333334
2002-11-26,220002.0,"El Loa, Calama Ad.",-22.49806,-68.8925,20.38125
2002-11-26,270001.0,Mataveri  Isla de Pascua Ap.,-27.15889,-109.4325,20.476923076923075
2002-11-26,290004.0,"La Florida, La Serena Ad.",-29.91444,-71.20667,16.25
2002-11-26,330007.0,"Rodelillo, Ad.",-33.06528,-71.55639,17.33076923076923
2002-11-26,330019.0,"Eulogio Sánchez, Tobalaba Ad.",-33.45528,-70.54861,16.073333333333334
2002-11-26,330020.0,"Quinta Normal, Santiago",-33.445,-70.68278,17.119999999999997
2002-11-26,330021.0,Pudahuel Santiago ,-33.37833,-70.78778,15.583333333333334
2002-11-26,330030.0,"Santo Domingo, Ad.",-33.65611,-71.61333,16.635714285714286
2002-11-26,330031.0,"Juan Fernández, Estación Meteorológica.",-33.63583,-78.83305,14.52
2002-11-26,340031.0,"General Freire, Curicó Ad.",-34.96944,-71.21694,16.66923076923077
2002-11-26,360011.0,"General Bernardo O'Higgins, Chillán Ad.",-36.58583,-72.03667,15.184615384615386
2002-11-26,360019.0,"Carriel Sur, Concepción Ap.",-36.78055,-73.06639,14.316666666666668
2002-11-26,370033.0,"María Dolores, Los Angeles Ad.",-37.39694,-72.42389,14.066666666666668
2002-11-26,380013.0,"Maquehue, Temuco Ad.",-38.76778,-72.63194,12.65
2002-11-26,390006.0,"Pichoy, Valdivia Ad.",-39.65667,-73.08722,13.19090909090909
2002-11-26,400009.0,"Cañal Bajo,  Osorno Ad.",-40.61444,-73.0575,11.272727272727273
2002-11-26,410005.0,El Tepual  Puerto Montt Ap.,-41.4475,-73.09583,9.541666666666666
2002-11-26,430001.0,Quellón Ad.,-43.13361,-73.63278,10.55
2002-11-26,430002.0,Futaleufú Ad.,-43.18889,-71.85222,9.466666666666667
2002-11-26,450001.0,Puerto Aysén Ad.,-45.39944,-72.67722,9.175
2002-11-26,450004.0,"Teniente Vidal, Coyhaique Ad.",-45.59083,-72.10222,9.0
2002-11-26,450005.0,Balmaceda Ad.,-45.91833,-71.67778,4.620833333333334
2002-11-26,520006.0,"Carlos Ibañez, Punta Arenas Ap.",-53.00167,-70.83861,4.779166666666667
2002-11-26,530005.0,"Fuentes Martínez, Porvenir Ad.",-53.25361,-70.32611,6.4363636363636365
2002-11-26,950001.0,"C.M.A. Eduardo Frei Montalva, Antártica ",-62.19194,-58.97972,-2.04375
2002-11-27,180005.0,"Chacalluta, Arica Ap.",-18.35555,-70.34028,19.629166666666666
2002-11-27,200006.0,Diego Aracena Iquique Ap.,-20.54917,-70.18111,19.620833333333334
2002-11-27,220002.0,"El Loa, Calama Ad.",-22.49806,-68.8925,19.68125
2002-11-27,270001.0,Mataveri  Isla de Pascua Ap.,-27.15889,-109.4325,21.442857142857143
2002-11-27,290004.0,"La Florida, La Serena Ad.",-29.91444,-71.20667,16.315384615384616
2002-11-27,330007.0,"Rodelillo, Ad.",-33.06528,-71.55639,19.03076923076923
2002-11-27,330019.0,"Eulogio Sánchez, Tobalaba Ad.",-33.45528,-70.54861,21.478571428571428
2002-11-27,330020.0,"Quinta Normal, Santiago",-33.445,-70.68278,21.4
2002-11-27,330021.0,Pudahuel Santiago ,-33.37833,-70.78778,17.325
2002-11-27,330030.0,"Santo Domingo, Ad.",-33.65611,-71.61333,16.057142857142857
2002-11-27,330031.0,"Juan Fernández, Estación Meteorológica.",-33.63583,-78.83305,14.48
2002-11-27,340031.0,"General Freire, Curicó Ad.",-34.96944,-71.21694,16.353846153846153
2002-11-27,360011.0,"General Bernardo O'Higgins, Chillán Ad.",-36.58583,-72.03667,17.507692307692306
2002-11-27,360019.0,"Carriel Sur, Concepción Ap.",-36.78055,-73.06639,13.3375
2002-11-27,370033.0,"María Dolores, Los Angeles Ad.",-37.39694,-72.42389,14.0
2002-11-27,380013.0,"Maquehue, Temuco Ad.",-38.76778,-72.63194,10.133333333333335
2002-11-27,390006.0,"Pichoy, Valdivia Ad.",-39.65667,-73.08722,15.258333333333333
2002-11-27,400009.0,"Cañal Bajo,  Osorno Ad.",-40.61444,-73.0575,12.536363636363637
2002-11-27,410005.0,El Tepual  Puerto Montt Ap.,-41.4475,-73.09583,9.341666666666667
2002-11-27,430001.0,Quellón Ad.,-43.13361,-73.63278,11.41
2002-11-27,430002.0,Futaleufú Ad.,-43.18889,-71.85222,11.68888888888889
2002-11-27,450001.0,Puerto Aysén Ad.,-45.39944,-72.67722,12.2
2002-11-27,450004.0,"Teniente Vidal, Coyhaique Ad.",-45.59083,-72.10222,12.953846153846154
2002-11-27,450005.0,Balmaceda Ad.,-45.91833,-71.67778,8.554166666666667
2002-11-27,520006.0,"Carlos Ibañez, Punta Arenas Ap.",-53.00167,-70.83861,4.345833333333333
2002-11-27,530005.0,"Fuentes Martínez, Porvenir Ad.",-53.25361,-70.32611,7.9818181818181815
2002-11-27,950001.0,"C.M.A. Eduardo Frei Montalva, Antártica ",-62.19194,-58.97972,-1.5499999999999998
2002-11-28,180005.0,"Chacalluta, Arica Ap.",-18.35555,-70.34028,20.291666666666668
2002-11-28,200006.0,Diego Aracena Iquique Ap.,-20.54917,-70.18111,19.270833333333332
2002-11-28,220002.0,"El Loa, Calama Ad.",-22.49806,-68.8925,21.5875
2002-11-28,270001.0,Mataveri  Isla de Pascua Ap.,-27.15889,-109.4325,21.494999999999997
2002-11-28,290004.0,"La Florida, La Serena Ad.",-29.91444,-71.20667,15.4
2002-11-28,330007.0,"Rodelillo, Ad.",-33.06528,-71.55639,16.376923076923077
2002-11-28,330019.0,"Eulogio Sánchez, Tobalaba Ad.",-33.45528,-70.54861,23.114285714285717
2002-11-28,330020.0,"Quinta Normal, Santiago",-33.445,-70.68278,23.52
2002-11-28,330021.0,Pudahuel Santiago ,-33.37833,-70.78778,18.8875
2002-11-28,330030.0,"Santo Domingo, Ad.",-33.65611,-71.61333,14.064285714285715
2002-11-28,330031.0,"Juan Fernández, Estación Meteorológica.",-33.63583,-78.83305,13.8
2002-11-28,340031.0,"General Freire, Curicó Ad.",-34.96944,-71.21694,21.853846153846156
2002-11-28,360011.0,"General Bernardo O'Higgins, Chillán Ad.",-36.58583,-72.03667,19.246153846153845
2002-11-28,360019.0,"Carriel Sur, Concepción Ap.",-36.78055,-73.06639,13.908333333333333
2002-11-28,370033.0,"María Dolores, Los Angeles Ad.",-37.39694,-72.42389,16.333333333333332
2002-11-28,380013.0,"Maquehue, Temuco Ad.",-38.76778,-72.63194,12.991666666666667
2002-11-28,390006.0,"Pichoy, Valdivia Ad.",-39.65667,-73.08722,17.2
2002-11-28,400009.0,"Cañal Bajo,  Osorno Ad.",-40.61444,-73.0575,15.0
2002-11-28,410005.0,El Tepual  Puerto Montt Ap.,-41.4475,-73.09583,11.133333333333333
2002-11-28,430001.0,Quellón Ad.,-43.13361,-73.63278,12.15
2002-11-28,430002.0,Futaleufú Ad.,-43.18889,-71.85222,13.377777777777778
2002-11-28,450001.0,Puerto Aysén Ad.,-45.39944,-72.67722,12.5
2002-11-28,450004.0,"Teniente Vidal, Coyhaique Ad.",-45.59083,-72.10222,12.63076923076923
2002-11-28,450005.0,Balmaceda Ad.,-45.91833,-71.67778,9.583333333333334
2002-11-28,520006.0,"Carlos Ibañez, Punta Arenas Ap.",-53.00167,-70.83861,6.45
2002-11-28,530005.0,"Fuentes Martínez, Porvenir Ad.",-53.25361,-70.32611,8.090909090909092
2002-11-28,950001.0,"C.M.A. Eduardo Frei Montalva, Antártica ",-62.19194,-58.97972,-1.3642857142857143
2002-11-29,180005.0,"Chacalluta, Arica Ap.",-18.35555,-70.34028,20.716666666666665
2002-11-29,200006.0,Diego Aracena Iquique Ap.,-20.54917,-70.18111,19.652
2002-11-29,220002.0,"El Loa, Calama Ad.",-22.49806,-68.8925,21.5
2002-11-29,270001.0,Mataveri  Isla de Pascua Ap.,-27.15889,-109.4325,21.241666666666667
2002-11-29,290004.0,"La Florida, La Serena Ad.",-29.91444,-71.20667,15.12142857142857
2002-11-29,330007.0,"Rodelillo, Ad.",-33.06528,-71.55639,13.615384615384615
2002-11-29,330019.0,"Eulogio Sánchez, Tobalaba Ad.",-33.45528,-70.54861,21.37857142857143
2002-11-29,330020.0,"Quinta Normal, Santiago",-33.445,-70.68278,21.5
2002-11-29,330021.0,Pudahuel Santiago ,-33.37833,-70.78778,17.162499999999998
2002-11-29,330030.0,"Santo Domingo, Ad.",-33.65611,-71.61333,14.6
2002-11-29,330031.0,"Juan Fernández, Estación Meteorológica.",-33.63583,-78.83305,14.0
2002-11-29,340031.0,"General Freire, Curicó Ad.",-34.96944,-71.21694,21.00769230769231
2002-11-29,360011.0,"General Bernardo O'Higgins, Chillán Ad.",-36.58583,-72.03667,19.676923076923078
2002-11-29,360019.0,"Carriel Sur, Concepción Ap.",-36.78055,-73.06639,14.629166666666668
2002-11-29,370033.0,"María Dolores, Los Angeles Ad.",-37.39694,-72.42389,17.533333333333335
2002-11-29,380013.0,"Maquehue, Temuco Ad.",-38.76778,-72.63194,12.141666666666666
2002-11-29,390006.0,"Pichoy, Valdivia Ad.",-39.65667,-73.08722,17.066666666666666
2002-11-29,400009.0,"Cañal Bajo,  Osorno Ad.",-40.61444,-73.0575,14.990909090909092
2002-11-29,410005.0,El Tepual  Puerto Montt Ap.,-41.4475,-73.09583,11.441666666666668
2002-11-29,430001.0,Quellón Ad.,-43.13361,-73.63278,13.0
2002-11-29,430002.0,Futaleufú Ad.,-43.18889,-71.85222,14.0375
2002-11-29,450001.0,Puerto Aysén Ad.,-45.39944,-72.67722,12.675
2002-11-29,450004.0,"Teniente Vidal, Coyhaique Ad.",-45.59083,-72.10222,12.907692307692308
2002-11-29,450005.0,Balmaceda Ad.,-45.91833,-71.67778,7.308333333333334
2002-11-29,520006.0,"Carlos Ibañez, Punta Arenas Ap.",-53.00167,-70.83861,7.166666666666667
2002-11-29,530005.0,"Fuentes Martínez, Porvenir Ad.",-53.25361,-70.32611,8.818181818181818
2002-11-29,950001.0,"C.M.A. Eduardo Frei Montalva, Antártica ",-62.19194,-58.97972,-0.5133333333333333
2002-11-30,180005.0,"Chacalluta, Arica Ap.",-18.35555,-70.34028,20.758333333333333
2002-11-30,200006.0,Diego Aracena Iquique Ap.,-20.54917,-70.18111,20.495833333333334
2002-11-30,220002.0,"El Loa, Calama Ad.",-22.49806,-68.8925,18.875
2002-11-30,270001.0,Mataveri  Isla de Pascua Ap.,-27.15889,-109.4325,21.691666666666666
2002-11-30,290004.0,"La Florida, La Serena Ad.",-29.91444,-71.20667,16.83076923076923
2002-11-30,330007.0,"Rodelillo, Ad.",-33.06528,-71.55639,13.46923076923077
2002-11-30,330019.0,"Eulogio Sánchez, Tobalaba Ad.",-33.45528,-70.54861,16.423076923076923
2002-11-30,330020.0,"Quinta Normal, Santiago",-33.445,-70.68278,16.44
2002-11-30,330021.0,Pudahuel Santiago ,-33.37833,-70.78778,14.470833333333333
2002-11-30,330030.0,"Santo Domingo, Ad.",-33.65611,-71.61333,14.678571428571429
2002-11-30,330031.0,"Juan Fernández, Estación Meteorológica.",-33.63583,-78.83305,13.1
2002-11-30,340031.0,"General Freire, Curicó Ad.",-34.96944,-71.21694,18.246153846153845
2002-11-30,360011.0,"General Bernardo O'Higgins, Chillán Ad.",-36.58583,-72.03667,18.76923076923077
2002-11-30,360019.0,"Carriel Sur, Concepción Ap.",-36.78055,-73.06639,14.1
2002-11-30,370033.0,"María Dolores, Los Angeles Ad.",-37.39694,-72.42389,16.133333333333333
2002-11-30,380013.0,"Maquehue, Temuco Ad.",-38.76778,-72.63194,11.125
2002-11-30,390006.0,"Pichoy, Valdivia Ad.",-39.65667,-73.08722,16.163636363636364
2002-11-30,400009.0,"Cañal Bajo,  Osorno Ad.",-40.61444,-73.0575,14.6
2002-11-30,410005.0,El Tepual  Puerto Montt Ap.,-41.4475,-73.09583,10.745833333333332
2002-11-30,450004.0,"Teniente Vidal, Coyhaique Ad.",-45.59083,-72.10222,13.623076923076923
2002-11-30,450005.0,Balmaceda Ad.,-45.91833,-71.67778,9.220833333333333
2002-11-30,520006.0,"Carlos Ibañez, Punta Arenas Ap.",-53.00167,-70.83861,7.766666666666667
2002-11-30,530005.0,"Fuentes Martínez, Porvenir Ad.",-53.25361,-70.32611,9.381818181818183
2002-11-30,950001.0,"C.M.A. Eduardo Frei Montalva, Antártica ",-62.19194,-58.97972,-0.7125
2002-12-01,180005.0,"Chacalluta, Arica Ap.",-18.35555,-70.34028,20.974999999999998
2002-12-01,200006.0,Diego Aracena Iquique Ap.,-20.54917,-70.18111,19.991666666666667
2002-12-01,220002.0,"El Loa, Calama Ad.",-22.49806,-68.8925,21.73846153846154
2002-12-01,270001.0,Mataveri  Isla de Pascua Ap.,-27.15889,-109.4325,21.571428571428573
2002-12-01,290004.0,"La Florida, La Serena Ad.",-29.91444,-71.20667,17.161538461538463
2002-12-01,330007.0,"Rodelillo, Ad.",-33.06528,-71.55639,16.523076923076925
2002-12-01,330019.0,"Eulogio Sánchez, Tobalaba Ad.",-33.45528,-70.54861,20.964285714285715
2002-12-01,330020.0,"Quinta Normal, Santiago",-33.445,-70.68278,19.839999999999996
2002-12-01,330021.0,Pudahuel Santiago ,-33.37833,-70.78778,17.254166666666666
2002-12-01,330030.0,"Santo Domingo, Ad.",-33.65611,-71.61333,15.73076923076923
2002-12-01,330031.0,"Juan Fernández, Estación Meteorológica.",-33.63583,-78.83305,13.6
2002-12-01,340031.0,"General Freire, Curicó Ad.",-34.96944,-71.21694,20.47142857142857
2002-12-01,360011.0,"General Bernardo O'Higgins, Chillán Ad.",-36.58583,-72.03667,20.323076923076922
2002-12-01,360019.0,"Carriel Sur, Concepción Ap.",-36.78055,-73.06639,14.108333333333334
2002-12-01,370033.0,"María Dolores, Los Angeles Ad.",-37.39694,-72.42389,20.27692307692308
2002-12-01,380013.0,"Maquehue, Temuco Ad.",-38.76778,-72.63194,11.604166666666666
2002-12-01,390006.0,"Pichoy, Valdivia Ad.",-39.65667,-73.08722,17.375
2002-12-01,400009.0,"Cañal Bajo,  Osorno Ad.",-40.61444,-73.0575,16.036363636363635
2002-12-01,410005.0,El Tepual  Puerto Montt Ap.,-41.4475,-73.09583,11.4125
2002-12-01,450004.0,"Teniente Vidal, Coyhaique Ad.",-45.59083,-72.10222,12.907692307692306
2002-12-01,450005.0,Balmaceda Ad.,-45.91833,-71.67778,7.386363636363637
2002-12-01,520006.0,"Carlos Ibañez, Punta Arenas Ap.",-53.00167,-70.83861,8.716666666666667
2002-12-01,950001.0,"C.M.A. Eduardo Frei Montalva, Antártica ",-62.19194,-58.97972,-0.7444444444444445
2002-12-02,180005.0,"Chacalluta, Arica Ap.",-18.35555,-70.34028,20.075
2002-12-02,200006.0,Diego Aracena Iquique Ap.,-20.54917,-70.18111,19.154166666666665
2002-12-02,220002.0,"El Loa, Calama Ad.",-22.49806,-68.8925,19.141176470588235
2002-12-02,270001.0,Mataveri  Isla de Pascua Ap.,-27.15889,-109.4325,21.123076923076926
2002-12-02,290004.0,"La Florida, La Serena Ad.",-29.91444,-71.20667,15.933333333333334
2002-12-02,330007.0,"Rodelillo, Ad.",-33.06528,-71.55639,14.007692307692308
2002-12-02,330019.0,"Eulogio Sánchez, Tobalaba Ad.",-33.45528,-70.54861,21.95
2002-12-02,330020.0,"Quinta Normal, Santiago",-33.445,-70.68278,22.28
2002-12-02,330021.0,Pudahuel Santiago ,-33.37833,-70.78778,17.524
2002-12-02,330030.0,"Santo Domingo, Ad.",-33.65611,-71.61333,14.975
2002-12-02,330031.0,"Juan Fernández, Estación Meteorológica.",-33.63583,-78.83305,14.24
2002-12-02,340031.0,"General Freire, Curicó Ad.",-34.96944,-71.21694,23.107142857142858
2002-12-02,360011.0,"General Bernardo O'Higgins, Chillán Ad.",-36.58583,-72.03667,21.23846153846154
2002-12-02,360019.0,"Carriel Sur, Concepción Ap.",-36.78055,-73.06639,14.157142857142857
2002-12-02,370033.0,"María Dolores, Los Angeles Ad.",-37.39694,-72.42389,20.123076923076926
2002-12-02,380013.0,"Maquehue, Temuco Ad.",-38.76778,-72.63194,11.566666666666668
2002-12-02,390006.0,"Pichoy, Valdivia Ad.",-39.65667,-73.08722,18.025000000000002
2002-12-02,400009.0,"Cañal Bajo,  Osorno Ad.",-40.61444,-73.0575,16.636363636363637
2002-12-02,410005.0,El Tepual  Puerto Montt Ap.,-41.4475,-73.09583,13.283333333333333
2002-12-02,430001.0,Quellón Ad.,-43.13361,-73.63278,14.3
2002-12-02,430002.0,Futaleufú Ad.,-43.18889,-71.85222,18.066666666666666
2002-12-02,450001.0,Puerto Aysén Ad.,-45.39944,-72.67722,15.675
2002-12-02,450004.0,"Teniente Vidal, Coyhaique Ad.",-45.59083,-72.10222,16.746153846153845
2002-12-02,450005.0,Balmaceda Ad.,-45.91833,-71.67778,15.02727272727273
2002-12-02,520006.0,"Carlos Ibañez, Punta Arenas Ap.",-53.00167,-70.83861,10.466666666666667
2002-12-02,530005.0,"Fuentes Martínez, Porvenir Ad.",-53.25361,-70.32611,11.890909090909092
2002-12-02,550001.0,"Guardiamarina Zañartu, Pto Williams Ad.",-54.93167,-67.61556,12.288888888888888
2002-12-02,950001.0,"C.M.A. Eduardo Frei Montalva, Antártica ",-62.19194,-58.97972,-1.4375
2002-12-03,180005.0,"Chacalluta, Arica Ap.",-18.35555,-70.34028,20.325
2002-12-03,200006.0,Diego Aracena Iquique Ap.,-20.54917,-70.18111,20.020833333333332
2002-12-03,220002.0,"El Loa, Calama Ad.",-22.49806,-68.8925,19.5375
2002-12-03,270001.0,Mataveri  Isla de Pascua Ap.,-27.15889,-109.4325,20.35
2002-12-03,290004.0,"La Florida, La Serena Ad.",-29.91444,-71.20667,15.5
2002-12-03,330007.0,"Rodelillo, Ad.",-33.06528,-71.55639,13.923076923076923
2002-12-03,330019.0,"Eulogio Sánchez, Tobalaba Ad.",-33.45528,-70.54861,19.464285714285715
2002-12-03,330020.0,"Quinta Normal, Santiago",-33.445,-70.68278,19.72
2002-12-03,330021.0,Pudahuel Santiago ,-33.37833,-70.78778,16.416666666666668
2002-12-03,330030.0,"Santo Domingo, Ad.",-33.65611,-71.61333,15.4
2002-12-03,330031.0,"Juan Fernández, Estación Meteorológica.",-33.63583,-78.83305,14.84
2002-12-03,340031.0,"General Freire, Curicó Ad.",-34.96944,-71.21694,22.400000000000002
2002-12-03,360011.0,"General Bernardo O'Higgins, Chillán Ad.",-36.58583,-72.03667,20.823076923076922
2002-12-03,360019.0,"Carriel Sur, Concepción Ap.",-36.78055,-73.06639,14.065384615384614
2002-12-03,370033.0,"María Dolores, Los Angeles Ad.",-37.39694,-72.42389,21.56
2002-12-03,380013.0,"Maquehue, Temuco Ad.",-38.76778,-72.63194,14.708
2002-12-03,390006.0,"Pichoy, Valdivia Ad.",-39.65667,-73.08722,18.983333333333334
2002-12-03,400009.0,"Cañal Bajo,  Osorno Ad.",-40.61444,-73.0575,16.681818181818183
2002-12-03,410005.0,El Tepual  Puerto Montt Ap.,-41.4475,-73.09583,12.595833333333333
2002-12-03,430001.0,Quellón Ad.,-43.13361,-73.63278,15.319999999999999
2002-12-03,430002.0,Futaleufú Ad.,-43.18889,-71.85222,19.755555555555556
2002-12-03,450001.0,Puerto Aysén Ad.,-45.39944,-72.67722,16.775
2002-12-03,450004.0,"Teniente Vidal, Coyhaique Ad.",-45.59083,-72.10222,19.107692307692307
2002-12-03,450005.0,Balmaceda Ad.,-45.91833,-71.67778,16.754545454545454
2002-12-03,520006.0,"Carlos Ibañez, Punta Arenas Ap.",-53.00167,-70.83861,8.554166666666667
2002-12-03,530005.0,"Fuentes Martínez, Porvenir Ad.",-53.25361,-70.32611,9.527272727272727
2002-12-03,550001.0,"Guardiamarina Zañartu, Pto Williams Ad.",-54.93167,-67.61556,10.1
2002-12-03,950001.0,"C.M.A. Eduardo Frei Montalva, Antártica ",-62.19194,-58.97972,-2.645
2002-12-04,180005.0,"Chacalluta, Arica Ap.",-18.35555,-70.34028,19.962500000000002
2002-12-04,200006.0,Diego Aracena Iquique Ap.,-20.54917,-70.18111,19.0
2002-12-04,220002.0,"El Loa, Calama Ad.",-22.49806,-68.8925,20.525
2002-12-04,270001.0,Mataveri  Isla de Pascua Ap.,-27.15889,-109.4325,20.04705882352941
2002-12-04,290004.0,"La Florida, La Serena Ad.",-29.91444,-71.20667,16.216666666666665
2002-12-04,330007.0,"Rodelillo, Ad.",-33.06528,-71.55639,17.5
2002-12-04,330019.0,"Eulogio Sánchez, Tobalaba Ad.",-33.45528,-70.54861,18.599999999999998
2002-12-04,330020.0,"Quinta Normal, Santiago",-33.445,-70.68278,18.56
2002-12-04,330021.0,Pudahuel Santiago ,-33.37833,-70.78778,15.975999999999999
2002-12-04,330030.0,"Santo Domingo, Ad.",-33.65611,-71.61333,17.854545454545455
2002-12-04,330031.0,"Juan Fernández, Estación Meteorológica.",-33.63583,-78.83305,14.48
2002-12-04,340031.0,"General Freire, Curicó Ad.",-34.96944,-71.21694,22.064285714285713
2002-12-04,360011.0,"General Bernardo O'Higgins, Chillán Ad.",-36.58583,-72.03667,19.36923076923077
2002-12-04,360019.0,"Carriel Sur, Concepción Ap.",-36.78055,-73.06639,13.729166666666666
2002-12-04,370033.0,"María Dolores, Los Angeles Ad.",-37.39694,-72.42389,18.066666666666666
2002-12-04,380013.0,"Maquehue, Temuco Ad.",-38.76778,-72.63194,13.145833333333334
2002-12-04,390006.0,"Pichoy, Valdivia Ad.",-39.65667,-73.08722,15.424999999999999
2002-12-04,400009.0,"Cañal Bajo,  Osorno Ad.",-40.61444,-73.0575,16.558333333333334
2002-12-04,410005.0,El Tepual  Puerto Montt Ap.,-41.4475,-73.09583,12.116666666666667
2002-12-04,430001.0,Quellón Ad.,-43.13361,-73.63278,12.91
2002-12-04,430002.0,Futaleufú Ad.,-43.18889,-71.85222,19.566666666666666
2002-12-04,450001.0,Puerto Aysén Ad.,-45.39944,-72.67722,15.675
2002-12-04,450004.0,"Teniente Vidal, Coyhaique Ad.",-45.59083,-72.10222,16.03076923076923
2002-12-04,450005.0,Balmaceda Ad.,-45.91833,-71.67778,13.927272727272726
2002-12-04,520006.0,"Carlos Ibañez, Punta Arenas Ap.",-53.00167,-70.83861,14.208333333333334
2002-12-04,530005.0,"Fuentes Martínez, Porvenir Ad.",-53.25361,-70.32611,14.52727272727273
2002-12-04,550001.0,"Guardiamarina Zañartu, Pto Williams Ad.",-54.93167,-67.61556,13.719999999999999
2002-12-04,950001.0,"C.M.A. Eduardo Frei Montalva, Antártica ",-62.19194,-58.97972,-2.9058823529411764
2002-12-05,180005.0,"Chacalluta, Arica Ap.",-18.35555,-70.34028,20.329166666666666
2002-12-05,200006.0,Diego Aracena Iquique Ap.,-20.54917,-70.18111,19.158333333333335
2002-12-05,220002.0,"El Loa, Calama Ad.",-22.49806,-68.8925,19.96875
2002-12-05,270001.0,Mataveri  Isla de Pascua Ap.,-27.15889,-109.4325,21.082352941176474
2002-12-05,290004.0,"La Florida, La Serena Ad.",-29.91444,-71.20667,17.049999999999997
2002-12-05,330007.0,"Rodelillo, Ad.",-33.06528,-71.55639,17.46153846153846
2002-12-05,330019.0,"Eulogio Sánchez, Tobalaba Ad.",-33.45528,-70.54861,19.557142857142857
2002-12-05,330020.0,"Quinta Normal, Santiago",-33.445,-70.68278,19.64
2002-12-05,330021.0,Pudahuel Santiago ,-33.37833,-70.78778,16.679166666666667
2002-12-05,330030.0,"Santo Domingo, Ad.",-33.65611,-71.61333,18.272727272727273
2002-12-05,330031.0,"Juan Fernández, Estación Meteorológica.",-33.63583,-78.83305,15.560000000000002
2002-12-05,340031.0,"General Freire, Curicó Ad.",-34.96944,-71.21694,19.214285714285715
2002-12-05,360011.0,"General Bernardo O'Higgins, Chillán Ad.",-36.58583,-72.03667,17.923076923076923
2002-12-05,360019.0,"Carriel Sur, Concepción Ap.",-36.78055,-73.06639,14.595833333333333
2002-12-05,370033.0,"María Dolores, Los Angeles Ad.",-37.39694,-72.42389,16.666666666666668
2002-12-05,380013.0,"Maquehue, Temuco Ad.",-38.76778,-72.63194,12.970833333333333
2002-12-05,390006.0,"Pichoy, Valdivia Ad.",-39.65667,-73.08722,14.416666666666666
2002-12-05,400009.0,"Cañal Bajo,  Osorno Ad.",-40.61444,-73.0575,13.383333333333333
2002-12-05,410005.0,El Tepual  Puerto Montt Ap.,-41.4475,-73.09583,12.591666666666667
2002-12-05,430001.0,Quellón Ad.,-43.13361,-73.63278,14.05
2002-12-05,430002.0,Futaleufú Ad.,-43.18889,-71.85222,14.91111111111111
2002-12-05,450001.0,Puerto Aysén Ad.,-45.39944,-72.67722,13.9
2002-12-05,450004.0,"Teniente Vidal, Coyhaique Ad.",-45.59083,-72.10222,15.03076923076923
2002-12-05,450005.0,Balmaceda Ad.,-45.91833,-71.67778,14.009090909090908
2002-12-05,520006.0,"Carlos Ibañez, Punta Arenas Ap.",-53.00167,-70.83861,11.670833333333334
2002-12-05,530005.0,"Fuentes Martínez, Porvenir Ad.",-53.25361,-70.32611,13.109090909090908
2002-12-05,550001.0,"Guardiamarina Zañartu, Pto Williams Ad.",-54.93167,-67.61556,10.8
2002-12-05,950001.0,"C.M.A. Eduardo Frei Montalva, Antártica ",-62.19194,-58.97972,-1.675
2002-12-06,180005.0,"Chacalluta, Arica Ap.",-18.35555,-70.34028,20.833333333333332
2002-12-06,200006.0,Diego Aracena Iquique Ap.,-20.54917,-70.18111,19.656521739130437
2002-12-06,220002.0,"El Loa, Calama Ad.",-22.49806,-68.8925,20.1625
2002-12-06,270001.0,Mataveri  Isla de Pascua Ap.,-27.15889,-109.4325,21.25625
2002-12-06,290004.0,"La Florida, La Serena Ad.",-29.91444,-71.20667,16.494444444444447
2002-12-06,330007.0,"Rodelillo, Ad.",-33.06528,-71.55639,17.7
2002-12-06,330019.0,"Eulogio Sánchez, Tobalaba Ad.",-33.45528,-70.54861,19.964285714285715
2002-12-06,330020.0,"Quinta Normal, Santiago",-33.445,-70.68278,20.419999999999998
2002-12-06,330021.0,Pudahuel Santiago ,-33.37833,-70.78778,17.145833333333332
2002-12-06,330030.0,"Santo Domingo, Ad.",-33.65611,-71.61333,17.145454545454545
2002-12-06,330031.0,"Juan Fernández, Estación Meteorológica.",-33.63583,-78.83305,15.919999999999998
2002-12-06,340031.0,"General Freire, Curicó Ad.",-34.96944,-71.21694,18.292857142857144
2002-12-06,360011.0,"General Bernardo O'Higgins, Chillán Ad.",-36.58583,-72.03667,21.16923076923077
2002-12-06,360019.0,"Carriel Sur, Concepción Ap.",-36.78055,-73.06639,14.879166666666668
2002-12-06,370033.0,"María Dolores, Los Angeles Ad.",-37.39694,-72.42389,17.933333333333334
2002-12-06,380013.0,"Maquehue, Temuco Ad.",-38.76778,-72.63194,14.866666666666667
2002-12-06,390006.0,"Pichoy, Valdivia Ad.",-39.65667,-73.08722,18.583333333333332
2002-12-06,400009.0,"Cañal Bajo,  Osorno Ad.",-40.61444,-73.0575,16.845454545454547
2002-12-06,410005.0,El Tepual  Puerto Montt Ap.,-41.4475,-73.09583,13.136
2002-12-06,430001.0,Quellón Ad.,-43.13361,-73.63278,13.65
2002-12-06,430002.0,Futaleufú Ad.,-43.18889,-71.85222,15.2125
2002-12-06,450001.0,Puerto Aysén Ad.,-45.39944,-72.67722,14.325
2002-12-06,450004.0,"Teniente Vidal, Coyhaique Ad.",-45.59083,-72.10222,14.376923076923077
2002-12-06,450005.0,Balmaceda Ad.,-45.91833,-71.67778,12.654545454545454
2002-12-06,520006.0,"Carlos Ibañez, Punta Arenas Ap.",-53.00167,-70.83861,9.783333333333333
2002-12-06,530005.0,"Fuentes Martínez, Porvenir Ad.",-53.25361,-70.32611,12.545454545454545
2002-12-06,550001.0,"Guardiamarina Zañartu, Pto Williams Ad.",-54.93167,-67.61556,10.11111111111111
2002-12-06,950001.0,"C.M.A. Eduardo Frei Montalva, Antártica ",-62.19194,-58.97972,-0.06249999999999999
2002-12-07,180005.0,"Chacalluta, Arica Ap.",-18.35555,-70.34028,19.75
2002-12-07,200006.0,Diego Aracena Iquique Ap.,-20.54917,-70.18111,19.208333333333332
2002-12-07,220002.0,"El Loa, Calama Ad.",-22.49806,-68.8925,19.826666666666664
2002-12-07,270001.0,Mataveri  Isla de Pascua Ap.,-27.15889,-109.4325,22.0
2002-12-07,290004.0,"La Florida, La Serena Ad.",-29.91444,-71.20667,16.62777777777778
2002-12-07,330007.0,"Rodelillo, Ad.",-33.06528,-71.55639,16.53076923076923
2002-12-07,330019.0,"Eulogio Sánchez, Tobalaba Ad.",-33.45528,-70.54861,22.353846153846156
2002-12-07,330020.0,"Quinta Normal, Santiago",-33.445,-70.68278,21.68
2002-12-07,330021.0,Pudahuel Santiago ,-33.37833,-70.78778,17.925
2002-12-07,330030.0,"Santo Domingo, Ad.",-33.65611,-71.61333,15.7
2002-12-07,330031.0,"Juan Fernández, Estación Meteorológica.",-33.63583,-78.83305,15.1
2002-12-07,340031.0,"General Freire, Curicó Ad.",-34.96944,-71.21694,23.264285714285712
2002-12-07,360011.0,"General Bernardo O'Higgins, Chillán Ad.",-36.58583,-72.03667,22.615384615384617
2002-12-07,360019.0,"Carriel Sur, Concepción Ap.",-36.78055,-73.06639,15.533333333333333
2002-12-07,370033.0,"María Dolores, Los Angeles Ad.",-37.39694,-72.42389,21.066666666666666
2002-12-07,380013.0,"Maquehue, Temuco Ad.",-38.76778,-72.63194,14.1
2002-12-07,390006.0,"Pichoy, Valdivia Ad.",-39.65667,-73.08722,18.23333333333333
2002-12-07,400009.0,"Cañal Bajo,  Osorno Ad.",-40.61444,-73.0575,17.71818181818182
2002-12-07,410005.0,El Tepual  Puerto Montt Ap.,-41.4475,-73.09583,12.3125
2002-12-07,450004.0,"Teniente Vidal, Coyhaique Ad.",-45.59083,-72.10222,18.546153846153846
2002-12-07,450005.0,Balmaceda Ad.,-45.91833,-71.67778,16.616666666666667
2002-12-07,520006.0,"Carlos Ibañez, Punta Arenas Ap.",-53.00167,-70.83861,12.275
2002-12-07,530005.0,"Fuentes Martínez, Porvenir Ad.",-53.25361,-70.32611,14.672727272727274
2002-12-07,950001.0,"C.M.A. Eduardo Frei Montalva, Antártica ",-62.19194,-58.97972,0.25555555555555554
2002-12-08,180005.0,"Chacalluta, Arica Ap.",-18.35555,-70.34028,20.041666666666668
2002-12-08,200006.0,Diego Aracena Iquique Ap.,-20.54917,-70.18111,19.400000000000002
2002-12-08,220002.0,"El Loa, Calama Ad.",-22.49806,-68.8925,20.930769230769233
2002-12-08,270001.0,Mataveri  Isla de Pascua Ap.,-27.15889,-109.4325,20.650000000000002
2002-12-08,290004.0,"La Florida, La Serena Ad.",-29.91444,-71.20667,16.91578947368421
2002-12-08,330007.0,"Rodelillo, Ad.",-33.06528,-71.55639,14.907692307692308
2002-12-08,330019.0,"Eulogio Sánchez, Tobalaba Ad.",-33.45528,-70.54861,19.861538461538462
2002-12-08,330020.0,"Quinta Normal, Santiago",-33.445,-70.68278,18.48
2002-12-08,330021.0,Pudahuel Santiago ,-33.37833,-70.78778,16.192
2002-12-08,330030.0,"Santo Domingo, Ad.",-33.65611,-71.61333,15.563636363636363
2002-12-08,330031.0,"Juan Fernández, Estación Meteorológica.",-33.63583,-78.83305,13.9
2002-12-08,340031.0,"General Freire, Curicó Ad.",-34.96944,-71.21694,23.135714285714283
2002-12-08,360011.0,"General Bernardo O'Higgins, Chillán Ad.",-36.58583,-72.03667,23.446153846153848
2002-12-08,360019.0,"Carriel Sur, Concepción Ap.",-36.78055,-73.06639,15.0
2002-12-08,370033.0,"María Dolores, Los Angeles Ad.",-37.39694,-72.42389,20.466666666666665
2002-12-08,380013.0,"Maquehue, Temuco Ad.",-38.76778,-72.63194,15.720833333333333
2002-12-08,390006.0,"Pichoy, Valdivia Ad.",-39.65667,-73.08722,22.166666666666668
2002-12-08,400009.0,"Cañal Bajo,  Osorno Ad.",-40.61444,-73.0575,21.509090909090908
2002-12-08,410005.0,El Tepual  Puerto Montt Ap.,-41.4475,-73.09583,14.233333333333334
2002-12-08,450004.0,"Teniente Vidal, Coyhaique Ad.",-45.59083,-72.10222,20.661538461538463
2002-12-08,450005.0,Balmaceda Ad.,-45.91833,-71.67778,19.563636363636363
2002-12-08,520006.0,"Carlos Ibañez, Punta Arenas Ap.",-53.00167,-70.83861,11.0375
2002-12-08,950001.0,"C.M.A. Eduardo Frei Montalva, Antártica ",-62.19194,-58.97972,-0.07500000000000001
2002-12-09,180005.0,"Chacalluta, Arica Ap.",-18.35555,-70.34028,20.370833333333334
2002-12-09,200006.0,Diego Aracena Iquique Ap.,-20.54917,-70.18111,19.925
2002-12-09,220002.0,"El Loa, Calama Ad.",-22.49806,-68.8925,18.3625
2002-12-09,270001.0,Mataveri  Isla de Pascua Ap.,-27.15889,-109.4325,21.063157894736843
2002-12-09,290004.0,"La Florida, La Serena Ad.",-29.91444,-71.20667,17.12777777777778
2002-12-09,330007.0,"Rodelillo, Ad.",-33.06528,-71.55639,15.915384615384616
2002-12-09,330019.0,"Eulogio Sánchez, Tobalaba Ad.",-33.45528,-70.54861,19.607142857142858
2002-12-09,330020.0,"Quinta Normal, Santiago",-33.445,-70.68278,18.5
2002-12-09,330021.0,Pudahuel Santiago ,-33.37833,-70.78778,16.404166666666665
2002-12-09,330030.0,"Santo Domingo, Ad.",-33.65611,-71.61333,16.436363636363637
2002-12-09,330031.0,"Juan Fernández, Estación Meteorológica.",-33.63583,-78.83305,14.24
2002-12-09,340031.0,"General Freire, Curicó Ad.",-34.96944,-71.21694,20.014285714285712
2002-12-09,360011.0,"General Bernardo O'Higgins, Chillán Ad.",-36.58583,-72.03667,19.646153846153847
2002-12-09,360019.0,"Carriel Sur, Concepción Ap.",-36.78055,-73.06639,14.679166666666667
2002-12-09,370033.0,"María Dolores, Los Angeles Ad.",-37.39694,-72.42389,20.666666666666668
2002-12-09,380013.0,"Maquehue, Temuco Ad.",-38.76778,-72.63194,14.129166666666668
2002-12-09,390006.0,"Pichoy, Valdivia Ad.",-39.65667,-73.08722,20.625
2002-12-09,400009.0,"Cañal Bajo,  Osorno Ad.",-40.61444,-73.0575,17.254545454545454
2002-12-09,410005.0,El Tepual  Puerto Montt Ap.,-41.4475,-73.09583,13.479166666666666
2002-12-09,430001.0,Quellón Ad.,-43.13361,-73.63278,15.52
2002-12-09,430002.0,Futaleufú Ad.,-43.18889,-71.85222,19.333333333333332
2002-12-09,450001.0,Puerto Aysén Ad.,-45.39944,-72.67722,17.9125
2002-12-09,450004.0,"Teniente Vidal, Coyhaique Ad.",-45.59083,-72.10222,18.76923076923077
2002-12-09,450005.0,Balmaceda Ad.,-45.91833,-71.67778,16.854545454545455
2002-12-09,520006.0,"Carlos Ibañez, Punta Arenas Ap.",-53.00167,-70.83861,12.779166666666667
2002-12-09,530005.0,"Fuentes Martínez, Porvenir Ad.",-53.25361,-70.32611,15.07272727272727
2002-12-09,550001.0,"Guardiamarina Zañartu, Pto Williams Ad.",-54.93167,-67.61556,14.11111111111111
2002-12-09,950001.0,"C.M.A. Eduardo Frei Montalva, Antártica ",-62.19194,-58.97972,0.7875
2002-12-10,180005.0,"Chacalluta, Arica Ap.",-18.35555,-70.34028,19.820833333333333
2002-12-10,200006.0,Diego Aracena Iquique Ap.,-20.54917,-70.18111,19.337500000000002
2002-12-10,220002.0,"El Loa, Calama Ad.",-22.49806,-68.8925,19.25625
2002-12-10,270001.0,Mataveri  Isla de Pascua Ap.,-27.15889,-109.4325,21.264285714285712
2002-12-10,290004.0,"La Florida, La Serena Ad.",-29.91444,-71.20667,17.188888888888886
2002-12-10,330007.0,"Rodelillo, Ad.",-33.06528,-71.55639,18.115384615384617
2002-12-10,330019.0,"Eulogio Sánchez, Tobalaba Ad.",-33.45528,-70.54861,22.333333333333332
2002-12-10,330020.0,"Quinta Normal, Santiago",-33.445,-70.68278,21.82
2002-12-10,330021.0,Pudahuel Santiago ,-33.37833,-70.78778,17.357692307692307
2002-12-10,330030.0,"Santo Domingo, Ad.",-33.65611,-71.61333,16.69090909090909
2002-12-10,330031.0,"Juan Fernández, Estación Meteorológica.",-33.63583,-78.83305,16.240000000000002
2002-12-10,340031.0,"General Freire, Curicó Ad.",-34.96944,-71.21694,21.635714285714283
2002-12-10,360011.0,"General Bernardo O'Higgins, Chillán Ad.",-36.58583,-72.03667,22.207692307692305
2002-12-10,360019.0,"Carriel Sur, Concepción Ap.",-36.78055,-73.06639,15.06
2002-12-10,370033.0,"María Dolores, Los Angeles Ad.",-37.39694,-72.42389,18.400000000000002
2002-12-10,380013.0,"Maquehue, Temuco Ad.",-38.76778,-72.63194,15.066666666666668
2002-12-10,390006.0,"Pichoy, Valdivia Ad.",-39.65667,-73.08722,18.75
2002-12-10,400009.0,"Cañal Bajo,  Osorno Ad.",-40.61444,-73.0575,19.40909090909091
2002-12-10,410005.0,El Tepual  Puerto Montt Ap.,-41.4475,-73.09583,14.03076923076923
2002-12-10,430001.0,Quellón Ad.,-43.13361,-73.63278,18.2
2002-12-10,430002.0,Futaleufú Ad.,-43.18889,-71.85222,20.53333333333333
2002-12-10,450001.0,Puerto Aysén Ad.,-45.39944,-72.67722,16.5
2002-12-10,450004.0,"Teniente Vidal, Coyhaique Ad.",-45.59083,-72.10222,17.892307692307693
2002-12-10,450005.0,Balmaceda Ad.,-45.91833,-71.67778,17.236363636363635
2002-12-10,520006.0,"Carlos Ibañez, Punta Arenas Ap.",-53.00167,-70.83861,13.8125
2002-12-10,530005.0,"Fuentes Martínez, Porvenir Ad.",-53.25361,-70.32611,17.80909090909091
2002-12-10,550001.0,"Guardiamarina Zañartu, Pto Williams Ad.",-54.93167,-67.61556,13.516666666666666
2002-12-10,950001.0,"C.M.A. Eduardo Frei Montalva, Antártica ",-62.19194,-58.97972,0.7571428571428571
2002-12-11,180005.0,"Chacalluta, Arica Ap.",-18.35555,-70.34028,19.579166666666666
2002-12-11,200006.0,Diego Aracena Iquique Ap.,-20.54917,-70.18111,18.795833333333334
2002-12-11,220002.0,"El Loa, Calama Ad.",-22.49806,-68.8925,21.2375
2002-12-11,270001.0,Mataveri  Isla de Pascua Ap.,-27.15889,-109.4325,22.457142857142856
2002-12-11,290004.0,"La Florida, La Serena Ad.",-29.91444,-71.20667,16.394736842105264
2002-12-11,330007.0,"Rodelillo, Ad.",-33.06528,-71.55639,20.753846153846155
2002-12-11,330019.0,"Eulogio Sánchez, Tobalaba Ad.",-33.45528,-70.54861,26.342857142857145
2002-12-11,330020.0,"Quinta Normal, Santiago",-33.445,-70.68278,26.52
2002-12-11,330021.0,Pudahuel Santiago ,-33.37833,-70.78778,21.295833333333334
2002-12-11,330030.0,"Santo Domingo, Ad.",-33.65611,-71.61333,17.363636363636363
2002-12-11,330031.0,"Juan Fernández, Estación Meteorológica.",-33.63583,-78.83305,17.6
2002-12-11,340031.0,"General Freire, Curicó Ad.",-34.96944,-71.21694,24.849999999999998
2002-12-11,360011.0,"General Bernardo O'Higgins, Chillán Ad.",-36.58583,-72.03667,22.95384615384615
2002-12-11,360019.0,"Carriel Sur, Concepción Ap.",-36.78055,-73.06639,15.658333333333333
2002-12-11,370033.0,"María Dolores, Los Angeles Ad.",-37.39694,-72.42389,20.400000000000002
2002-12-11,380013.0,"Maquehue, Temuco Ad.",-38.76778,-72.63194,15.266666666666666
2002-12-11,390006.0,"Pichoy, Valdivia Ad.",-39.65667,-73.08722,18.708333333333332
2002-12-11,400009.0,"Cañal Bajo,  Osorno Ad.",-40.61444,-73.0575,20.21818181818182
2002-12-11,410005.0,El Tepual  Puerto Montt Ap.,-41.4475,-73.09583,15.549999999999999
2002-12-11,430001.0,Quellón Ad.,-43.13361,-73.63278,17.96
2002-12-11,430002.0,Futaleufú Ad.,-43.18889,-71.85222,19.48888888888889
2002-12-11,450001.0,Puerto Aysén Ad.,-45.39944,-72.67722,16.1
2002-12-11,450004.0,"Teniente Vidal, Coyhaique Ad.",-45.59083,-72.10222,16.83076923076923
2002-12-11,450005.0,Balmaceda Ad.,-45.91833,-71.67778,16.154545454545453
2002-12-11,520006.0,"Carlos Ibañez, Punta Arenas Ap.",-53.00167,-70.83861,11.033333333333333
2002-12-11,530005.0,"Fuentes Martínez, Porvenir Ad.",-53.25361,-70.32611,13.0
2002-12-11,950001.0,"C.M.A. Eduardo Frei Montalva, Antártica ",-62.19194,-58.97972,1.4749999999999999
2002-12-12,180005.0,"Chacalluta, Arica Ap.",-18.35555,-70.34028,20.016666666666666
2002-12-12,200006.0,Diego Aracena Iquique Ap.,-20.54917,-70.18111,18.945833333333333
2002-12-12,220002.0,"El Loa, Calama Ad.",-22.49806,-68.8925,21.576470588235296
2002-12-12,270001.0,Mataveri  Isla de Pascua Ap.,-27.15889,-109.4325,22.80625
2002-12-12,290004.0,"La Florida, La Serena Ad.",-29.91444,-71.20667,15.804761904761904
2002-12-12,330007.0,"Rodelillo, Ad.",-33.06528,-71.55639,21.484615384615385
2002-12-12,330019.0,"Eulogio Sánchez, Tobalaba Ad.",-33.45528,-70.54861,27.235714285714288
2002-12-12,330020.0,"Quinta Normal, Santiago",-33.445,-70.68278,27.96
2002-12-12,330021.0,Pudahuel Santiago ,-33.37833,-70.78778,23.05
2002-12-12,330030.0,"Santo Domingo, Ad.",-33.65611,-71.61333,17.663636363636364
2002-12-12,330031.0,"Juan Fernández, Estación Meteorológica.",-33.63583,-78.83305,17.6
2002-12-12,340031.0,"General Freire, Curicó Ad.",-34.96944,-71.21694,23.914285714285715
2002-12-12,360011.0,"General Bernardo O'Higgins, Chillán Ad.",-36.58583,-72.03667,23.876923076923074
2002-12-12,360019.0,"Carriel Sur, Concepción Ap.",-36.78055,-73.06639,16.375
2002-12-12,370033.0,"María Dolores, Los Angeles Ad.",-37.39694,-72.42389,20.866666666666667
2002-12-12,380013.0,"Maquehue, Temuco Ad.",-38.76778,-72.63194,15.8375
2002-12-12,390006.0,"Pichoy, Valdivia Ad.",-39.65667,-73.08722,21.25
2002-12-12,400009.0,"Cañal Bajo,  Osorno Ad.",-40.61444,-73.0575,20.481818181818184
2002-12-12,410005.0,El Tepual  Puerto Montt Ap.,-41.4475,-73.09583,15.762500000000001
2002-12-12,430001.0,Quellón Ad.,-43.13361,-73.63278,15.559999999999999
2002-12-12,430002.0,Futaleufú Ad.,-43.18889,-71.85222,21.522222222222222
2002-12-12,450001.0,Puerto Aysén Ad.,-45.39944,-72.67722,18.775
2002-12-12,450004.0,"Teniente Vidal, Coyhaique Ad.",-45.59083,-72.10222,20.292307692307695
2002-12-12,450005.0,Balmaceda Ad.,-45.91833,-71.67778,18.12727272727273
2002-12-12,520006.0,"Carlos Ibañez, Punta Arenas Ap.",-53.00167,-70.83861,12.633333333333333
2002-12-12,530005.0,"Fuentes Martínez, Porvenir Ad.",-53.25361,-70.32611,14.454545454545455
2002-12-12,950001.0,"C.M.A. Eduardo Frei Montalva, Antártica ",-62.19194,-58.97972,0.55
2002-12-13,180005.0,"Chacalluta, Arica Ap.",-18.35555,-70.34028,20.966666666666665
2002-12-13,200006.0,Diego Aracena Iquique Ap.,-20.54917,-70.18111,20.912499999999998
2002-12-13,220002.0,"El Loa, Calama Ad.",-22.49806,-68.8925,21.23125
2002-12-13,270001.0,Mataveri  Isla de Pascua Ap.,-27.15889,-109.4325,23.69090909090909
2002-12-13,290004.0,"La Florida, La Serena Ad.",-29.91444,-71.20667,15.950000000000001
2002-12-13,330007.0,"Rodelillo, Ad.",-33.06528,-71.55639,15.384615384615385
2002-12-13,330019.0,"Eulogio Sánchez, Tobalaba Ad.",-33.45528,-70.54861,24.75
2002-12-13,330020.0,"Quinta Normal, Santiago",-33.445,-70.68278,24.54
2002-12-13,330021.0,Pudahuel Santiago ,-33.37833,-70.78778,20.904166666666665
2002-12-13,330030.0,"Santo Domingo, Ad.",-33.65611,-71.61333,14.736363636363636
2002-12-13,330031.0,"Juan Fernández, Estación Meteorológica.",-33.63583,-78.83305,17.6
2002-12-13,340031.0,"General Freire, Curicó Ad.",-34.96944,-71.21694,25.12857142857143
2002-12-13,360011.0,"General Bernardo O'Higgins, Chillán Ad.",-36.58583,-72.03667,21.45384615384615
2002-12-13,360019.0,"Carriel Sur, Concepción Ap.",-36.78055,-73.06639,15.755999999999998
2002-12-13,370033.0,"María Dolores, Los Angeles Ad.",-37.39694,-72.42389,20.900000000000002
2002-12-13,380013.0,"Maquehue, Temuco Ad.",-38.76778,-72.63194,14.75
2002-12-13,390006.0,"Pichoy, Valdivia Ad.",-39.65667,-73.08722,19.991666666666667
2002-12-13,400009.0,"Cañal Bajo,  Osorno Ad.",-40.61444,-73.0575,18.841666666666665
2002-12-13,410005.0,El Tepual  Puerto Montt Ap.,-41.4475,-73.09583,14.24642857142857
2002-12-13,430001.0,Quellón Ad.,-43.13361,-73.63278,17.09
2002-12-13,430002.0,Futaleufú Ad.,-43.18889,-71.85222,21.675
2002-12-13,450001.0,Puerto Aysén Ad.,-45.39944,-72.67722,15.8
2002-12-13,450004.0,"Teniente Vidal, Coyhaique Ad.",-45.59083,-72.10222,19.846153846153847
2002-12-13,450005.0,Balmaceda Ad.,-45.91833,-71.67778,17.990909090909092
2002-12-13,520006.0,"Carlos Ibañez, Punta Arenas Ap.",-53.00167,-70.83861,11.695833333333333
2002-12-13,530005.0,"Fuentes Martínez, Porvenir Ad.",-53.25361,-70.32611,15.254545454545456
2002-12-13,950001.0,"C.M.A. Eduardo Frei Montalva, Antártica ",-62.19194,-58.97972,1.4181818181818182
2002-12-14,180005.0,"Chacalluta, Arica Ap.",-18.35555,-70.34028,20.920833333333334
2002-12-14,200006.0,Diego Aracena Iquique Ap.,-20.54917,-70.18111,20.474999999999998
2002-12-14,220002.0,"El Loa, Calama Ad.",-22.49806,-68.8925,20.186666666666667
2002-12-14,270001.0,Mataveri  Isla de Pascua Ap.,-27.15889,-109.4325,21.827272727272728
2002-12-14,290004.0,"La Florida, La Serena Ad.",-29.91444,-71.20667,16.383333333333333
2002-12-14,330007.0,"Rodelillo, Ad.",-33.06528,-71.55639,15.899999999999999
2002-12-14,330019.0,"Eulogio Sánchez, Tobalaba Ad.",-33.45528,-70.54861,23.353846153846156
2002-12-14,330020.0,"Quinta Normal, Santiago",-33.445,-70.68278,22.78
2002-12-14,330021.0,Pudahuel Santiago ,-33.37833,-70.78778,17.492307692307694
2002-12-14,330030.0,"Santo Domingo, Ad.",-33.65611,-71.61333,14.890909090909092
2002-12-14,330031.0,"Juan Fernández, Estación Meteorológica.",-33.63583,-78.83305,17.975
2002-12-14,340031.0,"General Freire, Curicó Ad.",-34.96944,-71.21694,23.17142857142857
2002-12-14,360011.0,"General Bernardo O'Higgins, Chillán Ad.",-36.58583,-72.03667,21.53846153846154
2002-12-14,360019.0,"Carriel Sur, Concepción Ap.",-36.78055,-73.06639,15.315384615384614
2002-12-14,370033.0,"María Dolores, Los Angeles Ad.",-37.39694,-72.42389,21.133333333333333
2002-12-14,380013.0,"Maquehue, Temuco Ad.",-38.76778,-72.63194,15.870833333333332
2002-12-14,390006.0,"Pichoy, Valdivia Ad.",-39.65667,-73.08722,17.891666666666666
2002-12-14,400009.0,"Cañal Bajo,  Osorno Ad.",-40.61444,-73.0575,18.98181818181818
2002-12-14,410005.0,El Tepual  Puerto Montt Ap.,-41.4475,-73.09583,15.629166666666668
2002-12-14,450004.0,"Teniente Vidal, Coyhaique Ad.",-45.59083,-72.10222,16.846153846153847
2002-12-14,450005.0,Balmaceda Ad.,-45.91833,-71.67778,16.375
2002-12-14,520006.0,"Carlos Ibañez, Punta Arenas Ap.",-53.00167,-70.83861,12.379166666666668
2002-12-14,530005.0,"Fuentes Martínez, Porvenir Ad.",-53.25361,-70.32611,14.663636363636362
2002-12-14,950001.0,"C.M.A. Eduardo Frei Montalva, Antártica ",-62.19194,-58.97972,1.6333333333333335
2002-12-15,180005.0,"Chacalluta, Arica Ap.",-18.35555,-70.34028,21.2375
2002-12-15,200006.0,Diego Aracena Iquique Ap.,-20.54917,-70.18111,20.458333333333332
2002-12-15,220002.0,"El Loa, Calama Ad.",-22.49806,-68.8925,21.95384615384615
2002-12-15,270001.0,Mataveri  Isla de Pascua Ap.,-27.15889,-109.4325,22.240000000000002
2002-12-15,290004.0,"La Florida, La Serena Ad.",-29.91444,-71.20667,16.322222222222223
2002-12-15,330007.0,"Rodelillo, Ad.",-33.06528,-71.55639,18.838461538461537
2002-12-15,330019.0,"Eulogio Sánchez, Tobalaba Ad.",-33.45528,-70.54861,22.6
2002-12-15,330020.0,"Quinta Normal, Santiago",-33.445,-70.68278,22.24
2002-12-15,330021.0,Pudahuel Santiago ,-33.37833,-70.78778,19.466666666666665
2002-12-15,330030.0,"Santo Domingo, Ad.",-33.65611,-71.61333,15.8
2002-12-15,330031.0,"Juan Fernández, Estación Meteorológica.",-33.63583,-78.83305,18.6
2002-12-15,340031.0,"General Freire, Curicó Ad.",-34.96944,-71.21694,22.814285714285713
2002-12-15,360011.0,"General Bernardo O'Higgins, Chillán Ad.",-36.58583,-72.03667,21.861538461538462
2002-12-15,360019.0,"Carriel Sur, Concepción Ap.",-36.78055,-73.06639,17.408333333333335
2002-12-15,370033.0,"María Dolores, Los Angeles Ad.",-37.39694,-72.42389,21.133333333333336
2002-12-15,380013.0,"Maquehue, Temuco Ad.",-38.76778,-72.63194,15.762500000000001
2002-12-15,390006.0,"Pichoy, Valdivia Ad.",-39.65667,-73.08722,17.558333333333334
2002-12-15,400009.0,"Cañal Bajo,  Osorno Ad.",-40.61444,-73.0575,16.69090909090909
2002-12-15,410005.0,El Tepual  Puerto Montt Ap.,-41.4475,-73.09583,13.741666666666667
2002-12-15,450004.0,"Teniente Vidal, Coyhaique Ad.",-45.59083,-72.10222,15.707692307692307
2002-12-15,450005.0,Balmaceda Ad.,-45.91833,-71.67778,14.945454545454545
2002-12-15,520006.0,"Carlos Ibañez, Punta Arenas Ap.",-53.00167,-70.83861,9.525
2002-12-15,950001.0,"C.M.A. Eduardo Frei Montalva, Antártica ",-62.19194,-58.97972,0.8625
2002-12-16,180005.0,"Chacalluta, Arica Ap.",-18.35555,-70.34028,21.220833333333335
2002-12-16,200006.0,Diego Aracena Iquique Ap.,-20.54917,-70.18111,20.391666666666666
2002-12-16,220002.0,"El Loa, Calama Ad.",-22.49806,-68.8925,19.65
2002-12-16,270001.0,Mataveri  Isla de Pascua Ap.,-27.15889,-109.4325,21.8
2002-12-16,290004.0,"La Florida, La Serena Ad.",-29.91444,-71.20667,15.89
2002-12-16,330007.0,"Rodelillo, Ad.",-33.06528,-71.55639,20.784615384615385
2002-12-16,330019.0,"Eulogio Sánchez, Tobalaba Ad.",-33.45528,-70.54861,24.857142857142858
2002-12-16,330020.0,"Quinta Normal, Santiago",-33.445,-70.68278,24.7
2002-12-16,330021.0,Pudahuel Santiago ,-33.37833,-70.78778,20.741666666666667
2002-12-16,330030.0,"Santo Domingo, Ad.",-33.65611,-71.61333,16.79090909090909
2002-12-16,330031.0,"Juan Fernández, Estación Meteorológica.",-33.63583,-78.83305,17.119999999999997
2002-12-16,340031.0,"General Freire, Curicó Ad.",-34.96944,-71.21694,23.47142857142857
2002-12-16,360011.0,"General Bernardo O'Higgins, Chillán Ad.",-36.58583,-72.03667,20.73846153846154
2002-12-16,360019.0,"Carriel Sur, Concepción Ap.",-36.78055,-73.06639,15.0
2002-12-16,370033.0,"María Dolores, Los Angeles Ad.",-37.39694,-72.42389,18.599999999999998
2002-12-16,380013.0,"Maquehue, Temuco Ad.",-38.76778,-72.63194,13.408333333333333
2002-12-16,390006.0,"Pichoy, Valdivia Ad.",-39.65667,-73.08722,18.266666666666666
2002-12-16,400009.0,"Cañal Bajo,  Osorno Ad.",-40.61444,-73.0575,17.727272727272727
2002-12-16,410005.0,El Tepual  Puerto Montt Ap.,-41.4475,-73.09583,11.924000000000001
2002-12-16,430001.0,Quellón Ad.,-43.13361,-73.63278,13.459999999999999
2002-12-16,430002.0,Futaleufú Ad.,-43.18889,-71.85222,16.177777777777777
2002-12-16,450001.0,Puerto Aysén Ad.,-45.39944,-72.67722,14.675
2002-12-16,450004.0,"Teniente Vidal, Coyhaique Ad.",-45.59083,-72.10222,15.430769230769231
2002-12-16,450005.0,Balmaceda Ad.,-45.91833,-71.67778,13.772727272727273
2002-12-16,520006.0,"Carlos Ibañez, Punta Arenas Ap.",-53.00167,-70.83861,9.1625
2002-12-16,530005.0,"Fuentes Martínez, Porvenir Ad.",-53.25361,-70.32611,11.427272727272728
2002-12-16,950001.0,"C.M.A. Eduardo Frei Montalva, Antártica ",-62.19194,-58.97972,0.17500000000000002
2002-12-17,180005.0,"Chacalluta, Arica Ap.",-18.35555,-70.34028,21.0625
2002-12-17,200006.0,Diego Aracena Iquique Ap.,-20.54917,-70.18111,20.895833333333332
2002-12-17,220002.0,"El Loa, Calama Ad.",-22.49806,-68.8925,19.147058823529413
2002-12-17,270001.0,Mataveri  Isla de Pascua Ap.,-27.15889,-109.4325,21.318181818181817
2002-12-17,290004.0,"La Florida, La Serena Ad.",-29.91444,-71.20667,15.844999999999999
2002-12-17,330007.0,"Rodelillo, Ad.",-33.06528,-71.55639,20.153846153846153
2002-12-17,330019.0,"Eulogio Sánchez, Tobalaba Ad.",-33.45528,-70.54861,24.50769230769231
2002-12-17,330020.0,"Quinta Normal, Santiago",-33.445,-70.68278,24.54
2002-12-17,330021.0,Pudahuel Santiago ,-33.37833,-70.78778,20.3625
2002-12-17,330030.0,"Santo Domingo, Ad.",-33.65611,-71.61333,16.89090909090909
2002-12-17,330031.0,"Juan Fernández, Estación Meteorológica.",-33.63583,-78.83305,17.619999999999997
2002-12-17,340031.0,"General Freire, Curicó Ad.",-34.96944,-71.21694,23.642857142857142
2002-12-17,360011.0,"General Bernardo O'Higgins, Chillán Ad.",-36.58583,-72.03667,20.676923076923078
2002-12-17,360019.0,"Carriel Sur, Concepción Ap.",-36.78055,-73.06639,14.183333333333332
2002-12-17,370033.0,"María Dolores, Los Angeles Ad.",-37.39694,-72.42389,20.400000000000002
2002-12-17,380013.0,"Maquehue, Temuco Ad.",-38.76778,-72.63194,12.426923076923078
2002-12-17,390006.0,"Pichoy, Valdivia Ad.",-39.65667,-73.08722,15.607692307692307
2002-12-17,400009.0,"Cañal Bajo,  Osorno Ad.",-40.61444,-73.0575,17.336363636363636
2002-12-17,410005.0,El Tepual  Puerto Montt Ap.,-41.4475,-73.09583,12.25
2002-12-17,430001.0,Quellón Ad.,-43.13361,-73.63278,15.080000000000002
2002-12-17,430002.0,Futaleufú Ad.,-43.18889,-71.85222,16.577777777777776
2002-12-17,450001.0,Puerto Aysén Ad.,-45.39944,-72.67722,14.55
2002-12-17,450004.0,"Teniente Vidal, Coyhaique Ad.",-45.59083,-72.10222,14.13846153846154
2002-12-17,450005.0,Balmaceda Ad.,-45.91833,-71.67778,12.881818181818181
2002-12-17,520006.0,"Carlos Ibañez, Punta Arenas Ap.",-53.00167,-70.83861,10.354166666666666
2002-12-17,950001.0,"C.M.A. Eduardo Frei Montalva, Antártica ",-62.19194,-58.97972,0.29333333333333333
2002-12-18,180005.0,"Chacalluta, Arica Ap.",-18.35555,-70.34028,21.474999999999998
2002-12-18,200006.0,Diego Aracena Iquique Ap.,-20.54917,-70.18111,20.5125
2002-12-18,220002.0,"El Loa, Calama Ad.",-22.49806,-68.8925,19.175
2002-12-18,270001.0,Mataveri  Isla de Pascua Ap.,-27.15889,-109.4325,21.086666666666666
2002-12-18,290004.0,"La Florida, La Serena Ad.",-29.91444,-71.20667,16.833333333333332
2002-12-18,330007.0,"Rodelillo, Ad.",-33.06528,-71.55639,17.16923076923077
2002-12-18,330019.0,"Eulogio Sánchez, Tobalaba Ad.",-33.45528,-70.54861,21.338461538461537
2002-12-18,330020.0,"Quinta Normal, Santiago",-33.445,-70.68278,21.22
2002-12-18,330021.0,Pudahuel Santiago ,-33.37833,-70.78778,17.587500000000002
2002-12-18,330030.0,"Santo Domingo, Ad.",-33.65611,-71.61333,18.599999999999998
2002-12-18,330031.0,"Juan Fernández, Estación Meteorológica.",-33.63583,-78.83305,17.419999999999998
2002-12-18,340031.0,"General Freire, Curicó Ad.",-34.96944,-71.21694,20.928571428571427
2002-12-18,360011.0,"General Bernardo O'Higgins, Chillán Ad.",-36.58583,-72.03667,16.361538461538462
2002-12-18,360019.0,"Carriel Sur, Concepción Ap.",-36.78055,-73.06639,14.04
2002-12-18,370033.0,"María Dolores, Los Angeles Ad.",-37.39694,-72.42389,15.666666666666666
2002-12-18,380013.0,"Maquehue, Temuco Ad.",-38.76778,-72.63194,13.02
2002-12-18,390006.0,"Pichoy, Valdivia Ad.",-39.65667,-73.08722,13.083333333333334
2002-12-18,400009.0,"Cañal Bajo,  Osorno Ad.",-40.61444,-73.0575,12.681818181818182
2002-12-18,410005.0,El Tepual  Puerto Montt Ap.,-41.4475,-73.09583,12.665384615384616
2002-12-18,430001.0,Quellón Ad.,-43.13361,-73.63278,15.180000000000001
2002-12-18,430002.0,Futaleufú Ad.,-43.18889,-71.85222,10.81111111111111
2002-12-18,450001.0,Puerto Aysén Ad.,-45.39944,-72.67722,11.325
2002-12-18,450004.0,"Teniente Vidal, Coyhaique Ad.",-45.59083,-72.10222,11.223076923076924
2002-12-18,450005.0,Balmaceda Ad.,-45.91833,-71.67778,10.654545454545454
2002-12-18,520006.0,"Carlos Ibañez, Punta Arenas Ap.",-53.00167,-70.83861,10.204166666666667
2002-12-18,530005.0,"Fuentes Martínez, Porvenir Ad.",-53.25361,-70.32611,10.990909090909092
2002-12-18,950001.0,"C.M.A. Eduardo Frei Montalva, Antártica ",-62.19194,-58.97972,0.5266666666666667
2002-12-19,180005.0,"Chacalluta, Arica Ap.",-18.35555,-70.34028,21.46666666666667
2002-12-19,200006.0,Diego Aracena Iquique Ap.,-20.54917,-70.18111,20.145833333333332
2002-12-19,220002.0,"El Loa, Calama Ad.",-22.49806,-68.8925,20.7
2002-12-19,270001.0,Mataveri  Isla de Pascua Ap.,-27.15889,-109.4325,21.005555555555556
2002-12-19,290004.0,"La Florida, La Serena Ad.",-29.91444,-71.20667,17.755555555555556
2002-12-19,330007.0,"Rodelillo, Ad.",-33.06528,-71.55639,20.146153846153844
2002-12-19,330019.0,"Eulogio Sánchez, Tobalaba Ad.",-33.45528,-70.54861,21.784615384615385
2002-12-19,330020.0,"Quinta Normal, Santiago",-33.445,-70.68278,21.28
2002-12-19,330021.0,Pudahuel Santiago ,-33.37833,-70.78778,17.591666666666665
2002-12-19,330030.0,"Santo Domingo, Ad.",-33.65611,-71.61333,19.10909090909091
2002-12-19,330031.0,"Juan Fernández, Estación Meteorológica.",-33.63583,-78.83305,17.880000000000003
2002-12-19,340031.0,"General Freire, Curicó Ad.",-34.96944,-71.21694,19.785714285714285
2002-12-19,360011.0,"General Bernardo O'Higgins, Chillán Ad.",-36.58583,-72.03667,18.63076923076923
2002-12-19,360019.0,"Carriel Sur, Concepción Ap.",-36.78055,-73.06639,15.020833333333334
2002-12-19,370033.0,"María Dolores, Los Angeles Ad.",-37.39694,-72.42389,15.966666666666669
2002-12-19,380013.0,"Maquehue, Temuco Ad.",-38.76778,-72.63194,12.932
2002-12-19,390006.0,"Pichoy, Valdivia Ad.",-39.65667,-73.08722,17.650000000000002
2002-12-19,400009.0,"Cañal Bajo,  Osorno Ad.",-40.61444,-73.0575,14.741666666666667
2002-12-19,410005.0,El Tepual  Puerto Montt Ap.,-41.4475,-73.09583,12.15
2002-12-19,430001.0,Quellón Ad.,-43.13361,-73.63278,13.34
2002-12-19,430002.0,Futaleufú Ad.,-43.18889,-71.85222,11.744444444444445
2002-12-19,450001.0,Puerto Aysén Ad.,-45.39944,-72.67722,11.275
2002-12-19,450004.0,"Teniente Vidal, Coyhaique Ad.",-45.59083,-72.10222,11.107692307692307
2002-12-19,450005.0,Balmaceda Ad.,-45.91833,-71.67778,11.081818181818182
2002-12-19,520006.0,"Carlos Ibañez, Punta Arenas Ap.",-53.00167,-70.83861,9.229166666666666
2002-12-19,530005.0,"Fuentes Martínez, Porvenir Ad.",-53.25361,-70.32611,10.890909090909092
2002-12-19,950001.0,"C.M.A. Eduardo Frei Montalva, Antártica ",-62.19194,-58.97972,0.8800000000000001
2002-12-20,180005.0,"Chacalluta, Arica Ap.",-18.35555,-70.34028,21.808333333333334
2002-12-20,200006.0,Diego Aracena Iquique Ap.,-20.54917,-70.18111,20.879166666666666
2002-12-20,220002.0,"El Loa, Calama Ad.",-22.49806,-68.8925,19.288235294117644
2002-12-20,270001.0,Mataveri  Isla de Pascua Ap.,-27.15889,-109.4325,21.650000000000002
2002-12-20,290004.0,"La Florida, La Serena Ad.",-29.91444,-71.20667,16.994444444444444
2002-12-20,330007.0,"Rodelillo, Ad.",-33.06528,-71.55639,20.384615384615383
2002-12-20,330019.0,"Eulogio Sánchez, Tobalaba Ad.",-33.45528,-70.54861,23.792307692307695
2002-12-20,330020.0,"Quinta Normal, Santiago",-33.445,-70.68278,23.04
2002-12-20,330021.0,Pudahuel Santiago ,-33.37833,-70.78778,19.454166666666666
2002-12-20,330030.0,"Santo Domingo, Ad.",-33.65611,-71.61333,17.681818181818183
2002-12-20,330031.0,"Juan Fernández, Estación Meteorológica.",-33.63583,-78.83305,17.52
2002-12-20,340031.0,"General Freire, Curicó Ad.",-34.96944,-71.21694,21.728571428571428
2002-12-20,360011.0,"General Bernardo O'Higgins, Chillán Ad.",-36.58583,-72.03667,20.27692307692308
2002-12-20,360019.0,"Carriel Sur, Concepción Ap.",-36.78055,-73.06639,14.945833333333333
2002-12-20,370033.0,"María Dolores, Los Angeles Ad.",-37.39694,-72.42389,16.933333333333334
2002-12-20,380013.0,"Maquehue, Temuco Ad.",-38.76778,-72.63194,13.116666666666667
2002-12-20,390006.0,"Pichoy, Valdivia Ad.",-39.65667,-73.08722,16.958333333333332
2002-12-20,400009.0,"Cañal Bajo,  Osorno Ad.",-40.61444,-73.0575,16.654545454545453
2002-12-20,410005.0,El Tepual  Puerto Montt Ap.,-41.4475,-73.09583,13.396153846153847
2002-12-20,430001.0,Quellón Ad.,-43.13361,-73.63278,15.559999999999999
2002-12-20,430002.0,Futaleufú Ad.,-43.18889,-71.85222,14.0875
2002-12-20,450001.0,Puerto Aysén Ad.,-45.39944,-72.67722,13.799999999999999
2002-12-20,450004.0,"Teniente Vidal, Coyhaique Ad.",-45.59083,-72.10222,13.607692307692307
2002-12-20,450005.0,Balmaceda Ad.,-45.91833,-71.67778,13.52727272727273
2002-12-20,520006.0,"Carlos Ibañez, Punta Arenas Ap.",-53.00167,-70.83861,9.945833333333333
2002-12-20,530005.0,"Fuentes Martínez, Porvenir Ad.",-53.25361,-70.32611,11.409090909090908
2002-12-20,950001.0,"C.M.A. Eduardo Frei Montalva, Antártica ",-62.19194,-58.97972,-0.125
2002-12-21,180005.0,"Chacalluta, Arica Ap.",-18.35555,-70.34028,22.008333333333336
2002-12-21,200006.0,Diego Aracena Iquique Ap.,-20.54917,-70.18111,20.587500000000002
2002-12-21,220002.0,"El Loa, Calama Ad.",-22.49806,-68.8925,19.386666666666667
2002-12-21,270001.0,Mataveri  Isla de Pascua Ap.,-27.15889,-109.4325,22.759999999999998
2002-12-21,290004.0,"La Florida, La Serena Ad.",-29.91444,-71.20667,16.52777777777778
2002-12-21,330007.0,"Rodelillo, Ad.",-33.06528,-71.55639,18.03076923076923
2002-12-21,330019.0,"Eulogio Sánchez, Tobalaba Ad.",-33.45528,-70.54861,22.930769230769233
2002-12-21,330020.0,"Quinta Normal, Santiago",-33.445,-70.68278,22.380000000000003
2002-12-21,330021.0,Pudahuel Santiago ,-33.37833,-70.78778,19.154166666666665
2002-12-21,330030.0,"Santo Domingo, Ad.",-33.65611,-71.61333,16.945454545454545
2002-12-21,330031.0,"Juan Fernández, Estación Meteorológica.",-33.63583,-78.83305,18.425
2002-12-21,340031.0,"General Freire, Curicó Ad.",-34.96944,-71.21694,19.557142857142857
2002-12-21,360011.0,"General Bernardo O'Higgins, Chillán Ad.",-36.58583,-72.03667,19.638461538461538
2002-12-21,360019.0,"Carriel Sur, Concepción Ap.",-36.78055,-73.06639,15.083333333333334
2002-12-21,370033.0,"María Dolores, Los Angeles Ad.",-37.39694,-72.42389,19.133333333333336
2002-12-21,380013.0,"Maquehue, Temuco Ad.",-38.76778,-72.63194,14.095833333333333
2002-12-21,390006.0,"Pichoy, Valdivia Ad.",-39.65667,-73.08722,16.566666666666666
2002-12-21,400009.0,"Cañal Bajo,  Osorno Ad.",-40.61444,-73.0575,15.700000000000001
2002-12-21,410005.0,El Tepual  Puerto Montt Ap.,-41.4475,-73.09583,13.008
2002-12-21,450004.0,"Teniente Vidal, Coyhaique Ad.",-45.59083,-72.10222,12.238461538461538
2002-12-21,450005.0,Balmaceda Ad.,-45.91833,-71.67778,10.783333333333333
2002-12-21,520006.0,"Carlos Ibañez, Punta Arenas Ap.",-53.00167,-70.83861,9.291666666666666
2002-12-21,530005.0,"Fuentes Martínez, Porvenir Ad.",-53.25361,-70.32611,12.509090909090908
2002-12-21,950001.0,"C.M.A. Eduardo Frei Montalva, Antártica ",-62.19194,-58.97972,-0.16
2002-12-22,180005.0,"Chacalluta, Arica Ap.",-18.35555,-70.34028,21.954166666666666
2002-12-22,200006.0,Diego Aracena Iquique Ap.,-20.54917,-70.18111,20.504166666666666
2002-12-22,220002.0,"El Loa, Calama Ad.",-22.49806,-68.8925,20.915384615384614
2002-12-22,270001.0,Mataveri  Isla de Pascua Ap.,-27.15889,-109.4325,21.453333333333333
2002-12-22,290004.0,"La Florida, La Serena Ad.",-29.91444,-71.20667,16.594444444444445
2002-12-22,330007.0,"Rodelillo, Ad.",-33.06528,-71.55639,17.715384615384615
2002-12-22,330019.0,"Eulogio Sánchez, Tobalaba Ad.",-33.45528,-70.54861,19.007692307692306
2002-12-22,330020.0,"Quinta Normal, Santiago",-33.445,-70.68278,19.2
2002-12-22,330021.0,Pudahuel Santiago ,-33.37833,-70.78778,16.595833333333335
2002-12-22,330030.0,"Santo Domingo, Ad.",-33.65611,-71.61333,16.78181818181818
2002-12-22,330031.0,"Juan Fernández, Estación Meteorológica.",-33.63583,-78.83305,16.75
2002-12-22,340031.0,"General Freire, Curicó Ad.",-34.96944,-71.21694,18.614285714285717
2002-12-22,360011.0,"General Bernardo O'Higgins, Chillán Ad.",-36.58583,-72.03667,17.73076923076923
2002-12-22,360019.0,"Carriel Sur, Concepción Ap.",-36.78055,-73.06639,16.3125
2002-12-22,370033.0,"María Dolores, Los Angeles Ad.",-37.39694,-72.42389,17.666666666666668
2002-12-22,380013.0,"Maquehue, Temuco Ad.",-38.76778,-72.63194,13.179166666666667
2002-12-22,390006.0,"Pichoy, Valdivia Ad.",-39.65667,-73.08722,15.358333333333334
2002-12-22,400009.0,"Cañal Bajo,  Osorno Ad.",-40.61444,-73.0575,13.554545454545455
2002-12-22,410005.0,El Tepual  Puerto Montt Ap.,-41.4475,-73.09583,10.415999999999999
2002-12-22,450004.0,"Teniente Vidal, Coyhaique Ad.",-45.59083,-72.10222,10.653846153846153
2002-12-22,450005.0,Balmaceda Ad.,-45.91833,-71.67778,8.427272727272728
2002-12-22,520006.0,"Carlos Ibañez, Punta Arenas Ap.",-53.00167,-70.83861,8.441666666666666
2002-12-22,950001.0,"C.M.A. Eduardo Frei Montalva, Antártica ",-62.19194,-58.97972,0.02941176470588235
2002-12-23,180005.0,"Chacalluta, Arica Ap.",-18.35555,-70.34028,21.891666666666666
2002-12-23,200006.0,Diego Aracena Iquique Ap.,-20.54917,-70.18111,20.808333333333334
2002-12-23,220002.0,"El Loa, Calama Ad.",-22.49806,-68.8925,18.158823529411762
2002-12-23,270001.0,Mataveri  Isla de Pascua Ap.,-27.15889,-109.4325,21.807692307692307
2002-12-23,290004.0,"La Florida, La Serena Ad.",-29.91444,-71.20667,16.866666666666667
2002-12-23,330007.0,"Rodelillo, Ad.",-33.06528,-71.55639,19.2
2002-12-23,330019.0,"Eulogio Sánchez, Tobalaba Ad.",-33.45528,-70.54861,21.428571428571427
2002-12-23,330020.0,"Quinta Normal, Santiago",-33.445,-70.68278,21.82
2002-12-23,330021.0,Pudahuel Santiago ,-33.37833,-70.78778,17.683333333333334
2002-12-23,330030.0,"Santo Domingo, Ad.",-33.65611,-71.61333,16.763636363636365
2002-12-23,330031.0,"Juan Fernández, Estación Meteorológica.",-33.63583,-78.83305,17.36
2002-12-23,340031.0,"General Freire, Curicó Ad.",-34.96944,-71.21694,20.414285714285715
2002-12-23,360011.0,"General Bernardo O'Higgins, Chillán Ad.",-36.58583,-72.03667,17.23846153846154
2002-12-23,360019.0,"Carriel Sur, Concepción Ap.",-36.78055,-73.06639,13.137500000000001
2002-12-23,370033.0,"María Dolores, Los Angeles Ad.",-37.39694,-72.42389,16.466666666666665
2002-12-23,380013.0,"Maquehue, Temuco Ad.",-38.76778,-72.63194,9.954166666666667
2002-12-23,390006.0,"Pichoy, Valdivia Ad.",-39.65667,-73.08722,13.424999999999999
2002-12-23,400009.0,"Cañal Bajo,  Osorno Ad.",-40.61444,-73.0575,12.418181818181818
2002-12-23,410005.0,El Tepual  Puerto Montt Ap.,-41.4475,-73.09583,9.545833333333333
2002-12-23,430001.0,Quellón Ad.,-43.13361,-73.63278,11.6
2002-12-23,430002.0,Futaleufú Ad.,-43.18889,-71.85222,10.533333333333333
2002-12-23,450001.0,Puerto Aysén Ad.,-45.39944,-72.67722,9.975
2002-12-23,450004.0,"Teniente Vidal, Coyhaique Ad.",-45.59083,-72.10222,11.584615384615384
2002-12-23,450005.0,Balmaceda Ad.,-45.91833,-71.67778,9.754545454545454
2002-12-23,520006.0,"Carlos Ibañez, Punta Arenas Ap.",-53.00167,-70.83861,10.487499999999999
2002-12-23,530005.0,"Fuentes Martínez, Porvenir Ad.",-53.25361,-70.32611,13.818181818181818
2002-12-23,950001.0,"C.M.A. Eduardo Frei Montalva, Antártica ",-62.19194,-58.97972,1.3083333333333333
2002-12-24,180005.0,"Chacalluta, Arica Ap.",-18.35555,-70.34028,20.783333333333335
2002-12-24,200006.0,Diego Aracena Iquique Ap.,-20.54917,-70.18111,19.079166666666666
2002-12-24,220002.0,"El Loa, Calama Ad.",-22.49806,-68.8925,21.0875
2002-12-24,270001.0,Mataveri  Isla de Pascua Ap.,-27.15889,-109.4325,22.5625
2002-12-24,290004.0,"La Florida, La Serena Ad.",-29.91444,-71.20667,16.91111111111111
2002-12-24,330007.0,"Rodelillo, Ad.",-33.06528,-71.55639,22.53846153846154
2002-12-24,330019.0,"Eulogio Sánchez, Tobalaba Ad.",-33.45528,-70.54861,22.957142857142856
2002-12-24,330020.0,"Quinta Normal, Santiago",-33.445,-70.68278,22.96
2002-12-24,330021.0,Pudahuel Santiago ,-33.37833,-70.78778,18.479166666666668
2002-12-24,330030.0,"Santo Domingo, Ad.",-33.65611,-71.61333,18.37272727272727
2002-12-24,330031.0,"Juan Fernández, Estación Meteorológica.",-33.63583,-78.83305,18.54
2002-12-24,340031.0,"General Freire, Curicó Ad.",-34.96944,-71.21694,21.97142857142857
2002-12-24,360011.0,"General Bernardo O'Higgins, Chillán Ad.",-36.58583,-72.03667,20.9
2002-12-24,360019.0,"Carriel Sur, Concepción Ap.",-36.78055,-73.06639,15.275
2002-12-24,370033.0,"María Dolores, Los Angeles Ad.",-37.39694,-72.42389,15.733333333333334
2002-12-24,380013.0,"Maquehue, Temuco Ad.",-38.76778,-72.63194,13.819230769230769
2002-12-24,390006.0,"Pichoy, Valdivia Ad.",-39.65667,-73.08722,16.241666666666667
2002-12-24,400009.0,"Cañal Bajo,  Osorno Ad.",-40.61444,-73.0575,18.400000000000002
2002-12-24,410005.0,El Tepual  Puerto Montt Ap.,-41.4475,-73.09583,12.9375
2002-12-24,430001.0,Quellón Ad.,-43.13361,-73.63278,13.059999999999999
2002-12-24,430002.0,Futaleufú Ad.,-43.18889,-71.85222,12.044444444444444
2002-12-24,450001.0,Puerto Aysén Ad.,-45.39944,-72.67722,10.5
2002-12-24,450004.0,"Teniente Vidal, Coyhaique Ad.",-45.59083,-72.10222,10.830769230769231
2002-12-24,450005.0,Balmaceda Ad.,-45.91833,-71.67778,9.6
2002-12-24,520006.0,"Carlos Ibañez, Punta Arenas Ap.",-53.00167,-70.83861,7.979166666666667
2002-12-24,530005.0,"Fuentes Martínez, Porvenir Ad.",-53.25361,-70.32611,10.272727272727273
2002-12-24,950001.0,"C.M.A. Eduardo Frei Montalva, Antártica ",-62.19194,-58.97972,0.975
2002-12-25,180005.0,"Chacalluta, Arica Ap.",-18.35555,-70.34028,20.9
2002-12-25,200006.0,Diego Aracena Iquique Ap.,-20.54917,-70.18111,19.712500000000002
2002-12-25,220002.0,"El Loa, Calama Ad.",-22.49806,-68.8925,21.08
2002-12-25,270001.0,Mataveri  Isla de Pascua Ap.,-27.15889,-109.4325,23.045454545454547
2002-12-25,290004.0,"La Florida, La Serena Ad.",-29.91444,-71.20667,16.183333333333334
2002-12-25,330007.0,"Rodelillo, Ad.",-33.06528,-71.55639,23.284615384615385
2002-12-25,330019.0,"Eulogio Sánchez, Tobalaba Ad.",-33.45528,-70.54861,27.423076923076923
2002-12-25,330020.0,"Quinta Normal, Santiago",-33.445,-70.68278,27.939999999999998
2002-12-25,330021.0,Pudahuel Santiago ,-33.37833,-70.78778,21.708333333333332
2002-12-25,330030.0,"Santo Domingo, Ad.",-33.65611,-71.61333,19.418181818181818
2002-12-25,330031.0,"Juan Fernández, Estación Meteorológica.",-33.63583,-78.83305,19.450000000000003
2002-12-25,340031.0,"General Freire, Curicó Ad.",-34.96944,-71.21694,25.25714285714286
2002-12-25,360011.0,"General Bernardo O'Higgins, Chillán Ad.",-36.58583,-72.03667,23.092307692307692
2002-12-25,360019.0,"Carriel Sur, Concepción Ap.",-36.78055,-73.06639,17.855999999999998
2002-12-25,370033.0,"María Dolores, Los Angeles Ad.",-37.39694,-72.42389,19.333333333333332
2002-12-25,380013.0,"Maquehue, Temuco Ad.",-38.76778,-72.63194,18.366666666666667
2002-12-25,390006.0,"Pichoy, Valdivia Ad.",-39.65667,-73.08722,16.650000000000002
2002-12-25,400009.0,"Cañal Bajo,  Osorno Ad.",-40.61444,-73.0575,17.05
2002-12-25,410005.0,El Tepual  Puerto Montt Ap.,-41.4475,-73.09583,14.487499999999999
2002-12-25,450004.0,"Teniente Vidal, Coyhaique Ad.",-45.59083,-72.10222,9.330769230769231
2002-12-25,450005.0,Balmaceda Ad.,-45.91833,-71.67778,9.445454545454545
2002-12-25,520006.0,"Carlos Ibañez, Punta Arenas Ap.",-53.00167,-70.83861,7.458333333333333
2002-12-25,950001.0,"C.M.A. Eduardo Frei Montalva, Antártica ",-62.19194,-58.97972,0.6476190476190476
2002-12-26,180005.0,"Chacalluta, Arica Ap.",-18.35555,-70.34028,21.833333333333332
2002-12-26,200006.0,Diego Aracena Iquique Ap.,-20.54917,-70.18111,20.666666666666668
2002-12-26,220002.0,"El Loa, Calama Ad.",-22.49806,-68.8925,20.873333333333335
2002-12-26,270001.0,Mataveri  Isla de Pascua Ap.,-27.15889,-109.4325,21.518181818181816
2002-12-26,290004.0,"La Florida, La Serena Ad.",-29.91444,-71.20667,16.211111111111112
2002-12-26,330007.0,"Rodelillo, Ad.",-33.06528,-71.55639,22.184615384615384
2002-12-26,330019.0,"Eulogio Sánchez, Tobalaba Ad.",-33.45528,-70.54861,25.735714285714288
2002-12-26,330020.0,"Quinta Normal, Santiago",-33.445,-70.68278,26.639999999999997
2002-12-26,330021.0,Pudahuel Santiago ,-33.37833,-70.78778,22.441666666666666
2002-12-26,330030.0,"Santo Domingo, Ad.",-33.65611,-71.61333,18.845454545454544
2002-12-26,330031.0,"Juan Fernández, Estación Meteorológica.",-33.63583,-78.83305,20.02
2002-12-26,340031.0,"General Freire, Curicó Ad.",-34.96944,-71.21694,24.2
2002-12-26,360011.0,"General Bernardo O'Higgins, Chillán Ad.",-36.58583,-72.03667,22.253846153846155
2002-12-26,360019.0,"Carriel Sur, Concepción Ap.",-36.78055,-73.06639,17.744
2002-12-26,370033.0,"María Dolores, Los Angeles Ad.",-37.39694,-72.42389,19.400000000000002
2002-12-26,380013.0,"Maquehue, Temuco Ad.",-38.76778,-72.63194,15.516666666666666
2002-12-26,390006.0,"Pichoy, Valdivia Ad.",-39.65667,-73.08722,16.5
2002-12-26,400009.0,"Cañal Bajo,  Osorno Ad.",-40.61444,-73.0575,15.781818181818181
2002-12-26,410005.0,El Tepual  Puerto Montt Ap.,-41.4475,-73.09583,12.844000000000001
2002-12-26,430001.0,Quellón Ad.,-43.13361,-73.63278,13.2
2002-12-26,430002.0,Futaleufú Ad.,-43.18889,-71.85222,9.077777777777776
2002-12-26,450001.0,Puerto Aysén Ad.,-45.39944,-72.67722,9.875
2002-12-26,450004.0,"Teniente Vidal, Coyhaique Ad.",-45.59083,-72.10222,9.192307692307692
2002-12-26,450005.0,Balmaceda Ad.,-45.91833,-71.67778,7.7727272727272725
2002-12-26,520006.0,"Carlos Ibañez, Punta Arenas Ap.",-53.00167,-70.83861,10.095833333333333
2002-12-26,530005.0,"Fuentes Martínez, Porvenir Ad.",-53.25361,-70.32611,11.563636363636364
2002-12-26,950001.0,"C.M.A. Eduardo Frei Montalva, Antártica ",-62.19194,-58.97972,0.7777777777777778
2002-12-27,180005.0,"Chacalluta, Arica Ap.",-18.35555,-70.34028,21.608333333333334
2002-12-27,200006.0,Diego Aracena Iquique Ap.,-20.54917,-70.18111,20.408333333333335
2002-12-27,220002.0,"El Loa, Calama Ad.",-22.49806,-68.8925,19.779999999999998
2002-12-27,270001.0,Mataveri  Isla de Pascua Ap.,-27.15889,-109.4325,22.585714285714285
2002-12-27,290004.0,"La Florida, La Serena Ad.",-29.91444,-71.20667,16.510526315789473
2002-12-27,330007.0,"Rodelillo, Ad.",-33.06528,-71.55639,17.407692307692308
2002-12-27,330019.0,"Eulogio Sánchez, Tobalaba Ad.",-33.45528,-70.54861,25.523076923076925
2002-12-27,330020.0,"Quinta Normal, Santiago",-33.445,-70.68278,25.619999999999997
2002-12-27,330021.0,Pudahuel Santiago ,-33.37833,-70.78778,21.241666666666667
2002-12-27,330030.0,"Santo Domingo, Ad.",-33.65611,-71.61333,17.254545454545454
2002-12-27,330031.0,"Juan Fernández, Estación Meteorológica.",-33.63583,-78.83305,17.04
2002-12-27,340031.0,"General Freire, Curicó Ad.",-34.96944,-71.21694,24.042857142857144
2002-12-27,360011.0,"General Bernardo O'Higgins, Chillán Ad.",-36.58583,-72.03667,22.592307692307692
2002-12-27,360019.0,"Carriel Sur, Concepción Ap.",-36.78055,-73.06639,16.396153846153847
2002-12-27,370033.0,"María Dolores, Los Angeles Ad.",-37.39694,-72.42389,17.400000000000002
2002-12-27,380013.0,"Maquehue, Temuco Ad.",-38.76778,-72.63194,13.741666666666667
2002-12-27,390006.0,"Pichoy, Valdivia Ad.",-39.65667,-73.08722,15.549999999999999
2002-12-27,400009.0,"Cañal Bajo,  Osorno Ad.",-40.61444,-73.0575,16.254545454545454
2002-12-27,410005.0,El Tepual  Puerto Montt Ap.,-41.4475,-73.09583,10.704166666666666
2002-12-27,430001.0,Quellón Ad.,-43.13361,-73.63278,13.8
2002-12-27,430002.0,Futaleufú Ad.,-43.18889,-71.85222,12.9625
2002-12-27,450001.0,Puerto Aysén Ad.,-45.39944,-72.67722,11.075
2002-12-27,450004.0,"Teniente Vidal, Coyhaique Ad.",-45.59083,-72.10222,10.792307692307693
2002-12-27,450005.0,Balmaceda Ad.,-45.91833,-71.67778,10.481818181818182
2002-12-27,520006.0,"Carlos Ibañez, Punta Arenas Ap.",-53.00167,-70.83861,8.445833333333333
2002-12-27,530005.0,"Fuentes Martínez, Porvenir Ad.",-53.25361,-70.32611,10.963636363636363
2002-12-27,950001.0,"C.M.A. Eduardo Frei Montalva, Antártica ",-62.19194,-58.97972,1.675
2002-12-28,180005.0,"Chacalluta, Arica Ap.",-18.35555,-70.34028,20.933333333333334
2002-12-28,200006.0,Diego Aracena Iquique Ap.,-20.54917,-70.18111,20.191666666666666
2002-12-28,220002.0,"El Loa, Calama Ad.",-22.49806,-68.8925,19.959999999999997
2002-12-28,270001.0,Mataveri  Isla de Pascua Ap.,-27.15889,-109.4325,20.53
2002-12-28,290004.0,"La Florida, La Serena Ad.",-29.91444,-71.20667,17.288888888888888
2002-12-28,330007.0,"Rodelillo, Ad.",-33.06528,-71.55639,21.815384615384616
2002-12-28,330019.0,"Eulogio Sánchez, Tobalaba Ad.",-33.45528,-70.54861,23.984615384615385
2002-12-28,330020.0,"Quinta Normal, Santiago",-33.445,-70.68278,23.740000000000002
2002-12-28,330021.0,Pudahuel Santiago ,-33.37833,-70.78778,19.658333333333335
2002-12-28,330030.0,"Santo Domingo, Ad.",-33.65611,-71.61333,18.081818181818182
2002-12-28,330031.0,"Juan Fernández, Estación Meteorológica.",-33.63583,-78.83305,16.95
2002-12-28,340031.0,"General Freire, Curicó Ad.",-34.96944,-71.21694,24.142857142857142
2002-12-28,360011.0,"General Bernardo O'Higgins, Chillán Ad.",-36.58583,-72.03667,21.353846153846156
2002-12-28,360019.0,"Carriel Sur, Concepción Ap.",-36.78055,-73.06639,15.879166666666668
2002-12-28,370033.0,"María Dolores, Los Angeles Ad.",-37.39694,-72.42389,18.2
2002-12-28,380013.0,"Maquehue, Temuco Ad.",-38.76778,-72.63194,12.66
2002-12-28,390006.0,"Pichoy, Valdivia Ad.",-39.65667,-73.08722,18.291666666666668
2002-12-28,400009.0,"Cañal Bajo,  Osorno Ad.",-40.61444,-73.0575,17.79090909090909
2002-12-28,410005.0,El Tepual  Puerto Montt Ap.,-41.4475,-73.09583,11.708333333333334
2002-12-28,450004.0,"Teniente Vidal, Coyhaique Ad.",-45.59083,-72.10222,13.353846153846153
2002-12-28,450005.0,Balmaceda Ad.,-45.91833,-71.67778,11.183333333333332
2002-12-28,520006.0,"Carlos Ibañez, Punta Arenas Ap.",-53.00167,-70.83861,9.745833333333334
2002-12-28,530005.0,"Fuentes Martínez, Porvenir Ad.",-53.25361,-70.32611,10.909090909090908
2002-12-28,950001.0,"C.M.A. Eduardo Frei Montalva, Antártica ",-62.19194,-58.97972,1.2733333333333334
2002-12-29,180005.0,"Chacalluta, Arica Ap.",-18.35555,-70.34028,21.2
2002-12-29,200006.0,Diego Aracena Iquique Ap.,-20.54917,-70.18111,20.191666666666666
2002-12-29,220002.0,"El Loa, Calama Ad.",-22.49806,-68.8925,23.192307692307693
2002-12-29,270001.0,Mataveri  Isla de Pascua Ap.,-27.15889,-109.4325,22.633333333333333
2002-12-29,290004.0,"La Florida, La Serena Ad.",-29.91444,-71.20667,16.811111111111114
2002-12-29,330007.0,"Rodelillo, Ad.",-33.06528,-71.55639,20.946153846153848
2002-12-29,330019.0,"Eulogio Sánchez, Tobalaba Ad.",-33.45528,-70.54861,24.53846153846154
2002-12-29,330020.0,"Quinta Normal, Santiago",-33.445,-70.68278,24.34
2002-12-29,330021.0,Pudahuel Santiago ,-33.37833,-70.78778,20.008333333333333
2002-12-29,330030.0,"Santo Domingo, Ad.",-33.65611,-71.61333,18.70909090909091
2002-12-29,330031.0,"Juan Fernández, Estación Meteorológica.",-33.63583,-78.83305,18.45
2002-12-29,340031.0,"General Freire, Curicó Ad.",-34.96944,-71.21694,24.335714285714285
2002-12-29,360011.0,"General Bernardo O'Higgins, Chillán Ad.",-36.58583,-72.03667,22.915384615384614
2002-12-29,360019.0,"Carriel Sur, Concepción Ap.",-36.78055,-73.06639,16.175
2002-12-29,370033.0,"María Dolores, Los Angeles Ad.",-37.39694,-72.42389,21.599999999999998
2002-12-29,380013.0,"Maquehue, Temuco Ad.",-38.76778,-72.63194,14.470833333333333
2002-12-29,390006.0,"Pichoy, Valdivia Ad.",-39.65667,-73.08722,19.091666666666665
2002-12-29,400009.0,"Cañal Bajo,  Osorno Ad.",-40.61444,-73.0575,19.38181818181818
2002-12-29,410005.0,El Tepual  Puerto Montt Ap.,-41.4475,-73.09583,13.266666666666666
2002-12-29,450004.0,"Teniente Vidal, Coyhaique Ad.",-45.59083,-72.10222,16.207692307692305
2002-12-29,450005.0,Balmaceda Ad.,-45.91833,-71.67778,15.018181818181818
2002-12-29,520006.0,"Carlos Ibañez, Punta Arenas Ap.",-53.00167,-70.83861,10.516666666666667
2002-12-29,950001.0,"C.M.A. Eduardo Frei Montalva, Antártica ",-62.19194,-58.97972,0.6285714285714287
2002-12-30,180005.0,"Chacalluta, Arica Ap.",-18.35555,-70.34028,21.729166666666668
2002-12-30,200006.0,Diego Aracena Iquique Ap.,-20.54917,-70.18111,20.75
2002-12-30,220002.0,"El Loa, Calama Ad.",-22.49806,-68.8925,19.81764705882353
2002-12-30,270001.0,Mataveri  Isla de Pascua Ap.,-27.15889,-109.4325,22.416666666666668
2002-12-30,290004.0,"La Florida, La Serena Ad.",-29.91444,-71.20667,16.666666666666668
2002-12-30,330007.0,"Rodelillo, Ad.",-33.06528,-71.55639,18.223076923076924
2002-12-30,330019.0,"Eulogio Sánchez, Tobalaba Ad.",-33.45528,-70.54861,24.646153846153844
2002-12-30,330020.0,"Quinta Normal, Santiago",-33.445,-70.68278,24.8
2002-12-30,330021.0,Pudahuel Santiago ,-33.37833,-70.78778,20.591666666666665
2002-12-30,330030.0,"Santo Domingo, Ad.",-33.65611,-71.61333,16.472727272727273
2002-12-30,330031.0,"Juan Fernández, Estación Meteorológica.",-33.63583,-78.83305,18.56
2002-12-30,340031.0,"General Freire, Curicó Ad.",-34.96944,-71.21694,24.02857142857143
2002-12-30,360011.0,"General Bernardo O'Higgins, Chillán Ad.",-36.58583,-72.03667,21.707692307692305
2002-12-30,360019.0,"Carriel Sur, Concepción Ap.",-36.78055,-73.06639,16.470833333333335
2002-12-30,370033.0,"María Dolores, Los Angeles Ad.",-37.39694,-72.42389,19.733333333333334
2002-12-30,380013.0,"Maquehue, Temuco Ad.",-38.76778,-72.63194,15.045833333333334
2002-12-30,390006.0,"Pichoy, Valdivia Ad.",-39.65667,-73.08722,21.3
2002-12-30,400009.0,"Cañal Bajo,  Osorno Ad.",-40.61444,-73.0575,19.645454545454545
2002-12-30,410005.0,El Tepual  Puerto Montt Ap.,-41.4475,-73.09583,15.470833333333333
2002-12-30,430001.0,Quellón Ad.,-43.13361,-73.63278,13.280000000000001
2002-12-30,430002.0,Futaleufú Ad.,-43.18889,-71.85222,18.855555555555554
2002-12-30,450001.0,Puerto Aysén Ad.,-45.39944,-72.67722,15.524999999999999
2002-12-30,450004.0,"Teniente Vidal, Coyhaique Ad.",-45.59083,-72.10222,16.13076923076923
2002-12-30,450005.0,Balmaceda Ad.,-45.91833,-71.67778,13.70909090909091
2002-12-30,520006.0,"Carlos Ibañez, Punta Arenas Ap.",-53.00167,-70.83861,10.533333333333333
2002-12-30,530005.0,"Fuentes Martínez, Porvenir Ad.",-53.25361,-70.32611,11.4
2002-12-30,950001.0,"C.M.A. Eduardo Frei Montalva, Antártica ",-62.19194,-58.97972,-0.11249999999999999
2002-12-31,180005.0,"Chacalluta, Arica Ap.",-18.35555,-70.34028,21.120833333333334
2002-12-31,200006.0,Diego Aracena Iquique Ap.,-20.54917,-70.18111,20.041666666666668
2002-12-31,220002.0,"El Loa, Calama Ad.",-22.49806,-68.8925,21.075
2002-12-31,270001.0,Mataveri  Isla de Pascua Ap.,-27.15889,-109.4325,24.099999999999998
2002-12-31,290004.0,"La Florida, La Serena Ad.",-29.91444,-71.20667,16.505555555555556
2002-12-31,330007.0,"Rodelillo, Ad.",-33.06528,-71.55639,21.292307692307695
2002-12-31,330019.0,"Eulogio Sánchez, Tobalaba Ad.",-33.45528,-70.54861,24.714285714285715
2002-12-31,330020.0,"Quinta Normal, Santiago",-33.445,-70.68278,25.119999999999997
2002-12-31,330021.0,Pudahuel Santiago ,-33.37833,-70.78778,20.592
2002-12-31,330030.0,"Santo Domingo, Ad.",-33.65611,-71.61333,16.945454545454545
2002-12-31,330031.0,"Juan Fernández, Estación Meteorológica.",-33.63583,-78.83305,18.4
2002-12-31,340031.0,"General Freire, Curicó Ad.",-34.96944,-71.21694,24.75714285714286
2002-12-31,360011.0,"General Bernardo O'Higgins, Chillán Ad.",-36.58583,-72.03667,24.16923076923077
2002-12-31,360019.0,"Carriel Sur, Concepción Ap.",-36.78055,-73.06639,17.383333333333333
2002-12-31,370033.0,"María Dolores, Los Angeles Ad.",-37.39694,-72.42389,21.7
2002-12-31,380013.0,"Maquehue, Temuco Ad.",-38.76778,-72.63194,17.400000000000002
2002-12-31,390006.0,"Pichoy, Valdivia Ad.",-39.65667,-73.08722,20.733333333333334
2002-12-31,400009.0,"Cañal Bajo,  Osorno Ad.",-40.61444,-73.0575,18.745454545454546
2002-12-31,410005.0,El Tepual  Puerto Montt Ap.,-41.4475,-73.09583,14.891666666666666
2002-12-31,430001.0,Quellón Ad.,-43.13361,-73.63278,15.38
2002-12-31,430002.0,Futaleufú Ad.,-43.18889,-71.85222,19.366666666666667
2002-12-31,450001.0,Puerto Aysén Ad.,-45.39944,-72.67722,16.425
2002-12-31,450004.0,"Teniente Vidal, Coyhaique Ad.",-45.59083,-72.10222,17.8
2002-12-31,450005.0,Balmaceda Ad.,-45.91833,-71.67778,16.099999999999998
2002-12-31,520006.0,"Carlos Ibañez, Punta Arenas Ap.",-53.00167,-70.83861,10.658333333333333
2002-12-31,530005.0,"Fuentes Martínez, Porvenir Ad.",-53.25361,-70.32611,12.963636363636363
2002-12-31,950001.0,"C.M.A. Eduardo Frei Montalva, Antártica ",-62.19194,-58.97972,1.82
2003-01-01,180005.0,"Chacalluta, Arica Ap.",-18.35555,-70.34028,20.2
2003-01-01,200006.0,Diego Aracena Iquique Ap.,-20.54917,-70.18111,20.4
2003-01-01,220002.0,"El Loa, Calama Ad.",-22.49806,-68.8925,18.0
2003-01-01,270001.0,Mataveri  Isla de Pascua Ap.,-27.15889,-109.4325,23.3
2003-01-01,290004.0,"La Florida, La Serena Ad.",-29.91444,-71.20667,15.5
2003-01-01,330007.0,"Rodelillo, Ad.",-33.06528,-71.55639,19.0
2003-01-01,330019.0,"Eulogio Sánchez, Tobalaba Ad.",-33.45528,-70.54861,25.2
2003-01-01,330020.0,"Quinta Normal, Santiago",-33.445,-70.68278,25.0
2003-01-01,330021.0,Pudahuel Santiago ,-33.37833,-70.78778,24.6
2003-01-01,330030.0,"Santo Domingo, Ad.",-33.65611,-71.61333,
2003-01-01,330031.0,"Juan Fernández, Estación Meteorológica.",-33.63583,-78.83305,16.8
2003-01-01,340031.0,"General Freire, Curicó Ad.",-34.96944,-71.21694,27.8
2003-01-01,360011.0,"General Bernardo O'Higgins, Chillán Ad.",-36.58583,-72.03667,24.2
2003-01-01,360019.0,"Carriel Sur, Concepción Ap.",-36.78055,-73.06639,17.1
2003-01-01,370033.0,"María Dolores, Los Angeles Ad.",-37.39694,-72.42389,25.0
2003-01-01,380013.0,"Maquehue, Temuco Ad.",-38.76778,-72.63194,16.2
2003-01-01,410005.0,El Tepual  Puerto Montt Ap.,-41.4475,-73.09583,16.0
2003-01-01,450004.0,"Teniente Vidal, Coyhaique Ad.",-45.59083,-72.10222,19.8
2003-01-01,450005.0,Balmaceda Ad.,-45.91833,-71.67778,16.4
2003-01-01,520006.0,"Carlos Ibañez, Punta Arenas Ap.",-53.00167,-70.83861,11.8
2003-01-01,950001.0,"C.M.A. Eduardo Frei Montalva, Antártica ",-62.19194,-58.97972,0.9
