date,CodigoNacional,nombreEstacion,latitud,longitud,presion_qfe_mean
2000-01-01,180005.0,"Chacalluta, Arica Ap.",-18.35555,-70.34028,1008.1304347826087
2000-01-01,200006.0,Diego Aracena Iquique Ap.,-20.54917,-70.18111,1008.7571428571429
2000-01-01,220002.0,"El Loa, Calama Ad.",-22.49806,-68.8925,775.38
2000-01-01,270001.0,Mataveri  Isla de Pascua Ap.,-27.15889,-109.4325,1007.8399999999999
2000-01-01,290004.0,"La Florida, La Serena Ad.",-29.91444,-71.20667,999.0882352941177
2000-01-01,330020.0,"Quinta Normal, Santiago",-33.445,-70.68278,953.825
2000-01-01,330021.0,Pudahuel Santiago ,-33.37833,-70.78778,959.157142857143
2000-01-01,330030.0,"Santo Domingo, Ad.",-33.65611,-71.61333,1008.3076923076923
2000-01-01,330031.0,"Juan Fernández, Estación Meteorológica.",-33.63583,-78.83305,1015.9
2000-01-01,340031.0,"General Freire, Curicó Ad.",-34.96944,-71.21694,987.2846153846154
2000-01-01,360011.0,"General Bernardo O'Higgins, Chillán Ad.",-36.58583,-72.03667,995.7833333333333
2000-01-01,360019.0,"Carriel Sur, Concepción Ap.",-36.78055,-73.06639,1013.9347826086956
2000-01-01,380013.0,"Maquehue, Temuco Ad.",-38.76778,-72.63194,1004.2913043478261
2000-01-01,390006.0,"Pichoy, Valdivia Ad.",-39.65667,-73.08722,1013.475
2000-01-01,400009.0,"Cañal Bajo,  Osorno Ad.",-40.61444,-73.0575,1010.3846153846154
2000-01-01,410005.0,El Tepual  Puerto Montt Ap.,-41.4475,-73.09583,1007.5285714285714
2000-01-01,430002.0,Futaleufú Ad.,-43.18889,-71.85222,974.4166666666666
2000-01-01,450004.0,"Teniente Vidal, Coyhaique Ad.",-45.59083,-72.10222,979.0416666666666
2000-01-01,450005.0,Balmaceda Ad.,-45.91833,-71.67778,951.5739130434783
2000-01-01,520006.0,"Carlos Ibañez, Punta Arenas Ap.",-53.00167,-70.83861,997.1285714285714
2000-01-01,530005.0,"Fuentes Martínez, Porvenir Ad.",-53.25361,-70.32611,997.5307692307692
2000-01-01,950001.0,"C.M.A. Eduardo Frei Montalva, Antártica ",-62.19194,-58.97972,974.4
2000-01-02,180005.0,"Chacalluta, Arica Ap.",-18.35555,-70.34028,1007.5875
2000-01-02,200006.0,Diego Aracena Iquique Ap.,-20.54917,-70.18111,1008.075
2000-01-02,220002.0,"El Loa, Calama Ad.",-22.49806,-68.8925,774.39
2000-01-02,270001.0,Mataveri  Isla de Pascua Ap.,-27.15889,-109.4325,1006.7166666666667
2000-01-02,290004.0,"La Florida, La Serena Ad.",-29.91444,-71.20667,998.4555555555556
2000-01-02,330020.0,"Quinta Normal, Santiago",-33.445,-70.68278,952.6
2000-01-02,330021.0,Pudahuel Santiago ,-33.37833,-70.78778,958.0375
2000-01-02,330030.0,"Santo Domingo, Ad.",-33.65611,-71.61333,1006.7642857142857
2000-01-02,330031.0,"Juan Fernández, Estación Meteorológica.",-33.63583,-78.83305,1014.725
2000-01-02,340031.0,"General Freire, Curicó Ad.",-34.96944,-71.21694,985.4769230769232
2000-01-02,360011.0,"General Bernardo O'Higgins, Chillán Ad.",-36.58583,-72.03667,994.5230769230768
2000-01-02,360019.0,"Carriel Sur, Concepción Ap.",-36.78055,-73.06639,1013.3625000000001
2000-01-02,380013.0,"Maquehue, Temuco Ad.",-38.76778,-72.63194,1003.9250000000001
2000-01-02,390006.0,"Pichoy, Valdivia Ad.",-39.65667,-73.08722,1012.176923076923
2000-01-02,400009.0,"Cañal Bajo,  Osorno Ad.",-40.61444,-73.0575,1009.0733333333334
2000-01-02,410005.0,El Tepual  Puerto Montt Ap.,-41.4475,-73.09583,1006.8000000000001
2000-01-02,430002.0,Futaleufú Ad.,-43.18889,-71.85222,973.4923076923077
2000-01-02,450004.0,"Teniente Vidal, Coyhaique Ad.",-45.59083,-72.10222,977.7
2000-01-02,450005.0,Balmaceda Ad.,-45.91833,-71.67778,953.7166666666667
2000-01-02,520006.0,"Carlos Ibañez, Punta Arenas Ap.",-53.00167,-70.83861,998.4375
2000-01-02,950001.0,"C.M.A. Eduardo Frei Montalva, Antártica ",-62.19194,-58.97972,978.4125
2000-01-03,180005.0,"Chacalluta, Arica Ap.",-18.35555,-70.34028,1007.4625
2000-01-03,200006.0,Diego Aracena Iquique Ap.,-20.54917,-70.18111,1008.075
2000-01-03,220002.0,"El Loa, Calama Ad.",-22.49806,-68.8925,774.7375
2000-01-03,270001.0,Mataveri  Isla de Pascua Ap.,-27.15889,-109.4325,1008.5333333333333
2000-01-03,290004.0,"La Florida, La Serena Ad.",-29.91444,-71.20667,998.642105263158
2000-01-03,330020.0,"Quinta Normal, Santiago",-33.445,-70.68278,953.74
2000-01-03,330021.0,Pudahuel Santiago ,-33.37833,-70.78778,962.2874999999999
2000-01-03,330030.0,"Santo Domingo, Ad.",-33.65611,-71.61333,1007.9785714285715
2000-01-03,330031.0,"Juan Fernández, Estación Meteorológica.",-33.63583,-78.83305,1015.4
2000-01-03,340031.0,"General Freire, Curicó Ad.",-34.96944,-71.21694,987.5071428571429
2000-01-03,360011.0,"General Bernardo O'Higgins, Chillán Ad.",-36.58583,-72.03667,996.2384615384616
2000-01-03,360019.0,"Carriel Sur, Concepción Ap.",-36.78055,-73.06639,1013.2916666666666
2000-01-03,380013.0,"Maquehue, Temuco Ad.",-38.76778,-72.63194,1004.4708333333333
2000-01-03,390006.0,"Pichoy, Valdivia Ad.",-39.65667,-73.08722,1013.2
2000-01-03,400009.0,"Cañal Bajo,  Osorno Ad.",-40.61444,-73.0575,1008.8857142857142
2000-01-03,410005.0,El Tepual  Puerto Montt Ap.,-41.4475,-73.09583,1005.725
2000-01-03,430001.0,Quellón Ad.,-43.13361,-73.63278,1013.025
2000-01-03,430002.0,Futaleufú Ad.,-43.18889,-71.85222,971.8461538461538
2000-01-03,450004.0,"Teniente Vidal, Coyhaique Ad.",-45.59083,-72.10222,975.3153846153847
2000-01-03,450005.0,Balmaceda Ad.,-45.91833,-71.67778,950.1045454545455
2000-01-03,520006.0,"Carlos Ibañez, Punta Arenas Ap.",-53.00167,-70.83861,997.4499999999999
2000-01-03,530005.0,"Fuentes Martínez, Porvenir Ad.",-53.25361,-70.32611,999.3153846153847
2000-01-03,550001.0,"Guardiamarina Zañartu, Pto Williams Ad.",-54.93167,-67.61556,1001.1444444444444
2000-01-03,950001.0,"C.M.A. Eduardo Frei Montalva, Antártica ",-62.19194,-58.97972,980.3875
2000-01-04,180005.0,"Chacalluta, Arica Ap.",-18.35555,-70.34028,1007.525
2000-01-04,200006.0,Diego Aracena Iquique Ap.,-20.54917,-70.18111,1008.225
2000-01-04,220002.0,"El Loa, Calama Ad.",-22.49806,-68.8925,775.1375
2000-01-04,270001.0,Mataveri  Isla de Pascua Ap.,-27.15889,-109.4325,1010.4666666666667
2000-01-04,290004.0,"La Florida, La Serena Ad.",-29.91444,-71.20667,998.6388888888889
2000-01-04,330020.0,"Quinta Normal, Santiago",-33.445,-70.68278,953.3799999999999
2000-01-04,330021.0,Pudahuel Santiago ,-33.37833,-70.78778,958.8
2000-01-04,330030.0,"Santo Domingo, Ad.",-33.65611,-71.61333,1006.6384615384615
2000-01-04,330031.0,"Juan Fernández, Estación Meteorológica.",-33.63583,-78.83305,1016.24
2000-01-04,340031.0,"General Freire, Curicó Ad.",-34.96944,-71.21694,987.1357142857142
2000-01-04,360011.0,"General Bernardo O'Higgins, Chillán Ad.",-36.58583,-72.03667,997.123076923077
2000-01-04,360019.0,"Carriel Sur, Concepción Ap.",-36.78055,-73.06639,1015.3958333333334
2000-01-04,380013.0,"Maquehue, Temuco Ad.",-38.76778,-72.63194,1007.2375000000001
2000-01-04,390006.0,"Pichoy, Valdivia Ad.",-39.65667,-73.08722,1014.4307692307692
2000-01-04,400009.0,"Cañal Bajo,  Osorno Ad.",-40.61444,-73.0575,1009.65
2000-01-04,410005.0,El Tepual  Puerto Montt Ap.,-41.4475,-73.09583,1006.4875
2000-01-04,430001.0,Quellón Ad.,-43.13361,-73.63278,1013.45
2000-01-04,430002.0,Futaleufú Ad.,-43.18889,-71.85222,972.0153846153846
2000-01-04,450004.0,"Teniente Vidal, Coyhaique Ad.",-45.59083,-72.10222,972.5
2000-01-04,450005.0,Balmaceda Ad.,-45.91833,-71.67778,944.5454545454545
2000-01-04,520006.0,"Carlos Ibañez, Punta Arenas Ap.",-53.00167,-70.83861,990.35
2000-01-04,530005.0,"Fuentes Martínez, Porvenir Ad.",-53.25361,-70.32611,989.623076923077
2000-01-04,550001.0,"Guardiamarina Zañartu, Pto Williams Ad.",-54.93167,-67.61556,990.2555555555555
2000-01-04,950001.0,"C.M.A. Eduardo Frei Montalva, Antártica ",-62.19194,-58.97972,986.8125
2000-01-05,180005.0,"Chacalluta, Arica Ap.",-18.35555,-70.34028,1008.5833333333334
2000-01-05,200006.0,Diego Aracena Iquique Ap.,-20.54917,-70.18111,1009.05
2000-01-05,220002.0,"El Loa, Calama Ad.",-22.49806,-68.8925,775.725
2000-01-05,270001.0,Mataveri  Isla de Pascua Ap.,-27.15889,-109.4325,1010.9666666666667
2000-01-05,290004.0,"La Florida, La Serena Ad.",-29.91444,-71.20667,998.8833333333334
2000-01-05,330020.0,"Quinta Normal, Santiago",-33.445,-70.68278,953.6200000000001
2000-01-05,330021.0,Pudahuel Santiago ,-33.37833,-70.78778,958.65
2000-01-05,330030.0,"Santo Domingo, Ad.",-33.65611,-71.61333,1007.342857142857
2000-01-05,330031.0,"Juan Fernández, Estación Meteorológica.",-33.63583,-78.83305,1016.0200000000001
2000-01-05,340031.0,"General Freire, Curicó Ad.",-34.96944,-71.21694,987.1692307692308
2000-01-05,360011.0,"General Bernardo O'Higgins, Chillán Ad.",-36.58583,-72.03667,997.0
2000-01-05,360019.0,"Carriel Sur, Concepción Ap.",-36.78055,-73.06639,1015.475
2000-01-05,380013.0,"Maquehue, Temuco Ad.",-38.76778,-72.63194,1006.92
2000-01-05,390006.0,"Pichoy, Valdivia Ad.",-39.65667,-73.08722,1015.2538461538461
2000-01-05,400009.0,"Cañal Bajo,  Osorno Ad.",-40.61444,-73.0575,1011.0071428571429
2000-01-05,410005.0,El Tepual  Puerto Montt Ap.,-41.4475,-73.09583,1008.9125
2000-01-05,430001.0,Quellón Ad.,-43.13361,-73.63278,1016.25
2000-01-05,430002.0,Futaleufú Ad.,-43.18889,-71.85222,975.3461538461538
2000-01-05,450004.0,"Teniente Vidal, Coyhaique Ad.",-45.59083,-72.10222,977.4076923076923
2000-01-05,450005.0,Balmaceda Ad.,-45.91833,-71.67778,951.4272727272728
2000-01-05,520006.0,"Carlos Ibañez, Punta Arenas Ap.",-53.00167,-70.83861,995.675
2000-01-05,530005.0,"Fuentes Martínez, Porvenir Ad.",-53.25361,-70.32611,998.7615384615384
2000-01-05,550001.0,"Guardiamarina Zañartu, Pto Williams Ad.",-54.93167,-67.61556,994.657142857143
2000-01-05,950001.0,"C.M.A. Eduardo Frei Montalva, Antártica ",-62.19194,-58.97972,980.25
2000-01-06,180005.0,"Chacalluta, Arica Ap.",-18.35555,-70.34028,1009.1666666666666
2000-01-06,200006.0,Diego Aracena Iquique Ap.,-20.54917,-70.18111,1009.8
2000-01-06,220002.0,"El Loa, Calama Ad.",-22.49806,-68.8925,776.54375
2000-01-06,270001.0,Mataveri  Isla de Pascua Ap.,-27.15889,-109.4325,1010.85
2000-01-06,290004.0,"La Florida, La Serena Ad.",-29.91444,-71.20667,1000.0722222222222
2000-01-06,330020.0,"Quinta Normal, Santiago",-33.445,-70.68278,955.18
2000-01-06,330021.0,Pudahuel Santiago ,-33.37833,-70.78778,960.2875
2000-01-06,330030.0,"Santo Domingo, Ad.",-33.65611,-71.61333,1008.342857142857
2000-01-06,330031.0,"Juan Fernández, Estación Meteorológica.",-33.63583,-78.83305,1015.82
2000-01-06,340031.0,"General Freire, Curicó Ad.",-34.96944,-71.21694,989.5571428571428
2000-01-06,360011.0,"General Bernardo O'Higgins, Chillán Ad.",-36.58583,-72.03667,999.9076923076923
2000-01-06,360019.0,"Carriel Sur, Concepción Ap.",-36.78055,-73.06639,1017.5333333333333
2000-01-06,380013.0,"Maquehue, Temuco Ad.",-38.76778,-72.63194,1008.3708333333334
2000-01-06,390006.0,"Pichoy, Valdivia Ad.",-39.65667,-73.08722,1016.3846153846154
2000-01-06,400009.0,"Cañal Bajo,  Osorno Ad.",-40.61444,-73.0575,1011.2642857142857
2000-01-06,410005.0,El Tepual  Puerto Montt Ap.,-41.4475,-73.09583,1007.7
2000-01-06,430001.0,Quellón Ad.,-43.13361,-73.63278,1012.9000000000001
2000-01-06,430002.0,Futaleufú Ad.,-43.18889,-71.85222,973.0461538461539
2000-01-06,450004.0,"Teniente Vidal, Coyhaique Ad.",-45.59083,-72.10222,972.4307692307692
2000-01-06,450005.0,Balmaceda Ad.,-45.91833,-71.67778,945.9
2000-01-06,520006.0,"Carlos Ibañez, Punta Arenas Ap.",-53.00167,-70.83861,993.2625
2000-01-06,530005.0,"Fuentes Martínez, Porvenir Ad.",-53.25361,-70.32611,989.6750000000001
2000-01-06,550001.0,"Guardiamarina Zañartu, Pto Williams Ad.",-54.93167,-67.61556,990.811111111111
2000-01-06,950001.0,"C.M.A. Eduardo Frei Montalva, Antártica ",-62.19194,-58.97972,982.15
2000-01-07,180005.0,"Chacalluta, Arica Ap.",-18.35555,-70.34028,1008.6374999999999
2000-01-07,200006.0,Diego Aracena Iquique Ap.,-20.54917,-70.18111,1009.1625
2000-01-07,220002.0,"El Loa, Calama Ad.",-22.49806,-68.8925,776.1625
2000-01-07,270001.0,Mataveri  Isla de Pascua Ap.,-27.15889,-109.4325,1011.25
2000-01-07,290004.0,"La Florida, La Serena Ad.",-29.91444,-71.20667,999.2444444444445
2000-01-07,330020.0,"Quinta Normal, Santiago",-33.445,-70.68278,954.8
2000-01-07,330021.0,Pudahuel Santiago ,-33.37833,-70.78778,960.075
2000-01-07,330030.0,"Santo Domingo, Ad.",-33.65611,-71.61333,1008.0214285714286
2000-01-07,330031.0,"Juan Fernández, Estación Meteorológica.",-33.63583,-78.83305,1015.74
2000-01-07,340031.0,"General Freire, Curicó Ad.",-34.96944,-71.21694,988.9571428571428
2000-01-07,360011.0,"General Bernardo O'Higgins, Chillán Ad.",-36.58583,-72.03667,999.7153846153846
2000-01-07,360019.0,"Carriel Sur, Concepción Ap.",-36.78055,-73.06639,1017.2875
2000-01-07,380013.0,"Maquehue, Temuco Ad.",-38.76778,-72.63194,1006.1041666666666
2000-01-07,390006.0,"Pichoy, Valdivia Ad.",-39.65667,-73.08722,1016.123076923077
2000-01-07,400009.0,"Cañal Bajo,  Osorno Ad.",-40.61444,-73.0575,1011.4071428571427
2000-01-07,410005.0,El Tepual  Puerto Montt Ap.,-41.4475,-73.09583,1008.0125
2000-01-07,430001.0,Quellón Ad.,-43.13361,-73.63278,1015.4250000000001
2000-01-07,430002.0,Futaleufú Ad.,-43.18889,-71.85222,975.1538461538462
2000-01-07,450004.0,"Teniente Vidal, Coyhaique Ad.",-45.59083,-72.10222,974.7692307692307
2000-01-07,450005.0,Balmaceda Ad.,-45.91833,-71.67778,952.3700000000001
2000-01-07,520006.0,"Carlos Ibañez, Punta Arenas Ap.",-53.00167,-70.83861,985.5
2000-01-07,530005.0,"Fuentes Martínez, Porvenir Ad.",-53.25361,-70.32611,984.4250000000001
2000-01-07,550001.0,"Guardiamarina Zañartu, Pto Williams Ad.",-54.93167,-67.61556,979.8399999999999
2000-01-07,950001.0,"C.M.A. Eduardo Frei Montalva, Antártica ",-62.19194,-58.97972,972.8625
2000-01-08,180005.0,"Chacalluta, Arica Ap.",-18.35555,-70.34028,1008.3458333333333
2000-01-08,200006.0,Diego Aracena Iquique Ap.,-20.54917,-70.18111,1008.625
2000-01-08,220002.0,"El Loa, Calama Ad.",-22.49806,-68.8925,776.13125
2000-01-08,270001.0,Mataveri  Isla de Pascua Ap.,-27.15889,-109.4325,1011.0333333333333
2000-01-08,290004.0,"La Florida, La Serena Ad.",-29.91444,-71.20667,998.3333333333334
2000-01-08,330020.0,"Quinta Normal, Santiago",-33.445,-70.68278,955.04
2000-01-08,330021.0,Pudahuel Santiago ,-33.37833,-70.78778,960.5375
2000-01-08,330030.0,"Santo Domingo, Ad.",-33.65611,-71.61333,1008.8000000000001
2000-01-08,330031.0,"Juan Fernández, Estación Meteorológica.",-33.63583,-78.83305,1017.65
2000-01-08,340031.0,"General Freire, Curicó Ad.",-34.96944,-71.21694,989.3642857142858
2000-01-08,360011.0,"General Bernardo O'Higgins, Chillán Ad.",-36.58583,-72.03667,999.5692307692308
2000-01-08,360019.0,"Carriel Sur, Concepción Ap.",-36.78055,-73.06639,1017.8708333333334
2000-01-08,380013.0,"Maquehue, Temuco Ad.",-38.76778,-72.63194,1009.4041666666667
2000-01-08,390006.0,"Pichoy, Valdivia Ad.",-39.65667,-73.08722,1018.1076923076923
2000-01-08,400009.0,"Cañal Bajo,  Osorno Ad.",-40.61444,-73.0575,1013.4142857142857
2000-01-08,410005.0,El Tepual  Puerto Montt Ap.,-41.4475,-73.09583,1010.675
2000-01-08,430002.0,Futaleufú Ad.,-43.18889,-71.85222,976.623076923077
2000-01-08,450004.0,"Teniente Vidal, Coyhaique Ad.",-45.59083,-72.10222,975.3076923076923
2000-01-08,450005.0,Balmaceda Ad.,-45.91833,-71.67778,948.9272727272728
2000-01-08,520006.0,"Carlos Ibañez, Punta Arenas Ap.",-53.00167,-70.83861,988.375
2000-01-08,530005.0,"Fuentes Martínez, Porvenir Ad.",-53.25361,-70.32611,988.125
2000-01-08,950001.0,"C.M.A. Eduardo Frei Montalva, Antártica ",-62.19194,-58.97972,967.075
2000-01-09,180005.0,"Chacalluta, Arica Ap.",-18.35555,-70.34028,1007.4958333333334
2000-01-09,200006.0,Diego Aracena Iquique Ap.,-20.54917,-70.18111,1007.4875
2000-01-09,220002.0,"El Loa, Calama Ad.",-22.49806,-68.8925,775.1466666666668
2000-01-09,270001.0,Mataveri  Isla de Pascua Ap.,-27.15889,-109.4325,1010.4499999999999
2000-01-09,290004.0,"La Florida, La Serena Ad.",-29.91444,-71.20667,997.438888888889
2000-01-09,330020.0,"Quinta Normal, Santiago",-33.445,-70.68278,954.14
2000-01-09,330021.0,Pudahuel Santiago ,-33.37833,-70.78778,959.5875
2000-01-09,330030.0,"Santo Domingo, Ad.",-33.65611,-71.61333,1007.3285714285714
2000-01-09,330031.0,"Juan Fernández, Estación Meteorológica.",-33.63583,-78.83305,1017.8
2000-01-09,340031.0,"General Freire, Curicó Ad.",-34.96944,-71.21694,988.4769230769232
2000-01-09,360011.0,"General Bernardo O'Higgins, Chillán Ad.",-36.58583,-72.03667,998.5153846153846
2000-01-09,360019.0,"Carriel Sur, Concepción Ap.",-36.78055,-73.06639,1016.5875
2000-01-09,380013.0,"Maquehue, Temuco Ad.",-38.76778,-72.63194,1008.6961538461538
2000-01-09,390006.0,"Pichoy, Valdivia Ad.",-39.65667,-73.08722,1017.5166666666668
2000-01-09,400009.0,"Cañal Bajo,  Osorno Ad.",-40.61444,-73.0575,1013.2928571428572
2000-01-09,410005.0,El Tepual  Puerto Montt Ap.,-41.4475,-73.09583,1010.1625
2000-01-09,430002.0,Futaleufú Ad.,-43.18889,-71.85222,975.7923076923076
2000-01-09,450004.0,"Teniente Vidal, Coyhaique Ad.",-45.59083,-72.10222,974.4692307692308
2000-01-09,450005.0,Balmaceda Ad.,-45.91833,-71.67778,947.1636363636363
2000-01-09,520006.0,"Carlos Ibañez, Punta Arenas Ap.",-53.00167,-70.83861,991.725
2000-01-09,950001.0,"C.M.A. Eduardo Frei Montalva, Antártica ",-62.19194,-58.97972,966.5875
2000-01-10,180005.0,"Chacalluta, Arica Ap.",-18.35555,-70.34028,1006.4916666666667
2000-01-10,200006.0,Diego Aracena Iquique Ap.,-20.54917,-70.18111,1006.75
2000-01-10,220002.0,"El Loa, Calama Ad.",-22.49806,-68.8925,774.2875
2000-01-10,270001.0,Mataveri  Isla de Pascua Ap.,-27.15889,-109.4325,1010.2833333333333
2000-01-10,290004.0,"La Florida, La Serena Ad.",-29.91444,-71.20667,996.3222222222222
2000-01-10,330020.0,"Quinta Normal, Santiago",-33.445,-70.68278,952.3399999999999
2000-01-10,330021.0,Pudahuel Santiago ,-33.37833,-70.78778,957.4875
2000-01-10,330030.0,"Santo Domingo, Ad.",-33.65611,-71.61333,1005.1642857142857
2000-01-10,330031.0,"Juan Fernández, Estación Meteorológica.",-33.63583,-78.83305,1016.14
2000-01-10,340031.0,"General Freire, Curicó Ad.",-34.96944,-71.21694,986.1615384615385
2000-01-10,360011.0,"General Bernardo O'Higgins, Chillán Ad.",-36.58583,-72.03667,996.0923076923077
2000-01-10,360019.0,"Carriel Sur, Concepción Ap.",-36.78055,-73.06639,1014.4416666666666
2000-01-10,380013.0,"Maquehue, Temuco Ad.",-38.76778,-72.63194,1006.4333333333334
2000-01-10,390006.0,"Pichoy, Valdivia Ad.",-39.65667,-73.08722,1014.3846153846154
2000-01-10,400009.0,"Cañal Bajo,  Osorno Ad.",-40.61444,-73.0575,1010.5571428571428
2000-01-10,410005.0,El Tepual  Puerto Montt Ap.,-41.4475,-73.09583,1008.5625
2000-01-10,430001.0,Quellón Ad.,-43.13361,-73.63278,1014.5
2000-01-10,430002.0,Futaleufú Ad.,-43.18889,-71.85222,974.2076923076924
2000-01-10,450004.0,"Teniente Vidal, Coyhaique Ad.",-45.59083,-72.10222,975.2153846153846
2000-01-10,450005.0,Balmaceda Ad.,-45.91833,-71.67778,948.0090909090909
2000-01-10,520006.0,"Carlos Ibañez, Punta Arenas Ap.",-53.00167,-70.83861,993.3875
2000-01-10,530005.0,"Fuentes Martínez, Porvenir Ad.",-53.25361,-70.32611,993.0166666666665
2000-01-10,550001.0,"Guardiamarina Zañartu, Pto Williams Ad.",-54.93167,-67.61556,989.7666666666667
2000-01-10,950001.0,"C.M.A. Eduardo Frei Montalva, Antártica ",-62.19194,-58.97972,969.75
2000-01-11,180005.0,"Chacalluta, Arica Ap.",-18.35555,-70.34028,1007.0583333333334
2000-01-11,200006.0,Diego Aracena Iquique Ap.,-20.54917,-70.18111,1007.375
2000-01-11,220002.0,"El Loa, Calama Ad.",-22.49806,-68.8925,774.15625
2000-01-11,270001.0,Mataveri  Isla de Pascua Ap.,-27.15889,-109.4325,1010.35
2000-01-11,290004.0,"La Florida, La Serena Ad.",-29.91444,-71.20667,997.1277777777777
2000-01-11,330020.0,"Quinta Normal, Santiago",-33.445,-70.68278,951.4799999999999
2000-01-11,330021.0,Pudahuel Santiago ,-33.37833,-70.78778,956.45
2000-01-11,330030.0,"Santo Domingo, Ad.",-33.65611,-71.61333,1005.2428571428571
2000-01-11,330031.0,"Juan Fernández, Estación Meteorológica.",-33.63583,-78.83305,1013.74
2000-01-11,340031.0,"General Freire, Curicó Ad.",-34.96944,-71.21694,984.8214285714286
2000-01-11,360011.0,"General Bernardo O'Higgins, Chillán Ad.",-36.58583,-72.03667,994.5923076923077
2000-01-11,360019.0,"Carriel Sur, Concepción Ap.",-36.78055,-73.06639,1012.7541666666666
2000-01-11,380013.0,"Maquehue, Temuco Ad.",-38.76778,-72.63194,1003.9960000000001
2000-01-11,390006.0,"Pichoy, Valdivia Ad.",-39.65667,-73.08722,1011.7333333333332
2000-01-11,400009.0,"Cañal Bajo,  Osorno Ad.",-40.61444,-73.0575,1007.9857142857143
2000-01-11,410005.0,El Tepual  Puerto Montt Ap.,-41.4475,-73.09583,1005.675
2000-01-11,430001.0,Quellón Ad.,-43.13361,-73.63278,1011.925
2000-01-11,430002.0,Futaleufú Ad.,-43.18889,-71.85222,972.6076923076923
2000-01-11,450004.0,"Teniente Vidal, Coyhaique Ad.",-45.59083,-72.10222,974.2538461538461
2000-01-11,450005.0,Balmaceda Ad.,-45.91833,-71.67778,947.6909090909091
2000-01-11,520006.0,"Carlos Ibañez, Punta Arenas Ap.",-53.00167,-70.83861,998.7375
2000-01-11,530005.0,"Fuentes Martínez, Porvenir Ad.",-53.25361,-70.32611,999.8249999999999
2000-01-11,550001.0,"Guardiamarina Zañartu, Pto Williams Ad.",-54.93167,-67.61556,995.8777777777777
2000-01-11,950001.0,"C.M.A. Eduardo Frei Montalva, Antártica ",-62.19194,-58.97972,974.15
2000-01-12,180005.0,"Chacalluta, Arica Ap.",-18.35555,-70.34028,1006.9833333333332
2000-01-12,200006.0,Diego Aracena Iquique Ap.,-20.54917,-70.18111,1007.65
2000-01-12,220002.0,"El Loa, Calama Ad.",-22.49806,-68.8925,774.0466666666667
2000-01-12,270001.0,Mataveri  Isla de Pascua Ap.,-27.15889,-109.4325,1011.8333333333334
2000-01-12,290004.0,"La Florida, La Serena Ad.",-29.91444,-71.20667,997.5944444444444
2000-01-12,330020.0,"Quinta Normal, Santiago",-33.445,-70.68278,952.9
2000-01-12,330021.0,Pudahuel Santiago ,-33.37833,-70.78778,958.1
2000-01-12,330030.0,"Santo Domingo, Ad.",-33.65611,-71.61333,1006.0857142857143
2000-01-12,330031.0,"Juan Fernández, Estación Meteorológica.",-33.63583,-78.83305,1012.5200000000001
2000-01-12,340031.0,"General Freire, Curicó Ad.",-34.96944,-71.21694,986.8071428571428
2000-01-12,360011.0,"General Bernardo O'Higgins, Chillán Ad.",-36.58583,-72.03667,996.5923076923077
2000-01-12,360019.0,"Carriel Sur, Concepción Ap.",-36.78055,-73.06639,1013.9423076923077
2000-01-12,380013.0,"Maquehue, Temuco Ad.",-38.76778,-72.63194,1002.9250000000001
2000-01-12,390006.0,"Pichoy, Valdivia Ad.",-39.65667,-73.08722,1011.6916666666666
2000-01-12,400009.0,"Cañal Bajo,  Osorno Ad.",-40.61444,-73.0575,1005.6785714285714
2000-01-12,410005.0,El Tepual  Puerto Montt Ap.,-41.4475,-73.09583,1001.3375
2000-01-12,430001.0,Quellón Ad.,-43.13361,-73.63278,1009.525
2000-01-12,430002.0,Futaleufú Ad.,-43.18889,-71.85222,971.4384615384616
2000-01-12,450004.0,"Teniente Vidal, Coyhaique Ad.",-45.59083,-72.10222,973.9384615384616
2000-01-12,450005.0,Balmaceda Ad.,-45.91833,-71.67778,949.4727272727273
2000-01-12,520006.0,"Carlos Ibañez, Punta Arenas Ap.",-53.00167,-70.83861,1003.2
2000-01-12,530005.0,"Fuentes Martínez, Porvenir Ad.",-53.25361,-70.32611,1003.4583333333334
2000-01-12,550001.0,"Guardiamarina Zañartu, Pto Williams Ad.",-54.93167,-67.61556,1000.8888888888889
2000-01-12,950001.0,"C.M.A. Eduardo Frei Montalva, Antártica ",-62.19194,-58.97972,979.375
2000-01-13,180005.0,"Chacalluta, Arica Ap.",-18.35555,-70.34028,1006.975
2000-01-13,200006.0,Diego Aracena Iquique Ap.,-20.54917,-70.18111,1007.4
2000-01-13,220002.0,"El Loa, Calama Ad.",-22.49806,-68.8925,774.5526315789474
2000-01-13,270001.0,Mataveri  Isla de Pascua Ap.,-27.15889,-109.4325,1013.4833333333332
2000-01-13,290004.0,"La Florida, La Serena Ad.",-29.91444,-71.20667,997.1736842105263
2000-01-13,330020.0,"Quinta Normal, Santiago",-33.445,-70.68278,952.4799999999999
2000-01-13,330021.0,Pudahuel Santiago ,-33.37833,-70.78778,958.375
2000-01-13,330030.0,"Santo Domingo, Ad.",-33.65611,-71.61333,1006.5500000000001
2000-01-13,330031.0,"Juan Fernández, Estación Meteorológica.",-33.63583,-78.83305,1013.74
2000-01-13,340031.0,"General Freire, Curicó Ad.",-34.96944,-71.21694,986.2785714285714
2000-01-13,360011.0,"General Bernardo O'Higgins, Chillán Ad.",-36.58583,-72.03667,995.7076923076924
2000-01-13,360019.0,"Carriel Sur, Concepción Ap.",-36.78055,-73.06639,1013.4708333333333
2000-01-13,380013.0,"Maquehue, Temuco Ad.",-38.76778,-72.63194,1004.288
2000-01-13,390006.0,"Pichoy, Valdivia Ad.",-39.65667,-73.08722,1012.8
2000-01-13,400009.0,"Cañal Bajo,  Osorno Ad.",-40.61444,-73.0575,1008.6999999999999
2000-01-13,410005.0,El Tepual  Puerto Montt Ap.,-41.4475,-73.09583,1005.9125
2000-01-13,430001.0,Quellón Ad.,-43.13361,-73.63278,1014.775
2000-01-13,430002.0,Futaleufú Ad.,-43.18889,-71.85222,973.6615384615385
2000-01-13,450004.0,"Teniente Vidal, Coyhaique Ad.",-45.59083,-72.10222,976.7153846153846
2000-01-13,450005.0,Balmaceda Ad.,-45.91833,-71.67778,951.5818181818181
2000-01-13,520006.0,"Carlos Ibañez, Punta Arenas Ap.",-53.00167,-70.83861,1004.925
2000-01-13,530005.0,"Fuentes Martínez, Porvenir Ad.",-53.25361,-70.32611,1006.3166666666666
2000-01-13,550001.0,"Guardiamarina Zañartu, Pto Williams Ad.",-54.93167,-67.61556,1002.3555555555556
2000-01-13,950001.0,"C.M.A. Eduardo Frei Montalva, Antártica ",-62.19194,-58.97972,976.7875
2000-01-14,180005.0,"Chacalluta, Arica Ap.",-18.35555,-70.34028,1006.2624999999999
2000-01-14,200006.0,Diego Aracena Iquique Ap.,-20.54917,-70.18111,1006.6375
2000-01-14,220002.0,"El Loa, Calama Ad.",-22.49806,-68.8925,774.58125
2000-01-14,270001.0,Mataveri  Isla de Pascua Ap.,-27.15889,-109.4325,1012.8666666666667
2000-01-14,290004.0,"La Florida, La Serena Ad.",-29.91444,-71.20667,996.7888888888889
2000-01-14,330020.0,"Quinta Normal, Santiago",-33.445,-70.68278,952.6
2000-01-14,330021.0,Pudahuel Santiago ,-33.37833,-70.78778,957.9875
2000-01-14,330030.0,"Santo Domingo, Ad.",-33.65611,-71.61333,1007.0
2000-01-14,330031.0,"Juan Fernández, Estación Meteorológica.",-33.63583,-78.83305,1014.7
2000-01-14,340031.0,"General Freire, Curicó Ad.",-34.96944,-71.21694,986.0384615384615
2000-01-14,360011.0,"General Bernardo O'Higgins, Chillán Ad.",-36.58583,-72.03667,995.2769230769231
2000-01-14,360019.0,"Carriel Sur, Concepción Ap.",-36.78055,-73.06639,1012.8208333333333
2000-01-14,380013.0,"Maquehue, Temuco Ad.",-38.76778,-72.63194,1003.8041666666667
2000-01-14,390006.0,"Pichoy, Valdivia Ad.",-39.65667,-73.08722,1012.2153846153846
2000-01-14,400009.0,"Cañal Bajo,  Osorno Ad.",-40.61444,-73.0575,1008.3285714285714
2000-01-14,410005.0,El Tepual  Puerto Montt Ap.,-41.4475,-73.09583,1006.1125
2000-01-14,430001.0,Quellón Ad.,-43.13361,-73.63278,1013.925
2000-01-14,430002.0,Futaleufú Ad.,-43.18889,-71.85222,972.9384615384616
2000-01-14,450004.0,"Teniente Vidal, Coyhaique Ad.",-45.59083,-72.10222,977.0615384615384
2000-01-14,450005.0,Balmaceda Ad.,-45.91833,-71.67778,952.5727272727272
2000-01-14,520006.0,"Carlos Ibañez, Punta Arenas Ap.",-53.00167,-70.83861,1006.9
2000-01-14,530005.0,"Fuentes Martínez, Porvenir Ad.",-53.25361,-70.32611,1006.025
2000-01-14,550001.0,"Guardiamarina Zañartu, Pto Williams Ad.",-54.93167,-67.61556,1000.5777777777779
2000-01-14,950001.0,"C.M.A. Eduardo Frei Montalva, Antártica ",-62.19194,-58.97972,975.8125
2000-01-15,180005.0,"Chacalluta, Arica Ap.",-18.35555,-70.34028,1005.9958333333334
2000-01-15,200006.0,Diego Aracena Iquique Ap.,-20.54917,-70.18111,1006.4625
2000-01-15,220002.0,"El Loa, Calama Ad.",-22.49806,-68.8925,774.5375
2000-01-15,270001.0,Mataveri  Isla de Pascua Ap.,-27.15889,-109.4325,1011.1
2000-01-15,290004.0,"La Florida, La Serena Ad.",-29.91444,-71.20667,996.2526315789473
2000-01-15,330020.0,"Quinta Normal, Santiago",-33.445,-70.68278,952.6600000000001
2000-01-15,330021.0,Pudahuel Santiago ,-33.37833,-70.78778,957.925
2000-01-15,330030.0,"Santo Domingo, Ad.",-33.65611,-71.61333,1006.5
2000-01-15,330031.0,"Juan Fernández, Estación Meteorológica.",-33.63583,-78.83305,1014.925
2000-01-15,340031.0,"General Freire, Curicó Ad.",-34.96944,-71.21694,986.7357142857143
2000-01-15,360011.0,"General Bernardo O'Higgins, Chillán Ad.",-36.58583,-72.03667,995.8846153846154
2000-01-15,360019.0,"Carriel Sur, Concepción Ap.",-36.78055,-73.06639,1012.9125
2000-01-15,380013.0,"Maquehue, Temuco Ad.",-38.76778,-72.63194,1003.2583333333333
2000-01-15,390006.0,"Pichoy, Valdivia Ad.",-39.65667,-73.08722,1011.5384615384615
2000-01-15,400009.0,"Cañal Bajo,  Osorno Ad.",-40.61444,-73.0575,1006.7785714285714
2000-01-15,410005.0,El Tepual  Puerto Montt Ap.,-41.4475,-73.09583,1004.3625
2000-01-15,430001.0,Quellón Ad.,-43.13361,-73.63278,
2000-01-15,430002.0,Futaleufú Ad.,-43.18889,-71.85222,969.5615384615384
2000-01-15,450004.0,"Teniente Vidal, Coyhaique Ad.",-45.59083,-72.10222,971.5846153846154
2000-01-15,450005.0,Balmaceda Ad.,-45.91833,-71.67778,944.8666666666667
2000-01-15,520006.0,"Carlos Ibañez, Punta Arenas Ap.",-53.00167,-70.83861,993.0625
2000-01-15,530005.0,"Fuentes Martínez, Porvenir Ad.",-53.25361,-70.32611,988.3583333333332
2000-01-15,950001.0,"C.M.A. Eduardo Frei Montalva, Antártica ",-62.19194,-58.97972,970.6625
2000-01-16,180005.0,"Chacalluta, Arica Ap.",-18.35555,-70.34028,1007.0166666666668
2000-01-16,200006.0,Diego Aracena Iquique Ap.,-20.54917,-70.18111,1007.3875
2000-01-16,220002.0,"El Loa, Calama Ad.",-22.49806,-68.8925,775.0416666666666
2000-01-16,270001.0,Mataveri  Isla de Pascua Ap.,-27.15889,-109.4325,1012.85
2000-01-16,290004.0,"La Florida, La Serena Ad.",-29.91444,-71.20667,997.8611111111111
2000-01-16,330020.0,"Quinta Normal, Santiago",-33.445,-70.68278,953.2
2000-01-16,330021.0,Pudahuel Santiago ,-33.37833,-70.78778,958.2875
2000-01-16,330030.0,"Santo Domingo, Ad.",-33.65611,-71.61333,1006.907142857143
2000-01-16,330031.0,"Juan Fernández, Estación Meteorológica.",-33.63583,-78.83305,1014.35
2000-01-16,340031.0,"General Freire, Curicó Ad.",-34.96944,-71.21694,987.0846153846154
2000-01-16,360011.0,"General Bernardo O'Higgins, Chillán Ad.",-36.58583,-72.03667,997.2153846153846
2000-01-16,360019.0,"Carriel Sur, Concepción Ap.",-36.78055,-73.06639,1014.5875
2000-01-16,380013.0,"Maquehue, Temuco Ad.",-38.76778,-72.63194,1005.5541666666667
2000-01-16,390006.0,"Pichoy, Valdivia Ad.",-39.65667,-73.08722,1014.1923076923077
2000-01-16,400009.0,"Cañal Bajo,  Osorno Ad.",-40.61444,-73.0575,1009.1214285714286
2000-01-16,410005.0,El Tepual  Puerto Montt Ap.,-41.4475,-73.09583,1004.975
2000-01-16,430002.0,Futaleufú Ad.,-43.18889,-71.85222,971.6692307692307
2000-01-16,450004.0,"Teniente Vidal, Coyhaique Ad.",-45.59083,-72.10222,973.0461538461539
2000-01-16,450005.0,Balmaceda Ad.,-45.91833,-71.67778,946.15
2000-01-16,520006.0,"Carlos Ibañez, Punta Arenas Ap.",-53.00167,-70.83861,994.325
2000-01-16,950001.0,"C.M.A. Eduardo Frei Montalva, Antártica ",-62.19194,-58.97972,964.6625
2000-01-17,180005.0,"Chacalluta, Arica Ap.",-18.35555,-70.34028,1006.9166666666666
2000-01-17,200006.0,Diego Aracena Iquique Ap.,-20.54917,-70.18111,1007.3625
2000-01-17,220002.0,"El Loa, Calama Ad.",-22.49806,-68.8925,774.93125
2000-01-17,270001.0,Mataveri  Isla de Pascua Ap.,-27.15889,-109.4325,1011.4666666666667
2000-01-17,290004.0,"La Florida, La Serena Ad.",-29.91444,-71.20667,998.4
2000-01-17,330020.0,"Quinta Normal, Santiago",-33.445,-70.68278,954.1600000000001
2000-01-17,330021.0,Pudahuel Santiago ,-33.37833,-70.78778,959.3
2000-01-17,330030.0,"Santo Domingo, Ad.",-33.65611,-71.61333,1008.2714285714285
2000-01-17,330031.0,"Juan Fernández, Estación Meteorológica.",-33.63583,-78.83305,1014.5200000000001
2000-01-17,340031.0,"General Freire, Curicó Ad.",-34.96944,-71.21694,987.9846153846154
2000-01-17,360011.0,"General Bernardo O'Higgins, Chillán Ad.",-36.58583,-72.03667,997.8384615384615
2000-01-17,360019.0,"Carriel Sur, Concepción Ap.",-36.78055,-73.06639,1015.0124999999999
2000-01-17,380013.0,"Maquehue, Temuco Ad.",-38.76778,-72.63194,1006.308
2000-01-17,390006.0,"Pichoy, Valdivia Ad.",-39.65667,-73.08722,1015.3461538461538
2000-01-17,400009.0,"Cañal Bajo,  Osorno Ad.",-40.61444,-73.0575,1010.5428571428572
2000-01-17,410005.0,El Tepual  Puerto Montt Ap.,-41.4475,-73.09583,1007.425
2000-01-17,430001.0,Quellón Ad.,-43.13361,-73.63278,1015.875
2000-01-17,430002.0,Futaleufú Ad.,-43.18889,-71.85222,975.8923076923077
2000-01-17,450004.0,"Teniente Vidal, Coyhaique Ad.",-45.59083,-72.10222,977.0615384615384
2000-01-17,450005.0,Balmaceda Ad.,-45.91833,-71.67778,950.1545454545455
2000-01-17,520006.0,"Carlos Ibañez, Punta Arenas Ap.",-53.00167,-70.83861,996.2875
2000-01-17,530005.0,"Fuentes Martínez, Porvenir Ad.",-53.25361,-70.32611,995.5749999999999
2000-01-17,550001.0,"Guardiamarina Zañartu, Pto Williams Ad.",-54.93167,-67.61556,989.1999999999999
2000-01-17,950001.0,"C.M.A. Eduardo Frei Montalva, Antártica ",-62.19194,-58.97972,965.125
2000-01-18,180005.0,"Chacalluta, Arica Ap.",-18.35555,-70.34028,1009.35
2000-01-18,200006.0,Diego Aracena Iquique Ap.,-20.54917,-70.18111,1009.75
2000-01-18,220002.0,"El Loa, Calama Ad.",-22.49806,-68.8925,777.1
2000-01-18,270001.0,Mataveri  Isla de Pascua Ap.,-27.15889,-109.4325,1008.4833333333332
2000-01-18,290004.0,"La Florida, La Serena Ad.",-29.91444,-71.20667,1000.4083333333333
2000-01-18,330020.0,"Quinta Normal, Santiago",-33.445,-70.68278,956.3399999999999
2000-01-18,330021.0,Pudahuel Santiago ,-33.37833,-70.78778,961.3375
2000-01-18,330030.0,"Santo Domingo, Ad.",-33.65611,-71.61333,1009.9
2000-01-18,330031.0,"Juan Fernández, Estación Meteorológica.",-33.63583,-78.83305,1018.5799999999999
2000-01-18,340031.0,"General Freire, Curicó Ad.",-34.96944,-71.21694,990.4846153846154
2000-01-18,360011.0,"General Bernardo O'Higgins, Chillán Ad.",-36.58583,-72.03667,1000.7461538461539
2000-01-18,360019.0,"Carriel Sur, Concepción Ap.",-36.78055,-73.06639,1017.6750000000001
2000-01-18,380013.0,"Maquehue, Temuco Ad.",-38.76778,-72.63194,1009.1416666666668
2000-01-18,390006.0,"Pichoy, Valdivia Ad.",-39.65667,-73.08722,1018.5230769230768
2000-01-18,400009.0,"Cañal Bajo,  Osorno Ad.",-40.61444,-73.0575,1013.407142857143
2000-01-18,410005.0,El Tepual  Puerto Montt Ap.,-41.4475,-73.09583,1010.0375
2000-01-18,430001.0,Quellón Ad.,-43.13361,-73.63278,1017.425
2000-01-18,430002.0,Futaleufú Ad.,-43.18889,-71.85222,977.4307692307692
2000-01-18,450004.0,"Teniente Vidal, Coyhaique Ad.",-45.59083,-72.10222,977.9230769230769
2000-01-18,450005.0,Balmaceda Ad.,-45.91833,-71.67778,950.2545454545453
2000-01-18,520006.0,"Carlos Ibañez, Punta Arenas Ap.",-53.00167,-70.83861,991.0375
2000-01-18,530005.0,"Fuentes Martínez, Porvenir Ad.",-53.25361,-70.32611,989.7416666666667
2000-01-18,550001.0,"Guardiamarina Zañartu, Pto Williams Ad.",-54.93167,-67.61556,985.1750000000001
2000-01-18,950001.0,"C.M.A. Eduardo Frei Montalva, Antártica ",-62.19194,-58.97972,977.25
2000-01-19,180005.0,"Chacalluta, Arica Ap.",-18.35555,-70.34028,1008.1166666666667
2000-01-19,200006.0,Diego Aracena Iquique Ap.,-20.54917,-70.18111,1008.6625
2000-01-19,220002.0,"El Loa, Calama Ad.",-22.49806,-68.8925,775.2625
2000-01-19,270001.0,Mataveri  Isla de Pascua Ap.,-27.15889,-109.4325,1007.3666666666667
2000-01-19,290004.0,"La Florida, La Serena Ad.",-29.91444,-71.20667,1000.0625
2000-01-19,330020.0,"Quinta Normal, Santiago",-33.445,-70.68278,953.5200000000001
2000-01-19,330021.0,Pudahuel Santiago ,-33.37833,-70.78778,959.05
2000-01-19,330030.0,"Santo Domingo, Ad.",-33.65611,-71.61333,1005.4785714285715
2000-01-19,330031.0,"Juan Fernández, Estación Meteorológica.",-33.63583,-78.83305,1017.82
2000-01-19,340031.0,"General Freire, Curicó Ad.",-34.96944,-71.21694,987.0769230769231
2000-01-19,360011.0,"General Bernardo O'Higgins, Chillán Ad.",-36.58583,-72.03667,997.8153846153847
2000-01-19,360019.0,"Carriel Sur, Concepción Ap.",-36.78055,-73.06639,1016.4791666666666
2000-01-19,380013.0,"Maquehue, Temuco Ad.",-38.76778,-72.63194,1008.8125
2000-01-19,390006.0,"Pichoy, Valdivia Ad.",-39.65667,-73.08722,1016.8153846153847
2000-01-19,400009.0,"Cañal Bajo,  Osorno Ad.",-40.61444,-73.0575,1011.9142857142857
2000-01-19,410005.0,El Tepual  Puerto Montt Ap.,-41.4475,-73.09583,1009.45
2000-01-19,430001.0,Quellón Ad.,-43.13361,-73.63278,1012.75
2000-01-19,430002.0,Futaleufú Ad.,-43.18889,-71.85222,972.8307692307692
2000-01-19,450004.0,"Teniente Vidal, Coyhaique Ad.",-45.59083,-72.10222,968.5153846153846
2000-01-19,450005.0,Balmaceda Ad.,-45.91833,-71.67778,941.5090909090909
2000-01-19,520006.0,"Carlos Ibañez, Punta Arenas Ap.",-53.00167,-70.83861,982.775
2000-01-19,530005.0,"Fuentes Martínez, Porvenir Ad.",-53.25361,-70.32611,982.8583333333332
2000-01-19,550001.0,"Guardiamarina Zañartu, Pto Williams Ad.",-54.93167,-67.61556,978.9000000000001
2000-01-19,950001.0,"C.M.A. Eduardo Frei Montalva, Antártica ",-62.19194,-58.97972,973.1
2000-01-20,180005.0,"Chacalluta, Arica Ap.",-18.35555,-70.34028,1005.525
2000-01-20,200006.0,Diego Aracena Iquique Ap.,-20.54917,-70.18111,1005.9
2000-01-20,220002.0,"El Loa, Calama Ad.",-22.49806,-68.8925,773.8875
2000-01-20,270001.0,Mataveri  Isla de Pascua Ap.,-27.15889,-109.4325,1008.1333333333333
2000-01-20,290004.0,"La Florida, La Serena Ad.",-29.91444,-71.20667,995.775
2000-01-20,330020.0,"Quinta Normal, Santiago",-33.445,-70.68278,950.6
2000-01-20,330021.0,Pudahuel Santiago ,-33.37833,-70.78778,955.85
2000-01-20,330030.0,"Santo Domingo, Ad.",-33.65611,-71.61333,1002.8285714285714
2000-01-20,330031.0,"Juan Fernández, Estación Meteorológica.",-33.63583,-78.83305,1014.9399999999999
2000-01-20,340031.0,"General Freire, Curicó Ad.",-34.96944,-71.21694,985.0692307692308
2000-01-20,360011.0,"General Bernardo O'Higgins, Chillán Ad.",-36.58583,-72.03667,995.6153846153846
2000-01-20,360019.0,"Carriel Sur, Concepción Ap.",-36.78055,-73.06639,1014.2624999999999
2000-01-20,380013.0,"Maquehue, Temuco Ad.",-38.76778,-72.63194,1005.3249999999999
2000-01-20,390006.0,"Pichoy, Valdivia Ad.",-39.65667,-73.08722,1012.7076923076924
2000-01-20,400009.0,"Cañal Bajo,  Osorno Ad.",-40.61444,-73.0575,1007.9
2000-01-20,410005.0,El Tepual  Puerto Montt Ap.,-41.4475,-73.09583,1004.225
2000-01-20,430001.0,Quellón Ad.,-43.13361,-73.63278,1011.725
2000-01-20,430002.0,Futaleufú Ad.,-43.18889,-71.85222,968.0230769230768
2000-01-20,450004.0,"Teniente Vidal, Coyhaique Ad.",-45.59083,-72.10222,970.5083333333333
2000-01-20,450005.0,Balmaceda Ad.,-45.91833,-71.67778,943.5545454545455
2000-01-20,520006.0,"Carlos Ibañez, Punta Arenas Ap.",-53.00167,-70.83861,983.5375
2000-01-20,530005.0,"Fuentes Martínez, Porvenir Ad.",-53.25361,-70.32611,986.9416666666666
2000-01-20,550001.0,"Guardiamarina Zañartu, Pto Williams Ad.",-54.93167,-67.61556,980.0
2000-01-20,950001.0,"C.M.A. Eduardo Frei Montalva, Antártica ",-62.19194,-58.97972,978.725
2000-01-21,180005.0,"Chacalluta, Arica Ap.",-18.35555,-70.34028,1005.5583333333334
2000-01-21,200006.0,Diego Aracena Iquique Ap.,-20.54917,-70.18111,1005.95
2000-01-21,220002.0,"El Loa, Calama Ad.",-22.49806,-68.8925,774.44375
2000-01-21,270001.0,Mataveri  Isla de Pascua Ap.,-27.15889,-109.4325,1008.5333333333333
2000-01-21,290004.0,"La Florida, La Serena Ad.",-29.91444,-71.20667,996.3875
2000-01-21,330020.0,"Quinta Normal, Santiago",-33.445,-70.68278,952.28
2000-01-21,330021.0,Pudahuel Santiago ,-33.37833,-70.78778,957.1125
2000-01-21,330030.0,"Santo Domingo, Ad.",-33.65611,-71.61333,1004.5500000000001
2000-01-21,330031.0,"Juan Fernández, Estación Meteorológica.",-33.63583,-78.83305,1017.3399999999999
2000-01-21,340031.0,"General Freire, Curicó Ad.",-34.96944,-71.21694,987.4538461538461
2000-01-21,360011.0,"General Bernardo O'Higgins, Chillán Ad.",-36.58583,-72.03667,999.5153846153846
2000-01-21,360019.0,"Carriel Sur, Concepción Ap.",-36.78055,-73.06639,1016.3375000000001
2000-01-21,380013.0,"Maquehue, Temuco Ad.",-38.76778,-72.63194,1008.4375
2000-01-21,390006.0,"Pichoy, Valdivia Ad.",-39.65667,-73.08722,1018.6538461538462
2000-01-21,400009.0,"Cañal Bajo,  Osorno Ad.",-40.61444,-73.0575,1014.0642857142857
2000-01-21,410005.0,El Tepual  Puerto Montt Ap.,-41.4475,-73.09583,1010.05
2000-01-21,430001.0,Quellón Ad.,-43.13361,-73.63278,1019.9
2000-01-21,430002.0,Futaleufú Ad.,-43.18889,-71.85222,978.2307692307693
2000-01-21,450004.0,"Teniente Vidal, Coyhaique Ad.",-45.59083,-72.10222,980.1461538461538
2000-01-21,450005.0,Balmaceda Ad.,-45.91833,-71.67778,952.8090909090909
2000-01-21,520006.0,"Carlos Ibañez, Punta Arenas Ap.",-53.00167,-70.83861,998.7375
2000-01-21,530005.0,"Fuentes Martínez, Porvenir Ad.",-53.25361,-70.32611,1000.2583333333333
2000-01-21,550001.0,"Guardiamarina Zañartu, Pto Williams Ad.",-54.93167,-67.61556,995.0333333333333
2000-01-21,950001.0,"C.M.A. Eduardo Frei Montalva, Antártica ",-62.19194,-58.97972,981.3
2000-01-22,180005.0,"Chacalluta, Arica Ap.",-18.35555,-70.34028,1006.0541666666667
2000-01-22,200006.0,Diego Aracena Iquique Ap.,-20.54917,-70.18111,1006.4
2000-01-22,220002.0,"El Loa, Calama Ad.",-22.49806,-68.8925,774.6875
2000-01-22,270001.0,Mataveri  Isla de Pascua Ap.,-27.15889,-109.4325,1008.6666666666666
2000-01-22,290004.0,"La Florida, La Serena Ad.",-29.91444,-71.20667,997.6125
2000-01-22,330020.0,"Quinta Normal, Santiago",-33.445,-70.68278,953.3
2000-01-22,330021.0,Pudahuel Santiago ,-33.37833,-70.78778,958.2625
2000-01-22,330030.0,"Santo Domingo, Ad.",-33.65611,-71.61333,1007.0357142857143
2000-01-22,330031.0,"Juan Fernández, Estación Meteorológica.",-33.63583,-78.83305,1018.475
2000-01-22,340031.0,"General Freire, Curicó Ad.",-34.96944,-71.21694,988.1846153846153
2000-01-22,360011.0,"General Bernardo O'Higgins, Chillán Ad.",-36.58583,-72.03667,998.9692307692308
2000-01-22,360019.0,"Carriel Sur, Concepción Ap.",-36.78055,-73.06639,1016.2416666666667
2000-01-22,380013.0,"Maquehue, Temuco Ad.",-38.76778,-72.63194,1008.4458333333333
2000-01-22,390006.0,"Pichoy, Valdivia Ad.",-39.65667,-73.08722,1017.6000000000001
2000-01-22,400009.0,"Cañal Bajo,  Osorno Ad.",-40.61444,-73.0575,1013.3357142857143
2000-01-22,410005.0,El Tepual  Puerto Montt Ap.,-41.4475,-73.09583,1011.1875
2000-01-22,430002.0,Futaleufú Ad.,-43.18889,-71.85222,977.2692307692307
2000-01-22,450004.0,"Teniente Vidal, Coyhaique Ad.",-45.59083,-72.10222,978.9769230769232
2000-01-22,450005.0,Balmaceda Ad.,-45.91833,-71.67778,951.4636363636364
2000-01-22,520006.0,"Carlos Ibañez, Punta Arenas Ap.",-53.00167,-70.83861,994.1625
2000-01-22,530005.0,"Fuentes Martínez, Porvenir Ad.",-53.25361,-70.32611,993.4916666666667
2000-01-22,950001.0,"C.M.A. Eduardo Frei Montalva, Antártica ",-62.19194,-58.97972,969.1375
2000-01-23,180005.0,"Chacalluta, Arica Ap.",-18.35555,-70.34028,1006.6750000000001
2000-01-23,200006.0,Diego Aracena Iquique Ap.,-20.54917,-70.18111,1006.9375
2000-01-23,220002.0,"El Loa, Calama Ad.",-22.49806,-68.8925,774.8333333333334
2000-01-23,270001.0,Mataveri  Isla de Pascua Ap.,-27.15889,-109.4325,1011.3833333333333
2000-01-23,290004.0,"La Florida, La Serena Ad.",-29.91444,-71.20667,997.23125
2000-01-23,330020.0,"Quinta Normal, Santiago",-33.445,-70.68278,953.6600000000001
2000-01-23,330021.0,Pudahuel Santiago ,-33.37833,-70.78778,959.025
2000-01-23,330030.0,"Santo Domingo, Ad.",-33.65611,-71.61333,1006.5214285714285
2000-01-23,330031.0,"Juan Fernández, Estación Meteorológica.",-33.63583,-78.83305,1018.8
2000-01-23,340031.0,"General Freire, Curicó Ad.",-34.96944,-71.21694,988.7769230769231
2000-01-23,360011.0,"General Bernardo O'Higgins, Chillán Ad.",-36.58583,-72.03667,999.5769230769231
2000-01-23,360019.0,"Carriel Sur, Concepción Ap.",-36.78055,-73.06639,1017.6916666666666
2000-01-23,380013.0,"Maquehue, Temuco Ad.",-38.76778,-72.63194,1010.5541666666667
2000-01-23,390006.0,"Pichoy, Valdivia Ad.",-39.65667,-73.08722,1018.5307692307692
2000-01-23,400009.0,"Cañal Bajo,  Osorno Ad.",-40.61444,-73.0575,1014.6999999999999
2000-01-23,410005.0,El Tepual  Puerto Montt Ap.,-41.4475,-73.09583,1011.9625
2000-01-23,430002.0,Futaleufú Ad.,-43.18889,-71.85222,977.8615384615385
2000-01-23,450004.0,"Teniente Vidal, Coyhaique Ad.",-45.59083,-72.10222,978.9307692307692
2000-01-23,450005.0,Balmaceda Ad.,-45.91833,-71.67778,950.7363636363636
2000-01-23,520006.0,"Carlos Ibañez, Punta Arenas Ap.",-53.00167,-70.83861,996.2875
2000-01-23,950001.0,"C.M.A. Eduardo Frei Montalva, Antártica ",-62.19194,-58.97972,973.3375
2000-01-24,180005.0,"Chacalluta, Arica Ap.",-18.35555,-70.34028,1006.1583333333333
2000-01-24,200006.0,Diego Aracena Iquique Ap.,-20.54917,-70.18111,1006.4875
2000-01-24,220002.0,"El Loa, Calama Ad.",-22.49806,-68.8925,775.26875
2000-01-24,270001.0,Mataveri  Isla de Pascua Ap.,-27.15889,-109.4325,1011.25
2000-01-24,290004.0,"La Florida, La Serena Ad.",-29.91444,-71.20667,996.8875
2000-01-24,330020.0,"Quinta Normal, Santiago",-33.445,-70.68278,952.6600000000001
2000-01-24,330021.0,Pudahuel Santiago ,-33.37833,-70.78778,957.7625
2000-01-24,330030.0,"Santo Domingo, Ad.",-33.65611,-71.61333,1006.15
2000-01-24,330031.0,"Juan Fernández, Estación Meteorológica.",-33.63583,-78.83305,1017.1600000000001
2000-01-24,340031.0,"General Freire, Curicó Ad.",-34.96944,-71.21694,986.7153846153846
2000-01-24,360011.0,"General Bernardo O'Higgins, Chillán Ad.",-36.58583,-72.03667,996.5384615384615
2000-01-24,360019.0,"Carriel Sur, Concepción Ap.",-36.78055,-73.06639,1015.15
2000-01-24,380013.0,"Maquehue, Temuco Ad.",-38.76778,-72.63194,1007.7541666666666
2000-01-24,390006.0,"Pichoy, Valdivia Ad.",-39.65667,-73.08722,1015.876923076923
2000-01-24,400009.0,"Cañal Bajo,  Osorno Ad.",-40.61444,-73.0575,1012.7928571428572
2000-01-24,410005.0,El Tepual  Puerto Montt Ap.,-41.4475,-73.09583,1011.575
2000-01-24,430001.0,Quellón Ad.,-43.13361,-73.63278,1019.35
2000-01-24,430002.0,Futaleufú Ad.,-43.18889,-71.85222,978.3923076923077
2000-01-24,450004.0,"Teniente Vidal, Coyhaique Ad.",-45.59083,-72.10222,981.7692307692307
2000-01-24,450005.0,Balmaceda Ad.,-45.91833,-71.67778,954.7454545454547
2000-01-24,520006.0,"Carlos Ibañez, Punta Arenas Ap.",-53.00167,-70.83861,1001.2125
2000-01-24,530005.0,"Fuentes Martínez, Porvenir Ad.",-53.25361,-70.32611,999.7230769230769
2000-01-24,550001.0,"Guardiamarina Zañartu, Pto Williams Ad.",-54.93167,-67.61556,997.9222222222221
2000-01-24,950001.0,"C.M.A. Eduardo Frei Montalva, Antártica ",-62.19194,-58.97972,982.5625
2000-01-25,180005.0,"Chacalluta, Arica Ap.",-18.35555,-70.34028,1006.3208333333333
2000-01-25,200006.0,Diego Aracena Iquique Ap.,-20.54917,-70.18111,1006.5625
2000-01-25,220002.0,"El Loa, Calama Ad.",-22.49806,-68.8925,775.325
2000-01-25,270001.0,Mataveri  Isla de Pascua Ap.,-27.15889,-109.4325,1010.5833333333334
2000-01-25,290004.0,"La Florida, La Serena Ad.",-29.91444,-71.20667,996.778947368421
2000-01-25,330020.0,"Quinta Normal, Santiago",-33.445,-70.68278,953.0
2000-01-25,330021.0,Pudahuel Santiago ,-33.37833,-70.78778,957.825
2000-01-25,330030.0,"Santo Domingo, Ad.",-33.65611,-71.61333,1006.4357142857143
2000-01-25,330031.0,"Juan Fernández, Estación Meteorológica.",-33.63583,-78.83305,1016.54
2000-01-25,340031.0,"General Freire, Curicó Ad.",-34.96944,-71.21694,986.9230769230769
2000-01-25,360011.0,"General Bernardo O'Higgins, Chillán Ad.",-36.58583,-72.03667,996.5461538461539
2000-01-25,360019.0,"Carriel Sur, Concepción Ap.",-36.78055,-73.06639,1014.1041666666666
2000-01-25,380013.0,"Maquehue, Temuco Ad.",-38.76778,-72.63194,1006.3208333333333
2000-01-25,390006.0,"Pichoy, Valdivia Ad.",-39.65667,-73.08722,1015.2307692307693
2000-01-25,400009.0,"Cañal Bajo,  Osorno Ad.",-40.61444,-73.0575,1010.9499999999999
2000-01-25,410005.0,El Tepual  Puerto Montt Ap.,-41.4475,-73.09583,1008.125
2000-01-25,430001.0,Quellón Ad.,-43.13361,-73.63278,1014.8499999999999
2000-01-25,430002.0,Futaleufú Ad.,-43.18889,-71.85222,975.5923076923077
2000-01-25,450004.0,"Teniente Vidal, Coyhaique Ad.",-45.59083,-72.10222,977.0076923076923
2000-01-25,450005.0,Balmaceda Ad.,-45.91833,-71.67778,949.7454545454547
2000-01-25,520006.0,"Carlos Ibañez, Punta Arenas Ap.",-53.00167,-70.83861,994.9875
2000-01-25,530005.0,"Fuentes Martínez, Porvenir Ad.",-53.25361,-70.32611,996.1916666666666
2000-01-25,550001.0,"Guardiamarina Zañartu, Pto Williams Ad.",-54.93167,-67.61556,994.5125
2000-01-25,950001.0,"C.M.A. Eduardo Frei Montalva, Antártica ",-62.19194,-58.97972,979.3625
2000-01-26,180005.0,"Chacalluta, Arica Ap.",-18.35555,-70.34028,1007.0041666666666
2000-01-26,200006.0,Diego Aracena Iquique Ap.,-20.54917,-70.18111,1007.175
2000-01-26,220002.0,"El Loa, Calama Ad.",-22.49806,-68.8925,775.81875
2000-01-26,270001.0,Mataveri  Isla de Pascua Ap.,-27.15889,-109.4325,1011.65
2000-01-26,290004.0,"La Florida, La Serena Ad.",-29.91444,-71.20667,997.3666666666666
2000-01-26,330020.0,"Quinta Normal, Santiago",-33.445,-70.68278,952.28
2000-01-26,330021.0,Pudahuel Santiago ,-33.37833,-70.78778,957.3875
2000-01-26,330030.0,"Santo Domingo, Ad.",-33.65611,-71.61333,1005.5428571428572
2000-01-26,330031.0,"Juan Fernández, Estación Meteorológica.",-33.63583,-78.83305,1016.24
2000-01-26,340031.0,"General Freire, Curicó Ad.",-34.96944,-71.21694,985.7076923076924
2000-01-26,360011.0,"General Bernardo O'Higgins, Chillán Ad.",-36.58583,-72.03667,995.1692307692308
2000-01-26,360019.0,"Carriel Sur, Concepción Ap.",-36.78055,-73.06639,1013.4875000000001
2000-01-26,380013.0,"Maquehue, Temuco Ad.",-38.76778,-72.63194,1006.2166666666667
2000-01-26,390006.0,"Pichoy, Valdivia Ad.",-39.65667,-73.08722,1013.6923076923077
2000-01-26,400009.0,"Cañal Bajo,  Osorno Ad.",-40.61444,-73.0575,1010.7733333333333
2000-01-26,410005.0,El Tepual  Puerto Montt Ap.,-41.4475,-73.09583,1008.8125
2000-01-26,430001.0,Quellón Ad.,-43.13361,-73.63278,1015.975
2000-01-26,430002.0,Futaleufú Ad.,-43.18889,-71.85222,976.3923076923077
2000-01-26,450004.0,"Teniente Vidal, Coyhaique Ad.",-45.59083,-72.10222,978.823076923077
2000-01-26,450005.0,Balmaceda Ad.,-45.91833,-71.67778,953.7090909090908
2000-01-26,520006.0,"Carlos Ibañez, Punta Arenas Ap.",-53.00167,-70.83861,1005.2375
2000-01-26,530005.0,"Fuentes Martínez, Porvenir Ad.",-53.25361,-70.32611,1005.5166666666668
2000-01-26,550001.0,"Guardiamarina Zañartu, Pto Williams Ad.",-54.93167,-67.61556,1002.5799999999999
2000-01-26,950001.0,"C.M.A. Eduardo Frei Montalva, Antártica ",-62.19194,-58.97972,983.4875000000001
2000-01-27,180005.0,"Chacalluta, Arica Ap.",-18.35555,-70.34028,1008.1374999999999
2000-01-27,200006.0,Diego Aracena Iquique Ap.,-20.54917,-70.18111,1007.8
2000-01-27,220002.0,"El Loa, Calama Ad.",-22.49806,-68.8925,777.075
2000-01-27,270001.0,Mataveri  Isla de Pascua Ap.,-27.15889,-109.4325,1014.5500000000001
2000-01-27,290004.0,"La Florida, La Serena Ad.",-29.91444,-71.20667,999.4173913043478
2000-01-27,330020.0,"Quinta Normal, Santiago",-33.445,-70.68278,953.24
2000-01-27,330021.0,Pudahuel Santiago ,-33.37833,-70.78778,958.0375
2000-01-27,330030.0,"Santo Domingo, Ad.",-33.65611,-71.61333,1007.9785714285715
2000-01-27,330031.0,"Juan Fernández, Estación Meteorológica.",-33.63583,-78.83305,1015.54
2000-01-27,340031.0,"General Freire, Curicó Ad.",-34.96944,-71.21694,986.8923076923077
2000-01-27,360011.0,"General Bernardo O'Higgins, Chillán Ad.",-36.58583,-72.03667,996.2846153846154
2000-01-27,360019.0,"Carriel Sur, Concepción Ap.",-36.78055,-73.06639,1013.2333333333332
2000-01-27,380013.0,"Maquehue, Temuco Ad.",-38.76778,-72.63194,1004.7666666666668
2000-01-27,390006.0,"Pichoy, Valdivia Ad.",-39.65667,-73.08722,1013.2
2000-01-27,400009.0,"Cañal Bajo,  Osorno Ad.",-40.61444,-73.0575,1007.8857142857142
2000-01-27,410005.0,El Tepual  Puerto Montt Ap.,-41.4475,-73.09583,1004.7875
2000-01-27,430001.0,Quellón Ad.,-43.13361,-73.63278,1009.85
2000-01-27,430002.0,Futaleufú Ad.,-43.18889,-71.85222,970.9846153846154
2000-01-27,450004.0,"Teniente Vidal, Coyhaique Ad.",-45.59083,-72.10222,970.8153846153847
2000-01-27,450005.0,Balmaceda Ad.,-45.91833,-71.67778,945.6545454545455
2000-01-27,520006.0,"Carlos Ibañez, Punta Arenas Ap.",-53.00167,-70.83861,994.625
2000-01-27,530005.0,"Fuentes Martínez, Porvenir Ad.",-53.25361,-70.32611,990.5500000000001
2000-01-27,950001.0,"C.M.A. Eduardo Frei Montalva, Antártica ",-62.19194,-58.97972,983.8625
2000-01-28,180005.0,"Chacalluta, Arica Ap.",-18.35555,-70.34028,1008.4958333333334
2000-01-28,200006.0,Diego Aracena Iquique Ap.,-20.54917,-70.18111,1009.05
2000-01-28,220002.0,"El Loa, Calama Ad.",-22.49806,-68.8925,776.9125
2000-01-28,270001.0,Mataveri  Isla de Pascua Ap.,-27.15889,-109.4325,1017.0500000000001
2000-01-28,290004.0,"La Florida, La Serena Ad.",-29.91444,-71.20667,1000.0105263157895
2000-01-28,330020.0,"Quinta Normal, Santiago",-33.445,-70.68278,954.78
2000-01-28,330021.0,Pudahuel Santiago ,-33.37833,-70.78778,959.775
2000-01-28,330030.0,"Santo Domingo, Ad.",-33.65611,-71.61333,1009.1928571428572
2000-01-28,330031.0,"Juan Fernández, Estación Meteorológica.",-33.63583,-78.83305,1013.24
2000-01-28,340031.0,"General Freire, Curicó Ad.",-34.96944,-71.21694,988.1846153846153
2000-01-28,360011.0,"General Bernardo O'Higgins, Chillán Ad.",-36.58583,-72.03667,997.8846153846154
2000-01-28,360019.0,"Carriel Sur, Concepción Ap.",-36.78055,-73.06639,1014.7192307692308
2000-01-28,380013.0,"Maquehue, Temuco Ad.",-38.76778,-72.63194,1003.1208333333334
2000-01-28,390006.0,"Pichoy, Valdivia Ad.",-39.65667,-73.08722,1009.8307692307692
2000-01-28,400009.0,"Cañal Bajo,  Osorno Ad.",-40.61444,-73.0575,1002.7142857142857
2000-01-28,410005.0,El Tepual  Puerto Montt Ap.,-41.4475,-73.09583,999.8875
2000-01-28,430001.0,Quellón Ad.,-43.13361,-73.63278,1002.525
2000-01-28,430002.0,Futaleufú Ad.,-43.18889,-71.85222,965.2307692307693
2000-01-28,450004.0,"Teniente Vidal, Coyhaique Ad.",-45.59083,-72.10222,965.4615384615385
2000-01-28,450005.0,Balmaceda Ad.,-45.91833,-71.67778,940.6090909090909
2000-01-28,520006.0,"Carlos Ibañez, Punta Arenas Ap.",-53.00167,-70.83861,988.6625
2000-01-28,530005.0,"Fuentes Martínez, Porvenir Ad.",-53.25361,-70.32611,990.0166666666668
2000-01-28,950001.0,"C.M.A. Eduardo Frei Montalva, Antártica ",-62.19194,-58.97972,982.65
2000-01-29,180005.0,"Chacalluta, Arica Ap.",-18.35555,-70.34028,1006.5916666666667
2000-01-29,200006.0,Diego Aracena Iquique Ap.,-20.54917,-70.18111,1006.925
2000-01-29,220002.0,"El Loa, Calama Ad.",-22.49806,-68.8925,775.375
2000-01-29,270001.0,Mataveri  Isla de Pascua Ap.,-27.15889,-109.4325,1017.0500000000001
2000-01-29,290004.0,"La Florida, La Serena Ad.",-29.91444,-71.20667,997.6947368421053
2000-01-29,330020.0,"Quinta Normal, Santiago",-33.445,-70.68278,953.86
2000-01-29,330021.0,Pudahuel Santiago ,-33.37833,-70.78778,959.1375
2000-01-29,330030.0,"Santo Domingo, Ad.",-33.65611,-71.61333,1007.15
2000-01-29,330031.0,"Juan Fernández, Estación Meteorológica.",-33.63583,-78.83305,1011.775
2000-01-29,340031.0,"General Freire, Curicó Ad.",-34.96944,-71.21694,987.0923076923077
2000-01-29,360011.0,"General Bernardo O'Higgins, Chillán Ad.",-36.58583,-72.03667,997.0769230769231
2000-01-29,360019.0,"Carriel Sur, Concepción Ap.",-36.78055,-73.06639,1014.3962962962963
2000-01-29,380013.0,"Maquehue, Temuco Ad.",-38.76778,-72.63194,1003.5416666666666
2000-01-29,390006.0,"Pichoy, Valdivia Ad.",-39.65667,-73.08722,1011.7615384615384
2000-01-29,400009.0,"Cañal Bajo,  Osorno Ad.",-40.61444,-73.0575,1005.9
2000-01-29,410005.0,El Tepual  Puerto Montt Ap.,-41.4475,-73.09583,1001.7875
2000-01-29,430002.0,Futaleufú Ad.,-43.18889,-71.85222,966.8923076923077
2000-01-29,450004.0,"Teniente Vidal, Coyhaique Ad.",-45.59083,-72.10222,965.3333333333334
2000-01-29,450005.0,Balmaceda Ad.,-45.91833,-71.67778,940.1909090909091
2000-01-29,520006.0,"Carlos Ibañez, Punta Arenas Ap.",-53.00167,-70.83861,990.0125
2000-01-29,530005.0,"Fuentes Martínez, Porvenir Ad.",-53.25361,-70.32611,988.1750000000001
2000-01-29,950001.0,"C.M.A. Eduardo Frei Montalva, Antártica ",-62.19194,-58.97972,985.1625
2000-01-30,180005.0,"Chacalluta, Arica Ap.",-18.35555,-70.34028,1007.6750000000001
2000-01-30,200006.0,Diego Aracena Iquique Ap.,-20.54917,-70.18111,1007.725
2000-01-30,220002.0,"El Loa, Calama Ad.",-22.49806,-68.8925,776.5500000000001
2000-01-30,270001.0,Mataveri  Isla de Pascua Ap.,-27.15889,-109.4325,1015.1
2000-01-30,290004.0,"La Florida, La Serena Ad.",-29.91444,-71.20667,998.6105263157893
2000-01-30,330020.0,"Quinta Normal, Santiago",-33.445,-70.68278,954.32
2000-01-30,330021.0,Pudahuel Santiago ,-33.37833,-70.78778,959.0124999999999
2000-01-30,330030.0,"Santo Domingo, Ad.",-33.65611,-71.61333,1007.6285714285714
2000-01-30,330031.0,"Juan Fernández, Estación Meteorológica.",-33.63583,-78.83305,1012.8
2000-01-30,340031.0,"General Freire, Curicó Ad.",-34.96944,-71.21694,988.2076923076924
2000-01-30,360011.0,"General Bernardo O'Higgins, Chillán Ad.",-36.58583,-72.03667,998.5999999999999
2000-01-30,360019.0,"Carriel Sur, Concepción Ap.",-36.78055,-73.06639,1015.3249999999999
2000-01-30,380013.0,"Maquehue, Temuco Ad.",-38.76778,-72.63194,1005.5041666666666
2000-01-30,390006.0,"Pichoy, Valdivia Ad.",-39.65667,-73.08722,1014.3384615384615
2000-01-30,400009.0,"Cañal Bajo,  Osorno Ad.",-40.61444,-73.0575,1008.85
2000-01-30,410005.0,El Tepual  Puerto Montt Ap.,-41.4475,-73.09583,1003.8
2000-01-30,430001.0,Quellón Ad.,-43.13361,-73.63278,
2000-01-30,430002.0,Futaleufú Ad.,-43.18889,-71.85222,971.9076923076923
2000-01-30,450004.0,"Teniente Vidal, Coyhaique Ad.",-45.59083,-72.10222,972.9461538461538
2000-01-30,450005.0,Balmaceda Ad.,-45.91833,-71.67778,945.9818181818181
2000-01-30,520006.0,"Carlos Ibañez, Punta Arenas Ap.",-53.00167,-70.83861,982.975
2000-01-30,950001.0,"C.M.A. Eduardo Frei Montalva, Antártica ",-62.19194,-58.97972,985.4625
2000-01-31,180005.0,"Chacalluta, Arica Ap.",-18.35555,-70.34028,1009.6083333333332
2000-01-31,200006.0,Diego Aracena Iquique Ap.,-20.54917,-70.18111,1009.75
2000-01-31,220002.0,"El Loa, Calama Ad.",-22.49806,-68.8925,777.8352941176471
2000-01-31,270001.0,Mataveri  Isla de Pascua Ap.,-27.15889,-109.4325,1012.6666666666666
2000-01-31,290004.0,"La Florida, La Serena Ad.",-29.91444,-71.20667,1000.6315789473684
2000-01-31,330020.0,"Quinta Normal, Santiago",-33.445,-70.68278,956.14
2000-01-31,330021.0,Pudahuel Santiago ,-33.37833,-70.78778,961.0
2000-01-31,330030.0,"Santo Domingo, Ad.",-33.65611,-71.61333,1009.6857142857143
2000-01-31,330031.0,"Juan Fernández, Estación Meteorológica.",-33.63583,-78.83305,1012.74
2000-01-31,340031.0,"General Freire, Curicó Ad.",-34.96944,-71.21694,989.5461538461539
2000-01-31,360011.0,"General Bernardo O'Higgins, Chillán Ad.",-36.58583,-72.03667,998.7538461538461
2000-01-31,360019.0,"Carriel Sur, Concepción Ap.",-36.78055,-73.06639,1015.6374999999999
2000-01-31,380013.0,"Maquehue, Temuco Ad.",-38.76778,-72.63194,1005.5291666666667
2000-01-31,390006.0,"Pichoy, Valdivia Ad.",-39.65667,-73.08722,1013.6846153846153
2000-01-31,400009.0,"Cañal Bajo,  Osorno Ad.",-40.61444,-73.0575,1009.1357142857142
2000-01-31,410005.0,El Tepual  Puerto Montt Ap.,-41.4475,-73.09583,1006.5125
2000-01-31,430001.0,Quellón Ad.,-43.13361,-73.63278,1012.8249999999999
2000-01-31,430002.0,Futaleufú Ad.,-43.18889,-71.85222,973.1846153846153
2000-01-31,450004.0,"Teniente Vidal, Coyhaique Ad.",-45.59083,-72.10222,976.2153846153846
2000-01-31,450005.0,Balmaceda Ad.,-45.91833,-71.67778,951.6
2000-01-31,520006.0,"Carlos Ibañez, Punta Arenas Ap.",-53.00167,-70.83861,994.3875
2000-01-31,530005.0,"Fuentes Martínez, Porvenir Ad.",-53.25361,-70.32611,996.775
2000-01-31,550001.0,"Guardiamarina Zañartu, Pto Williams Ad.",-54.93167,-67.61556,994.7555555555555
2000-01-31,950001.0,"C.M.A. Eduardo Frei Montalva, Antártica ",-62.19194,-58.97972,975.225
2000-02-01,180005.0,"Chacalluta, Arica Ap.",-18.35555,-70.34028,1009.4916666666667
2000-02-01,200006.0,Diego Aracena Iquique Ap.,-20.54917,-70.18111,1009.8125
2000-02-01,220002.0,"El Loa, Calama Ad.",-22.49806,-68.8925,777.6875
2000-02-01,270001.0,Mataveri  Isla de Pascua Ap.,-27.15889,-109.4325,1012.25
2000-02-01,290004.0,"La Florida, La Serena Ad.",-29.91444,-71.20667,1000.8666666666666
2000-02-01,330020.0,"Quinta Normal, Santiago",-33.445,-70.68278,956.54
2000-02-01,330021.0,Pudahuel Santiago ,-33.37833,-70.78778,961.6
2000-02-01,330030.0,"Santo Domingo, Ad.",-33.65611,-71.61333,1010.0642857142857
2000-02-01,330031.0,"Juan Fernández, Estación Meteorológica.",-33.63583,-78.83305,1011.28
2000-02-01,340031.0,"General Freire, Curicó Ad.",-34.96944,-71.21694,990.0999999999999
2000-02-01,360011.0,"General Bernardo O'Higgins, Chillán Ad.",-36.58583,-72.03667,999.176923076923
2000-02-01,360019.0,"Carriel Sur, Concepción Ap.",-36.78055,-73.06639,1015.6166666666667
2000-02-01,380013.0,"Maquehue, Temuco Ad.",-38.76778,-72.63194,1003.8458333333333
2000-02-01,390006.0,"Pichoy, Valdivia Ad.",-39.65667,-73.08722,1010.3153846153847
2000-02-01,400009.0,"Cañal Bajo,  Osorno Ad.",-40.61444,-73.0575,1004.0066666666667
2000-02-01,410005.0,El Tepual  Puerto Montt Ap.,-41.4475,-73.09583,1000.4285714285714
2000-02-01,430001.0,Quellón Ad.,-43.13361,-73.63278,1004.0
2000-02-01,430002.0,Futaleufú Ad.,-43.18889,-71.85222,965.5076923076923
2000-02-01,450004.0,"Teniente Vidal, Coyhaique Ad.",-45.59083,-72.10222,965.3692307692307
2000-02-01,450005.0,Balmaceda Ad.,-45.91833,-71.67778,938.6727272727272
2000-02-01,520006.0,"Carlos Ibañez, Punta Arenas Ap.",-53.00167,-70.83861,992.6374999999999
2000-02-01,530005.0,"Fuentes Martínez, Porvenir Ad.",-53.25361,-70.32611,990.9166666666666
2000-02-01,550001.0,"Guardiamarina Zañartu, Pto Williams Ad.",-54.93167,-67.61556,992.6307692307693
2000-02-01,950001.0,"C.M.A. Eduardo Frei Montalva, Antártica ",-62.19194,-58.97972,988.9875
2000-02-02,180005.0,"Chacalluta, Arica Ap.",-18.35555,-70.34028,1008.4833333333332
2000-02-02,200006.0,Diego Aracena Iquique Ap.,-20.54917,-70.18111,1008.9625
2000-02-02,220002.0,"El Loa, Calama Ad.",-22.49806,-68.8925,776.86875
2000-02-02,270001.0,Mataveri  Isla de Pascua Ap.,-27.15889,-109.4325,1012.9
2000-02-02,290004.0,"La Florida, La Serena Ad.",-29.91444,-71.20667,999.1999999999999
2000-02-02,330020.0,"Quinta Normal, Santiago",-33.445,-70.68278,955.9200000000001
2000-02-02,330021.0,Pudahuel Santiago ,-33.37833,-70.78778,961.2125
2000-02-02,330030.0,"Santo Domingo, Ad.",-33.65611,-71.61333,1008.4499999999999
2000-02-02,330031.0,"Juan Fernández, Estación Meteorológica.",-33.63583,-78.83305,1013.68
2000-02-02,340031.0,"General Freire, Curicó Ad.",-34.96944,-71.21694,989.376923076923
2000-02-02,360011.0,"General Bernardo O'Higgins, Chillán Ad.",-36.58583,-72.03667,999.5
2000-02-02,360019.0,"Carriel Sur, Concepción Ap.",-36.78055,-73.06639,1016.6083333333332
2000-02-02,380013.0,"Maquehue, Temuco Ad.",-38.76778,-72.63194,1006.8583333333332
2000-02-02,390006.0,"Pichoy, Valdivia Ad.",-39.65667,-73.08722,1017.0076923076923
2000-02-02,400009.0,"Cañal Bajo,  Osorno Ad.",-40.61444,-73.0575,1012.0933333333334
2000-02-02,410005.0,El Tepual  Puerto Montt Ap.,-41.4475,-73.09583,1007.6
2000-02-02,430001.0,Quellón Ad.,-43.13361,-73.63278,1016.375
2000-02-02,430002.0,Futaleufú Ad.,-43.18889,-71.85222,975.4692307692308
2000-02-02,450004.0,"Teniente Vidal, Coyhaique Ad.",-45.59083,-72.10222,976.9076923076923
2000-02-02,450005.0,Balmaceda Ad.,-45.91833,-71.67778,949.7272727272727
2000-02-02,520006.0,"Carlos Ibañez, Punta Arenas Ap.",-53.00167,-70.83861,993.975
2000-02-02,530005.0,"Fuentes Martínez, Porvenir Ad.",-53.25361,-70.32611,993.975
2000-02-02,550001.0,"Guardiamarina Zañartu, Pto Williams Ad.",-54.93167,-67.61556,993.9111111111112
2000-02-02,950001.0,"C.M.A. Eduardo Frei Montalva, Antártica ",-62.19194,-58.97972,993.425
2000-02-03,180005.0,"Chacalluta, Arica Ap.",-18.35555,-70.34028,1008.7916666666666
2000-02-03,200006.0,Diego Aracena Iquique Ap.,-20.54917,-70.18111,1008.925
2000-02-03,220002.0,"El Loa, Calama Ad.",-22.49806,-68.8925,776.725
2000-02-03,270001.0,Mataveri  Isla de Pascua Ap.,-27.15889,-109.4325,1013.5666666666666
2000-02-03,290004.0,"La Florida, La Serena Ad.",-29.91444,-71.20667,995.7722222222224
2000-02-03,330020.0,"Quinta Normal, Santiago",-33.445,-70.68278,953.6600000000001
2000-02-03,330021.0,Pudahuel Santiago ,-33.37833,-70.78778,958.8625
2000-02-03,330030.0,"Santo Domingo, Ad.",-33.65611,-71.61333,1006.6428571428571
2000-02-03,330031.0,"Juan Fernández, Estación Meteorológica.",-33.63583,-78.83305,1014.3399999999999
2000-02-03,340031.0,"General Freire, Curicó Ad.",-34.96944,-71.21694,986.3307692307692
2000-02-03,360011.0,"General Bernardo O'Higgins, Chillán Ad.",-36.58583,-72.03667,996.1076923076923
2000-02-03,360019.0,"Carriel Sur, Concepción Ap.",-36.78055,-73.06639,1014.7041666666668
2000-02-03,380013.0,"Maquehue, Temuco Ad.",-38.76778,-72.63194,1005.5583333333334
2000-02-03,390006.0,"Pichoy, Valdivia Ad.",-39.65667,-73.08722,1013.2153846153846
2000-02-03,400009.0,"Cañal Bajo,  Osorno Ad.",-40.61444,-73.0575,1008.0785714285714
2000-02-03,410005.0,El Tepual  Puerto Montt Ap.,-41.4475,-73.09583,1006.0625
2000-02-03,430001.0,Quellón Ad.,-43.13361,-73.63278,1008.225
2000-02-03,430002.0,Futaleufú Ad.,-43.18889,-71.85222,969.5076923076923
2000-02-03,450004.0,"Teniente Vidal, Coyhaique Ad.",-45.59083,-72.10222,966.0923076923077
2000-02-03,450005.0,Balmaceda Ad.,-45.91833,-71.67778,938.9909090909091
2000-02-03,520006.0,"Carlos Ibañez, Punta Arenas Ap.",-53.00167,-70.83861,981.8375
2000-02-03,530005.0,"Fuentes Martínez, Porvenir Ad.",-53.25361,-70.32611,981.5833333333334
2000-02-03,550001.0,"Guardiamarina Zañartu, Pto Williams Ad.",-54.93167,-67.61556,979.8888888888889
2000-02-03,950001.0,"C.M.A. Eduardo Frei Montalva, Antártica ",-62.19194,-58.97972,982.4875
2000-02-04,180005.0,"Chacalluta, Arica Ap.",-18.35555,-70.34028,1008.1083333333332
2000-02-04,200006.0,Diego Aracena Iquique Ap.,-20.54917,-70.18111,1008.5625
2000-02-04,220002.0,"El Loa, Calama Ad.",-22.49806,-68.8925,776.8380952380952
2000-02-04,270001.0,Mataveri  Isla de Pascua Ap.,-27.15889,-109.4325,1014.2833333333333
2000-02-04,290004.0,"La Florida, La Serena Ad.",-29.91444,-71.20667,998.7055555555556
2000-02-04,330020.0,"Quinta Normal, Santiago",-33.445,-70.68278,953.6
2000-02-04,330021.0,Pudahuel Santiago ,-33.37833,-70.78778,958.575
2000-02-04,330030.0,"Santo Domingo, Ad.",-33.65611,-71.61333,1007.4428571428572
2000-02-04,330031.0,"Juan Fernández, Estación Meteorológica.",-33.63583,-78.83305,1011.14
2000-02-04,340031.0,"General Freire, Curicó Ad.",-34.96944,-71.21694,986.9923076923077
2000-02-04,360011.0,"General Bernardo O'Higgins, Chillán Ad.",-36.58583,-72.03667,996.4076923076924
2000-02-04,360019.0,"Carriel Sur, Concepción Ap.",-36.78055,-73.06639,1013.3833333333333
2000-02-04,380013.0,"Maquehue, Temuco Ad.",-38.76778,-72.63194,1002.0124999999999
2000-02-04,390006.0,"Pichoy, Valdivia Ad.",-39.65667,-73.08722,1009.1461538461538
2000-02-04,400009.0,"Cañal Bajo,  Osorno Ad.",-40.61444,-73.0575,1003.8235294117648
2000-02-04,410005.0,El Tepual  Puerto Montt Ap.,-41.4475,-73.09583,999.1125000000001
2000-02-04,430001.0,Quellón Ad.,-43.13361,-73.63278,1007.05
2000-02-04,430002.0,Futaleufú Ad.,-43.18889,-71.85222,966.7769230769231
2000-02-04,450004.0,"Teniente Vidal, Coyhaique Ad.",-45.59083,-72.10222,967.2461538461539
2000-02-04,450005.0,Balmaceda Ad.,-45.91833,-71.67778,941.1545454545455
2000-02-04,520006.0,"Carlos Ibañez, Punta Arenas Ap.",-53.00167,-70.83861,985.125
2000-02-04,530005.0,"Fuentes Martínez, Porvenir Ad.",-53.25361,-70.32611,985.6416666666668
2000-02-04,550001.0,"Guardiamarina Zañartu, Pto Williams Ad.",-54.93167,-67.61556,984.3888888888889
2000-02-04,950001.0,"C.M.A. Eduardo Frei Montalva, Antártica ",-62.19194,-58.97972,981.675
2000-02-05,180005.0,"Chacalluta, Arica Ap.",-18.35555,-70.34028,1008.775
2000-02-05,200006.0,Diego Aracena Iquique Ap.,-20.54917,-70.18111,1009.1125
2000-02-05,220002.0,"El Loa, Calama Ad.",-22.49806,-68.8925,777.03125
2000-02-05,270001.0,Mataveri  Isla de Pascua Ap.,-27.15889,-109.4325,1012.9
2000-02-05,290004.0,"La Florida, La Serena Ad.",-29.91444,-71.20667,999.7444444444445
2000-02-05,330020.0,"Quinta Normal, Santiago",-33.445,-70.68278,955.18
2000-02-05,330021.0,Pudahuel Santiago ,-33.37833,-70.78778,961.0875
2000-02-05,330030.0,"Santo Domingo, Ad.",-33.65611,-71.61333,1009.4714285714286
2000-02-05,330031.0,"Juan Fernández, Estación Meteorológica.",-33.63583,-78.83305,1014.825
2000-02-05,340031.0,"General Freire, Curicó Ad.",-34.96944,-71.21694,990.0846153846154
2000-02-05,360011.0,"General Bernardo O'Higgins, Chillán Ad.",-36.58583,-72.03667,1000.9692307692308
2000-02-05,360019.0,"Carriel Sur, Concepción Ap.",-36.78055,-73.06639,1016.3083333333334
2000-02-05,380013.0,"Maquehue, Temuco Ad.",-38.76778,-72.63194,1007.1041666666666
2000-02-05,390006.0,"Pichoy, Valdivia Ad.",-39.65667,-73.08722,1017.8
2000-02-05,400009.0,"Cañal Bajo,  Osorno Ad.",-40.61444,-73.0575,1011.4
2000-02-05,410005.0,El Tepual  Puerto Montt Ap.,-41.4475,-73.09583,1006.2625
2000-02-05,430001.0,Quellón Ad.,-43.13361,-73.63278,
2000-02-05,430002.0,Futaleufú Ad.,-43.18889,-71.85222,972.1615384615385
2000-02-05,450004.0,"Teniente Vidal, Coyhaique Ad.",-45.59083,-72.10222,970.9076923076923
2000-02-05,450005.0,Balmaceda Ad.,-45.91833,-71.67778,944.0500000000001
2000-02-05,520006.0,"Carlos Ibañez, Punta Arenas Ap.",-53.00167,-70.83861,987.775
2000-02-05,530005.0,"Fuentes Martínez, Porvenir Ad.",-53.25361,-70.32611,988.65
2000-02-05,950001.0,"C.M.A. Eduardo Frei Montalva, Antártica ",-62.19194,-58.97972,983.875
2000-02-06,180005.0,"Chacalluta, Arica Ap.",-18.35555,-70.34028,1009.4791666666666
2000-02-06,200006.0,Diego Aracena Iquique Ap.,-20.54917,-70.18111,1009.95
2000-02-06,220002.0,"El Loa, Calama Ad.",-22.49806,-68.8925,776.8083333333334
2000-02-06,270001.0,Mataveri  Isla de Pascua Ap.,-27.15889,-109.4325,1011.35
2000-02-06,290004.0,"La Florida, La Serena Ad.",-29.91444,-71.20667,999.1611111111112
2000-02-06,330020.0,"Quinta Normal, Santiago",-33.445,-70.68278,955.22
2000-02-06,330021.0,Pudahuel Santiago ,-33.37833,-70.78778,960.75
2000-02-06,330030.0,"Santo Domingo, Ad.",-33.65611,-71.61333,1007.7642857142857
2000-02-06,330031.0,"Juan Fernández, Estación Meteorológica.",-33.63583,-78.83305,1017.125
2000-02-06,340031.0,"General Freire, Curicó Ad.",-34.96944,-71.21694,989.5384615384615
2000-02-06,360011.0,"General Bernardo O'Higgins, Chillán Ad.",-36.58583,-72.03667,999.1615384615385
2000-02-06,360019.0,"Carriel Sur, Concepción Ap.",-36.78055,-73.06639,1017.375
2000-02-06,380013.0,"Maquehue, Temuco Ad.",-38.76778,-72.63194,1009.3639999999999
2000-02-06,390006.0,"Pichoy, Valdivia Ad.",-39.65667,-73.08722,1017.0692307692308
2000-02-06,400009.0,"Cañal Bajo,  Osorno Ad.",-40.61444,-73.0575,1013.0785714285714
2000-02-06,410005.0,El Tepual  Puerto Montt Ap.,-41.4475,-73.09583,1010.85
2000-02-06,430002.0,Futaleufú Ad.,-43.18889,-71.85222,978.3923076923077
2000-02-06,450004.0,"Teniente Vidal, Coyhaique Ad.",-45.59083,-72.10222,980.0307692307692
2000-02-06,450005.0,Balmaceda Ad.,-45.91833,-71.67778,953.1545454545455
2000-02-06,520006.0,"Carlos Ibañez, Punta Arenas Ap.",-53.00167,-70.83861,994.0625
2000-02-06,950001.0,"C.M.A. Eduardo Frei Montalva, Antártica ",-62.19194,-58.97972,982.1625
2000-02-07,180005.0,"Chacalluta, Arica Ap.",-18.35555,-70.34028,1010.5541666666667
2000-02-07,200006.0,Diego Aracena Iquique Ap.,-20.54917,-70.18111,1010.8625
2000-02-07,220002.0,"El Loa, Calama Ad.",-22.49806,-68.8925,777.18125
2000-02-07,270001.0,Mataveri  Isla de Pascua Ap.,-27.15889,-109.4325,1011.3666666666667
2000-02-07,290004.0,"La Florida, La Serena Ad.",-29.91444,-71.20667,1000.8833333333334
2000-02-07,330020.0,"Quinta Normal, Santiago",-33.445,-70.68278,956.4399999999999
2000-02-07,330021.0,Pudahuel Santiago ,-33.37833,-70.78778,961.1
2000-02-07,330030.0,"Santo Domingo, Ad.",-33.65611,-71.61333,1010.2428571428571
2000-02-07,330031.0,"Juan Fernández, Estación Meteorológica.",-33.63583,-78.83305,1015.4399999999999
2000-02-07,340031.0,"General Freire, Curicó Ad.",-34.96944,-71.21694,989.4571428571428
2000-02-07,360011.0,"General Bernardo O'Higgins, Chillán Ad.",-36.58583,-72.03667,998.9000000000001
2000-02-07,360019.0,"Carriel Sur, Concepción Ap.",-36.78055,-73.06639,1016.1666666666666
2000-02-07,380013.0,"Maquehue, Temuco Ad.",-38.76778,-72.63194,1006.8791666666666
2000-02-07,390006.0,"Pichoy, Valdivia Ad.",-39.65667,-73.08722,1015.2384615384616
2000-02-07,400009.0,"Cañal Bajo,  Osorno Ad.",-40.61444,-73.0575,1010.6428571428571
2000-02-07,410005.0,El Tepual  Puerto Montt Ap.,-41.4475,-73.09583,1007.925
2000-02-07,430001.0,Quellón Ad.,-43.13361,-73.63278,1015.15
2000-02-07,430002.0,Futaleufú Ad.,-43.18889,-71.85222,975.8692307692307
2000-02-07,450004.0,"Teniente Vidal, Coyhaique Ad.",-45.59083,-72.10222,980.1692307692308
2000-02-07,450005.0,Balmaceda Ad.,-45.91833,-71.67778,955.2090909090908
2000-02-07,520006.0,"Carlos Ibañez, Punta Arenas Ap.",-53.00167,-70.83861,1005.525
2000-02-07,530005.0,"Fuentes Martínez, Porvenir Ad.",-53.25361,-70.32611,1008.7833333333333
2000-02-07,550001.0,"Guardiamarina Zañartu, Pto Williams Ad.",-54.93167,-67.61556,1006.3333333333334
2000-02-07,950001.0,"C.M.A. Eduardo Frei Montalva, Antártica ",-62.19194,-58.97972,982.5625
2000-02-08,180005.0,"Chacalluta, Arica Ap.",-18.35555,-70.34028,1008.5958333333333
2000-02-08,200006.0,Diego Aracena Iquique Ap.,-20.54917,-70.18111,1008.9625
2000-02-08,220002.0,"El Loa, Calama Ad.",-22.49806,-68.8925,776.31875
2000-02-08,270001.0,Mataveri  Isla de Pascua Ap.,-27.15889,-109.4325,1012.0500000000001
2000-02-08,290004.0,"La Florida, La Serena Ad.",-29.91444,-71.20667,999.0111111111112
2000-02-08,330020.0,"Quinta Normal, Santiago",-33.445,-70.68278,955.0600000000001
2000-02-08,330021.0,Pudahuel Santiago ,-33.37833,-70.78778,960.325
2000-02-08,330030.0,"Santo Domingo, Ad.",-33.65611,-71.61333,1007.9
2000-02-08,330031.0,"Juan Fernández, Estación Meteorológica.",-33.63583,-78.83305,1011.5799999999999
2000-02-08,340031.0,"General Freire, Curicó Ad.",-34.96944,-71.21694,988.4363636363636
2000-02-08,360011.0,"General Bernardo O'Higgins, Chillán Ad.",-36.58583,-72.03667,998.8384615384615
2000-02-08,360019.0,"Carriel Sur, Concepción Ap.",-36.78055,-73.06639,1015.0791666666668
2000-02-08,380013.0,"Maquehue, Temuco Ad.",-38.76778,-72.63194,1004.1541666666667
2000-02-08,390006.0,"Pichoy, Valdivia Ad.",-39.65667,-73.08722,1011.1307692307693
2000-02-08,400009.0,"Cañal Bajo,  Osorno Ad.",-40.61444,-73.0575,1005.8571428571429
2000-02-08,410005.0,El Tepual  Puerto Montt Ap.,-41.4475,-73.09583,1002.6375
2000-02-08,430001.0,Quellón Ad.,-43.13361,-73.63278,1006.55
2000-02-08,430002.0,Futaleufú Ad.,-43.18889,-71.85222,970.2923076923076
2000-02-08,450004.0,"Teniente Vidal, Coyhaique Ad.",-45.59083,-72.10222,973.2769230769231
2000-02-08,450005.0,Balmaceda Ad.,-45.91833,-71.67778,948.5454545454545
2000-02-08,520006.0,"Carlos Ibañez, Punta Arenas Ap.",-53.00167,-70.83861,1006.45
2000-02-08,530005.0,"Fuentes Martínez, Porvenir Ad.",-53.25361,-70.32611,1002.8916666666668
2000-02-08,550001.0,"Guardiamarina Zañartu, Pto Williams Ad.",-54.93167,-67.61556,1007.3222222222222
2000-02-08,950001.0,"C.M.A. Eduardo Frei Montalva, Antártica ",-62.19194,-58.97972,993.375
2000-02-09,180005.0,"Chacalluta, Arica Ap.",-18.35555,-70.34028,1008.6125000000001
2000-02-09,200006.0,Diego Aracena Iquique Ap.,-20.54917,-70.18111,1009.0124999999999
2000-02-09,220002.0,"El Loa, Calama Ad.",-22.49806,-68.8925,776.1125
2000-02-09,270001.0,Mataveri  Isla de Pascua Ap.,-27.15889,-109.4325,1012.5833333333334
2000-02-09,290004.0,"La Florida, La Serena Ad.",-29.91444,-71.20667,997.89
2000-02-09,330020.0,"Quinta Normal, Santiago",-33.445,-70.68278,955.3799999999999
2000-02-09,330021.0,Pudahuel Santiago ,-33.37833,-70.78778,960.075
2000-02-09,330030.0,"Santo Domingo, Ad.",-33.65611,-71.61333,1007.7357142857143
2000-02-09,330031.0,"Juan Fernández, Estación Meteorológica.",-33.63583,-78.83305,1012.86
2000-02-09,340031.0,"General Freire, Curicó Ad.",-34.96944,-71.21694,987.9285714285714
2000-02-09,360011.0,"General Bernardo O'Higgins, Chillán Ad.",-36.58583,-72.03667,997.9153846153846
2000-02-09,360019.0,"Carriel Sur, Concepción Ap.",-36.78055,-73.06639,1014.3576923076923
2000-02-09,380013.0,"Maquehue, Temuco Ad.",-38.76778,-72.63194,1002.8333333333334
2000-02-09,390006.0,"Pichoy, Valdivia Ad.",-39.65667,-73.08722,1009.6833333333334
2000-02-09,400009.0,"Cañal Bajo,  Osorno Ad.",-40.61444,-73.0575,1003.1357142857142
2000-02-09,410005.0,El Tepual  Puerto Montt Ap.,-41.4475,-73.09583,999.5125
2000-02-09,430001.0,Quellón Ad.,-43.13361,-73.63278,1002.45
2000-02-09,430002.0,Futaleufú Ad.,-43.18889,-71.85222,964.6538461538462
2000-02-09,450004.0,"Teniente Vidal, Coyhaique Ad.",-45.59083,-72.10222,963.8384615384615
2000-02-09,450005.0,Balmaceda Ad.,-45.91833,-71.67778,939.4636363636364
2000-02-09,520006.0,"Carlos Ibañez, Punta Arenas Ap.",-53.00167,-70.83861,992.175
2000-02-09,530005.0,"Fuentes Martínez, Porvenir Ad.",-53.25361,-70.32611,990.7818181818183
2000-02-09,550001.0,"Guardiamarina Zañartu, Pto Williams Ad.",-54.93167,-67.61556,992.3555555555556
2000-02-09,950001.0,"C.M.A. Eduardo Frei Montalva, Antártica ",-62.19194,-58.97972,990.9875
2000-02-10,180005.0,"Chacalluta, Arica Ap.",-18.35555,-70.34028,1007.5041666666666
2000-02-10,200006.0,Diego Aracena Iquique Ap.,-20.54917,-70.18111,1007.85
2000-02-10,220002.0,"El Loa, Calama Ad.",-22.49806,-68.8925,775.56875
2000-02-10,270001.0,Mataveri  Isla de Pascua Ap.,-27.15889,-109.4325,1013.0833333333334
2000-02-10,290004.0,"La Florida, La Serena Ad.",-29.91444,-71.20667,996.6333333333333
2000-02-10,330020.0,"Quinta Normal, Santiago",-33.445,-70.68278,954.1200000000001
2000-02-10,330021.0,Pudahuel Santiago ,-33.37833,-70.78778,958.9625
2000-02-10,330030.0,"Santo Domingo, Ad.",-33.65611,-71.61333,1005.85
2000-02-10,330031.0,"Juan Fernández, Estación Meteorológica.",-33.63583,-78.83305,1010.9399999999999
2000-02-10,340031.0,"General Freire, Curicó Ad.",-34.96944,-71.21694,986.3333333333334
2000-02-10,360011.0,"General Bernardo O'Higgins, Chillán Ad.",-36.58583,-72.03667,996.1692307692308
2000-02-10,360019.0,"Carriel Sur, Concepción Ap.",-36.78055,-73.06639,1012.752
2000-02-10,380013.0,"Maquehue, Temuco Ad.",-38.76778,-72.63194,998.7958333333332
2000-02-10,390006.0,"Pichoy, Valdivia Ad.",-39.65667,-73.08722,1003.6461538461538
2000-02-10,400009.0,"Cañal Bajo,  Osorno Ad.",-40.61444,-73.0575,998.0571428571428
2000-02-10,410005.0,El Tepual  Puerto Montt Ap.,-41.4475,-73.09583,994.5875
2000-02-10,430001.0,Quellón Ad.,-43.13361,-73.63278,999.975
2000-02-10,430002.0,Futaleufú Ad.,-43.18889,-71.85222,961.0923076923077
2000-02-10,450004.0,"Teniente Vidal, Coyhaique Ad.",-45.59083,-72.10222,960.8461538461538
2000-02-10,450005.0,Balmaceda Ad.,-45.91833,-71.67778,934.7909090909092
2000-02-10,520006.0,"Carlos Ibañez, Punta Arenas Ap.",-53.00167,-70.83861,982.6625
2000-02-10,530005.0,"Fuentes Martínez, Porvenir Ad.",-53.25361,-70.32611,982.125
2000-02-10,550001.0,"Guardiamarina Zañartu, Pto Williams Ad.",-54.93167,-67.61556,982.64
2000-02-10,950001.0,"C.M.A. Eduardo Frei Montalva, Antártica ",-62.19194,-58.97972,983.7875
2000-02-11,180005.0,"Chacalluta, Arica Ap.",-18.35555,-70.34028,1008.2083333333334
2000-02-11,200006.0,Diego Aracena Iquique Ap.,-20.54917,-70.18111,1008.4125
2000-02-11,220002.0,"El Loa, Calama Ad.",-22.49806,-68.8925,775.85625
2000-02-11,270001.0,Mataveri  Isla de Pascua Ap.,-27.15889,-109.4325,1013.7166666666667
2000-02-11,290004.0,"La Florida, La Serena Ad.",-29.91444,-71.20667,997.8722222222223
2000-02-11,330020.0,"Quinta Normal, Santiago",-33.445,-70.68278,952.8
2000-02-11,330021.0,Pudahuel Santiago ,-33.37833,-70.78778,957.975
2000-02-11,330030.0,"Santo Domingo, Ad.",-33.65611,-71.61333,1005.8857142857142
2000-02-11,330031.0,"Juan Fernández, Estación Meteorológica.",-33.63583,-78.83305,1008.5
2000-02-11,340031.0,"General Freire, Curicó Ad.",-34.96944,-71.21694,985.4571428571428
2000-02-11,360011.0,"General Bernardo O'Higgins, Chillán Ad.",-36.58583,-72.03667,992.6076923076923
2000-02-11,360019.0,"Carriel Sur, Concepción Ap.",-36.78055,-73.06639,1008.9541666666668
2000-02-11,380013.0,"Maquehue, Temuco Ad.",-38.76778,-72.63194,997.0458333333332
2000-02-11,390006.0,"Pichoy, Valdivia Ad.",-39.65667,-73.08722,1004.9769230769232
2000-02-11,400009.0,"Cañal Bajo,  Osorno Ad.",-40.61444,-73.0575,999.3357142857143
2000-02-11,410005.0,El Tepual  Puerto Montt Ap.,-41.4475,-73.09583,995.225
2000-02-11,430001.0,Quellón Ad.,-43.13361,-73.63278,1000.45
2000-02-11,430002.0,Futaleufú Ad.,-43.18889,-71.85222,962.5153846153846
2000-02-11,450004.0,"Teniente Vidal, Coyhaique Ad.",-45.59083,-72.10222,962.623076923077
2000-02-11,450005.0,Balmaceda Ad.,-45.91833,-71.67778,937.0
2000-02-11,520006.0,"Carlos Ibañez, Punta Arenas Ap.",-53.00167,-70.83861,988.175
2000-02-11,530005.0,"Fuentes Martínez, Porvenir Ad.",-53.25361,-70.32611,989.75
2000-02-11,550001.0,"Guardiamarina Zañartu, Pto Williams Ad.",-54.93167,-67.61556,988.6333333333334
2000-02-11,950001.0,"C.M.A. Eduardo Frei Montalva, Antártica ",-62.19194,-58.97972,982.8375
2000-02-12,180005.0,"Chacalluta, Arica Ap.",-18.35555,-70.34028,1007.9791666666666
2000-02-12,200006.0,Diego Aracena Iquique Ap.,-20.54917,-70.18111,1008.475
2000-02-12,220002.0,"El Loa, Calama Ad.",-22.49806,-68.8925,776.1125000000001
2000-02-12,270001.0,Mataveri  Isla de Pascua Ap.,-27.15889,-109.4325,1014.5666666666666
2000-02-12,290004.0,"La Florida, La Serena Ad.",-29.91444,-71.20667,998.6857142857143
2000-02-12,330020.0,"Quinta Normal, Santiago",-33.445,-70.68278,955.76
2000-02-12,330021.0,Pudahuel Santiago ,-33.37833,-70.78778,959.8875
2000-02-12,330030.0,"Santo Domingo, Ad.",-33.65611,-71.61333,1007.8714285714286
2000-02-12,330031.0,"Juan Fernández, Estación Meteorológica.",-33.63583,-78.83305,1013.55
2000-02-12,340031.0,"General Freire, Curicó Ad.",-34.96944,-71.21694,989.0
2000-02-12,360011.0,"General Bernardo O'Higgins, Chillán Ad.",-36.58583,-72.03667,999.5
2000-02-12,360019.0,"Carriel Sur, Concepción Ap.",-36.78055,-73.06639,1014.3208333333333
2000-02-12,380013.0,"Maquehue, Temuco Ad.",-38.76778,-72.63194,1004.8041666666667
2000-02-12,390006.0,"Pichoy, Valdivia Ad.",-39.65667,-73.08722,1015.8692307692307
2000-02-12,400009.0,"Cañal Bajo,  Osorno Ad.",-40.61444,-73.0575,1010.2571428571429
2000-02-12,410005.0,El Tepual  Puerto Montt Ap.,-41.4475,-73.09583,1004.05
2000-02-12,430002.0,Futaleufú Ad.,-43.18889,-71.85222,973.2307692307693
2000-02-12,450004.0,"Teniente Vidal, Coyhaique Ad.",-45.59083,-72.10222,974.7
2000-02-12,450005.0,Balmaceda Ad.,-45.91833,-71.67778,947.7545454545453
2000-02-12,520006.0,"Carlos Ibañez, Punta Arenas Ap.",-53.00167,-70.83861,996.05
2000-02-12,530005.0,"Fuentes Martínez, Porvenir Ad.",-53.25361,-70.32611,998.15
2000-02-12,950001.0,"C.M.A. Eduardo Frei Montalva, Antártica ",-62.19194,-58.97972,987.0625
2000-02-13,180005.0,"Chacalluta, Arica Ap.",-18.35555,-70.34028,1007.4250000000001
2000-02-13,200006.0,Diego Aracena Iquique Ap.,-20.54917,-70.18111,1008.0125
2000-02-13,220002.0,"El Loa, Calama Ad.",-22.49806,-68.8925,775.5083333333333
2000-02-13,270001.0,Mataveri  Isla de Pascua Ap.,-27.15889,-109.4325,1014.2333333333332
2000-02-13,290004.0,"La Florida, La Serena Ad.",-29.91444,-71.20667,997.8052631578947
2000-02-13,330020.0,"Quinta Normal, Santiago",-33.445,-70.68278,954.68
2000-02-13,330021.0,Pudahuel Santiago ,-33.37833,-70.78778,960.0125
2000-02-13,330030.0,"Santo Domingo, Ad.",-33.65611,-71.61333,1007.1928571428572
2000-02-13,330031.0,"Juan Fernández, Estación Meteorológica.",-33.63583,-78.83305,1017.55
2000-02-13,340031.0,"General Freire, Curicó Ad.",-34.96944,-71.21694,988.4615384615385
2000-02-13,360011.0,"General Bernardo O'Higgins, Chillán Ad.",-36.58583,-72.03667,998.0769230769231
2000-02-13,360019.0,"Carriel Sur, Concepción Ap.",-36.78055,-73.06639,1016.9833333333332
2000-02-13,380013.0,"Maquehue, Temuco Ad.",-38.76778,-72.63194,1009.2958333333332
2000-02-13,390006.0,"Pichoy, Valdivia Ad.",-39.65667,-73.08722,1018.5307692307692
2000-02-13,400009.0,"Cañal Bajo,  Osorno Ad.",-40.61444,-73.0575,1014.8571428571429
2000-02-13,410005.0,El Tepual  Puerto Montt Ap.,-41.4475,-73.09583,1013.4125
2000-02-13,430002.0,Futaleufú Ad.,-43.18889,-71.85222,982.0999999999999
2000-02-13,450004.0,"Teniente Vidal, Coyhaique Ad.",-45.59083,-72.10222,985.4923076923077
2000-02-13,450005.0,Balmaceda Ad.,-45.91833,-71.67778,959.6545454545455
2000-02-13,520006.0,"Carlos Ibañez, Punta Arenas Ap.",-53.00167,-70.83861,1011.0375
2000-02-13,950001.0,"C.M.A. Eduardo Frei Montalva, Antártica ",-62.19194,-58.97972,990.7125
2000-02-14,180005.0,"Chacalluta, Arica Ap.",-18.35555,-70.34028,1007.6333333333333
2000-02-14,200006.0,Diego Aracena Iquique Ap.,-20.54917,-70.18111,1008.0625
2000-02-14,220002.0,"El Loa, Calama Ad.",-22.49806,-68.8925,775.5
2000-02-14,270001.0,Mataveri  Isla de Pascua Ap.,-27.15889,-109.4325,1013.6166666666667
2000-02-14,290004.0,"La Florida, La Serena Ad.",-29.91444,-71.20667,997.3722222222223
2000-02-14,330020.0,"Quinta Normal, Santiago",-33.445,-70.68278,953.9200000000001
2000-02-14,330021.0,Pudahuel Santiago ,-33.37833,-70.78778,959.0375
2000-02-14,330030.0,"Santo Domingo, Ad.",-33.65611,-71.61333,1006.157142857143
2000-02-14,330031.0,"Juan Fernández, Estación Meteorológica.",-33.63583,-78.83305,1015.9399999999999
2000-02-14,340031.0,"General Freire, Curicó Ad.",-34.96944,-71.21694,987.2928571428572
2000-02-14,360011.0,"General Bernardo O'Higgins, Chillán Ad.",-36.58583,-72.03667,996.823076923077
2000-02-14,360019.0,"Carriel Sur, Concepción Ap.",-36.78055,-73.06639,1014.4730769230769
2000-02-14,380013.0,"Maquehue, Temuco Ad.",-38.76778,-72.63194,1005.275
2000-02-14,390006.0,"Pichoy, Valdivia Ad.",-39.65667,-73.08722,1014.4153846153846
2000-02-14,400009.0,"Cañal Bajo,  Osorno Ad.",-40.61444,-73.0575,1011.2071428571428
2000-02-14,410005.0,El Tepual  Puerto Montt Ap.,-41.4475,-73.09583,1010.3375
2000-02-14,430001.0,Quellón Ad.,-43.13361,-73.63278,1017.975
2000-02-14,430002.0,Futaleufú Ad.,-43.18889,-71.85222,980.2307692307693
2000-02-14,450004.0,"Teniente Vidal, Coyhaique Ad.",-45.59083,-72.10222,985.1923076923077
2000-02-14,450005.0,Balmaceda Ad.,-45.91833,-71.67778,961.0454545454545
2000-02-14,520006.0,"Carlos Ibañez, Punta Arenas Ap.",-53.00167,-70.83861,1015.7375
2000-02-14,530005.0,"Fuentes Martínez, Porvenir Ad.",-53.25361,-70.32611,1016.2083333333334
2000-02-14,550001.0,"Guardiamarina Zañartu, Pto Williams Ad.",-54.93167,-67.61556,1012.3000000000001
2000-02-14,950001.0,"C.M.A. Eduardo Frei Montalva, Antártica ",-62.19194,-58.97972,985.3125
2000-02-15,180005.0,"Chacalluta, Arica Ap.",-18.35555,-70.34028,1008.4083333333333
2000-02-15,200006.0,Diego Aracena Iquique Ap.,-20.54917,-70.18111,1008.9625
2000-02-15,220002.0,"El Loa, Calama Ad.",-22.49806,-68.8925,776.99375
2000-02-15,270001.0,Mataveri  Isla de Pascua Ap.,-27.15889,-109.4325,1013.1999999999999
2000-02-15,290004.0,"La Florida, La Serena Ad.",-29.91444,-71.20667,1000.0555555555555
2000-02-15,330020.0,"Quinta Normal, Santiago",-33.445,-70.68278,955.1200000000001
2000-02-15,330021.0,Pudahuel Santiago ,-33.37833,-70.78778,958.7625
2000-02-15,330030.0,"Santo Domingo, Ad.",-33.65611,-71.61333,1009.4857142857143
2000-02-15,330031.0,"Juan Fernández, Estación Meteorológica.",-33.63583,-78.83305,1014.0799999999999
2000-02-15,340031.0,"General Freire, Curicó Ad.",-34.96944,-71.21694,989.2384615384616
2000-02-15,360011.0,"General Bernardo O'Higgins, Chillán Ad.",-36.58583,-72.03667,998.0538461538462
2000-02-15,360019.0,"Carriel Sur, Concepción Ap.",-36.78055,-73.06639,1013.428
2000-02-15,380013.0,"Maquehue, Temuco Ad.",-38.76778,-72.63194,1001.4833333333332
2000-02-15,390006.0,"Pichoy, Valdivia Ad.",-39.65667,-73.08722,1011.0846153846154
2000-02-15,400009.0,"Cañal Bajo,  Osorno Ad.",-40.61444,-73.0575,1004.2928571428572
2000-02-15,410005.0,El Tepual  Puerto Montt Ap.,-41.4475,-73.09583,1002.5
2000-02-15,430001.0,Quellón Ad.,-43.13361,-73.63278,1008.525
2000-02-15,430002.0,Futaleufú Ad.,-43.18889,-71.85222,973.4076923076923
2000-02-15,450004.0,"Teniente Vidal, Coyhaique Ad.",-45.59083,-72.10222,977.8923076923077
2000-02-15,450005.0,Balmaceda Ad.,-45.91833,-71.67778,954.7363636363636
2000-02-15,520006.0,"Carlos Ibañez, Punta Arenas Ap.",-53.00167,-70.83861,1014.825
2000-02-15,530005.0,"Fuentes Martínez, Porvenir Ad.",-53.25361,-70.32611,1013.9416666666666
2000-02-15,550001.0,"Guardiamarina Zañartu, Pto Williams Ad.",-54.93167,-67.61556,1013.811111111111
2000-02-15,950001.0,"C.M.A. Eduardo Frei Montalva, Antártica ",-62.19194,-58.97972,994.3875
2000-02-16,180005.0,"Chacalluta, Arica Ap.",-18.35555,-70.34028,1009.2125
2000-02-16,200006.0,Diego Aracena Iquique Ap.,-20.54917,-70.18111,1009.5875
2000-02-16,220002.0,"El Loa, Calama Ad.",-22.49806,-68.8925,777.2
2000-02-16,270001.0,Mataveri  Isla de Pascua Ap.,-27.15889,-109.4325,1012.5166666666668
2000-02-16,290004.0,"La Florida, La Serena Ad.",-29.91444,-71.20667,999.4833333333333
2000-02-16,330020.0,"Quinta Normal, Santiago",-33.445,-70.68278,956.04
2000-02-16,330021.0,Pudahuel Santiago ,-33.37833,-70.78778,961.25
2000-02-16,330030.0,"Santo Domingo, Ad.",-33.65611,-71.61333,1008.7571428571429
2000-02-16,330031.0,"Juan Fernández, Estación Meteorológica.",-33.63583,-78.83305,1016.8799999999999
2000-02-16,340031.0,"General Freire, Curicó Ad.",-34.96944,-71.21694,990.3785714285714
2000-02-16,360011.0,"General Bernardo O'Higgins, Chillán Ad.",-36.58583,-72.03667,1000.2769230769231
2000-02-16,360019.0,"Carriel Sur, Concepción Ap.",-36.78055,-73.06639,1017.832
2000-02-16,380013.0,"Maquehue, Temuco Ad.",-38.76778,-72.63194,1007.9875000000001
2000-02-16,390006.0,"Pichoy, Valdivia Ad.",-39.65667,-73.08722,1016.5692307692308
2000-02-16,400009.0,"Cañal Bajo,  Osorno Ad.",-40.61444,-73.0575,1010.8285714285714
2000-02-16,410005.0,El Tepual  Puerto Montt Ap.,-41.4475,-73.09583,1008.1125
2000-02-16,430001.0,Quellón Ad.,-43.13361,-73.63278,1016.525
2000-02-16,430002.0,Futaleufú Ad.,-43.18889,-71.85222,976.7
2000-02-16,450004.0,"Teniente Vidal, Coyhaique Ad.",-45.59083,-72.10222,979.3692307692307
2000-02-16,450005.0,Balmaceda Ad.,-45.91833,-71.67778,953.3090909090909
2000-02-16,520006.0,"Carlos Ibañez, Punta Arenas Ap.",-53.00167,-70.83861,1006.15
2000-02-16,530005.0,"Fuentes Martínez, Porvenir Ad.",-53.25361,-70.32611,1004.7928571428572
2000-02-16,550001.0,"Guardiamarina Zañartu, Pto Williams Ad.",-54.93167,-67.61556,1007.7333333333333
2000-02-16,950001.0,"C.M.A. Eduardo Frei Montalva, Antártica ",-62.19194,-58.97972,993.5625
2000-02-17,180005.0,"Chacalluta, Arica Ap.",-18.35555,-70.34028,1009.2583333333333
2000-02-17,200006.0,Diego Aracena Iquique Ap.,-20.54917,-70.18111,1009.75
2000-02-17,220002.0,"El Loa, Calama Ad.",-22.49806,-68.8925,776.58125
2000-02-17,270001.0,Mataveri  Isla de Pascua Ap.,-27.15889,-109.4325,1012.4666666666667
2000-02-17,290004.0,"La Florida, La Serena Ad.",-29.91444,-71.20667,999.2722222222224
2000-02-17,330020.0,"Quinta Normal, Santiago",-33.445,-70.68278,955.72
2000-02-17,330021.0,Pudahuel Santiago ,-33.37833,-70.78778,960.5625
2000-02-17,330030.0,"Santo Domingo, Ad.",-33.65611,-71.61333,1008.5285714285714
2000-02-17,330031.0,"Juan Fernández, Estación Meteorológica.",-33.63583,-78.83305,1017.74
2000-02-17,340031.0,"General Freire, Curicó Ad.",-34.96944,-71.21694,989.9214285714286
2000-02-17,360011.0,"General Bernardo O'Higgins, Chillán Ad.",-36.58583,-72.03667,1000.1538461538462
2000-02-17,360019.0,"Carriel Sur, Concepción Ap.",-36.78055,-73.06639,1017.2833333333333
2000-02-17,380013.0,"Maquehue, Temuco Ad.",-38.76778,-72.63194,1007.8760000000001
2000-02-17,390006.0,"Pichoy, Valdivia Ad.",-39.65667,-73.08722,1015.8384615384615
2000-02-17,400009.0,"Cañal Bajo,  Osorno Ad.",-40.61444,-73.0575,1009.7357142857143
2000-02-17,410005.0,El Tepual  Puerto Montt Ap.,-41.4475,-73.09583,1006.2875
2000-02-17,430001.0,Quellón Ad.,-43.13361,-73.63278,1014.25
2000-02-17,430002.0,Futaleufú Ad.,-43.18889,-71.85222,975.3076923076923
2000-02-17,450004.0,"Teniente Vidal, Coyhaique Ad.",-45.59083,-72.10222,978.4923076923077
2000-02-17,450005.0,Balmaceda Ad.,-45.91833,-71.67778,953.1076923076923
2000-02-17,520006.0,"Carlos Ibañez, Punta Arenas Ap.",-53.00167,-70.83861,1008.0375
2000-02-17,530005.0,"Fuentes Martínez, Porvenir Ad.",-53.25361,-70.32611,1008.9250000000001
2000-02-17,550001.0,"Guardiamarina Zañartu, Pto Williams Ad.",-54.93167,-67.61556,1006.0111111111112
2000-02-17,950001.0,"C.M.A. Eduardo Frei Montalva, Antártica ",-62.19194,-58.97972,992.0875
2000-02-18,180005.0,"Chacalluta, Arica Ap.",-18.35555,-70.34028,1007.3208333333333
2000-02-18,200006.0,Diego Aracena Iquique Ap.,-20.54917,-70.18111,1007.8
2000-02-18,220002.0,"El Loa, Calama Ad.",-22.49806,-68.8925,775.3625
2000-02-18,270001.0,Mataveri  Isla de Pascua Ap.,-27.15889,-109.4325,1010.8666666666667
2000-02-18,290004.0,"La Florida, La Serena Ad.",-29.91444,-71.20667,996.8368421052633
2000-02-18,330020.0,"Quinta Normal, Santiago",-33.445,-70.68278,952.5799999999999
2000-02-18,330021.0,Pudahuel Santiago ,-33.37833,-70.78778,957.8375
2000-02-18,330030.0,"Santo Domingo, Ad.",-33.65611,-71.61333,1004.6307692307693
2000-02-18,330031.0,"Juan Fernández, Estación Meteorológica.",-33.63583,-78.83305,1016.74
2000-02-18,340031.0,"General Freire, Curicó Ad.",-34.96944,-71.21694,986.2214285714286
2000-02-18,360011.0,"General Bernardo O'Higgins, Chillán Ad.",-36.58583,-72.03667,995.4538461538461
2000-02-18,360019.0,"Carriel Sur, Concepción Ap.",-36.78055,-73.06639,1014.8166666666666
2000-02-18,380013.0,"Maquehue, Temuco Ad.",-38.76778,-72.63194,1007.5
2000-02-18,390006.0,"Pichoy, Valdivia Ad.",-39.65667,-73.08722,1016.4538461538461
2000-02-18,400009.0,"Cañal Bajo,  Osorno Ad.",-40.61444,-73.0575,1013.5
2000-02-18,410005.0,El Tepual  Puerto Montt Ap.,-41.4475,-73.09583,1011.825
2000-02-18,430001.0,Quellón Ad.,-43.13361,-73.63278,1020.825
2000-02-18,430002.0,Futaleufú Ad.,-43.18889,-71.85222,981.6384615384615
2000-02-18,450004.0,"Teniente Vidal, Coyhaique Ad.",-45.59083,-72.10222,986.7384615384616
2000-02-18,450005.0,Balmaceda Ad.,-45.91833,-71.67778,963.3545454545455
2000-02-18,520006.0,"Carlos Ibañez, Punta Arenas Ap.",-53.00167,-70.83861,1016.8375
2000-02-18,530005.0,"Fuentes Martínez, Porvenir Ad.",-53.25361,-70.32611,1018.5166666666668
2000-02-18,550001.0,"Guardiamarina Zañartu, Pto Williams Ad.",-54.93167,-67.61556,1016.9333333333333
2000-02-18,950001.0,"C.M.A. Eduardo Frei Montalva, Antártica ",-62.19194,-58.97972,988.9125
2000-02-19,180005.0,"Chacalluta, Arica Ap.",-18.35555,-70.34028,1007.9416666666666
2000-02-19,200006.0,Diego Aracena Iquique Ap.,-20.54917,-70.18111,1008.55
2000-02-19,220002.0,"El Loa, Calama Ad.",-22.49806,-68.8925,776.05
2000-02-19,270001.0,Mataveri  Isla de Pascua Ap.,-27.15889,-109.4325,1008.8666666666667
2000-02-19,290004.0,"La Florida, La Serena Ad.",-29.91444,-71.20667,998.8684210526316
2000-02-19,330020.0,"Quinta Normal, Santiago",-33.445,-70.68278,952.9
2000-02-19,330021.0,Pudahuel Santiago ,-33.37833,-70.78778,957.9375
2000-02-19,330030.0,"Santo Domingo, Ad.",-33.65611,-71.61333,1007.5357142857143
2000-02-19,330031.0,"Juan Fernández, Estación Meteorológica.",-33.63583,-78.83305,1015.7
2000-02-19,340031.0,"General Freire, Curicó Ad.",-34.96944,-71.21694,985.6076923076923
2000-02-19,360011.0,"General Bernardo O'Higgins, Chillán Ad.",-36.58583,-72.03667,995.323076923077
2000-02-19,360019.0,"Carriel Sur, Concepción Ap.",-36.78055,-73.06639,1012.0500000000001
2000-02-19,380013.0,"Maquehue, Temuco Ad.",-38.76778,-72.63194,1003.8333333333334
2000-02-19,390006.0,"Pichoy, Valdivia Ad.",-39.65667,-73.08722,1014.2923076923076
2000-02-19,400009.0,"Cañal Bajo,  Osorno Ad.",-40.61444,-73.0575,1011.3000000000001
2000-02-19,410005.0,El Tepual  Puerto Montt Ap.,-41.4475,-73.09583,1009.6625
2000-02-19,430002.0,Futaleufú Ad.,-43.18889,-71.85222,980.1307692307693
2000-02-19,450004.0,"Teniente Vidal, Coyhaique Ad.",-45.59083,-72.10222,983.4846153846154
2000-02-19,450005.0,Balmaceda Ad.,-45.91833,-71.67778,959.4363636363636
2000-02-19,520006.0,"Carlos Ibañez, Punta Arenas Ap.",-53.00167,-70.83861,1015.8625
2000-02-19,530005.0,"Fuentes Martínez, Porvenir Ad.",-53.25361,-70.32611,1014.6166666666667
2000-02-19,950001.0,"C.M.A. Eduardo Frei Montalva, Antártica ",-62.19194,-58.97972,992.225
2000-02-20,180005.0,"Chacalluta, Arica Ap.",-18.35555,-70.34028,1008.6541666666667
2000-02-20,200006.0,Diego Aracena Iquique Ap.,-20.54917,-70.18111,1008.9375
2000-02-20,220002.0,"El Loa, Calama Ad.",-22.49806,-68.8925,775.8583333333332
2000-02-20,270001.0,Mataveri  Isla de Pascua Ap.,-27.15889,-109.4325,1010.0333333333333
2000-02-20,290004.0,"La Florida, La Serena Ad.",-29.91444,-71.20667,999.1999999999999
2000-02-20,330020.0,"Quinta Normal, Santiago",-33.445,-70.68278,954.5
2000-02-20,330021.0,Pudahuel Santiago ,-33.37833,-70.78778,959.7375
2000-02-20,330030.0,"Santo Domingo, Ad.",-33.65611,-71.61333,1007.7928571428572
2000-02-20,330031.0,"Juan Fernández, Estación Meteorológica.",-33.63583,-78.83305,1016.2
2000-02-20,340031.0,"General Freire, Curicó Ad.",-34.96944,-71.21694,987.7428571428571
2000-02-20,360011.0,"General Bernardo O'Higgins, Chillán Ad.",-36.58583,-72.03667,996.4846153846155
2000-02-20,360019.0,"Carriel Sur, Concepción Ap.",-36.78055,-73.06639,1014.9916666666667
2000-02-20,380013.0,"Maquehue, Temuco Ad.",-38.76778,-72.63194,1005.0416666666666
2000-02-20,390006.0,"Pichoy, Valdivia Ad.",-39.65667,-73.08722,1014.2538461538461
2000-02-20,400009.0,"Cañal Bajo,  Osorno Ad.",-40.61444,-73.0575,1010.6357142857142
2000-02-20,410005.0,El Tepual  Puerto Montt Ap.,-41.4475,-73.09583,1008.425
2000-02-20,430002.0,Futaleufú Ad.,-43.18889,-71.85222,977.1615384615385
2000-02-20,450004.0,"Teniente Vidal, Coyhaique Ad.",-45.59083,-72.10222,979.9769230769232
2000-02-20,450005.0,Balmaceda Ad.,-45.91833,-71.67778,954.9
2000-02-20,520006.0,"Carlos Ibañez, Punta Arenas Ap.",-53.00167,-70.83861,1007.6875
2000-02-20,950001.0,"C.M.A. Eduardo Frei Montalva, Antártica ",-62.19194,-58.97972,986.4875
2000-02-21,180005.0,"Chacalluta, Arica Ap.",-18.35555,-70.34028,1007.9499999999999
2000-02-21,200006.0,Diego Aracena Iquique Ap.,-20.54917,-70.18111,1008.375
2000-02-21,220002.0,"El Loa, Calama Ad.",-22.49806,-68.8925,775.95625
2000-02-21,270001.0,Mataveri  Isla de Pascua Ap.,-27.15889,-109.4325,1012.75
2000-02-21,290004.0,"La Florida, La Serena Ad.",-29.91444,-71.20667,998.438888888889
2000-02-21,330020.0,"Quinta Normal, Santiago",-33.445,-70.68278,953.14
2000-02-21,330021.0,Pudahuel Santiago ,-33.37833,-70.78778,958.45
2000-02-21,330030.0,"Santo Domingo, Ad.",-33.65611,-71.61333,1006.8214285714286
2000-02-21,330031.0,"Juan Fernández, Estación Meteorológica.",-33.63583,-78.83305,1015.2
2000-02-21,340031.0,"General Freire, Curicó Ad.",-34.96944,-71.21694,985.8857142857142
2000-02-21,360011.0,"General Bernardo O'Higgins, Chillán Ad.",-36.58583,-72.03667,994.3
2000-02-21,360019.0,"Carriel Sur, Concepción Ap.",-36.78055,-73.06639,1012.992
2000-02-21,380013.0,"Maquehue, Temuco Ad.",-38.76778,-72.63194,1004.3583333333332
2000-02-21,390006.0,"Pichoy, Valdivia Ad.",-39.65667,-73.08722,1012.4153846153846
2000-02-21,400009.0,"Cañal Bajo,  Osorno Ad.",-40.61444,-73.0575,1009.38
2000-02-21,410005.0,El Tepual  Puerto Montt Ap.,-41.4475,-73.09583,1007.1875
2000-02-21,430001.0,Quellón Ad.,-43.13361,-73.63278,1014.625
2000-02-21,430002.0,Futaleufú Ad.,-43.18889,-71.85222,974.2
2000-02-21,450004.0,"Teniente Vidal, Coyhaique Ad.",-45.59083,-72.10222,977.7230769230769
2000-02-21,450005.0,Balmaceda Ad.,-45.91833,-71.67778,951.6636363636363
2000-02-21,520006.0,"Carlos Ibañez, Punta Arenas Ap.",-53.00167,-70.83861,1004.6
2000-02-21,530005.0,"Fuentes Martínez, Porvenir Ad.",-53.25361,-70.32611,1003.75
2000-02-21,550001.0,"Guardiamarina Zañartu, Pto Williams Ad.",-54.93167,-67.61556,1008.0222222222224
2000-02-21,950001.0,"C.M.A. Eduardo Frei Montalva, Antártica ",-62.19194,-58.97972,994.0375
2000-02-22,180005.0,"Chacalluta, Arica Ap.",-18.35555,-70.34028,1007.4791666666666
2000-02-22,200006.0,Diego Aracena Iquique Ap.,-20.54917,-70.18111,1008.2125
2000-02-22,220002.0,"El Loa, Calama Ad.",-22.49806,-68.8925,776.0875
2000-02-22,270001.0,Mataveri  Isla de Pascua Ap.,-27.15889,-109.4325,1011.25
2000-02-22,290004.0,"La Florida, La Serena Ad.",-29.91444,-71.20667,998.5888888888888
2000-02-22,330020.0,"Quinta Normal, Santiago",-33.445,-70.68278,954.6200000000001
2000-02-22,330021.0,Pudahuel Santiago ,-33.37833,-70.78778,958.9
2000-02-22,330030.0,"Santo Domingo, Ad.",-33.65611,-71.61333,1007.7142857142857
2000-02-22,330031.0,"Juan Fernández, Estación Meteorológica.",-33.63583,-78.83305,1014.68
2000-02-22,340031.0,"General Freire, Curicó Ad.",-34.96944,-71.21694,988.2785714285714
2000-02-22,360011.0,"General Bernardo O'Higgins, Chillán Ad.",-36.58583,-72.03667,996.8076923076923
2000-02-22,360019.0,"Carriel Sur, Concepción Ap.",-36.78055,-73.06639,1013.6208333333334
2000-02-22,380013.0,"Maquehue, Temuco Ad.",-38.76778,-72.63194,1004.4250000000001
2000-02-22,390006.0,"Pichoy, Valdivia Ad.",-39.65667,-73.08722,1013.4538461538461
2000-02-22,400009.0,"Cañal Bajo,  Osorno Ad.",-40.61444,-73.0575,1009.4499999999999
2000-02-22,410005.0,El Tepual  Puerto Montt Ap.,-41.4475,-73.09583,1005.8625
2000-02-22,430001.0,Quellón Ad.,-43.13361,-73.63278,1014.825
2000-02-22,430002.0,Futaleufú Ad.,-43.18889,-71.85222,973.2384615384616
2000-02-22,450004.0,"Teniente Vidal, Coyhaique Ad.",-45.59083,-72.10222,976.1615384615385
2000-02-22,450005.0,Balmaceda Ad.,-45.91833,-71.67778,949.2727272727273
2000-02-22,520006.0,"Carlos Ibañez, Punta Arenas Ap.",-53.00167,-70.83861,1001.1750000000001
2000-02-22,530005.0,"Fuentes Martínez, Porvenir Ad.",-53.25361,-70.32611,1001.6076923076923
2000-02-22,550001.0,"Guardiamarina Zañartu, Pto Williams Ad.",-54.93167,-67.61556,1002.6700000000001
2000-02-22,950001.0,"C.M.A. Eduardo Frei Montalva, Antártica ",-62.19194,-58.97972,1001.025
2000-02-23,180005.0,"Chacalluta, Arica Ap.",-18.35555,-70.34028,1007.6625
2000-02-23,200006.0,Diego Aracena Iquique Ap.,-20.54917,-70.18111,1008.0125
2000-02-23,220002.0,"El Loa, Calama Ad.",-22.49806,-68.8925,776.2
2000-02-23,270001.0,Mataveri  Isla de Pascua Ap.,-27.15889,-109.4325,1008.4333333333334
2000-02-23,290004.0,"La Florida, La Serena Ad.",-29.91444,-71.20667,998.6500000000001
2000-02-23,330020.0,"Quinta Normal, Santiago",-33.445,-70.68278,954.5799999999999
2000-02-23,330021.0,Pudahuel Santiago ,-33.37833,-70.78778,959.5
2000-02-23,330030.0,"Santo Domingo, Ad.",-33.65611,-71.61333,1007.9357142857143
2000-02-23,330031.0,"Juan Fernández, Estación Meteorológica.",-33.63583,-78.83305,1014.24
2000-02-23,340031.0,"General Freire, Curicó Ad.",-34.96944,-71.21694,988.25
2000-02-23,360011.0,"General Bernardo O'Higgins, Chillán Ad.",-36.58583,-72.03667,997.3384615384615
2000-02-23,360019.0,"Carriel Sur, Concepción Ap.",-36.78055,-73.06639,1014.9541666666668
2000-02-23,380013.0,"Maquehue, Temuco Ad.",-38.76778,-72.63194,1005.432
2000-02-23,390006.0,"Pichoy, Valdivia Ad.",-39.65667,-73.08722,1013.7076923076924
2000-02-23,400009.0,"Cañal Bajo,  Osorno Ad.",-40.61444,-73.0575,1009.4928571428571
2000-02-23,410005.0,El Tepual  Puerto Montt Ap.,-41.4475,-73.09583,1007.2125
2000-02-23,430001.0,Quellón Ad.,-43.13361,-73.63278,1014.35
2000-02-23,430002.0,Futaleufú Ad.,-43.18889,-71.85222,974.9923076923077
2000-02-23,450004.0,"Teniente Vidal, Coyhaique Ad.",-45.59083,-72.10222,978.0384615384615
2000-02-23,450005.0,Balmaceda Ad.,-45.91833,-71.67778,953.9727272727273
2000-02-23,520006.0,"Carlos Ibañez, Punta Arenas Ap.",-53.00167,-70.83861,1007.575
2000-02-23,530005.0,"Fuentes Martínez, Porvenir Ad.",-53.25361,-70.32611,1009.9166666666666
2000-02-23,550001.0,"Guardiamarina Zañartu, Pto Williams Ad.",-54.93167,-67.61556,1010.7777777777778
2000-02-23,950001.0,"C.M.A. Eduardo Frei Montalva, Antártica ",-62.19194,-58.97972,1006.7625
2000-02-24,180005.0,"Chacalluta, Arica Ap.",-18.35555,-70.34028,1007.4416666666666
2000-02-24,200006.0,Diego Aracena Iquique Ap.,-20.54917,-70.18111,1007.6125
2000-02-24,220002.0,"El Loa, Calama Ad.",-22.49806,-68.8925,775.85625
2000-02-24,270001.0,Mataveri  Isla de Pascua Ap.,-27.15889,-109.4325,1009.2333333333332
2000-02-24,290004.0,"La Florida, La Serena Ad.",-29.91444,-71.20667,998.3888888888889
2000-02-24,330020.0,"Quinta Normal, Santiago",-33.445,-70.68278,954.0600000000001
2000-02-24,330021.0,Pudahuel Santiago ,-33.37833,-70.78778,959.175
2000-02-24,330030.0,"Santo Domingo, Ad.",-33.65611,-71.61333,1007.0857142857143
2000-02-24,330031.0,"Juan Fernández, Estación Meteorológica.",-33.63583,-78.83305,1013.32
2000-02-24,340031.0,"General Freire, Curicó Ad.",-34.96944,-71.21694,987.6285714285714
2000-02-24,360011.0,"General Bernardo O'Higgins, Chillán Ad.",-36.58583,-72.03667,997.5230769230768
2000-02-24,360019.0,"Carriel Sur, Concepción Ap.",-36.78055,-73.06639,1015.0166666666668
2000-02-24,380013.0,"Maquehue, Temuco Ad.",-38.76778,-72.63194,1005.2208333333333
2000-02-24,390006.0,"Pichoy, Valdivia Ad.",-39.65667,-73.08722,1013.3461538461538
2000-02-24,400009.0,"Cañal Bajo,  Osorno Ad.",-40.61444,-73.0575,1007.7
2000-02-24,410005.0,El Tepual  Puerto Montt Ap.,-41.4475,-73.09583,1004.1
2000-02-24,430001.0,Quellón Ad.,-43.13361,-73.63278,1009.025
2000-02-24,430002.0,Futaleufú Ad.,-43.18889,-71.85222,969.9000000000001
2000-02-24,450004.0,"Teniente Vidal, Coyhaique Ad.",-45.59083,-72.10222,970.5230769230768
2000-02-24,450005.0,Balmaceda Ad.,-45.91833,-71.67778,945.2363636363636
2000-02-24,520006.0,"Carlos Ibañez, Punta Arenas Ap.",-53.00167,-70.83861,1001.7
2000-02-24,530005.0,"Fuentes Martínez, Porvenir Ad.",-53.25361,-70.32611,999.3083333333334
2000-02-24,550001.0,"Guardiamarina Zañartu, Pto Williams Ad.",-54.93167,-67.61556,1007.25
2000-02-24,950001.0,"C.M.A. Eduardo Frei Montalva, Antártica ",-62.19194,-58.97972,1004.9375
2000-02-25,180005.0,"Chacalluta, Arica Ap.",-18.35555,-70.34028,1006.2791666666667
2000-02-25,200006.0,Diego Aracena Iquique Ap.,-20.54917,-70.18111,1006.3625
2000-02-25,220002.0,"El Loa, Calama Ad.",-22.49806,-68.8925,774.9666666666667
2000-02-25,270001.0,Mataveri  Isla de Pascua Ap.,-27.15889,-109.4325,1009.7666666666668
2000-02-25,290004.0,"La Florida, La Serena Ad.",-29.91444,-71.20667,996.2388888888888
2000-02-25,330020.0,"Quinta Normal, Santiago",-33.445,-70.68278,952.36
2000-02-25,330021.0,Pudahuel Santiago ,-33.37833,-70.78778,957.4625
2000-02-25,330030.0,"Santo Domingo, Ad.",-33.65611,-71.61333,1005.0142857142857
2000-02-25,330031.0,"Juan Fernández, Estación Meteorológica.",-33.63583,-78.83305,1012.1600000000001
2000-02-25,340031.0,"General Freire, Curicó Ad.",-34.96944,-71.21694,985.0076923076923
2000-02-25,360011.0,"General Bernardo O'Higgins, Chillán Ad.",-36.58583,-72.03667,995.6000000000001
2000-02-25,360019.0,"Carriel Sur, Concepción Ap.",-36.78055,-73.06639,1013.2458333333334
2000-02-25,380013.0,"Maquehue, Temuco Ad.",-38.76778,-72.63194,1003.324
2000-02-25,390006.0,"Pichoy, Valdivia Ad.",-39.65667,-73.08722,1010.8615384615385
2000-02-25,400009.0,"Cañal Bajo,  Osorno Ad.",-40.61444,-73.0575,1005.3285714285714
2000-02-25,410005.0,El Tepual  Puerto Montt Ap.,-41.4475,-73.09583,1002.25
2000-02-25,430001.0,Quellón Ad.,-43.13361,-73.63278,1007.175
2000-02-25,430002.0,Futaleufú Ad.,-43.18889,-71.85222,969.2153846153846
2000-02-25,450004.0,"Teniente Vidal, Coyhaique Ad.",-45.59083,-72.10222,971.3307692307692
2000-02-25,450005.0,Balmaceda Ad.,-45.91833,-71.67778,946.3090909090909
2000-02-25,520006.0,"Carlos Ibañez, Punta Arenas Ap.",-53.00167,-70.83861,995.3
2000-02-25,530005.0,"Fuentes Martínez, Porvenir Ad.",-53.25361,-70.32611,995.1916666666666
2000-02-25,550001.0,"Guardiamarina Zañartu, Pto Williams Ad.",-54.93167,-67.61556,997.1777777777778
2000-02-25,950001.0,"C.M.A. Eduardo Frei Montalva, Antártica ",-62.19194,-58.97972,1000.0
2000-02-26,180005.0,"Chacalluta, Arica Ap.",-18.35555,-70.34028,1008.4041666666667
2000-02-26,200006.0,Diego Aracena Iquique Ap.,-20.54917,-70.18111,1008.675
2000-02-26,220002.0,"El Loa, Calama Ad.",-22.49806,-68.8925,776.25625
2000-02-26,270001.0,Mataveri  Isla de Pascua Ap.,-27.15889,-109.4325,1011.7333333333332
2000-02-26,290004.0,"La Florida, La Serena Ad.",-29.91444,-71.20667,999.5111111111112
2000-02-26,330020.0,"Quinta Normal, Santiago",-33.445,-70.68278,955.1
2000-02-26,330021.0,Pudahuel Santiago ,-33.37833,-70.78778,959.6125
2000-02-26,330030.0,"Santo Domingo, Ad.",-33.65611,-71.61333,1008.7071428571428
2000-02-26,330031.0,"Juan Fernández, Estación Meteorológica.",-33.63583,-78.83305,1013.775
2000-02-26,340031.0,"General Freire, Curicó Ad.",-34.96944,-71.21694,989.0
2000-02-26,360011.0,"General Bernardo O'Higgins, Chillán Ad.",-36.58583,-72.03667,997.8307692307692
2000-02-26,360019.0,"Carriel Sur, Concepción Ap.",-36.78055,-73.06639,1013.88
2000-02-26,380013.0,"Maquehue, Temuco Ad.",-38.76778,-72.63194,1003.3249999999999
2000-02-26,390006.0,"Pichoy, Valdivia Ad.",-39.65667,-73.08722,1011.2153846153846
2000-02-26,400009.0,"Cañal Bajo,  Osorno Ad.",-40.61444,-73.0575,1005.0285714285714
2000-02-26,410005.0,El Tepual  Puerto Montt Ap.,-41.4475,-73.09583,1001.1125
2000-02-26,430001.0,Quellón Ad.,-43.13361,-73.63278,
2000-02-26,430002.0,Futaleufú Ad.,-43.18889,-71.85222,969.3
2000-02-26,450004.0,"Teniente Vidal, Coyhaique Ad.",-45.59083,-72.10222,971.5
2000-02-26,450005.0,Balmaceda Ad.,-45.91833,-71.67778,946.6090909090909
2000-02-26,520006.0,"Carlos Ibañez, Punta Arenas Ap.",-53.00167,-70.83861,1002.375
2000-02-26,530005.0,"Fuentes Martínez, Porvenir Ad.",-53.25361,-70.32611,1003.8666666666667
2000-02-26,950001.0,"C.M.A. Eduardo Frei Montalva, Antártica ",-62.19194,-58.97972,1001.7125
2000-02-27,180005.0,"Chacalluta, Arica Ap.",-18.35555,-70.34028,1008.8583333333332
2000-02-27,200006.0,Diego Aracena Iquique Ap.,-20.54917,-70.18111,1009.1625
2000-02-27,220002.0,"El Loa, Calama Ad.",-22.49806,-68.8925,776.8916666666668
2000-02-27,270001.0,Mataveri  Isla de Pascua Ap.,-27.15889,-109.4325,1014.5833333333334
2000-02-27,290004.0,"La Florida, La Serena Ad.",-29.91444,-71.20667,999.9833333333333
2000-02-27,330020.0,"Quinta Normal, Santiago",-33.445,-70.68278,956.78
2000-02-27,330021.0,Pudahuel Santiago ,-33.37833,-70.78778,965.0375
2000-02-27,330030.0,"Santo Domingo, Ad.",-33.65611,-71.61333,1012.907142857143
2000-02-27,330031.0,"Juan Fernández, Estación Meteorológica.",-33.63583,-78.83305,1021.025
2000-02-27,340031.0,"General Freire, Curicó Ad.",-34.96944,-71.21694,995.1538461538462
2000-02-27,360011.0,"General Bernardo O'Higgins, Chillán Ad.",-36.58583,-72.03667,1005.6307692307693
2000-02-27,360019.0,"Carriel Sur, Concepción Ap.",-36.78055,-73.06639,1020.4416666666666
2000-02-27,380013.0,"Maquehue, Temuco Ad.",-38.76778,-72.63194,1009.0041666666666
2000-02-27,390006.0,"Pichoy, Valdivia Ad.",-39.65667,-73.08722,1018.6076923076923
2000-02-27,400009.0,"Cañal Bajo,  Osorno Ad.",-40.61444,-73.0575,1012.8071428571428
2000-02-27,410005.0,El Tepual  Puerto Montt Ap.,-41.4475,-73.09583,1006.45
2000-02-27,430002.0,Futaleufú Ad.,-43.18889,-71.85222,974.6615384615385
2000-02-27,450004.0,"Teniente Vidal, Coyhaique Ad.",-45.59083,-72.10222,976.5999999999999
2000-02-27,450005.0,Balmaceda Ad.,-45.91833,-71.67778,950.5363636363636
2000-02-27,520006.0,"Carlos Ibañez, Punta Arenas Ap.",-53.00167,-70.83861,1005.3625
2000-02-27,950001.0,"C.M.A. Eduardo Frei Montalva, Antártica ",-62.19194,-58.97972,994.3
2000-02-28,180005.0,"Chacalluta, Arica Ap.",-18.35555,-70.34028,1007.6083333333332
2000-02-28,200006.0,Diego Aracena Iquique Ap.,-20.54917,-70.18111,1007.9625
2000-02-28,220002.0,"El Loa, Calama Ad.",-22.49806,-68.8925,775.88125
2000-02-28,270001.0,Mataveri  Isla de Pascua Ap.,-27.15889,-109.4325,1014.6333333333333
2000-02-28,290004.0,"La Florida, La Serena Ad.",-29.91444,-71.20667,996.6842105263158
2000-02-28,330020.0,"Quinta Normal, Santiago",-33.445,-70.68278,953.5600000000001
2000-02-28,330021.0,Pudahuel Santiago ,-33.37833,-70.78778,960.725
2000-02-28,330030.0,"Santo Domingo, Ad.",-33.65611,-71.61333,1006.6285714285714
2000-02-28,330031.0,"Juan Fernández, Estación Meteorológica.",-33.63583,-78.83305,1019.26
2000-02-28,340031.0,"General Freire, Curicó Ad.",-34.96944,-71.21694,989.6214285714286
2000-02-28,360011.0,"General Bernardo O'Higgins, Chillán Ad.",-36.58583,-72.03667,1000.5076923076923
2000-02-28,360019.0,"Carriel Sur, Concepción Ap.",-36.78055,-73.06639,1019.4291666666667
2000-02-28,380013.0,"Maquehue, Temuco Ad.",-38.76778,-72.63194,1011.2760000000001
2000-02-28,390006.0,"Pichoy, Valdivia Ad.",-39.65667,-73.08722,1019.1692307692308
2000-02-28,400009.0,"Cañal Bajo,  Osorno Ad.",-40.61444,-73.0575,1014.4466666666667
2000-02-28,410005.0,El Tepual  Puerto Montt Ap.,-41.4475,-73.09583,1011.65
2000-02-28,430001.0,Quellón Ad.,-43.13361,-73.63278,1018.1
2000-02-28,430002.0,Futaleufú Ad.,-43.18889,-71.85222,976.7384615384616
2000-02-28,450004.0,"Teniente Vidal, Coyhaique Ad.",-45.59083,-72.10222,978.0230769230768
2000-02-28,450005.0,Balmaceda Ad.,-45.91833,-71.67778,949.876923076923
2000-02-28,520006.0,"Carlos Ibañez, Punta Arenas Ap.",-53.00167,-70.83861,998.4
2000-02-28,530005.0,"Fuentes Martínez, Porvenir Ad.",-53.25361,-70.32611,998.85
2000-02-28,550001.0,"Guardiamarina Zañartu, Pto Williams Ad.",-54.93167,-67.61556,995.8222222222222
2000-02-28,950001.0,"C.M.A. Eduardo Frei Montalva, Antártica ",-62.19194,-58.97972,980.3375
2000-02-29,180005.0,"Chacalluta, Arica Ap.",-18.35555,-70.34028,1007.3333333333334
2000-02-29,200006.0,Diego Aracena Iquique Ap.,-20.54917,-70.18111,1007.925
2000-02-29,220002.0,"El Loa, Calama Ad.",-22.49806,-68.8925,775.61875
2000-02-29,270001.0,Mataveri  Isla de Pascua Ap.,-27.15889,-109.4325,1013.6666666666666
2000-02-29,290004.0,"La Florida, La Serena Ad.",-29.91444,-71.20667,999.5222222222224
2000-02-29,330020.0,"Quinta Normal, Santiago",-33.445,-70.68278,953.86
2000-02-29,330021.0,Pudahuel Santiago ,-33.37833,-70.78778,958.425
2000-02-29,330030.0,"Santo Domingo, Ad.",-33.65611,-71.61333,1007.1285714285715
2000-02-29,330031.0,"Juan Fernández, Estación Meteorológica.",-33.63583,-78.83305,1017.1600000000001
2000-02-29,340031.0,"General Freire, Curicó Ad.",-34.96944,-71.21694,987.5461538461539
2000-02-29,360011.0,"General Bernardo O'Higgins, Chillán Ad.",-36.58583,-72.03667,997.9153846153846
2000-02-29,360019.0,"Carriel Sur, Concepción Ap.",-36.78055,-73.06639,1015.3583333333332
2000-02-29,380013.0,"Maquehue, Temuco Ad.",-38.76778,-72.63194,1007.275
2000-02-29,390006.0,"Pichoy, Valdivia Ad.",-39.65667,-73.08722,1016.2230769230769
2000-02-29,400009.0,"Cañal Bajo,  Osorno Ad.",-40.61444,-73.0575,1012.18125
2000-02-29,410005.0,El Tepual  Puerto Montt Ap.,-41.4475,-73.09583,1009.9375
2000-02-29,430001.0,Quellón Ad.,-43.13361,-73.63278,1017.8
2000-02-29,430002.0,Futaleufú Ad.,-43.18889,-71.85222,977.3538461538462
2000-02-29,450004.0,"Teniente Vidal, Coyhaique Ad.",-45.59083,-72.10222,980.0461538461539
2000-02-29,450005.0,Balmaceda Ad.,-45.91833,-71.67778,953.2818181818183
2000-02-29,520006.0,"Carlos Ibañez, Punta Arenas Ap.",-53.00167,-70.83861,1000.85
2000-02-29,530005.0,"Fuentes Martínez, Porvenir Ad.",-53.25361,-70.32611,1001.1333333333333
2000-02-29,550001.0,"Guardiamarina Zañartu, Pto Williams Ad.",-54.93167,-67.61556,998.4
2000-02-29,950001.0,"C.M.A. Eduardo Frei Montalva, Antártica ",-62.19194,-58.97972,978.6625
2000-03-01,180005.0,"Chacalluta, Arica Ap.",-18.35555,-70.34028,1008.2958333333332
2000-03-01,200006.0,Diego Aracena Iquique Ap.,-20.54917,-70.18111,1008.9375
2000-03-01,220002.0,"El Loa, Calama Ad.",-22.49806,-68.8925,776.5529411764705
2000-03-01,270001.0,Mataveri  Isla de Pascua Ap.,-27.15889,-109.4325,1014.3000000000001
2000-03-01,290004.0,"La Florida, La Serena Ad.",-29.91444,-71.20667,999.4944444444445
2000-03-01,330020.0,"Quinta Normal, Santiago",-33.445,-70.68278,955.72
2000-03-01,330021.0,Pudahuel Santiago ,-33.37833,-70.78778,960.5625
2000-03-01,330030.0,"Santo Domingo, Ad.",-33.65611,-71.61333,1009.0357142857143
2000-03-01,330031.0,"Juan Fernández, Estación Meteorológica.",-33.63583,-78.83305,1017.8
2000-03-01,340031.0,"General Freire, Curicó Ad.",-34.96944,-71.21694,989.7928571428572
2000-03-01,360011.0,"General Bernardo O'Higgins, Chillán Ad.",-36.58583,-72.03667,999.2846153846154
2000-03-01,360019.0,"Carriel Sur, Concepción Ap.",-36.78055,-73.06639,1016.5875
2000-03-01,380013.0,"Maquehue, Temuco Ad.",-38.76778,-72.63194,1007.7666666666668
2000-03-01,390006.0,"Pichoy, Valdivia Ad.",-39.65667,-73.08722,1017.1923076923077
2000-03-01,400009.0,"Cañal Bajo,  Osorno Ad.",-40.61444,-73.0575,1012.8142857142857
2000-03-01,410005.0,El Tepual  Puerto Montt Ap.,-41.4475,-73.09583,1010.0375
2000-03-01,430001.0,Quellón Ad.,-43.13361,-73.63278,1018.15
2000-03-01,430002.0,Futaleufú Ad.,-43.18889,-71.85222,977.8
2000-03-01,450004.0,"Teniente Vidal, Coyhaique Ad.",-45.59083,-72.10222,981.9076923076923
2000-03-01,450005.0,Balmaceda Ad.,-45.91833,-71.67778,956.6090909090909
2000-03-01,520006.0,"Carlos Ibañez, Punta Arenas Ap.",-53.00167,-70.83861,1007.475
2000-03-01,530005.0,"Fuentes Martínez, Porvenir Ad.",-53.25361,-70.32611,1009.9
2000-03-01,550001.0,"Guardiamarina Zañartu, Pto Williams Ad.",-54.93167,-67.61556,1006.9272727272728
2000-03-01,950001.0,"C.M.A. Eduardo Frei Montalva, Antártica ",-62.19194,-58.97972,984.7125
2000-03-02,180005.0,"Chacalluta, Arica Ap.",-18.35555,-70.34028,1008.0458333333332
2000-03-02,200006.0,Diego Aracena Iquique Ap.,-20.54917,-70.18111,1008.4875
2000-03-02,220002.0,"El Loa, Calama Ad.",-22.49806,-68.8925,776.035294117647
2000-03-02,270001.0,Mataveri  Isla de Pascua Ap.,-27.15889,-109.4325,1014.8666666666667
2000-03-02,290004.0,"La Florida, La Serena Ad.",-29.91444,-71.20667,998.9421052631579
2000-03-02,330020.0,"Quinta Normal, Santiago",-33.445,-70.68278,954.0799999999999
2000-03-02,330021.0,Pudahuel Santiago ,-33.37833,-70.78778,959.225
2000-03-02,330030.0,"Santo Domingo, Ad.",-33.65611,-71.61333,1007.7142857142857
2000-03-02,330031.0,"Juan Fernández, Estación Meteorológica.",-33.63583,-78.83305,1016.4200000000001
2000-03-02,340031.0,"General Freire, Curicó Ad.",-34.96944,-71.21694,987.5230769230768
2000-03-02,360011.0,"General Bernardo O'Higgins, Chillán Ad.",-36.58583,-72.03667,997.8153846153847
2000-03-02,360019.0,"Carriel Sur, Concepción Ap.",-36.78055,-73.06639,1015.3333333333334
2000-03-02,380013.0,"Maquehue, Temuco Ad.",-38.76778,-72.63194,1006.6125000000001
2000-03-02,390006.0,"Pichoy, Valdivia Ad.",-39.65667,-73.08722,1014.8846153846154
2000-03-02,400009.0,"Cañal Bajo,  Osorno Ad.",-40.61444,-73.0575,1010.1866666666666
2000-03-02,410005.0,El Tepual  Puerto Montt Ap.,-41.4475,-73.09583,1007.8625
2000-03-02,430001.0,Quellón Ad.,-43.13361,-73.63278,1014.525
2000-03-02,430002.0,Futaleufú Ad.,-43.18889,-71.85222,970.7923076923076
2000-03-02,450004.0,"Teniente Vidal, Coyhaique Ad.",-45.59083,-72.10222,977.2615384615384
2000-03-02,450005.0,Balmaceda Ad.,-45.91833,-71.67778,951.0909090909091
2000-03-02,520006.0,"Carlos Ibañez, Punta Arenas Ap.",-53.00167,-70.83861,1005.1875
2000-03-02,530005.0,"Fuentes Martínez, Porvenir Ad.",-53.25361,-70.32611,1004.1166666666667
2000-03-02,550001.0,"Guardiamarina Zañartu, Pto Williams Ad.",-54.93167,-67.61556,1004.2625
2000-03-02,950001.0,"C.M.A. Eduardo Frei Montalva, Antártica ",-62.19194,-58.97972,992.0375
2000-03-03,180005.0,"Chacalluta, Arica Ap.",-18.35555,-70.34028,1006.3416666666667
2000-03-03,200006.0,Diego Aracena Iquique Ap.,-20.54917,-70.18111,1006.9125
2000-03-03,220002.0,"El Loa, Calama Ad.",-22.49806,-68.8925,775.075
2000-03-03,270001.0,Mataveri  Isla de Pascua Ap.,-27.15889,-109.4325,1015.0
2000-03-03,290004.0,"La Florida, La Serena Ad.",-29.91444,-71.20667,996.7052631578948
2000-03-03,330020.0,"Quinta Normal, Santiago",-33.445,-70.68278,952.8799999999999
2000-03-03,330021.0,Pudahuel Santiago ,-33.37833,-70.78778,958.2125
2000-03-03,330030.0,"Santo Domingo, Ad.",-33.65611,-71.61333,1005.3214285714286
2000-03-03,330031.0,"Juan Fernández, Estación Meteorológica.",-33.63583,-78.83305,1015.78
2000-03-03,340031.0,"General Freire, Curicó Ad.",-34.96944,-71.21694,986.7692307692307
2000-03-03,360011.0,"General Bernardo O'Higgins, Chillán Ad.",-36.58583,-72.03667,997.0769230769231
2000-03-03,360019.0,"Carriel Sur, Concepción Ap.",-36.78055,-73.06639,1014.9666666666667
2000-03-03,380013.0,"Maquehue, Temuco Ad.",-38.76778,-72.63194,1007.684
2000-03-03,390006.0,"Pichoy, Valdivia Ad.",-39.65667,-73.08722,1016.4923076923077
2000-03-03,400009.0,"Cañal Bajo,  Osorno Ad.",-40.61444,-73.0575,1011.8714285714286
2000-03-03,410005.0,El Tepual  Puerto Montt Ap.,-41.4475,-73.09583,1008.6375
2000-03-03,430001.0,Quellón Ad.,-43.13361,-73.63278,1016.2
2000-03-03,430002.0,Futaleufú Ad.,-43.18889,-71.85222,976.0076923076923
2000-03-03,450004.0,"Teniente Vidal, Coyhaique Ad.",-45.59083,-72.10222,977.7307692307693
2000-03-03,450005.0,Balmaceda Ad.,-45.91833,-71.67778,950.6090909090909
2000-03-03,520006.0,"Carlos Ibañez, Punta Arenas Ap.",-53.00167,-70.83861,1002.5
2000-03-03,530005.0,"Fuentes Martínez, Porvenir Ad.",-53.25361,-70.32611,1004.3833333333333
2000-03-03,550001.0,"Guardiamarina Zañartu, Pto Williams Ad.",-54.93167,-67.61556,1005.311111111111
2000-03-03,950001.0,"C.M.A. Eduardo Frei Montalva, Antártica ",-62.19194,-58.97972,994.0375
2000-03-04,180005.0,"Chacalluta, Arica Ap.",-18.35555,-70.34028,1007.4666666666667
2000-03-04,200006.0,Diego Aracena Iquique Ap.,-20.54917,-70.18111,1008.0875
2000-03-04,220002.0,"El Loa, Calama Ad.",-22.49806,-68.8925,775.26875
2000-03-04,270001.0,Mataveri  Isla de Pascua Ap.,-27.15889,-109.4325,1014.25
2000-03-04,290004.0,"La Florida, La Serena Ad.",-29.91444,-71.20667,998.6777777777778
2000-03-04,330020.0,"Quinta Normal, Santiago",-33.445,-70.68278,952.96
2000-03-04,330021.0,Pudahuel Santiago ,-33.37833,-70.78778,957.675
2000-03-04,330030.0,"Santo Domingo, Ad.",-33.65611,-71.61333,1006.6999999999999
2000-03-04,330031.0,"Juan Fernández, Estación Meteorológica.",-33.63583,-78.83305,1016.05
2000-03-04,340031.0,"General Freire, Curicó Ad.",-34.96944,-71.21694,987.1846153846153
2000-03-04,360011.0,"General Bernardo O'Higgins, Chillán Ad.",-36.58583,-72.03667,997.176923076923
2000-03-04,360019.0,"Carriel Sur, Concepción Ap.",-36.78055,-73.06639,1014.2592592592592
2000-03-04,380013.0,"Maquehue, Temuco Ad.",-38.76778,-72.63194,1006.232
2000-03-04,390006.0,"Pichoy, Valdivia Ad.",-39.65667,-73.08722,1015.5307692307692
2000-03-04,400009.0,"Cañal Bajo,  Osorno Ad.",-40.61444,-73.0575,1011.5
2000-03-04,410005.0,El Tepual  Puerto Montt Ap.,-41.4475,-73.09583,1008.9375
2000-03-04,430001.0,Quellón Ad.,-43.13361,-73.63278,
2000-03-04,430002.0,Futaleufú Ad.,-43.18889,-71.85222,976.7384615384616
2000-03-04,450004.0,"Teniente Vidal, Coyhaique Ad.",-45.59083,-72.10222,978.9153846153846
2000-03-04,450005.0,Balmaceda Ad.,-45.91833,-71.67778,951.7545454545453
2000-03-04,520006.0,"Carlos Ibañez, Punta Arenas Ap.",-53.00167,-70.83861,1001.3875
2000-03-04,530005.0,"Fuentes Martínez, Porvenir Ad.",-53.25361,-70.32611,997.85
2000-03-04,950001.0,"C.M.A. Eduardo Frei Montalva, Antártica ",-62.19194,-58.97972,1000.1625
2000-03-05,180005.0,"Chacalluta, Arica Ap.",-18.35555,-70.34028,1007.1333333333333
2000-03-05,200006.0,Diego Aracena Iquique Ap.,-20.54917,-70.18111,1007.5
2000-03-05,220002.0,"El Loa, Calama Ad.",-22.49806,-68.8925,775.5
2000-03-05,270001.0,Mataveri  Isla de Pascua Ap.,-27.15889,-109.4325,1012.6833333333334
2000-03-05,290004.0,"La Florida, La Serena Ad.",-29.91444,-71.20667,997.6444444444444
2000-03-05,330020.0,"Quinta Normal, Santiago",-33.445,-70.68278,953.18
2000-03-05,330021.0,Pudahuel Santiago ,-33.37833,-70.78778,958.6625
2000-03-05,330030.0,"Santo Domingo, Ad.",-33.65611,-71.61333,1004.9928571428571
2000-03-05,330031.0,"Juan Fernández, Estación Meteorológica.",-33.63583,-78.83305,1017.175
2000-03-05,340031.0,"General Freire, Curicó Ad.",-34.96944,-71.21694,987.2428571428571
2000-03-05,360011.0,"General Bernardo O'Higgins, Chillán Ad.",-36.58583,-72.03667,997.4538461538461
2000-03-05,360019.0,"Carriel Sur, Concepción Ap.",-36.78055,-73.06639,1015.7833333333333
2000-03-05,380013.0,"Maquehue, Temuco Ad.",-38.76778,-72.63194,1008.6239999999999
2000-03-05,390006.0,"Pichoy, Valdivia Ad.",-39.65667,-73.08722,1015.8307692307692
2000-03-05,400009.0,"Cañal Bajo,  Osorno Ad.",-40.61444,-73.0575,1013.7800000000001
2000-03-05,410005.0,El Tepual  Puerto Montt Ap.,-41.4475,-73.09583,1011.5
2000-03-05,430002.0,Futaleufú Ad.,-43.18889,-71.85222,980.5692307692308
2000-03-05,450004.0,"Teniente Vidal, Coyhaique Ad.",-45.59083,-72.10222,983.6923076923077
2000-03-05,450005.0,Balmaceda Ad.,-45.91833,-71.67778,957.9636363636364
2000-03-05,520006.0,"Carlos Ibañez, Punta Arenas Ap.",-53.00167,-70.83861,1003.45
2000-03-05,950001.0,"C.M.A. Eduardo Frei Montalva, Antártica ",-62.19194,-58.97972,996.3
2000-03-06,180005.0,"Chacalluta, Arica Ap.",-18.35555,-70.34028,1008.025
2000-03-06,200006.0,Diego Aracena Iquique Ap.,-20.54917,-70.18111,1008.5875
2000-03-06,220002.0,"El Loa, Calama Ad.",-22.49806,-68.8925,776.7176470588236
2000-03-06,270001.0,Mataveri  Isla de Pascua Ap.,-27.15889,-109.4325,1011.4
2000-03-06,290004.0,"La Florida, La Serena Ad.",-29.91444,-71.20667,998.8947368421053
2000-03-06,330020.0,"Quinta Normal, Santiago",-33.445,-70.68278,953.5799999999999
2000-03-06,330021.0,Pudahuel Santiago ,-33.37833,-70.78778,958.5125
2000-03-06,330030.0,"Santo Domingo, Ad.",-33.65611,-71.61333,1007.5071428571429
2000-03-06,330031.0,"Juan Fernández, Estación Meteorológica.",-33.63583,-78.83305,1016.7
2000-03-06,340031.0,"General Freire, Curicó Ad.",-34.96944,-71.21694,986.9538461538461
2000-03-06,360011.0,"General Bernardo O'Higgins, Chillán Ad.",-36.58583,-72.03667,996.6615384615385
2000-03-06,360019.0,"Carriel Sur, Concepción Ap.",-36.78055,-73.06639,1014.062962962963
2000-03-06,380013.0,"Maquehue, Temuco Ad.",-38.76778,-72.63194,1005.1541666666667
2000-03-06,390006.0,"Pichoy, Valdivia Ad.",-39.65667,-73.08722,1014.176923076923
2000-03-06,400009.0,"Cañal Bajo,  Osorno Ad.",-40.61444,-73.0575,1010.4928571428571
2000-03-06,410005.0,El Tepual  Puerto Montt Ap.,-41.4475,-73.09583,1008.6625
2000-03-06,430001.0,Quellón Ad.,-43.13361,-73.63278,1016.55
2000-03-06,430002.0,Futaleufú Ad.,-43.18889,-71.85222,978.0999999999999
2000-03-06,450004.0,"Teniente Vidal, Coyhaique Ad.",-45.59083,-72.10222,982.0153846153846
2000-03-06,450005.0,Balmaceda Ad.,-45.91833,-71.67778,956.6909090909091
2000-03-06,520006.0,"Carlos Ibañez, Punta Arenas Ap.",-53.00167,-70.83861,1003.5375
2000-03-06,530005.0,"Fuentes Martínez, Porvenir Ad.",-53.25361,-70.32611,997.35
2000-03-06,550001.0,"Guardiamarina Zañartu, Pto Williams Ad.",-54.93167,-67.61556,1001.3875
2000-03-06,950001.0,"C.M.A. Eduardo Frei Montalva, Antártica ",-62.19194,-58.97972,987.825
2000-03-07,180005.0,"Chacalluta, Arica Ap.",-18.35555,-70.34028,1007.8291666666668
2000-03-07,200006.0,Diego Aracena Iquique Ap.,-20.54917,-70.18111,1008.1875
2000-03-07,220002.0,"El Loa, Calama Ad.",-22.49806,-68.8925,775.9625
2000-03-07,270001.0,Mataveri  Isla de Pascua Ap.,-27.15889,-109.4325,1011.6999999999999
2000-03-07,290004.0,"La Florida, La Serena Ad.",-29.91444,-71.20667,998.0333333333333
2000-03-07,330020.0,"Quinta Normal, Santiago",-33.445,-70.68278,953.6200000000001
2000-03-07,330021.0,Pudahuel Santiago ,-33.37833,-70.78778,959.05
2000-03-07,330030.0,"Santo Domingo, Ad.",-33.65611,-71.61333,1007.4142857142857
2000-03-07,330031.0,"Juan Fernández, Estación Meteorológica.",-33.63583,-78.83305,1016.2
2000-03-07,340031.0,"General Freire, Curicó Ad.",-34.96944,-71.21694,986.8357142857143
2000-03-07,360011.0,"General Bernardo O'Higgins, Chillán Ad.",-36.58583,-72.03667,996.1076923076923
2000-03-07,360019.0,"Carriel Sur, Concepción Ap.",-36.78055,-73.06639,1014.0076923076923
2000-03-07,380013.0,"Maquehue, Temuco Ad.",-38.76778,-72.63194,1004.8760000000001
2000-03-07,390006.0,"Pichoy, Valdivia Ad.",-39.65667,-73.08722,1013.3153846153847
2000-03-07,400009.0,"Cañal Bajo,  Osorno Ad.",-40.61444,-73.0575,1010.0357142857143
2000-03-07,410005.0,El Tepual  Puerto Montt Ap.,-41.4475,-73.09583,1007.55
2000-03-07,430001.0,Quellón Ad.,-43.13361,-73.63278,1015.85
2000-03-07,430002.0,Futaleufú Ad.,-43.18889,-71.85222,975.9000000000001
2000-03-07,450004.0,"Teniente Vidal, Coyhaique Ad.",-45.59083,-72.10222,980.7416666666667
2000-03-07,450005.0,Balmaceda Ad.,-45.91833,-71.67778,955.7727272727273
2000-03-07,520006.0,"Carlos Ibañez, Punta Arenas Ap.",-53.00167,-70.83861,1000.9375
2000-03-07,530005.0,"Fuentes Martínez, Porvenir Ad.",-53.25361,-70.32611,994.2583333333333
2000-03-07,550001.0,"Guardiamarina Zañartu, Pto Williams Ad.",-54.93167,-67.61556,996.7142857142857
2000-03-07,950001.0,"C.M.A. Eduardo Frei Montalva, Antártica ",-62.19194,-58.97972,983.5
2000-03-08,180005.0,"Chacalluta, Arica Ap.",-18.35555,-70.34028,1007.0958333333333
2000-03-08,200006.0,Diego Aracena Iquique Ap.,-20.54917,-70.18111,1007.4875
2000-03-08,220002.0,"El Loa, Calama Ad.",-22.49806,-68.8925,775.96875
2000-03-08,270001.0,Mataveri  Isla de Pascua Ap.,-27.15889,-109.4325,1012.5666666666666
2000-03-08,290004.0,"La Florida, La Serena Ad.",-29.91444,-71.20667,998.3055555555555
2000-03-08,330020.0,"Quinta Normal, Santiago",-33.445,-70.68278,953.18
2000-03-08,330021.0,Pudahuel Santiago ,-33.37833,-70.78778,958.2875
2000-03-08,330030.0,"Santo Domingo, Ad.",-33.65611,-71.61333,1007.2857142857143
2000-03-08,330031.0,"Juan Fernández, Estación Meteorológica.",-33.63583,-78.83305,1013.9399999999999
2000-03-08,340031.0,"General Freire, Curicó Ad.",-34.96944,-71.21694,986.8
2000-03-08,360011.0,"General Bernardo O'Higgins, Chillán Ad.",-36.58583,-72.03667,995.4692307692308
2000-03-08,360019.0,"Carriel Sur, Concepción Ap.",-36.78055,-73.06639,1013.0769230769231
2000-03-08,380013.0,"Maquehue, Temuco Ad.",-38.76778,-72.63194,1003.05
2000-03-08,390006.0,"Pichoy, Valdivia Ad.",-39.65667,-73.08722,1010.7230769230769
2000-03-08,400009.0,"Cañal Bajo,  Osorno Ad.",-40.61444,-73.0575,1008.0125
2000-03-08,410005.0,El Tepual  Puerto Montt Ap.,-41.4475,-73.09583,1005.5124999999999
2000-03-08,430001.0,Quellón Ad.,-43.13361,-73.63278,1012.2249999999999
2000-03-08,430002.0,Futaleufú Ad.,-43.18889,-71.85222,972.1307692307693
2000-03-08,450004.0,"Teniente Vidal, Coyhaique Ad.",-45.59083,-72.10222,975.4846153846154
2000-03-08,450005.0,Balmaceda Ad.,-45.91833,-71.67778,951.5545454545455
2000-03-08,520006.0,"Carlos Ibañez, Punta Arenas Ap.",-53.00167,-70.83861,1000.1
2000-03-08,530005.0,"Fuentes Martínez, Porvenir Ad.",-53.25361,-70.32611,992.8249999999999
2000-03-08,550001.0,"Guardiamarina Zañartu, Pto Williams Ad.",-54.93167,-67.61556,999.3444444444444
2000-03-08,950001.0,"C.M.A. Eduardo Frei Montalva, Antártica ",-62.19194,-58.97972,989.125
2000-03-09,180005.0,"Chacalluta, Arica Ap.",-18.35555,-70.34028,1006.9416666666666
2000-03-09,200006.0,Diego Aracena Iquique Ap.,-20.54917,-70.18111,1006.975
2000-03-09,220002.0,"El Loa, Calama Ad.",-22.49806,-68.8925,775.9125
2000-03-09,270001.0,Mataveri  Isla de Pascua Ap.,-27.15889,-109.4325,1012.6999999999999
2000-03-09,290004.0,"La Florida, La Serena Ad.",-29.91444,-71.20667,998.6444444444444
2000-03-09,330020.0,"Quinta Normal, Santiago",-33.445,-70.68278,954.5799999999999
2000-03-09,330021.0,Pudahuel Santiago ,-33.37833,-70.78778,959.2
2000-03-09,330030.0,"Santo Domingo, Ad.",-33.65611,-71.61333,1008.0142857142857
2000-03-09,330031.0,"Juan Fernández, Estación Meteorológica.",-33.63583,-78.83305,1012.6
2000-03-09,340031.0,"General Freire, Curicó Ad.",-34.96944,-71.21694,988.5846153846154
2000-03-09,360011.0,"General Bernardo O'Higgins, Chillán Ad.",-36.58583,-72.03667,998.2076923076924
2000-03-09,360019.0,"Carriel Sur, Concepción Ap.",-36.78055,-73.06639,1014.4333333333334
2000-03-09,380013.0,"Maquehue, Temuco Ad.",-38.76778,-72.63194,1004.3423076923077
2000-03-09,390006.0,"Pichoy, Valdivia Ad.",-39.65667,-73.08722,1012.8461538461538
2000-03-09,400009.0,"Cañal Bajo,  Osorno Ad.",-40.61444,-73.0575,1007.5357142857143
2000-03-09,410005.0,El Tepual  Puerto Montt Ap.,-41.4475,-73.09583,1003.9125
2000-03-09,430001.0,Quellón Ad.,-43.13361,-73.63278,1010.975
2000-03-09,430002.0,Futaleufú Ad.,-43.18889,-71.85222,971.9000000000001
2000-03-09,450004.0,"Teniente Vidal, Coyhaique Ad.",-45.59083,-72.10222,974.9461538461538
2000-03-09,450005.0,Balmaceda Ad.,-45.91833,-71.67778,949.2909090909092
2000-03-09,520006.0,"Carlos Ibañez, Punta Arenas Ap.",-53.00167,-70.83861,1003.275
2000-03-09,530005.0,"Fuentes Martínez, Porvenir Ad.",-53.25361,-70.32611,999.4749999999999
2000-03-09,550001.0,"Guardiamarina Zañartu, Pto Williams Ad.",-54.93167,-67.61556,1007.43
2000-03-09,950001.0,"C.M.A. Eduardo Frei Montalva, Antártica ",-62.19194,-58.97972,991.6
2000-03-10,180005.0,"Chacalluta, Arica Ap.",-18.35555,-70.34028,1007.6750000000001
2000-03-10,200006.0,Diego Aracena Iquique Ap.,-20.54917,-70.18111,1007.925
2000-03-10,220002.0,"El Loa, Calama Ad.",-22.49806,-68.8925,776.5
2000-03-10,270001.0,Mataveri  Isla de Pascua Ap.,-27.15889,-109.4325,1013.4666666666667
2000-03-10,290004.0,"La Florida, La Serena Ad.",-29.91444,-71.20667,999.1555555555556
2000-03-10,330020.0,"Quinta Normal, Santiago",-33.445,-70.68278,954.76
2000-03-10,330021.0,Pudahuel Santiago ,-33.37833,-70.78778,959.55
2000-03-10,330030.0,"Santo Domingo, Ad.",-33.65611,-71.61333,1008.1142857142858
2000-03-10,330031.0,"Juan Fernández, Estación Meteorológica.",-33.63583,-78.83305,1012.22
2000-03-10,340031.0,"General Freire, Curicó Ad.",-34.96944,-71.21694,988.4285714285714
2000-03-10,360011.0,"General Bernardo O'Higgins, Chillán Ad.",-36.58583,-72.03667,998.0615384615384
2000-03-10,360019.0,"Carriel Sur, Concepción Ap.",-36.78055,-73.06639,1014.8269230769231
2000-03-10,380013.0,"Maquehue, Temuco Ad.",-38.76778,-72.63194,1005.176
2000-03-10,390006.0,"Pichoy, Valdivia Ad.",-39.65667,-73.08722,1013.3307692307692
2000-03-10,400009.0,"Cañal Bajo,  Osorno Ad.",-40.61444,-73.0575,1007.8071428571428
2000-03-10,410005.0,El Tepual  Puerto Montt Ap.,-41.4475,-73.09583,1004.9375
2000-03-10,430001.0,Quellón Ad.,-43.13361,-73.63278,1011.1
2000-03-10,430002.0,Futaleufú Ad.,-43.18889,-71.85222,972.7384615384616
2000-03-10,450004.0,"Teniente Vidal, Coyhaique Ad.",-45.59083,-72.10222,974.4923076923077
2000-03-10,450005.0,Balmaceda Ad.,-45.91833,-71.67778,949.7090909090908
2000-03-10,520006.0,"Carlos Ibañez, Punta Arenas Ap.",-53.00167,-70.83861,1005.075
2000-03-10,530005.0,"Fuentes Martínez, Porvenir Ad.",-53.25361,-70.32611,998.8083333333334
2000-03-10,550001.0,"Guardiamarina Zañartu, Pto Williams Ad.",-54.93167,-67.61556,1007.8555555555556
2000-03-10,950001.0,"C.M.A. Eduardo Frei Montalva, Antártica ",-62.19194,-58.97972,1003.9125
2000-03-11,180005.0,"Chacalluta, Arica Ap.",-18.35555,-70.34028,1007.9333333333334
2000-03-11,200006.0,Diego Aracena Iquique Ap.,-20.54917,-70.18111,1008.2125
2000-03-11,220002.0,"El Loa, Calama Ad.",-22.49806,-68.8925,776.95
2000-03-11,270001.0,Mataveri  Isla de Pascua Ap.,-27.15889,-109.4325,1013.9
2000-03-11,290004.0,"La Florida, La Serena Ad.",-29.91444,-71.20667,999.3444444444444
2000-03-11,330020.0,"Quinta Normal, Santiago",-33.445,-70.68278,954.24
2000-03-11,330021.0,Pudahuel Santiago ,-33.37833,-70.78778,959.5571428571428
2000-03-11,330030.0,"Santo Domingo, Ad.",-33.65611,-71.61333,1007.9785714285715
2000-03-11,330031.0,"Juan Fernández, Estación Meteorológica.",-33.63583,-78.83305,1012.775
2000-03-11,340031.0,"General Freire, Curicó Ad.",-34.96944,-71.21694,988.2153846153846
2000-03-11,360011.0,"General Bernardo O'Higgins, Chillán Ad.",-36.58583,-72.03667,997.9000000000001
2000-03-11,360019.0,"Carriel Sur, Concepción Ap.",-36.78055,-73.06639,1015.26
2000-03-11,380013.0,"Maquehue, Temuco Ad.",-38.76778,-72.63194,1004.0625
2000-03-11,390006.0,"Pichoy, Valdivia Ad.",-39.65667,-73.08722,1012.5769230769231
2000-03-11,400009.0,"Cañal Bajo,  Osorno Ad.",-40.61444,-73.0575,1006.9533333333333
2000-03-11,410005.0,El Tepual  Puerto Montt Ap.,-41.4475,-73.09583,1003.3375
2000-03-11,430001.0,Quellón Ad.,-43.13361,-73.63278,
2000-03-11,430002.0,Futaleufú Ad.,-43.18889,-71.85222,970.9307692307692
2000-03-11,450004.0,"Teniente Vidal, Coyhaique Ad.",-45.59083,-72.10222,972.9384615384616
2000-03-11,450005.0,Balmaceda Ad.,-45.91833,-71.67778,945.9454545454545
2000-03-11,520006.0,"Carlos Ibañez, Punta Arenas Ap.",-53.00167,-70.83861,994.85
2000-03-11,530005.0,"Fuentes Martínez, Porvenir Ad.",-53.25361,-70.32611,988.6428571428571
2000-03-11,950001.0,"C.M.A. Eduardo Frei Montalva, Antártica ",-62.19194,-58.97972,1001.4
2000-03-12,180005.0,"Chacalluta, Arica Ap.",-18.35555,-70.34028,1007.0333333333333
2000-03-12,200006.0,Diego Aracena Iquique Ap.,-20.54917,-70.18111,1007.2125
2000-03-12,220002.0,"El Loa, Calama Ad.",-22.49806,-68.8925,775.2636363636364
2000-03-12,270001.0,Mataveri  Isla de Pascua Ap.,-27.15889,-109.4325,1013.1666666666666
2000-03-12,290004.0,"La Florida, La Serena Ad.",-29.91444,-71.20667,997.811111111111
2000-03-12,330020.0,"Quinta Normal, Santiago",-33.445,-70.68278,953.72
2000-03-12,330021.0,Pudahuel Santiago ,-33.37833,-70.78778,958.825
2000-03-12,330030.0,"Santo Domingo, Ad.",-33.65611,-71.61333,1006.7692307692307
2000-03-12,330031.0,"Juan Fernández, Estación Meteorológica.",-33.63583,-78.83305,1011.125
2000-03-12,340031.0,"General Freire, Curicó Ad.",-34.96944,-71.21694,987.0076923076923
2000-03-12,360011.0,"General Bernardo O'Higgins, Chillán Ad.",-36.58583,-72.03667,997.0461538461539
2000-03-12,360019.0,"Carriel Sur, Concepción Ap.",-36.78055,-73.06639,1013.5208333333334
2000-03-12,380013.0,"Maquehue, Temuco Ad.",-38.76778,-72.63194,1002.4833333333332
2000-03-12,390006.0,"Pichoy, Valdivia Ad.",-39.65667,-73.08722,1009.4384615384616
2000-03-12,400009.0,"Cañal Bajo,  Osorno Ad.",-40.61444,-73.0575,1003.8692307692307
2000-03-12,410005.0,El Tepual  Puerto Montt Ap.,-41.4475,-73.09583,1000.8125
2000-03-12,430002.0,Futaleufú Ad.,-43.18889,-71.85222,968.0153846153846
2000-03-12,450004.0,"Teniente Vidal, Coyhaique Ad.",-45.59083,-72.10222,969.3692307692307
2000-03-12,450005.0,Balmaceda Ad.,-45.91833,-71.67778,944.5181818181819
2000-03-12,520006.0,"Carlos Ibañez, Punta Arenas Ap.",-53.00167,-70.83861,1001.475
2000-03-12,950001.0,"C.M.A. Eduardo Frei Montalva, Antártica ",-62.19194,-58.97972,989.7875
2000-03-13,180005.0,"Chacalluta, Arica Ap.",-18.35555,-70.34028,1007.4375
2000-03-13,200006.0,Diego Aracena Iquique Ap.,-20.54917,-70.18111,1007.65
2000-03-13,220002.0,"El Loa, Calama Ad.",-22.49806,-68.8925,775.90625
2000-03-13,270001.0,Mataveri  Isla de Pascua Ap.,-27.15889,-109.4325,1012.65
2000-03-13,290004.0,"La Florida, La Serena Ad.",-29.91444,-71.20667,997.5117647058823
2000-03-13,330020.0,"Quinta Normal, Santiago",-33.445,-70.68278,954.3399999999999
2000-03-13,330021.0,Pudahuel Santiago ,-33.37833,-70.78778,959.4625
2000-03-13,330030.0,"Santo Domingo, Ad.",-33.65611,-71.61333,1007.3692307692307
2000-03-13,330031.0,"Juan Fernández, Estación Meteorológica.",-33.63583,-78.83305,1014.3
2000-03-13,340031.0,"General Freire, Curicó Ad.",-34.96944,-71.21694,988.4923076923077
2000-03-13,360011.0,"General Bernardo O'Higgins, Chillán Ad.",-36.58583,-72.03667,999.2461538461539
2000-03-13,360019.0,"Carriel Sur, Concepción Ap.",-36.78055,-73.06639,1015.1208333333334
2000-03-13,380013.0,"Maquehue, Temuco Ad.",-38.76778,-72.63194,1004.0708333333333
2000-03-13,390006.0,"Pichoy, Valdivia Ad.",-39.65667,-73.08722,1013.4923076923077
2000-03-13,400009.0,"Cañal Bajo,  Osorno Ad.",-40.61444,-73.0575,1008.2538461538461
2000-03-13,410005.0,El Tepual  Puerto Montt Ap.,-41.4475,-73.09583,1002.05
2000-03-13,430001.0,Quellón Ad.,-43.13361,-73.63278,1009.5
2000-03-13,430002.0,Futaleufú Ad.,-43.18889,-71.85222,969.8538461538462
2000-03-13,450001.0,Puerto Aysén Ad.,-45.39944,-72.67722,1006.5
2000-03-13,450004.0,"Teniente Vidal, Coyhaique Ad.",-45.59083,-72.10222,969.4923076923077
2000-03-13,450005.0,Balmaceda Ad.,-45.91833,-71.67778,943.9090909090909
2000-03-13,520006.0,"Carlos Ibañez, Punta Arenas Ap.",-53.00167,-70.83861,1001.25
2000-03-13,530005.0,"Fuentes Martínez, Porvenir Ad.",-53.25361,-70.32611,994.4583333333334
2000-03-13,550001.0,"Guardiamarina Zañartu, Pto Williams Ad.",-54.93167,-67.61556,1005.1666666666666
2000-03-13,950001.0,"C.M.A. Eduardo Frei Montalva, Antártica ",-62.19194,-58.97972,1007.7875
2000-03-14,180005.0,"Chacalluta, Arica Ap.",-18.35555,-70.34028,1006.0708333333333
2000-03-14,200006.0,Diego Aracena Iquique Ap.,-20.54917,-70.18111,1006.4625
2000-03-14,220002.0,"El Loa, Calama Ad.",-22.49806,-68.8925,775.10625
2000-03-14,270001.0,Mataveri  Isla de Pascua Ap.,-27.15889,-109.4325,1012.4499999999999
2000-03-14,290004.0,"La Florida, La Serena Ad.",-29.91444,-71.20667,996.2555555555555
2000-03-14,330020.0,"Quinta Normal, Santiago",-33.445,-70.68278,952.8800000000001
2000-03-14,330021.0,Pudahuel Santiago ,-33.37833,-70.78778,958.2875
2000-03-14,330030.0,"Santo Domingo, Ad.",-33.65611,-71.61333,1004.8153846153847
2000-03-14,330031.0,"Juan Fernández, Estación Meteorológica.",-33.63583,-78.83305,1014.8799999999999
2000-03-14,340031.0,"General Freire, Curicó Ad.",-34.96944,-71.21694,986.6692307692308
2000-03-14,360011.0,"General Bernardo O'Higgins, Chillán Ad.",-36.58583,-72.03667,996.9153846153846
2000-03-14,360019.0,"Carriel Sur, Concepción Ap.",-36.78055,-73.06639,1015.6833333333334
2000-03-14,380013.0,"Maquehue, Temuco Ad.",-38.76778,-72.63194,1005.6125000000001
2000-03-14,390006.0,"Pichoy, Valdivia Ad.",-39.65667,-73.08722,1011.4923076923077
2000-03-14,400009.0,"Cañal Bajo,  Osorno Ad.",-40.61444,-73.0575,1005.2230769230769
2000-03-14,410005.0,El Tepual  Puerto Montt Ap.,-41.4475,-73.09583,1001.25
2000-03-14,430001.0,Quellón Ad.,-43.13361,-73.63278,1004.75
2000-03-14,430002.0,Futaleufú Ad.,-43.18889,-71.85222,964.9461538461538
2000-03-14,450001.0,Puerto Aysén Ad.,-45.39944,-72.67722,1001.3
2000-03-14,450004.0,"Teniente Vidal, Coyhaique Ad.",-45.59083,-72.10222,964.4538461538461
2000-03-14,450005.0,Balmaceda Ad.,-45.91833,-71.67778,941.3272727272728
2000-03-14,520006.0,"Carlos Ibañez, Punta Arenas Ap.",-53.00167,-70.83861,990.3375
2000-03-14,530005.0,"Fuentes Martínez, Porvenir Ad.",-53.25361,-70.32611,979.2916666666666
2000-03-14,550001.0,"Guardiamarina Zañartu, Pto Williams Ad.",-54.93167,-67.61556,986.4769230769232
2000-03-14,950001.0,"C.M.A. Eduardo Frei Montalva, Antártica ",-62.19194,-58.97972,1007.3375
2000-03-15,180005.0,"Chacalluta, Arica Ap.",-18.35555,-70.34028,1005.6625
2000-03-15,200006.0,Diego Aracena Iquique Ap.,-20.54917,-70.18111,1005.825
2000-03-15,220002.0,"El Loa, Calama Ad.",-22.49806,-68.8925,775.1
2000-03-15,270001.0,Mataveri  Isla de Pascua Ap.,-27.15889,-109.4325,1011.2333333333332
2000-03-15,290004.0,"La Florida, La Serena Ad.",-29.91444,-71.20667,995.7055555555556
2000-03-15,330020.0,"Quinta Normal, Santiago",-33.445,-70.68278,951.74
2000-03-15,330021.0,Pudahuel Santiago ,-33.37833,-70.78778,956.4125
2000-03-15,330030.0,"Santo Domingo, Ad.",-33.65611,-71.61333,1004.8923076923077
2000-03-15,330031.0,"Juan Fernández, Estación Meteorológica.",-33.63583,-78.83305,1012.64
2000-03-15,340031.0,"General Freire, Curicó Ad.",-34.96944,-71.21694,985.4923076923077
2000-03-15,360011.0,"General Bernardo O'Higgins, Chillán Ad.",-36.58583,-72.03667,995.8076923076923
2000-03-15,360019.0,"Carriel Sur, Concepción Ap.",-36.78055,-73.06639,1012.3458333333333
2000-03-15,380013.0,"Maquehue, Temuco Ad.",-38.76778,-72.63194,1001.7719999999999
2000-03-15,390006.0,"Pichoy, Valdivia Ad.",-39.65667,-73.08722,1010.1615384615385
2000-03-15,400009.0,"Cañal Bajo,  Osorno Ad.",-40.61444,-73.0575,1004.5142857142856
2000-03-15,410005.0,El Tepual  Puerto Montt Ap.,-41.4475,-73.09583,999.4875
2000-03-15,430001.0,Quellón Ad.,-43.13361,-73.63278,1006.225
2000-03-15,430002.0,Futaleufú Ad.,-43.18889,-71.85222,965.3615384615385
2000-03-15,450001.0,Puerto Aysén Ad.,-45.39944,-72.67722,1000.4125
2000-03-15,450004.0,"Teniente Vidal, Coyhaique Ad.",-45.59083,-72.10222,963.2692307692307
2000-03-15,450005.0,Balmaceda Ad.,-45.91833,-71.67778,936.6272727272727
2000-03-15,520006.0,"Carlos Ibañez, Punta Arenas Ap.",-53.00167,-70.83861,981.7125
2000-03-15,530005.0,"Fuentes Martínez, Porvenir Ad.",-53.25361,-70.32611,977.1750000000001
2000-03-15,550001.0,"Guardiamarina Zañartu, Pto Williams Ad.",-54.93167,-67.61556,984.6222222222223
2000-03-15,950001.0,"C.M.A. Eduardo Frei Montalva, Antártica ",-62.19194,-58.97972,996.2125
2000-03-16,180005.0,"Chacalluta, Arica Ap.",-18.35555,-70.34028,1006.3916666666668
2000-03-16,200006.0,Diego Aracena Iquique Ap.,-20.54917,-70.18111,1006.675
2000-03-16,220002.0,"El Loa, Calama Ad.",-22.49806,-68.8925,775.9375
2000-03-16,270001.0,Mataveri  Isla de Pascua Ap.,-27.15889,-109.4325,1011.0666666666666
2000-03-16,290004.0,"La Florida, La Serena Ad.",-29.91444,-71.20667,997.1058823529411
2000-03-16,330020.0,"Quinta Normal, Santiago",-33.445,-70.68278,953.5
2000-03-16,330021.0,Pudahuel Santiago ,-33.37833,-70.78778,958.7625
2000-03-16,330030.0,"Santo Domingo, Ad.",-33.65611,-71.61333,1006.676923076923
2000-03-16,330031.0,"Juan Fernández, Estación Meteorológica.",-33.63583,-78.83305,1016.24
2000-03-16,340031.0,"General Freire, Curicó Ad.",-34.96944,-71.21694,988.0923076923077
2000-03-16,360011.0,"General Bernardo O'Higgins, Chillán Ad.",-36.58583,-72.03667,998.6153846153846
2000-03-16,360019.0,"Carriel Sur, Concepción Ap.",-36.78055,-73.06639,1016.4291666666667
2000-03-16,380013.0,"Maquehue, Temuco Ad.",-38.76778,-72.63194,1008.6374999999999
2000-03-16,390006.0,"Pichoy, Valdivia Ad.",-39.65667,-73.08722,1018.7461538461539
2000-03-16,400009.0,"Cañal Bajo,  Osorno Ad.",-40.61444,-73.0575,1013.7846153846154
2000-03-16,410005.0,El Tepual  Puerto Montt Ap.,-41.4475,-73.09583,1009.4875
2000-03-16,430001.0,Quellón Ad.,-43.13361,-73.63278,1018.5
2000-03-16,430002.0,Futaleufú Ad.,-43.18889,-71.85222,976.5538461538462
2000-03-16,450001.0,Puerto Aysén Ad.,-45.39944,-72.67722,1017.225
2000-03-16,450004.0,"Teniente Vidal, Coyhaique Ad.",-45.59083,-72.10222,978.5153846153846
2000-03-16,450005.0,Balmaceda Ad.,-45.91833,-71.67778,950.9454545454545
2000-03-16,520006.0,"Carlos Ibañez, Punta Arenas Ap.",-53.00167,-70.83861,998.95
2000-03-16,530005.0,"Fuentes Martínez, Porvenir Ad.",-53.25361,-70.32611,996.4166666666666
2000-03-16,550001.0,"Guardiamarina Zañartu, Pto Williams Ad.",-54.93167,-67.61556,998.0666666666667
2000-03-16,950001.0,"C.M.A. Eduardo Frei Montalva, Antártica ",-62.19194,-58.97972,998.225
2000-03-17,180005.0,"Chacalluta, Arica Ap.",-18.35555,-70.34028,1007.4375
2000-03-17,200006.0,Diego Aracena Iquique Ap.,-20.54917,-70.18111,1007.8625
2000-03-17,220002.0,"El Loa, Calama Ad.",-22.49806,-68.8925,776.0
2000-03-17,270001.0,Mataveri  Isla de Pascua Ap.,-27.15889,-109.4325,1012.25
2000-03-17,290004.0,"La Florida, La Serena Ad.",-29.91444,-71.20667,998.085
2000-03-17,330020.0,"Quinta Normal, Santiago",-33.445,-70.68278,953.6
2000-03-17,330021.0,Pudahuel Santiago ,-33.37833,-70.78778,958.75
2000-03-17,330030.0,"Santo Domingo, Ad.",-33.65611,-71.61333,1006.3
2000-03-17,330031.0,"Juan Fernández, Estación Meteorológica.",-33.63583,-78.83305,1016.86
2000-03-17,340031.0,"General Freire, Curicó Ad.",-34.96944,-71.21694,987.8923076923077
2000-03-17,360011.0,"General Bernardo O'Higgins, Chillán Ad.",-36.58583,-72.03667,998.2461538461538
2000-03-17,360019.0,"Carriel Sur, Concepción Ap.",-36.78055,-73.06639,1015.7291666666666
2000-03-17,380013.0,"Maquehue, Temuco Ad.",-38.76778,-72.63194,1008.5500000000001
2000-03-17,390006.0,"Pichoy, Valdivia Ad.",-39.65667,-73.08722,1017.5769230769231
2000-03-17,400009.0,"Cañal Bajo,  Osorno Ad.",-40.61444,-73.0575,1013.9307692307692
2000-03-17,410005.0,El Tepual  Puerto Montt Ap.,-41.4475,-73.09583,1011.475
2000-03-17,430001.0,Quellón Ad.,-43.13361,-73.63278,1019.325
2000-03-17,430002.0,Futaleufú Ad.,-43.18889,-71.85222,978.0384615384615
2000-03-17,450001.0,Puerto Aysén Ad.,-45.39944,-72.67722,1018.85
2000-03-17,450004.0,"Teniente Vidal, Coyhaique Ad.",-45.59083,-72.10222,980.6769230769231
2000-03-17,450005.0,Balmaceda Ad.,-45.91833,-71.67778,954.3727272727273
2000-03-17,520006.0,"Carlos Ibañez, Punta Arenas Ap.",-53.00167,-70.83861,1007.975
2000-03-17,530005.0,"Fuentes Martínez, Porvenir Ad.",-53.25361,-70.32611,1000.7916666666666
2000-03-17,550001.0,"Guardiamarina Zañartu, Pto Williams Ad.",-54.93167,-67.61556,1007.7555555555555
2000-03-17,950001.0,"C.M.A. Eduardo Frei Montalva, Antártica ",-62.19194,-58.97972,999.25
2000-03-18,180005.0,"Chacalluta, Arica Ap.",-18.35555,-70.34028,1006.7916666666666
2000-03-18,200006.0,Diego Aracena Iquique Ap.,-20.54917,-70.18111,1007.375
2000-03-18,220002.0,"El Loa, Calama Ad.",-22.49806,-68.8925,775.49375
2000-03-18,270001.0,Mataveri  Isla de Pascua Ap.,-27.15889,-109.4325,1011.6999999999999
2000-03-18,290004.0,"La Florida, La Serena Ad.",-29.91444,-71.20667,997.0882352941177
2000-03-18,330020.0,"Quinta Normal, Santiago",-33.445,-70.68278,953.3
2000-03-18,330021.0,Pudahuel Santiago ,-33.37833,-70.78778,957.85
2000-03-18,330030.0,"Santo Domingo, Ad.",-33.65611,-71.61333,1005.7153846153846
2000-03-18,330031.0,"Juan Fernández, Estación Meteorológica.",-33.63583,-78.83305,1015.1
2000-03-18,340031.0,"General Freire, Curicó Ad.",-34.96944,-71.21694,985.4692307692308
2000-03-18,360011.0,"General Bernardo O'Higgins, Chillán Ad.",-36.58583,-72.03667,995.5846153846154
2000-03-18,360019.0,"Carriel Sur, Concepción Ap.",-36.78055,-73.06639,1013.1875
2000-03-18,380013.0,"Maquehue, Temuco Ad.",-38.76778,-72.63194,1005.0791666666668
2000-03-18,390006.0,"Pichoy, Valdivia Ad.",-39.65667,-73.08722,1013.0307692307692
2000-03-18,400009.0,"Cañal Bajo,  Osorno Ad.",-40.61444,-73.0575,1009.323076923077
2000-03-18,410005.0,El Tepual  Puerto Montt Ap.,-41.4475,-73.09583,1007.8375
2000-03-18,430002.0,Futaleufú Ad.,-43.18889,-71.85222,974.0230769230768
2000-03-18,450004.0,"Teniente Vidal, Coyhaique Ad.",-45.59083,-72.10222,977.5
2000-03-18,450005.0,Balmaceda Ad.,-45.91833,-71.67778,951.225
2000-03-18,520006.0,"Carlos Ibañez, Punta Arenas Ap.",-53.00167,-70.83861,1005.825
2000-03-18,530005.0,"Fuentes Martínez, Porvenir Ad.",-53.25361,-70.32611,1005.1916666666666
2000-03-18,950001.0,"C.M.A. Eduardo Frei Montalva, Antártica ",-62.19194,-58.97972,1004.5125
2000-03-19,180005.0,"Chacalluta, Arica Ap.",-18.35555,-70.34028,1006.2208333333333
2000-03-19,200006.0,Diego Aracena Iquique Ap.,-20.54917,-70.18111,1006.7
2000-03-19,220002.0,"El Loa, Calama Ad.",-22.49806,-68.8925,774.5916666666667
2000-03-19,270001.0,Mataveri  Isla de Pascua Ap.,-27.15889,-109.4325,1010.5500000000001
2000-03-19,290004.0,"La Florida, La Serena Ad.",-29.91444,-71.20667,997.5117647058823
2000-03-19,330020.0,"Quinta Normal, Santiago",-33.445,-70.68278,953.78
2000-03-19,330021.0,Pudahuel Santiago ,-33.37833,-70.78778,958.2
2000-03-19,330030.0,"Santo Domingo, Ad.",-33.65611,-71.61333,1006.9230769230769
2000-03-19,330031.0,"Juan Fernández, Estación Meteorológica.",-33.63583,-78.83305,1014.3
2000-03-19,340031.0,"General Freire, Curicó Ad.",-34.96944,-71.21694,986.9000000000001
2000-03-19,360011.0,"General Bernardo O'Higgins, Chillán Ad.",-36.58583,-72.03667,996.6076923076923
2000-03-19,360019.0,"Carriel Sur, Concepción Ap.",-36.78055,-73.06639,1013.1208333333334
2000-03-19,380013.0,"Maquehue, Temuco Ad.",-38.76778,-72.63194,1004.064
2000-03-19,390006.0,"Pichoy, Valdivia Ad.",-39.65667,-73.08722,1012.623076923077
2000-03-19,400009.0,"Cañal Bajo,  Osorno Ad.",-40.61444,-73.0575,1007.7076923076924
2000-03-19,410005.0,El Tepual  Puerto Montt Ap.,-41.4475,-73.09583,1004.15
2000-03-19,430002.0,Futaleufú Ad.,-43.18889,-71.85222,971.3076923076923
2000-03-19,450004.0,"Teniente Vidal, Coyhaique Ad.",-45.59083,-72.10222,973.4923076923077
2000-03-19,450005.0,Balmaceda Ad.,-45.91833,-71.67778,946.3208333333333
2000-03-19,520006.0,"Carlos Ibañez, Punta Arenas Ap.",-53.00167,-70.83861,1006.0875
2000-03-19,950001.0,"C.M.A. Eduardo Frei Montalva, Antártica ",-62.19194,-58.97972,1005.1625
2000-03-20,180005.0,"Chacalluta, Arica Ap.",-18.35555,-70.34028,1006.1625
2000-03-20,200006.0,Diego Aracena Iquique Ap.,-20.54917,-70.18111,1006.425
2000-03-20,220002.0,"El Loa, Calama Ad.",-22.49806,-68.8925,775.2294117647059
2000-03-20,270001.0,Mataveri  Isla de Pascua Ap.,-27.15889,-109.4325,1009.6833333333334
2000-03-20,290004.0,"La Florida, La Serena Ad.",-29.91444,-71.20667,997.4764705882352
2000-03-20,330020.0,"Quinta Normal, Santiago",-33.445,-70.68278,954.9
2000-03-20,330021.0,Pudahuel Santiago ,-33.37833,-70.78778,959.35
2000-03-20,330030.0,"Santo Domingo, Ad.",-33.65611,-71.61333,1008.5076923076923
2000-03-20,330031.0,"Juan Fernández, Estación Meteorológica.",-33.63583,-78.83305,1016.8
2000-03-20,340031.0,"General Freire, Curicó Ad.",-34.96944,-71.21694,990.0153846153846
2000-03-20,360011.0,"General Bernardo O'Higgins, Chillán Ad.",-36.58583,-72.03667,1000.3384615384615
2000-03-20,360019.0,"Carriel Sur, Concepción Ap.",-36.78055,-73.06639,1016.9291666666667
2000-03-20,380013.0,"Maquehue, Temuco Ad.",-38.76778,-72.63194,1007.4416666666666
2000-03-20,390006.0,"Pichoy, Valdivia Ad.",-39.65667,-73.08722,1015.7923076923076
2000-03-20,400009.0,"Cañal Bajo,  Osorno Ad.",-40.61444,-73.0575,1010.2384615384616
2000-03-20,410005.0,El Tepual  Puerto Montt Ap.,-41.4475,-73.09583,1006.6374999999999
2000-03-20,430001.0,Quellón Ad.,-43.13361,-73.63278,1012.875
2000-03-20,430002.0,Futaleufú Ad.,-43.18889,-71.85222,974.1076923076923
2000-03-20,450001.0,Puerto Aysén Ad.,-45.39944,-72.67722,1012.8625
2000-03-20,450004.0,"Teniente Vidal, Coyhaique Ad.",-45.59083,-72.10222,975.9384615384616
2000-03-20,450005.0,Balmaceda Ad.,-45.91833,-71.67778,950.672
2000-03-20,520006.0,"Carlos Ibañez, Punta Arenas Ap.",-53.00167,-70.83861,1007.625
2000-03-20,530005.0,"Fuentes Martínez, Porvenir Ad.",-53.25361,-70.32611,1007.725
2000-03-20,550001.0,"Guardiamarina Zañartu, Pto Williams Ad.",-54.93167,-67.61556,1009.8000000000001
2000-03-20,950001.0,"C.M.A. Eduardo Frei Montalva, Antártica ",-62.19194,-58.97972,1011.9250000000001
2000-03-21,180005.0,"Chacalluta, Arica Ap.",-18.35555,-70.34028,1006.6
2000-03-21,200006.0,Diego Aracena Iquique Ap.,-20.54917,-70.18111,1006.8
2000-03-21,220002.0,"El Loa, Calama Ad.",-22.49806,-68.8925,775.1
2000-03-21,270001.0,Mataveri  Isla de Pascua Ap.,-27.15889,-109.4325,1010.3833333333333
2000-03-21,290004.0,"La Florida, La Serena Ad.",-29.91444,-71.20667,996.2549999999999
2000-03-21,330020.0,"Quinta Normal, Santiago",-33.445,-70.68278,954.36
2000-03-21,330021.0,Pudahuel Santiago ,-33.37833,-70.78778,960.225
2000-03-21,330030.0,"Santo Domingo, Ad.",-33.65611,-71.61333,1005.93
2000-03-21,330031.0,"Juan Fernández, Estación Meteorológica.",-33.63583,-78.83305,1017.4
2000-03-21,340031.0,"General Freire, Curicó Ad.",-34.96944,-71.21694,988.4076923076923
2000-03-21,360011.0,"General Bernardo O'Higgins, Chillán Ad.",-36.58583,-72.03667,999.1384615384615
2000-03-21,360019.0,"Carriel Sur, Concepción Ap.",-36.78055,-73.06639,1018.9416666666666
2000-03-21,380013.0,"Maquehue, Temuco Ad.",-38.76778,-72.63194,1010.7041666666668
2000-03-21,390006.0,"Pichoy, Valdivia Ad.",-39.65667,-73.08722,1018.5999999999999
2000-03-21,400009.0,"Cañal Bajo,  Osorno Ad.",-40.61444,-73.0575,1014.1214285714286
2000-03-21,410005.0,El Tepual  Puerto Montt Ap.,-41.4475,-73.09583,1011.675
2000-03-21,430001.0,Quellón Ad.,-43.13361,-73.63278,1018.025
2000-03-21,430002.0,Futaleufú Ad.,-43.18889,-71.85222,979.4461538461538
2000-03-21,450001.0,Puerto Aysén Ad.,-45.39944,-72.67722,1017.8375
2000-03-21,450004.0,"Teniente Vidal, Coyhaique Ad.",-45.59083,-72.10222,980.676923076923
2000-03-21,450005.0,Balmaceda Ad.,-45.91833,-71.67778,954.8874999999999
2000-03-21,520006.0,"Carlos Ibañez, Punta Arenas Ap.",-53.00167,-70.83861,1007.9125
2000-03-21,530005.0,"Fuentes Martínez, Porvenir Ad.",-53.25361,-70.32611,1007.8249999999999
2000-03-21,550001.0,"Guardiamarina Zañartu, Pto Williams Ad.",-54.93167,-67.61556,1006.9
2000-03-21,950001.0,"C.M.A. Eduardo Frei Montalva, Antártica ",-62.19194,-58.97972,1007.25
2000-03-22,180005.0,"Chacalluta, Arica Ap.",-18.35555,-70.34028,1006.7291666666666
2000-03-22,200006.0,Diego Aracena Iquique Ap.,-20.54917,-70.18111,1007.1625
2000-03-22,220002.0,"El Loa, Calama Ad.",-22.49806,-68.8925,775.13125
2000-03-22,270001.0,Mataveri  Isla de Pascua Ap.,-27.15889,-109.4325,1012.5500000000001
2000-03-22,290004.0,"La Florida, La Serena Ad.",-29.91444,-71.20667,997.5444444444444
2000-03-22,330020.0,"Quinta Normal, Santiago",-33.445,-70.68278,953.26
2000-03-22,330021.0,Pudahuel Santiago ,-33.37833,-70.78778,957.625
2000-03-22,330030.0,"Santo Domingo, Ad.",-33.65611,-71.61333,1006.6076923076923
2000-03-22,330031.0,"Juan Fernández, Estación Meteorológica.",-33.63583,-78.83305,1013.26
2000-03-22,340031.0,"General Freire, Curicó Ad.",-34.96944,-71.21694,986.6923076923077
2000-03-22,360011.0,"General Bernardo O'Higgins, Chillán Ad.",-36.58583,-72.03667,996.7076923076924
2000-03-22,360019.0,"Carriel Sur, Concepción Ap.",-36.78055,-73.06639,1013.932
2000-03-22,380013.0,"Maquehue, Temuco Ad.",-38.76778,-72.63194,1003.328
2000-03-22,390006.0,"Pichoy, Valdivia Ad.",-39.65667,-73.08722,1011.0307692307692
2000-03-22,400009.0,"Cañal Bajo,  Osorno Ad.",-40.61444,-73.0575,1004.9000000000001
2000-03-22,410005.0,El Tepual  Puerto Montt Ap.,-41.4475,-73.09583,1001.6
2000-03-22,430001.0,Quellón Ad.,-43.13361,-73.63278,1003.725
2000-03-22,430002.0,Futaleufú Ad.,-43.18889,-71.85222,966.3846153846154
2000-03-22,450001.0,Puerto Aysén Ad.,-45.39944,-72.67722,1001.3875
2000-03-22,450004.0,"Teniente Vidal, Coyhaique Ad.",-45.59083,-72.10222,965.8538461538462
2000-03-22,450005.0,Balmaceda Ad.,-45.91833,-71.67778,943.7583333333333
2000-03-22,520006.0,"Carlos Ibañez, Punta Arenas Ap.",-53.00167,-70.83861,997.6875
2000-03-22,530005.0,"Fuentes Martínez, Porvenir Ad.",-53.25361,-70.32611,992.3083333333334
2000-03-22,550001.0,"Guardiamarina Zañartu, Pto Williams Ad.",-54.93167,-67.61556,998.2888888888889
2000-03-22,950001.0,"C.M.A. Eduardo Frei Montalva, Antártica ",-62.19194,-58.97972,996.325
2000-03-23,180005.0,"Chacalluta, Arica Ap.",-18.35555,-70.34028,1006.3874999999999
2000-03-23,200006.0,Diego Aracena Iquique Ap.,-20.54917,-70.18111,1006.9
2000-03-23,220002.0,"El Loa, Calama Ad.",-22.49806,-68.8925,774.5375
2000-03-23,270001.0,Mataveri  Isla de Pascua Ap.,-27.15889,-109.4325,1013.25
2000-03-23,290004.0,"La Florida, La Serena Ad.",-29.91444,-71.20667,997.4000000000001
2000-03-23,330020.0,"Quinta Normal, Santiago",-33.445,-70.68278,955.2
2000-03-23,330021.0,Pudahuel Santiago ,-33.37833,-70.78778,959.35
2000-03-23,330030.0,"Santo Domingo, Ad.",-33.65611,-71.61333,1008.2384615384616
2000-03-23,330031.0,"Juan Fernández, Estación Meteorológica.",-33.63583,-78.83305,1015.1200000000001
2000-03-23,340031.0,"General Freire, Curicó Ad.",-34.96944,-71.21694,989.9923076923077
2000-03-23,360011.0,"General Bernardo O'Higgins, Chillán Ad.",-36.58583,-72.03667,1000.0846153846154
2000-03-23,360019.0,"Carriel Sur, Concepción Ap.",-36.78055,-73.06639,1015.4769230769232
2000-03-23,380013.0,"Maquehue, Temuco Ad.",-38.76778,-72.63194,1004.0958333333333
2000-03-23,390006.0,"Pichoy, Valdivia Ad.",-39.65667,-73.08722,1012.6538461538462
2000-03-23,400009.0,"Cañal Bajo,  Osorno Ad.",-40.61444,-73.0575,1005.5923076923077
2000-03-23,410005.0,El Tepual  Puerto Montt Ap.,-41.4475,-73.09583,1000.725
2000-03-23,430001.0,Quellón Ad.,-43.13361,-73.63278,1005.6
2000-03-23,430002.0,Futaleufú Ad.,-43.18889,-71.85222,965.5461538461539
2000-03-23,450001.0,Puerto Aysén Ad.,-45.39944,-72.67722,1002.4625
2000-03-23,450004.0,"Teniente Vidal, Coyhaique Ad.",-45.59083,-72.10222,966.3153846153847
2000-03-23,450005.0,Balmaceda Ad.,-45.91833,-71.67778,938.7375000000001
2000-03-23,520006.0,"Carlos Ibañez, Punta Arenas Ap.",-53.00167,-70.83861,989.9875
2000-03-23,530005.0,"Fuentes Martínez, Porvenir Ad.",-53.25361,-70.32611,991.9
2000-03-23,550001.0,"Guardiamarina Zañartu, Pto Williams Ad.",-54.93167,-67.61556,992.4399999999999
2000-03-23,950001.0,"C.M.A. Eduardo Frei Montalva, Antártica ",-62.19194,-58.97972,985.475
2000-03-24,180005.0,"Chacalluta, Arica Ap.",-18.35555,-70.34028,1006.3869565217392
2000-03-24,200006.0,Diego Aracena Iquique Ap.,-20.54917,-70.18111,1006.5625
2000-03-24,220002.0,"El Loa, Calama Ad.",-22.49806,-68.8925,775.0235294117647
2000-03-24,270001.0,Mataveri  Isla de Pascua Ap.,-27.15889,-109.4325,1012.3833333333333
2000-03-24,290004.0,"La Florida, La Serena Ad.",-29.91444,-71.20667,996.2526315789473
2000-03-24,330020.0,"Quinta Normal, Santiago",-33.445,-70.68278,951.46
2000-03-24,330021.0,Pudahuel Santiago ,-33.37833,-70.78778,957.55
2000-03-24,330030.0,"Santo Domingo, Ad.",-33.65611,-71.61333,1003.3461538461538
2000-03-24,330031.0,"Juan Fernández, Estación Meteorológica.",-33.63583,-78.83305,1015.9
2000-03-24,340031.0,"General Freire, Curicó Ad.",-34.96944,-71.21694,984.9230769230769
2000-03-24,360011.0,"General Bernardo O'Higgins, Chillán Ad.",-36.58583,-72.03667,995.5615384615384
2000-03-24,360019.0,"Carriel Sur, Concepción Ap.",-36.78055,-73.06639,1012.6416666666668
2000-03-24,380013.0,"Maquehue, Temuco Ad.",-38.76778,-72.63194,1008.716
2000-03-24,390006.0,"Pichoy, Valdivia Ad.",-39.65667,-73.08722,1015.8307692307692
2000-03-24,400009.0,"Cañal Bajo,  Osorno Ad.",-40.61444,-73.0575,1011.0153846153845
2000-03-24,410005.0,El Tepual  Puerto Montt Ap.,-41.4475,-73.09583,1008.65
2000-03-24,430001.0,Quellón Ad.,-43.13361,-73.63278,1013.075
2000-03-24,430002.0,Futaleufú Ad.,-43.18889,-71.85222,972.2153846153846
2000-03-24,450001.0,Puerto Aysén Ad.,-45.39944,-72.67722,1007.4
2000-03-24,450004.0,"Teniente Vidal, Coyhaique Ad.",-45.59083,-72.10222,969.1692307692308
2000-03-24,450005.0,Balmaceda Ad.,-45.91833,-71.67778,944.2541666666666
2000-03-24,520006.0,"Carlos Ibañez, Punta Arenas Ap.",-53.00167,-70.83861,989.3625
2000-03-24,530005.0,"Fuentes Martínez, Porvenir Ad.",-53.25361,-70.32611,987.7583333333333
2000-03-24,550001.0,"Guardiamarina Zañartu, Pto Williams Ad.",-54.93167,-67.61556,987.5444444444444
2000-03-24,950001.0,"C.M.A. Eduardo Frei Montalva, Antártica ",-62.19194,-58.97972,978.375
2000-03-25,180005.0,"Chacalluta, Arica Ap.",-18.35555,-70.34028,1008.7041666666668
2000-03-25,200006.0,Diego Aracena Iquique Ap.,-20.54917,-70.18111,1009.025
2000-03-25,220002.0,"El Loa, Calama Ad.",-22.49806,-68.8925,776.50625
2000-03-25,270001.0,Mataveri  Isla de Pascua Ap.,-27.15889,-109.4325,1013.2666666666668
2000-03-25,290004.0,"La Florida, La Serena Ad.",-29.91444,-71.20667,1000.1294117647059
2000-03-25,330020.0,"Quinta Normal, Santiago",-33.445,-70.68278,955.4200000000001
2000-03-25,330021.0,Pudahuel Santiago ,-33.37833,-70.78778,959.8875
2000-03-25,330030.0,"Santo Domingo, Ad.",-33.65611,-71.61333,1009.6461538461538
2000-03-25,330031.0,"Juan Fernández, Estación Meteorológica.",-33.63583,-78.83305,1016.1
2000-03-25,340031.0,"General Freire, Curicó Ad.",-34.96944,-71.21694,989.1461538461538
2000-03-25,360011.0,"General Bernardo O'Higgins, Chillán Ad.",-36.58583,-72.03667,999.2230769230769
2000-03-25,360019.0,"Carriel Sur, Concepción Ap.",-36.78055,-73.06639,1012.0666666666666
2000-03-25,380013.0,"Maquehue, Temuco Ad.",-38.76778,-72.63194,1005.7666666666668
2000-03-25,390006.0,"Pichoy, Valdivia Ad.",-39.65667,-73.08722,1013.9230769230769
2000-03-25,400009.0,"Cañal Bajo,  Osorno Ad.",-40.61444,-73.0575,1007.9428571428571
2000-03-25,410005.0,El Tepual  Puerto Montt Ap.,-41.4475,-73.09583,1003.425
2000-03-25,430001.0,Quellón Ad.,-43.13361,-73.63278,1008.3
2000-03-25,430002.0,Futaleufú Ad.,-43.18889,-71.85222,968.4538461538461
2000-03-25,450004.0,"Teniente Vidal, Coyhaique Ad.",-45.59083,-72.10222,965.3692307692307
2000-03-25,450005.0,Balmaceda Ad.,-45.91833,-71.67778,940.7833333333333
2000-03-25,520006.0,"Carlos Ibañez, Punta Arenas Ap.",-53.00167,-70.83861,978.1875
2000-03-25,530005.0,"Fuentes Martínez, Porvenir Ad.",-53.25361,-70.32611,977.8249999999999
2000-03-25,950001.0,"C.M.A. Eduardo Frei Montalva, Antártica ",-62.19194,-58.97972,980.475
2000-03-26,180005.0,"Chacalluta, Arica Ap.",-18.35555,-70.34028,1007.8958333333334
2000-03-26,200006.0,Diego Aracena Iquique Ap.,-20.54917,-70.18111,1008.3625
2000-03-26,220002.0,"El Loa, Calama Ad.",-22.49806,-68.8925,776.3416666666667
2000-03-26,270001.0,Mataveri  Isla de Pascua Ap.,-27.15889,-109.4325,1014.2833333333333
2000-03-26,290004.0,"La Florida, La Serena Ad.",-29.91444,-71.20667,999.2941176470588
2000-03-26,330020.0,"Quinta Normal, Santiago",-33.445,-70.68278,956.0
2000-03-26,330021.0,Pudahuel Santiago ,-33.37833,-70.78778,961.2125
2000-03-26,330030.0,"Santo Domingo, Ad.",-33.65611,-71.61333,1009.4230769230769
2000-03-26,330031.0,"Juan Fernández, Estación Meteorológica.",-33.63583,-78.83305,1018.875
2000-03-26,340031.0,"General Freire, Curicó Ad.",-34.96944,-71.21694,991.5307692307692
2000-03-26,360011.0,"General Bernardo O'Higgins, Chillán Ad.",-36.58583,-72.03667,1001.9000000000001
2000-03-26,360019.0,"Carriel Sur, Concepción Ap.",-36.78055,-73.06639,1015.6666666666666
2000-03-26,380013.0,"Maquehue, Temuco Ad.",-38.76778,-72.63194,1008.7208333333333
2000-03-26,390006.0,"Pichoy, Valdivia Ad.",-39.65667,-73.08722,1017.3846153846154
2000-03-26,400009.0,"Cañal Bajo,  Osorno Ad.",-40.61444,-73.0575,1012.4538461538461
2000-03-26,410005.0,El Tepual  Puerto Montt Ap.,-41.4475,-73.09583,1007.275
2000-03-26,430001.0,Quellón Ad.,-43.13361,-73.63278,1015.525
2000-03-26,430002.0,Futaleufú Ad.,-43.18889,-71.85222,974.1461538461538
2000-03-26,450004.0,"Teniente Vidal, Coyhaique Ad.",-45.59083,-72.10222,976.0307692307692
2000-03-26,450005.0,Balmaceda Ad.,-45.91833,-71.67778,945.9583333333334
2000-03-26,520006.0,"Carlos Ibañez, Punta Arenas Ap.",-53.00167,-70.83861,995.9875000000001
2000-03-26,950001.0,"C.M.A. Eduardo Frei Montalva, Antártica ",-62.19194,-58.97972,983.0749999999999
2000-03-27,180005.0,"Chacalluta, Arica Ap.",-18.35555,-70.34028,1006.6708333333332
2000-03-27,200006.0,Diego Aracena Iquique Ap.,-20.54917,-70.18111,1007.1125
2000-03-27,220002.0,"El Loa, Calama Ad.",-22.49806,-68.8925,775.39375
2000-03-27,270001.0,Mataveri  Isla de Pascua Ap.,-27.15889,-109.4325,1013.5833333333334
2000-03-27,290004.0,"La Florida, La Serena Ad.",-29.91444,-71.20667,996.7411764705881
2000-03-27,330020.0,"Quinta Normal, Santiago",-33.445,-70.68278,956.0799999999999
2000-03-27,330021.0,Pudahuel Santiago ,-33.37833,-70.78778,962.05
2000-03-27,330030.0,"Santo Domingo, Ad.",-33.65611,-71.61333,1008.5692307692308
2000-03-27,330031.0,"Juan Fernández, Estación Meteorológica.",-33.63583,-78.83305,1022.22
2000-03-27,340031.0,"General Freire, Curicó Ad.",-34.96944,-71.21694,992.3692307692307
2000-03-27,360011.0,"General Bernardo O'Higgins, Chillán Ad.",-36.58583,-72.03667,1004.8
2000-03-27,360019.0,"Carriel Sur, Concepción Ap.",-36.78055,-73.06639,1020.4458333333333
2000-03-27,380013.0,"Maquehue, Temuco Ad.",-38.76778,-72.63194,1015.7791666666667
2000-03-27,390006.0,"Pichoy, Valdivia Ad.",-39.65667,-73.08722,1025.5461538461539
2000-03-27,400009.0,"Cañal Bajo,  Osorno Ad.",-40.61444,-73.0575,1020.6692307692308
2000-03-27,410005.0,El Tepual  Puerto Montt Ap.,-41.4475,-73.09583,1017.0375
2000-03-27,430001.0,Quellón Ad.,-43.13361,-73.63278,1025.725
2000-03-27,430002.0,Futaleufú Ad.,-43.18889,-71.85222,984.0076923076923
2000-03-27,450001.0,Puerto Aysén Ad.,-45.39944,-72.67722,1024.742857142857
2000-03-27,450004.0,"Teniente Vidal, Coyhaique Ad.",-45.59083,-72.10222,985.5692307692308
2000-03-27,450005.0,Balmaceda Ad.,-45.91833,-71.67778,957.875
2000-03-27,520006.0,"Carlos Ibañez, Punta Arenas Ap.",-53.00167,-70.83861,1009.4375
2000-03-27,530005.0,"Fuentes Martínez, Porvenir Ad.",-53.25361,-70.32611,1011.2916666666666
2000-03-27,550001.0,"Guardiamarina Zañartu, Pto Williams Ad.",-54.93167,-67.61556,1010.5111111111112
2000-03-27,950001.0,"C.M.A. Eduardo Frei Montalva, Antártica ",-62.19194,-58.97972,1004.6125
2000-03-28,180005.0,"Chacalluta, Arica Ap.",-18.35555,-70.34028,1005.7875
2000-03-28,200006.0,Diego Aracena Iquique Ap.,-20.54917,-70.18111,1006.2
2000-03-28,220002.0,"El Loa, Calama Ad.",-22.49806,-68.8925,774.74375
2000-03-28,270001.0,Mataveri  Isla de Pascua Ap.,-27.15889,-109.4325,1012.4166666666666
2000-03-28,290004.0,"La Florida, La Serena Ad.",-29.91444,-71.20667,995.7149999999999
2000-03-28,330020.0,"Quinta Normal, Santiago",-33.445,-70.68278,951.0200000000001
2000-03-28,330021.0,Pudahuel Santiago ,-33.37833,-70.78778,956.7875
2000-03-28,330030.0,"Santo Domingo, Ad.",-33.65611,-71.61333,1003.376923076923
2000-03-28,330031.0,"Juan Fernández, Estación Meteorológica.",-33.63583,-78.83305,1016.8799999999999
2000-03-28,340031.0,"General Freire, Curicó Ad.",-34.96944,-71.21694,985.7166666666667
2000-03-28,360011.0,"General Bernardo O'Higgins, Chillán Ad.",-36.58583,-72.03667,995.8615384615385
2000-03-28,360019.0,"Carriel Sur, Concepción Ap.",-36.78055,-73.06639,1013.2624999999999
2000-03-28,380013.0,"Maquehue, Temuco Ad.",-38.76778,-72.63194,1010.0791666666668
2000-03-28,390006.0,"Pichoy, Valdivia Ad.",-39.65667,-73.08722,1018.6538461538462
2000-03-28,400009.0,"Cañal Bajo,  Osorno Ad.",-40.61444,-73.0575,1014.8153846153847
2000-03-28,410005.0,El Tepual  Puerto Montt Ap.,-41.4475,-73.09583,1014.575
2000-03-28,430001.0,Quellón Ad.,-43.13361,-73.63278,1020.55
2000-03-28,430002.0,Futaleufú Ad.,-43.18889,-71.85222,981.1076923076923
2000-03-28,450001.0,Puerto Aysén Ad.,-45.39944,-72.67722,1020.1333333333333
2000-03-28,450004.0,"Teniente Vidal, Coyhaique Ad.",-45.59083,-72.10222,982.8923076923077
2000-03-28,450005.0,Balmaceda Ad.,-45.91833,-71.67778,957.3708333333334
2000-03-28,520006.0,"Carlos Ibañez, Punta Arenas Ap.",-53.00167,-70.83861,1012.775
2000-03-28,530005.0,"Fuentes Martínez, Porvenir Ad.",-53.25361,-70.32611,1012.2666666666668
2000-03-28,550001.0,"Guardiamarina Zañartu, Pto Williams Ad.",-54.93167,-67.61556,1014.9000000000001
2000-03-28,950001.0,"C.M.A. Eduardo Frei Montalva, Antártica ",-62.19194,-58.97972,1012.2125
2000-03-29,180005.0,"Chacalluta, Arica Ap.",-18.35555,-70.34028,1006.9416666666666
2000-03-29,200006.0,Diego Aracena Iquique Ap.,-20.54917,-70.18111,1007.45
2000-03-29,220002.0,"El Loa, Calama Ad.",-22.49806,-68.8925,775.60625
2000-03-29,270001.0,Mataveri  Isla de Pascua Ap.,-27.15889,-109.4325,1012.5666666666667
2000-03-29,290004.0,"La Florida, La Serena Ad.",-29.91444,-71.20667,998.4294117647058
2000-03-29,330020.0,"Quinta Normal, Santiago",-33.445,-70.68278,953.32
2000-03-29,330021.0,Pudahuel Santiago ,-33.37833,-70.78778,957.75
2000-03-29,330030.0,"Santo Domingo, Ad.",-33.65611,-71.61333,1007.5846153846154
2000-03-29,330031.0,"Juan Fernández, Estación Meteorológica.",-33.63583,-78.83305,1015.9200000000001
2000-03-29,340031.0,"General Freire, Curicó Ad.",-34.96944,-71.21694,986.9923076923077
2000-03-29,360011.0,"General Bernardo O'Higgins, Chillán Ad.",-36.58583,-72.03667,996.4615384615385
2000-03-29,360019.0,"Carriel Sur, Concepción Ap.",-36.78055,-73.06639,1012.8958333333334
2000-03-29,380013.0,"Maquehue, Temuco Ad.",-38.76778,-72.63194,1005.6
2000-03-29,390006.0,"Pichoy, Valdivia Ad.",-39.65667,-73.08722,1015.3583333333332
2000-03-29,400009.0,"Cañal Bajo,  Osorno Ad.",-40.61444,-73.0575,1010.8076923076923
2000-03-29,410005.0,El Tepual  Puerto Montt Ap.,-41.4475,-73.09583,1007.75
2000-03-29,430001.0,Quellón Ad.,-43.13361,-73.63278,1013.575
2000-03-29,430002.0,Futaleufú Ad.,-43.18889,-71.85222,973.0769230769231
2000-03-29,450001.0,Puerto Aysén Ad.,-45.39944,-72.67722,1009.95
2000-03-29,450004.0,"Teniente Vidal, Coyhaique Ad.",-45.59083,-72.10222,973.6538461538462
2000-03-29,450005.0,Balmaceda Ad.,-45.91833,-71.67778,948.9
2000-03-29,520006.0,"Carlos Ibañez, Punta Arenas Ap.",-53.00167,-70.83861,999.025
2000-03-29,530005.0,"Fuentes Martínez, Porvenir Ad.",-53.25361,-70.32611,995.6416666666668
2000-03-29,550001.0,"Guardiamarina Zañartu, Pto Williams Ad.",-54.93167,-67.61556,997.0555555555555
2000-03-29,950001.0,"C.M.A. Eduardo Frei Montalva, Antártica ",-62.19194,-58.97972,1005.2
2000-03-30,180005.0,"Chacalluta, Arica Ap.",-18.35555,-70.34028,1006.375
2000-03-30,200006.0,Diego Aracena Iquique Ap.,-20.54917,-70.18111,1006.7625
2000-03-30,220002.0,"El Loa, Calama Ad.",-22.49806,-68.8925,775.79375
2000-03-30,270001.0,Mataveri  Isla de Pascua Ap.,-27.15889,-109.4325,1013.0
2000-03-30,290004.0,"La Florida, La Serena Ad.",-29.91444,-71.20667,997.8166666666667
2000-03-30,330020.0,"Quinta Normal, Santiago",-33.445,-70.68278,954.9
2000-03-30,330021.0,Pudahuel Santiago ,-33.37833,-70.78778,959.7285714285715
2000-03-30,330030.0,"Santo Domingo, Ad.",-33.65611,-71.61333,1008.0923076923077
2000-03-30,330031.0,"Juan Fernández, Estación Meteorológica.",-33.63583,-78.83305,1017.5
2000-03-30,340031.0,"General Freire, Curicó Ad.",-34.96944,-71.21694,988.7307692307693
2000-03-30,360011.0,"General Bernardo O'Higgins, Chillán Ad.",-36.58583,-72.03667,998.8692307692307
2000-03-30,360019.0,"Carriel Sur, Concepción Ap.",-36.78055,-73.06639,1016.6374999999999
2000-03-30,380013.0,"Maquehue, Temuco Ad.",-38.76778,-72.63194,1009.0375
2000-03-30,390006.0,"Pichoy, Valdivia Ad.",-39.65667,-73.08722,1019.0153846153845
2000-03-30,400009.0,"Cañal Bajo,  Osorno Ad.",-40.61444,-73.0575,1014.6461538461538
2000-03-30,410005.0,El Tepual  Puerto Montt Ap.,-41.4475,-73.09583,1011.45
2000-03-30,430001.0,Quellón Ad.,-43.13361,-73.63278,1019.7
2000-03-30,430002.0,Futaleufú Ad.,-43.18889,-71.85222,980.3076923076923
2000-03-30,450001.0,Puerto Aysén Ad.,-45.39944,-72.67722,1017.6
2000-03-30,450004.0,"Teniente Vidal, Coyhaique Ad.",-45.59083,-72.10222,980.0615384615384
2000-03-30,450005.0,Balmaceda Ad.,-45.91833,-71.67778,954.3000000000001
2000-03-30,520006.0,"Carlos Ibañez, Punta Arenas Ap.",-53.00167,-70.83861,1000.4625
2000-03-30,530005.0,"Fuentes Martínez, Porvenir Ad.",-53.25361,-70.32611,1002.4250000000001
2000-03-30,550001.0,"Guardiamarina Zañartu, Pto Williams Ad.",-54.93167,-67.61556,1001.9222222222221
2000-03-30,950001.0,"C.M.A. Eduardo Frei Montalva, Antártica ",-62.19194,-58.97972,998.0125
2000-03-31,180005.0,"Chacalluta, Arica Ap.",-18.35555,-70.34028,1005.1625
2000-03-31,200006.0,Diego Aracena Iquique Ap.,-20.54917,-70.18111,1005.35
2000-03-31,220002.0,"El Loa, Calama Ad.",-22.49806,-68.8925,774.8875
2000-03-31,270001.0,Mataveri  Isla de Pascua Ap.,-27.15889,-109.4325,1010.15
2000-03-31,290004.0,"La Florida, La Serena Ad.",-29.91444,-71.20667,995.8666666666666
2000-03-31,330020.0,"Quinta Normal, Santiago",-33.445,-70.68278,952.5
2000-03-31,330021.0,Pudahuel Santiago ,-33.37833,-70.78778,957.6
2000-03-31,330030.0,"Santo Domingo, Ad.",-33.65611,-71.61333,1005.1153846153846
2000-03-31,330031.0,"Juan Fernández, Estación Meteorológica.",-33.63583,-78.83305,1017.1600000000001
2000-03-31,340031.0,"General Freire, Curicó Ad.",-34.96944,-71.21694,986.4384615384616
2000-03-31,360011.0,"General Bernardo O'Higgins, Chillán Ad.",-36.58583,-72.03667,996.3923076923077
2000-03-31,360019.0,"Carriel Sur, Concepción Ap.",-36.78055,-73.06639,1014.9458333333333
2000-03-31,380013.0,"Maquehue, Temuco Ad.",-38.76778,-72.63194,1008.0375
2000-03-31,390006.0,"Pichoy, Valdivia Ad.",-39.65667,-73.08722,1017.7307692307693
2000-03-31,400009.0,"Cañal Bajo,  Osorno Ad.",-40.61444,-73.0575,1014.5384615384615
2000-03-31,410005.0,El Tepual  Puerto Montt Ap.,-41.4475,-73.09583,1013.0625
2000-03-31,430001.0,Quellón Ad.,-43.13361,-73.63278,1021.725
2000-03-31,430002.0,Futaleufú Ad.,-43.18889,-71.85222,982.2
2000-03-31,450001.0,Puerto Aysén Ad.,-45.39944,-72.67722,1023.175
2000-03-31,450004.0,"Teniente Vidal, Coyhaique Ad.",-45.59083,-72.10222,985.0538461538462
2000-03-31,450005.0,Balmaceda Ad.,-45.91833,-71.67778,957.6583333333333
2000-03-31,520006.0,"Carlos Ibañez, Punta Arenas Ap.",-53.00167,-70.83861,1005.5
2000-03-31,530005.0,"Fuentes Martínez, Porvenir Ad.",-53.25361,-70.32611,1007.4
2000-03-31,550001.0,"Guardiamarina Zañartu, Pto Williams Ad.",-54.93167,-67.61556,1007.3555555555556
2000-03-31,950001.0,"C.M.A. Eduardo Frei Montalva, Antártica ",-62.19194,-58.97972,1001.475
2000-04-01,180005.0,"Chacalluta, Arica Ap.",-18.35555,-70.34028,1006.2083333333334
2000-04-01,200006.0,Diego Aracena Iquique Ap.,-20.54917,-70.18111,1006.4125
2000-04-01,220002.0,"El Loa, Calama Ad.",-22.49806,-68.8925,775.55
2000-04-01,270001.0,Mataveri  Isla de Pascua Ap.,-27.15889,-109.4325,1007.3166666666666
2000-04-01,290004.0,"La Florida, La Serena Ad.",-29.91444,-71.20667,997.2333333333333
2000-04-01,330020.0,"Quinta Normal, Santiago",-33.445,-70.68278,952.1200000000001
2000-04-01,330021.0,Pudahuel Santiago ,-33.37833,-70.78778,956.6375
2000-04-01,330030.0,"Santo Domingo, Ad.",-33.65611,-71.61333,1005.6846153846153
2000-04-01,330031.0,"Juan Fernández, Estación Meteorológica.",-33.63583,-78.83305,1012.7
2000-04-01,340031.0,"General Freire, Curicó Ad.",-34.96944,-71.21694,984.9230769230769
2000-04-01,360011.0,"General Bernardo O'Higgins, Chillán Ad.",-36.58583,-72.03667,994.0076923076923
2000-04-01,360019.0,"Carriel Sur, Concepción Ap.",-36.78055,-73.06639,1011.0125
2000-04-01,380013.0,"Maquehue, Temuco Ad.",-38.76778,-72.63194,1002.9583333333334
2000-04-01,390006.0,"Pichoy, Valdivia Ad.",-39.65667,-73.08722,1012.5230769230768
2000-04-01,400009.0,"Cañal Bajo,  Osorno Ad.",-40.61444,-73.0575,1008.7692307692307
2000-04-01,410005.0,El Tepual  Puerto Montt Ap.,-41.4475,-73.09583,1008.8125
2000-04-01,430001.0,Quellón Ad.,-43.13361,-73.63278,1016.375
2000-04-01,430002.0,Futaleufú Ad.,-43.18889,-71.85222,980.4615384615385
2000-04-01,450004.0,"Teniente Vidal, Coyhaique Ad.",-45.59083,-72.10222,981.7
2000-04-01,450005.0,Balmaceda Ad.,-45.91833,-71.67778,960.8111111111111
2000-04-01,520006.0,"Carlos Ibañez, Punta Arenas Ap.",-53.00167,-70.83861,1008.3375
2000-04-01,530005.0,"Fuentes Martínez, Porvenir Ad.",-53.25361,-70.32611,1007.475
2000-04-01,950001.0,"C.M.A. Eduardo Frei Montalva, Antártica ",-62.19194,-58.97972,989.95
2000-04-02,180005.0,"Chacalluta, Arica Ap.",-18.35555,-70.34028,1007.1958333333333
2000-04-02,200006.0,Diego Aracena Iquique Ap.,-20.54917,-70.18111,1007.7625
2000-04-02,220002.0,"El Loa, Calama Ad.",-22.49806,-68.8925,776.4499999999999
2000-04-02,270001.0,Mataveri  Isla de Pascua Ap.,-27.15889,-109.4325,1008.1333333333333
2000-04-02,290004.0,"La Florida, La Serena Ad.",-29.91444,-71.20667,999.7611111111112
2000-04-02,330020.0,"Quinta Normal, Santiago",-33.445,-70.68278,954.5
2000-04-02,330021.0,Pudahuel Santiago ,-33.37833,-70.78778,959.025
2000-04-02,330030.0,"Santo Domingo, Ad.",-33.65611,-71.61333,1008.5538461538462
2000-04-02,330031.0,"Juan Fernández, Estación Meteorológica.",-33.63583,-78.83305,1010.175
2000-04-02,340031.0,"General Freire, Curicó Ad.",-34.96944,-71.21694,988.4846153846154
2000-04-02,360011.0,"General Bernardo O'Higgins, Chillán Ad.",-36.58583,-72.03667,997.3307692307692
2000-04-02,360019.0,"Carriel Sur, Concepción Ap.",-36.78055,-73.06639,1013.9125
2000-04-02,380013.0,"Maquehue, Temuco Ad.",-38.76778,-72.63194,1001.6360000000001
2000-04-02,390006.0,"Pichoy, Valdivia Ad.",-39.65667,-73.08722,1012.0615384615384
2000-04-02,400009.0,"Cañal Bajo,  Osorno Ad.",-40.61444,-73.0575,1005.8785714285714
2000-04-02,410005.0,El Tepual  Puerto Montt Ap.,-41.4475,-73.09583,1002.8125
2000-04-02,430001.0,Quellón Ad.,-43.13361,-73.63278,1009.55
2000-04-02,430002.0,Futaleufú Ad.,-43.18889,-71.85222,973.7538461538461
2000-04-02,450004.0,"Teniente Vidal, Coyhaique Ad.",-45.59083,-72.10222,973.9642857142857
2000-04-02,450005.0,Balmaceda Ad.,-45.91833,-71.67778,954.1080000000001
2000-04-02,520006.0,"Carlos Ibañez, Punta Arenas Ap.",-53.00167,-70.83861,1004.275
2000-04-02,950001.0,"C.M.A. Eduardo Frei Montalva, Antártica ",-62.19194,-58.97972,988.775
2000-04-03,180005.0,"Chacalluta, Arica Ap.",-18.35555,-70.34028,1008.4
2000-04-03,200006.0,Diego Aracena Iquique Ap.,-20.54917,-70.18111,1008.65
2000-04-03,220002.0,"El Loa, Calama Ad.",-22.49806,-68.8925,777.15625
2000-04-03,270001.0,Mataveri  Isla de Pascua Ap.,-27.15889,-109.4325,1009.75
2000-04-03,290004.0,"La Florida, La Serena Ad.",-29.91444,-71.20667,1000.3470588235296
2000-04-03,330020.0,"Quinta Normal, Santiago",-33.445,-70.68278,957.36
2000-04-03,330021.0,Pudahuel Santiago ,-33.37833,-70.78778,962.6125
2000-04-03,330030.0,"Santo Domingo, Ad.",-33.65611,-71.61333,1010.2769230769231
2000-04-03,330031.0,"Juan Fernández, Estación Meteorológica.",-33.63583,-78.83305,1014.5200000000001
2000-04-03,340031.0,"General Freire, Curicó Ad.",-34.96944,-71.21694,991.5071428571429
2000-04-03,360011.0,"General Bernardo O'Higgins, Chillán Ad.",-36.58583,-72.03667,1001.4230769230769
2000-04-03,360019.0,"Carriel Sur, Concepción Ap.",-36.78055,-73.06639,1017.925
2000-04-03,380013.0,"Maquehue, Temuco Ad.",-38.76778,-72.63194,1007.6833333333334
2000-04-03,390006.0,"Pichoy, Valdivia Ad.",-39.65667,-73.08722,1016.623076923077
2000-04-03,400009.0,"Cañal Bajo,  Osorno Ad.",-40.61444,-73.0575,1011.4000000000001
2000-04-03,410005.0,El Tepual  Puerto Montt Ap.,-41.4475,-73.09583,1006.8
2000-04-03,430001.0,Quellón Ad.,-43.13361,-73.63278,1014.05
2000-04-03,430002.0,Futaleufú Ad.,-43.18889,-71.85222,975.3076923076923
2000-04-03,450001.0,Puerto Aysén Ad.,-45.39944,-72.67722,1013.2125
2000-04-03,450004.0,"Teniente Vidal, Coyhaique Ad.",-45.59083,-72.10222,973.7846153846154
2000-04-03,450005.0,Balmaceda Ad.,-45.91833,-71.67778,950.5749999999999
2000-04-03,520006.0,"Carlos Ibañez, Punta Arenas Ap.",-53.00167,-70.83861,1000.4125
2000-04-03,530005.0,"Fuentes Martínez, Porvenir Ad.",-53.25361,-70.32611,1000.6833333333334
2000-04-03,550001.0,"Guardiamarina Zañartu, Pto Williams Ad.",-54.93167,-67.61556,998.5666666666667
2000-04-03,950001.0,"C.M.A. Eduardo Frei Montalva, Antártica ",-62.19194,-58.97972,986.675
2000-04-04,180005.0,"Chacalluta, Arica Ap.",-18.35555,-70.34028,1007.9958333333334
2000-04-04,200006.0,Diego Aracena Iquique Ap.,-20.54917,-70.18111,1008.6375
2000-04-04,220002.0,"El Loa, Calama Ad.",-22.49806,-68.8925,776.05625
2000-04-04,270001.0,Mataveri  Isla de Pascua Ap.,-27.15889,-109.4325,1009.3833333333333
2000-04-04,290004.0,"La Florida, La Serena Ad.",-29.91444,-71.20667,998.1999999999999
2000-04-04,330020.0,"Quinta Normal, Santiago",-33.445,-70.68278,955.0600000000001
2000-04-04,330021.0,Pudahuel Santiago ,-33.37833,-70.78778,960.4125
2000-04-04,330030.0,"Santo Domingo, Ad.",-33.65611,-71.61333,1008.1846153846153
2000-04-04,330031.0,"Juan Fernández, Estación Meteorológica.",-33.63583,-78.83305,1015.9799999999999
2000-04-04,340031.0,"General Freire, Curicó Ad.",-34.96944,-71.21694,989.2846153846154
2000-04-04,360011.0,"General Bernardo O'Higgins, Chillán Ad.",-36.58583,-72.03667,996.8307692307693
2000-04-04,360019.0,"Carriel Sur, Concepción Ap.",-36.78055,-73.06639,1017.5875
2000-04-04,380013.0,"Maquehue, Temuco Ad.",-38.76778,-72.63194,1007.688
2000-04-04,390006.0,"Pichoy, Valdivia Ad.",-39.65667,-73.08722,1015.6846153846153
2000-04-04,400009.0,"Cañal Bajo,  Osorno Ad.",-40.61444,-73.0575,1010.3230769230769
2000-04-04,410005.0,El Tepual  Puerto Montt Ap.,-41.4475,-73.09583,1007.025
2000-04-04,430001.0,Quellón Ad.,-43.13361,-73.63278,1014.35
2000-04-04,430002.0,Futaleufú Ad.,-43.18889,-71.85222,976.1538461538462
2000-04-04,450001.0,Puerto Aysén Ad.,-45.39944,-72.67722,1015.65
2000-04-04,450004.0,"Teniente Vidal, Coyhaique Ad.",-45.59083,-72.10222,976.376923076923
2000-04-04,450005.0,Balmaceda Ad.,-45.91833,-71.67778,954.8625000000001
2000-04-04,520006.0,"Carlos Ibañez, Punta Arenas Ap.",-53.00167,-70.83861,1006.475
2000-04-04,530005.0,"Fuentes Martínez, Porvenir Ad.",-53.25361,-70.32611,1009.9666666666667
2000-04-04,550001.0,"Guardiamarina Zañartu, Pto Williams Ad.",-54.93167,-67.61556,1006.24
2000-04-04,950001.0,"C.M.A. Eduardo Frei Montalva, Antártica ",-62.19194,-58.97972,974.0
2000-04-05,180005.0,"Chacalluta, Arica Ap.",-18.35555,-70.34028,1008.9375
2000-04-05,200006.0,Diego Aracena Iquique Ap.,-20.54917,-70.18111,1009.6375
2000-04-05,220002.0,"El Loa, Calama Ad.",-22.49806,-68.8925,776.5875
2000-04-05,270001.0,Mataveri  Isla de Pascua Ap.,-27.15889,-109.4325,1009.7166666666667
2000-04-05,290004.0,"La Florida, La Serena Ad.",-29.91444,-71.20667,999.3176470588236
2000-04-05,330020.0,"Quinta Normal, Santiago",-33.445,-70.68278,954.28
2000-04-05,330021.0,Pudahuel Santiago ,-33.37833,-70.78778,959.6875
2000-04-05,330030.0,"Santo Domingo, Ad.",-33.65611,-71.61333,1007.0846153846154
2000-04-05,330031.0,"Juan Fernández, Estación Meteorológica.",-33.63583,-78.83305,1018.14
2000-04-05,340031.0,"General Freire, Curicó Ad.",-34.96944,-71.21694,988.7769230769231
2000-04-05,360011.0,"General Bernardo O'Higgins, Chillán Ad.",-36.58583,-72.03667,998.4153846153846
2000-04-05,360019.0,"Carriel Sur, Concepción Ap.",-36.78055,-73.06639,1017.5625
2000-04-05,380013.0,"Maquehue, Temuco Ad.",-38.76778,-72.63194,1008.9291666666667
2000-04-05,390006.0,"Pichoy, Valdivia Ad.",-39.65667,-73.08722,1018.0307692307692
2000-04-05,400009.0,"Cañal Bajo,  Osorno Ad.",-40.61444,-73.0575,1014.0999999999999
2000-04-05,410005.0,El Tepual  Puerto Montt Ap.,-41.4475,-73.09583,1010.8
2000-04-05,430001.0,Quellón Ad.,-43.13361,-73.63278,1019.75
2000-04-05,430002.0,Futaleufú Ad.,-43.18889,-71.85222,979.3076923076923
2000-04-05,450001.0,Puerto Aysén Ad.,-45.39944,-72.67722,1019.8375
2000-04-05,450004.0,"Teniente Vidal, Coyhaique Ad.",-45.59083,-72.10222,980.2692307692307
2000-04-05,450005.0,Balmaceda Ad.,-45.91833,-71.67778,958.0
2000-04-05,520006.0,"Carlos Ibañez, Punta Arenas Ap.",-53.00167,-70.83861,1010.5
2000-04-05,530005.0,"Fuentes Martínez, Porvenir Ad.",-53.25361,-70.32611,1009.2916666666666
2000-04-05,550001.0,"Guardiamarina Zañartu, Pto Williams Ad.",-54.93167,-67.61556,1006.29
2000-04-05,950001.0,"C.M.A. Eduardo Frei Montalva, Antártica ",-62.19194,-58.97972,981.3375
2000-04-06,180005.0,"Chacalluta, Arica Ap.",-18.35555,-70.34028,1008.25
2000-04-06,200006.0,Diego Aracena Iquique Ap.,-20.54917,-70.18111,1008.9875
2000-04-06,220002.0,"El Loa, Calama Ad.",-22.49806,-68.8925,776.15625
2000-04-06,270001.0,Mataveri  Isla de Pascua Ap.,-27.15889,-109.4325,1012.7833333333333
2000-04-06,290004.0,"La Florida, La Serena Ad.",-29.91444,-71.20667,1000.1823529411764
2000-04-06,330020.0,"Quinta Normal, Santiago",-33.445,-70.68278,955.0799999999999
2000-04-06,330021.0,Pudahuel Santiago ,-33.37833,-70.78778,960.075
2000-04-06,330030.0,"Santo Domingo, Ad.",-33.65611,-71.61333,1009.1846153846153
2000-04-06,330031.0,"Juan Fernández, Estación Meteorológica.",-33.63583,-78.83305,1016.0200000000001
2000-04-06,340031.0,"General Freire, Curicó Ad.",-34.96944,-71.21694,988.6153846153846
2000-04-06,360011.0,"General Bernardo O'Higgins, Chillán Ad.",-36.58583,-72.03667,998.323076923077
2000-04-06,360019.0,"Carriel Sur, Concepción Ap.",-36.78055,-73.06639,1015.5375
2000-04-06,380013.0,"Maquehue, Temuco Ad.",-38.76778,-72.63194,1006.1
2000-04-06,390006.0,"Pichoy, Valdivia Ad.",-39.65667,-73.08722,1014.0230769230768
2000-04-06,400009.0,"Cañal Bajo,  Osorno Ad.",-40.61444,-73.0575,1009.5461538461539
2000-04-06,410005.0,El Tepual  Puerto Montt Ap.,-41.4475,-73.09583,1007.6625
2000-04-06,430001.0,Quellón Ad.,-43.13361,-73.63278,1013.425
2000-04-06,430002.0,Futaleufú Ad.,-43.18889,-71.85222,976.1846153846153
2000-04-06,450001.0,Puerto Aysén Ad.,-45.39944,-72.67722,1013.1
2000-04-06,450004.0,"Teniente Vidal, Coyhaique Ad.",-45.59083,-72.10222,972.9000000000001
2000-04-06,450005.0,Balmaceda Ad.,-45.91833,-71.67778,953.5041666666666
2000-04-06,520006.0,"Carlos Ibañez, Punta Arenas Ap.",-53.00167,-70.83861,1002.0375
2000-04-06,530005.0,"Fuentes Martínez, Porvenir Ad.",-53.25361,-70.32611,1000.725
2000-04-06,550001.0,"Guardiamarina Zañartu, Pto Williams Ad.",-54.93167,-67.61556,999.5999999999999
2000-04-06,950001.0,"C.M.A. Eduardo Frei Montalva, Antártica ",-62.19194,-58.97972,982.8375
2000-04-07,180005.0,"Chacalluta, Arica Ap.",-18.35555,-70.34028,1006.7083333333334
2000-04-07,200006.0,Diego Aracena Iquique Ap.,-20.54917,-70.18111,1007.2625
2000-04-07,220002.0,"El Loa, Calama Ad.",-22.49806,-68.8925,775.025
2000-04-07,270001.0,Mataveri  Isla de Pascua Ap.,-27.15889,-109.4325,1015.1166666666667
2000-04-07,290004.0,"La Florida, La Serena Ad.",-29.91444,-71.20667,997.7666666666667
2000-04-07,330020.0,"Quinta Normal, Santiago",-33.445,-70.68278,953.6600000000001
2000-04-07,330021.0,Pudahuel Santiago ,-33.37833,-70.78778,959.625
2000-04-07,330030.0,"Santo Domingo, Ad.",-33.65611,-71.61333,1006.7153846153846
2000-04-07,330031.0,"Juan Fernández, Estación Meteorológica.",-33.63583,-78.83305,1010.1
2000-04-07,340031.0,"General Freire, Curicó Ad.",-34.96944,-71.21694,987.2538461538461
2000-04-07,360011.0,"General Bernardo O'Higgins, Chillán Ad.",-36.58583,-72.03667,997.1538461538462
2000-04-07,360019.0,"Carriel Sur, Concepción Ap.",-36.78055,-73.06639,1014.85
2000-04-07,380013.0,"Maquehue, Temuco Ad.",-38.76778,-72.63194,1003.8541666666666
2000-04-07,390006.0,"Pichoy, Valdivia Ad.",-39.65667,-73.08722,1010.9571428571428
2000-04-07,400009.0,"Cañal Bajo,  Osorno Ad.",-40.61444,-73.0575,1005.4599999999999
2000-04-07,410005.0,El Tepual  Puerto Montt Ap.,-41.4475,-73.09583,1001.8125
2000-04-07,430001.0,Quellón Ad.,-43.13361,-73.63278,1006.975
2000-04-07,430002.0,Futaleufú Ad.,-43.18889,-71.85222,967.7076923076924
2000-04-07,450001.0,Puerto Aysén Ad.,-45.39944,-72.67722,1003.3
2000-04-07,450004.0,"Teniente Vidal, Coyhaique Ad.",-45.59083,-72.10222,964.2307692307693
2000-04-07,450005.0,Balmaceda Ad.,-45.91833,-71.67778,942.3958333333334
2000-04-07,520006.0,"Carlos Ibañez, Punta Arenas Ap.",-53.00167,-70.83861,992.25
2000-04-07,530005.0,"Fuentes Martínez, Porvenir Ad.",-53.25361,-70.32611,991.4923076923077
2000-04-07,550001.0,"Guardiamarina Zañartu, Pto Williams Ad.",-54.93167,-67.61556,996.7166666666667
2000-04-07,950001.0,"C.M.A. Eduardo Frei Montalva, Antártica ",-62.19194,-58.97972,990.3875
2000-04-08,180005.0,"Chacalluta, Arica Ap.",-18.35555,-70.34028,1005.3166666666666
2000-04-08,200006.0,Diego Aracena Iquique Ap.,-20.54917,-70.18111,1005.7875
2000-04-08,220002.0,"El Loa, Calama Ad.",-22.49806,-68.8925,775.18125
2000-04-08,270001.0,Mataveri  Isla de Pascua Ap.,-27.15889,-109.4325,1016.0666666666666
2000-04-08,290004.0,"La Florida, La Serena Ad.",-29.91444,-71.20667,996.7
2000-04-08,330020.0,"Quinta Normal, Santiago",-33.445,-70.68278,951.9799999999999
2000-04-08,330021.0,Pudahuel Santiago ,-33.37833,-70.78778,957.275
2000-04-08,330030.0,"Santo Domingo, Ad.",-33.65611,-71.61333,1006.0461538461539
2000-04-08,330031.0,"Juan Fernández, Estación Meteorológica.",-33.63583,-78.83305,1009.6
2000-04-08,340031.0,"General Freire, Curicó Ad.",-34.96944,-71.21694,986.2923076923076
2000-04-08,360011.0,"General Bernardo O'Higgins, Chillán Ad.",-36.58583,-72.03667,996.4384615384616
2000-04-08,360019.0,"Carriel Sur, Concepción Ap.",-36.78055,-73.06639,1012.2875
2000-04-08,380013.0,"Maquehue, Temuco Ad.",-38.76778,-72.63194,1002.225
2000-04-08,390006.0,"Pichoy, Valdivia Ad.",-39.65667,-73.08722,1011.9461538461538
2000-04-08,400009.0,"Cañal Bajo,  Osorno Ad.",-40.61444,-73.0575,1007.8384615384615
2000-04-08,410005.0,El Tepual  Puerto Montt Ap.,-41.4475,-73.09583,1003.8875
2000-04-08,430001.0,Quellón Ad.,-43.13361,-73.63278,1013.95
2000-04-08,430002.0,Futaleufú Ad.,-43.18889,-71.85222,973.7230769230769
2000-04-08,450004.0,"Teniente Vidal, Coyhaique Ad.",-45.59083,-72.10222,976.6538461538462
2000-04-08,450005.0,Balmaceda Ad.,-45.91833,-71.67778,949.1458333333334
2000-04-08,520006.0,"Carlos Ibañez, Punta Arenas Ap.",-53.00167,-70.83861,1002.0374999999999
2000-04-08,530005.0,"Fuentes Martínez, Porvenir Ad.",-53.25361,-70.32611,1007.8000000000001
2000-04-08,950001.0,"C.M.A. Eduardo Frei Montalva, Antártica ",-62.19194,-58.97972,992.6
2000-04-09,180005.0,"Chacalluta, Arica Ap.",-18.35555,-70.34028,1006.8625000000001
2000-04-09,200006.0,Diego Aracena Iquique Ap.,-20.54917,-70.18111,1007.4
2000-04-09,220002.0,"El Loa, Calama Ad.",-22.49806,-68.8925,775.6083333333332
2000-04-09,270001.0,Mataveri  Isla de Pascua Ap.,-27.15889,-109.4325,1017.4666666666667
2000-04-09,290004.0,"La Florida, La Serena Ad.",-29.91444,-71.20667,999.0117647058823
2000-04-09,330020.0,"Quinta Normal, Santiago",-33.445,-70.68278,955.8
2000-04-09,330021.0,Pudahuel Santiago ,-33.37833,-70.78778,960.725
2000-04-09,330030.0,"Santo Domingo, Ad.",-33.65611,-71.61333,1009.7153846153846
2000-04-09,330031.0,"Juan Fernández, Estación Meteorológica.",-33.63583,-78.83305,1017.875
2000-04-09,340031.0,"General Freire, Curicó Ad.",-34.96944,-71.21694,991.4615384615385
2000-04-09,360011.0,"General Bernardo O'Higgins, Chillán Ad.",-36.58583,-72.03667,1002.5692307692308
2000-04-09,360019.0,"Carriel Sur, Concepción Ap.",-36.78055,-73.06639,1018.2375
2000-04-09,380013.0,"Maquehue, Temuco Ad.",-38.76778,-72.63194,1010.0208333333334
2000-04-09,390006.0,"Pichoy, Valdivia Ad.",-39.65667,-73.08722,1020.1461538461538
2000-04-09,400009.0,"Cañal Bajo,  Osorno Ad.",-40.61444,-73.0575,1015.7307692307693
2000-04-09,410005.0,El Tepual  Puerto Montt Ap.,-41.4475,-73.09583,1011.025
2000-04-09,430001.0,Quellón Ad.,-43.13361,-73.63278,1019.675
2000-04-09,430002.0,Futaleufú Ad.,-43.18889,-71.85222,979.4153846153846
2000-04-09,450004.0,"Teniente Vidal, Coyhaique Ad.",-45.59083,-72.10222,981.4769230769232
2000-04-09,450005.0,Balmaceda Ad.,-45.91833,-71.67778,954.1166666666667
2000-04-09,520006.0,"Carlos Ibañez, Punta Arenas Ap.",-53.00167,-70.83861,1004.25
2000-04-09,950001.0,"C.M.A. Eduardo Frei Montalva, Antártica ",-62.19194,-58.97972,978.8000000000001
2000-04-10,180005.0,"Chacalluta, Arica Ap.",-18.35555,-70.34028,1006.6750000000001
2000-04-10,200006.0,Diego Aracena Iquique Ap.,-20.54917,-70.18111,1007.375
2000-04-10,220002.0,"El Loa, Calama Ad.",-22.49806,-68.8925,776.175
2000-04-10,270001.0,Mataveri  Isla de Pascua Ap.,-27.15889,-109.4325,1014.0833333333334
2000-04-10,290004.0,"La Florida, La Serena Ad.",-29.91444,-71.20667,996.5625
2000-04-10,330020.0,"Quinta Normal, Santiago",-33.445,-70.68278,955.54
2000-04-10,330021.0,Pudahuel Santiago ,-33.37833,-70.78778,960.8875
2000-04-10,330030.0,"Santo Domingo, Ad.",-33.65611,-71.61333,1007.5
2000-04-10,330031.0,"Juan Fernández, Estación Meteorológica.",-33.63583,-78.83305,1020.0
2000-04-10,340031.0,"General Freire, Curicó Ad.",-34.96944,-71.21694,990.9153846153846
2000-04-10,360011.0,"General Bernardo O'Higgins, Chillán Ad.",-36.58583,-72.03667,1001.8846153846154
2000-04-10,360019.0,"Carriel Sur, Concepción Ap.",-36.78055,-73.06639,1020.8
2000-04-10,380013.0,"Maquehue, Temuco Ad.",-38.76778,-72.63194,1013.2166666666667
2000-04-10,390006.0,"Pichoy, Valdivia Ad.",-39.65667,-73.08722,1022.3615384615385
2000-04-10,400009.0,"Cañal Bajo,  Osorno Ad.",-40.61444,-73.0575,1017.3
2000-04-10,410005.0,El Tepual  Puerto Montt Ap.,-41.4475,-73.09583,1015.3875
2000-04-10,430001.0,Quellón Ad.,-43.13361,-73.63278,1021.55
2000-04-10,430002.0,Futaleufú Ad.,-43.18889,-71.85222,982.7
2000-04-10,450001.0,Puerto Aysén Ad.,-45.39944,-72.67722,1020.4875
2000-04-10,450004.0,"Teniente Vidal, Coyhaique Ad.",-45.59083,-72.10222,983.0999999999999
2000-04-10,450005.0,Balmaceda Ad.,-45.91833,-71.67778,956.6541666666667
2000-04-10,520006.0,"Carlos Ibañez, Punta Arenas Ap.",-53.00167,-70.83861,1001.6125
2000-04-10,530005.0,"Fuentes Martínez, Porvenir Ad.",-53.25361,-70.32611,1002.5166666666668
2000-04-10,550001.0,"Guardiamarina Zañartu, Pto Williams Ad.",-54.93167,-67.61556,1000.3299999999999
2000-04-10,950001.0,"C.M.A. Eduardo Frei Montalva, Antártica ",-62.19194,-58.97972,980.025
2000-04-11,180005.0,"Chacalluta, Arica Ap.",-18.35555,-70.34028,1006.4833333333332
2000-04-11,200006.0,Diego Aracena Iquique Ap.,-20.54917,-70.18111,1006.9875000000001
2000-04-11,220002.0,"El Loa, Calama Ad.",-22.49806,-68.8925,775.66875
2000-04-11,270001.0,Mataveri  Isla de Pascua Ap.,-27.15889,-109.4325,1009.9666666666667
2000-04-11,290004.0,"La Florida, La Serena Ad.",-29.91444,-71.20667,995.8100000000001
2000-04-11,330020.0,"Quinta Normal, Santiago",-33.445,-70.68278,952.3399999999999
2000-04-11,330021.0,Pudahuel Santiago ,-33.37833,-70.78778,957.925
2000-04-11,330030.0,"Santo Domingo, Ad.",-33.65611,-71.61333,1003.623076923077
2000-04-11,330031.0,"Juan Fernández, Estación Meteorológica.",-33.63583,-78.83305,1017.0
2000-04-11,340031.0,"General Freire, Curicó Ad.",-34.96944,-71.21694,986.6923076923077
2000-04-11,360011.0,"General Bernardo O'Higgins, Chillán Ad.",-36.58583,-72.03667,996.876923076923
2000-04-11,360019.0,"Carriel Sur, Concepción Ap.",-36.78055,-73.06639,1016.25
2000-04-11,380013.0,"Maquehue, Temuco Ad.",-38.76778,-72.63194,1009.2666666666668
2000-04-11,390006.0,"Pichoy, Valdivia Ad.",-39.65667,-73.08722,1018.0307692307692
2000-04-11,400009.0,"Cañal Bajo,  Osorno Ad.",-40.61444,-73.0575,1014.5384615384615
2000-04-11,410005.0,El Tepual  Puerto Montt Ap.,-41.4475,-73.09583,1012.9
2000-04-11,430001.0,Quellón Ad.,-43.13361,-73.63278,1020.825
2000-04-11,430002.0,Futaleufú Ad.,-43.18889,-71.85222,981.1384615384615
2000-04-11,450001.0,Puerto Aysén Ad.,-45.39944,-72.67722,1021.3375
2000-04-11,450004.0,"Teniente Vidal, Coyhaique Ad.",-45.59083,-72.10222,983.3615384615385
2000-04-11,450005.0,Balmaceda Ad.,-45.91833,-71.67778,955.875
2000-04-11,520006.0,"Carlos Ibañez, Punta Arenas Ap.",-53.00167,-70.83861,998.3125
2000-04-11,530005.0,"Fuentes Martínez, Porvenir Ad.",-53.25361,-70.32611,997.9250000000001
2000-04-11,550001.0,"Guardiamarina Zañartu, Pto Williams Ad.",-54.93167,-67.61556,996.3444444444444
2000-04-11,950001.0,"C.M.A. Eduardo Frei Montalva, Antártica ",-62.19194,-58.97972,967.0625
2000-04-12,180005.0,"Chacalluta, Arica Ap.",-18.35555,-70.34028,1006.9499999999999
2000-04-12,200006.0,Diego Aracena Iquique Ap.,-20.54917,-70.18111,1007.0125
2000-04-12,220002.0,"El Loa, Calama Ad.",-22.49806,-68.8925,775.4
2000-04-12,270001.0,Mataveri  Isla de Pascua Ap.,-27.15889,-109.4325,1011.0333333333333
2000-04-12,290004.0,"La Florida, La Serena Ad.",-29.91444,-71.20667,996.6823529411764
2000-04-12,330020.0,"Quinta Normal, Santiago",-33.445,-70.68278,951.0799999999999
2000-04-12,330021.0,Pudahuel Santiago ,-33.37833,-70.78778,956.1875
2000-04-12,330030.0,"Santo Domingo, Ad.",-33.65611,-71.61333,1005.1153846153846
2000-04-12,330031.0,"Juan Fernández, Estación Meteorológica.",-33.63583,-78.83305,1013.36
2000-04-12,340031.0,"General Freire, Curicó Ad.",-34.96944,-71.21694,984.3692307692307
2000-04-12,360011.0,"General Bernardo O'Higgins, Chillán Ad.",-36.58583,-72.03667,993.9769230769232
2000-04-12,360019.0,"Carriel Sur, Concepción Ap.",-36.78055,-73.06639,1011.625
2000-04-12,380013.0,"Maquehue, Temuco Ad.",-38.76778,-72.63194,1003.1
2000-04-12,390006.0,"Pichoy, Valdivia Ad.",-39.65667,-73.08722,1012.4461538461538
2000-04-12,400009.0,"Cañal Bajo,  Osorno Ad.",-40.61444,-73.0575,1008.2923076923076
2000-04-12,410005.0,El Tepual  Puerto Montt Ap.,-41.4475,-73.09583,1006.0375
2000-04-12,430001.0,Quellón Ad.,-43.13361,-73.63278,1012.75
2000-04-12,430002.0,Futaleufú Ad.,-43.18889,-71.85222,972.3692307692307
2000-04-12,450001.0,Puerto Aysén Ad.,-45.39944,-72.67722,1012.2
2000-04-12,450004.0,"Teniente Vidal, Coyhaique Ad.",-45.59083,-72.10222,973.6307692307693
2000-04-12,450005.0,Balmaceda Ad.,-45.91833,-71.67778,949.725
2000-04-12,520006.0,"Carlos Ibañez, Punta Arenas Ap.",-53.00167,-70.83861,987.9857142857143
2000-04-12,530005.0,"Fuentes Martínez, Porvenir Ad.",-53.25361,-70.32611,989.625
2000-04-12,550001.0,"Guardiamarina Zañartu, Pto Williams Ad.",-54.93167,-67.61556,983.5
2000-04-12,950001.0,"C.M.A. Eduardo Frei Montalva, Antártica ",-62.19194,-58.97972,968.025
2000-04-13,180005.0,"Chacalluta, Arica Ap.",-18.35555,-70.34028,1007.8708333333334
2000-04-13,200006.0,Diego Aracena Iquique Ap.,-20.54917,-70.18111,1008.3375
2000-04-13,220002.0,"El Loa, Calama Ad.",-22.49806,-68.8925,776.53125
2000-04-13,270001.0,Mataveri  Isla de Pascua Ap.,-27.15889,-109.4325,1012.6333333333333
2000-04-13,290004.0,"La Florida, La Serena Ad.",-29.91444,-71.20667,997.9529411764706
2000-04-13,330020.0,"Quinta Normal, Santiago",-33.445,-70.68278,955.2
2000-04-13,330021.0,Pudahuel Santiago ,-33.37833,-70.78778,959.4625
2000-04-13,330030.0,"Santo Domingo, Ad.",-33.65611,-71.61333,1007.3384615384615
2000-04-13,330031.0,"Juan Fernández, Estación Meteorológica.",-33.63583,-78.83305,1011.8799999999999
2000-04-13,340031.0,"General Freire, Curicó Ad.",-34.96944,-71.21694,988.7461538461539
2000-04-13,360011.0,"General Bernardo O'Higgins, Chillán Ad.",-36.58583,-72.03667,997.8615384615385
2000-04-13,360019.0,"Carriel Sur, Concepción Ap.",-36.78055,-73.06639,1013.4625
2000-04-13,380013.0,"Maquehue, Temuco Ad.",-38.76778,-72.63194,1004.275
2000-04-13,390006.0,"Pichoy, Valdivia Ad.",-39.65667,-73.08722,1013.7846153846154
2000-04-13,400009.0,"Cañal Bajo,  Osorno Ad.",-40.61444,-73.0575,1009.2461538461539
2000-04-13,410005.0,El Tepual  Puerto Montt Ap.,-41.4475,-73.09583,1006.0625
2000-04-13,430001.0,Quellón Ad.,-43.13361,-73.63278,1014.7
2000-04-13,430002.0,Futaleufú Ad.,-43.18889,-71.85222,974.0384615384615
2000-04-13,450001.0,Puerto Aysén Ad.,-45.39944,-72.67722,1016.25
2000-04-13,450004.0,"Teniente Vidal, Coyhaique Ad.",-45.59083,-72.10222,977.6923076923077
2000-04-13,450005.0,Balmaceda Ad.,-45.91833,-71.67778,951.025
2000-04-13,520006.0,"Carlos Ibañez, Punta Arenas Ap.",-53.00167,-70.83861,994.9125
2000-04-13,530005.0,"Fuentes Martínez, Porvenir Ad.",-53.25361,-70.32611,997.475
2000-04-13,550001.0,"Guardiamarina Zañartu, Pto Williams Ad.",-54.93167,-67.61556,993.9888888888888
2000-04-13,950001.0,"C.M.A. Eduardo Frei Montalva, Antártica ",-62.19194,-58.97972,969.5
2000-04-14,180005.0,"Chacalluta, Arica Ap.",-18.35555,-70.34028,1008.1208333333334
2000-04-14,200006.0,Diego Aracena Iquique Ap.,-20.54917,-70.18111,1008.7625
2000-04-14,220002.0,"El Loa, Calama Ad.",-22.49806,-68.8925,777.00625
2000-04-14,270001.0,Mataveri  Isla de Pascua Ap.,-27.15889,-109.4325,1010.7333333333332
2000-04-14,290004.0,"La Florida, La Serena Ad.",-29.91444,-71.20667,999.364705882353
2000-04-14,330020.0,"Quinta Normal, Santiago",-33.445,-70.68278,955.1
2000-04-14,330021.0,Pudahuel Santiago ,-33.37833,-70.78778,960.1875
2000-04-14,330030.0,"Santo Domingo, Ad.",-33.65611,-71.61333,1007.3923076923077
2000-04-14,330031.0,"Juan Fernández, Estación Meteorológica.",-33.63583,-78.83305,1011.5600000000001
2000-04-14,340031.0,"General Freire, Curicó Ad.",-34.96944,-71.21694,988.3076923076923
2000-04-14,360011.0,"General Bernardo O'Higgins, Chillán Ad.",-36.58583,-72.03667,997.4615384615385
2000-04-14,360019.0,"Carriel Sur, Concepción Ap.",-36.78055,-73.06639,1013.75
2000-04-14,380013.0,"Maquehue, Temuco Ad.",-38.76778,-72.63194,1004.3692307692307
2000-04-14,390006.0,"Pichoy, Valdivia Ad.",-39.65667,-73.08722,1013.8076923076923
2000-04-14,400009.0,"Cañal Bajo,  Osorno Ad.",-40.61444,-73.0575,1010.0999999999999
2000-04-14,410005.0,El Tepual  Puerto Montt Ap.,-41.4475,-73.09583,1007.75
2000-04-14,430001.0,Quellón Ad.,-43.13361,-73.63278,1016.35
2000-04-14,430002.0,Futaleufú Ad.,-43.18889,-71.85222,976.4923076923077
2000-04-14,450001.0,Puerto Aysén Ad.,-45.39944,-72.67722,1018.3375
2000-04-14,450004.0,"Teniente Vidal, Coyhaique Ad.",-45.59083,-72.10222,980.876923076923
2000-04-14,450005.0,Balmaceda Ad.,-45.91833,-71.67778,955.475
2000-04-14,520006.0,"Carlos Ibañez, Punta Arenas Ap.",-53.00167,-70.83861,999.825
2000-04-14,530005.0,"Fuentes Martínez, Porvenir Ad.",-53.25361,-70.32611,1002.3181818181819
2000-04-14,550001.0,"Guardiamarina Zañartu, Pto Williams Ad.",-54.93167,-67.61556,996.9399999999999
2000-04-14,950001.0,"C.M.A. Eduardo Frei Montalva, Antártica ",-62.19194,-58.97972,977.3375
2000-04-15,180005.0,"Chacalluta, Arica Ap.",-18.35555,-70.34028,1008.0666666666666
2000-04-15,200006.0,Diego Aracena Iquique Ap.,-20.54917,-70.18111,1008.35
2000-04-15,220002.0,"El Loa, Calama Ad.",-22.49806,-68.8925,776.81875
2000-04-15,270001.0,Mataveri  Isla de Pascua Ap.,-27.15889,-109.4325,1010.6
2000-04-15,290004.0,"La Florida, La Serena Ad.",-29.91444,-71.20667,999.1588235294118
2000-04-15,330020.0,"Quinta Normal, Santiago",-33.445,-70.68278,956.18
2000-04-15,330021.0,Pudahuel Santiago ,-33.37833,-70.78778,961.6625
2000-04-15,330030.0,"Santo Domingo, Ad.",-33.65611,-71.61333,1008.0153846153846
2000-04-15,330031.0,"Juan Fernández, Estación Meteorológica.",-33.63583,-78.83305,1015.15
2000-04-15,340031.0,"General Freire, Curicó Ad.",-34.96944,-71.21694,989.6615384615385
2000-04-15,360011.0,"General Bernardo O'Higgins, Chillán Ad.",-36.58583,-72.03667,1000.8083333333334
2000-04-15,360019.0,"Carriel Sur, Concepción Ap.",-36.78055,-73.06639,1016.8125
2000-04-15,380013.0,"Maquehue, Temuco Ad.",-38.76778,-72.63194,1007.65
2000-04-15,390006.0,"Pichoy, Valdivia Ad.",-39.65667,-73.08722,1018.6076923076923
2000-04-15,400009.0,"Cañal Bajo,  Osorno Ad.",-40.61444,-73.0575,1014.2615384615384
2000-04-15,410005.0,El Tepual  Puerto Montt Ap.,-41.4475,-73.09583,1010.525
2000-04-15,430001.0,Quellón Ad.,-43.13361,-73.63278,1020.45
2000-04-15,430002.0,Futaleufú Ad.,-43.18889,-71.85222,982.6461538461538
2000-04-15,450004.0,"Teniente Vidal, Coyhaique Ad.",-45.59083,-72.10222,987.4571428571428
2000-04-15,450005.0,Balmaceda Ad.,-45.91833,-71.67778,961.1875
2000-04-15,520006.0,"Carlos Ibañez, Punta Arenas Ap.",-53.00167,-70.83861,1014.0625
2000-04-15,530005.0,"Fuentes Martínez, Porvenir Ad.",-53.25361,-70.32611,1016.6416666666668
2000-04-15,950001.0,"C.M.A. Eduardo Frei Montalva, Antártica ",-62.19194,-58.97972,990.375
2000-04-16,180005.0,"Chacalluta, Arica Ap.",-18.35555,-70.34028,1010.1374999999999
2000-04-16,200006.0,Diego Aracena Iquique Ap.,-20.54917,-70.18111,1010.5625
2000-04-16,220002.0,"El Loa, Calama Ad.",-22.49806,-68.8925,777.0833333333334
2000-04-16,270001.0,Mataveri  Isla de Pascua Ap.,-27.15889,-109.4325,1012.6833333333334
2000-04-16,290004.0,"La Florida, La Serena Ad.",-29.91444,-71.20667,1000.9411764705883
2000-04-16,330020.0,"Quinta Normal, Santiago",-33.445,-70.68278,956.0600000000001
2000-04-16,330021.0,Pudahuel Santiago ,-33.37833,-70.78778,961.0125
2000-04-16,330030.0,"Santo Domingo, Ad.",-33.65611,-71.61333,1009.8
2000-04-16,330031.0,"Juan Fernández, Estación Meteorológica.",-33.63583,-78.83305,1016.8
2000-04-16,340031.0,"General Freire, Curicó Ad.",-34.96944,-71.21694,990.1615384615385
2000-04-16,360011.0,"General Bernardo O'Higgins, Chillán Ad.",-36.58583,-72.03667,999.1833333333334
2000-04-16,360019.0,"Carriel Sur, Concepción Ap.",-36.78055,-73.06639,1016.225
2000-04-16,380013.0,"Maquehue, Temuco Ad.",-38.76778,-72.63194,1006.8439999999999
2000-04-16,390006.0,"Pichoy, Valdivia Ad.",-39.65667,-73.08722,1016.6846153846153
2000-04-16,400009.0,"Cañal Bajo,  Osorno Ad.",-40.61444,-73.0575,1013.7461538461539
2000-04-16,410005.0,El Tepual  Puerto Montt Ap.,-41.4475,-73.09583,1011.5375
2000-04-16,430001.0,Quellón Ad.,-43.13361,-73.63278,1019.9
2000-04-16,430002.0,Futaleufú Ad.,-43.18889,-71.85222,983.8846153846154
2000-04-16,450004.0,"Teniente Vidal, Coyhaique Ad.",-45.59083,-72.10222,988.823076923077
2000-04-16,450005.0,Balmaceda Ad.,-45.91833,-71.67778,964.2541666666666
2000-04-16,520006.0,"Carlos Ibañez, Punta Arenas Ap.",-53.00167,-70.83861,1018.9
2000-04-16,950001.0,"C.M.A. Eduardo Frei Montalva, Antártica ",-62.19194,-58.97972,987.6625
2000-04-17,180005.0,"Chacalluta, Arica Ap.",-18.35555,-70.34028,1009.8125
2000-04-17,200006.0,Diego Aracena Iquique Ap.,-20.54917,-70.18111,1010.9
2000-04-17,220002.0,"El Loa, Calama Ad.",-22.49806,-68.8925,777.01875
2000-04-17,270001.0,Mataveri  Isla de Pascua Ap.,-27.15889,-109.4325,1013.65
2000-04-17,290004.0,"La Florida, La Serena Ad.",-29.91444,-71.20667,1001.8705882352941
2000-04-17,330020.0,"Quinta Normal, Santiago",-33.445,-70.68278,958.4399999999999
2000-04-17,330021.0,Pudahuel Santiago ,-33.37833,-70.78778,963.4375
2000-04-17,330030.0,"Santo Domingo, Ad.",-33.65611,-71.61333,1011.5846153846154
2000-04-17,330031.0,"Juan Fernández, Estación Meteorológica.",-33.63583,-78.83305,1018.1
2000-04-17,340031.0,"General Freire, Curicó Ad.",-34.96944,-71.21694,992.3
2000-04-17,360011.0,"General Bernardo O'Higgins, Chillán Ad.",-36.58583,-72.03667,1002.1833333333334
2000-04-17,360019.0,"Carriel Sur, Concepción Ap.",-36.78055,-73.06639,1018.9875
2000-04-17,380013.0,"Maquehue, Temuco Ad.",-38.76778,-72.63194,1008.1208333333334
2000-04-17,390006.0,"Pichoy, Valdivia Ad.",-39.65667,-73.08722,1017.2076923076924
2000-04-17,400009.0,"Cañal Bajo,  Osorno Ad.",-40.61444,-73.0575,1012.9499999999999
2000-04-17,410005.0,El Tepual  Puerto Montt Ap.,-41.4475,-73.09583,1010.2375
2000-04-17,430001.0,Quellón Ad.,-43.13361,-73.63278,1017.875
2000-04-17,430002.0,Futaleufú Ad.,-43.18889,-71.85222,980.4538461538461
2000-04-17,450001.0,Puerto Aysén Ad.,-45.39944,-72.67722,1019.4375
2000-04-17,450004.0,"Teniente Vidal, Coyhaique Ad.",-45.59083,-72.10222,982.5153846153846
2000-04-17,450005.0,Balmaceda Ad.,-45.91833,-71.67778,958.8916666666668
2000-04-17,520006.0,"Carlos Ibañez, Punta Arenas Ap.",-53.00167,-70.83861,1007.725
2000-04-17,530005.0,"Fuentes Martínez, Porvenir Ad.",-53.25361,-70.32611,1005.9916666666667
2000-04-17,550001.0,"Guardiamarina Zañartu, Pto Williams Ad.",-54.93167,-67.61556,1003.0444444444444
2000-04-17,950001.0,"C.M.A. Eduardo Frei Montalva, Antártica ",-62.19194,-58.97972,990.7375
2000-04-18,180005.0,"Chacalluta, Arica Ap.",-18.35555,-70.34028,1009.3416666666667
2000-04-18,200006.0,Diego Aracena Iquique Ap.,-20.54917,-70.18111,1010.4
2000-04-18,220002.0,"El Loa, Calama Ad.",-22.49806,-68.8925,776.81875
2000-04-18,270001.0,Mataveri  Isla de Pascua Ap.,-27.15889,-109.4325,1013.25
2000-04-18,290004.0,"La Florida, La Serena Ad.",-29.91444,-71.20667,1001.25
2000-04-18,330020.0,"Quinta Normal, Santiago",-33.445,-70.68278,957.5600000000001
2000-04-18,330021.0,Pudahuel Santiago ,-33.37833,-70.78778,963.2125
2000-04-18,330030.0,"Santo Domingo, Ad.",-33.65611,-71.61333,1010.3538461538462
2000-04-18,330031.0,"Juan Fernández, Estación Meteorológica.",-33.63583,-78.83305,1018.1200000000001
2000-04-18,340031.0,"General Freire, Curicó Ad.",-34.96944,-71.21694,991.5692307692308
2000-04-18,360011.0,"General Bernardo O'Higgins, Chillán Ad.",-36.58583,-72.03667,1001.8833333333333
2000-04-18,360019.0,"Carriel Sur, Concepción Ap.",-36.78055,-73.06639,1019.8
2000-04-18,380013.0,"Maquehue, Temuco Ad.",-38.76778,-72.63194,1009.975
2000-04-18,390006.0,"Pichoy, Valdivia Ad.",-39.65667,-73.08722,1018.6307692307693
2000-04-18,400009.0,"Cañal Bajo,  Osorno Ad.",-40.61444,-73.0575,1013.7214285714286
2000-04-18,410005.0,El Tepual  Puerto Montt Ap.,-41.4475,-73.09583,1010.0875
2000-04-18,430001.0,Quellón Ad.,-43.13361,-73.63278,1018.1
2000-04-18,430002.0,Futaleufú Ad.,-43.18889,-71.85222,977.5999999999999
2000-04-18,450001.0,Puerto Aysén Ad.,-45.39944,-72.67722,1017.15
2000-04-18,450004.0,"Teniente Vidal, Coyhaique Ad.",-45.59083,-72.10222,979.0846153846154
2000-04-18,450005.0,Balmaceda Ad.,-45.91833,-71.67778,953.7916666666666
2000-04-18,520006.0,"Carlos Ibañez, Punta Arenas Ap.",-53.00167,-70.83861,1002.8875
2000-04-18,530005.0,"Fuentes Martínez, Porvenir Ad.",-53.25361,-70.32611,1002.8833333333333
2000-04-18,550001.0,"Guardiamarina Zañartu, Pto Williams Ad.",-54.93167,-67.61556,1001.7222222222222
2000-04-18,950001.0,"C.M.A. Eduardo Frei Montalva, Antártica ",-62.19194,-58.97972,987.8625
2000-04-19,180005.0,"Chacalluta, Arica Ap.",-18.35555,-70.34028,1008.775
2000-04-19,200006.0,Diego Aracena Iquique Ap.,-20.54917,-70.18111,1009.5625
2000-04-19,220002.0,"El Loa, Calama Ad.",-22.49806,-68.8925,776.69375
2000-04-19,270001.0,Mataveri  Isla de Pascua Ap.,-27.15889,-109.4325,1012.7333333333332
2000-04-19,290004.0,"La Florida, La Serena Ad.",-29.91444,-71.20667,1000.464705882353
2000-04-19,330020.0,"Quinta Normal, Santiago",-33.445,-70.68278,956.1200000000001
2000-04-19,330021.0,Pudahuel Santiago ,-33.37833,-70.78778,961.325
2000-04-19,330030.0,"Santo Domingo, Ad.",-33.65611,-71.61333,1010.2538461538461
2000-04-19,330031.0,"Juan Fernández, Estación Meteorológica.",-33.63583,-78.83305,1016.9200000000001
2000-04-19,340031.0,"General Freire, Curicó Ad.",-34.96944,-71.21694,990.9923076923077
2000-04-19,360011.0,"General Bernardo O'Higgins, Chillán Ad.",-36.58583,-72.03667,1001.0333333333333
2000-04-19,360019.0,"Carriel Sur, Concepción Ap.",-36.78055,-73.06639,1017.8
2000-04-19,380013.0,"Maquehue, Temuco Ad.",-38.76778,-72.63194,1008.4458333333333
2000-04-19,390006.0,"Pichoy, Valdivia Ad.",-39.65667,-73.08722,1017.1076923076923
2000-04-19,400009.0,"Cañal Bajo,  Osorno Ad.",-40.61444,-73.0575,1012.0846153846154
2000-04-19,410005.0,El Tepual  Puerto Montt Ap.,-41.4475,-73.09583,1009.0125
2000-04-19,430001.0,Quellón Ad.,-43.13361,-73.63278,1015.15
2000-04-19,430002.0,Futaleufú Ad.,-43.18889,-71.85222,975.8615384615385
2000-04-19,450001.0,Puerto Aysén Ad.,-45.39944,-72.67722,1015.7625
2000-04-19,450004.0,"Teniente Vidal, Coyhaique Ad.",-45.59083,-72.10222,978.9923076923077
2000-04-19,450005.0,Balmaceda Ad.,-45.91833,-71.67778,953.75
2000-04-19,520006.0,"Carlos Ibañez, Punta Arenas Ap.",-53.00167,-70.83861,1006.65
2000-04-19,530005.0,"Fuentes Martínez, Porvenir Ad.",-53.25361,-70.32611,1006.875
2000-04-19,550001.0,"Guardiamarina Zañartu, Pto Williams Ad.",-54.93167,-67.61556,1007.7666666666667
2000-04-19,950001.0,"C.M.A. Eduardo Frei Montalva, Antártica ",-62.19194,-58.97972,990.65
2000-04-20,180005.0,"Chacalluta, Arica Ap.",-18.35555,-70.34028,1008.7166666666667
2000-04-20,200006.0,Diego Aracena Iquique Ap.,-20.54917,-70.18111,1009.2875
2000-04-20,220002.0,"El Loa, Calama Ad.",-22.49806,-68.8925,776.18125
2000-04-20,270001.0,Mataveri  Isla de Pascua Ap.,-27.15889,-109.4325,1012.7166666666667
2000-04-20,290004.0,"La Florida, La Serena Ad.",-29.91444,-71.20667,999.5823529411765
2000-04-20,330020.0,"Quinta Normal, Santiago",-33.445,-70.68278,956.5
2000-04-20,330021.0,Pudahuel Santiago ,-33.37833,-70.78778,961.9625
2000-04-20,330030.0,"Santo Domingo, Ad.",-33.65611,-71.61333,1009.3
2000-04-20,330031.0,"Juan Fernández, Estación Meteorológica.",-33.63583,-78.83305,1017.9200000000001
2000-04-20,340031.0,"General Freire, Curicó Ad.",-34.96944,-71.21694,990.8615384615385
2000-04-20,360011.0,"General Bernardo O'Higgins, Chillán Ad.",-36.58583,-72.03667,1001.3249999999999
2000-04-20,360019.0,"Carriel Sur, Concepción Ap.",-36.78055,-73.06639,1019.025
2000-04-20,380013.0,"Maquehue, Temuco Ad.",-38.76778,-72.63194,1009.8625000000001
2000-04-20,390006.0,"Pichoy, Valdivia Ad.",-39.65667,-73.08722,1018.6615384615385
2000-04-20,400009.0,"Cañal Bajo,  Osorno Ad.",-40.61444,-73.0575,1013.0384615384615
2000-04-20,410005.0,El Tepual  Puerto Montt Ap.,-41.4475,-73.09583,1009.2625
2000-04-20,430001.0,Quellón Ad.,-43.13361,-73.63278,1015.275
2000-04-20,430002.0,Futaleufú Ad.,-43.18889,-71.85222,975.4230769230769
2000-04-20,450001.0,Puerto Aysén Ad.,-45.39944,-72.67722,1006.95
2000-04-20,450004.0,"Teniente Vidal, Coyhaique Ad.",-45.59083,-72.10222,973.9615384615385
2000-04-20,450005.0,Balmaceda Ad.,-45.91833,-71.67778,951.6625
2000-04-20,520006.0,"Carlos Ibañez, Punta Arenas Ap.",-53.00167,-70.83861,994.9375
2000-04-20,530005.0,"Fuentes Martínez, Porvenir Ad.",-53.25361,-70.32611,990.1750000000001
2000-04-20,550001.0,"Guardiamarina Zañartu, Pto Williams Ad.",-54.93167,-67.61556,995.3857142857142
2000-04-20,950001.0,"C.M.A. Eduardo Frei Montalva, Antártica ",-62.19194,-58.97972,997.2125
2000-04-21,180005.0,"Chacalluta, Arica Ap.",-18.35555,-70.34028,1008.4625
2000-04-21,200006.0,Diego Aracena Iquique Ap.,-20.54917,-70.18111,1009.2
2000-04-21,220002.0,"El Loa, Calama Ad.",-22.49806,-68.8925,776.35
2000-04-21,270001.0,Mataveri  Isla de Pascua Ap.,-27.15889,-109.4325,1012.15
2000-04-21,290004.0,"La Florida, La Serena Ad.",-29.91444,-71.20667,1000.0941176470587
2000-04-21,330020.0,"Quinta Normal, Santiago",-33.445,-70.68278,957.64
2000-04-21,330021.0,Pudahuel Santiago ,-33.37833,-70.78778,961.0375
2000-04-21,330030.0,"Santo Domingo, Ad.",-33.65611,-71.61333,1008.4615384615385
2000-04-21,330031.0,"Juan Fernández, Estación Meteorológica.",-33.63583,-78.83305,1018.55
2000-04-21,340031.0,"General Freire, Curicó Ad.",-34.96944,-71.21694,990.5692307692308
2000-04-21,360011.0,"General Bernardo O'Higgins, Chillán Ad.",-36.58583,-72.03667,1000.3416666666667
2000-04-21,360019.0,"Carriel Sur, Concepción Ap.",-36.78055,-73.06639,1018.5
2000-04-21,380013.0,"Maquehue, Temuco Ad.",-38.76778,-72.63194,1010.4680000000001
2000-04-21,390006.0,"Pichoy, Valdivia Ad.",-39.65667,-73.08722,1019.1076923076923
2000-04-21,400009.0,"Cañal Bajo,  Osorno Ad.",-40.61444,-73.0575,1013.2
2000-04-21,410005.0,El Tepual  Puerto Montt Ap.,-41.4475,-73.09583,1009.675
2000-04-21,430001.0,Quellón Ad.,-43.13361,-73.63278,1014.65
2000-04-21,430002.0,Futaleufú Ad.,-43.18889,-71.85222,974.3076923076923
2000-04-21,450004.0,"Teniente Vidal, Coyhaique Ad.",-45.59083,-72.10222,973.8846153846154
2000-04-21,450005.0,Balmaceda Ad.,-45.91833,-71.67778,948.1750000000001
2000-04-21,520006.0,"Carlos Ibañez, Punta Arenas Ap.",-53.00167,-70.83861,993.425
2000-04-21,530005.0,"Fuentes Martínez, Porvenir Ad.",-53.25361,-70.32611,996.4250000000001
2000-04-21,950001.0,"C.M.A. Eduardo Frei Montalva, Antártica ",-62.19194,-58.97972,987.8375
2000-04-22,180005.0,"Chacalluta, Arica Ap.",-18.35555,-70.34028,1004.5583333333334
2000-04-22,200006.0,Diego Aracena Iquique Ap.,-20.54917,-70.18111,1007.6
2000-04-22,220002.0,"El Loa, Calama Ad.",-22.49806,-68.8925,775.2583333333333
2000-04-22,270001.0,Mataveri  Isla de Pascua Ap.,-27.15889,-109.4325,1011.3000000000001
2000-04-22,290004.0,"La Florida, La Serena Ad.",-29.91444,-71.20667,997.6764705882352
2000-04-22,330020.0,"Quinta Normal, Santiago",-33.445,-70.68278,954.4799999999999
2000-04-22,330021.0,Pudahuel Santiago ,-33.37833,-70.78778,960.2
2000-04-22,330030.0,"Santo Domingo, Ad.",-33.65611,-71.61333,1005.7461538461539
2000-04-22,330031.0,"Juan Fernández, Estación Meteorológica.",-33.63583,-78.83305,1017.7249999999999
2000-04-22,340031.0,"General Freire, Curicó Ad.",-34.96944,-71.21694,989.1384615384616
2000-04-22,360011.0,"General Bernardo O'Higgins, Chillán Ad.",-36.58583,-72.03667,999.775
2000-04-22,360019.0,"Carriel Sur, Concepción Ap.",-36.78055,-73.06639,1018.3625
2000-04-22,380013.0,"Maquehue, Temuco Ad.",-38.76778,-72.63194,1009.404
2000-04-22,390006.0,"Pichoy, Valdivia Ad.",-39.65667,-73.08722,1016.7384615384616
2000-04-22,400009.0,"Cañal Bajo,  Osorno Ad.",-40.61444,-73.0575,1010.1923076923077
2000-04-22,410005.0,El Tepual  Puerto Montt Ap.,-41.4475,-73.09583,1006.0
2000-04-22,430001.0,Quellón Ad.,-43.13361,-73.63278,1009.175
2000-04-22,430002.0,Futaleufú Ad.,-43.18889,-71.85222,967.7615384615384
2000-04-22,450004.0,"Teniente Vidal, Coyhaique Ad.",-45.59083,-72.10222,966.2
2000-04-22,450005.0,Balmaceda Ad.,-45.91833,-71.67778,939.1958333333333
2000-04-22,520006.0,"Carlos Ibañez, Punta Arenas Ap.",-53.00167,-70.83861,992.1125
2000-04-22,530005.0,"Fuentes Martínez, Porvenir Ad.",-53.25361,-70.32611,995.4416666666666
2000-04-22,950001.0,"C.M.A. Eduardo Frei Montalva, Antártica ",-62.19194,-58.97972,984.5875
2000-04-23,180005.0,"Chacalluta, Arica Ap.",-18.35555,-70.34028,1007.1291666666666
2000-04-23,200006.0,Diego Aracena Iquique Ap.,-20.54917,-70.18111,1007.6
2000-04-23,220002.0,"El Loa, Calama Ad.",-22.49806,-68.8925,775.4416666666666
2000-04-23,270001.0,Mataveri  Isla de Pascua Ap.,-27.15889,-109.4325,1010.2666666666668
2000-04-23,290004.0,"La Florida, La Serena Ad.",-29.91444,-71.20667,997.36
2000-04-23,330020.0,"Quinta Normal, Santiago",-33.445,-70.68278,951.4799999999999
2000-04-23,330021.0,Pudahuel Santiago ,-33.37833,-70.78778,956.7625
2000-04-23,330030.0,"Santo Domingo, Ad.",-33.65611,-71.61333,1004.6692307692308
2000-04-23,330031.0,"Juan Fernández, Estación Meteorológica.",-33.63583,-78.83305,1013.85
2000-04-23,340031.0,"General Freire, Curicó Ad.",-34.96944,-71.21694,985.2307692307693
2000-04-23,360011.0,"General Bernardo O'Higgins, Chillán Ad.",-36.58583,-72.03667,995.0333333333333
2000-04-23,360019.0,"Carriel Sur, Concepción Ap.",-36.78055,-73.06639,1013.5375
2000-04-23,380013.0,"Maquehue, Temuco Ad.",-38.76778,-72.63194,1004.9208333333332
2000-04-23,390006.0,"Pichoy, Valdivia Ad.",-39.65667,-73.08722,1012.2076923076924
2000-04-23,400009.0,"Cañal Bajo,  Osorno Ad.",-40.61444,-73.0575,1007.1538461538462
2000-04-23,410005.0,El Tepual  Puerto Montt Ap.,-41.4475,-73.09583,1002.9375
2000-04-23,430001.0,Quellón Ad.,-43.13361,-73.63278,1009.1
2000-04-23,430002.0,Futaleufú Ad.,-43.18889,-71.85222,968.6
2000-04-23,450004.0,"Teniente Vidal, Coyhaique Ad.",-45.59083,-72.10222,968.2615384615384
2000-04-23,450005.0,Balmaceda Ad.,-45.91833,-71.67778,937.5166666666668
2000-04-23,520006.0,"Carlos Ibañez, Punta Arenas Ap.",-53.00167,-70.83861,992.025
2000-04-23,950001.0,"C.M.A. Eduardo Frei Montalva, Antártica ",-62.19194,-58.97972,985.0875
2000-04-24,180005.0,"Chacalluta, Arica Ap.",-18.35555,-70.34028,1009.0083333333333
2000-04-24,200006.0,Diego Aracena Iquique Ap.,-20.54917,-70.18111,1009.6
2000-04-24,220002.0,"El Loa, Calama Ad.",-22.49806,-68.8925,776.7625
2000-04-24,270001.0,Mataveri  Isla de Pascua Ap.,-27.15889,-109.4325,1010.3333333333334
2000-04-24,290004.0,"La Florida, La Serena Ad.",-29.91444,-71.20667,1000.535294117647
2000-04-24,330020.0,"Quinta Normal, Santiago",-33.445,-70.68278,956.3
2000-04-24,330021.0,Pudahuel Santiago ,-33.37833,-70.78778,960.8375
2000-04-24,330030.0,"Santo Domingo, Ad.",-33.65611,-71.61333,1009.5538461538462
2000-04-24,330031.0,"Juan Fernández, Estación Meteorológica.",-33.63583,-78.83305,1010.8799999999999
2000-04-24,340031.0,"General Freire, Curicó Ad.",-34.96944,-71.21694,990.623076923077
2000-04-24,360011.0,"General Bernardo O'Higgins, Chillán Ad.",-36.58583,-72.03667,999.2416666666667
2000-04-24,360019.0,"Carriel Sur, Concepción Ap.",-36.78055,-73.06639,1014.1374999999999
2000-04-24,380013.0,"Maquehue, Temuco Ad.",-38.76778,-72.63194,1002.3874999999999
2000-04-24,390006.0,"Pichoy, Valdivia Ad.",-39.65667,-73.08722,1009.2846153846154
2000-04-24,400009.0,"Cañal Bajo,  Osorno Ad.",-40.61444,-73.0575,1002.1999999999999
2000-04-24,410005.0,El Tepual  Puerto Montt Ap.,-41.4475,-73.09583,998.4
2000-04-24,430001.0,Quellón Ad.,-43.13361,-73.63278,999.8
2000-04-24,430002.0,Futaleufú Ad.,-43.18889,-71.85222,962.7846153846154
2000-04-24,450001.0,Puerto Aysén Ad.,-45.39944,-72.67722,999.1
2000-04-24,450004.0,"Teniente Vidal, Coyhaique Ad.",-45.59083,-72.10222,963.4923076923077
2000-04-24,450005.0,Balmaceda Ad.,-45.91833,-71.67778,940.8125
2000-04-24,520006.0,"Carlos Ibañez, Punta Arenas Ap.",-53.00167,-70.83861,992.325
2000-04-24,530005.0,"Fuentes Martínez, Porvenir Ad.",-53.25361,-70.32611,989.1166666666667
2000-04-24,550001.0,"Guardiamarina Zañartu, Pto Williams Ad.",-54.93167,-67.61556,992.7444444444445
2000-04-24,950001.0,"C.M.A. Eduardo Frei Montalva, Antártica ",-62.19194,-58.97972,990.9375
2000-04-25,180005.0,"Chacalluta, Arica Ap.",-18.35555,-70.34028,1008.8249999999999
2000-04-25,200006.0,Diego Aracena Iquique Ap.,-20.54917,-70.18111,1009.375
2000-04-25,220002.0,"El Loa, Calama Ad.",-22.49806,-68.8925,776.975
2000-04-25,270001.0,Mataveri  Isla de Pascua Ap.,-27.15889,-109.4325,1010.2833333333333
2000-04-25,290004.0,"La Florida, La Serena Ad.",-29.91444,-71.20667,1000.2117647058823
2000-04-25,330020.0,"Quinta Normal, Santiago",-33.445,-70.68278,955.82
2000-04-25,330021.0,Pudahuel Santiago ,-33.37833,-70.78778,962.525
2000-04-25,330030.0,"Santo Domingo, Ad.",-33.65611,-71.61333,1010.2846153846154
2000-04-25,330031.0,"Juan Fernández, Estación Meteorológica.",-33.63583,-78.83305,1015.5200000000001
2000-04-25,340031.0,"General Freire, Curicó Ad.",-34.96944,-71.21694,992.1615384615385
2000-04-25,360011.0,"General Bernardo O'Higgins, Chillán Ad.",-36.58583,-72.03667,1002.2333333333332
2000-04-25,360019.0,"Carriel Sur, Concepción Ap.",-36.78055,-73.06639,1016.9875
2000-04-25,380013.0,"Maquehue, Temuco Ad.",-38.76778,-72.63194,1005.625
2000-04-25,390006.0,"Pichoy, Valdivia Ad.",-39.65667,-73.08722,1016.6076923076923
2000-04-25,400009.0,"Cañal Bajo,  Osorno Ad.",-40.61444,-73.0575,1010.2846153846154
2000-04-25,410005.0,El Tepual  Puerto Montt Ap.,-41.4475,-73.09583,1002.5625
2000-04-25,430001.0,Quellón Ad.,-43.13361,-73.63278,1010.75
2000-04-25,430002.0,Futaleufú Ad.,-43.18889,-71.85222,970.1923076923077
2000-04-25,450001.0,Puerto Aysén Ad.,-45.39944,-72.67722,1004.375
2000-04-25,450004.0,"Teniente Vidal, Coyhaique Ad.",-45.59083,-72.10222,965.5769230769231
2000-04-25,450005.0,Balmaceda Ad.,-45.91833,-71.67778,936.9916666666667
2000-04-25,520006.0,"Carlos Ibañez, Punta Arenas Ap.",-53.00167,-70.83861,978.475
2000-04-25,530005.0,"Fuentes Martínez, Porvenir Ad.",-53.25361,-70.32611,979.1416666666668
2000-04-25,550001.0,"Guardiamarina Zañartu, Pto Williams Ad.",-54.93167,-67.61556,975.8555555555556
2000-04-25,950001.0,"C.M.A. Eduardo Frei Montalva, Antártica ",-62.19194,-58.97972,984.6
2000-04-26,180005.0,"Chacalluta, Arica Ap.",-18.35555,-70.34028,1008.1416666666665
2000-04-26,200006.0,Diego Aracena Iquique Ap.,-20.54917,-70.18111,1008.8875
2000-04-26,220002.0,"El Loa, Calama Ad.",-22.49806,-68.8925,776.15
2000-04-26,270001.0,Mataveri  Isla de Pascua Ap.,-27.15889,-109.4325,1006.6833333333334
2000-04-26,290004.0,"La Florida, La Serena Ad.",-29.91444,-71.20667,999.2722222222224
2000-04-26,330020.0,"Quinta Normal, Santiago",-33.445,-70.68278,955.18
2000-04-26,330021.0,Pudahuel Santiago ,-33.37833,-70.78778,960.4375
2000-04-26,330030.0,"Santo Domingo, Ad.",-33.65611,-71.61333,1007.8692307692307
2000-04-26,330031.0,"Juan Fernández, Estación Meteorológica.",-33.63583,-78.83305,1015.82
2000-04-26,340031.0,"General Freire, Curicó Ad.",-34.96944,-71.21694,989.3538461538462
2000-04-26,360011.0,"General Bernardo O'Higgins, Chillán Ad.",-36.58583,-72.03667,999.5166666666668
2000-04-26,360019.0,"Carriel Sur, Concepción Ap.",-36.78055,-73.06639,1017.65
2000-04-26,380013.0,"Maquehue, Temuco Ad.",-38.76778,-72.63194,1008.4461538461538
2000-04-26,390006.0,"Pichoy, Valdivia Ad.",-39.65667,-73.08722,1016.4769230769232
2000-04-26,400009.0,"Cañal Bajo,  Osorno Ad.",-40.61444,-73.0575,1011.0692307692308
2000-04-26,410005.0,El Tepual  Puerto Montt Ap.,-41.4475,-73.09583,1008.1375
2000-04-26,430001.0,Quellón Ad.,-43.13361,-73.63278,1012.075
2000-04-26,430002.0,Futaleufú Ad.,-43.18889,-71.85222,973.5923076923077
2000-04-26,450001.0,Puerto Aysén Ad.,-45.39944,-72.67722,1010.275
2000-04-26,450004.0,"Teniente Vidal, Coyhaique Ad.",-45.59083,-72.10222,972.6461538461538
2000-04-26,450005.0,Balmaceda Ad.,-45.91833,-71.67778,947.4791666666666
2000-04-26,520006.0,"Carlos Ibañez, Punta Arenas Ap.",-53.00167,-70.83861,985.375
2000-04-26,530005.0,"Fuentes Martínez, Porvenir Ad.",-53.25361,-70.32611,991.0749999999999
2000-04-26,550001.0,"Guardiamarina Zañartu, Pto Williams Ad.",-54.93167,-67.61556,984.2727272727273
2000-04-26,950001.0,"C.M.A. Eduardo Frei Montalva, Antártica ",-62.19194,-58.97972,974.3375
2000-04-27,180005.0,"Chacalluta, Arica Ap.",-18.35555,-70.34028,1008.3833333333333
2000-04-27,200006.0,Diego Aracena Iquique Ap.,-20.54917,-70.18111,1009.2875
2000-04-27,220002.0,"El Loa, Calama Ad.",-22.49806,-68.8925,776.64375
2000-04-27,270001.0,Mataveri  Isla de Pascua Ap.,-27.15889,-109.4325,1004.2333333333332
2000-04-27,290004.0,"La Florida, La Serena Ad.",-29.91444,-71.20667,1000.1705882352942
2000-04-27,330020.0,"Quinta Normal, Santiago",-33.445,-70.68278,956.2
2000-04-27,330021.0,Pudahuel Santiago ,-33.37833,-70.78778,962.0625
2000-04-27,330030.0,"Santo Domingo, Ad.",-33.65611,-71.61333,1010.9461538461538
2000-04-27,330031.0,"Juan Fernández, Estación Meteorológica.",-33.63583,-78.83305,1017.14
2000-04-27,340031.0,"General Freire, Curicó Ad.",-34.96944,-71.21694,992.123076923077
2000-04-27,360011.0,"General Bernardo O'Higgins, Chillán Ad.",-36.58583,-72.03667,1002.8333333333334
2000-04-27,360019.0,"Carriel Sur, Concepción Ap.",-36.78055,-73.06639,1019.3125
2000-04-27,380013.0,"Maquehue, Temuco Ad.",-38.76778,-72.63194,1009.5124999999999
2000-04-27,390006.0,"Pichoy, Valdivia Ad.",-39.65667,-73.08722,1018.1615384615385
2000-04-27,400009.0,"Cañal Bajo,  Osorno Ad.",-40.61444,-73.0575,1012.4384615384616
2000-04-27,410005.0,El Tepual  Puerto Montt Ap.,-41.4475,-73.09583,1007.6
2000-04-27,430001.0,Quellón Ad.,-43.13361,-73.63278,1012.25
2000-04-27,430002.0,Futaleufú Ad.,-43.18889,-71.85222,972.823076923077
2000-04-27,450001.0,Puerto Aysén Ad.,-45.39944,-72.67722,1006.95
2000-04-27,450004.0,"Teniente Vidal, Coyhaique Ad.",-45.59083,-72.10222,970.5538461538462
2000-04-27,450005.0,Balmaceda Ad.,-45.91833,-71.67778,944.7666666666668
2000-04-27,520006.0,"Carlos Ibañez, Punta Arenas Ap.",-53.00167,-70.83861,987.825
2000-04-27,530005.0,"Fuentes Martínez, Porvenir Ad.",-53.25361,-70.32611,987.4833333333332
2000-04-27,550001.0,"Guardiamarina Zañartu, Pto Williams Ad.",-54.93167,-67.61556,988.8777777777777
2000-04-27,950001.0,"C.M.A. Eduardo Frei Montalva, Antártica ",-62.19194,-58.97972,985.375
2000-04-28,180005.0,"Chacalluta, Arica Ap.",-18.35555,-70.34028,1008.5749999999999
2000-04-28,200006.0,Diego Aracena Iquique Ap.,-20.54917,-70.18111,1009.0125
2000-04-28,220002.0,"El Loa, Calama Ad.",-22.49806,-68.8925,776.675
2000-04-28,270001.0,Mataveri  Isla de Pascua Ap.,-27.15889,-109.4325,1003.5833333333334
2000-04-28,290004.0,"La Florida, La Serena Ad.",-29.91444,-71.20667,998.5833333333334
2000-04-28,330020.0,"Quinta Normal, Santiago",-33.445,-70.68278,956.74
2000-04-28,330021.0,Pudahuel Santiago ,-33.37833,-70.78778,961.8625
2000-04-28,330030.0,"Santo Domingo, Ad.",-33.65611,-71.61333,1008.4615384615385
2000-04-28,330031.0,"Juan Fernández, Estación Meteorológica.",-33.63583,-78.83305,1018.14
2000-04-28,340031.0,"General Freire, Curicó Ad.",-34.96944,-71.21694,991.5923076923077
2000-04-28,360011.0,"General Bernardo O'Higgins, Chillán Ad.",-36.58583,-72.03667,1001.7416666666667
2000-04-28,360019.0,"Carriel Sur, Concepción Ap.",-36.78055,-73.06639,1019.9
2000-04-28,380013.0,"Maquehue, Temuco Ad.",-38.76778,-72.63194,1010.9958333333334
2000-04-28,390006.0,"Pichoy, Valdivia Ad.",-39.65667,-73.08722,1018.1769230769231
2000-04-28,400009.0,"Cañal Bajo,  Osorno Ad.",-40.61444,-73.0575,1013.5461538461539
2000-04-28,410005.0,El Tepual  Puerto Montt Ap.,-41.4475,-73.09583,1009.8874999999999
2000-04-28,430001.0,Quellón Ad.,-43.13361,-73.63278,1016.225
2000-04-28,430002.0,Futaleufú Ad.,-43.18889,-71.85222,976.0615384615384
2000-04-28,450001.0,Puerto Aysén Ad.,-45.39944,-72.67722,1014.875
2000-04-28,450004.0,"Teniente Vidal, Coyhaique Ad.",-45.59083,-72.10222,977.1384615384615
2000-04-28,450005.0,Balmaceda Ad.,-45.91833,-71.67778,948.5541666666667
2000-04-28,520006.0,"Carlos Ibañez, Punta Arenas Ap.",-53.00167,-70.83861,984.2625
2000-04-28,530005.0,"Fuentes Martínez, Porvenir Ad.",-53.25361,-70.32611,985.375
2000-04-28,550001.0,"Guardiamarina Zañartu, Pto Williams Ad.",-54.93167,-67.61556,982.225
2000-04-28,950001.0,"C.M.A. Eduardo Frei Montalva, Antártica ",-62.19194,-58.97972,987.0375
2000-04-29,180005.0,"Chacalluta, Arica Ap.",-18.35555,-70.34028,1008.275
2000-04-29,200006.0,Diego Aracena Iquique Ap.,-20.54917,-70.18111,1008.875
2000-04-29,220002.0,"El Loa, Calama Ad.",-22.49806,-68.8925,789.9875
2000-04-29,270001.0,Mataveri  Isla de Pascua Ap.,-27.15889,-109.4325,1005.9333333333334
2000-04-29,290004.0,"La Florida, La Serena Ad.",-29.91444,-71.20667,999.2588235294119
2000-04-29,330020.0,"Quinta Normal, Santiago",-33.445,-70.68278,954.86
2000-04-29,330021.0,Pudahuel Santiago ,-33.37833,-70.78778,960.5
2000-04-29,330030.0,"Santo Domingo, Ad.",-33.65611,-71.61333,1008.2846153846153
2000-04-29,330031.0,"Juan Fernández, Estación Meteorológica.",-33.63583,-78.83305,1014.925
2000-04-29,340031.0,"General Freire, Curicó Ad.",-34.96944,-71.21694,989.9461538461538
2000-04-29,360011.0,"General Bernardo O'Higgins, Chillán Ad.",-36.58583,-72.03667,999.8249999999999
2000-04-29,360019.0,"Carriel Sur, Concepción Ap.",-36.78055,-73.06639,1016.3125
2000-04-29,380013.0,"Maquehue, Temuco Ad.",-38.76778,-72.63194,1004.0291666666667
2000-04-29,390006.0,"Pichoy, Valdivia Ad.",-39.65667,-73.08722,1009.8538461538462
2000-04-29,400009.0,"Cañal Bajo,  Osorno Ad.",-40.61444,-73.0575,1005.7800000000001
2000-04-29,410005.0,El Tepual  Puerto Montt Ap.,-41.4475,-73.09583,1003.525
2000-04-29,430001.0,Quellón Ad.,-43.13361,-73.63278,1011.125
2000-04-29,430002.0,Futaleufú Ad.,-43.18889,-71.85222,970.876923076923
2000-04-29,450004.0,"Teniente Vidal, Coyhaique Ad.",-45.59083,-72.10222,974.0153846153846
2000-04-29,450005.0,Balmaceda Ad.,-45.91833,-71.67778,947.3083333333334
2000-04-29,520006.0,"Carlos Ibañez, Punta Arenas Ap.",-53.00167,-70.83861,992.0125
2000-04-29,530005.0,"Fuentes Martínez, Porvenir Ad.",-53.25361,-70.32611,996.3090909090909
2000-04-29,950001.0,"C.M.A. Eduardo Frei Montalva, Antártica ",-62.19194,-58.97972,971.175
2000-04-30,180005.0,"Chacalluta, Arica Ap.",-18.35555,-70.34028,1009.5208333333334
2000-04-30,200006.0,Diego Aracena Iquique Ap.,-20.54917,-70.18111,1009.625
2000-04-30,220002.0,"El Loa, Calama Ad.",-22.49806,-68.8925,776.5416666666666
2000-04-30,270001.0,Mataveri  Isla de Pascua Ap.,-27.15889,-109.4325,1005.7833333333333
2000-04-30,290004.0,"La Florida, La Serena Ad.",-29.91444,-71.20667,999.3052631578947
2000-04-30,330020.0,"Quinta Normal, Santiago",-33.445,-70.68278,954.4
2000-04-30,330021.0,Pudahuel Santiago ,-33.37833,-70.78778,960.65
2000-04-30,330030.0,"Santo Domingo, Ad.",-33.65611,-71.61333,1008.2615384615384
2000-04-30,330031.0,"Juan Fernández, Estación Meteorológica.",-33.63583,-78.83305,1014.55
2000-04-30,340031.0,"General Freire, Curicó Ad.",-34.96944,-71.21694,988.6923076923077
2000-04-30,360011.0,"General Bernardo O'Higgins, Chillán Ad.",-36.58583,-72.03667,998.6916666666666
2000-04-30,360019.0,"Carriel Sur, Concepción Ap.",-36.78055,-73.06639,1016.2875
2000-04-30,380013.0,"Maquehue, Temuco Ad.",-38.76778,-72.63194,1006.2333333333332
2000-04-30,390006.0,"Pichoy, Valdivia Ad.",-39.65667,-73.08722,1012.6692307692308
2000-04-30,400009.0,"Cañal Bajo,  Osorno Ad.",-40.61444,-73.0575,1007.6642857142857
2000-04-30,410005.0,El Tepual  Puerto Montt Ap.,-41.4475,-73.09583,1004.4125
2000-04-30,430001.0,Quellón Ad.,-43.13361,-73.63278,1005.525
2000-04-30,430002.0,Futaleufú Ad.,-43.18889,-71.85222,968.4230769230769
2000-04-30,450004.0,"Teniente Vidal, Coyhaique Ad.",-45.59083,-72.10222,968.2615384615384
2000-04-30,450005.0,Balmaceda Ad.,-45.91833,-71.67778,946.25
2000-04-30,520006.0,"Carlos Ibañez, Punta Arenas Ap.",-53.00167,-70.83861,998.4
2000-04-30,950001.0,"C.M.A. Eduardo Frei Montalva, Antártica ",-62.19194,-58.97972,979.15
2000-05-01,180005.0,"Chacalluta, Arica Ap.",-18.35555,-70.34028,1009.8166666666666
2000-05-01,200006.0,Diego Aracena Iquique Ap.,-20.54917,-70.18111,1010.75
2000-05-01,220002.0,"El Loa, Calama Ad.",-22.49806,-68.8925,776.6846153846153
2000-05-01,270001.0,Mataveri  Isla de Pascua Ap.,-27.15889,-109.4325,1008.6
2000-05-01,290004.0,"La Florida, La Serena Ad.",-29.91444,-71.20667,1001.7149999999999
2000-05-01,330020.0,"Quinta Normal, Santiago",-33.445,-70.68278,956.86
2000-05-01,330021.0,Pudahuel Santiago ,-33.37833,-70.78778,961.5375
2000-05-01,330030.0,"Santo Domingo, Ad.",-33.65611,-71.61333,1011.6538461538462
2000-05-01,330031.0,"Juan Fernández, Estación Meteorológica.",-33.63583,-78.83305,1015.925
2000-05-01,340031.0,"General Freire, Curicó Ad.",-34.96944,-71.21694,992.1923076923077
2000-05-01,360011.0,"General Bernardo O'Higgins, Chillán Ad.",-36.58583,-72.03667,999.8916666666668
2000-05-01,360019.0,"Carriel Sur, Concepción Ap.",-36.78055,-73.06639,1015.7875
2000-05-01,380013.0,"Maquehue, Temuco Ad.",-38.76778,-72.63194,1002.7208333333333
2000-05-01,390006.0,"Pichoy, Valdivia Ad.",-39.65667,-73.08722,1011.8307692307692
2000-05-01,400009.0,"Cañal Bajo,  Osorno Ad.",-40.61444,-73.0575,1005.5769230769231
2000-05-01,410005.0,El Tepual  Puerto Montt Ap.,-41.4475,-73.09583,999.0875
2000-05-01,430001.0,Quellón Ad.,-43.13361,-73.63278,1007.675
2000-05-01,430002.0,Futaleufú Ad.,-43.18889,-71.85222,968.3692307692307
2000-05-01,450004.0,"Teniente Vidal, Coyhaique Ad.",-45.59083,-72.10222,970.2769230769231
2000-05-01,450005.0,Balmaceda Ad.,-45.91833,-71.67778,942.2666666666668
2000-05-01,520006.0,"Carlos Ibañez, Punta Arenas Ap.",-53.00167,-70.83861,1002.5125
2000-05-01,530005.0,"Fuentes Martínez, Porvenir Ad.",-53.25361,-70.32611,1007.1916666666666
2000-05-01,950001.0,"C.M.A. Eduardo Frei Montalva, Antártica ",-62.19194,-58.97972,989.15
2000-05-02,180005.0,"Chacalluta, Arica Ap.",-18.35555,-70.34028,1007.5916666666667
2000-05-02,200006.0,Diego Aracena Iquique Ap.,-20.54917,-70.18111,1008.1125
2000-05-02,220002.0,"El Loa, Calama Ad.",-22.49806,-68.8925,774.6
2000-05-02,270001.0,Mataveri  Isla de Pascua Ap.,-27.15889,-109.4325,1011.35
2000-05-02,290004.0,"La Florida, La Serena Ad.",-29.91444,-71.20667,997.5294117647059
2000-05-02,330020.0,"Quinta Normal, Santiago",-33.445,-70.68278,954.9399999999999
2000-05-02,330021.0,Pudahuel Santiago ,-33.37833,-70.78778,960.7
2000-05-02,330030.0,"Santo Domingo, Ad.",-33.65611,-71.61333,1007.2230769230769
2000-05-02,330031.0,"Juan Fernández, Estación Meteorológica.",-33.63583,-78.83305,1015.0799999999999
2000-05-02,340031.0,"General Freire, Curicó Ad.",-34.96944,-71.21694,988.7230769230769
2000-05-02,360011.0,"General Bernardo O'Higgins, Chillán Ad.",-36.58583,-72.03667,999.025
2000-05-02,360019.0,"Carriel Sur, Concepción Ap.",-36.78055,-73.06639,1017.1375
2000-05-02,380013.0,"Maquehue, Temuco Ad.",-38.76778,-72.63194,1005.9958333333334
2000-05-02,390006.0,"Pichoy, Valdivia Ad.",-39.65667,-73.08722,1013.4133333333334
2000-05-02,400009.0,"Cañal Bajo,  Osorno Ad.",-40.61444,-73.0575,1008.4461538461538
2000-05-02,410005.0,El Tepual  Puerto Montt Ap.,-41.4475,-73.09583,1005.575
2000-05-02,430001.0,Quellón Ad.,-43.13361,-73.63278,1014.65
2000-05-02,430002.0,Futaleufú Ad.,-43.18889,-71.85222,975.8384615384615
2000-05-02,450001.0,Puerto Aysén Ad.,-45.39944,-72.67722,1017.6
2000-05-02,450004.0,"Teniente Vidal, Coyhaique Ad.",-45.59083,-72.10222,982.0846153846154
2000-05-02,450005.0,Balmaceda Ad.,-45.91833,-71.67778,954.85
2000-05-02,520006.0,"Carlos Ibañez, Punta Arenas Ap.",-53.00167,-70.83861,1014.225
2000-05-02,530005.0,"Fuentes Martínez, Porvenir Ad.",-53.25361,-70.32611,1017.0333333333333
2000-05-02,550001.0,"Guardiamarina Zañartu, Pto Williams Ad.",-54.93167,-67.61556,1018.5444444444444
2000-05-02,950001.0,"C.M.A. Eduardo Frei Montalva, Antártica ",-62.19194,-58.97972,997.625
2000-05-03,180005.0,"Chacalluta, Arica Ap.",-18.35555,-70.34028,1007.9625
2000-05-03,200006.0,Diego Aracena Iquique Ap.,-20.54917,-70.18111,1008.6
2000-05-03,220002.0,"El Loa, Calama Ad.",-22.49806,-68.8925,775.1375
2000-05-03,270001.0,Mataveri  Isla de Pascua Ap.,-27.15889,-109.4325,1014.4
2000-05-03,290004.0,"La Florida, La Serena Ad.",-29.91444,-71.20667,999.6647058823529
2000-05-03,330020.0,"Quinta Normal, Santiago",-33.445,-70.68278,954.3399999999999
2000-05-03,330021.0,Pudahuel Santiago ,-33.37833,-70.78778,959.2875
2000-05-03,330030.0,"Santo Domingo, Ad.",-33.65611,-71.61333,1008.5384615384615
2000-05-03,330031.0,"Juan Fernández, Estación Meteorológica.",-33.63583,-78.83305,1017.24
2000-05-03,340031.0,"General Freire, Curicó Ad.",-34.96944,-71.21694,989.3384615384615
2000-05-03,360011.0,"General Bernardo O'Higgins, Chillán Ad.",-36.58583,-72.03667,999.65
2000-05-03,360019.0,"Carriel Sur, Concepción Ap.",-36.78055,-73.06639,1015.9625
2000-05-03,380013.0,"Maquehue, Temuco Ad.",-38.76778,-72.63194,1007.7239999999999
2000-05-03,390006.0,"Pichoy, Valdivia Ad.",-39.65667,-73.08722,1020.1076923076923
2000-05-03,400009.0,"Cañal Bajo,  Osorno Ad.",-40.61444,-73.0575,1016.2846153846154
2000-05-03,410005.0,El Tepual  Puerto Montt Ap.,-41.4475,-73.09583,1012.4875
2000-05-03,430001.0,Quellón Ad.,-43.13361,-73.63278,1023.6
2000-05-03,430002.0,Futaleufú Ad.,-43.18889,-71.85222,986.1076923076923
2000-05-03,450001.0,Puerto Aysén Ad.,-45.39944,-72.67722,1027.3
2000-05-03,450004.0,"Teniente Vidal, Coyhaique Ad.",-45.59083,-72.10222,990.5692307692308
2000-05-03,450005.0,Balmaceda Ad.,-45.91833,-71.67778,963.8916666666668
2000-05-03,520006.0,"Carlos Ibañez, Punta Arenas Ap.",-53.00167,-70.83861,1017.05
2000-05-03,530005.0,"Fuentes Martínez, Porvenir Ad.",-53.25361,-70.32611,1015.6666666666666
2000-05-03,550001.0,"Guardiamarina Zañartu, Pto Williams Ad.",-54.93167,-67.61556,1013.5333333333333
2000-05-03,950001.0,"C.M.A. Eduardo Frei Montalva, Antártica ",-62.19194,-58.97972,999.0
2000-05-04,180005.0,"Chacalluta, Arica Ap.",-18.35555,-70.34028,1008.2708333333334
2000-05-04,200006.0,Diego Aracena Iquique Ap.,-20.54917,-70.18111,1009.0375
2000-05-04,220002.0,"El Loa, Calama Ad.",-22.49806,-68.8925,775.9875
2000-05-04,270001.0,Mataveri  Isla de Pascua Ap.,-27.15889,-109.4325,1015.25
2000-05-04,290004.0,"La Florida, La Serena Ad.",-29.91444,-71.20667,1001.4058823529413
2000-05-04,330020.0,"Quinta Normal, Santiago",-33.445,-70.68278,957.86
2000-05-04,330021.0,Pudahuel Santiago ,-33.37833,-70.78778,962.9875
2000-05-04,330030.0,"Santo Domingo, Ad.",-33.65611,-71.61333,1011.7384615384616
2000-05-04,330031.0,"Juan Fernández, Estación Meteorológica.",-33.63583,-78.83305,1020.82
2000-05-04,340031.0,"General Freire, Curicó Ad.",-34.96944,-71.21694,992.4230769230769
2000-05-04,360011.0,"General Bernardo O'Higgins, Chillán Ad.",-36.58583,-72.03667,1001.875
2000-05-04,360019.0,"Carriel Sur, Concepción Ap.",-36.78055,-73.06639,1018.975
2000-05-04,380013.0,"Maquehue, Temuco Ad.",-38.76778,-72.63194,1010.7666666666668
2000-05-04,390006.0,"Pichoy, Valdivia Ad.",-39.65667,-73.08722,1021.6866666666666
2000-05-04,400009.0,"Cañal Bajo,  Osorno Ad.",-40.61444,-73.0575,1016.8857142857142
2000-05-04,410005.0,El Tepual  Puerto Montt Ap.,-41.4475,-73.09583,1015.325
2000-05-04,430001.0,Quellón Ad.,-43.13361,-73.63278,1023.175
2000-05-04,430002.0,Futaleufú Ad.,-43.18889,-71.85222,984.2615384615384
2000-05-04,450001.0,Puerto Aysén Ad.,-45.39944,-72.67722,1024.5125
2000-05-04,450004.0,"Teniente Vidal, Coyhaique Ad.",-45.59083,-72.10222,985.176923076923
2000-05-04,450005.0,Balmaceda Ad.,-45.91833,-71.67778,961.0541666666667
2000-05-04,520006.0,"Carlos Ibañez, Punta Arenas Ap.",-53.00167,-70.83861,1006.0125
2000-05-04,530005.0,"Fuentes Martínez, Porvenir Ad.",-53.25361,-70.32611,1004.0500000000001
2000-05-04,550001.0,"Guardiamarina Zañartu, Pto Williams Ad.",-54.93167,-67.61556,1003.2555555555555
2000-05-04,950001.0,"C.M.A. Eduardo Frei Montalva, Antártica ",-62.19194,-58.97972,985.7875
2000-05-05,180005.0,"Chacalluta, Arica Ap.",-18.35555,-70.34028,1009.3333333333334
2000-05-05,200006.0,Diego Aracena Iquique Ap.,-20.54917,-70.18111,1009.6375
2000-05-05,220002.0,"El Loa, Calama Ad.",-22.49806,-68.8925,776.8875
2000-05-05,270001.0,Mataveri  Isla de Pascua Ap.,-27.15889,-109.4325,1015.4
2000-05-05,290004.0,"La Florida, La Serena Ad.",-29.91444,-71.20667,999.5588235294117
2000-05-05,330020.0,"Quinta Normal, Santiago",-33.445,-70.68278,959.04
2000-05-05,330021.0,Pudahuel Santiago ,-33.37833,-70.78778,965.025
2000-05-05,330030.0,"Santo Domingo, Ad.",-33.65611,-71.61333,1011.0307692307692
2000-05-05,330031.0,"Juan Fernández, Estación Meteorológica.",-33.63583,-78.83305,1021.5799999999999
2000-05-05,340031.0,"General Freire, Curicó Ad.",-34.96944,-71.21694,993.8538461538462
2000-05-05,360011.0,"General Bernardo O'Higgins, Chillán Ad.",-36.58583,-72.03667,1004.35
2000-05-05,360019.0,"Carriel Sur, Concepción Ap.",-36.78055,-73.06639,1022.075
2000-05-05,380013.0,"Maquehue, Temuco Ad.",-38.76778,-72.63194,1013.3439999999999
2000-05-05,390006.0,"Pichoy, Valdivia Ad.",-39.65667,-73.08722,1022.6846153846153
2000-05-05,400009.0,"Cañal Bajo,  Osorno Ad.",-40.61444,-73.0575,1017.4692307692308
2000-05-05,410005.0,El Tepual  Puerto Montt Ap.,-41.4475,-73.09583,1014.55
2000-05-05,430001.0,Quellón Ad.,-43.13361,-73.63278,1020.9
2000-05-05,430002.0,Futaleufú Ad.,-43.18889,-71.85222,980.6923076923077
2000-05-05,450001.0,Puerto Aysén Ad.,-45.39944,-72.67722,1019.475
2000-05-05,450004.0,"Teniente Vidal, Coyhaique Ad.",-45.59083,-72.10222,981.9846153846154
2000-05-05,450005.0,Balmaceda Ad.,-45.91833,-71.67778,956.0416666666666
2000-05-05,520006.0,"Carlos Ibañez, Punta Arenas Ap.",-53.00167,-70.83861,1007.0875
2000-05-05,530005.0,"Fuentes Martínez, Porvenir Ad.",-53.25361,-70.32611,1010.625
2000-05-05,550001.0,"Guardiamarina Zañartu, Pto Williams Ad.",-54.93167,-67.61556,1010.8375
2000-05-05,950001.0,"C.M.A. Eduardo Frei Montalva, Antártica ",-62.19194,-58.97972,993.7
2000-05-06,180005.0,"Chacalluta, Arica Ap.",-18.35555,-70.34028,1008.7958333333332
2000-05-06,200006.0,Diego Aracena Iquique Ap.,-20.54917,-70.18111,1009.225
2000-05-06,220002.0,"El Loa, Calama Ad.",-22.49806,-68.8925,776.675
2000-05-06,270001.0,Mataveri  Isla de Pascua Ap.,-27.15889,-109.4325,1014.9499999999999
2000-05-06,290004.0,"La Florida, La Serena Ad.",-29.91444,-71.20667,998.2388888888888
2000-05-06,330020.0,"Quinta Normal, Santiago",-33.445,-70.68278,954.9799999999999
2000-05-06,330021.0,Pudahuel Santiago ,-33.37833,-70.78778,960.15
2000-05-06,330030.0,"Santo Domingo, Ad.",-33.65611,-71.61333,1006.9230769230769
2000-05-06,330031.0,"Juan Fernández, Estación Meteorológica.",-33.63583,-78.83305,1018.525
2000-05-06,340031.0,"General Freire, Curicó Ad.",-34.96944,-71.21694,989.1
2000-05-06,360011.0,"General Bernardo O'Higgins, Chillán Ad.",-36.58583,-72.03667,999.25
2000-05-06,360019.0,"Carriel Sur, Concepción Ap.",-36.78055,-73.06639,1017.8375
2000-05-06,380013.0,"Maquehue, Temuco Ad.",-38.76778,-72.63194,1009.875
2000-05-06,390006.0,"Pichoy, Valdivia Ad.",-39.65667,-73.08722,1018.0692307692308
2000-05-06,400009.0,"Cañal Bajo,  Osorno Ad.",-40.61444,-73.0575,1013.3714285714286
2000-05-06,410005.0,El Tepual  Puerto Montt Ap.,-41.4475,-73.09583,1010.3
2000-05-06,430001.0,Quellón Ad.,-43.13361,-73.63278,
2000-05-06,430002.0,Futaleufú Ad.,-43.18889,-71.85222,980.0307692307692
2000-05-06,450004.0,"Teniente Vidal, Coyhaique Ad.",-45.59083,-72.10222,984.4846153846154
2000-05-06,450005.0,Balmaceda Ad.,-45.91833,-71.67778,958.2458333333334
2000-05-06,520006.0,"Carlos Ibañez, Punta Arenas Ap.",-53.00167,-70.83861,1012.5625
2000-05-06,530005.0,"Fuentes Martínez, Porvenir Ad.",-53.25361,-70.32611,1011.9666666666667
2000-05-06,950001.0,"C.M.A. Eduardo Frei Montalva, Antártica ",-62.19194,-58.97972,988.1375
2000-05-07,180005.0,"Chacalluta, Arica Ap.",-18.35555,-70.34028,1008.3625000000001
2000-05-07,200006.0,Diego Aracena Iquique Ap.,-20.54917,-70.18111,1008.95
2000-05-07,220002.0,"El Loa, Calama Ad.",-22.49806,-68.8925,776.0333333333333
2000-05-07,270001.0,Mataveri  Isla de Pascua Ap.,-27.15889,-109.4325,1014.75
2000-05-07,290004.0,"La Florida, La Serena Ad.",-29.91444,-71.20667,999.729411764706
2000-05-07,330020.0,"Quinta Normal, Santiago",-33.445,-70.68278,955.0600000000001
2000-05-07,330021.0,Pudahuel Santiago ,-33.37833,-70.78778,960.225
2000-05-07,330030.0,"Santo Domingo, Ad.",-33.65611,-71.61333,1008.9461538461538
2000-05-07,330031.0,"Juan Fernández, Estación Meteorológica.",-33.63583,-78.83305,1017.875
2000-05-07,340031.0,"General Freire, Curicó Ad.",-34.96944,-71.21694,990.0461538461539
2000-05-07,360011.0,"General Bernardo O'Higgins, Chillán Ad.",-36.58583,-72.03667,1000.0166666666668
2000-05-07,360019.0,"Carriel Sur, Concepción Ap.",-36.78055,-73.06639,1017.1125
2000-05-07,380013.0,"Maquehue, Temuco Ad.",-38.76778,-72.63194,1008.3
2000-05-07,390006.0,"Pichoy, Valdivia Ad.",-39.65667,-73.08722,1018.0307692307692
2000-05-07,400009.0,"Cañal Bajo,  Osorno Ad.",-40.61444,-73.0575,1014.0076923076923
2000-05-07,410005.0,El Tepual  Puerto Montt Ap.,-41.4475,-73.09583,1011.425
2000-05-07,430002.0,Futaleufú Ad.,-43.18889,-71.85222,979.3923076923077
2000-05-07,450004.0,"Teniente Vidal, Coyhaique Ad.",-45.59083,-72.10222,979.7384615384616
2000-05-07,450005.0,Balmaceda Ad.,-45.91833,-71.67778,955.0500000000001
2000-05-07,520006.0,"Carlos Ibañez, Punta Arenas Ap.",-53.00167,-70.83861,998.2375000000001
2000-05-07,950001.0,"C.M.A. Eduardo Frei Montalva, Antártica ",-62.19194,-58.97972,976.925
2000-05-08,180005.0,"Chacalluta, Arica Ap.",-18.35555,-70.34028,1008.3583333333332
2000-05-08,200006.0,Diego Aracena Iquique Ap.,-20.54917,-70.18111,1008.7125
2000-05-08,220002.0,"El Loa, Calama Ad.",-22.49806,-68.8925,776.425
2000-05-08,270001.0,Mataveri  Isla de Pascua Ap.,-27.15889,-109.4325,1012.6666666666666
2000-05-08,290004.0,"La Florida, La Serena Ad.",-29.91444,-71.20667,998.595
2000-05-08,330020.0,"Quinta Normal, Santiago",-33.445,-70.68278,954.6600000000001
2000-05-08,330021.0,Pudahuel Santiago ,-33.37833,-70.78778,960.1125
2000-05-08,330030.0,"Santo Domingo, Ad.",-33.65611,-71.61333,1008.2461538461539
2000-05-08,330031.0,"Juan Fernández, Estación Meteorológica.",-33.63583,-78.83305,1016.72
2000-05-08,340031.0,"General Freire, Curicó Ad.",-34.96944,-71.21694,989.1923076923077
2000-05-08,360011.0,"General Bernardo O'Higgins, Chillán Ad.",-36.58583,-72.03667,999.2416666666667
2000-05-08,360019.0,"Carriel Sur, Concepción Ap.",-36.78055,-73.06639,1016.4625
2000-05-08,380013.0,"Maquehue, Temuco Ad.",-38.76778,-72.63194,1008.0708333333333
2000-05-08,390006.0,"Pichoy, Valdivia Ad.",-39.65667,-73.08722,1017.176923076923
2000-05-08,400009.0,"Cañal Bajo,  Osorno Ad.",-40.61444,-73.0575,1011.9153846153846
2000-05-08,410005.0,El Tepual  Puerto Montt Ap.,-41.4475,-73.09583,1009.0
2000-05-08,430001.0,Quellón Ad.,-43.13361,-73.63278,1013.65
2000-05-08,430002.0,Futaleufú Ad.,-43.18889,-71.85222,973.2615384615384
2000-05-08,450001.0,Puerto Aysén Ad.,-45.39944,-72.67722,1010.925
2000-05-08,450004.0,"Teniente Vidal, Coyhaique Ad.",-45.59083,-72.10222,974.9076923076923
2000-05-08,450005.0,Balmaceda Ad.,-45.91833,-71.67778,947.1750000000001
2000-05-08,520006.0,"Carlos Ibañez, Punta Arenas Ap.",-53.00167,-70.83861,992.4375
2000-05-08,530005.0,"Fuentes Martínez, Porvenir Ad.",-53.25361,-70.32611,1002.0083333333333
2000-05-08,550001.0,"Guardiamarina Zañartu, Pto Williams Ad.",-54.93167,-67.61556,1000.2222222222222
2000-05-08,950001.0,"C.M.A. Eduardo Frei Montalva, Antártica ",-62.19194,-58.97972,980.4375
2000-05-09,180005.0,"Chacalluta, Arica Ap.",-18.35555,-70.34028,1009.3208333333333
2000-05-09,200006.0,Diego Aracena Iquique Ap.,-20.54917,-70.18111,1009.8375
2000-05-09,220002.0,"El Loa, Calama Ad.",-22.49806,-68.8925,777.64375
2000-05-09,270001.0,Mataveri  Isla de Pascua Ap.,-27.15889,-109.4325,1010.8166666666666
2000-05-09,290004.0,"La Florida, La Serena Ad.",-29.91444,-71.20667,1000.2882352941177
2000-05-09,330020.0,"Quinta Normal, Santiago",-33.445,-70.68278,954.8399999999999
2000-05-09,330021.0,Pudahuel Santiago ,-33.37833,-70.78778,959.7125
2000-05-09,330030.0,"Santo Domingo, Ad.",-33.65611,-71.61333,1009.376923076923
2000-05-09,330031.0,"Juan Fernández, Estación Meteorológica.",-33.63583,-78.83305,1015.1200000000001
2000-05-09,340031.0,"General Freire, Curicó Ad.",-34.96944,-71.21694,989.9076923076923
2000-05-09,360011.0,"General Bernardo O'Higgins, Chillán Ad.",-36.58583,-72.03667,999.1
2000-05-09,360019.0,"Carriel Sur, Concepción Ap.",-36.78055,-73.06639,1015.6
2000-05-09,380013.0,"Maquehue, Temuco Ad.",-38.76778,-72.63194,1006.732
2000-05-09,390006.0,"Pichoy, Valdivia Ad.",-39.65667,-73.08722,1016.1384615384615
2000-05-09,400009.0,"Cañal Bajo,  Osorno Ad.",-40.61444,-73.0575,1011.8384615384615
2000-05-09,410005.0,El Tepual  Puerto Montt Ap.,-41.4475,-73.09583,1009.325
2000-05-09,430001.0,Quellón Ad.,-43.13361,-73.63278,1018.25
2000-05-09,430002.0,Futaleufú Ad.,-43.18889,-71.85222,981.2769230769231
2000-05-09,450001.0,Puerto Aysén Ad.,-45.39944,-72.67722,1021.075
2000-05-09,450004.0,"Teniente Vidal, Coyhaique Ad.",-45.59083,-72.10222,985.1307692307693
2000-05-09,450005.0,Balmaceda Ad.,-45.91833,-71.67778,959.3639999999999
2000-05-09,520006.0,"Carlos Ibañez, Punta Arenas Ap.",-53.00167,-70.83861,1010.5125
2000-05-09,530005.0,"Fuentes Martínez, Porvenir Ad.",-53.25361,-70.32611,1010.8285714285714
2000-05-09,550001.0,"Guardiamarina Zañartu, Pto Williams Ad.",-54.93167,-67.61556,1009.188888888889
2000-05-09,950001.0,"C.M.A. Eduardo Frei Montalva, Antártica ",-62.19194,-58.97972,993.575
2000-05-10,180005.0,"Chacalluta, Arica Ap.",-18.35555,-70.34028,1010.25
2000-05-10,200006.0,Diego Aracena Iquique Ap.,-20.54917,-70.18111,1010.5875
2000-05-10,220002.0,"El Loa, Calama Ad.",-22.49806,-68.8925,778.0125
2000-05-10,270001.0,Mataveri  Isla de Pascua Ap.,-27.15889,-109.4325,1012.4499999999999
2000-05-10,290004.0,"La Florida, La Serena Ad.",-29.91444,-71.20667,1001.6117647058825
2000-05-10,330020.0,"Quinta Normal, Santiago",-33.445,-70.68278,957.7
2000-05-10,330021.0,Pudahuel Santiago ,-33.37833,-70.78778,962.825
2000-05-10,330030.0,"Santo Domingo, Ad.",-33.65611,-71.61333,1010.7
2000-05-10,330031.0,"Juan Fernández, Estación Meteorológica.",-33.63583,-78.83305,1015.0799999999999
2000-05-10,340031.0,"General Freire, Curicó Ad.",-34.96944,-71.21694,991.9615384615385
2000-05-10,360011.0,"General Bernardo O'Higgins, Chillán Ad.",-36.58583,-72.03667,1001.4250000000001
2000-05-10,360019.0,"Carriel Sur, Concepción Ap.",-36.78055,-73.06639,1017.9
2000-05-10,380013.0,"Maquehue, Temuco Ad.",-38.76778,-72.63194,1007.6192307692307
2000-05-10,390006.0,"Pichoy, Valdivia Ad.",-39.65667,-73.08722,1016.25
2000-05-10,400009.0,"Cañal Bajo,  Osorno Ad.",-40.61444,-73.0575,1011.123076923077
2000-05-10,410005.0,El Tepual  Puerto Montt Ap.,-41.4475,-73.09583,1007.9125
2000-05-10,430001.0,Quellón Ad.,-43.13361,-73.63278,1015.2750000000001
2000-05-10,430002.0,Futaleufú Ad.,-43.18889,-71.85222,977.9000000000001
2000-05-10,450001.0,Puerto Aysén Ad.,-45.39944,-72.67722,1016.075
2000-05-10,450004.0,"Teniente Vidal, Coyhaique Ad.",-45.59083,-72.10222,979.0923076923077
2000-05-10,450005.0,Balmaceda Ad.,-45.91833,-71.67778,953.9416666666666
2000-05-10,520006.0,"Carlos Ibañez, Punta Arenas Ap.",-53.00167,-70.83861,999.725
2000-05-10,530005.0,"Fuentes Martínez, Porvenir Ad.",-53.25361,-70.32611,1000.0428571428572
2000-05-10,550001.0,"Guardiamarina Zañartu, Pto Williams Ad.",-54.93167,-67.61556,998.9555555555556
2000-05-10,950001.0,"C.M.A. Eduardo Frei Montalva, Antártica ",-62.19194,-58.97972,986.3375000000001
2000-05-11,180005.0,"Chacalluta, Arica Ap.",-18.35555,-70.34028,1009.7583333333333
2000-05-11,200006.0,Diego Aracena Iquique Ap.,-20.54917,-70.18111,1010.65
2000-05-11,220002.0,"El Loa, Calama Ad.",-22.49806,-68.8925,777.275
2000-05-11,270001.0,Mataveri  Isla de Pascua Ap.,-27.15889,-109.4325,1015.5666666666666
2000-05-11,290004.0,"La Florida, La Serena Ad.",-29.91444,-71.20667,1000.9352941176471
2000-05-11,330020.0,"Quinta Normal, Santiago",-33.445,-70.68278,957.4
2000-05-11,330021.0,Pudahuel Santiago ,-33.37833,-70.78778,963.1375
2000-05-11,330030.0,"Santo Domingo, Ad.",-33.65611,-71.61333,1010.4384615384616
2000-05-11,330031.0,"Juan Fernández, Estación Meteorológica.",-33.63583,-78.83305,1015.8
2000-05-11,340031.0,"General Freire, Curicó Ad.",-34.96944,-71.21694,991.5642857142857
2000-05-11,360011.0,"General Bernardo O'Higgins, Chillán Ad.",-36.58583,-72.03667,1002.025
2000-05-11,360019.0,"Carriel Sur, Concepción Ap.",-36.78055,-73.06639,1018.9125
2000-05-11,380013.0,"Maquehue, Temuco Ad.",-38.76778,-72.63194,1008.7360000000001
2000-05-11,390006.0,"Pichoy, Valdivia Ad.",-39.65667,-73.08722,1016.7923076923076
2000-05-11,400009.0,"Cañal Bajo,  Osorno Ad.",-40.61444,-73.0575,1011.2076923076924
2000-05-11,410005.0,El Tepual  Puerto Montt Ap.,-41.4475,-73.09583,1007.8875
2000-05-11,430001.0,Quellón Ad.,-43.13361,-73.63278,1012.975
2000-05-11,430002.0,Futaleufú Ad.,-43.18889,-71.85222,974.9615384615385
2000-05-11,450001.0,Puerto Aysén Ad.,-45.39944,-72.67722,1012.825
2000-05-11,450004.0,"Teniente Vidal, Coyhaique Ad.",-45.59083,-72.10222,975.9538461538461
2000-05-11,450005.0,Balmaceda Ad.,-45.91833,-71.67778,950.0416666666666
2000-05-11,520006.0,"Carlos Ibañez, Punta Arenas Ap.",-53.00167,-70.83861,999.25
2000-05-11,530005.0,"Fuentes Martínez, Porvenir Ad.",-53.25361,-70.32611,1000.8071428571429
2000-05-11,550001.0,"Guardiamarina Zañartu, Pto Williams Ad.",-54.93167,-67.61556,1001.25
2000-05-11,950001.0,"C.M.A. Eduardo Frei Montalva, Antártica ",-62.19194,-58.97972,990.675
2000-05-12,180005.0,"Chacalluta, Arica Ap.",-18.35555,-70.34028,1008.5500000000001
2000-05-12,200006.0,Diego Aracena Iquique Ap.,-20.54917,-70.18111,1009.35
2000-05-12,220002.0,"El Loa, Calama Ad.",-22.49806,-68.8925,775.675
2000-05-12,270001.0,Mataveri  Isla de Pascua Ap.,-27.15889,-109.4325,1017.1666666666666
2000-05-12,290004.0,"La Florida, La Serena Ad.",-29.91444,-71.20667,997.9722222222222
2000-05-12,330020.0,"Quinta Normal, Santiago",-33.445,-70.68278,953.8
2000-05-12,330021.0,Pudahuel Santiago ,-33.37833,-70.78778,959.4
2000-05-12,330030.0,"Santo Domingo, Ad.",-33.65611,-71.61333,1006.3538461538462
2000-05-12,330031.0,"Juan Fernández, Estación Meteorológica.",-33.63583,-78.83305,1013.3399999999999
2000-05-12,340031.0,"General Freire, Curicó Ad.",-34.96944,-71.21694,987.5999999999999
2000-05-12,360011.0,"General Bernardo O'Higgins, Chillán Ad.",-36.58583,-72.03667,997.5083333333333
2000-05-12,360019.0,"Carriel Sur, Concepción Ap.",-36.78055,-73.06639,1015.6875
2000-05-12,380013.0,"Maquehue, Temuco Ad.",-38.76778,-72.63194,1005.0166666666668
2000-05-12,390006.0,"Pichoy, Valdivia Ad.",-39.65667,-73.08722,1012.2230769230769
2000-05-12,400009.0,"Cañal Bajo,  Osorno Ad.",-40.61444,-73.0575,1006.7153846153846
2000-05-12,410005.0,El Tepual  Puerto Montt Ap.,-41.4475,-73.09583,1004.05
2000-05-12,430001.0,Quellón Ad.,-43.13361,-73.63278,1009.5
2000-05-12,430002.0,Futaleufú Ad.,-43.18889,-71.85222,973.8615384615385
2000-05-12,450001.0,Puerto Aysén Ad.,-45.39944,-72.67722,1012.6875
2000-05-12,450004.0,"Teniente Vidal, Coyhaique Ad.",-45.59083,-72.10222,977.5
2000-05-12,450005.0,Balmaceda Ad.,-45.91833,-71.67778,952.4250000000001
2000-05-12,520006.0,"Carlos Ibañez, Punta Arenas Ap.",-53.00167,-70.83861,1006.9375
2000-05-12,530005.0,"Fuentes Martínez, Porvenir Ad.",-53.25361,-70.32611,1009.6928571428572
2000-05-12,550001.0,"Guardiamarina Zañartu, Pto Williams Ad.",-54.93167,-67.61556,1008.9
2000-05-12,950001.0,"C.M.A. Eduardo Frei Montalva, Antártica ",-62.19194,-58.97972,990.0625
2000-05-13,180005.0,"Chacalluta, Arica Ap.",-18.35555,-70.34028,1008.0041666666666
2000-05-13,200006.0,Diego Aracena Iquique Ap.,-20.54917,-70.18111,1008.5875
2000-05-13,220002.0,"El Loa, Calama Ad.",-22.49806,-68.8925,774.6882352941177
2000-05-13,270001.0,Mataveri  Isla de Pascua Ap.,-27.15889,-109.4325,1017.7833333333333
2000-05-13,290004.0,"La Florida, La Serena Ad.",-29.91444,-71.20667,997.135294117647
2000-05-13,330020.0,"Quinta Normal, Santiago",-33.445,-70.68278,953.04
2000-05-13,330021.0,Pudahuel Santiago ,-33.37833,-70.78778,957.9375
2000-05-13,330030.0,"Santo Domingo, Ad.",-33.65611,-71.61333,1006.123076923077
2000-05-13,330031.0,"Juan Fernández, Estación Meteorológica.",-33.63583,-78.83305,1011.325
2000-05-13,340031.0,"General Freire, Curicó Ad.",-34.96944,-71.21694,987.6153846153846
2000-05-13,360011.0,"General Bernardo O'Higgins, Chillán Ad.",-36.58583,-72.03667,997.7083333333334
2000-05-13,360019.0,"Carriel Sur, Concepción Ap.",-36.78055,-73.06639,1013.775
2000-05-13,380013.0,"Maquehue, Temuco Ad.",-38.76778,-72.63194,1004.4375
2000-05-13,390006.0,"Pichoy, Valdivia Ad.",-39.65667,-73.08722,1014.2538461538461
2000-05-13,400009.0,"Cañal Bajo,  Osorno Ad.",-40.61444,-73.0575,1009.676923076923
2000-05-13,410005.0,El Tepual  Puerto Montt Ap.,-41.4475,-73.09583,1005.875
2000-05-13,430002.0,Futaleufú Ad.,-43.18889,-71.85222,980.6923076923077
2000-05-13,450004.0,"Teniente Vidal, Coyhaique Ad.",-45.59083,-72.10222,987.0230769230768
2000-05-13,450005.0,Balmaceda Ad.,-45.91833,-71.67778,961.2416666666667
2000-05-13,520006.0,"Carlos Ibañez, Punta Arenas Ap.",-53.00167,-70.83861,1018.225
2000-05-13,530005.0,"Fuentes Martínez, Porvenir Ad.",-53.25361,-70.32611,1019.9916666666667
2000-05-13,950001.0,"C.M.A. Eduardo Frei Montalva, Antártica ",-62.19194,-58.97972,993.275
2000-05-14,180005.0,"Chacalluta, Arica Ap.",-18.35555,-70.34028,1009.5875
2000-05-14,200006.0,Diego Aracena Iquique Ap.,-20.54917,-70.18111,1010.2125
2000-05-14,220002.0,"El Loa, Calama Ad.",-22.49806,-68.8925,775.4166666666666
2000-05-14,270001.0,Mataveri  Isla de Pascua Ap.,-27.15889,-109.4325,1017.9499999999999
2000-05-14,290004.0,"La Florida, La Serena Ad.",-29.91444,-71.20667,998.0421052631579
2000-05-14,330020.0,"Quinta Normal, Santiago",-33.445,-70.68278,954.2
2000-05-14,330021.0,Pudahuel Santiago ,-33.37833,-70.78778,959.0
2000-05-14,330030.0,"Santo Domingo, Ad.",-33.65611,-71.61333,1007.1153846153846
2000-05-14,330031.0,"Juan Fernández, Estación Meteorológica.",-33.63583,-78.83305,1012.5
2000-05-14,340031.0,"General Freire, Curicó Ad.",-34.96944,-71.21694,988.5153846153845
2000-05-14,360011.0,"General Bernardo O'Higgins, Chillán Ad.",-36.58583,-72.03667,998.5166666666668
2000-05-14,360019.0,"Carriel Sur, Concepción Ap.",-36.78055,-73.06639,1014.0
2000-05-14,380013.0,"Maquehue, Temuco Ad.",-38.76778,-72.63194,1004.48
2000-05-14,390006.0,"Pichoy, Valdivia Ad.",-39.65667,-73.08722,1013.8538461538462
2000-05-14,400009.0,"Cañal Bajo,  Osorno Ad.",-40.61444,-73.0575,1009.3857142857142
2000-05-14,410005.0,El Tepual  Puerto Montt Ap.,-41.4475,-73.09583,1007.225
2000-05-14,430002.0,Futaleufú Ad.,-43.18889,-71.85222,980.0384615384615
2000-05-14,450004.0,"Teniente Vidal, Coyhaique Ad.",-45.59083,-72.10222,984.8
2000-05-14,450005.0,Balmaceda Ad.,-45.91833,-71.67778,961.75
2000-05-14,520006.0,"Carlos Ibañez, Punta Arenas Ap.",-53.00167,-70.83861,1012.425
2000-05-14,950001.0,"C.M.A. Eduardo Frei Montalva, Antártica ",-62.19194,-58.97972,995.7125
2000-05-15,180005.0,"Chacalluta, Arica Ap.",-18.35555,-70.34028,1011.1041666666666
2000-05-15,200006.0,Diego Aracena Iquique Ap.,-20.54917,-70.18111,1011.35
2000-05-15,220002.0,"El Loa, Calama Ad.",-22.49806,-68.8925,776.3444444444444
2000-05-15,270001.0,Mataveri  Isla de Pascua Ap.,-27.15889,-109.4325,1017.0166666666668
2000-05-15,290004.0,"La Florida, La Serena Ad.",-29.91444,-71.20667,1002.3882352941175
2000-05-15,330020.0,"Quinta Normal, Santiago",-33.445,-70.68278,958.5200000000001
2000-05-15,330021.0,Pudahuel Santiago ,-33.37833,-70.78778,963.325
2000-05-15,330030.0,"Santo Domingo, Ad.",-33.65611,-71.61333,1012.3307692307692
2000-05-15,330031.0,"Juan Fernández, Estación Meteorológica.",-33.63583,-78.83305,1017.18
2000-05-15,340031.0,"General Freire, Curicó Ad.",-34.96944,-71.21694,993.7461538461539
2000-05-15,360011.0,"General Bernardo O'Higgins, Chillán Ad.",-36.58583,-72.03667,1003.9333333333334
2000-05-15,360019.0,"Carriel Sur, Concepción Ap.",-36.78055,-73.06639,1018.3875
2000-05-15,380013.0,"Maquehue, Temuco Ad.",-38.76778,-72.63194,1008.6208333333334
2000-05-15,390006.0,"Pichoy, Valdivia Ad.",-39.65667,-73.08722,1018.9266666666666
2000-05-15,400009.0,"Cañal Bajo,  Osorno Ad.",-40.61444,-73.0575,1013.8846153846154
2000-05-15,410005.0,El Tepual  Puerto Montt Ap.,-41.4475,-73.09583,1008.8375
2000-05-15,430001.0,Quellón Ad.,-43.13361,-73.63278,1018.05
2000-05-15,430002.0,Futaleufú Ad.,-43.18889,-71.85222,979.3538461538462
2000-05-15,450001.0,Puerto Aysén Ad.,-45.39944,-72.67722,1018.5875
2000-05-15,450004.0,"Teniente Vidal, Coyhaique Ad.",-45.59083,-72.10222,981.7133333333334
2000-05-15,450005.0,Balmaceda Ad.,-45.91833,-71.67778,955.5
2000-05-15,520006.0,"Carlos Ibañez, Punta Arenas Ap.",-53.00167,-70.83861,1003.1374999999999
2000-05-15,530005.0,"Fuentes Martínez, Porvenir Ad.",-53.25361,-70.32611,1003.2416666666667
2000-05-15,550001.0,"Guardiamarina Zañartu, Pto Williams Ad.",-54.93167,-67.61556,1001.5333333333333
2000-05-15,950001.0,"C.M.A. Eduardo Frei Montalva, Antártica ",-62.19194,-58.97972,990.825
2000-05-16,180005.0,"Chacalluta, Arica Ap.",-18.35555,-70.34028,1008.9708333333333
2000-05-16,200006.0,Diego Aracena Iquique Ap.,-20.54917,-70.18111,1009.15
2000-05-16,220002.0,"El Loa, Calama Ad.",-22.49806,-68.8925,775.99375
2000-05-16,270001.0,Mataveri  Isla de Pascua Ap.,-27.15889,-109.4325,1015.2166666666667
2000-05-16,290004.0,"La Florida, La Serena Ad.",-29.91444,-71.20667,1001.0411764705883
2000-05-16,330020.0,"Quinta Normal, Santiago",-33.445,-70.68278,959.8
2000-05-16,330021.0,Pudahuel Santiago ,-33.37833,-70.78778,966.1375
2000-05-16,330030.0,"Santo Domingo, Ad.",-33.65611,-71.61333,1010.6461538461538
2000-05-16,330031.0,"Juan Fernández, Estación Meteorológica.",-33.63583,-78.83305,1018.78
2000-05-16,340031.0,"General Freire, Curicó Ad.",-34.96944,-71.21694,993.5
2000-05-16,360011.0,"General Bernardo O'Higgins, Chillán Ad.",-36.58583,-72.03667,1003.8583333333332
2000-05-16,360019.0,"Carriel Sur, Concepción Ap.",-36.78055,-73.06639,1022.9625
2000-05-16,380013.0,"Maquehue, Temuco Ad.",-38.76778,-72.63194,1013.9653846153846
2000-05-16,390006.0,"Pichoy, Valdivia Ad.",-39.65667,-73.08722,1023.6857142857143
2000-05-16,400009.0,"Cañal Bajo,  Osorno Ad.",-40.61444,-73.0575,1019.657142857143
2000-05-16,410005.0,El Tepual  Puerto Montt Ap.,-41.4475,-73.09583,1016.45
2000-05-16,430001.0,Quellón Ad.,-43.13361,-73.63278,1025.9
2000-05-16,430002.0,Futaleufú Ad.,-43.18889,-71.85222,988.4000000000001
2000-05-16,450001.0,Puerto Aysén Ad.,-45.39944,-72.67722,1029.5875
2000-05-16,450004.0,"Teniente Vidal, Coyhaique Ad.",-45.59083,-72.10222,993.8461538461538
2000-05-16,450005.0,Balmaceda Ad.,-45.91833,-71.67778,966.1041666666666
2000-05-16,520006.0,"Carlos Ibañez, Punta Arenas Ap.",-53.00167,-70.83861,1018.8375000000001
2000-05-16,530005.0,"Fuentes Martínez, Porvenir Ad.",-53.25361,-70.32611,1024.6666666666667
2000-05-16,550001.0,"Guardiamarina Zañartu, Pto Williams Ad.",-54.93167,-67.61556,1022.2333333333333
2000-05-16,950001.0,"C.M.A. Eduardo Frei Montalva, Antártica ",-62.19194,-58.97972,993.95
2000-05-17,180005.0,"Chacalluta, Arica Ap.",-18.35555,-70.34028,1009.9208333333332
2000-05-17,200006.0,Diego Aracena Iquique Ap.,-20.54917,-70.18111,1010.0
2000-05-17,220002.0,"El Loa, Calama Ad.",-22.49806,-68.8925,777.2125
2000-05-17,270001.0,Mataveri  Isla de Pascua Ap.,-27.15889,-109.4325,1012.6666666666666
2000-05-17,290004.0,"La Florida, La Serena Ad.",-29.91444,-71.20667,998.7470588235294
2000-05-17,330020.0,"Quinta Normal, Santiago",-33.445,-70.68278,952.9399999999999
2000-05-17,330021.0,Pudahuel Santiago ,-33.37833,-70.78778,959.5125
2000-05-17,330030.0,"Santo Domingo, Ad.",-33.65611,-71.61333,1006.0230769230768
2000-05-17,330031.0,"Juan Fernández, Estación Meteorológica.",-33.63583,-78.83305,1014.5
2000-05-17,340031.0,"General Freire, Curicó Ad.",-34.96944,-71.21694,986.8384615384615
2000-05-17,360011.0,"General Bernardo O'Higgins, Chillán Ad.",-36.58583,-72.03667,996.2166666666667
2000-05-17,360019.0,"Carriel Sur, Concepción Ap.",-36.78055,-73.06639,1014.375
2000-05-17,380013.0,"Maquehue, Temuco Ad.",-38.76778,-72.63194,1005.8291666666668
2000-05-17,390006.0,"Pichoy, Valdivia Ad.",-39.65667,-73.08722,1014.7
2000-05-17,400009.0,"Cañal Bajo,  Osorno Ad.",-40.61444,-73.0575,1011.15
2000-05-17,410005.0,El Tepual  Puerto Montt Ap.,-41.4475,-73.09583,1010.3
2000-05-17,430001.0,Quellón Ad.,-43.13361,-73.63278,1016.575
2000-05-17,430002.0,Futaleufú Ad.,-43.18889,-71.85222,982.1692307692308
2000-05-17,450001.0,Puerto Aysén Ad.,-45.39944,-72.67722,1022.4625
2000-05-17,450004.0,"Teniente Vidal, Coyhaique Ad.",-45.59083,-72.10222,988.676923076923
2000-05-17,450005.0,Balmaceda Ad.,-45.91833,-71.67778,966.0416666666666
2000-05-17,520006.0,"Carlos Ibañez, Punta Arenas Ap.",-53.00167,-70.83861,1021.7
2000-05-17,530005.0,"Fuentes Martínez, Porvenir Ad.",-53.25361,-70.32611,1019.6333333333333
2000-05-17,550001.0,"Guardiamarina Zañartu, Pto Williams Ad.",-54.93167,-67.61556,1019.9111111111112
2000-05-17,950001.0,"C.M.A. Eduardo Frei Montalva, Antártica ",-62.19194,-58.97972,1002.025
2000-05-18,180005.0,"Chacalluta, Arica Ap.",-18.35555,-70.34028,1011.6208333333334
2000-05-18,200006.0,Diego Aracena Iquique Ap.,-20.54917,-70.18111,1012.3125
2000-05-18,220002.0,"El Loa, Calama Ad.",-22.49806,-68.8925,778.25
2000-05-18,270001.0,Mataveri  Isla de Pascua Ap.,-27.15889,-109.4325,1013.5833333333334
2000-05-18,290004.0,"La Florida, La Serena Ad.",-29.91444,-71.20667,1003.1176470588235
2000-05-18,330020.0,"Quinta Normal, Santiago",-33.445,-70.68278,959.04
2000-05-18,330021.0,Pudahuel Santiago ,-33.37833,-70.78778,963.9125
2000-05-18,330030.0,"Santo Domingo, Ad.",-33.65611,-71.61333,1012.5307692307692
2000-05-18,330031.0,"Juan Fernández, Estación Meteorológica.",-33.63583,-78.83305,1015.5200000000001
2000-05-18,340031.0,"General Freire, Curicó Ad.",-34.96944,-71.21694,993.6153846153846
2000-05-18,360011.0,"General Bernardo O'Higgins, Chillán Ad.",-36.58583,-72.03667,1002.9416666666666
2000-05-18,360019.0,"Carriel Sur, Concepción Ap.",-36.78055,-73.06639,1017.85
2000-05-18,380013.0,"Maquehue, Temuco Ad.",-38.76778,-72.63194,1006.7458333333334
2000-05-18,390006.0,"Pichoy, Valdivia Ad.",-39.65667,-73.08722,1017.0692307692308
2000-05-18,400009.0,"Cañal Bajo,  Osorno Ad.",-40.61444,-73.0575,1011.1692307692308
2000-05-18,410005.0,El Tepual  Puerto Montt Ap.,-41.4475,-73.09583,1005.75
2000-05-18,430001.0,Quellón Ad.,-43.13361,-73.63278,1012.125
2000-05-18,430002.0,Futaleufú Ad.,-43.18889,-71.85222,976.3
2000-05-18,450001.0,Puerto Aysén Ad.,-45.39944,-72.67722,1012.425
2000-05-18,450004.0,"Teniente Vidal, Coyhaique Ad.",-45.59083,-72.10222,977.1153846153846
2000-05-18,450005.0,Balmaceda Ad.,-45.91833,-71.67778,953.7791666666667
2000-05-18,520006.0,"Carlos Ibañez, Punta Arenas Ap.",-53.00167,-70.83861,1007.3875
2000-05-18,530005.0,"Fuentes Martínez, Porvenir Ad.",-53.25361,-70.32611,1003.5333333333333
2000-05-18,550001.0,"Guardiamarina Zañartu, Pto Williams Ad.",-54.93167,-67.61556,1005.0888888888888
2000-05-18,950001.0,"C.M.A. Eduardo Frei Montalva, Antártica ",-62.19194,-58.97972,998.075
2000-05-19,180005.0,"Chacalluta, Arica Ap.",-18.35555,-70.34028,1011.9416666666666
2000-05-19,200006.0,Diego Aracena Iquique Ap.,-20.54917,-70.18111,1012.6
2000-05-19,220002.0,"El Loa, Calama Ad.",-22.49806,-68.8925,778.0
2000-05-19,270001.0,Mataveri  Isla de Pascua Ap.,-27.15889,-109.4325,1013.3000000000001
2000-05-19,290004.0,"La Florida, La Serena Ad.",-29.91444,-71.20667,1002.1529411764704
2000-05-19,330020.0,"Quinta Normal, Santiago",-33.445,-70.68278,959.4
2000-05-19,330021.0,Pudahuel Santiago ,-33.37833,-70.78778,964.975
2000-05-19,330030.0,"Santo Domingo, Ad.",-33.65611,-71.61333,1012.6076923076923
2000-05-19,330031.0,"Juan Fernández, Estación Meteorológica.",-33.63583,-78.83305,1018.3799999999999
2000-05-19,340031.0,"General Freire, Curicó Ad.",-34.96944,-71.21694,993.9181818181819
2000-05-19,360011.0,"General Bernardo O'Higgins, Chillán Ad.",-36.58583,-72.03667,1003.4666666666667
2000-05-19,360019.0,"Carriel Sur, Concepción Ap.",-36.78055,-73.06639,1020.0625
2000-05-19,380013.0,"Maquehue, Temuco Ad.",-38.76778,-72.63194,1009.0239999999999
2000-05-19,390006.0,"Pichoy, Valdivia Ad.",-39.65667,-73.08722,1017.8615384615385
2000-05-19,400009.0,"Cañal Bajo,  Osorno Ad.",-40.61444,-73.0575,1012.3538461538462
2000-05-19,410005.0,El Tepual  Puerto Montt Ap.,-41.4475,-73.09583,1007.15
2000-05-19,430001.0,Quellón Ad.,-43.13361,-73.63278,1014.8
2000-05-19,430002.0,Futaleufú Ad.,-43.18889,-71.85222,975.3153846153847
2000-05-19,450001.0,Puerto Aysén Ad.,-45.39944,-72.67722,1013.0375
2000-05-19,450004.0,"Teniente Vidal, Coyhaique Ad.",-45.59083,-72.10222,975.6153846153846
2000-05-19,450005.0,Balmaceda Ad.,-45.91833,-71.67778,948.125
2000-05-19,520006.0,"Carlos Ibañez, Punta Arenas Ap.",-53.00167,-70.83861,993.65
2000-05-19,530005.0,"Fuentes Martínez, Porvenir Ad.",-53.25361,-70.32611,994.1666666666666
2000-05-19,550001.0,"Guardiamarina Zañartu, Pto Williams Ad.",-54.93167,-67.61556,990.1375
2000-05-19,950001.0,"C.M.A. Eduardo Frei Montalva, Antártica ",-62.19194,-58.97972,989.3
2000-05-20,180005.0,"Chacalluta, Arica Ap.",-18.35555,-70.34028,1012.3833333333333
2000-05-20,200006.0,Diego Aracena Iquique Ap.,-20.54917,-70.18111,1013.025
2000-05-20,220002.0,"El Loa, Calama Ad.",-22.49806,-68.8925,778.09375
2000-05-20,270001.0,Mataveri  Isla de Pascua Ap.,-27.15889,-109.4325,1009.2333333333332
2000-05-20,290004.0,"La Florida, La Serena Ad.",-29.91444,-71.20667,1002.9588235294117
2000-05-20,330020.0,"Quinta Normal, Santiago",-33.445,-70.68278,960.04
2000-05-20,330021.0,Pudahuel Santiago ,-33.37833,-70.78778,965.55
2000-05-20,330030.0,"Santo Domingo, Ad.",-33.65611,-71.61333,1013.3923076923077
2000-05-20,330031.0,"Juan Fernández, Estación Meteorológica.",-33.63583,-78.83305,1019.25
2000-05-20,340031.0,"General Freire, Curicó Ad.",-34.96944,-71.21694,994.0076923076923
2000-05-20,360011.0,"General Bernardo O'Higgins, Chillán Ad.",-36.58583,-72.03667,1005.3249999999999
2000-05-20,360019.0,"Carriel Sur, Concepción Ap.",-36.78055,-73.06639,1021.8375
2000-05-20,380013.0,"Maquehue, Temuco Ad.",-38.76778,-72.63194,1010.34
2000-05-20,390006.0,"Pichoy, Valdivia Ad.",-39.65667,-73.08722,1016.3
2000-05-20,400009.0,"Cañal Bajo,  Osorno Ad.",-40.61444,-73.0575,1009.5692307692308
2000-05-20,410005.0,El Tepual  Puerto Montt Ap.,-41.4475,-73.09583,1006.3
2000-05-20,430002.0,Futaleufú Ad.,-43.18889,-71.85222,969.7153846153846
2000-05-20,450004.0,"Teniente Vidal, Coyhaique Ad.",-45.59083,-72.10222,967.5153846153846
2000-05-20,450005.0,Balmaceda Ad.,-45.91833,-71.67778,944.8541666666666
2000-05-20,520006.0,"Carlos Ibañez, Punta Arenas Ap.",-53.00167,-70.83861,990.4125
2000-05-20,530005.0,"Fuentes Martínez, Porvenir Ad.",-53.25361,-70.32611,988.2333333333332
2000-05-20,950001.0,"C.M.A. Eduardo Frei Montalva, Antártica ",-62.19194,-58.97972,977.6
2000-05-21,180005.0,"Chacalluta, Arica Ap.",-18.35555,-70.34028,1010.5583333333334
2000-05-21,200006.0,Diego Aracena Iquique Ap.,-20.54917,-70.18111,1011.05
2000-05-21,220002.0,"El Loa, Calama Ad.",-22.49806,-68.8925,776.8000000000001
2000-05-21,270001.0,Mataveri  Isla de Pascua Ap.,-27.15889,-109.4325,1009.0333333333333
2000-05-21,290004.0,"La Florida, La Serena Ad.",-29.91444,-71.20667,999.4952380952382
2000-05-21,330020.0,"Quinta Normal, Santiago",-33.445,-70.68278,957.46
2000-05-21,330021.0,Pudahuel Santiago ,-33.37833,-70.78778,963.475
2000-05-21,330030.0,"Santo Domingo, Ad.",-33.65611,-71.61333,1008.9230769230769
2000-05-21,330031.0,"Juan Fernández, Estación Meteorológica.",-33.63583,-78.83305,1016.2
2000-05-21,340031.0,"General Freire, Curicó Ad.",-34.96944,-71.21694,991.7692307692307
2000-05-21,360011.0,"General Bernardo O'Higgins, Chillán Ad.",-36.58583,-72.03667,1001.8166666666666
2000-05-21,360019.0,"Carriel Sur, Concepción Ap.",-36.78055,-73.06639,1020.3
2000-05-21,380013.0,"Maquehue, Temuco Ad.",-38.76778,-72.63194,1009.2833333333333
2000-05-21,390006.0,"Pichoy, Valdivia Ad.",-39.65667,-73.08722,1017.6076923076923
2000-05-21,400009.0,"Cañal Bajo,  Osorno Ad.",-40.61444,-73.0575,1012.4866666666666
2000-05-21,410005.0,El Tepual  Puerto Montt Ap.,-41.4475,-73.09583,1008.3
2000-05-21,430002.0,Futaleufú Ad.,-43.18889,-71.85222,974.3538461538462
2000-05-21,450004.0,"Teniente Vidal, Coyhaique Ad.",-45.59083,-72.10222,971.3076923076923
2000-05-21,450005.0,Balmaceda Ad.,-45.91833,-71.67778,944.0833333333334
2000-05-21,520006.0,"Carlos Ibañez, Punta Arenas Ap.",-53.00167,-70.83861,983.0625
2000-05-21,950001.0,"C.M.A. Eduardo Frei Montalva, Antártica ",-62.19194,-58.97972,975.825
2000-05-22,180005.0,"Chacalluta, Arica Ap.",-18.35555,-70.34028,1010.3708333333334
2000-05-22,200006.0,Diego Aracena Iquique Ap.,-20.54917,-70.18111,1011.0125
2000-05-22,220002.0,"El Loa, Calama Ad.",-22.49806,-68.8925,778.0625
2000-05-22,270001.0,Mataveri  Isla de Pascua Ap.,-27.15889,-109.4325,1010.65
2000-05-22,290004.0,"La Florida, La Serena Ad.",-29.91444,-71.20667,1001.1944444444445
2000-05-22,330020.0,"Quinta Normal, Santiago",-33.445,-70.68278,955.3399999999999
2000-05-22,330021.0,Pudahuel Santiago ,-33.37833,-70.78778,960.325
2000-05-22,330030.0,"Santo Domingo, Ad.",-33.65611,-71.61333,1008.8153846153847
2000-05-22,330031.0,"Juan Fernández, Estación Meteorológica.",-33.63583,-78.83305,1011.6600000000001
2000-05-22,340031.0,"General Freire, Curicó Ad.",-34.96944,-71.21694,989.5153846153846
2000-05-22,360011.0,"General Bernardo O'Higgins, Chillán Ad.",-36.58583,-72.03667,998.5833333333334
2000-05-22,360019.0,"Carriel Sur, Concepción Ap.",-36.78055,-73.06639,1016.175
2000-05-22,380013.0,"Maquehue, Temuco Ad.",-38.76778,-72.63194,1007.5999999999999
2000-05-22,390006.0,"Pichoy, Valdivia Ad.",-39.65667,-73.08722,1016.9928571428571
2000-05-22,400009.0,"Cañal Bajo,  Osorno Ad.",-40.61444,-73.0575,1013.15
2000-05-22,410005.0,El Tepual  Puerto Montt Ap.,-41.4475,-73.09583,1010.4875
2000-05-22,430001.0,Quellón Ad.,-43.13361,-73.63278,1019.5
2000-05-22,430002.0,Futaleufú Ad.,-43.18889,-71.85222,980.5461538461539
2000-05-22,450001.0,Puerto Aysén Ad.,-45.39944,-72.67722,1021.725
2000-05-22,450004.0,"Teniente Vidal, Coyhaique Ad.",-45.59083,-72.10222,982.6384615384615
2000-05-22,450005.0,Balmaceda Ad.,-45.91833,-71.67778,953.4791666666666
2000-05-22,520006.0,"Carlos Ibañez, Punta Arenas Ap.",-53.00167,-70.83861,993.6
2000-05-22,530005.0,"Fuentes Martínez, Porvenir Ad.",-53.25361,-70.32611,995.3916666666668
2000-05-22,550001.0,"Guardiamarina Zañartu, Pto Williams Ad.",-54.93167,-67.61556,988.4333333333333
2000-05-22,950001.0,"C.M.A. Eduardo Frei Montalva, Antártica ",-62.19194,-58.97972,963.2125
2000-05-23,180005.0,"Chacalluta, Arica Ap.",-18.35555,-70.34028,1010.9208333333332
2000-05-23,200006.0,Diego Aracena Iquique Ap.,-20.54917,-70.18111,1011.425
2000-05-23,220002.0,"El Loa, Calama Ad.",-22.49806,-68.8925,778.4125
2000-05-23,270001.0,Mataveri  Isla de Pascua Ap.,-27.15889,-109.4325,1012.1166666666667
2000-05-23,290004.0,"La Florida, La Serena Ad.",-29.91444,-71.20667,1001.3588235294117
2000-05-23,330020.0,"Quinta Normal, Santiago",-33.445,-70.68278,953.8799999999999
2000-05-23,330021.0,Pudahuel Santiago ,-33.37833,-70.78778,961.4499999999999
2000-05-23,330030.0,"Santo Domingo, Ad.",-33.65611,-71.61333,1008.8384615384615
2000-05-23,330031.0,"Juan Fernández, Estación Meteorológica.",-33.63583,-78.83305,1006.9200000000001
2000-05-23,340031.0,"General Freire, Curicó Ad.",-34.96944,-71.21694,989.2692307692307
2000-05-23,360011.0,"General Bernardo O'Higgins, Chillán Ad.",-36.58583,-72.03667,998.8833333333333
2000-05-23,360019.0,"Carriel Sur, Concepción Ap.",-36.78055,-73.06639,1015.7625
2000-05-23,380013.0,"Maquehue, Temuco Ad.",-38.76778,-72.63194,1004.873076923077
2000-05-23,390006.0,"Pichoy, Valdivia Ad.",-39.65667,-73.08722,1012.8384615384615
2000-05-23,400009.0,"Cañal Bajo,  Osorno Ad.",-40.61444,-73.0575,1007.4857142857143
2000-05-23,410005.0,El Tepual  Puerto Montt Ap.,-41.4475,-73.09583,1005.325
2000-05-23,430001.0,Quellón Ad.,-43.13361,-73.63278,1011.3
2000-05-23,430002.0,Futaleufú Ad.,-43.18889,-71.85222,976.9230769230769
2000-05-23,450001.0,Puerto Aysén Ad.,-45.39944,-72.67722,1014.8125
2000-05-23,450004.0,"Teniente Vidal, Coyhaique Ad.",-45.59083,-72.10222,979.376923076923
2000-05-23,450005.0,Balmaceda Ad.,-45.91833,-71.67778,955.068
2000-05-23,520006.0,"Carlos Ibañez, Punta Arenas Ap.",-53.00167,-70.83861,1000.5625
2000-05-23,530005.0,"Fuentes Martínez, Porvenir Ad.",-53.25361,-70.32611,1003.1166666666667
2000-05-23,550001.0,"Guardiamarina Zañartu, Pto Williams Ad.",-54.93167,-67.61556,997.8888888888889
2000-05-23,950001.0,"C.M.A. Eduardo Frei Montalva, Antártica ",-62.19194,-58.97972,977.15
2000-05-24,180005.0,"Chacalluta, Arica Ap.",-18.35555,-70.34028,1012.0041666666666
2000-05-24,200006.0,Diego Aracena Iquique Ap.,-20.54917,-70.18111,1012.375
2000-05-24,220002.0,"El Loa, Calama Ad.",-22.49806,-68.8925,778.50625
2000-05-24,270001.0,Mataveri  Isla de Pascua Ap.,-27.15889,-109.4325,1006.35
2000-05-24,290004.0,"La Florida, La Serena Ad.",-29.91444,-71.20667,1002.7529411764706
2000-05-24,330020.0,"Quinta Normal, Santiago",-33.445,-70.68278,957.4200000000001
2000-05-24,330021.0,Pudahuel Santiago ,-33.37833,-70.78778,962.5625
2000-05-24,330030.0,"Santo Domingo, Ad.",-33.65611,-71.61333,1010.4076923076924
2000-05-24,330031.0,"Juan Fernández, Estación Meteorológica.",-33.63583,-78.83305,1007.4399999999999
2000-05-24,340031.0,"General Freire, Curicó Ad.",-34.96944,-71.21694,990.8846153846154
2000-05-24,360011.0,"General Bernardo O'Higgins, Chillán Ad.",-36.58583,-72.03667,998.0416666666666
2000-05-24,360019.0,"Carriel Sur, Concepción Ap.",-36.78055,-73.06639,1012.6625
2000-05-24,380013.0,"Maquehue, Temuco Ad.",-38.76778,-72.63194,1001.3583333333332
2000-05-24,390006.0,"Pichoy, Valdivia Ad.",-39.65667,-73.08722,1007.9153846153846
2000-05-24,400009.0,"Cañal Bajo,  Osorno Ad.",-40.61444,-73.0575,1002.4538461538461
2000-05-24,410005.0,El Tepual  Puerto Montt Ap.,-41.4475,-73.09583,998.8625
2000-05-24,430001.0,Quellón Ad.,-43.13361,-73.63278,1003.5
2000-05-24,430002.0,Futaleufú Ad.,-43.18889,-71.85222,968.623076923077
2000-05-24,450001.0,Puerto Aysén Ad.,-45.39944,-72.67722,1005.75
2000-05-24,450004.0,"Teniente Vidal, Coyhaique Ad.",-45.59083,-72.10222,970.6923076923077
2000-05-24,450005.0,Balmaceda Ad.,-45.91833,-71.67778,948.0875
2000-05-24,520006.0,"Carlos Ibañez, Punta Arenas Ap.",-53.00167,-70.83861,1003.4875
2000-05-24,530005.0,"Fuentes Martínez, Porvenir Ad.",-53.25361,-70.32611,1003.9250000000001
2000-05-24,550001.0,"Guardiamarina Zañartu, Pto Williams Ad.",-54.93167,-67.61556,1006.8666666666666
2000-05-24,950001.0,"C.M.A. Eduardo Frei Montalva, Antártica ",-62.19194,-58.97972,990.65
2000-05-25,180005.0,"Chacalluta, Arica Ap.",-18.35555,-70.34028,1009.4666666666667
2000-05-25,200006.0,Diego Aracena Iquique Ap.,-20.54917,-70.18111,1009.875
2000-05-25,220002.0,"El Loa, Calama Ad.",-22.49806,-68.8925,777.5
2000-05-25,270001.0,Mataveri  Isla de Pascua Ap.,-27.15889,-109.4325,1005.9666666666667
2000-05-25,290004.0,"La Florida, La Serena Ad.",-29.91444,-71.20667,1002.1058823529411
2000-05-25,330020.0,"Quinta Normal, Santiago",-33.445,-70.68278,959.46
2000-05-25,330021.0,Pudahuel Santiago ,-33.37833,-70.78778,964.7125
2000-05-25,330030.0,"Santo Domingo, Ad.",-33.65611,-71.61333,1012.8076923076923
2000-05-25,330031.0,"Juan Fernández, Estación Meteorológica.",-33.63583,-78.83305,1013.6200000000001
2000-05-25,340031.0,"General Freire, Curicó Ad.",-34.96944,-71.21694,993.7384615384616
2000-05-25,360011.0,"General Bernardo O'Higgins, Chillán Ad.",-36.58583,-72.03667,1001.5333333333333
2000-05-25,360019.0,"Carriel Sur, Concepción Ap.",-36.78055,-73.06639,1015.6555555555556
2000-05-25,380013.0,"Maquehue, Temuco Ad.",-38.76778,-72.63194,1003.9250000000001
2000-05-25,390006.0,"Pichoy, Valdivia Ad.",-39.65667,-73.08722,1012.7076923076924
2000-05-25,400009.0,"Cañal Bajo,  Osorno Ad.",-40.61444,-73.0575,1006.3538461538462
2000-05-25,410005.0,El Tepual  Puerto Montt Ap.,-41.4475,-73.09583,999.4
2000-05-25,430001.0,Quellón Ad.,-43.13361,-73.63278,1006.225
2000-05-25,430002.0,Futaleufú Ad.,-43.18889,-71.85222,968.0384615384615
2000-05-25,450001.0,Puerto Aysén Ad.,-45.39944,-72.67722,1002.8125
2000-05-25,450004.0,"Teniente Vidal, Coyhaique Ad.",-45.59083,-72.10222,967.5214285714285
2000-05-25,450005.0,Balmaceda Ad.,-45.91833,-71.67778,942.2375000000001
2000-05-25,520006.0,"Carlos Ibañez, Punta Arenas Ap.",-53.00167,-70.83861,998.2624999999999
2000-05-25,530005.0,"Fuentes Martínez, Porvenir Ad.",-53.25361,-70.32611,998.2083333333334
2000-05-25,550001.0,"Guardiamarina Zañartu, Pto Williams Ad.",-54.93167,-67.61556,999.2333333333333
2000-05-25,950001.0,"C.M.A. Eduardo Frei Montalva, Antártica ",-62.19194,-58.97972,998.65
2000-05-26,180005.0,"Chacalluta, Arica Ap.",-18.35555,-70.34028,1008.9791666666666
2000-05-26,200006.0,Diego Aracena Iquique Ap.,-20.54917,-70.18111,1009.025
2000-05-26,220002.0,"El Loa, Calama Ad.",-22.49806,-68.8925,777.09375
2000-05-26,270001.0,Mataveri  Isla de Pascua Ap.,-27.15889,-109.4325,1006.85
2000-05-26,290004.0,"La Florida, La Serena Ad.",-29.91444,-71.20667,998.0450000000001
2000-05-26,330020.0,"Quinta Normal, Santiago",-33.445,-70.68278,956.04
2000-05-26,330021.0,Pudahuel Santiago ,-33.37833,-70.78778,961.6375
2000-05-26,330030.0,"Santo Domingo, Ad.",-33.65611,-71.61333,1007.9538461538461
2000-05-26,330031.0,"Juan Fernández, Estación Meteorológica.",-33.63583,-78.83305,1009.72
2000-05-26,340031.0,"General Freire, Curicó Ad.",-34.96944,-71.21694,989.6153846153846
2000-05-26,360011.0,"General Bernardo O'Higgins, Chillán Ad.",-36.58583,-72.03667,999.2333333333332
2000-05-26,360019.0,"Carriel Sur, Concepción Ap.",-36.78055,-73.06639,1017.275
2000-05-26,380013.0,"Maquehue, Temuco Ad.",-38.76778,-72.63194,1006.6916666666666
2000-05-26,390006.0,"Pichoy, Valdivia Ad.",-39.65667,-73.08722,1013.0846153846154
2000-05-26,400009.0,"Cañal Bajo,  Osorno Ad.",-40.61444,-73.0575,1008.2538461538461
2000-05-26,410005.0,El Tepual  Puerto Montt Ap.,-41.4475,-73.09583,1006.0625
2000-05-26,430001.0,Quellón Ad.,-43.13361,-73.63278,1011.5
2000-05-26,430002.0,Futaleufú Ad.,-43.18889,-71.85222,974.4846153846154
2000-05-26,450001.0,Puerto Aysén Ad.,-45.39944,-72.67722,1013.475
2000-05-26,450004.0,"Teniente Vidal, Coyhaique Ad.",-45.59083,-72.10222,976.6384615384615
2000-05-26,450005.0,Balmaceda Ad.,-45.91833,-71.67778,954.3458333333333
2000-05-26,520006.0,"Carlos Ibañez, Punta Arenas Ap.",-53.00167,-70.83861,1002.6875
2000-05-26,530005.0,"Fuentes Martínez, Porvenir Ad.",-53.25361,-70.32611,1005.6
2000-05-26,550001.0,"Guardiamarina Zañartu, Pto Williams Ad.",-54.93167,-67.61556,1006.3
2000-05-26,950001.0,"C.M.A. Eduardo Frei Montalva, Antártica ",-62.19194,-58.97972,994.3
2000-05-27,180005.0,"Chacalluta, Arica Ap.",-18.35555,-70.34028,1008.9333333333334
2000-05-27,200006.0,Diego Aracena Iquique Ap.,-20.54917,-70.18111,1009.7625
2000-05-27,220002.0,"El Loa, Calama Ad.",-22.49806,-68.8925,775.88125
2000-05-27,270001.0,Mataveri  Isla de Pascua Ap.,-27.15889,-109.4325,1007.7428571428571
2000-05-27,290004.0,"La Florida, La Serena Ad.",-29.91444,-71.20667,998.0052631578947
2000-05-27,330020.0,"Quinta Normal, Santiago",-33.445,-70.68278,955.8799999999999
2000-05-27,330021.0,Pudahuel Santiago ,-33.37833,-70.78778,961.8125
2000-05-27,330030.0,"Santo Domingo, Ad.",-33.65611,-71.61333,1008.1076923076923
2000-05-27,330031.0,"Juan Fernández, Estación Meteorológica.",-33.63583,-78.83305,1010.575
2000-05-27,340031.0,"General Freire, Curicó Ad.",-34.96944,-71.21694,989.9846153846154
2000-05-27,360011.0,"General Bernardo O'Higgins, Chillán Ad.",-36.58583,-72.03667,999.875
2000-05-27,360019.0,"Carriel Sur, Concepción Ap.",-36.78055,-73.06639,1016.8875
2000-05-27,380013.0,"Maquehue, Temuco Ad.",-38.76778,-72.63194,1005.6541666666667
2000-05-27,390006.0,"Pichoy, Valdivia Ad.",-39.65667,-73.08722,1013.9384615384616
2000-05-27,400009.0,"Cañal Bajo,  Osorno Ad.",-40.61444,-73.0575,1008.0538461538462
2000-05-27,410005.0,El Tepual  Puerto Montt Ap.,-41.4475,-73.09583,1002.4375
2000-05-27,430001.0,Quellón Ad.,-43.13361,-73.63278,1008.425
2000-05-27,430002.0,Futaleufú Ad.,-43.18889,-71.85222,971.5923076923077
2000-05-27,450004.0,"Teniente Vidal, Coyhaique Ad.",-45.59083,-72.10222,971.8307692307692
2000-05-27,450005.0,Balmaceda Ad.,-45.91833,-71.67778,947.8041666666667
2000-05-27,520006.0,"Carlos Ibañez, Punta Arenas Ap.",-53.00167,-70.83861,1003.0625
2000-05-27,530005.0,"Fuentes Martínez, Porvenir Ad.",-53.25361,-70.32611,1003.6083333333332
2000-05-27,950001.0,"C.M.A. Eduardo Frei Montalva, Antártica ",-62.19194,-58.97972,1001.3625
2000-05-28,180005.0,"Chacalluta, Arica Ap.",-18.35555,-70.34028,1009.3583333333332
2000-05-28,200006.0,Diego Aracena Iquique Ap.,-20.54917,-70.18111,1009.9125
2000-05-28,220002.0,"El Loa, Calama Ad.",-22.49806,-68.8925,776.1916666666666
2000-05-28,270001.0,Mataveri  Isla de Pascua Ap.,-27.15889,-109.4325,1002.9666666666667
2000-05-28,290004.0,"La Florida, La Serena Ad.",-29.91444,-71.20667,999.7235294117646
2000-05-28,330020.0,"Quinta Normal, Santiago",-33.445,-70.68278,956.18
2000-05-28,330021.0,Pudahuel Santiago ,-33.37833,-70.78778,961.55
2000-05-28,330030.0,"Santo Domingo, Ad.",-33.65611,-71.61333,1008.8923076923077
2000-05-28,330031.0,"Juan Fernández, Estación Meteorológica.",-33.63583,-78.83305,1010.775
2000-05-28,340031.0,"General Freire, Curicó Ad.",-34.96944,-71.21694,990.4923076923077
2000-05-28,360011.0,"General Bernardo O'Higgins, Chillán Ad.",-36.58583,-72.03667,998.6833333333334
2000-05-28,360019.0,"Carriel Sur, Concepción Ap.",-36.78055,-73.06639,1015.225
2000-05-28,380013.0,"Maquehue, Temuco Ad.",-38.76778,-72.63194,1004.0749999999999
2000-05-28,390006.0,"Pichoy, Valdivia Ad.",-39.65667,-73.08722,1011.3923076923077
2000-05-28,400009.0,"Cañal Bajo,  Osorno Ad.",-40.61444,-73.0575,1005.7307692307693
2000-05-28,410005.0,El Tepual  Puerto Montt Ap.,-41.4475,-73.09583,1003.4625
2000-05-28,430001.0,Quellón Ad.,-43.13361,-73.63278,1009.825
2000-05-28,430002.0,Futaleufú Ad.,-43.18889,-71.85222,973.3461538461538
2000-05-28,450004.0,"Teniente Vidal, Coyhaique Ad.",-45.59083,-72.10222,975.8692307692307
2000-05-28,450005.0,Balmaceda Ad.,-45.91833,-71.67778,949.7624999999999
2000-05-28,520006.0,"Carlos Ibañez, Punta Arenas Ap.",-53.00167,-70.83861,1003.425
2000-05-28,950001.0,"C.M.A. Eduardo Frei Montalva, Antártica ",-62.19194,-58.97972,1013.225
2000-05-29,180005.0,"Chacalluta, Arica Ap.",-18.35555,-70.34028,1008.9208333333332
2000-05-29,200006.0,Diego Aracena Iquique Ap.,-20.54917,-70.18111,1009.65
2000-05-29,220002.0,"El Loa, Calama Ad.",-22.49806,-68.8925,775.96875
2000-05-29,270001.0,Mataveri  Isla de Pascua Ap.,-27.15889,-109.4325,1010.3833333333333
2000-05-29,290004.0,"La Florida, La Serena Ad.",-29.91444,-71.20667,999.1611111111112
2000-05-29,330020.0,"Quinta Normal, Santiago",-33.445,-70.68278,957.0600000000001
2000-05-29,330021.0,Pudahuel Santiago ,-33.37833,-70.78778,962.4499999999999
2000-05-29,330030.0,"Santo Domingo, Ad.",-33.65611,-71.61333,1009.7384615384616
2000-05-29,330031.0,"Juan Fernández, Estación Meteorológica.",-33.63583,-78.83305,1014.26
2000-05-29,340031.0,"General Freire, Curicó Ad.",-34.96944,-71.21694,991.5153846153846
2000-05-29,360011.0,"General Bernardo O'Higgins, Chillán Ad.",-36.58583,-72.03667,1001.8833333333333
2000-05-29,360019.0,"Carriel Sur, Concepción Ap.",-36.78055,-73.06639,1017.9
2000-05-29,380013.0,"Maquehue, Temuco Ad.",-38.76778,-72.63194,1007.5
2000-05-29,390006.0,"Pichoy, Valdivia Ad.",-39.65667,-73.08722,1017.2833333333333
2000-05-29,400009.0,"Cañal Bajo,  Osorno Ad.",-40.61444,-73.0575,1011.5769230769231
2000-05-29,410005.0,El Tepual  Puerto Montt Ap.,-41.4475,-73.09583,1005.5875
2000-05-29,430001.0,Quellón Ad.,-43.13361,-73.63278,1013.85
2000-05-29,430002.0,Futaleufú Ad.,-43.18889,-71.85222,976.1846153846153
2000-05-29,450001.0,Puerto Aysén Ad.,-45.39944,-72.67722,1017.95
2000-05-29,450004.0,"Teniente Vidal, Coyhaique Ad.",-45.59083,-72.10222,981.0384615384615
2000-05-29,450005.0,Balmaceda Ad.,-45.91833,-71.67778,953.875
2000-05-29,520006.0,"Carlos Ibañez, Punta Arenas Ap.",-53.00167,-70.83861,1019.6375
2000-05-29,530005.0,"Fuentes Martínez, Porvenir Ad.",-53.25361,-70.32611,1024.7666666666667
2000-05-29,550001.0,"Guardiamarina Zañartu, Pto Williams Ad.",-54.93167,-67.61556,1028.8166666666666
2000-05-29,950001.0,"C.M.A. Eduardo Frei Montalva, Antártica ",-62.19194,-58.97972,1022.75
2000-05-30,180005.0,"Chacalluta, Arica Ap.",-18.35555,-70.34028,1008.4916666666667
2000-05-30,200006.0,Diego Aracena Iquique Ap.,-20.54917,-70.18111,1009.1375
2000-05-30,220002.0,"El Loa, Calama Ad.",-22.49806,-68.8925,775.10625
2000-05-30,270001.0,Mataveri  Isla de Pascua Ap.,-27.15889,-109.4325,1013.1666666666666
2000-05-30,290004.0,"La Florida, La Serena Ad.",-29.91444,-71.20667,997.8473684210526
2000-05-30,330020.0,"Quinta Normal, Santiago",-33.445,-70.68278,954.5799999999999
2000-05-30,330021.0,Pudahuel Santiago ,-33.37833,-70.78778,960.0125
2000-05-30,330030.0,"Santo Domingo, Ad.",-33.65611,-71.61333,1007.0615384615384
2000-05-30,330031.0,"Juan Fernández, Estación Meteorológica.",-33.63583,-78.83305,1014.14
2000-05-30,340031.0,"General Freire, Curicó Ad.",-34.96944,-71.21694,988.7076923076924
2000-05-30,360011.0,"General Bernardo O'Higgins, Chillán Ad.",-36.58583,-72.03667,998.7916666666666
2000-05-30,360019.0,"Carriel Sur, Concepción Ap.",-36.78055,-73.06639,1016.875
2000-05-30,380013.0,"Maquehue, Temuco Ad.",-38.76778,-72.63194,1007.712
2000-05-30,390006.0,"Pichoy, Valdivia Ad.",-39.65667,-73.08722,1016.6
2000-05-30,400009.0,"Cañal Bajo,  Osorno Ad.",-40.61444,-73.0575,1012.3214285714286
2000-05-30,410005.0,El Tepual  Puerto Montt Ap.,-41.4475,-73.09583,1010.3
2000-05-30,430001.0,Quellón Ad.,-43.13361,-73.63278,1018.225
2000-05-30,430002.0,Futaleufú Ad.,-43.18889,-71.85222,983.3846153846154
2000-05-30,450001.0,Puerto Aysén Ad.,-45.39944,-72.67722,1024.6875
2000-05-30,450004.0,"Teniente Vidal, Coyhaique Ad.",-45.59083,-72.10222,989.9692307692308
2000-05-30,450005.0,Balmaceda Ad.,-45.91833,-71.67778,965.0124999999999
2000-05-30,520006.0,"Carlos Ibañez, Punta Arenas Ap.",-53.00167,-70.83861,1027.5
2000-05-30,530005.0,"Fuentes Martínez, Porvenir Ad.",-53.25361,-70.32611,1026.425
2000-05-30,550001.0,"Guardiamarina Zañartu, Pto Williams Ad.",-54.93167,-67.61556,1029.2777777777778
2000-05-30,950001.0,"C.M.A. Eduardo Frei Montalva, Antártica ",-62.19194,-58.97972,1023.25
2000-05-31,180005.0,"Chacalluta, Arica Ap.",-18.35555,-70.34028,1009.1666666666666
2000-05-31,200006.0,Diego Aracena Iquique Ap.,-20.54917,-70.18111,1010.0375
2000-05-31,220002.0,"El Loa, Calama Ad.",-22.49806,-68.8925,776.2
2000-05-31,270001.0,Mataveri  Isla de Pascua Ap.,-27.15889,-109.4325,1015.15
2000-05-31,290004.0,"La Florida, La Serena Ad.",-29.91444,-71.20667,1000.1529411764704
2000-05-31,330020.0,"Quinta Normal, Santiago",-33.445,-70.68278,955.72
2000-05-31,330021.0,Pudahuel Santiago ,-33.37833,-70.78778,960.8875
2000-05-31,330030.0,"Santo Domingo, Ad.",-33.65611,-71.61333,1008.7769230769231
2000-05-31,330031.0,"Juan Fernández, Estación Meteorológica.",-33.63583,-78.83305,1016.1600000000001
2000-05-31,340031.0,"General Freire, Curicó Ad.",-34.96944,-71.21694,990.7615384615384
2000-05-31,360011.0,"General Bernardo O'Higgins, Chillán Ad.",-36.58583,-72.03667,1001.7166666666667
2000-05-31,360019.0,"Carriel Sur, Concepción Ap.",-36.78055,-73.06639,1017.6625
2000-05-31,380013.0,"Maquehue, Temuco Ad.",-38.76778,-72.63194,1008.123076923077
2000-05-31,390006.0,"Pichoy, Valdivia Ad.",-39.65667,-73.08722,1018.1733333333334
2000-05-31,400009.0,"Cañal Bajo,  Osorno Ad.",-40.61444,-73.0575,1013.2428571428571
2000-05-31,410005.0,El Tepual  Puerto Montt Ap.,-41.4475,-73.09583,1009.3375
2000-05-31,430001.0,Quellón Ad.,-43.13361,-73.63278,1017.375
2000-05-31,430002.0,Futaleufú Ad.,-43.18889,-71.85222,981.5
2000-05-31,450001.0,Puerto Aysén Ad.,-45.39944,-72.67722,1020.7875
2000-05-31,450004.0,"Teniente Vidal, Coyhaique Ad.",-45.59083,-72.10222,985.2
2000-05-31,450005.0,Balmaceda Ad.,-45.91833,-71.67778,961.1999999999999
2000-05-31,520006.0,"Carlos Ibañez, Punta Arenas Ap.",-53.00167,-70.83861,1018.1375
2000-05-31,530005.0,"Fuentes Martínez, Porvenir Ad.",-53.25361,-70.32611,1014.775
2000-05-31,550001.0,"Guardiamarina Zañartu, Pto Williams Ad.",-54.93167,-67.61556,1016.4111111111112
2000-05-31,950001.0,"C.M.A. Eduardo Frei Montalva, Antártica ",-62.19194,-58.97972,1011.825
2000-06-01,180005.0,"Chacalluta, Arica Ap.",-18.35555,-70.34028,1009.8874999999999
2000-06-01,200006.0,Diego Aracena Iquique Ap.,-20.54917,-70.18111,1010.1375
2000-06-01,220002.0,"El Loa, Calama Ad.",-22.49806,-68.8925,775.3875
2000-06-01,270001.0,Mataveri  Isla de Pascua Ap.,-27.15889,-109.4325,1015.1
2000-06-01,290004.0,"La Florida, La Serena Ad.",-29.91444,-71.20667,998.2235294117646
2000-06-01,330020.0,"Quinta Normal, Santiago",-33.445,-70.68278,953.6
2000-06-01,330021.0,Pudahuel Santiago ,-33.37833,-70.78778,958.25
2000-06-01,330030.0,"Santo Domingo, Ad.",-33.65611,-71.61333,1006.5692307692308
2000-06-01,330031.0,"Juan Fernández, Estación Meteorológica.",-33.63583,-78.83305,1011.26
2000-06-01,340031.0,"General Freire, Curicó Ad.",-34.96944,-71.21694,987.7615384615384
2000-06-01,360011.0,"General Bernardo O'Higgins, Chillán Ad.",-36.58583,-72.03667,997.2076923076924
2000-06-01,360019.0,"Carriel Sur, Concepción Ap.",-36.78055,-73.06639,1014.75
2000-06-01,380013.0,"Maquehue, Temuco Ad.",-38.76778,-72.63194,1004.025
2000-06-01,390006.0,"Pichoy, Valdivia Ad.",-39.65667,-73.08722,1009.9153846153846
2000-06-01,400009.0,"Cañal Bajo,  Osorno Ad.",-40.61444,-73.0575,1003.8615384615385
2000-06-01,410005.0,El Tepual  Puerto Montt Ap.,-41.4475,-73.09583,1002.575
2000-06-01,430001.0,Quellón Ad.,-43.13361,-73.63278,1003.125
2000-06-01,430002.0,Futaleufú Ad.,-43.18889,-71.85222,968.3384615384615
2000-06-01,450001.0,Puerto Aysén Ad.,-45.39944,-72.67722,1002.5375
2000-06-01,450004.0,"Teniente Vidal, Coyhaique Ad.",-45.59083,-72.10222,967.9615384615385
2000-06-01,450005.0,Balmaceda Ad.,-45.91833,-71.67778,945.9958333333334
2000-06-01,520006.0,"Carlos Ibañez, Punta Arenas Ap.",-53.00167,-70.83861,995.6875
2000-06-01,530005.0,"Fuentes Martínez, Porvenir Ad.",-53.25361,-70.32611,988.4083333333333
2000-06-01,550001.0,"Guardiamarina Zañartu, Pto Williams Ad.",-54.93167,-67.61556,993.7666666666667
2000-06-01,950001.0,"C.M.A. Eduardo Frei Montalva, Antártica ",-62.19194,-58.97972,1007.5
2000-06-02,180005.0,"Chacalluta, Arica Ap.",-18.35555,-70.34028,1011.6374999999999
2000-06-02,200006.0,Diego Aracena Iquique Ap.,-20.54917,-70.18111,1012.75
2000-06-02,220002.0,"El Loa, Calama Ad.",-22.49806,-68.8925,777.2823529411764
2000-06-02,270001.0,Mataveri  Isla de Pascua Ap.,-27.15889,-109.4325,1013.3000000000001
2000-06-02,290004.0,"La Florida, La Serena Ad.",-29.91444,-71.20667,1003.8117647058823
2000-06-02,330020.0,"Quinta Normal, Santiago",-33.445,-70.68278,958.76
2000-06-02,330021.0,Pudahuel Santiago ,-33.37833,-70.78778,963.5125
2000-06-02,330030.0,"Santo Domingo, Ad.",-33.65611,-71.61333,1012.0384615384615
2000-06-02,330031.0,"Juan Fernández, Estación Meteorológica.",-33.63583,-78.83305,1007.3799999999999
2000-06-02,340031.0,"General Freire, Curicó Ad.",-34.96944,-71.21694,992.3076923076923
2000-06-02,360011.0,"General Bernardo O'Higgins, Chillán Ad.",-36.58583,-72.03667,999.0076923076923
2000-06-02,360019.0,"Carriel Sur, Concepción Ap.",-36.78055,-73.06639,1012.3125
2000-06-02,380013.0,"Maquehue, Temuco Ad.",-38.76778,-72.63194,996.0666666666666
2000-06-02,390006.0,"Pichoy, Valdivia Ad.",-39.65667,-73.08722,1001.0692307692308
2000-06-02,400009.0,"Cañal Bajo,  Osorno Ad.",-40.61444,-73.0575,992.9923076923077
2000-06-02,410005.0,El Tepual  Puerto Montt Ap.,-41.4475,-73.09583,987.0125
2000-06-02,430001.0,Quellón Ad.,-43.13361,-73.63278,991.4
2000-06-02,430002.0,Futaleufú Ad.,-43.18889,-71.85222,955.0461538461539
2000-06-02,450001.0,Puerto Aysén Ad.,-45.39944,-72.67722,989.6875
2000-06-02,450004.0,"Teniente Vidal, Coyhaique Ad.",-45.59083,-72.10222,954.8
2000-06-02,450005.0,Balmaceda Ad.,-45.91833,-71.67778,927.8583333333332
2000-06-02,520006.0,"Carlos Ibañez, Punta Arenas Ap.",-53.00167,-70.83861,967.9
2000-06-02,530005.0,"Fuentes Martínez, Porvenir Ad.",-53.25361,-70.32611,964.2833333333333
2000-06-02,550001.0,"Guardiamarina Zañartu, Pto Williams Ad.",-54.93167,-67.61556,967.475
2000-06-02,950001.0,"C.M.A. Eduardo Frei Montalva, Antártica ",-62.19194,-58.97972,1001.775
2000-06-03,180005.0,"Chacalluta, Arica Ap.",-18.35555,-70.34028,1010.1125000000001
2000-06-03,200006.0,Diego Aracena Iquique Ap.,-20.54917,-70.18111,1010.325
2000-06-03,220002.0,"El Loa, Calama Ad.",-22.49806,-68.8925,778.29375
2000-06-03,270001.0,Mataveri  Isla de Pascua Ap.,-27.15889,-109.4325,1015.6
2000-06-03,290004.0,"La Florida, La Serena Ad.",-29.91444,-71.20667,1000.5636363636364
2000-06-03,330020.0,"Quinta Normal, Santiago",-33.445,-70.68278,956.5200000000001
2000-06-03,330021.0,Pudahuel Santiago ,-33.37833,-70.78778,962.4
2000-06-03,330030.0,"Santo Domingo, Ad.",-33.65611,-71.61333,1008.8307692307692
2000-06-03,330031.0,"Juan Fernández, Estación Meteorológica.",-33.63583,-78.83305,1003.5
2000-06-03,340031.0,"General Freire, Curicó Ad.",-34.96944,-71.21694,989.0923076923077
2000-06-03,360011.0,"General Bernardo O'Higgins, Chillán Ad.",-36.58583,-72.03667,996.5923076923077
2000-06-03,360019.0,"Carriel Sur, Concepción Ap.",-36.78055,-73.06639,1010.9875
2000-06-03,380013.0,"Maquehue, Temuco Ad.",-38.76778,-72.63194,996.4083333333333
2000-06-03,390006.0,"Pichoy, Valdivia Ad.",-39.65667,-73.08722,1002.2071428571428
2000-06-03,400009.0,"Cañal Bajo,  Osorno Ad.",-40.61444,-73.0575,997.2428571428571
2000-06-03,410005.0,El Tepual  Puerto Montt Ap.,-41.4475,-73.09583,993.6625
2000-06-03,430001.0,Quellón Ad.,-43.13361,-73.63278,999.775
2000-06-03,430002.0,Futaleufú Ad.,-43.18889,-71.85222,963.9153846153846
2000-06-03,450004.0,"Teniente Vidal, Coyhaique Ad.",-45.59083,-72.10222,964.7461538461539
2000-06-03,450005.0,Balmaceda Ad.,-45.91833,-71.67778,938.7166666666667
2000-06-03,520006.0,"Carlos Ibañez, Punta Arenas Ap.",-53.00167,-70.83861,982.1875
2000-06-03,530005.0,"Fuentes Martínez, Porvenir Ad.",-53.25361,-70.32611,987.8071428571428
2000-06-03,950001.0,"C.M.A. Eduardo Frei Montalva, Antártica ",-62.19194,-58.97972,982.6875
2000-06-04,180005.0,"Chacalluta, Arica Ap.",-18.35555,-70.34028,1009.5083333333333
2000-06-04,200006.0,Diego Aracena Iquique Ap.,-20.54917,-70.18111,1010.275
2000-06-04,220002.0,"El Loa, Calama Ad.",-22.49806,-68.8925,777.3166666666666
2000-06-04,270001.0,Mataveri  Isla de Pascua Ap.,-27.15889,-109.4325,1017.25
2000-06-04,290004.0,"La Florida, La Serena Ad.",-29.91444,-71.20667,1000.5083333333333
2000-06-04,330020.0,"Quinta Normal, Santiago",-33.445,-70.68278,955.3799999999999
2000-06-04,330021.0,Pudahuel Santiago ,-33.37833,-70.78778,960.975
2000-06-04,330030.0,"Santo Domingo, Ad.",-33.65611,-71.61333,1008.5692307692308
2000-06-04,330031.0,"Juan Fernández, Estación Meteorológica.",-33.63583,-78.83305,1005.9499999999999
2000-06-04,340031.0,"General Freire, Curicó Ad.",-34.96944,-71.21694,988.5461538461539
2000-06-04,360011.0,"General Bernardo O'Higgins, Chillán Ad.",-36.58583,-72.03667,995.6923076923077
2000-06-04,360019.0,"Carriel Sur, Concepción Ap.",-36.78055,-73.06639,1010.575
2000-06-04,380013.0,"Maquehue, Temuco Ad.",-38.76778,-72.63194,997.6041666666666
2000-06-04,390006.0,"Pichoy, Valdivia Ad.",-39.65667,-73.08722,1003.876923076923
2000-06-04,400009.0,"Cañal Bajo,  Osorno Ad.",-40.61444,-73.0575,996.7846153846154
2000-06-04,410005.0,El Tepual  Puerto Montt Ap.,-41.4475,-73.09583,992.0125
2000-06-04,430001.0,Quellón Ad.,-43.13361,-73.63278,995.5
2000-06-04,430002.0,Futaleufú Ad.,-43.18889,-71.85222,960.0769230769231
2000-06-04,450004.0,"Teniente Vidal, Coyhaique Ad.",-45.59083,-72.10222,959.6153846153846
2000-06-04,450005.0,Balmaceda Ad.,-45.91833,-71.67778,935.7916666666666
2000-06-04,520006.0,"Carlos Ibañez, Punta Arenas Ap.",-53.00167,-70.83861,984.2125
2000-06-04,950001.0,"C.M.A. Eduardo Frei Montalva, Antártica ",-62.19194,-58.97972,986.5
2000-06-05,180005.0,"Chacalluta, Arica Ap.",-18.35555,-70.34028,1009.5041666666666
2000-06-05,200006.0,Diego Aracena Iquique Ap.,-20.54917,-70.18111,1009.975
2000-06-05,220002.0,"El Loa, Calama Ad.",-22.49806,-68.8925,777.2875
2000-06-05,270001.0,Mataveri  Isla de Pascua Ap.,-27.15889,-109.4325,1017.1999999999999
2000-06-05,290004.0,"La Florida, La Serena Ad.",-29.91444,-71.20667,999.6944444444445
2000-06-05,330020.0,"Quinta Normal, Santiago",-33.445,-70.68278,957.54
2000-06-05,330021.0,Pudahuel Santiago ,-33.37833,-70.78778,962.6875
2000-06-05,330030.0,"Santo Domingo, Ad.",-33.65611,-71.61333,1010.4384615384616
2000-06-05,330031.0,"Juan Fernández, Estación Meteorológica.",-33.63583,-78.83305,1017.72
2000-06-05,340031.0,"General Freire, Curicó Ad.",-34.96944,-71.21694,992.4230769230769
2000-06-05,360011.0,"General Bernardo O'Higgins, Chillán Ad.",-36.58583,-72.03667,1003.0230769230768
2000-06-05,360019.0,"Carriel Sur, Concepción Ap.",-36.78055,-73.06639,1019.2875
2000-06-05,380013.0,"Maquehue, Temuco Ad.",-38.76778,-72.63194,1009.0166666666668
2000-06-05,390006.0,"Pichoy, Valdivia Ad.",-39.65667,-73.08722,1018.4461538461538
2000-06-05,400009.0,"Cañal Bajo,  Osorno Ad.",-40.61444,-73.0575,1012.1692307692308
2000-06-05,410005.0,El Tepual  Puerto Montt Ap.,-41.4475,-73.09583,1005.4875
2000-06-05,430001.0,Quellón Ad.,-43.13361,-73.63278,1011.975
2000-06-05,430002.0,Futaleufú Ad.,-43.18889,-71.85222,971.4846153846154
2000-06-05,450001.0,Puerto Aysén Ad.,-45.39944,-72.67722,1007.6375
2000-06-05,450004.0,"Teniente Vidal, Coyhaique Ad.",-45.59083,-72.10222,969.6923076923077
2000-06-05,450005.0,Balmaceda Ad.,-45.91833,-71.67778,940.4958333333334
2000-06-05,520006.0,"Carlos Ibañez, Punta Arenas Ap.",-53.00167,-70.83861,981.05
2000-06-05,530005.0,"Fuentes Martínez, Porvenir Ad.",-53.25361,-70.32611,986.2916666666666
2000-06-05,550001.0,"Guardiamarina Zañartu, Pto Williams Ad.",-54.93167,-67.61556,981.8777777777777
2000-06-05,950001.0,"C.M.A. Eduardo Frei Montalva, Antártica ",-62.19194,-58.97972,981.2375
2000-06-06,180005.0,"Chacalluta, Arica Ap.",-18.35555,-70.34028,1011.6083333333332
2000-06-06,200006.0,Diego Aracena Iquique Ap.,-20.54917,-70.18111,1012.0375
2000-06-06,220002.0,"El Loa, Calama Ad.",-22.49806,-68.8925,777.3823529411765
2000-06-06,270001.0,Mataveri  Isla de Pascua Ap.,-27.15889,-109.4325,1017.3166666666666
2000-06-06,290004.0,"La Florida, La Serena Ad.",-29.91444,-71.20667,1002.4611111111111
2000-06-06,330020.0,"Quinta Normal, Santiago",-33.445,-70.68278,958.5799999999999
2000-06-06,330021.0,Pudahuel Santiago ,-33.37833,-70.78778,963.55
2000-06-06,330030.0,"Santo Domingo, Ad.",-33.65611,-71.61333,1012.6307692307693
2000-06-06,330031.0,"Juan Fernández, Estación Meteorológica.",-33.63583,-78.83305,1020.2
2000-06-06,340031.0,"General Freire, Curicó Ad.",-34.96944,-71.21694,994.6538461538462
2000-06-06,360011.0,"General Bernardo O'Higgins, Chillán Ad.",-36.58583,-72.03667,1004.4769230769232
2000-06-06,360019.0,"Carriel Sur, Concepción Ap.",-36.78055,-73.06639,1021.6125
2000-06-06,380013.0,"Maquehue, Temuco Ad.",-38.76778,-72.63194,1012.0851851851852
2000-06-06,390006.0,"Pichoy, Valdivia Ad.",-39.65667,-73.08722,1020.6923076923077
2000-06-06,400009.0,"Cañal Bajo,  Osorno Ad.",-40.61444,-73.0575,1014.9357142857143
2000-06-06,410005.0,El Tepual  Puerto Montt Ap.,-41.4475,-73.09583,1011.55
2000-06-06,430001.0,Quellón Ad.,-43.13361,-73.63278,1016.725
2000-06-06,430002.0,Futaleufú Ad.,-43.18889,-71.85222,978.1076923076923
2000-06-06,450001.0,Puerto Aysén Ad.,-45.39944,-72.67722,1014.7375
2000-06-06,450004.0,"Teniente Vidal, Coyhaique Ad.",-45.59083,-72.10222,977.0615384615384
2000-06-06,450005.0,Balmaceda Ad.,-45.91833,-71.67778,952.0416666666666
2000-06-06,520006.0,"Carlos Ibañez, Punta Arenas Ap.",-53.00167,-70.83861,992.6125
2000-06-06,530005.0,"Fuentes Martínez, Porvenir Ad.",-53.25361,-70.32611,990.4833333333332
2000-06-06,550001.0,"Guardiamarina Zañartu, Pto Williams Ad.",-54.93167,-67.61556,992.5333333333333
2000-06-06,950001.0,"C.M.A. Eduardo Frei Montalva, Antártica ",-62.19194,-58.97972,980.4125
2000-06-07,180005.0,"Chacalluta, Arica Ap.",-18.35555,-70.34028,1012.3249999999999
2000-06-07,200006.0,Diego Aracena Iquique Ap.,-20.54917,-70.18111,1012.9375
2000-06-07,220002.0,"El Loa, Calama Ad.",-22.49806,-68.8925,778.11875
2000-06-07,270001.0,Mataveri  Isla de Pascua Ap.,-27.15889,-109.4325,1018.2166666666667
2000-06-07,290004.0,"La Florida, La Serena Ad.",-29.91444,-71.20667,1004.3823529411765
2000-06-07,330020.0,"Quinta Normal, Santiago",-33.445,-70.68278,961.5799999999999
2000-06-07,330021.0,Pudahuel Santiago ,-33.37833,-70.78778,966.8000000000001
2000-06-07,330030.0,"Santo Domingo, Ad.",-33.65611,-71.61333,1013.9692307692308
2000-06-07,330031.0,"Juan Fernández, Estación Meteorológica.",-33.63583,-78.83305,1020.9
2000-06-07,340031.0,"General Freire, Curicó Ad.",-34.96944,-71.21694,997.1538461538462
2000-06-07,360011.0,"General Bernardo O'Higgins, Chillán Ad.",-36.58583,-72.03667,1006.7846153846154
2000-06-07,360019.0,"Carriel Sur, Concepción Ap.",-36.78055,-73.06639,1023.8875
2000-06-07,370033.0,"María Dolores, Los Angeles Ad.",-37.39694,-72.42389,
2000-06-07,380013.0,"Maquehue, Temuco Ad.",-38.76778,-72.63194,1012.3083333333334
2000-06-07,390006.0,"Pichoy, Valdivia Ad.",-39.65667,-73.08722,1018.5133333333334
2000-06-07,400009.0,"Cañal Bajo,  Osorno Ad.",-40.61444,-73.0575,1011.7769230769231
2000-06-07,410005.0,El Tepual  Puerto Montt Ap.,-41.4475,-73.09583,1007.9875
2000-06-07,430001.0,Quellón Ad.,-43.13361,-73.63278,1009.675
2000-06-07,430002.0,Futaleufú Ad.,-43.18889,-71.85222,971.6615384615385
2000-06-07,450001.0,Puerto Aysén Ad.,-45.39944,-72.67722,1003.975
2000-06-07,450004.0,"Teniente Vidal, Coyhaique Ad.",-45.59083,-72.10222,968.2769230769231
2000-06-07,450005.0,Balmaceda Ad.,-45.91833,-71.67778,941.975
2000-06-07,520006.0,"Carlos Ibañez, Punta Arenas Ap.",-53.00167,-70.83861,983.3875
2000-06-07,530005.0,"Fuentes Martínez, Porvenir Ad.",-53.25361,-70.32611,987.8692307692307
2000-06-07,550001.0,"Guardiamarina Zañartu, Pto Williams Ad.",-54.93167,-67.61556,986.2888888888889
2000-06-07,950001.0,"C.M.A. Eduardo Frei Montalva, Antártica ",-62.19194,-58.97972,973.7875
2000-06-08,180005.0,"Chacalluta, Arica Ap.",-18.35555,-70.34028,1011.6125000000001
2000-06-08,200006.0,Diego Aracena Iquique Ap.,-20.54917,-70.18111,1012.2625
2000-06-08,220002.0,"El Loa, Calama Ad.",-22.49806,-68.8925,777.74375
2000-06-08,270001.0,Mataveri  Isla de Pascua Ap.,-27.15889,-109.4325,1018.3833333333333
2000-06-08,290004.0,"La Florida, La Serena Ad.",-29.91444,-71.20667,1001.3833333333334
2000-06-08,330020.0,"Quinta Normal, Santiago",-33.445,-70.68278,959.9399999999999
2000-06-08,330021.0,Pudahuel Santiago ,-33.37833,-70.78778,964.3625
2000-06-08,330030.0,"Santo Domingo, Ad.",-33.65611,-71.61333,1011.6615384615385
2000-06-08,330031.0,"Juan Fernández, Estación Meteorológica.",-33.63583,-78.83305,1017.36
2000-06-08,340031.0,"General Freire, Curicó Ad.",-34.96944,-71.21694,993.676923076923
2000-06-08,360011.0,"General Bernardo O'Higgins, Chillán Ad.",-36.58583,-72.03667,1003.3846153846154
2000-06-08,360019.0,"Carriel Sur, Concepción Ap.",-36.78055,-73.06639,1020.5625
2000-06-08,380013.0,"Maquehue, Temuco Ad.",-38.76778,-72.63194,1008.0708333333333
2000-06-08,390006.0,"Pichoy, Valdivia Ad.",-39.65667,-73.08722,1015.2923076923076
2000-06-08,400009.0,"Cañal Bajo,  Osorno Ad.",-40.61444,-73.0575,1010.0999999999999
2000-06-08,410005.0,El Tepual  Puerto Montt Ap.,-41.4475,-73.09583,1005.3625
2000-06-08,430001.0,Quellón Ad.,-43.13361,-73.63278,1013.525
2000-06-08,430002.0,Futaleufú Ad.,-43.18889,-71.85222,973.676923076923
2000-06-08,450001.0,Puerto Aysén Ad.,-45.39944,-72.67722,1012.675
2000-06-08,450004.0,"Teniente Vidal, Coyhaique Ad.",-45.59083,-72.10222,975.1076923076923
2000-06-08,450005.0,Balmaceda Ad.,-45.91833,-71.67778,948.2833333333333
2000-06-08,520006.0,"Carlos Ibañez, Punta Arenas Ap.",-53.00167,-70.83861,997.3125
2000-06-08,530005.0,"Fuentes Martínez, Porvenir Ad.",-53.25361,-70.32611,1000.1750000000001
2000-06-08,550001.0,"Guardiamarina Zañartu, Pto Williams Ad.",-54.93167,-67.61556,997.6444444444444
2000-06-08,950001.0,"C.M.A. Eduardo Frei Montalva, Antártica ",-62.19194,-58.97972,978.3
2000-06-09,180005.0,"Chacalluta, Arica Ap.",-18.35555,-70.34028,1010.6833333333334
2000-06-09,200006.0,Diego Aracena Iquique Ap.,-20.54917,-70.18111,1011.625
2000-06-09,220002.0,"El Loa, Calama Ad.",-22.49806,-68.8925,777.4125
2000-06-09,270001.0,Mataveri  Isla de Pascua Ap.,-27.15889,-109.4325,1017.7333333333332
2000-06-09,290004.0,"La Florida, La Serena Ad.",-29.91444,-71.20667,1002.0166666666667
2000-06-09,330020.0,"Quinta Normal, Santiago",-33.445,-70.68278,957.54
2000-06-09,330021.0,Pudahuel Santiago ,-33.37833,-70.78778,962.4625
2000-06-09,330030.0,"Santo Domingo, Ad.",-33.65611,-71.61333,1010.9307692307692
2000-06-09,330031.0,"Juan Fernández, Estación Meteorológica.",-33.63583,-78.83305,1014.2
2000-06-09,340031.0,"General Freire, Curicó Ad.",-34.96944,-71.21694,992.2076923076924
2000-06-09,360011.0,"General Bernardo O'Higgins, Chillán Ad.",-36.58583,-72.03667,1001.376923076923
2000-06-09,360019.0,"Carriel Sur, Concepción Ap.",-36.78055,-73.06639,1017.6375
2000-06-09,380013.0,"Maquehue, Temuco Ad.",-38.76778,-72.63194,1006.8
2000-06-09,390006.0,"Pichoy, Valdivia Ad.",-39.65667,-73.08722,1013.8714285714286
2000-06-09,400009.0,"Cañal Bajo,  Osorno Ad.",-40.61444,-73.0575,1008.6076923076923
2000-06-09,410005.0,El Tepual  Puerto Montt Ap.,-41.4475,-73.09583,1005.725
2000-06-09,430001.0,Quellón Ad.,-43.13361,-73.63278,1009.8
2000-06-09,430002.0,Futaleufú Ad.,-43.18889,-71.85222,970.9923076923077
2000-06-09,450001.0,Puerto Aysén Ad.,-45.39944,-72.67722,1006.95
2000-06-09,450004.0,"Teniente Vidal, Coyhaique Ad.",-45.59083,-72.10222,970.5615384615384
2000-06-09,450005.0,Balmaceda Ad.,-45.91833,-71.67778,945.3333333333334
2000-06-09,520006.0,"Carlos Ibañez, Punta Arenas Ap.",-53.00167,-70.83861,993.2875
2000-06-09,530005.0,"Fuentes Martínez, Porvenir Ad.",-53.25361,-70.32611,993.6142857142858
2000-06-09,550001.0,"Guardiamarina Zañartu, Pto Williams Ad.",-54.93167,-67.61556,991.5625
2000-06-09,950001.0,"C.M.A. Eduardo Frei Montalva, Antártica ",-62.19194,-58.97972,977.6875
2000-06-10,180005.0,"Chacalluta, Arica Ap.",-18.35555,-70.34028,1009.4625
2000-06-10,200006.0,Diego Aracena Iquique Ap.,-20.54917,-70.18111,1010.45
2000-06-10,220002.0,"El Loa, Calama Ad.",-22.49806,-68.8925,777.3529411764706
2000-06-10,270001.0,Mataveri  Isla de Pascua Ap.,-27.15889,-109.4325,1016.9499999999999
2000-06-10,290004.0,"La Florida, La Serena Ad.",-29.91444,-71.20667,1000.2444444444445
2000-06-10,330020.0,"Quinta Normal, Santiago",-33.445,-70.68278,957.5799999999999
2000-06-10,330021.0,Pudahuel Santiago ,-33.37833,-70.78778,963.2875
2000-06-10,330030.0,"Santo Domingo, Ad.",-33.65611,-71.61333,1009.1923076923077
2000-06-10,330031.0,"Juan Fernández, Estación Meteorológica.",-33.63583,-78.83305,1015.025
2000-06-10,340031.0,"General Freire, Curicó Ad.",-34.96944,-71.21694,991.1538461538462
2000-06-10,360011.0,"General Bernardo O'Higgins, Chillán Ad.",-36.58583,-72.03667,1001.2384615384616
2000-06-10,360019.0,"Carriel Sur, Concepción Ap.",-36.78055,-73.06639,1018.7625
2000-06-10,380013.0,"Maquehue, Temuco Ad.",-38.76778,-72.63194,1008.1416666666668
2000-06-10,390006.0,"Pichoy, Valdivia Ad.",-39.65667,-73.08722,1014.8461538461538
2000-06-10,400009.0,"Cañal Bajo,  Osorno Ad.",-40.61444,-73.0575,1009.5
2000-06-10,410005.0,El Tepual  Puerto Montt Ap.,-41.4475,-73.09583,1006.6
2000-06-10,430001.0,Quellón Ad.,-43.13361,-73.63278,
2000-06-10,430002.0,Futaleufú Ad.,-43.18889,-71.85222,974.0230769230768
2000-06-10,450004.0,"Teniente Vidal, Coyhaique Ad.",-45.59083,-72.10222,976.7846153846154
2000-06-10,450005.0,Balmaceda Ad.,-45.91833,-71.67778,951.3208333333333
2000-06-10,520006.0,"Carlos Ibañez, Punta Arenas Ap.",-53.00167,-70.83861,999.7375
2000-06-10,530005.0,"Fuentes Martínez, Porvenir Ad.",-53.25361,-70.32611,1000.2083333333334
2000-06-10,950001.0,"C.M.A. Eduardo Frei Montalva, Antártica ",-62.19194,-58.97972,980.0999999999999
2000-06-11,180005.0,"Chacalluta, Arica Ap.",-18.35555,-70.34028,1008.8166666666666
2000-06-11,200006.0,Diego Aracena Iquique Ap.,-20.54917,-70.18111,1009.5875
2000-06-11,220002.0,"El Loa, Calama Ad.",-22.49806,-68.8925,776.7166666666667
2000-06-11,270001.0,Mataveri  Isla de Pascua Ap.,-27.15889,-109.4325,1015.7333333333332
2000-06-11,290004.0,"La Florida, La Serena Ad.",-29.91444,-71.20667,999.1105263157893
2000-06-11,330020.0,"Quinta Normal, Santiago",-33.445,-70.68278,954.54
2000-06-11,330021.0,Pudahuel Santiago ,-33.37833,-70.78778,959.9625
2000-06-11,330030.0,"Santo Domingo, Ad.",-33.65611,-71.61333,1006.7076923076924
2000-06-11,330031.0,"Juan Fernández, Estación Meteorológica.",-33.63583,-78.83305,1005.875
2000-06-11,340031.0,"General Freire, Curicó Ad.",-34.96944,-71.21694,987.2153846153846
2000-06-11,360011.0,"General Bernardo O'Higgins, Chillán Ad.",-36.58583,-72.03667,994.9076923076924
2000-06-11,360019.0,"Carriel Sur, Concepción Ap.",-36.78055,-73.06639,1011.6375
2000-06-11,380013.0,"Maquehue, Temuco Ad.",-38.76778,-72.63194,998.5083333333333
2000-06-11,390006.0,"Pichoy, Valdivia Ad.",-39.65667,-73.08722,1001.9714285714286
2000-06-11,400009.0,"Cañal Bajo,  Osorno Ad.",-40.61444,-73.0575,994.9928571428571
2000-06-11,410005.0,El Tepual  Puerto Montt Ap.,-41.4475,-73.09583,993.25
2000-06-11,430002.0,Futaleufú Ad.,-43.18889,-71.85222,956.7307692307693
2000-06-11,450004.0,"Teniente Vidal, Coyhaique Ad.",-45.59083,-72.10222,955.3615384615385
2000-06-11,450005.0,Balmaceda Ad.,-45.91833,-71.67778,935.4041666666667
2000-06-11,520006.0,"Carlos Ibañez, Punta Arenas Ap.",-53.00167,-70.83861,992.5749999999999
2000-06-11,530005.0,"Fuentes Martínez, Porvenir Ad.",-53.25361,-70.32611,992.175
2000-06-11,950001.0,"C.M.A. Eduardo Frei Montalva, Antártica ",-62.19194,-58.97972,978.3625000000001
2000-06-12,180005.0,"Chacalluta, Arica Ap.",-18.35555,-70.34028,1009.9391304347826
2000-06-12,200006.0,Diego Aracena Iquique Ap.,-20.54917,-70.18111,1010.8375
2000-06-12,220002.0,"El Loa, Calama Ad.",-22.49806,-68.8925,777.71875
2000-06-12,270001.0,Mataveri  Isla de Pascua Ap.,-27.15889,-109.4325,1014.5333333333333
2000-06-12,290004.0,"La Florida, La Serena Ad.",-29.91444,-71.20667,1000.7764705882354
2000-06-12,330020.0,"Quinta Normal, Santiago",-33.445,-70.68278,952.3799999999999
2000-06-12,330021.0,Pudahuel Santiago ,-33.37833,-70.78778,957.425
2000-06-12,330030.0,"Santo Domingo, Ad.",-33.65611,-71.61333,1004.0846153846154
2000-06-12,330031.0,"Juan Fernández, Estación Meteorológica.",-33.63583,-78.83305,1001.6600000000001
2000-06-12,340031.0,"General Freire, Curicó Ad.",-34.96944,-71.21694,984.4000000000001
2000-06-12,360011.0,"General Bernardo O'Higgins, Chillán Ad.",-36.58583,-72.03667,989.5307692307692
2000-06-12,360019.0,"Carriel Sur, Concepción Ap.",-36.78055,-73.06639,1002.9875
2000-06-12,380013.0,"Maquehue, Temuco Ad.",-38.76778,-72.63194,989.0166666666668
2000-06-12,390006.0,"Pichoy, Valdivia Ad.",-39.65667,-73.08722,995.2857142857143
2000-06-12,400009.0,"Cañal Bajo,  Osorno Ad.",-40.61444,-73.0575,990.9923076923077
2000-06-12,410005.0,El Tepual  Puerto Montt Ap.,-41.4475,-73.09583,986.825
2000-06-12,430001.0,Quellón Ad.,-43.13361,-73.63278,993.75
2000-06-12,430002.0,Futaleufú Ad.,-43.18889,-71.85222,955.0923076923077
2000-06-12,450001.0,Puerto Aysén Ad.,-45.39944,-72.67722,995.6875
2000-06-12,450004.0,"Teniente Vidal, Coyhaique Ad.",-45.59083,-72.10222,960.5846153846154
2000-06-12,450005.0,Balmaceda Ad.,-45.91833,-71.67778,934.6916666666666
2000-06-12,520006.0,"Carlos Ibañez, Punta Arenas Ap.",-53.00167,-70.83861,995.775
2000-06-12,530005.0,"Fuentes Martínez, Porvenir Ad.",-53.25361,-70.32611,996.3249999999999
2000-06-12,550001.0,"Guardiamarina Zañartu, Pto Williams Ad.",-54.93167,-67.61556,995.8555555555556
2000-06-12,950001.0,"C.M.A. Eduardo Frei Montalva, Antártica ",-62.19194,-58.97972,975.25
2000-06-13,180005.0,"Chacalluta, Arica Ap.",-18.35555,-70.34028,1010.1541666666667
2000-06-13,200006.0,Diego Aracena Iquique Ap.,-20.54917,-70.18111,1010.65
2000-06-13,220002.0,"El Loa, Calama Ad.",-22.49806,-68.8925,777.65625
2000-06-13,270001.0,Mataveri  Isla de Pascua Ap.,-27.15889,-109.4325,1014.5333333333333
2000-06-13,290004.0,"La Florida, La Serena Ad.",-29.91444,-71.20667,1000.06875
2000-06-13,330020.0,"Quinta Normal, Santiago",-33.445,-70.68278,950.76
2000-06-13,330021.0,Pudahuel Santiago ,-33.37833,-70.78778,956.3375
2000-06-13,330030.0,"Santo Domingo, Ad.",-33.65611,-71.61333,1001.6846153846153
2000-06-13,330031.0,"Juan Fernández, Estación Meteorológica.",-33.63583,-78.83305,999.7
2000-06-13,340031.0,"General Freire, Curicó Ad.",-34.96944,-71.21694,979.9384615384616
2000-06-13,360011.0,"General Bernardo O'Higgins, Chillán Ad.",-36.58583,-72.03667,986.6846153846153
2000-06-13,360019.0,"Carriel Sur, Concepción Ap.",-36.78055,-73.06639,999.9875
2000-06-13,380013.0,"Maquehue, Temuco Ad.",-38.76778,-72.63194,986.1
2000-06-13,390006.0,"Pichoy, Valdivia Ad.",-39.65667,-73.08722,988.1666666666666
2000-06-13,400009.0,"Cañal Bajo,  Osorno Ad.",-40.61444,-73.0575,979.7666666666668
2000-06-13,410005.0,El Tepual  Puerto Montt Ap.,-41.4475,-73.09583,982.175
2000-06-13,430001.0,Quellón Ad.,-43.13361,-73.63278,985.05
2000-06-13,430002.0,Futaleufú Ad.,-43.18889,-71.85222,953.0384615384615
2000-06-13,450001.0,Puerto Aysén Ad.,-45.39944,-72.67722,993.4
2000-06-13,450004.0,"Teniente Vidal, Coyhaique Ad.",-45.59083,-72.10222,959.4153846153846
2000-06-13,450005.0,Balmaceda Ad.,-45.91833,-71.67778,936.3416666666667
2000-06-13,520006.0,"Carlos Ibañez, Punta Arenas Ap.",-53.00167,-70.83861,992.5625
2000-06-13,530005.0,"Fuentes Martínez, Porvenir Ad.",-53.25361,-70.32611,992.0749999999999
2000-06-13,550001.0,"Guardiamarina Zañartu, Pto Williams Ad.",-54.93167,-67.61556,990.1333333333334
2000-06-13,950001.0,"C.M.A. Eduardo Frei Montalva, Antártica ",-62.19194,-58.97972,976.7375
2000-06-14,180005.0,"Chacalluta, Arica Ap.",-18.35555,-70.34028,1010.0166666666668
2000-06-14,200006.0,Diego Aracena Iquique Ap.,-20.54917,-70.18111,1011.0375
2000-06-14,220002.0,"El Loa, Calama Ad.",-22.49806,-68.8925,777.00625
2000-06-14,270001.0,Mataveri  Isla de Pascua Ap.,-27.15889,-109.4325,1014.8833333333333
2000-06-14,290004.0,"La Florida, La Serena Ad.",-29.91444,-71.20667,999.4095238095238
2000-06-14,330020.0,"Quinta Normal, Santiago",-33.445,-70.68278,952.46
2000-06-14,330021.0,Pudahuel Santiago ,-33.37833,-70.78778,956.8375
2000-06-14,330030.0,"Santo Domingo, Ad.",-33.65611,-71.61333,1004.3538461538462
2000-06-14,330031.0,"Juan Fernández, Estación Meteorológica.",-33.63583,-78.83305,1005.82
2000-06-14,340031.0,"General Freire, Curicó Ad.",-34.96944,-71.21694,985.0999999999999
2000-06-14,360011.0,"General Bernardo O'Higgins, Chillán Ad.",-36.58583,-72.03667,992.876923076923
2000-06-14,360019.0,"Carriel Sur, Concepción Ap.",-36.78055,-73.06639,1006.475
2000-06-14,380013.0,"Maquehue, Temuco Ad.",-38.76778,-72.63194,995.1416666666665
2000-06-14,390006.0,"Pichoy, Valdivia Ad.",-39.65667,-73.08722,1005.1000000000001
2000-06-14,400009.0,"Cañal Bajo,  Osorno Ad.",-40.61444,-73.0575,999.5538461538462
2000-06-14,410005.0,El Tepual  Puerto Montt Ap.,-41.4475,-73.09583,991.9
2000-06-14,430001.0,Quellón Ad.,-43.13361,-73.63278,1006.2
2000-06-14,430002.0,Futaleufú Ad.,-43.18889,-71.85222,965.6923076923077
2000-06-14,450001.0,Puerto Aysén Ad.,-45.39944,-72.67722,1008.75
2000-06-14,450004.0,"Teniente Vidal, Coyhaique Ad.",-45.59083,-72.10222,970.623076923077
2000-06-14,450005.0,Balmaceda Ad.,-45.91833,-71.67778,940.7125
2000-06-14,520006.0,"Carlos Ibañez, Punta Arenas Ap.",-53.00167,-70.83861,993.675
2000-06-14,530005.0,"Fuentes Martínez, Porvenir Ad.",-53.25361,-70.32611,997.9083333333333
2000-06-14,550001.0,"Guardiamarina Zañartu, Pto Williams Ad.",-54.93167,-67.61556,995.99
2000-06-14,950001.0,"C.M.A. Eduardo Frei Montalva, Antártica ",-62.19194,-58.97972,981.0125
2000-06-15,180005.0,"Chacalluta, Arica Ap.",-18.35555,-70.34028,1010.4458333333333
2000-06-15,200006.0,Diego Aracena Iquique Ap.,-20.54917,-70.18111,1011.1125000000001
2000-06-15,220002.0,"El Loa, Calama Ad.",-22.49806,-68.8925,776.6625
2000-06-15,270001.0,Mataveri  Isla de Pascua Ap.,-27.15889,-109.4325,1014.9
2000-06-15,290004.0,"La Florida, La Serena Ad.",-29.91444,-71.20667,1003.1529411764704
2000-06-15,330020.0,"Quinta Normal, Santiago",-33.445,-70.68278,957.74
2000-06-15,330021.0,Pudahuel Santiago ,-33.37833,-70.78778,961.875
2000-06-15,330030.0,"Santo Domingo, Ad.",-33.65611,-71.61333,1010.823076923077
2000-06-15,330031.0,"Juan Fernández, Estación Meteorológica.",-33.63583,-78.83305,1019.24
2000-06-15,340031.0,"General Freire, Curicó Ad.",-34.96944,-71.21694,992.9230769230769
2000-06-15,360011.0,"General Bernardo O'Higgins, Chillán Ad.",-36.58583,-72.03667,1003.0692307692308
2000-06-15,360019.0,"Carriel Sur, Concepción Ap.",-36.78055,-73.06639,1017.4625
2000-06-15,380013.0,"Maquehue, Temuco Ad.",-38.76778,-72.63194,1009.3208333333333
2000-06-15,390006.0,"Pichoy, Valdivia Ad.",-39.65667,-73.08722,1020.6615384615385
2000-06-15,400009.0,"Cañal Bajo,  Osorno Ad.",-40.61444,-73.0575,1016.2923076923076
2000-06-15,410005.0,El Tepual  Puerto Montt Ap.,-41.4475,-73.09583,1011.425
2000-06-15,430001.0,Quellón Ad.,-43.13361,-73.63278,1023.7
2000-06-15,430002.0,Futaleufú Ad.,-43.18889,-71.85222,985.2923076923076
2000-06-15,450001.0,Puerto Aysén Ad.,-45.39944,-72.67722,1028.5625
2000-06-15,450004.0,"Teniente Vidal, Coyhaique Ad.",-45.59083,-72.10222,990.2769230769231
2000-06-15,450005.0,Balmaceda Ad.,-45.91833,-71.67778,961.7583333333333
2000-06-15,520006.0,"Carlos Ibañez, Punta Arenas Ap.",-53.00167,-70.83861,1009.3
2000-06-15,530005.0,"Fuentes Martínez, Porvenir Ad.",-53.25361,-70.32611,1010.0083333333333
2000-06-15,550001.0,"Guardiamarina Zañartu, Pto Williams Ad.",-54.93167,-67.61556,1003.188888888889
2000-06-15,950001.0,"C.M.A. Eduardo Frei Montalva, Antártica ",-62.19194,-58.97972,975.875
2000-06-16,180005.0,"Chacalluta, Arica Ap.",-18.35555,-70.34028,1010.3166666666666
2000-06-16,200006.0,Diego Aracena Iquique Ap.,-20.54917,-70.18111,1010.8375
2000-06-16,220002.0,"El Loa, Calama Ad.",-22.49806,-68.8925,776.2375
2000-06-16,270001.0,Mataveri  Isla de Pascua Ap.,-27.15889,-109.4325,1014.5
2000-06-16,290004.0,"La Florida, La Serena Ad.",-29.91444,-71.20667,1002.3705882352941
2000-06-16,330020.0,"Quinta Normal, Santiago",-33.445,-70.68278,958.82
2000-06-16,330021.0,Pudahuel Santiago ,-33.37833,-70.78778,964.95
2000-06-16,330030.0,"Santo Domingo, Ad.",-33.65611,-71.61333,1012.2076923076924
2000-06-16,330031.0,"Juan Fernández, Estación Meteorológica.",-33.63583,-78.83305,1021.82
2000-06-16,340031.0,"General Freire, Curicó Ad.",-34.96944,-71.21694,993.4307692307692
2000-06-16,360011.0,"General Bernardo O'Higgins, Chillán Ad.",-36.58583,-72.03667,1003.9384615384616
2000-06-16,360019.0,"Carriel Sur, Concepción Ap.",-36.78055,-73.06639,1022.2
2000-06-16,380013.0,"Maquehue, Temuco Ad.",-38.76778,-72.63194,1013.672
2000-06-16,390006.0,"Pichoy, Valdivia Ad.",-39.65667,-73.08722,1023.5266666666666
2000-06-16,400009.0,"Cañal Bajo,  Osorno Ad.",-40.61444,-73.0575,1018.6307692307693
2000-06-16,410005.0,El Tepual  Puerto Montt Ap.,-41.4475,-73.09583,1016.3875
2000-06-16,430001.0,Quellón Ad.,-43.13361,-73.63278,1024.85
2000-06-16,430002.0,Futaleufú Ad.,-43.18889,-71.85222,988.4692307692308
2000-06-16,450001.0,Puerto Aysén Ad.,-45.39944,-72.67722,1029.7125
2000-06-16,450004.0,"Teniente Vidal, Coyhaique Ad.",-45.59083,-72.10222,993.1307692307693
2000-06-16,450005.0,Balmaceda Ad.,-45.91833,-71.67778,966.5708333333333
2000-06-16,520006.0,"Carlos Ibañez, Punta Arenas Ap.",-53.00167,-70.83861,1018.6
2000-06-16,530005.0,"Fuentes Martínez, Porvenir Ad.",-53.25361,-70.32611,1022.0166666666668
2000-06-16,550001.0,"Guardiamarina Zañartu, Pto Williams Ad.",-54.93167,-67.61556,1018.275
2000-06-16,950001.0,"C.M.A. Eduardo Frei Montalva, Antártica ",-62.19194,-58.97972,990.0
2000-06-17,180005.0,"Chacalluta, Arica Ap.",-18.35555,-70.34028,1011.0
2000-06-17,200006.0,Diego Aracena Iquique Ap.,-20.54917,-70.18111,1011.925
2000-06-17,220002.0,"El Loa, Calama Ad.",-22.49806,-68.8925,776.3941176470589
2000-06-17,270001.0,Mataveri  Isla de Pascua Ap.,-27.15889,-109.4325,1014.8333333333334
2000-06-17,290004.0,"La Florida, La Serena Ad.",-29.91444,-71.20667,1002.4058823529413
2000-06-17,330020.0,"Quinta Normal, Santiago",-33.445,-70.68278,958.5
2000-06-17,330021.0,Pudahuel Santiago ,-33.37833,-70.78778,963.8125
2000-06-17,330030.0,"Santo Domingo, Ad.",-33.65611,-71.61333,1011.9769230769232
2000-06-17,330031.0,"Juan Fernández, Estación Meteorológica.",-33.63583,-78.83305,1020.3
2000-06-17,340031.0,"General Freire, Curicó Ad.",-34.96944,-71.21694,993.5384615384615
2000-06-17,360011.0,"General Bernardo O'Higgins, Chillán Ad.",-36.58583,-72.03667,1003.7615384615384
2000-06-17,360019.0,"Carriel Sur, Concepción Ap.",-36.78055,-73.06639,1020.6375
2000-06-17,380013.0,"Maquehue, Temuco Ad.",-38.76778,-72.63194,1011.612
2000-06-17,390006.0,"Pichoy, Valdivia Ad.",-39.65667,-73.08722,1021.6
2000-06-17,400009.0,"Cañal Bajo,  Osorno Ad.",-40.61444,-73.0575,1016.9615384615385
2000-06-17,410005.0,El Tepual  Puerto Montt Ap.,-41.4475,-73.09583,1014.9375
2000-06-17,430001.0,Quellón Ad.,-43.13361,-73.63278,1021.925
2000-06-17,430002.0,Futaleufú Ad.,-43.18889,-71.85222,987.7461538461539
2000-06-17,450004.0,"Teniente Vidal, Coyhaique Ad.",-45.59083,-72.10222,993.2285714285715
2000-06-17,450005.0,Balmaceda Ad.,-45.91833,-71.67778,968.0124999999999
2000-06-17,520006.0,"Carlos Ibañez, Punta Arenas Ap.",-53.00167,-70.83861,1024.0375
2000-06-17,530005.0,"Fuentes Martínez, Porvenir Ad.",-53.25361,-70.32611,1024.3999999999999
2000-06-17,950001.0,"C.M.A. Eduardo Frei Montalva, Antártica ",-62.19194,-58.97972,995.075
2000-06-18,180005.0,"Chacalluta, Arica Ap.",-18.35555,-70.34028,1012.6166666666667
2000-06-18,200006.0,Diego Aracena Iquique Ap.,-20.54917,-70.18111,1013.325
2000-06-18,220002.0,"El Loa, Calama Ad.",-22.49806,-68.8925,776.4
2000-06-18,270001.0,Mataveri  Isla de Pascua Ap.,-27.15889,-109.4325,1016.0333333333333
2000-06-18,290004.0,"La Florida, La Serena Ad.",-29.91444,-71.20667,1003.4823529411765
2000-06-18,330020.0,"Quinta Normal, Santiago",-33.445,-70.68278,958.9
2000-06-18,330021.0,Pudahuel Santiago ,-33.37833,-70.78778,964.475
2000-06-18,330030.0,"Santo Domingo, Ad.",-33.65611,-71.61333,1012.9230769230769
2000-06-18,330031.0,"Juan Fernández, Estación Meteorológica.",-33.63583,-78.83305,1016.55
2000-06-18,340031.0,"General Freire, Curicó Ad.",-34.96944,-71.21694,993.9230769230769
2000-06-18,360011.0,"General Bernardo O'Higgins, Chillán Ad.",-36.58583,-72.03667,1004.5933333333334
2000-06-18,360019.0,"Carriel Sur, Concepción Ap.",-36.78055,-73.06639,1021.1125
2000-06-18,380013.0,"Maquehue, Temuco Ad.",-38.76778,-72.63194,1011.2083333333334
2000-06-18,390006.0,"Pichoy, Valdivia Ad.",-39.65667,-73.08722,1020.323076923077
2000-06-18,400009.0,"Cañal Bajo,  Osorno Ad.",-40.61444,-73.0575,1015.7461538461539
2000-06-18,410005.0,El Tepual  Puerto Montt Ap.,-41.4475,-73.09583,1012.9
2000-06-18,430001.0,Quellón Ad.,-43.13361,-73.63278,1019.8
2000-06-18,430002.0,Futaleufú Ad.,-43.18889,-71.85222,983.9230769230769
2000-06-18,450004.0,"Teniente Vidal, Coyhaique Ad.",-45.59083,-72.10222,988.3153846153847
2000-06-18,450005.0,Balmaceda Ad.,-45.91833,-71.67778,963.5916666666667
2000-06-18,520006.0,"Carlos Ibañez, Punta Arenas Ap.",-53.00167,-70.83861,1019.9125
2000-06-18,950001.0,"C.M.A. Eduardo Frei Montalva, Antártica ",-62.19194,-58.97972,1003.8625
2000-06-19,180005.0,"Chacalluta, Arica Ap.",-18.35555,-70.34028,1013.2583333333333
2000-06-19,200006.0,Diego Aracena Iquique Ap.,-20.54917,-70.18111,1014.2625
2000-06-19,220002.0,"El Loa, Calama Ad.",-22.49806,-68.8925,776.9571428571428
2000-06-19,270001.0,Mataveri  Isla de Pascua Ap.,-27.15889,-109.4325,1016.8833333333333
2000-06-19,290004.0,"La Florida, La Serena Ad.",-29.91444,-71.20667,1004.8
2000-06-19,330020.0,"Quinta Normal, Santiago",-33.445,-70.68278,959.9399999999999
2000-06-19,330021.0,Pudahuel Santiago ,-33.37833,-70.78778,965.1625
2000-06-19,330030.0,"Santo Domingo, Ad.",-33.65611,-71.61333,1013.3
2000-06-19,330031.0,"Juan Fernández, Estación Meteorológica.",-33.63583,-78.83305,1011.575
2000-06-19,340031.0,"General Freire, Curicó Ad.",-34.96944,-71.21694,994.123076923077
2000-06-19,360011.0,"General Bernardo O'Higgins, Chillán Ad.",-36.58583,-72.03667,1002.0076923076923
2000-06-19,360019.0,"Carriel Sur, Concepción Ap.",-36.78055,-73.06639,1018.725
2000-06-19,380013.0,"Maquehue, Temuco Ad.",-38.76778,-72.63194,1008.6999999999999
2000-06-19,390006.0,"Pichoy, Valdivia Ad.",-39.65667,-73.08722,1016.4866666666666
2000-06-19,400009.0,"Cañal Bajo,  Osorno Ad.",-40.61444,-73.0575,1011.5384615384615
2000-06-19,410005.0,El Tepual  Puerto Montt Ap.,-41.4475,-73.09583,1009.2
2000-06-19,430001.0,Quellón Ad.,-43.13361,-73.63278,1015.125
2000-06-19,430002.0,Futaleufú Ad.,-43.18889,-71.85222,980.6
2000-06-19,450004.0,"Teniente Vidal, Coyhaique Ad.",-45.59083,-72.10222,983.1153846153846
2000-06-19,450005.0,Balmaceda Ad.,-45.91833,-71.67778,958.5083333333333
2000-06-19,520006.0,"Carlos Ibañez, Punta Arenas Ap.",-53.00167,-70.83861,1014.9875
2000-06-19,530005.0,"Fuentes Martínez, Porvenir Ad.",-53.25361,-70.32611,1014.6750000000001
2000-06-19,950001.0,"C.M.A. Eduardo Frei Montalva, Antártica ",-62.19194,-58.97972,1000.6875
2000-06-20,180005.0,"Chacalluta, Arica Ap.",-18.35555,-70.34028,1013.0458333333332
2000-06-20,200006.0,Diego Aracena Iquique Ap.,-20.54917,-70.18111,1014.0375
2000-06-20,220002.0,"El Loa, Calama Ad.",-22.49806,-68.8925,778.2625
2000-06-20,270001.0,Mataveri  Isla de Pascua Ap.,-27.15889,-109.4325,1016.3833333333333
2000-06-20,290004.0,"La Florida, La Serena Ad.",-29.91444,-71.20667,1002.0588235294117
2000-06-20,330020.0,"Quinta Normal, Santiago",-33.445,-70.68278,959.8
2000-06-20,330021.0,Pudahuel Santiago ,-33.37833,-70.78778,965.325
2000-06-20,330030.0,"Santo Domingo, Ad.",-33.65611,-71.61333,1012.4230769230769
2000-06-20,330031.0,"Juan Fernández, Estación Meteorológica.",-33.63583,-78.83305,1008.9399999999999
2000-06-20,340031.0,"General Freire, Curicó Ad.",-34.96944,-71.21694,992.6307692307693
2000-06-20,360011.0,"General Bernardo O'Higgins, Chillán Ad.",-36.58583,-72.03667,999.9384615384616
2000-06-20,360019.0,"Carriel Sur, Concepción Ap.",-36.78055,-73.06639,1015.6625
2000-06-20,380013.0,"Maquehue, Temuco Ad.",-38.76778,-72.63194,1003.8625000000001
2000-06-20,390006.0,"Pichoy, Valdivia Ad.",-39.65667,-73.08722,1008.6866666666666
2000-06-20,400009.0,"Cañal Bajo,  Osorno Ad.",-40.61444,-73.0575,1003.9615384615385
2000-06-20,410005.0,El Tepual  Puerto Montt Ap.,-41.4475,-73.09583,1001.9875
2000-06-20,430001.0,Quellón Ad.,-43.13361,-73.63278,1005.85
2000-06-20,430002.0,Futaleufú Ad.,-43.18889,-71.85222,973.0
2000-06-20,450001.0,Puerto Aysén Ad.,-45.39944,-72.67722,1010.35
2000-06-20,450004.0,"Teniente Vidal, Coyhaique Ad.",-45.59083,-72.10222,975.2615384615384
2000-06-20,450005.0,Balmaceda Ad.,-45.91833,-71.67778,951.5319999999999
2000-06-20,520006.0,"Carlos Ibañez, Punta Arenas Ap.",-53.00167,-70.83861,1009.4625
2000-06-20,530005.0,"Fuentes Martínez, Porvenir Ad.",-53.25361,-70.32611,1008.2833333333333
2000-06-20,550001.0,"Guardiamarina Zañartu, Pto Williams Ad.",-54.93167,-67.61556,1011.0899999999999
2000-06-20,950001.0,"C.M.A. Eduardo Frei Montalva, Antártica ",-62.19194,-58.97972,1007.3875
2000-06-21,180005.0,"Chacalluta, Arica Ap.",-18.35555,-70.34028,1009.7041666666668
2000-06-21,200006.0,Diego Aracena Iquique Ap.,-20.54917,-70.18111,1009.975
2000-06-21,220002.0,"El Loa, Calama Ad.",-22.49806,-68.8925,776.9
2000-06-21,270001.0,Mataveri  Isla de Pascua Ap.,-27.15889,-109.4325,1015.65
2000-06-21,290004.0,"La Florida, La Serena Ad.",-29.91444,-71.20667,996.3299999999999
2000-06-21,330020.0,"Quinta Normal, Santiago",-33.445,-70.68278,956.5600000000001
2000-06-21,330021.0,Pudahuel Santiago ,-33.37833,-70.78778,963.1
2000-06-21,330030.0,"Santo Domingo, Ad.",-33.65611,-71.61333,1007.7461538461539
2000-06-21,330031.0,"Juan Fernández, Estación Meteorológica.",-33.63583,-78.83305,1005.9399999999999
2000-06-21,340031.0,"General Freire, Curicó Ad.",-34.96944,-71.21694,988.7769230769231
2000-06-21,360011.0,"General Bernardo O'Higgins, Chillán Ad.",-36.58583,-72.03667,996.2076923076924
2000-06-21,360019.0,"Carriel Sur, Concepción Ap.",-36.78055,-73.06639,1012.4625
2000-06-21,380013.0,"Maquehue, Temuco Ad.",-38.76778,-72.63194,1000.3708333333334
2000-06-21,390006.0,"Pichoy, Valdivia Ad.",-39.65667,-73.08722,1007.1416666666668
2000-06-21,400009.0,"Cañal Bajo,  Osorno Ad.",-40.61444,-73.0575,1001.9153846153846
2000-06-21,410005.0,El Tepual  Puerto Montt Ap.,-41.4475,-73.09583,996.8875
2000-06-21,430001.0,Quellón Ad.,-43.13361,-73.63278,1002.975
2000-06-21,430002.0,Futaleufú Ad.,-43.18889,-71.85222,967.1899999999999
2000-06-21,450001.0,Puerto Aysén Ad.,-45.39944,-72.67722,1003.875
2000-06-21,450004.0,"Teniente Vidal, Coyhaique Ad.",-45.59083,-72.10222,968.523076923077
2000-06-21,450005.0,Balmaceda Ad.,-45.91833,-71.67778,942.8916666666668
2000-06-21,520006.0,"Carlos Ibañez, Punta Arenas Ap.",-53.00167,-70.83861,1002.325
2000-06-21,530005.0,"Fuentes Martínez, Porvenir Ad.",-53.25361,-70.32611,1002.275
2000-06-21,550001.0,"Guardiamarina Zañartu, Pto Williams Ad.",-54.93167,-67.61556,1002.7666666666667
2000-06-21,950001.0,"C.M.A. Eduardo Frei Montalva, Antártica ",-62.19194,-58.97972,999.9375
2000-06-22,180005.0,"Chacalluta, Arica Ap.",-18.35555,-70.34028,1009.4166666666666
2000-06-22,200006.0,Diego Aracena Iquique Ap.,-20.54917,-70.18111,1009.9
2000-06-22,220002.0,"El Loa, Calama Ad.",-22.49806,-68.8925,775.7375
2000-06-22,270001.0,Mataveri  Isla de Pascua Ap.,-27.15889,-109.4325,1015.8333333333334
2000-06-22,290004.0,"La Florida, La Serena Ad.",-29.91444,-71.20667,994.8608695652174
2000-06-22,330020.0,"Quinta Normal, Santiago",-33.445,-70.68278,951.6600000000001
2000-06-22,330021.0,Pudahuel Santiago ,-33.37833,-70.78778,957.075
2000-06-22,330030.0,"Santo Domingo, Ad.",-33.65611,-71.61333,1003.7692307692307
2000-06-22,330031.0,"Juan Fernández, Estación Meteorológica.",-33.63583,-78.83305,1002.4799999999999
2000-06-22,340031.0,"General Freire, Curicó Ad.",-34.96944,-71.21694,983.5538461538462
2000-06-22,360011.0,"General Bernardo O'Higgins, Chillán Ad.",-36.58583,-72.03667,991.7153846153846
2000-06-22,360019.0,"Carriel Sur, Concepción Ap.",-36.78055,-73.06639,1006.425
2000-06-22,380013.0,"Maquehue, Temuco Ad.",-38.76778,-72.63194,993.9416666666666
2000-06-22,390006.0,"Pichoy, Valdivia Ad.",-39.65667,-73.08722,1002.5307692307692
2000-06-22,400009.0,"Cañal Bajo,  Osorno Ad.",-40.61444,-73.0575,996.5230769230768
2000-06-22,410005.0,El Tepual  Puerto Montt Ap.,-41.4475,-73.09583,989.9
2000-06-22,430001.0,Quellón Ad.,-43.13361,-73.63278,994.25
2000-06-22,430002.0,Futaleufú Ad.,-43.18889,-71.85222,959.4399999999999
2000-06-22,450001.0,Puerto Aysén Ad.,-45.39944,-72.67722,994.925
2000-06-22,450004.0,"Teniente Vidal, Coyhaique Ad.",-45.59083,-72.10222,961.5692307692308
2000-06-22,450005.0,Balmaceda Ad.,-45.91833,-71.67778,938.5416666666666
2000-06-22,520006.0,"Carlos Ibañez, Punta Arenas Ap.",-53.00167,-70.83861,1002.725
2000-06-22,530005.0,"Fuentes Martínez, Porvenir Ad.",-53.25361,-70.32611,1004.2166666666667
2000-06-22,550001.0,"Guardiamarina Zañartu, Pto Williams Ad.",-54.93167,-67.61556,1007.2
2000-06-22,950001.0,"C.M.A. Eduardo Frei Montalva, Antártica ",-62.19194,-58.97972,995.9
2000-06-23,180005.0,"Chacalluta, Arica Ap.",-18.35555,-70.34028,1010.68
2000-06-23,200006.0,Diego Aracena Iquique Ap.,-20.54917,-70.18111,1011.0375
2000-06-23,220002.0,"El Loa, Calama Ad.",-22.49806,-68.8925,775.8058823529412
2000-06-23,270001.0,Mataveri  Isla de Pascua Ap.,-27.15889,-109.4325,1015.6166666666667
2000-06-23,290004.0,"La Florida, La Serena Ad.",-29.91444,-71.20667,990.3619047619047
2000-06-23,330020.0,"Quinta Normal, Santiago",-33.445,-70.68278,945.9399999999999
2000-06-23,330021.0,Pudahuel Santiago ,-33.37833,-70.78778,951.75
2000-06-23,330030.0,"Santo Domingo, Ad.",-33.65611,-71.61333,996.3153846153847
2000-06-23,330031.0,"Juan Fernández, Estación Meteorológica.",-33.63583,-78.83305,997.24
2000-06-23,340031.0,"General Freire, Curicó Ad.",-34.96944,-71.21694,976.7923076923076
2000-06-23,360011.0,"General Bernardo O'Higgins, Chillán Ad.",-36.58583,-72.03667,984.3153846153847
2000-06-23,360019.0,"Carriel Sur, Concepción Ap.",-36.78055,-73.06639,1002.325
2000-06-23,380013.0,"Maquehue, Temuco Ad.",-38.76778,-72.63194,993.0521739130435
2000-06-23,390006.0,"Pichoy, Valdivia Ad.",-39.65667,-73.08722,998.8
2000-06-23,400009.0,"Cañal Bajo,  Osorno Ad.",-40.61444,-73.0575,994.9538461538461
2000-06-23,410005.0,El Tepual  Puerto Montt Ap.,-41.4475,-73.09583,993.0875
2000-06-23,430001.0,Quellón Ad.,-43.13361,-73.63278,1000.125
2000-06-23,430002.0,Futaleufú Ad.,-43.18889,-71.85222,964.47
2000-06-23,450001.0,Puerto Aysén Ad.,-45.39944,-72.67722,1002.6125
2000-06-23,450004.0,"Teniente Vidal, Coyhaique Ad.",-45.59083,-72.10222,967.123076923077
2000-06-23,450005.0,Balmaceda Ad.,-45.91833,-71.67778,941.4291666666667
2000-06-23,520006.0,"Carlos Ibañez, Punta Arenas Ap.",-53.00167,-70.83861,1004.9625
2000-06-23,530005.0,"Fuentes Martínez, Porvenir Ad.",-53.25361,-70.32611,1006.3384615384615
2000-06-23,550001.0,"Guardiamarina Zañartu, Pto Williams Ad.",-54.93167,-67.61556,1009.3083333333334
2000-06-23,950001.0,"C.M.A. Eduardo Frei Montalva, Antártica ",-62.19194,-58.97972,1003.8375
2000-06-24,180005.0,"Chacalluta, Arica Ap.",-18.35555,-70.34028,1012.1583333333333
2000-06-24,200006.0,Diego Aracena Iquique Ap.,-20.54917,-70.18111,1012.7625
2000-06-24,220002.0,"El Loa, Calama Ad.",-22.49806,-68.8925,776.3625
2000-06-24,270001.0,Mataveri  Isla de Pascua Ap.,-27.15889,-109.4325,1015.1833333333334
2000-06-24,290004.0,"La Florida, La Serena Ad.",-29.91444,-71.20667,1000.5500000000001
2000-06-24,330020.0,"Quinta Normal, Santiago",-33.445,-70.68278,955.5799999999999
2000-06-24,330021.0,Pudahuel Santiago ,-33.37833,-70.78778,958.4625
2000-06-24,330030.0,"Santo Domingo, Ad.",-33.65611,-71.61333,1009.5
2000-06-24,330031.0,"Juan Fernández, Estación Meteorológica.",-33.63583,-78.83305,1010.55
2000-06-24,340031.0,"General Freire, Curicó Ad.",-34.96944,-71.21694,989.2923076923076
2000-06-24,360011.0,"General Bernardo O'Higgins, Chillán Ad.",-36.58583,-72.03667,995.6076923076923
2000-06-24,360019.0,"Carriel Sur, Concepción Ap.",-36.78055,-73.06639,1006.75
2000-06-24,380013.0,"Maquehue, Temuco Ad.",-38.76778,-72.63194,994.5124999999999
2000-06-24,390006.0,"Pichoy, Valdivia Ad.",-39.65667,-73.08722,1004.5307692307692
2000-06-24,400009.0,"Cañal Bajo,  Osorno Ad.",-40.61444,-73.0575,999.3307692307692
2000-06-24,410005.0,El Tepual  Puerto Montt Ap.,-41.4475,-73.09583,992.225
2000-06-24,430001.0,Quellón Ad.,-43.13361,-73.63278,1001.6
2000-06-24,430002.0,Futaleufú Ad.,-43.18889,-71.85222,963.9399999999999
2000-06-24,450004.0,"Teniente Vidal, Coyhaique Ad.",-45.59083,-72.10222,968.7307692307693
2000-06-24,450005.0,Balmaceda Ad.,-45.91833,-71.67778,943.275
2000-06-24,520006.0,"Carlos Ibañez, Punta Arenas Ap.",-53.00167,-70.83861,1013.0375
2000-06-24,530005.0,"Fuentes Martínez, Porvenir Ad.",-53.25361,-70.32611,1015.6833333333334
2000-06-24,950001.0,"C.M.A. Eduardo Frei Montalva, Antártica ",-62.19194,-58.97972,999.75
2000-06-25,180005.0,"Chacalluta, Arica Ap.",-18.35555,-70.34028,1011.0666666666666
2000-06-25,200006.0,Diego Aracena Iquique Ap.,-20.54917,-70.18111,1011.8625
2000-06-25,220002.0,"El Loa, Calama Ad.",-22.49806,-68.8925,775.6999999999999
2000-06-25,270001.0,Mataveri  Isla de Pascua Ap.,-27.15889,-109.4325,1013.9499999999999
2000-06-25,290004.0,"La Florida, La Serena Ad.",-29.91444,-71.20667,1000.2941176470588
2000-06-25,330020.0,"Quinta Normal, Santiago",-33.445,-70.68278,958.8399999999999
2000-06-25,330021.0,Pudahuel Santiago ,-33.37833,-70.78778,964.225
2000-06-25,330030.0,"Santo Domingo, Ad.",-33.65611,-71.61333,1012.0769230769231
2000-06-25,330031.0,"Juan Fernández, Estación Meteorológica.",-33.63583,-78.83305,1013.45
2000-06-25,340031.0,"General Freire, Curicó Ad.",-34.96944,-71.21694,992.6615384615385
2000-06-25,360011.0,"General Bernardo O'Higgins, Chillán Ad.",-36.58583,-72.03667,1000.0153846153846
2000-06-25,360019.0,"Carriel Sur, Concepción Ap.",-36.78055,-73.06639,1015.8125
2000-06-25,380013.0,"Maquehue, Temuco Ad.",-38.76778,-72.63194,1004.1875
2000-06-25,390006.0,"Pichoy, Valdivia Ad.",-39.65667,-73.08722,1011.176923076923
2000-06-25,400009.0,"Cañal Bajo,  Osorno Ad.",-40.61444,-73.0575,1005.623076923077
2000-06-25,410005.0,El Tepual  Puerto Montt Ap.,-41.4475,-73.09583,1000.2625
2000-06-25,430001.0,Quellón Ad.,-43.13361,-73.63278,1006.9
2000-06-25,430002.0,Futaleufú Ad.,-43.18889,-71.85222,968.74
2000-06-25,450004.0,"Teniente Vidal, Coyhaique Ad.",-45.59083,-72.10222,971.7133333333334
2000-06-25,450005.0,Balmaceda Ad.,-45.91833,-71.67778,946.988
2000-06-25,520006.0,"Carlos Ibañez, Punta Arenas Ap.",-53.00167,-70.83861,1012.9375
2000-06-25,530005.0,"Fuentes Martínez, Porvenir Ad.",-53.25361,-70.32611,1012.0
2000-06-25,950001.0,"C.M.A. Eduardo Frei Montalva, Antártica ",-62.19194,-58.97972,998.8875
2000-06-26,180005.0,"Chacalluta, Arica Ap.",-18.35555,-70.34028,1007.3125
2000-06-26,200006.0,Diego Aracena Iquique Ap.,-20.54917,-70.18111,1010.45
2000-06-26,220002.0,"El Loa, Calama Ad.",-22.49806,-68.8925,775.4538461538461
2000-06-26,270001.0,Mataveri  Isla de Pascua Ap.,-27.15889,-109.4325,1013.6
2000-06-26,290004.0,"La Florida, La Serena Ad.",-29.91444,-71.20667,998.3235294117648
2000-06-26,330020.0,"Quinta Normal, Santiago",-33.445,-70.68278,956.36
2000-06-26,330021.0,Pudahuel Santiago ,-33.37833,-70.78778,962.55
2000-06-26,330030.0,"Santo Domingo, Ad.",-33.65611,-71.61333,1008.2538461538461
2000-06-26,330031.0,"Juan Fernández, Estación Meteorológica.",-33.63583,-78.83305,1005.425
2000-06-26,340031.0,"General Freire, Curicó Ad.",-34.96944,-71.21694,988.0076923076923
2000-06-26,360011.0,"General Bernardo O'Higgins, Chillán Ad.",-36.58583,-72.03667,995.0
2000-06-26,360019.0,"Carriel Sur, Concepción Ap.",-36.78055,-73.06639,1012.6125
2000-06-26,380013.0,"Maquehue, Temuco Ad.",-38.76778,-72.63194,1001.2041666666668
2000-06-26,390006.0,"Pichoy, Valdivia Ad.",-39.65667,-73.08722,1004.9538461538461
2000-06-26,400009.0,"Cañal Bajo,  Osorno Ad.",-40.61444,-73.0575,1000.9307692307692
2000-06-26,410005.0,El Tepual  Puerto Montt Ap.,-41.4475,-73.09583,1000.3375
2000-06-26,430001.0,Quellón Ad.,-43.13361,-73.63278,1005.2249999999999
2000-06-26,430002.0,Futaleufú Ad.,-43.18889,-71.85222,968.4
2000-06-26,450004.0,"Teniente Vidal, Coyhaique Ad.",-45.59083,-72.10222,971.4285714285714
2000-06-26,450005.0,Balmaceda Ad.,-45.91833,-71.67778,946.3560000000001
2000-06-26,520006.0,"Carlos Ibañez, Punta Arenas Ap.",-53.00167,-70.83861,1013.2875
2000-06-26,530005.0,"Fuentes Martínez, Porvenir Ad.",-53.25361,-70.32611,1014.3666666666667
2000-06-26,950001.0,"C.M.A. Eduardo Frei Montalva, Antártica ",-62.19194,-58.97972,1004.75
2000-06-27,180005.0,"Chacalluta, Arica Ap.",-18.35555,-70.34028,1007.1041666666666
2000-06-27,200006.0,Diego Aracena Iquique Ap.,-20.54917,-70.18111,1009.925
2000-06-27,220002.0,"El Loa, Calama Ad.",-22.49806,-68.8925,776.06875
2000-06-27,270001.0,Mataveri  Isla de Pascua Ap.,-27.15889,-109.4325,1013.7666666666668
2000-06-27,290004.0,"La Florida, La Serena Ad.",-29.91444,-71.20667,999.7777777777778
2000-06-27,330020.0,"Quinta Normal, Santiago",-33.445,-70.68278,953.5200000000001
2000-06-27,330021.0,Pudahuel Santiago ,-33.37833,-70.78778,957.825
2000-06-27,330030.0,"Santo Domingo, Ad.",-33.65611,-71.61333,1005.0384615384615
2000-06-27,330031.0,"Juan Fernández, Estación Meteorológica.",-33.63583,-78.83305,1003.9200000000001
2000-06-27,340031.0,"General Freire, Curicó Ad.",-34.96944,-71.21694,982.0307692307692
2000-06-27,360011.0,"General Bernardo O'Higgins, Chillán Ad.",-36.58583,-72.03667,990.3
2000-06-27,360019.0,"Carriel Sur, Concepción Ap.",-36.78055,-73.06639,1003.1
2000-06-27,380013.0,"Maquehue, Temuco Ad.",-38.76778,-72.63194,989.6999999999999
2000-06-27,390006.0,"Pichoy, Valdivia Ad.",-39.65667,-73.08722,993.8
2000-06-27,400009.0,"Cañal Bajo,  Osorno Ad.",-40.61444,-73.0575,989.0538461538462
2000-06-27,410005.0,El Tepual  Puerto Montt Ap.,-41.4475,-73.09583,984.2125
2000-06-27,430001.0,Quellón Ad.,-43.13361,-73.63278,990.4
2000-06-27,430002.0,Futaleufú Ad.,-43.18889,-71.85222,957.53
2000-06-27,450001.0,Puerto Aysén Ad.,-45.39944,-72.67722,998.7875
2000-06-27,450004.0,"Teniente Vidal, Coyhaique Ad.",-45.59083,-72.10222,965.5307692307692
2000-06-27,450005.0,Balmaceda Ad.,-45.91833,-71.67778,942.1541666666667
2000-06-27,520006.0,"Carlos Ibañez, Punta Arenas Ap.",-53.00167,-70.83861,1013.3625
2000-06-27,530005.0,"Fuentes Martínez, Porvenir Ad.",-53.25361,-70.32611,1014.1999999999999
2000-06-27,550001.0,"Guardiamarina Zañartu, Pto Williams Ad.",-54.93167,-67.61556,1018.1333333333334
2000-06-27,950001.0,"C.M.A. Eduardo Frei Montalva, Antártica ",-62.19194,-58.97972,1010.2
2000-06-28,180005.0,"Chacalluta, Arica Ap.",-18.35555,-70.34028,1007.7166666666667
2000-06-28,200006.0,Diego Aracena Iquique Ap.,-20.54917,-70.18111,1011.05
2000-06-28,220002.0,"El Loa, Calama Ad.",-22.49806,-68.8925,776.2125
2000-06-28,270001.0,Mataveri  Isla de Pascua Ap.,-27.15889,-109.4325,1014.35
2000-06-28,290004.0,"La Florida, La Serena Ad.",-29.91444,-71.20667,1002.0882352941177
2000-06-28,330020.0,"Quinta Normal, Santiago",-33.445,-70.68278,955.74
2000-06-28,330021.0,Pudahuel Santiago ,-33.37833,-70.78778,961.0625
2000-06-28,330030.0,"Santo Domingo, Ad.",-33.65611,-71.61333,1008.3307692307692
2000-06-28,330031.0,"Juan Fernández, Estación Meteorológica.",-33.63583,-78.83305,1008.7
2000-06-28,340031.0,"General Freire, Curicó Ad.",-34.96944,-71.21694,986.1076923076923
2000-06-28,360011.0,"General Bernardo O'Higgins, Chillán Ad.",-36.58583,-72.03667,994.3538461538462
2000-06-28,360019.0,"Carriel Sur, Concepción Ap.",-36.78055,-73.06639,1009.775
2000-06-28,380013.0,"Maquehue, Temuco Ad.",-38.76778,-72.63194,998.0749999999999
2000-06-28,390006.0,"Pichoy, Valdivia Ad.",-39.65667,-73.08722,1005.6307692307693
2000-06-28,400009.0,"Cañal Bajo,  Osorno Ad.",-40.61444,-73.0575,1000.3538461538462
2000-06-28,410005.0,El Tepual  Puerto Montt Ap.,-41.4475,-73.09583,993.0
2000-06-28,430001.0,Quellón Ad.,-43.13361,-73.63278,1003.1
2000-06-28,430002.0,Futaleufú Ad.,-43.18889,-71.85222,964.82
2000-06-28,450001.0,Puerto Aysén Ad.,-45.39944,-72.67722,1004.0
2000-06-28,450004.0,"Teniente Vidal, Coyhaique Ad.",-45.59083,-72.10222,968.0846153846154
2000-06-28,450005.0,Balmaceda Ad.,-45.91833,-71.67778,941.8041666666667
2000-06-28,520006.0,"Carlos Ibañez, Punta Arenas Ap.",-53.00167,-70.83861,1009.8
2000-06-28,530005.0,"Fuentes Martínez, Porvenir Ad.",-53.25361,-70.32611,1008.375
2000-06-28,550001.0,"Guardiamarina Zañartu, Pto Williams Ad.",-54.93167,-67.61556,1014.0333333333333
2000-06-28,950001.0,"C.M.A. Eduardo Frei Montalva, Antártica ",-62.19194,-58.97972,1011.05
2000-06-29,180005.0,"Chacalluta, Arica Ap.",-18.35555,-70.34028,1007.4958333333334
2000-06-29,200006.0,Diego Aracena Iquique Ap.,-20.54917,-70.18111,1010.1125
2000-06-29,220002.0,"El Loa, Calama Ad.",-22.49806,-68.8925,776.5125
2000-06-29,270001.0,Mataveri  Isla de Pascua Ap.,-27.15889,-109.4325,1014.4499999999999
2000-06-29,290004.0,"La Florida, La Serena Ad.",-29.91444,-71.20667,1001.1823529411764
2000-06-29,330020.0,"Quinta Normal, Santiago",-33.445,-70.68278,956.74
2000-06-29,330021.0,Pudahuel Santiago ,-33.37833,-70.78778,962.3375
2000-06-29,330030.0,"Santo Domingo, Ad.",-33.65611,-71.61333,1008.0692307692308
2000-06-29,330031.0,"Juan Fernández, Estación Meteorológica.",-33.63583,-78.83305,1006.2
2000-06-29,340031.0,"General Freire, Curicó Ad.",-34.96944,-71.21694,986.3923076923077
2000-06-29,360011.0,"General Bernardo O'Higgins, Chillán Ad.",-36.58583,-72.03667,993.8615384615385
2000-06-29,360019.0,"Carriel Sur, Concepción Ap.",-36.78055,-73.06639,1010.3
2000-06-29,380013.0,"Maquehue, Temuco Ad.",-38.76778,-72.63194,998.1208333333334
2000-06-29,390006.0,"Pichoy, Valdivia Ad.",-39.65667,-73.08722,1001.4
2000-06-29,400009.0,"Cañal Bajo,  Osorno Ad.",-40.61444,-73.0575,996.1923076923077
2000-06-29,410005.0,El Tepual  Puerto Montt Ap.,-41.4475,-73.09583,995.2125
2000-06-29,430001.0,Quellón Ad.,-43.13361,-73.63278,996.85
2000-06-29,430002.0,Futaleufú Ad.,-43.18889,-71.85222,961.8399999999999
2000-06-29,450001.0,Puerto Aysén Ad.,-45.39944,-72.67722,999.55
2000-06-29,450004.0,"Teniente Vidal, Coyhaique Ad.",-45.59083,-72.10222,963.9615384615385
2000-06-29,450005.0,Balmaceda Ad.,-45.91833,-71.67778,940.8166666666666
2000-06-29,520006.0,"Carlos Ibañez, Punta Arenas Ap.",-53.00167,-70.83861,1000.5625
2000-06-29,530005.0,"Fuentes Martínez, Porvenir Ad.",-53.25361,-70.32611,999.6636363636363
2000-06-29,550001.0,"Guardiamarina Zañartu, Pto Williams Ad.",-54.93167,-67.61556,1004.7555555555555
2000-06-29,950001.0,"C.M.A. Eduardo Frei Montalva, Antártica ",-62.19194,-58.97972,1009.525
2000-06-30,180005.0,"Chacalluta, Arica Ap.",-18.35555,-70.34028,1007.0416666666666
2000-06-30,200006.0,Diego Aracena Iquique Ap.,-20.54917,-70.18111,1009.4125
2000-06-30,220002.0,"El Loa, Calama Ad.",-22.49806,-68.8925,776.2375
2000-06-30,270001.0,Mataveri  Isla de Pascua Ap.,-27.15889,-109.4325,1015.8333333333334
2000-06-30,290004.0,"La Florida, La Serena Ad.",-29.91444,-71.20667,999.3315789473684
2000-06-30,330020.0,"Quinta Normal, Santiago",-33.445,-70.68278,954.78
2000-06-30,330021.0,Pudahuel Santiago ,-33.37833,-70.78778,960.3875
2000-06-30,330030.0,"Santo Domingo, Ad.",-33.65611,-71.61333,1007.3846153846154
2000-06-30,330031.0,"Juan Fernández, Estación Meteorológica.",-33.63583,-78.83305,1009.6600000000001
2000-06-30,340031.0,"General Freire, Curicó Ad.",-34.96944,-71.21694,985.9166666666666
2000-06-30,360011.0,"General Bernardo O'Higgins, Chillán Ad.",-36.58583,-72.03667,992.9461538461538
2000-06-30,360019.0,"Carriel Sur, Concepción Ap.",-36.78055,-73.06639,1007.775
2000-06-30,380013.0,"Maquehue, Temuco Ad.",-38.76778,-72.63194,993.7416666666667
2000-06-30,390006.0,"Pichoy, Valdivia Ad.",-39.65667,-73.08722,1002.376923076923
2000-06-30,400009.0,"Cañal Bajo,  Osorno Ad.",-40.61444,-73.0575,995.3076923076923
2000-06-30,410005.0,El Tepual  Puerto Montt Ap.,-41.4475,-73.09583,988.2875
2000-06-30,430001.0,Quellón Ad.,-43.13361,-73.63278,992.175
2000-06-30,430002.0,Futaleufú Ad.,-43.18889,-71.85222,954.28
2000-06-30,450001.0,Puerto Aysén Ad.,-45.39944,-72.67722,987.7125
2000-06-30,450004.0,"Teniente Vidal, Coyhaique Ad.",-45.59083,-72.10222,952.3846153846154
2000-06-30,450005.0,Balmaceda Ad.,-45.91833,-71.67778,928.332
2000-06-30,520006.0,"Carlos Ibañez, Punta Arenas Ap.",-53.00167,-70.83861,985.425
2000-06-30,530005.0,"Fuentes Martínez, Porvenir Ad.",-53.25361,-70.32611,983.5916666666667
2000-06-30,550001.0,"Guardiamarina Zañartu, Pto Williams Ad.",-54.93167,-67.61556,989.8125
2000-06-30,950001.0,"C.M.A. Eduardo Frei Montalva, Antártica ",-62.19194,-58.97972,1005.45
2000-07-01,180005.0,"Chacalluta, Arica Ap.",-18.35555,-70.34028,1010.0291666666667
2000-07-01,200006.0,Diego Aracena Iquique Ap.,-20.54917,-70.18111,1010.1125
2000-07-01,220002.0,"El Loa, Calama Ad.",-22.49806,-68.8925,776.18125
2000-07-01,270001.0,Mataveri  Isla de Pascua Ap.,-27.15889,-109.4325,1015.4
2000-07-01,290004.0,"La Florida, La Serena Ad.",-29.91444,-71.20667,1001.3923076923077
2000-07-01,330020.0,"Quinta Normal, Santiago",-33.445,-70.68278,957.7
2000-07-01,330021.0,Pudahuel Santiago ,-33.37833,-70.78778,961.5625
2000-07-01,330030.0,"Santo Domingo, Ad.",-33.65611,-71.61333,1012.0615384615384
2000-07-01,330031.0,"Juan Fernández, Estación Meteorológica.",-33.63583,-78.83305,1017.45
2000-07-01,340031.0,"General Freire, Curicó Ad.",-34.96944,-71.21694,992.7153846153846
2000-07-01,360011.0,"General Bernardo O'Higgins, Chillán Ad.",-36.58583,-72.03667,1001.4461538461538
2000-07-01,360019.0,"Carriel Sur, Concepción Ap.",-36.78055,-73.06639,1016.1625
2000-07-01,380013.0,"Maquehue, Temuco Ad.",-38.76778,-72.63194,1003.4041666666667
2000-07-01,390006.0,"Pichoy, Valdivia Ad.",-39.65667,-73.08722,1011.6076923076923
2000-07-01,400009.0,"Cañal Bajo,  Osorno Ad.",-40.61444,-73.0575,1006.2692307692307
2000-07-01,410005.0,El Tepual  Puerto Montt Ap.,-41.4475,-73.09583,997.6625
2000-07-01,430001.0,Quellón Ad.,-43.13361,-73.63278,1004.7
2000-07-01,430002.0,Futaleufú Ad.,-43.18889,-71.85222,963.78
2000-07-01,450004.0,"Teniente Vidal, Coyhaique Ad.",-45.59083,-72.10222,960.7846153846154
2000-07-01,450005.0,Balmaceda Ad.,-45.91833,-71.67778,930.8416666666667
2000-07-01,520006.0,"Carlos Ibañez, Punta Arenas Ap.",-53.00167,-70.83861,981.5125
2000-07-01,530005.0,"Fuentes Martínez, Porvenir Ad.",-53.25361,-70.32611,983.8307692307692
2000-07-01,950001.0,"C.M.A. Eduardo Frei Montalva, Antártica ",-62.19194,-58.97972,997.35
2000-07-02,180005.0,"Chacalluta, Arica Ap.",-18.35555,-70.34028,1010.2416666666667
2000-07-02,200006.0,Diego Aracena Iquique Ap.,-20.54917,-70.18111,1011.05
2000-07-02,220002.0,"El Loa, Calama Ad.",-22.49806,-68.8925,776.8499999999999
2000-07-02,270001.0,Mataveri  Isla de Pascua Ap.,-27.15889,-109.4325,1012.5500000000001
2000-07-02,290004.0,"La Florida, La Serena Ad.",-29.91444,-71.20667,1004.6941176470588
2000-07-02,330020.0,"Quinta Normal, Santiago",-33.445,-70.68278,964.5
2000-07-02,330021.0,Pudahuel Santiago ,-33.37833,-70.78778,969.55
2000-07-02,330030.0,"Santo Domingo, Ad.",-33.65611,-71.61333,1017.9230769230769
2000-07-02,330031.0,"Juan Fernández, Estación Meteorológica.",-33.63583,-78.83305,1022.95
2000-07-02,340031.0,"General Freire, Curicó Ad.",-34.96944,-71.21694,999.3923076923077
2000-07-02,360011.0,"General Bernardo O'Higgins, Chillán Ad.",-36.58583,-72.03667,1009.1615384615385
2000-07-02,360019.0,"Carriel Sur, Concepción Ap.",-36.78055,-73.06639,1023.8375
2000-07-02,380013.0,"Maquehue, Temuco Ad.",-38.76778,-72.63194,1010.5791666666668
2000-07-02,390006.0,"Pichoy, Valdivia Ad.",-39.65667,-73.08722,1019.3461538461538
2000-07-02,400009.0,"Cañal Bajo,  Osorno Ad.",-40.61444,-73.0575,1013.2923076923076
2000-07-02,410005.0,El Tepual  Puerto Montt Ap.,-41.4475,-73.09583,1007.0125
2000-07-02,430001.0,Quellón Ad.,-43.13361,-73.63278,1015.075
2000-07-02,430002.0,Futaleufú Ad.,-43.18889,-71.85222,974.07
2000-07-02,450004.0,"Teniente Vidal, Coyhaique Ad.",-45.59083,-72.10222,974.0615384615384
2000-07-02,450005.0,Balmaceda Ad.,-45.91833,-71.67778,944.2416666666667
2000-07-02,520006.0,"Carlos Ibañez, Punta Arenas Ap.",-53.00167,-70.83861,989.175
2000-07-02,950001.0,"C.M.A. Eduardo Frei Montalva, Antártica ",-62.19194,-58.97972,995.1625
2000-07-03,180005.0,"Chacalluta, Arica Ap.",-18.35555,-70.34028,1008.8541666666666
2000-07-03,200006.0,Diego Aracena Iquique Ap.,-20.54917,-70.18111,1008.8
2000-07-03,220002.0,"El Loa, Calama Ad.",-22.49806,-68.8925,776.84375
2000-07-03,270001.0,Mataveri  Isla de Pascua Ap.,-27.15889,-109.4325,1009.4166666666666
2000-07-03,290004.0,"La Florida, La Serena Ad.",-29.91444,-71.20667,999.6235294117646
2000-07-03,330020.0,"Quinta Normal, Santiago",-33.445,-70.68278,961.3799999999999
2000-07-03,330021.0,Pudahuel Santiago ,-33.37833,-70.78778,967.4125
2000-07-03,330030.0,"Santo Domingo, Ad.",-33.65611,-71.61333,1013.5846153846154
2000-07-03,330031.0,"Juan Fernández, Estación Meteorológica.",-33.63583,-78.83305,1019.5600000000001
2000-07-03,340031.0,"General Freire, Curicó Ad.",-34.96944,-71.21694,996.2923076923076
2000-07-03,360011.0,"General Bernardo O'Higgins, Chillán Ad.",-36.58583,-72.03667,1006.5615384615384
2000-07-03,360019.0,"Carriel Sur, Concepción Ap.",-36.78055,-73.06639,1022.8875
2000-07-03,380013.0,"Maquehue, Temuco Ad.",-38.76778,-72.63194,1008.7375000000001
2000-07-03,390006.0,"Pichoy, Valdivia Ad.",-39.65667,-73.08722,1014.15
2000-07-03,400009.0,"Cañal Bajo,  Osorno Ad.",-40.61444,-73.0575,1008.1615384615385
2000-07-03,410005.0,El Tepual  Puerto Montt Ap.,-41.4475,-73.09583,1003.575
2000-07-03,430001.0,Quellón Ad.,-43.13361,-73.63278,1008.75
2000-07-03,430002.0,Futaleufú Ad.,-43.18889,-71.85222,968.4200000000001
2000-07-03,450001.0,Puerto Aysén Ad.,-45.39944,-72.67722,1006.1
2000-07-03,450004.0,"Teniente Vidal, Coyhaique Ad.",-45.59083,-72.10222,969.4307692307692
2000-07-03,450005.0,Balmaceda Ad.,-45.91833,-71.67778,943.1666666666666
2000-07-03,520006.0,"Carlos Ibañez, Punta Arenas Ap.",-53.00167,-70.83861,994.325
2000-07-03,530005.0,"Fuentes Martínez, Porvenir Ad.",-53.25361,-70.32611,993.8000000000001
2000-07-03,550001.0,"Guardiamarina Zañartu, Pto Williams Ad.",-54.93167,-67.61556,994.6555555555556
2000-07-03,950001.0,"C.M.A. Eduardo Frei Montalva, Antártica ",-62.19194,-58.97972,991.775
2000-07-04,180005.0,"Chacalluta, Arica Ap.",-18.35555,-70.34028,1009.028
2000-07-04,200006.0,Diego Aracena Iquique Ap.,-20.54917,-70.18111,1009.225
2000-07-04,220002.0,"El Loa, Calama Ad.",-22.49806,-68.8925,776.33125
2000-07-04,270001.0,Mataveri  Isla de Pascua Ap.,-27.15889,-109.4325,1009.9333333333334
2000-07-04,290004.0,"La Florida, La Serena Ad.",-29.91444,-71.20667,997.0588235294117
2000-07-04,330020.0,"Quinta Normal, Santiago",-33.445,-70.68278,957.18
2000-07-04,330021.0,Pudahuel Santiago ,-33.37833,-70.78778,962.3875
2000-07-04,330030.0,"Santo Domingo, Ad.",-33.65611,-71.61333,1008.376923076923
2000-07-04,330031.0,"Juan Fernández, Estación Meteorológica.",-33.63583,-78.83305,1015.8399999999999
2000-07-04,340031.0,"General Freire, Curicó Ad.",-34.96944,-71.21694,991.6153846153846
2000-07-04,360011.0,"General Bernardo O'Higgins, Chillán Ad.",-36.58583,-72.03667,1001.5769230769231
2000-07-04,360019.0,"Carriel Sur, Concepción Ap.",-36.78055,-73.06639,1019.2625
2000-07-04,380013.0,"Maquehue, Temuco Ad.",-38.76778,-72.63194,1006.8166666666666
2000-07-04,390006.0,"Pichoy, Valdivia Ad.",-39.65667,-73.08722,1012.323076923077
2000-07-04,400009.0,"Cañal Bajo,  Osorno Ad.",-40.61444,-73.0575,1004.9461538461538
2000-07-04,410005.0,El Tepual  Puerto Montt Ap.,-41.4475,-73.09583,1002.0875
2000-07-04,430001.0,Quellón Ad.,-43.13361,-73.63278,1007.9
2000-07-04,430002.0,Futaleufú Ad.,-43.18889,-71.85222,972.28
2000-07-04,450001.0,Puerto Aysén Ad.,-45.39944,-72.67722,1010.6875
2000-07-04,450004.0,"Teniente Vidal, Coyhaique Ad.",-45.59083,-72.10222,973.6384615384615
2000-07-04,450005.0,Balmaceda Ad.,-45.91833,-71.67778,948.4
2000-07-04,520006.0,"Carlos Ibañez, Punta Arenas Ap.",-53.00167,-70.83861,996.9
2000-07-04,530005.0,"Fuentes Martínez, Porvenir Ad.",-53.25361,-70.32611,999.3000000000001
2000-07-04,550001.0,"Guardiamarina Zañartu, Pto Williams Ad.",-54.93167,-67.61556,1001.5222222222224
2000-07-04,950001.0,"C.M.A. Eduardo Frei Montalva, Antártica ",-62.19194,-58.97972,986.175
2000-07-05,180005.0,"Chacalluta, Arica Ap.",-18.35555,-70.34028,1008.6360000000001
2000-07-05,200006.0,Diego Aracena Iquique Ap.,-20.54917,-70.18111,1009.1125
2000-07-05,220002.0,"El Loa, Calama Ad.",-22.49806,-68.8925,776.2294117647059
2000-07-05,270001.0,Mataveri  Isla de Pascua Ap.,-27.15889,-109.4325,1010.0666666666666
2000-07-05,290004.0,"La Florida, La Serena Ad.",-29.91444,-71.20667,999.2352941176471
2000-07-05,330020.0,"Quinta Normal, Santiago",-33.445,-70.68278,954.9399999999999
2000-07-05,330021.0,Pudahuel Santiago ,-33.37833,-70.78778,960.2125
2000-07-05,330030.0,"Santo Domingo, Ad.",-33.65611,-71.61333,1008.3461538461538
2000-07-05,330031.0,"Juan Fernández, Estación Meteorológica.",-33.63583,-78.83305,1011.6200000000001
2000-07-05,340031.0,"General Freire, Curicó Ad.",-34.96944,-71.21694,989.4076923076923
2000-07-05,360011.0,"General Bernardo O'Higgins, Chillán Ad.",-36.58583,-72.03667,998.1692307692308
2000-07-05,360019.0,"Carriel Sur, Concepción Ap.",-36.78055,-73.06639,1015.3249999999999
2000-07-05,380013.0,"Maquehue, Temuco Ad.",-38.76778,-72.63194,1002.1916666666666
2000-07-05,390006.0,"Pichoy, Valdivia Ad.",-39.65667,-73.08722,1007.1307692307693
2000-07-05,400009.0,"Cañal Bajo,  Osorno Ad.",-40.61444,-73.0575,1001.0153846153845
2000-07-05,410005.0,El Tepual  Puerto Montt Ap.,-41.4475,-73.09583,997.4875
2000-07-05,430001.0,Quellón Ad.,-43.13361,-73.63278,1000.325
2000-07-05,430002.0,Futaleufú Ad.,-43.18889,-71.85222,963.6299999999999
2000-07-05,450001.0,Puerto Aysén Ad.,-45.39944,-72.67722,1000.35
2000-07-05,450004.0,"Teniente Vidal, Coyhaique Ad.",-45.59083,-72.10222,964.676923076923
2000-07-05,450005.0,Balmaceda Ad.,-45.91833,-71.67778,942.7760000000001
2000-07-05,520006.0,"Carlos Ibañez, Punta Arenas Ap.",-53.00167,-70.83861,999.7875
2000-07-05,530005.0,"Fuentes Martínez, Porvenir Ad.",-53.25361,-70.32611,998.3333333333334
2000-07-05,550001.0,"Guardiamarina Zañartu, Pto Williams Ad.",-54.93167,-67.61556,995.8555555555556
2000-07-05,950001.0,"C.M.A. Eduardo Frei Montalva, Antártica ",-62.19194,-58.97972,987.075
2000-07-06,180005.0,"Chacalluta, Arica Ap.",-18.35555,-70.34028,1008.9916666666667
2000-07-06,200006.0,Diego Aracena Iquique Ap.,-20.54917,-70.18111,1009.5124999999999
2000-07-06,220002.0,"El Loa, Calama Ad.",-22.49806,-68.8925,776.14375
2000-07-06,270001.0,Mataveri  Isla de Pascua Ap.,-27.15889,-109.4325,1009.9333333333334
2000-07-06,290004.0,"La Florida, La Serena Ad.",-29.91444,-71.20667,999.73125
2000-07-06,330020.0,"Quinta Normal, Santiago",-33.445,-70.68278,955.0
2000-07-06,330021.0,Pudahuel Santiago ,-33.37833,-70.78778,960.3125
2000-07-06,330030.0,"Santo Domingo, Ad.",-33.65611,-71.61333,1008.5384615384615
2000-07-06,330031.0,"Juan Fernández, Estación Meteorológica.",-33.63583,-78.83305,1010.46
2000-07-06,340031.0,"General Freire, Curicó Ad.",-34.96944,-71.21694,988.2923076923076
2000-07-06,360011.0,"General Bernardo O'Higgins, Chillán Ad.",-36.58583,-72.03667,995.8923076923077
2000-07-06,360019.0,"Carriel Sur, Concepción Ap.",-36.78055,-73.06639,1011.6875
2000-07-06,380013.0,"Maquehue, Temuco Ad.",-38.76778,-72.63194,999.796
2000-07-06,390006.0,"Pichoy, Valdivia Ad.",-39.65667,-73.08722,1007.3538461538462
2000-07-06,400009.0,"Cañal Bajo,  Osorno Ad.",-40.61444,-73.0575,1001.5153846153846
2000-07-06,410005.0,El Tepual  Puerto Montt Ap.,-41.4475,-73.09583,997.8875
2000-07-06,430001.0,Quellón Ad.,-43.13361,-73.63278,1004.925
2000-07-06,430002.0,Futaleufú Ad.,-43.18889,-71.85222,968.6299999999999
2000-07-06,450001.0,Puerto Aysén Ad.,-45.39944,-72.67722,1012.0125
2000-07-06,450004.0,"Teniente Vidal, Coyhaique Ad.",-45.59083,-72.10222,977.5076923076923
2000-07-06,450005.0,Balmaceda Ad.,-45.91833,-71.67778,948.1083333333332
2000-07-06,520006.0,"Carlos Ibañez, Punta Arenas Ap.",-53.00167,-70.83861,1006.625
2000-07-06,530005.0,"Fuentes Martínez, Porvenir Ad.",-53.25361,-70.32611,1009.8833333333333
2000-07-06,550001.0,"Guardiamarina Zañartu, Pto Williams Ad.",-54.93167,-67.61556,1009.4666666666667
2000-07-06,950001.0,"C.M.A. Eduardo Frei Montalva, Antártica ",-62.19194,-58.97972,995.6
2000-07-07,180005.0,"Chacalluta, Arica Ap.",-18.35555,-70.34028,1008.8416666666667
2000-07-07,200006.0,Diego Aracena Iquique Ap.,-20.54917,-70.18111,1009.65
2000-07-07,220002.0,"El Loa, Calama Ad.",-22.49806,-68.8925,775.6875
2000-07-07,270001.0,Mataveri  Isla de Pascua Ap.,-27.15889,-109.4325,1010.2833333333333
2000-07-07,290004.0,"La Florida, La Serena Ad.",-29.91444,-71.20667,999.6833333333333
2000-07-07,330020.0,"Quinta Normal, Santiago",-33.445,-70.68278,956.26
2000-07-07,330021.0,Pudahuel Santiago ,-33.37833,-70.78778,961.4875
2000-07-07,330030.0,"Santo Domingo, Ad.",-33.65611,-71.61333,1009.7076923076924
2000-07-07,330031.0,"Juan Fernández, Estación Meteorológica.",-33.63583,-78.83305,1015.82
2000-07-07,340031.0,"General Freire, Curicó Ad.",-34.96944,-71.21694,991.0
2000-07-07,360011.0,"General Bernardo O'Higgins, Chillán Ad.",-36.58583,-72.03667,1000.2846153846154
2000-07-07,360019.0,"Carriel Sur, Concepción Ap.",-36.78055,-73.06639,1016.0125
2000-07-07,380013.0,"Maquehue, Temuco Ad.",-38.76778,-72.63194,1004.9125
2000-07-07,390006.0,"Pichoy, Valdivia Ad.",-39.65667,-73.08722,1014.4615384615385
2000-07-07,400009.0,"Cañal Bajo,  Osorno Ad.",-40.61444,-73.0575,1010.1538461538462
2000-07-07,410005.0,El Tepual  Puerto Montt Ap.,-41.4475,-73.09583,1004.475
2000-07-07,430001.0,Quellón Ad.,-43.13361,-73.63278,1016.8
2000-07-07,430002.0,Futaleufú Ad.,-43.18889,-71.85222,981.53
2000-07-07,450001.0,Puerto Aysén Ad.,-45.39944,-72.67722,1025.2
2000-07-07,450004.0,"Teniente Vidal, Coyhaique Ad.",-45.59083,-72.10222,989.876923076923
2000-07-07,450005.0,Balmaceda Ad.,-45.91833,-71.67778,962.8541666666666
2000-07-07,520006.0,"Carlos Ibañez, Punta Arenas Ap.",-53.00167,-70.83861,1014.85
2000-07-07,530005.0,"Fuentes Martínez, Porvenir Ad.",-53.25361,-70.32611,1015.6083333333332
2000-07-07,550001.0,"Guardiamarina Zañartu, Pto Williams Ad.",-54.93167,-67.61556,1011.7
2000-07-07,950001.0,"C.M.A. Eduardo Frei Montalva, Antártica ",-62.19194,-58.97972,999.3874999999999
2000-07-08,180005.0,"Chacalluta, Arica Ap.",-18.35555,-70.34028,1008.9208333333332
2000-07-08,200006.0,Diego Aracena Iquique Ap.,-20.54917,-70.18111,1009.225
2000-07-08,220002.0,"El Loa, Calama Ad.",-22.49806,-68.8925,774.51875
2000-07-08,270001.0,Mataveri  Isla de Pascua Ap.,-27.15889,-109.4325,1014.0
2000-07-08,290004.0,"La Florida, La Serena Ad.",-29.91444,-71.20667,998.5
2000-07-08,330020.0,"Quinta Normal, Santiago",-33.445,-70.68278,955.6
2000-07-08,330021.0,Pudahuel Santiago ,-33.37833,-70.78778,960.9875
2000-07-08,330030.0,"Santo Domingo, Ad.",-33.65611,-71.61333,1009.15
2000-07-08,330031.0,"Juan Fernández, Estación Meteorológica.",-33.63583,-78.83305,1017.05
2000-07-08,340031.0,"General Freire, Curicó Ad.",-34.96944,-71.21694,990.4307692307692
2000-07-08,360011.0,"General Bernardo O'Higgins, Chillán Ad.",-36.58583,-72.03667,1000.823076923077
2000-07-08,360019.0,"Carriel Sur, Concepción Ap.",-36.78055,-73.06639,1018.075
2000-07-08,380013.0,"Maquehue, Temuco Ad.",-38.76778,-72.63194,1008.6916666666666
2000-07-08,390006.0,"Pichoy, Valdivia Ad.",-39.65667,-73.08722,1018.7615384615384
2000-07-08,400009.0,"Cañal Bajo,  Osorno Ad.",-40.61444,-73.0575,1014.8461538461538
2000-07-08,410005.0,El Tepual  Puerto Montt Ap.,-41.4475,-73.09583,1011.9375
2000-07-08,430001.0,Quellón Ad.,-43.13361,-73.63278,1022.125
2000-07-08,430002.0,Futaleufú Ad.,-43.18889,-71.85222,987.1
2000-07-08,450004.0,"Teniente Vidal, Coyhaique Ad.",-45.59083,-72.10222,994.2076923076924
2000-07-08,450005.0,Balmaceda Ad.,-45.91833,-71.67778,967.3083333333334
2000-07-08,520006.0,"Carlos Ibañez, Punta Arenas Ap.",-53.00167,-70.83861,1023.7
2000-07-08,530005.0,"Fuentes Martínez, Porvenir Ad.",-53.25361,-70.32611,1027.9083333333333
2000-07-08,950001.0,"C.M.A. Eduardo Frei Montalva, Antártica ",-62.19194,-58.97972,1009.275
2000-07-09,180005.0,"Chacalluta, Arica Ap.",-18.35555,-70.34028,1009.9791666666666
2000-07-09,200006.0,Diego Aracena Iquique Ap.,-20.54917,-70.18111,1010.175
2000-07-09,220002.0,"El Loa, Calama Ad.",-22.49806,-68.8925,772.8333333333334
2000-07-09,270001.0,Mataveri  Isla de Pascua Ap.,-27.15889,-109.4325,1011.9166666666666
2000-07-09,290004.0,"La Florida, La Serena Ad.",-29.91444,-71.20667,999.90625
2000-07-09,330020.0,"Quinta Normal, Santiago",-33.445,-70.68278,954.4399999999999
2000-07-09,330021.0,Pudahuel Santiago ,-33.37833,-70.78778,959.2625
2000-07-09,330030.0,"Santo Domingo, Ad.",-33.65611,-71.61333,1008.7307692307693
2000-07-09,330031.0,"Juan Fernández, Estación Meteorológica.",-33.63583,-78.83305,1017.825
2000-07-09,340031.0,"General Freire, Curicó Ad.",-34.96944,-71.21694,989.6307692307693
2000-07-09,360011.0,"General Bernardo O'Higgins, Chillán Ad.",-36.58583,-72.03667,999.0923076923077
2000-07-09,360019.0,"Carriel Sur, Concepción Ap.",-36.78055,-73.06639,1015.875
2000-07-09,380013.0,"Maquehue, Temuco Ad.",-38.76778,-72.63194,1007.8666666666667
2000-07-09,390006.0,"Pichoy, Valdivia Ad.",-39.65667,-73.08722,1018.5
2000-07-09,400009.0,"Cañal Bajo,  Osorno Ad.",-40.61444,-73.0575,1015.6384615384615
2000-07-09,410005.0,El Tepual  Puerto Montt Ap.,-41.4475,-73.09583,1013.2875
2000-07-09,430001.0,Quellón Ad.,-43.13361,-73.63278,1024.875
2000-07-09,430002.0,Futaleufú Ad.,-43.18889,-71.85222,991.5200000000001
2000-07-09,450004.0,"Teniente Vidal, Coyhaique Ad.",-45.59083,-72.10222,1000.3307692307692
2000-07-09,450005.0,Balmaceda Ad.,-45.91833,-71.67778,972.9791666666666
2000-07-09,520006.0,"Carlos Ibañez, Punta Arenas Ap.",-53.00167,-70.83861,1033.4
2000-07-09,950001.0,"C.M.A. Eduardo Frei Montalva, Antártica ",-62.19194,-58.97972,1017.6625
2000-07-10,180005.0,"Chacalluta, Arica Ap.",-18.35555,-70.34028,1011.9458333333333
2000-07-10,200006.0,Diego Aracena Iquique Ap.,-20.54917,-70.18111,1012.9
2000-07-10,220002.0,"El Loa, Calama Ad.",-22.49806,-68.8925,772.94375
2000-07-10,270001.0,Mataveri  Isla de Pascua Ap.,-27.15889,-109.4325,1009.9833333333332
2000-07-10,290004.0,"La Florida, La Serena Ad.",-29.91444,-71.20667,1004.535294117647
2000-07-10,330020.0,"Quinta Normal, Santiago",-33.445,-70.68278,959.9
2000-07-10,330021.0,Pudahuel Santiago ,-33.37833,-70.78778,964.525
2000-07-10,330030.0,"Santo Domingo, Ad.",-33.65611,-71.61333,1014.4615384615385
2000-07-10,330031.0,"Juan Fernández, Estación Meteorológica.",-33.63583,-78.83305,1020.46
2000-07-10,340031.0,"General Freire, Curicó Ad.",-34.96944,-71.21694,995.5769230769231
2000-07-10,360011.0,"General Bernardo O'Higgins, Chillán Ad.",-36.58583,-72.03667,1006.0230769230768
2000-07-10,360019.0,"Carriel Sur, Concepción Ap.",-36.78055,-73.06639,1021.45
2000-07-10,380013.0,"Maquehue, Temuco Ad.",-38.76778,-72.63194,1014.2583333333333
2000-07-10,390006.0,"Pichoy, Valdivia Ad.",-39.65667,-73.08722,1024.9076923076923
2000-07-10,400009.0,"Cañal Bajo,  Osorno Ad.",-40.61444,-73.0575,1023.6692307692308
2000-07-10,410005.0,El Tepual  Puerto Montt Ap.,-41.4475,-73.09583,1020.6625
2000-07-10,430001.0,Quellón Ad.,-43.13361,-73.63278,1032.7
2000-07-10,430002.0,Futaleufú Ad.,-43.18889,-71.85222,998.6200000000001
2000-07-10,450001.0,Puerto Aysén Ad.,-45.39944,-72.67722,1041.5125
2000-07-10,450004.0,"Teniente Vidal, Coyhaique Ad.",-45.59083,-72.10222,1006.0538461538462
2000-07-10,450005.0,Balmaceda Ad.,-45.91833,-71.67778,978.0916666666667
2000-07-10,520006.0,"Carlos Ibañez, Punta Arenas Ap.",-53.00167,-70.83861,1038.325
2000-07-10,530005.0,"Fuentes Martínez, Porvenir Ad.",-53.25361,-70.32611,1040.6499999999999
2000-07-10,550001.0,"Guardiamarina Zañartu, Pto Williams Ad.",-54.93167,-67.61556,1041.5555555555557
2000-07-10,950001.0,"C.M.A. Eduardo Frei Montalva, Antártica ",-62.19194,-58.97972,1023.5
2000-07-11,180005.0,"Chacalluta, Arica Ap.",-18.35555,-70.34028,1011.6666666666666
2000-07-11,200006.0,Diego Aracena Iquique Ap.,-20.54917,-70.18111,1012.6875
2000-07-11,220002.0,"El Loa, Calama Ad.",-22.49806,-68.8925,774.95625
2000-07-11,270001.0,Mataveri  Isla de Pascua Ap.,-27.15889,-109.4325,1008.8333333333334
2000-07-11,290004.0,"La Florida, La Serena Ad.",-29.91444,-71.20667,1006.3058823529412
2000-07-11,330020.0,"Quinta Normal, Santiago",-33.445,-70.68278,963.82
2000-07-11,330021.0,Pudahuel Santiago ,-33.37833,-70.78778,968.95
2000-07-11,330030.0,"Santo Domingo, Ad.",-33.65611,-71.61333,1017.8615384615385
2000-07-11,330031.0,"Juan Fernández, Estación Meteorológica.",-33.63583,-78.83305,1025.22
2000-07-11,340031.0,"General Freire, Curicó Ad.",-34.96944,-71.21694,999.4692307692308
2000-07-11,360011.0,"General Bernardo O'Higgins, Chillán Ad.",-36.58583,-72.03667,1010.4538461538461
2000-07-11,360019.0,"Carriel Sur, Concepción Ap.",-36.78055,-73.06639,1027.2
2000-07-11,380013.0,"Maquehue, Temuco Ad.",-38.76778,-72.63194,1019.2192307692308
2000-07-11,390006.0,"Pichoy, Valdivia Ad.",-39.65667,-73.08722,1029.923076923077
2000-07-11,400009.0,"Cañal Bajo,  Osorno Ad.",-40.61444,-73.0575,1025.3923076923077
2000-07-11,410005.0,El Tepual  Puerto Montt Ap.,-41.4475,-73.09583,1024.1625
2000-07-11,430001.0,Quellón Ad.,-43.13361,-73.63278,1032.45
2000-07-11,430002.0,Futaleufú Ad.,-43.18889,-71.85222,996.85
2000-07-11,450001.0,Puerto Aysén Ad.,-45.39944,-72.67722,1038.775
2000-07-11,450004.0,"Teniente Vidal, Coyhaique Ad.",-45.59083,-72.10222,1002.9846153846154
2000-07-11,450005.0,Balmaceda Ad.,-45.91833,-71.67778,974.3958333333334
2000-07-11,520006.0,"Carlos Ibañez, Punta Arenas Ap.",-53.00167,-70.83861,1036.0
2000-07-11,530005.0,"Fuentes Martínez, Porvenir Ad.",-53.25361,-70.32611,1034.2250000000001
2000-07-11,550001.0,"Guardiamarina Zañartu, Pto Williams Ad.",-54.93167,-67.61556,1033.888888888889
2000-07-11,950001.0,"C.M.A. Eduardo Frei Montalva, Antártica ",-62.19194,-58.97972,1026.375
2000-07-12,180005.0,"Chacalluta, Arica Ap.",-18.35555,-70.34028,1009.9291666666667
2000-07-12,200006.0,Diego Aracena Iquique Ap.,-20.54917,-70.18111,1010.2875
2000-07-12,220002.0,"El Loa, Calama Ad.",-22.49806,-68.8925,776.7125
2000-07-12,270001.0,Mataveri  Isla de Pascua Ap.,-27.15889,-109.4325,1010.4
2000-07-12,290004.0,"La Florida, La Serena Ad.",-29.91444,-71.20667,1001.0941176470587
2000-07-12,330020.0,"Quinta Normal, Santiago",-33.445,-70.68278,962.4
2000-07-12,330021.0,Pudahuel Santiago ,-33.37833,-70.78778,968.3
2000-07-12,330030.0,"Santo Domingo, Ad.",-33.65611,-71.61333,1014.7307692307693
2000-07-12,330031.0,"Juan Fernández, Estación Meteorológica.",-33.63583,-78.83305,1024.26
2000-07-12,340031.0,"General Freire, Curicó Ad.",-34.96944,-71.21694,997.8153846153847
2000-07-12,360011.0,"General Bernardo O'Higgins, Chillán Ad.",-36.58583,-72.03667,1008.8307692307692
2000-07-12,360019.0,"Carriel Sur, Concepción Ap.",-36.78055,-73.06639,1027.875
2000-07-12,380013.0,"Maquehue, Temuco Ad.",-38.76778,-72.63194,1019.0708333333333
2000-07-12,390006.0,"Pichoy, Valdivia Ad.",-39.65667,-73.08722,1028.2692307692307
2000-07-12,400009.0,"Cañal Bajo,  Osorno Ad.",-40.61444,-73.0575,1023.0999999999999
2000-07-12,410005.0,El Tepual  Puerto Montt Ap.,-41.4475,-73.09583,1022.1875
2000-07-12,430001.0,Quellón Ad.,-43.13361,-73.63278,1028.575
2000-07-12,430002.0,Futaleufú Ad.,-43.18889,-71.85222,987.78
2000-07-12,450001.0,Puerto Aysén Ad.,-45.39944,-72.67722,1030.8125
2000-07-12,450004.0,"Teniente Vidal, Coyhaique Ad.",-45.59083,-72.10222,992.1153846153846
2000-07-12,450005.0,Balmaceda Ad.,-45.91833,-71.67778,964.9708333333333
2000-07-12,520006.0,"Carlos Ibañez, Punta Arenas Ap.",-53.00167,-70.83861,1022.75
2000-07-12,530005.0,"Fuentes Martínez, Porvenir Ad.",-53.25361,-70.32611,1019.6166666666667
2000-07-12,550001.0,"Guardiamarina Zañartu, Pto Williams Ad.",-54.93167,-67.61556,1018.8777777777777
2000-07-12,950001.0,"C.M.A. Eduardo Frei Montalva, Antártica ",-62.19194,-58.97972,1018.2625
2000-07-13,180005.0,"Chacalluta, Arica Ap.",-18.35555,-70.34028,1010.1583333333333
2000-07-13,200006.0,Diego Aracena Iquique Ap.,-20.54917,-70.18111,1010.475
2000-07-13,220002.0,"El Loa, Calama Ad.",-22.49806,-68.8925,777.3875
2000-07-13,270001.0,Mataveri  Isla de Pascua Ap.,-27.15889,-109.4325,1010.8333333333334
2000-07-13,290004.0,"La Florida, La Serena Ad.",-29.91444,-71.20667,998.3833333333334
2000-07-13,330020.0,"Quinta Normal, Santiago",-33.445,-70.68278,956.9200000000001
2000-07-13,330021.0,Pudahuel Santiago ,-33.37833,-70.78778,962.775
2000-07-13,330030.0,"Santo Domingo, Ad.",-33.65611,-71.61333,1008.5538461538462
2000-07-13,330031.0,"Juan Fernández, Estación Meteorológica.",-33.63583,-78.83305,1020.32
2000-07-13,340031.0,"General Freire, Curicó Ad.",-34.96944,-71.21694,992.0307692307692
2000-07-13,360011.0,"General Bernardo O'Higgins, Chillán Ad.",-36.58583,-72.03667,1002.0769230769231
2000-07-13,360019.0,"Carriel Sur, Concepción Ap.",-36.78055,-73.06639,1021.25
2000-07-13,380013.0,"Maquehue, Temuco Ad.",-38.76778,-72.63194,1011.8560000000001
2000-07-13,390006.0,"Pichoy, Valdivia Ad.",-39.65667,-73.08722,1017.9615384615385
2000-07-13,400009.0,"Cañal Bajo,  Osorno Ad.",-40.61444,-73.0575,1012.7615384615384
2000-07-13,410005.0,El Tepual  Puerto Montt Ap.,-41.4475,-73.09583,1012.6375
2000-07-13,430001.0,Quellón Ad.,-43.13361,-73.63278,1015.5
2000-07-13,430002.0,Futaleufú Ad.,-43.18889,-71.85222,979.3
2000-07-13,450001.0,Puerto Aysén Ad.,-45.39944,-72.67722,1018.3
2000-07-13,450004.0,"Teniente Vidal, Coyhaique Ad.",-45.59083,-72.10222,980.8307692307692
2000-07-13,450005.0,Balmaceda Ad.,-45.91833,-71.67778,957.1916666666666
2000-07-13,520006.0,"Carlos Ibañez, Punta Arenas Ap.",-53.00167,-70.83861,1015.175
2000-07-13,530005.0,"Fuentes Martínez, Porvenir Ad.",-53.25361,-70.32611,1015.4166666666666
2000-07-13,550001.0,"Guardiamarina Zañartu, Pto Williams Ad.",-54.93167,-67.61556,1015.2555555555555
2000-07-13,950001.0,"C.M.A. Eduardo Frei Montalva, Antártica ",-62.19194,-58.97972,1006.75
2000-07-14,180005.0,"Chacalluta, Arica Ap.",-18.35555,-70.34028,1011.6666666666666
2000-07-14,200006.0,Diego Aracena Iquique Ap.,-20.54917,-70.18111,1012.3625
2000-07-14,220002.0,"El Loa, Calama Ad.",-22.49806,-68.8925,778.1
2000-07-14,270001.0,Mataveri  Isla de Pascua Ap.,-27.15889,-109.4325,1013.0
2000-07-14,290004.0,"La Florida, La Serena Ad.",-29.91444,-71.20667,1002.3117647058823
2000-07-14,330020.0,"Quinta Normal, Santiago",-33.445,-70.68278,958.1200000000001
2000-07-14,330021.0,Pudahuel Santiago ,-33.37833,-70.78778,962.9375
2000-07-14,330030.0,"Santo Domingo, Ad.",-33.65611,-71.61333,1012.6076923076923
2000-07-14,330031.0,"Juan Fernández, Estación Meteorológica.",-33.63583,-78.83305,1020.86
2000-07-14,340031.0,"General Freire, Curicó Ad.",-34.96944,-71.21694,993.8615384615385
2000-07-14,360011.0,"General Bernardo O'Higgins, Chillán Ad.",-36.58583,-72.03667,1004.8692307692307
2000-07-14,360019.0,"Carriel Sur, Concepción Ap.",-36.78055,-73.06639,1020.85
2000-07-14,380013.0,"Maquehue, Temuco Ad.",-38.76778,-72.63194,1009.6374999999999
2000-07-14,390006.0,"Pichoy, Valdivia Ad.",-39.65667,-73.08722,1019.7933333333333
2000-07-14,400009.0,"Cañal Bajo,  Osorno Ad.",-40.61444,-73.0575,1015.5
2000-07-14,410005.0,El Tepual  Puerto Montt Ap.,-41.4475,-73.09583,1008.925
2000-07-14,430001.0,Quellón Ad.,-43.13361,-73.63278,1020.9
2000-07-14,430002.0,Futaleufú Ad.,-43.18889,-71.85222,984.8818181818183
2000-07-14,450001.0,Puerto Aysén Ad.,-45.39944,-72.67722,1025.225
2000-07-14,450004.0,"Teniente Vidal, Coyhaique Ad.",-45.59083,-72.10222,989.0615384615384
2000-07-14,450005.0,Balmaceda Ad.,-45.91833,-71.67778,961.3125
2000-07-14,520006.0,"Carlos Ibañez, Punta Arenas Ap.",-53.00167,-70.83861,1019.35
2000-07-14,530005.0,"Fuentes Martínez, Porvenir Ad.",-53.25361,-70.32611,1021.9166666666666
2000-07-14,550001.0,"Guardiamarina Zañartu, Pto Williams Ad.",-54.93167,-67.61556,1022.9375
2000-07-14,950001.0,"C.M.A. Eduardo Frei Montalva, Antártica ",-62.19194,-58.97972,1008.6625
2000-07-15,180005.0,"Chacalluta, Arica Ap.",-18.35555,-70.34028,1011.7416666666667
2000-07-15,200006.0,Diego Aracena Iquique Ap.,-20.54917,-70.18111,1012.475
2000-07-15,220002.0,"El Loa, Calama Ad.",-22.49806,-68.8925,778.70625
2000-07-15,270001.0,Mataveri  Isla de Pascua Ap.,-27.15889,-109.4325,1013.6999999999999
2000-07-15,290004.0,"La Florida, La Serena Ad.",-29.91444,-71.20667,1002.8000000000001
2000-07-15,330020.0,"Quinta Normal, Santiago",-33.445,-70.68278,960.4799999999999
2000-07-15,330021.0,Pudahuel Santiago ,-33.37833,-70.78778,965.825
2000-07-15,330030.0,"Santo Domingo, Ad.",-33.65611,-71.61333,1013.5461538461539
2000-07-15,330031.0,"Juan Fernández, Estación Meteorológica.",-33.63583,-78.83305,1022.825
2000-07-15,340031.0,"General Freire, Curicó Ad.",-34.96944,-71.21694,996.5999999999999
2000-07-15,360011.0,"General Bernardo O'Higgins, Chillán Ad.",-36.58583,-72.03667,1006.4769230769232
2000-07-15,360019.0,"Carriel Sur, Concepción Ap.",-36.78055,-73.06639,1024.2125
2000-07-15,380013.0,"Maquehue, Temuco Ad.",-38.76778,-72.63194,1015.0407407407407
2000-07-15,390006.0,"Pichoy, Valdivia Ad.",-39.65667,-73.08722,1024.5357142857142
2000-07-15,400009.0,"Cañal Bajo,  Osorno Ad.",-40.61444,-73.0575,1020.2230769230769
2000-07-15,410005.0,El Tepual  Puerto Montt Ap.,-41.4475,-73.09583,1016.6375
2000-07-15,430001.0,Quellón Ad.,-43.13361,-73.63278,1023.1750000000001
2000-07-15,430002.0,Futaleufú Ad.,-43.18889,-71.85222,986.2
2000-07-15,450004.0,"Teniente Vidal, Coyhaique Ad.",-45.59083,-72.10222,987.4615384615385
2000-07-15,450005.0,Balmaceda Ad.,-45.91833,-71.67778,963.0041666666666
2000-07-15,520006.0,"Carlos Ibañez, Punta Arenas Ap.",-53.00167,-70.83861,1014.125
2000-07-15,530005.0,"Fuentes Martínez, Porvenir Ad.",-53.25361,-70.32611,1010.9666666666667
2000-07-15,950001.0,"C.M.A. Eduardo Frei Montalva, Antártica ",-62.19194,-58.97972,1010.3375
2000-07-16,180005.0,"Chacalluta, Arica Ap.",-18.35555,-70.34028,1009.2166666666667
2000-07-16,200006.0,Diego Aracena Iquique Ap.,-20.54917,-70.18111,1009.7875
2000-07-16,220002.0,"El Loa, Calama Ad.",-22.49806,-68.8925,776.0833333333334
2000-07-16,270001.0,Mataveri  Isla de Pascua Ap.,-27.15889,-109.4325,1012.6
2000-07-16,290004.0,"La Florida, La Serena Ad.",-29.91444,-71.20667,995.8086956521738
2000-07-16,330020.0,"Quinta Normal, Santiago",-33.445,-70.68278,955.54
2000-07-16,330021.0,Pudahuel Santiago ,-33.37833,-70.78778,961.3
2000-07-16,330030.0,"Santo Domingo, Ad.",-33.65611,-71.61333,1007.0769230769231
2000-07-16,330031.0,"Juan Fernández, Estación Meteorológica.",-33.63583,-78.83305,1019.1
2000-07-16,340031.0,"General Freire, Curicó Ad.",-34.96944,-71.21694,989.8692307692307
2000-07-16,360011.0,"General Bernardo O'Higgins, Chillán Ad.",-36.58583,-72.03667,999.5615384615384
2000-07-16,360019.0,"Carriel Sur, Concepción Ap.",-36.78055,-73.06639,1018.8
2000-07-16,380013.0,"Maquehue, Temuco Ad.",-38.76778,-72.63194,1010.332
2000-07-16,390006.0,"Pichoy, Valdivia Ad.",-39.65667,-73.08722,1017.0235294117648
2000-07-16,400009.0,"Cañal Bajo,  Osorno Ad.",-40.61444,-73.0575,1011.9076923076923
2000-07-16,410005.0,El Tepual  Puerto Montt Ap.,-41.4475,-73.09583,1010.8625
2000-07-16,430001.0,Quellón Ad.,-43.13361,-73.63278,1012.45
2000-07-16,430002.0,Futaleufú Ad.,-43.18889,-71.85222,973.5545454545455
2000-07-16,450004.0,"Teniente Vidal, Coyhaique Ad.",-45.59083,-72.10222,971.0999999999999
2000-07-16,450005.0,Balmaceda Ad.,-45.91833,-71.67778,948.6458333333334
2000-07-16,520006.0,"Carlos Ibañez, Punta Arenas Ap.",-53.00167,-70.83861,1000.1125
2000-07-16,950001.0,"C.M.A. Eduardo Frei Montalva, Antártica ",-62.19194,-58.97972,998.1
2000-07-17,180005.0,"Chacalluta, Arica Ap.",-18.35555,-70.34028,1011.3000000000001
2000-07-17,200006.0,Diego Aracena Iquique Ap.,-20.54917,-70.18111,1011.95
2000-07-17,220002.0,"El Loa, Calama Ad.",-22.49806,-68.8925,776.5117647058823
2000-07-17,270001.0,Mataveri  Isla de Pascua Ap.,-27.15889,-109.4325,1011.5500000000001
2000-07-17,290004.0,"La Florida, La Serena Ad.",-29.91444,-71.20667,999.3117647058823
2000-07-17,330020.0,"Quinta Normal, Santiago",-33.445,-70.68278,956.54
2000-07-17,330021.0,Pudahuel Santiago ,-33.37833,-70.78778,961.025
2000-07-17,330030.0,"Santo Domingo, Ad.",-33.65611,-71.61333,1010.7384615384616
2000-07-17,330031.0,"Juan Fernández, Estación Meteorológica.",-33.63583,-78.83305,1019.14
2000-07-17,340031.0,"General Freire, Curicó Ad.",-34.96944,-71.21694,992.9384615384616
2000-07-17,360011.0,"General Bernardo O'Higgins, Chillán Ad.",-36.58583,-72.03667,1002.4692307692308
2000-07-17,360019.0,"Carriel Sur, Concepción Ap.",-36.78055,-73.06639,1019.05
2000-07-17,380013.0,"Maquehue, Temuco Ad.",-38.76778,-72.63194,1010.5416666666666
2000-07-17,390006.0,"Pichoy, Valdivia Ad.",-39.65667,-73.08722,1022.7692307692307
2000-07-17,400009.0,"Cañal Bajo,  Osorno Ad.",-40.61444,-73.0575,1018.5153846153846
2000-07-17,410005.0,El Tepual  Puerto Montt Ap.,-41.4475,-73.09583,1011.55
2000-07-17,430001.0,Quellón Ad.,-43.13361,-73.63278,1022.8
2000-07-17,430002.0,Futaleufú Ad.,-43.18889,-71.85222,981.7363636363636
2000-07-17,450001.0,Puerto Aysén Ad.,-45.39944,-72.67722,1022.25
2000-07-17,450004.0,"Teniente Vidal, Coyhaique Ad.",-45.59083,-72.10222,982.9307692307692
2000-07-17,450005.0,Balmaceda Ad.,-45.91833,-71.67778,951.6833333333334
2000-07-17,520006.0,"Carlos Ibañez, Punta Arenas Ap.",-53.00167,-70.83861,1003.575
2000-07-17,530005.0,"Fuentes Martínez, Porvenir Ad.",-53.25361,-70.32611,1010.0583333333334
2000-07-17,550001.0,"Guardiamarina Zañartu, Pto Williams Ad.",-54.93167,-67.61556,1008.8666666666666
2000-07-17,950001.0,"C.M.A. Eduardo Frei Montalva, Antártica ",-62.19194,-58.97972,1002.9875
2000-07-18,180005.0,"Chacalluta, Arica Ap.",-18.35555,-70.34028,1012.5708333333333
2000-07-18,200006.0,Diego Aracena Iquique Ap.,-20.54917,-70.18111,1013.4125
2000-07-18,220002.0,"El Loa, Calama Ad.",-22.49806,-68.8925,777.46875
2000-07-18,270001.0,Mataveri  Isla de Pascua Ap.,-27.15889,-109.4325,1012.9333333333334
2000-07-18,290004.0,"La Florida, La Serena Ad.",-29.91444,-71.20667,1001.6529411764704
2000-07-18,330020.0,"Quinta Normal, Santiago",-33.445,-70.68278,959.0600000000001
2000-07-18,330021.0,Pudahuel Santiago ,-33.37833,-70.78778,964.75
2000-07-18,330030.0,"Santo Domingo, Ad.",-33.65611,-71.61333,1013.2538461538461
2000-07-18,330031.0,"Juan Fernández, Estación Meteorológica.",-33.63583,-78.83305,1023.72
2000-07-18,340031.0,"General Freire, Curicó Ad.",-34.96944,-71.21694,996.4076923076923
2000-07-18,360011.0,"General Bernardo O'Higgins, Chillán Ad.",-36.58583,-72.03667,1007.0923076923077
2000-07-18,360019.0,"Carriel Sur, Concepción Ap.",-36.78055,-73.06639,1024.6125
2000-07-18,380013.0,"Maquehue, Temuco Ad.",-38.76778,-72.63194,1017.1407407407407
2000-07-18,390006.0,"Pichoy, Valdivia Ad.",-39.65667,-73.08722,1026.6384615384616
2000-07-18,400009.0,"Cañal Bajo,  Osorno Ad.",-40.61444,-73.0575,1021.7461538461539
2000-07-18,410005.0,El Tepual  Puerto Montt Ap.,-41.4475,-73.09583,1019.475
2000-07-18,430001.0,Quellón Ad.,-43.13361,-73.63278,1027.175
2000-07-18,430002.0,Futaleufú Ad.,-43.18889,-71.85222,988.5090909090909
2000-07-18,450001.0,Puerto Aysén Ad.,-45.39944,-72.67722,1028.925
2000-07-18,450004.0,"Teniente Vidal, Coyhaique Ad.",-45.59083,-72.10222,991.6153846153846
2000-07-18,450005.0,Balmaceda Ad.,-45.91833,-71.67778,964.8916666666668
2000-07-18,520006.0,"Carlos Ibañez, Punta Arenas Ap.",-53.00167,-70.83861,1018.725
2000-07-18,530005.0,"Fuentes Martínez, Porvenir Ad.",-53.25361,-70.32611,1020.4250000000001
2000-07-18,550001.0,"Guardiamarina Zañartu, Pto Williams Ad.",-54.93167,-67.61556,1021.7444444444445
2000-07-18,950001.0,"C.M.A. Eduardo Frei Montalva, Antártica ",-62.19194,-58.97972,1008.35
2000-07-19,180005.0,"Chacalluta, Arica Ap.",-18.35555,-70.34028,1012.9541666666668
2000-07-19,200006.0,Diego Aracena Iquique Ap.,-20.54917,-70.18111,1013.85
2000-07-19,220002.0,"El Loa, Calama Ad.",-22.49806,-68.8925,778.0625
2000-07-19,270001.0,Mataveri  Isla de Pascua Ap.,-27.15889,-109.4325,1016.5166666666668
2000-07-19,290004.0,"La Florida, La Serena Ad.",-29.91444,-71.20667,1001.2692307692307
2000-07-19,330020.0,"Quinta Normal, Santiago",-33.445,-70.68278,960.76
2000-07-19,330021.0,Pudahuel Santiago ,-33.37833,-70.78778,966.45
2000-07-19,330030.0,"Santo Domingo, Ad.",-33.65611,-71.61333,1013.4076923076923
2000-07-19,330031.0,"Juan Fernández, Estación Meteorológica.",-33.63583,-78.83305,1023.6200000000001
2000-07-19,340031.0,"General Freire, Curicó Ad.",-34.96944,-71.21694,996.4769230769232
2000-07-19,360011.0,"General Bernardo O'Higgins, Chillán Ad.",-36.58583,-72.03667,1006.4846153846154
2000-07-19,360019.0,"Carriel Sur, Concepción Ap.",-36.78055,-73.06639,1024.8875
2000-07-19,380013.0,"Maquehue, Temuco Ad.",-38.76778,-72.63194,1015.0625
2000-07-19,390006.0,"Pichoy, Valdivia Ad.",-39.65667,-73.08722,1020.9933333333333
2000-07-19,400009.0,"Cañal Bajo,  Osorno Ad.",-40.61444,-73.0575,1015.3384615384615
2000-07-19,410005.0,El Tepual  Puerto Montt Ap.,-41.4475,-73.09583,1013.65
2000-07-19,430001.0,Quellón Ad.,-43.13361,-73.63278,1014.25
2000-07-19,430002.0,Futaleufú Ad.,-43.18889,-71.85222,975.4
2000-07-19,450001.0,Puerto Aysén Ad.,-45.39944,-72.67722,1012.775
2000-07-19,450004.0,"Teniente Vidal, Coyhaique Ad.",-45.59083,-72.10222,975.3846153846154
2000-07-19,450005.0,Balmaceda Ad.,-45.91833,-71.67778,952.5041666666666
2000-07-19,520006.0,"Carlos Ibañez, Punta Arenas Ap.",-53.00167,-70.83861,1006.525
2000-07-19,530005.0,"Fuentes Martínez, Porvenir Ad.",-53.25361,-70.32611,1002.1333333333333
2000-07-19,550001.0,"Guardiamarina Zañartu, Pto Williams Ad.",-54.93167,-67.61556,1005.3875
2000-07-19,950001.0,"C.M.A. Eduardo Frei Montalva, Antártica ",-62.19194,-58.97972,1008.125
2000-07-20,180005.0,"Chacalluta, Arica Ap.",-18.35555,-70.34028,1010.7666666666668
2000-07-20,200006.0,Diego Aracena Iquique Ap.,-20.54917,-70.18111,1011.6875
2000-07-20,220002.0,"El Loa, Calama Ad.",-22.49806,-68.8925,776.11875
2000-07-20,270001.0,Mataveri  Isla de Pascua Ap.,-27.15889,-109.4325,1017.8000000000001
2000-07-20,290004.0,"La Florida, La Serena Ad.",-29.91444,-71.20667,996.5681818181819
2000-07-20,330020.0,"Quinta Normal, Santiago",-33.445,-70.68278,956.4
2000-07-20,330021.0,Pudahuel Santiago ,-33.37833,-70.78778,961.8375
2000-07-20,330030.0,"Santo Domingo, Ad.",-33.65611,-71.61333,1008.9000000000001
2000-07-20,330031.0,"Juan Fernández, Estación Meteorológica.",-33.63583,-78.83305,1018.76
2000-07-20,340031.0,"General Freire, Curicó Ad.",-34.96944,-71.21694,990.2153846153846
2000-07-20,360011.0,"General Bernardo O'Higgins, Chillán Ad.",-36.58583,-72.03667,1000.1615384615385
2000-07-20,360019.0,"Carriel Sur, Concepción Ap.",-36.78055,-73.06639,1018.15
2000-07-20,380013.0,"Maquehue, Temuco Ad.",-38.76778,-72.63194,1006.975
2000-07-20,390006.0,"Pichoy, Valdivia Ad.",-39.65667,-73.08722,1014.8538461538462
2000-07-20,400009.0,"Cañal Bajo,  Osorno Ad.",-40.61444,-73.0575,1009.6692307692308
2000-07-20,410005.0,El Tepual  Puerto Montt Ap.,-41.4475,-73.09583,1004.9625
2000-07-20,430001.0,Quellón Ad.,-43.13361,-73.63278,1009.325
2000-07-20,430002.0,Futaleufú Ad.,-43.18889,-71.85222,969.3454545454545
2000-07-20,450001.0,Puerto Aysén Ad.,-45.39944,-72.67722,1008.2125
2000-07-20,450004.0,"Teniente Vidal, Coyhaique Ad.",-45.59083,-72.10222,971.6076923076923
2000-07-20,450005.0,Balmaceda Ad.,-45.91833,-71.67778,944.6625
2000-07-20,520006.0,"Carlos Ibañez, Punta Arenas Ap.",-53.00167,-70.83861,1002.8125
2000-07-20,530005.0,"Fuentes Martínez, Porvenir Ad.",-53.25361,-70.32611,1005.6307692307693
2000-07-20,550001.0,"Guardiamarina Zañartu, Pto Williams Ad.",-54.93167,-67.61556,1005.3399999999999
2000-07-20,950001.0,"C.M.A. Eduardo Frei Montalva, Antártica ",-62.19194,-58.97972,1006.0625
2000-07-21,180005.0,"Chacalluta, Arica Ap.",-18.35555,-70.34028,1011.0500000000001
2000-07-21,200006.0,Diego Aracena Iquique Ap.,-20.54917,-70.18111,1011.8625
2000-07-21,220002.0,"El Loa, Calama Ad.",-22.49806,-68.8925,774.89375
2000-07-21,270001.0,Mataveri  Isla de Pascua Ap.,-27.15889,-109.4325,1017.8166666666666
2000-07-21,290004.0,"La Florida, La Serena Ad.",-29.91444,-71.20667,998.6555555555556
2000-07-21,330020.0,"Quinta Normal, Santiago",-33.445,-70.68278,957.15
2000-07-21,330021.0,Pudahuel Santiago ,-33.37833,-70.78778,962.025
2000-07-21,330030.0,"Santo Domingo, Ad.",-33.65611,-71.61333,1012.4153846153846
2000-07-21,330031.0,"Juan Fernández, Estación Meteorológica.",-33.63583,-78.83305,1023.24
2000-07-21,340031.0,"General Freire, Curicó Ad.",-34.96944,-71.21694,993.8461538461538
2000-07-21,360011.0,"General Bernardo O'Higgins, Chillán Ad.",-36.58583,-72.03667,1004.3307692307692
2000-07-21,360019.0,"Carriel Sur, Concepción Ap.",-36.78055,-73.06639,1021.2375000000001
2000-07-21,380013.0,"Maquehue, Temuco Ad.",-38.76778,-72.63194,1010.5749999999999
2000-07-21,390006.0,"Pichoy, Valdivia Ad.",-39.65667,-73.08722,1020.4307692307692
2000-07-21,400009.0,"Cañal Bajo,  Osorno Ad.",-40.61444,-73.0575,1015.2076923076924
2000-07-21,410005.0,El Tepual  Puerto Montt Ap.,-41.4475,-73.09583,1009.1875
2000-07-21,430001.0,Quellón Ad.,-43.13361,-73.63278,1019.45
2000-07-21,430002.0,Futaleufú Ad.,-43.18889,-71.85222,974.6
2000-07-21,450001.0,Puerto Aysén Ad.,-45.39944,-72.67722,1020.3375
2000-07-21,450004.0,"Teniente Vidal, Coyhaique Ad.",-45.59083,-72.10222,982.3
2000-07-21,450005.0,Balmaceda Ad.,-45.91833,-71.67778,955.4375
2000-07-21,520006.0,"Carlos Ibañez, Punta Arenas Ap.",-53.00167,-70.83861,1010.275
2000-07-21,530005.0,"Fuentes Martínez, Porvenir Ad.",-53.25361,-70.32611,1010.4416666666666
2000-07-21,550001.0,"Guardiamarina Zañartu, Pto Williams Ad.",-54.93167,-67.61556,1013.125
2000-07-21,950001.0,"C.M.A. Eduardo Frei Montalva, Antártica ",-62.19194,-58.97972,1007.35
2000-07-22,180005.0,"Chacalluta, Arica Ap.",-18.35555,-70.34028,1014.0083333333333
2000-07-22,200006.0,Diego Aracena Iquique Ap.,-20.54917,-70.18111,1014.85
2000-07-22,220002.0,"El Loa, Calama Ad.",-22.49806,-68.8925,775.5875
2000-07-22,270001.0,Mataveri  Isla de Pascua Ap.,-27.15889,-109.4325,1017.9499999999999
2000-07-22,290004.0,"La Florida, La Serena Ad.",-29.91444,-71.20667,1006.6882352941177
2000-07-22,330020.0,"Quinta Normal, Santiago",-33.445,-70.68278,963.5
2000-07-22,330021.0,Pudahuel Santiago ,-33.37833,-70.78778,968.6125
2000-07-22,330030.0,"Santo Domingo, Ad.",-33.65611,-71.61333,1018.6538461538462
2000-07-22,330031.0,"Juan Fernández, Estación Meteorológica.",-33.63583,-78.83305,1026.925
2000-07-22,340031.0,"General Freire, Curicó Ad.",-34.96944,-71.21694,1001.1692307692308
2000-07-22,360011.0,"General Bernardo O'Higgins, Chillán Ad.",-36.58583,-72.03667,1011.3461538461538
2000-07-22,360019.0,"Carriel Sur, Concepción Ap.",-36.78055,-73.06639,1027.4875
2000-07-22,380013.0,"Maquehue, Temuco Ad.",-38.76778,-72.63194,1016.8458333333333
2000-07-22,390006.0,"Pichoy, Valdivia Ad.",-39.65667,-73.08722,1025.6615384615384
2000-07-22,400009.0,"Cañal Bajo,  Osorno Ad.",-40.61444,-73.0575,1018.9923076923077
2000-07-22,410005.0,El Tepual  Puerto Montt Ap.,-41.4475,-73.09583,1015.45
2000-07-22,430001.0,Quellón Ad.,-43.13361,-73.63278,1019.075
2000-07-22,430002.0,Futaleufú Ad.,-43.18889,-71.85222,973.5272727272727
2000-07-22,450004.0,"Teniente Vidal, Coyhaique Ad.",-45.59083,-72.10222,977.5846153846154
2000-07-22,450005.0,Balmaceda Ad.,-45.91833,-71.67778,953.0416666666666
2000-07-22,520006.0,"Carlos Ibañez, Punta Arenas Ap.",-53.00167,-70.83861,1003.575
2000-07-22,530005.0,"Fuentes Martínez, Porvenir Ad.",-53.25361,-70.32611,1000.0500000000001
2000-07-22,950001.0,"C.M.A. Eduardo Frei Montalva, Antártica ",-62.19194,-58.97972,1004.35
2000-07-23,180005.0,"Chacalluta, Arica Ap.",-18.35555,-70.34028,1010.9416666666666
2000-07-23,200006.0,Diego Aracena Iquique Ap.,-20.54917,-70.18111,1011.4875
2000-07-23,220002.0,"El Loa, Calama Ad.",-22.49806,-68.8925,777.0416666666666
2000-07-23,270001.0,Mataveri  Isla de Pascua Ap.,-27.15889,-109.4325,1016.9833333333332
2000-07-23,290004.0,"La Florida, La Serena Ad.",-29.91444,-71.20667,1002.3882352941175
2000-07-23,330020.0,"Quinta Normal, Santiago",-33.445,-70.68278,960.3399999999999
2000-07-23,330021.0,Pudahuel Santiago ,-33.37833,-70.78778,969.0625
2000-07-23,330030.0,"Santo Domingo, Ad.",-33.65611,-71.61333,1014.2461538461539
2000-07-23,330031.0,"Juan Fernández, Estación Meteorológica.",-33.63583,-78.83305,1024.5
2000-07-23,340031.0,"General Freire, Curicó Ad.",-34.96944,-71.21694,996.9230769230769
2000-07-23,360011.0,"General Bernardo O'Higgins, Chillán Ad.",-36.58583,-72.03667,1007.0307692307692
2000-07-23,360019.0,"Carriel Sur, Concepción Ap.",-36.78055,-73.06639,1027.35
2000-07-23,380013.0,"Maquehue, Temuco Ad.",-38.76778,-72.63194,1015.1708333333332
2000-07-23,390006.0,"Pichoy, Valdivia Ad.",-39.65667,-73.08722,1020.3307692307692
2000-07-23,400009.0,"Cañal Bajo,  Osorno Ad.",-40.61444,-73.0575,1013.6846153846153
2000-07-23,410005.0,El Tepual  Puerto Montt Ap.,-41.4475,-73.09583,1011.2125
2000-07-23,430001.0,Quellón Ad.,-43.13361,-73.63278,1013.4
2000-07-23,430002.0,Futaleufú Ad.,-43.18889,-71.85222,969.9090909090909
2000-07-23,450004.0,"Teniente Vidal, Coyhaique Ad.",-45.59083,-72.10222,974.3076923076923
2000-07-23,450005.0,Balmaceda Ad.,-45.91833,-71.67778,948.0583333333334
2000-07-23,520006.0,"Carlos Ibañez, Punta Arenas Ap.",-53.00167,-70.83861,993.575
2000-07-23,530005.0,"Fuentes Martínez, Porvenir Ad.",-53.25361,-70.32611,995.875
2000-07-23,950001.0,"C.M.A. Eduardo Frei Montalva, Antártica ",-62.19194,-58.97972,1001.95
2000-07-24,180005.0,"Chacalluta, Arica Ap.",-18.35555,-70.34028,1009.5625
2000-07-24,200006.0,Diego Aracena Iquique Ap.,-20.54917,-70.18111,1010.0125
2000-07-24,220002.0,"El Loa, Calama Ad.",-22.49806,-68.8925,776.9125
2000-07-24,270001.0,Mataveri  Isla de Pascua Ap.,-27.15889,-109.4325,1014.15
2000-07-24,290004.0,"La Florida, La Serena Ad.",-29.91444,-71.20667,998.7529411764706
2000-07-24,330020.0,"Quinta Normal, Santiago",-33.445,-70.68278,958.3799999999999
2000-07-24,330021.0,Pudahuel Santiago ,-33.37833,-70.78778,963.5
2000-07-24,330030.0,"Santo Domingo, Ad.",-33.65611,-71.61333,1011.3307692307692
2000-07-24,330031.0,"Juan Fernández, Estación Meteorológica.",-33.63583,-78.83305,1019.8
2000-07-24,340031.0,"General Freire, Curicó Ad.",-34.96944,-71.21694,993.5923076923077
2000-07-24,360011.0,"General Bernardo O'Higgins, Chillán Ad.",-36.58583,-72.03667,1003.7076923076924
2000-07-24,360019.0,"Carriel Sur, Concepción Ap.",-36.78055,-73.06639,1020.925
2000-07-24,380013.0,"Maquehue, Temuco Ad.",-38.76778,-72.63194,1010.2083333333334
2000-07-24,390006.0,"Pichoy, Valdivia Ad.",-39.65667,-73.08722,1020.823076923077
2000-07-24,400009.0,"Cañal Bajo,  Osorno Ad.",-40.61444,-73.0575,1015.3615384615385
2000-07-24,410005.0,El Tepual  Puerto Montt Ap.,-41.4475,-73.09583,1007.225
2000-07-24,430001.0,Quellón Ad.,-43.13361,-73.63278,1017.8
2000-07-24,430002.0,Futaleufú Ad.,-43.18889,-71.85222,970.7090909090908
2000-07-24,450001.0,Puerto Aysén Ad.,-45.39944,-72.67722,1014.1375
2000-07-24,450004.0,"Teniente Vidal, Coyhaique Ad.",-45.59083,-72.10222,975.4076923076923
2000-07-24,450005.0,Balmaceda Ad.,-45.91833,-71.67778,942.9791666666666
2000-07-24,520006.0,"Carlos Ibañez, Punta Arenas Ap.",-53.00167,-70.83861,992.625
2000-07-24,530005.0,"Fuentes Martínez, Porvenir Ad.",-53.25361,-70.32611,996.5
2000-07-24,550001.0,"Guardiamarina Zañartu, Pto Williams Ad.",-54.93167,-67.61556,994.6666666666666
2000-07-24,950001.0,"C.M.A. Eduardo Frei Montalva, Antártica ",-62.19194,-58.97972,1002.2875
2000-07-25,180005.0,"Chacalluta, Arica Ap.",-18.35555,-70.34028,1008.4499999999999
2000-07-25,200006.0,Diego Aracena Iquique Ap.,-20.54917,-70.18111,1008.95
2000-07-25,220002.0,"El Loa, Calama Ad.",-22.49806,-68.8925,776.78125
2000-07-25,270001.0,Mataveri  Isla de Pascua Ap.,-27.15889,-109.4325,1012.6666666666666
2000-07-25,290004.0,"La Florida, La Serena Ad.",-29.91444,-71.20667,994.532142857143
2000-07-25,330020.0,"Quinta Normal, Santiago",-33.445,-70.68278,955.9399999999999
2000-07-25,330021.0,Pudahuel Santiago ,-33.37833,-70.78778,962.025
2000-07-25,330030.0,"Santo Domingo, Ad.",-33.65611,-71.61333,1007.2461538461539
2000-07-25,330031.0,"Juan Fernández, Estación Meteorológica.",-33.63583,-78.83305,1017.64
2000-07-25,340031.0,"General Freire, Curicó Ad.",-34.96944,-71.21694,990.7384615384616
2000-07-25,360011.0,"General Bernardo O'Higgins, Chillán Ad.",-36.58583,-72.03667,1001.176923076923
2000-07-25,360019.0,"Carriel Sur, Concepción Ap.",-36.78055,-73.06639,1020.0625
2000-07-25,380013.0,"Maquehue, Temuco Ad.",-38.76778,-72.63194,1011.128
2000-07-25,390006.0,"Pichoy, Valdivia Ad.",-39.65667,-73.08722,1018.6714285714286
2000-07-25,400009.0,"Cañal Bajo,  Osorno Ad.",-40.61444,-73.0575,1013.8142857142857
2000-07-25,410005.0,El Tepual  Puerto Montt Ap.,-41.4475,-73.09583,1012.5875
2000-07-25,430001.0,Quellón Ad.,-43.13361,-73.63278,1017.725
2000-07-25,430002.0,Futaleufú Ad.,-43.18889,-71.85222,974.2454545454547
2000-07-25,450001.0,Puerto Aysén Ad.,-45.39944,-72.67722,1017.5375
2000-07-25,450004.0,"Teniente Vidal, Coyhaique Ad.",-45.59083,-72.10222,980.2307692307693
2000-07-25,450005.0,Balmaceda Ad.,-45.91833,-71.67778,954.7916666666666
2000-07-25,520006.0,"Carlos Ibañez, Punta Arenas Ap.",-53.00167,-70.83861,1000.8625
2000-07-25,530005.0,"Fuentes Martínez, Porvenir Ad.",-53.25361,-70.32611,1000.1750000000001
2000-07-25,550001.0,"Guardiamarina Zañartu, Pto Williams Ad.",-54.93167,-67.61556,994.7111111111111
2000-07-25,950001.0,"C.M.A. Eduardo Frei Montalva, Antártica ",-62.19194,-58.97972,997.3625
2000-07-26,180005.0,"Chacalluta, Arica Ap.",-18.35555,-70.34028,1007.8416666666667
2000-07-26,200006.0,Diego Aracena Iquique Ap.,-20.54917,-70.18111,1008.375
2000-07-26,220002.0,"El Loa, Calama Ad.",-22.49806,-68.8925,776.1125
2000-07-26,270001.0,Mataveri  Isla de Pascua Ap.,-27.15889,-109.4325,1009.7833333333333
2000-07-26,290004.0,"La Florida, La Serena Ad.",-29.91444,-71.20667,995.6363636363636
2000-07-26,330020.0,"Quinta Normal, Santiago",-33.445,-70.68278,953.5200000000001
2000-07-26,330021.0,Pudahuel Santiago ,-33.37833,-70.78778,958.65
2000-07-26,330030.0,"Santo Domingo, Ad.",-33.65611,-71.61333,1006.5384615384615
2000-07-26,330031.0,"Juan Fernández, Estación Meteorológica.",-33.63583,-78.83305,1015.9399999999999
2000-07-26,340031.0,"General Freire, Curicó Ad.",-34.96944,-71.21694,989.2846153846154
2000-07-26,360011.0,"General Bernardo O'Higgins, Chillán Ad.",-36.58583,-72.03667,999.5538461538462
2000-07-26,360019.0,"Carriel Sur, Concepción Ap.",-36.78055,-73.06639,1016.85
2000-07-26,380013.0,"Maquehue, Temuco Ad.",-38.76778,-72.63194,1008.0
2000-07-26,390006.0,"Pichoy, Valdivia Ad.",-39.65667,-73.08722,1016.5615384615384
2000-07-26,400009.0,"Cañal Bajo,  Osorno Ad.",-40.61444,-73.0575,1010.4769230769232
2000-07-26,410005.0,El Tepual  Puerto Montt Ap.,-41.4475,-73.09583,1005.8125
2000-07-26,430001.0,Quellón Ad.,-43.13361,-73.63278,1010.0250000000001
2000-07-26,430002.0,Futaleufú Ad.,-43.18889,-71.85222,965.8909090909091
2000-07-26,450001.0,Puerto Aysén Ad.,-45.39944,-72.67722,1005.9
2000-07-26,450004.0,"Teniente Vidal, Coyhaique Ad.",-45.59083,-72.10222,970.6153846153846
2000-07-26,450005.0,Balmaceda Ad.,-45.91833,-71.67778,945.7583333333333
2000-07-26,520006.0,"Carlos Ibañez, Punta Arenas Ap.",-53.00167,-70.83861,988.775
2000-07-26,530005.0,"Fuentes Martínez, Porvenir Ad.",-53.25361,-70.32611,985.1083333333332
2000-07-26,550001.0,"Guardiamarina Zañartu, Pto Williams Ad.",-54.93167,-67.61556,981.4000000000001
2000-07-26,950001.0,"C.M.A. Eduardo Frei Montalva, Antártica ",-62.19194,-58.97972,991.625
2000-07-27,180005.0,"Chacalluta, Arica Ap.",-18.35555,-70.34028,1009.8375
2000-07-27,200006.0,Diego Aracena Iquique Ap.,-20.54917,-70.18111,1010.5125
2000-07-27,220002.0,"El Loa, Calama Ad.",-22.49806,-68.8925,776.8875
2000-07-27,270001.0,Mataveri  Isla de Pascua Ap.,-27.15889,-109.4325,1010.15
2000-07-27,290004.0,"La Florida, La Serena Ad.",-29.91444,-71.20667,1000.270588235294
2000-07-27,330020.0,"Quinta Normal, Santiago",-33.445,-70.68278,957.325
2000-07-27,330021.0,Pudahuel Santiago ,-33.37833,-70.78778,962.1875
2000-07-27,330030.0,"Santo Domingo, Ad.",-33.65611,-71.61333,1010.3461538461538
2000-07-27,330031.0,"Juan Fernández, Estación Meteorológica.",-33.63583,-78.83305,1021.54
2000-07-27,340031.0,"General Freire, Curicó Ad.",-34.96944,-71.21694,993.9000000000001
2000-07-27,360011.0,"General Bernardo O'Higgins, Chillán Ad.",-36.58583,-72.03667,1003.8692307692307
2000-07-27,360019.0,"Carriel Sur, Concepción Ap.",-36.78055,-73.06639,1021.95
2000-07-27,380013.0,"Maquehue, Temuco Ad.",-38.76778,-72.63194,1014.4416666666666
2000-07-27,390006.0,"Pichoy, Valdivia Ad.",-39.65667,-73.08722,1025.1692307692308
2000-07-27,400009.0,"Cañal Bajo,  Osorno Ad.",-40.61444,-73.0575,1016.7846153846154
2000-07-27,410005.0,El Tepual  Puerto Montt Ap.,-41.4475,-73.09583,1015.2875
2000-07-27,430001.0,Quellón Ad.,-43.13361,-73.63278,1022.2
2000-07-27,430002.0,Futaleufú Ad.,-43.18889,-71.85222,976.5909090909091
2000-07-27,450001.0,Puerto Aysén Ad.,-45.39944,-72.67722,1017.2375
2000-07-27,450004.0,"Teniente Vidal, Coyhaique Ad.",-45.59083,-72.10222,978.7769230769231
2000-07-27,450005.0,Balmaceda Ad.,-45.91833,-71.67778,951.4291666666667
2000-07-27,520006.0,"Carlos Ibañez, Punta Arenas Ap.",-53.00167,-70.83861,989.875
2000-07-27,530005.0,"Fuentes Martínez, Porvenir Ad.",-53.25361,-70.32611,989.4666666666667
2000-07-27,550001.0,"Guardiamarina Zañartu, Pto Williams Ad.",-54.93167,-67.61556,989.6999999999999
2000-07-27,950001.0,"C.M.A. Eduardo Frei Montalva, Antártica ",-62.19194,-58.97972,985.6875
2000-07-28,180005.0,"Chacalluta, Arica Ap.",-18.35555,-70.34028,1010.7208333333333
2000-07-28,200006.0,Diego Aracena Iquique Ap.,-20.54917,-70.18111,1011.4
2000-07-28,220002.0,"El Loa, Calama Ad.",-22.49806,-68.8925,777.325
2000-07-28,270001.0,Mataveri  Isla de Pascua Ap.,-27.15889,-109.4325,1013.6
2000-07-28,290004.0,"La Florida, La Serena Ad.",-29.91444,-71.20667,1000.8294117647058
2000-07-28,330020.0,"Quinta Normal, Santiago",-33.445,-70.68278,955.9200000000001
2000-07-28,330021.0,Pudahuel Santiago ,-33.37833,-70.78778,961.725
2000-07-28,330030.0,"Santo Domingo, Ad.",-33.65611,-71.61333,1008.8538461538462
2000-07-28,330031.0,"Juan Fernández, Estación Meteorológica.",-33.63583,-78.83305,1021.54
2000-07-28,340031.0,"General Freire, Curicó Ad.",-34.96944,-71.21694,991.9000000000001
2000-07-28,360011.0,"General Bernardo O'Higgins, Chillán Ad.",-36.58583,-72.03667,1001.9538461538461
2000-07-28,360019.0,"Carriel Sur, Concepción Ap.",-36.78055,-73.06639,1021.2125
2000-07-28,380013.0,"Maquehue, Temuco Ad.",-38.76778,-72.63194,1013.8760000000001
2000-07-28,390006.0,"Pichoy, Valdivia Ad.",-39.65667,-73.08722,1022.9214285714286
2000-07-28,400009.0,"Cañal Bajo,  Osorno Ad.",-40.61444,-73.0575,1018.4499999999999
2000-07-28,410005.0,El Tepual  Puerto Montt Ap.,-41.4475,-73.09583,1017.0875
2000-07-28,430001.0,Quellón Ad.,-43.13361,-73.63278,1023.0
2000-07-28,430002.0,Futaleufú Ad.,-43.18889,-71.85222,977.0272727272727
2000-07-28,450001.0,Puerto Aysén Ad.,-45.39944,-72.67722,1020.6875
2000-07-28,450004.0,"Teniente Vidal, Coyhaique Ad.",-45.59083,-72.10222,982.1846153846153
2000-07-28,450005.0,Balmaceda Ad.,-45.91833,-71.67778,952.3375
2000-07-28,520006.0,"Carlos Ibañez, Punta Arenas Ap.",-53.00167,-70.83861,991.5125
2000-07-28,530005.0,"Fuentes Martínez, Porvenir Ad.",-53.25361,-70.32611,995.6
2000-07-28,550001.0,"Guardiamarina Zañartu, Pto Williams Ad.",-54.93167,-67.61556,990.4125
2000-07-28,950001.0,"C.M.A. Eduardo Frei Montalva, Antártica ",-62.19194,-58.97972,976.625
2000-07-29,180005.0,"Chacalluta, Arica Ap.",-18.35555,-70.34028,1009.5708333333333
2000-07-29,200006.0,Diego Aracena Iquique Ap.,-20.54917,-70.18111,1010.05
2000-07-29,220002.0,"El Loa, Calama Ad.",-22.49806,-68.8925,777.23125
2000-07-29,270001.0,Mataveri  Isla de Pascua Ap.,-27.15889,-109.4325,1013.7833333333333
2000-07-29,290004.0,"La Florida, La Serena Ad.",-29.91444,-71.20667,1000.6277777777777
2000-07-29,330020.0,"Quinta Normal, Santiago",-33.445,-70.68278,956.04
2000-07-29,330021.0,Pudahuel Santiago ,-33.37833,-70.78778,960.975
2000-07-29,330030.0,"Santo Domingo, Ad.",-33.65611,-71.61333,1010.6307692307693
2000-07-29,330031.0,"Juan Fernández, Estación Meteorológica.",-33.63583,-78.83305,1017.85
2000-07-29,340031.0,"General Freire, Curicó Ad.",-34.96944,-71.21694,991.0846153846154
2000-07-29,360011.0,"General Bernardo O'Higgins, Chillán Ad.",-36.58583,-72.03667,1000.446153846154
2000-07-29,360019.0,"Carriel Sur, Concepción Ap.",-36.78055,-73.06639,1017.125
2000-07-29,380013.0,"Maquehue, Temuco Ad.",-38.76778,-72.63194,1007.432
2000-07-29,390006.0,"Pichoy, Valdivia Ad.",-39.65667,-73.08722,1015.5846153846154
2000-07-29,400009.0,"Cañal Bajo,  Osorno Ad.",-40.61444,-73.0575,1009.9571428571428
2000-07-29,410005.0,El Tepual  Puerto Montt Ap.,-41.4475,-73.09583,1007.9
2000-07-29,430002.0,Futaleufú Ad.,-43.18889,-71.85222,970.8272727272728
2000-07-29,450004.0,"Teniente Vidal, Coyhaique Ad.",-45.59083,-72.10222,972.6846153846153
2000-07-29,450005.0,Balmaceda Ad.,-45.91833,-71.67778,950.8208333333333
2000-07-29,520006.0,"Carlos Ibañez, Punta Arenas Ap.",-53.00167,-70.83861,994.4625
2000-07-29,530005.0,"Fuentes Martínez, Porvenir Ad.",-53.25361,-70.32611,993.7583333333333
2000-07-29,950001.0,"C.M.A. Eduardo Frei Montalva, Antártica ",-62.19194,-58.97972,981.2125
2000-07-30,180005.0,"Chacalluta, Arica Ap.",-18.35555,-70.34028,1010.2041666666668
2000-07-30,200006.0,Diego Aracena Iquique Ap.,-20.54917,-70.18111,1010.55
2000-07-30,220002.0,"El Loa, Calama Ad.",-22.49806,-68.8925,776.5583333333334
2000-07-30,270001.0,Mataveri  Isla de Pascua Ap.,-27.15889,-109.4325,1012.15
2000-07-30,290004.0,"La Florida, La Serena Ad.",-29.91444,-71.20667,1000.2045454545455
2000-07-30,330020.0,"Quinta Normal, Santiago",-33.445,-70.68278,956.96
2000-07-30,330021.0,Pudahuel Santiago ,-33.37833,-70.78778,962.35
2000-07-30,330030.0,"Santo Domingo, Ad.",-33.65611,-71.61333,1010.4000000000001
2000-07-30,330031.0,"Juan Fernández, Estación Meteorológica.",-33.63583,-78.83305,1015.0
2000-07-30,340031.0,"General Freire, Curicó Ad.",-34.96944,-71.21694,991.5428571428572
2000-07-30,360011.0,"General Bernardo O'Higgins, Chillán Ad.",-36.58583,-72.03667,1001.3692307692307
2000-07-30,360019.0,"Carriel Sur, Concepción Ap.",-36.78055,-73.06639,1018.6
2000-07-30,380013.0,"Maquehue, Temuco Ad.",-38.76778,-72.63194,1006.6708333333332
2000-07-30,390006.0,"Pichoy, Valdivia Ad.",-39.65667,-73.08722,1011.8928571428571
2000-07-30,400009.0,"Cañal Bajo,  Osorno Ad.",-40.61444,-73.0575,1004.5538461538462
2000-07-30,410005.0,El Tepual  Puerto Montt Ap.,-41.4475,-73.09583,1000.1375
2000-07-30,430002.0,Futaleufú Ad.,-43.18889,-71.85222,957.9
2000-07-30,450004.0,"Teniente Vidal, Coyhaique Ad.",-45.59083,-72.10222,952.5999999999999
2000-07-30,450005.0,Balmaceda Ad.,-45.91833,-71.67778,931.4208333333332
2000-07-30,520006.0,"Carlos Ibañez, Punta Arenas Ap.",-53.00167,-70.83861,968.625
2000-07-30,950001.0,"C.M.A. Eduardo Frei Montalva, Antártica ",-62.19194,-58.97972,977.3875
2000-07-31,180005.0,"Chacalluta, Arica Ap.",-18.35555,-70.34028,1010.9166666666666
2000-07-31,200006.0,Diego Aracena Iquique Ap.,-20.54917,-70.18111,1011.5875
2000-07-31,220002.0,"El Loa, Calama Ad.",-22.49806,-68.8925,776.4866666666666
2000-07-31,270001.0,Mataveri  Isla de Pascua Ap.,-27.15889,-109.4325,1013.1999999999999
2000-07-31,290004.0,"La Florida, La Serena Ad.",-29.91444,-71.20667,1001.3411764705882
2000-07-31,330020.0,"Quinta Normal, Santiago",-33.445,-70.68278,955.825
2000-07-31,330021.0,Pudahuel Santiago ,-33.37833,-70.78778,960.95
2000-07-31,330030.0,"Santo Domingo, Ad.",-33.65611,-71.61333,1010.7846153846154
2000-07-31,330031.0,"Juan Fernández, Estación Meteorológica.",-33.63583,-78.83305,1011.3
2000-07-31,340031.0,"General Freire, Curicó Ad.",-34.96944,-71.21694,990.8692307692307
2000-07-31,360011.0,"General Bernardo O'Higgins, Chillán Ad.",-36.58583,-72.03667,999.7538461538461
2000-07-31,360019.0,"Carriel Sur, Concepción Ap.",-36.78055,-73.06639,1015.65
2000-07-31,380013.0,"Maquehue, Temuco Ad.",-38.76778,-72.63194,1001.3791666666666
2000-07-31,390006.0,"Pichoy, Valdivia Ad.",-39.65667,-73.08722,1004.676923076923
2000-07-31,400009.0,"Cañal Bajo,  Osorno Ad.",-40.61444,-73.0575,998.0538461538462
2000-07-31,410005.0,El Tepual  Puerto Montt Ap.,-41.4475,-73.09583,994.6875
2000-07-31,430001.0,Quellón Ad.,-43.13361,-73.63278,1000.775
2000-07-31,430002.0,Futaleufú Ad.,-43.18889,-71.85222,961.7090909090908
2000-07-31,450001.0,Puerto Aysén Ad.,-45.39944,-72.67722,999.1999999999999
2000-07-31,450004.0,"Teniente Vidal, Coyhaique Ad.",-45.59083,-72.10222,961.9769230769232
2000-07-31,450005.0,Balmaceda Ad.,-45.91833,-71.67778,934.2208333333333
2000-07-31,520006.0,"Carlos Ibañez, Punta Arenas Ap.",-53.00167,-70.83861,968.825
2000-07-31,530005.0,"Fuentes Martínez, Porvenir Ad.",-53.25361,-70.32611,974.475
2000-07-31,550001.0,"Guardiamarina Zañartu, Pto Williams Ad.",-54.93167,-67.61556,969.4571428571428
2000-07-31,950001.0,"C.M.A. Eduardo Frei Montalva, Antártica ",-62.19194,-58.97972,959.7875
2000-08-01,180005.0,"Chacalluta, Arica Ap.",-18.35555,-70.34028,1011.7583333333333
2000-08-01,200006.0,Diego Aracena Iquique Ap.,-20.54917,-70.18111,1012.1875
2000-08-01,220002.0,"El Loa, Calama Ad.",-22.49806,-68.8925,777.025
2000-08-01,270001.0,Mataveri  Isla de Pascua Ap.,-27.15889,-109.4325,1009.6
2000-08-01,290004.0,"La Florida, La Serena Ad.",-29.91444,-71.20667,1003.4529411764706
2000-08-01,330020.0,"Quinta Normal, Santiago",-33.445,-70.68278,959.8
2000-08-01,330021.0,Pudahuel Santiago ,-33.37833,-70.78778,964.5625
2000-08-01,330030.0,"Santo Domingo, Ad.",-33.65611,-71.61333,1014.3692307692307
2000-08-01,330031.0,"Juan Fernández, Estación Meteorológica.",-33.63583,-78.83305,1019.24
2000-08-01,340031.0,"General Freire, Curicó Ad.",-34.96944,-71.21694,995.3076923076923
2000-08-01,360011.0,"General Bernardo O'Higgins, Chillán Ad.",-36.58583,-72.03667,1005.1846153846153
2000-08-01,360019.0,"Carriel Sur, Concepción Ap.",-36.78055,-73.06639,1020.1239999999999
2000-08-01,380013.0,"Maquehue, Temuco Ad.",-38.76778,-72.63194,1010.0416666666666
2000-08-01,390006.0,"Pichoy, Valdivia Ad.",-39.65667,-73.08722,1021.1923076923077
2000-08-01,400009.0,"Cañal Bajo,  Osorno Ad.",-40.61444,-73.0575,1015.5384615384615
2000-08-01,410005.0,El Tepual  Puerto Montt Ap.,-41.4475,-73.09583,1007.9375
2000-08-01,430001.0,Quellón Ad.,-43.13361,-73.63278,1017.6
2000-08-01,430002.0,Futaleufú Ad.,-43.18889,-71.85222,976.3363636363637
2000-08-01,450001.0,Puerto Aysén Ad.,-45.39944,-72.67722,1012.9
2000-08-01,450004.0,"Teniente Vidal, Coyhaique Ad.",-45.59083,-72.10222,973.3384615384615
2000-08-01,450005.0,Balmaceda Ad.,-45.91833,-71.67778,942.4041666666667
2000-08-01,520006.0,"Carlos Ibañez, Punta Arenas Ap.",-53.00167,-70.83861,978.325
2000-08-01,530005.0,"Fuentes Martínez, Porvenir Ad.",-53.25361,-70.32611,980.2666666666668
2000-08-01,550001.0,"Guardiamarina Zañartu, Pto Williams Ad.",-54.93167,-67.61556,974.3249999999999
2000-08-01,950001.0,"C.M.A. Eduardo Frei Montalva, Antártica ",-62.19194,-58.97972,968.825
2000-08-02,180005.0,"Chacalluta, Arica Ap.",-18.35555,-70.34028,1010.3083333333334
2000-08-02,200006.0,Diego Aracena Iquique Ap.,-20.54917,-70.18111,1011.025
2000-08-02,220002.0,"El Loa, Calama Ad.",-22.49806,-68.8925,774.6375
2000-08-02,270001.0,Mataveri  Isla de Pascua Ap.,-27.15889,-109.4325,1013.2833333333333
2000-08-02,290004.0,"La Florida, La Serena Ad.",-29.91444,-71.20667,1000.2391304347826
2000-08-02,330020.0,"Quinta Normal, Santiago",-33.445,-70.68278,958.9749999999999
2000-08-02,330021.0,Pudahuel Santiago ,-33.37833,-70.78778,964.25
2000-08-02,330030.0,"Santo Domingo, Ad.",-33.65611,-71.61333,1010.0692307692308
2000-08-02,330031.0,"Juan Fernández, Estación Meteorológica.",-33.63583,-78.83305,1020.76
2000-08-02,340031.0,"General Freire, Curicó Ad.",-34.96944,-71.21694,993.1384615384615
2000-08-02,360011.0,"General Bernardo O'Higgins, Chillán Ad.",-36.58583,-72.03667,1003.1307692307693
2000-08-02,360019.0,"Carriel Sur, Concepción Ap.",-36.78055,-73.06639,1023.5333333333333
2000-08-02,380013.0,"Maquehue, Temuco Ad.",-38.76778,-72.63194,1015.936
2000-08-02,390006.0,"Pichoy, Valdivia Ad.",-39.65667,-73.08722,1024.79375
2000-08-02,400009.0,"Cañal Bajo,  Osorno Ad.",-40.61444,-73.0575,1020.3923076923077
2000-08-02,410005.0,El Tepual  Puerto Montt Ap.,-41.4475,-73.09583,1018.0375
2000-08-02,430001.0,Quellón Ad.,-43.13361,-73.63278,1024.85
2000-08-02,430002.0,Futaleufú Ad.,-43.18889,-71.85222,983.9818181818181
2000-08-02,450001.0,Puerto Aysén Ad.,-45.39944,-72.67722,1024.2
2000-08-02,450004.0,"Teniente Vidal, Coyhaique Ad.",-45.59083,-72.10222,985.5
2000-08-02,450005.0,Balmaceda Ad.,-45.91833,-71.67778,956.4250000000001
2000-08-02,520006.0,"Carlos Ibañez, Punta Arenas Ap.",-53.00167,-70.83861,998.5125
2000-08-02,530005.0,"Fuentes Martínez, Porvenir Ad.",-53.25361,-70.32611,1000.8416666666667
2000-08-02,550001.0,"Guardiamarina Zañartu, Pto Williams Ad.",-54.93167,-67.61556,1003.0
2000-08-02,950001.0,"C.M.A. Eduardo Frei Montalva, Antártica ",-62.19194,-58.97972,987.175
2000-08-03,180005.0,"Chacalluta, Arica Ap.",-18.35555,-70.34028,1009.975
2000-08-03,200006.0,Diego Aracena Iquique Ap.,-20.54917,-70.18111,1010.4125
2000-08-03,220002.0,"El Loa, Calama Ad.",-22.49806,-68.8925,775.65625
2000-08-03,270001.0,Mataveri  Isla de Pascua Ap.,-27.15889,-109.4325,1014.3666666666667
2000-08-03,290004.0,"La Florida, La Serena Ad.",-29.91444,-71.20667,999.7809523809525
2000-08-03,330020.0,"Quinta Normal, Santiago",-33.445,-70.68278,954.4799999999999
2000-08-03,330021.0,Pudahuel Santiago ,-33.37833,-70.78778,959.8625
2000-08-03,330030.0,"Santo Domingo, Ad.",-33.65611,-71.61333,1008.0999999999999
2000-08-03,330031.0,"Juan Fernández, Estación Meteorológica.",-33.63583,-78.83305,1014.32
2000-08-03,340031.0,"General Freire, Curicó Ad.",-34.96944,-71.21694,988.4000000000001
2000-08-03,360011.0,"General Bernardo O'Higgins, Chillán Ad.",-36.58583,-72.03667,998.5615384615384
2000-08-03,360019.0,"Carriel Sur, Concepción Ap.",-36.78055,-73.06639,1015.8125
2000-08-03,380013.0,"Maquehue, Temuco Ad.",-38.76778,-72.63194,1006.1519999999999
2000-08-03,390006.0,"Pichoy, Valdivia Ad.",-39.65667,-73.08722,1013.6846153846153
2000-08-03,400009.0,"Cañal Bajo,  Osorno Ad.",-40.61444,-73.0575,1009.0214285714285
2000-08-03,410005.0,El Tepual  Puerto Montt Ap.,-41.4475,-73.09583,1008.5375
2000-08-03,430001.0,Quellón Ad.,-43.13361,-73.63278,1009.275
2000-08-03,430002.0,Futaleufú Ad.,-43.18889,-71.85222,978.4909090909091
2000-08-03,450001.0,Puerto Aysén Ad.,-45.39944,-72.67722,1016.5875
2000-08-03,450004.0,"Teniente Vidal, Coyhaique Ad.",-45.59083,-72.10222,981.7846153846154
2000-08-03,450005.0,Balmaceda Ad.,-45.91833,-71.67778,958.4250000000001
2000-08-03,520006.0,"Carlos Ibañez, Punta Arenas Ap.",-53.00167,-70.83861,1013.5
2000-08-03,530005.0,"Fuentes Martínez, Porvenir Ad.",-53.25361,-70.32611,1010.8583333333332
2000-08-03,550001.0,"Guardiamarina Zañartu, Pto Williams Ad.",-54.93167,-67.61556,1012.4666666666667
2000-08-03,950001.0,"C.M.A. Eduardo Frei Montalva, Antártica ",-62.19194,-58.97972,990.575
2000-08-04,180005.0,"Chacalluta, Arica Ap.",-18.35555,-70.34028,1011.9083333333333
2000-08-04,200006.0,Diego Aracena Iquique Ap.,-20.54917,-70.18111,1012.4125
2000-08-04,220002.0,"El Loa, Calama Ad.",-22.49806,-68.8925,776.19375
2000-08-04,270001.0,Mataveri  Isla de Pascua Ap.,-27.15889,-109.4325,1013.5666666666666
2000-08-04,290004.0,"La Florida, La Serena Ad.",-29.91444,-71.20667,1002.5
2000-08-04,330020.0,"Quinta Normal, Santiago",-33.445,-70.68278,958.2
2000-08-04,330021.0,Pudahuel Santiago ,-33.37833,-70.78778,962.65
2000-08-04,330030.0,"Santo Domingo, Ad.",-33.65611,-71.61333,1012.323076923077
2000-08-04,330031.0,"Juan Fernández, Estación Meteorológica.",-33.63583,-78.83305,1014.72
2000-08-04,340031.0,"General Freire, Curicó Ad.",-34.96944,-71.21694,993.7692307692307
2000-08-04,360011.0,"General Bernardo O'Higgins, Chillán Ad.",-36.58583,-72.03667,1003.3307692307693
2000-08-04,360019.0,"Carriel Sur, Concepción Ap.",-36.78055,-73.06639,1018.1346153846154
2000-08-04,380013.0,"Maquehue, Temuco Ad.",-38.76778,-72.63194,1006.4208333333332
2000-08-04,390006.0,"Pichoy, Valdivia Ad.",-39.65667,-73.08722,1014.7769230769231
2000-08-04,400009.0,"Cañal Bajo,  Osorno Ad.",-40.61444,-73.0575,1008.5769230769231
2000-08-04,410005.0,El Tepual  Puerto Montt Ap.,-41.4475,-73.09583,1003.0375
2000-08-04,430001.0,Quellón Ad.,-43.13361,-73.63278,1006.725
2000-08-04,430002.0,Futaleufú Ad.,-43.18889,-71.85222,969.3363636363637
2000-08-04,450001.0,Puerto Aysén Ad.,-45.39944,-72.67722,1003.7625
2000-08-04,450004.0,"Teniente Vidal, Coyhaique Ad.",-45.59083,-72.10222,967.5999999999999
2000-08-04,450005.0,Balmaceda Ad.,-45.91833,-71.67778,943.2041666666668
2000-08-04,520006.0,"Carlos Ibañez, Punta Arenas Ap.",-53.00167,-70.83861,994.65
2000-08-04,530005.0,"Fuentes Martínez, Porvenir Ad.",-53.25361,-70.32611,989.9416666666666
2000-08-04,550001.0,"Guardiamarina Zañartu, Pto Williams Ad.",-54.93167,-67.61556,993.4666666666667
2000-08-04,950001.0,"C.M.A. Eduardo Frei Montalva, Antártica ",-62.19194,-58.97972,989.575
2000-08-05,180005.0,"Chacalluta, Arica Ap.",-18.35555,-70.34028,1012.9
2000-08-05,200006.0,Diego Aracena Iquique Ap.,-20.54917,-70.18111,1013.425
2000-08-05,220002.0,"El Loa, Calama Ad.",-22.49806,-68.8925,775.275
2000-08-05,270001.0,Mataveri  Isla de Pascua Ap.,-27.15889,-109.4325,1012.4666666666667
2000-08-05,290004.0,"La Florida, La Serena Ad.",-29.91444,-71.20667,1004.270588235294
2000-08-05,330020.0,"Quinta Normal, Santiago",-33.445,-70.68278,961.1200000000001
2000-08-05,330021.0,Pudahuel Santiago ,-33.37833,-70.78778,966.4125
2000-08-05,330030.0,"Santo Domingo, Ad.",-33.65611,-71.61333,1014.5692307692308
2000-08-05,330031.0,"Juan Fernández, Estación Meteorológica.",-33.63583,-78.83305,1015.65
2000-08-05,340031.0,"General Freire, Curicó Ad.",-34.96944,-71.21694,995.7615384615384
2000-08-05,360011.0,"General Bernardo O'Higgins, Chillán Ad.",-36.58583,-72.03667,1003.4076923076923
2000-08-05,360019.0,"Carriel Sur, Concepción Ap.",-36.78055,-73.06639,1018.9583333333334
2000-08-05,380013.0,"Maquehue, Temuco Ad.",-38.76778,-72.63194,1004.8375
2000-08-05,390006.0,"Pichoy, Valdivia Ad.",-39.65667,-73.08722,1010.2
2000-08-05,400009.0,"Cañal Bajo,  Osorno Ad.",-40.61444,-73.0575,1003.7769230769231
2000-08-05,410005.0,El Tepual  Puerto Montt Ap.,-41.4475,-73.09583,998.675
2000-08-05,430001.0,Quellón Ad.,-43.13361,-73.63278,1000.9
2000-08-05,430002.0,Futaleufú Ad.,-43.18889,-71.85222,960.8545454545455
2000-08-05,450004.0,"Teniente Vidal, Coyhaique Ad.",-45.59083,-72.10222,959.0153846153846
2000-08-05,450005.0,Balmaceda Ad.,-45.91833,-71.67778,933.4
2000-08-05,520006.0,"Carlos Ibañez, Punta Arenas Ap.",-53.00167,-70.83861,982.9625
2000-08-05,530005.0,"Fuentes Martínez, Porvenir Ad.",-53.25361,-70.32611,982.0666666666666
2000-08-05,950001.0,"C.M.A. Eduardo Frei Montalva, Antártica ",-62.19194,-58.97972,992.25
2000-08-06,180005.0,"Chacalluta, Arica Ap.",-18.35555,-70.34028,1011.5375
2000-08-06,200006.0,Diego Aracena Iquique Ap.,-20.54917,-70.18111,1012.3375
2000-08-06,220002.0,"El Loa, Calama Ad.",-22.49806,-68.8925,775.35
2000-08-06,270001.0,Mataveri  Isla de Pascua Ap.,-27.15889,-109.4325,1008.8166666666666
2000-08-06,290004.0,"La Florida, La Serena Ad.",-29.91444,-71.20667,1000.9117647058823
2000-08-06,330020.0,"Quinta Normal, Santiago",-33.445,-70.68278,959.54
2000-08-06,330021.0,Pudahuel Santiago ,-33.37833,-70.78778,964.425
2000-08-06,330030.0,"Santo Domingo, Ad.",-33.65611,-71.61333,1012.6461538461538
2000-08-06,330031.0,"Juan Fernández, Estación Meteorológica.",-33.63583,-78.83305,1014.375
2000-08-06,340031.0,"General Freire, Curicó Ad.",-34.96944,-71.21694,993.2230769230769
2000-08-06,360011.0,"General Bernardo O'Higgins, Chillán Ad.",-36.58583,-72.03667,1000.3615384615385
2000-08-06,360019.0,"Carriel Sur, Concepción Ap.",-36.78055,-73.06639,1015.8192307692308
2000-08-06,380013.0,"Maquehue, Temuco Ad.",-38.76778,-72.63194,1003.6703703703703
2000-08-06,390006.0,"Pichoy, Valdivia Ad.",-39.65667,-73.08722,1011.6461538461538
2000-08-06,400009.0,"Cañal Bajo,  Osorno Ad.",-40.61444,-73.0575,1005.9923076923077
2000-08-06,410005.0,El Tepual  Puerto Montt Ap.,-41.4475,-73.09583,1001.6875
2000-08-06,430001.0,Quellón Ad.,-43.13361,-73.63278,1006.025
2000-08-06,430002.0,Futaleufú Ad.,-43.18889,-71.85222,967.5727272727272
2000-08-06,450004.0,"Teniente Vidal, Coyhaique Ad.",-45.59083,-72.10222,966.9769230769232
2000-08-06,450005.0,Balmaceda Ad.,-45.91833,-71.67778,940.5458333333332
2000-08-06,520006.0,"Carlos Ibañez, Punta Arenas Ap.",-53.00167,-70.83861,988.2375
2000-08-06,530005.0,"Fuentes Martínez, Porvenir Ad.",-53.25361,-70.32611,990.3
2000-08-06,950001.0,"C.M.A. Eduardo Frei Montalva, Antártica ",-62.19194,-58.97972,998.825
2000-08-07,180005.0,"Chacalluta, Arica Ap.",-18.35555,-70.34028,1009.9125
2000-08-07,200006.0,Diego Aracena Iquique Ap.,-20.54917,-70.18111,1010.825
2000-08-07,220002.0,"El Loa, Calama Ad.",-22.49806,-68.8925,774.95625
2000-08-07,270001.0,Mataveri  Isla de Pascua Ap.,-27.15889,-109.4325,1012.6666666666666
2000-08-07,290004.0,"La Florida, La Serena Ad.",-29.91444,-71.20667,998.6227272727273
2000-08-07,330020.0,"Quinta Normal, Santiago",-33.445,-70.68278,957.7199999999999
2000-08-07,330021.0,Pudahuel Santiago ,-33.37833,-70.78778,963.725
2000-08-07,330030.0,"Santo Domingo, Ad.",-33.65611,-71.61333,1009.7153846153846
2000-08-07,330031.0,"Juan Fernández, Estación Meteorológica.",-33.63583,-78.83305,1017.3399999999999
2000-08-07,340031.0,"General Freire, Curicó Ad.",-34.96944,-71.21694,992.9153846153846
2000-08-07,360011.0,"General Bernardo O'Higgins, Chillán Ad.",-36.58583,-72.03667,1003.5461538461539
2000-08-07,360019.0,"Carriel Sur, Concepción Ap.",-36.78055,-73.06639,1020.6928571428572
2000-08-07,380013.0,"Maquehue, Temuco Ad.",-38.76778,-72.63194,1009.375
2000-08-07,390006.0,"Pichoy, Valdivia Ad.",-39.65667,-73.08722,1017.7076923076924
2000-08-07,400009.0,"Cañal Bajo,  Osorno Ad.",-40.61444,-73.0575,1011.0538461538462
2000-08-07,410005.0,El Tepual  Puerto Montt Ap.,-41.4475,-73.09583,1005.1125
2000-08-07,430001.0,Quellón Ad.,-43.13361,-73.63278,1009.825
2000-08-07,430002.0,Futaleufú Ad.,-43.18889,-71.85222,967.9727272727273
2000-08-07,450001.0,Puerto Aysén Ad.,-45.39944,-72.67722,1007.5625
2000-08-07,450004.0,"Teniente Vidal, Coyhaique Ad.",-45.59083,-72.10222,970.1538461538462
2000-08-07,450005.0,Balmaceda Ad.,-45.91833,-71.67778,942.2916666666666
2000-08-07,520006.0,"Carlos Ibañez, Punta Arenas Ap.",-53.00167,-70.83861,991.875
2000-08-07,530005.0,"Fuentes Martínez, Porvenir Ad.",-53.25361,-70.32611,991.6333333333333
2000-08-07,550001.0,"Guardiamarina Zañartu, Pto Williams Ad.",-54.93167,-67.61556,993.3000000000001
2000-08-07,950001.0,"C.M.A. Eduardo Frei Montalva, Antártica ",-62.19194,-58.97972,1002.25
2000-08-08,180005.0,"Chacalluta, Arica Ap.",-18.35555,-70.34028,1009.5500000000001
2000-08-08,200006.0,Diego Aracena Iquique Ap.,-20.54917,-70.18111,1009.9375
2000-08-08,220002.0,"El Loa, Calama Ad.",-22.49806,-68.8925,774.93125
2000-08-08,270001.0,Mataveri  Isla de Pascua Ap.,-27.15889,-109.4325,1014.5500000000001
2000-08-08,290004.0,"La Florida, La Serena Ad.",-29.91444,-71.20667,999.4035714285714
2000-08-08,330020.0,"Quinta Normal, Santiago",-33.445,-70.68278,957.4799999999999
2000-08-08,330021.0,Pudahuel Santiago ,-33.37833,-70.78778,961.9625
2000-08-08,330030.0,"Santo Domingo, Ad.",-33.65611,-71.61333,1010.4230769230769
2000-08-08,330031.0,"Juan Fernández, Estación Meteorológica.",-33.63583,-78.83305,1019.68
2000-08-08,340031.0,"General Freire, Curicó Ad.",-34.96944,-71.21694,993.8461538461538
2000-08-08,360011.0,"General Bernardo O'Higgins, Chillán Ad.",-36.58583,-72.03667,1004.6076923076923
2000-08-08,360019.0,"Carriel Sur, Concepción Ap.",-36.78055,-73.06639,1021.5892857142857
2000-08-08,380013.0,"Maquehue, Temuco Ad.",-38.76778,-72.63194,1013.1208333333334
2000-08-08,390006.0,"Pichoy, Valdivia Ad.",-39.65667,-73.08722,1023.35
2000-08-08,400009.0,"Cañal Bajo,  Osorno Ad.",-40.61444,-73.0575,1018.1076923076923
2000-08-08,410005.0,El Tepual  Puerto Montt Ap.,-41.4475,-73.09583,1011.9
2000-08-08,430001.0,Quellón Ad.,-43.13361,-73.63278,1020.6
2000-08-08,430002.0,Futaleufú Ad.,-43.18889,-71.85222,977.1363636363636
2000-08-08,450001.0,Puerto Aysén Ad.,-45.39944,-72.67722,1020.125
2000-08-08,450004.0,"Teniente Vidal, Coyhaique Ad.",-45.59083,-72.10222,981.8923076923077
2000-08-08,450005.0,Balmaceda Ad.,-45.91833,-71.67778,951.975
2000-08-08,520006.0,"Carlos Ibañez, Punta Arenas Ap.",-53.00167,-70.83861,1001.5
2000-08-08,530005.0,"Fuentes Martínez, Porvenir Ad.",-53.25361,-70.32611,1005.1666666666666
2000-08-08,550001.0,"Guardiamarina Zañartu, Pto Williams Ad.",-54.93167,-67.61556,1003.6090909090909
2000-08-08,950001.0,"C.M.A. Eduardo Frei Montalva, Antártica ",-62.19194,-58.97972,997.45
2000-08-09,180005.0,"Chacalluta, Arica Ap.",-18.35555,-70.34028,1009.1999999999999
2000-08-09,200006.0,Diego Aracena Iquique Ap.,-20.54917,-70.18111,1010.075
2000-08-09,220002.0,"El Loa, Calama Ad.",-22.49806,-68.8925,775.6875
2000-08-09,270001.0,Mataveri  Isla de Pascua Ap.,-27.15889,-109.4325,1011.75
2000-08-09,290004.0,"La Florida, La Serena Ad.",-29.91444,-71.20667,999.18
2000-08-09,330020.0,"Quinta Normal, Santiago",-33.445,-70.68278,954.8399999999999
2000-08-09,330021.0,Pudahuel Santiago ,-33.37833,-70.78778,961.275
2000-08-09,330030.0,"Santo Domingo, Ad.",-33.65611,-71.61333,1006.9000000000001
2000-08-09,330031.0,"Juan Fernández, Estación Meteorológica.",-33.63583,-78.83305,1020.68
2000-08-09,340031.0,"General Freire, Curicó Ad.",-34.96944,-71.21694,990.3538461538462
2000-08-09,360011.0,"General Bernardo O'Higgins, Chillán Ad.",-36.58583,-72.03667,1001.623076923077
2000-08-09,360019.0,"Carriel Sur, Concepción Ap.",-36.78055,-73.06639,1021.7416666666667
2000-08-09,380013.0,"Maquehue, Temuco Ad.",-38.76778,-72.63194,1015.6541666666667
2000-08-09,390006.0,"Pichoy, Valdivia Ad.",-39.65667,-73.08722,1025.3153846153846
2000-08-09,400009.0,"Cañal Bajo,  Osorno Ad.",-40.61444,-73.0575,1022.8142857142857
2000-08-09,410005.0,El Tepual  Puerto Montt Ap.,-41.4475,-73.09583,1020.4125
2000-08-09,430001.0,Quellón Ad.,-43.13361,-73.63278,1029.925
2000-08-09,430002.0,Futaleufú Ad.,-43.18889,-71.85222,987.0090909090909
2000-08-09,450001.0,Puerto Aysén Ad.,-45.39944,-72.67722,1031.5875
2000-08-09,450004.0,"Teniente Vidal, Coyhaique Ad.",-45.59083,-72.10222,993.0923076923077
2000-08-09,450005.0,Balmaceda Ad.,-45.91833,-71.67778,965.0958333333333
2000-08-09,520006.0,"Carlos Ibañez, Punta Arenas Ap.",-53.00167,-70.83861,1014.9
2000-08-09,530005.0,"Fuentes Martínez, Porvenir Ad.",-53.25361,-70.32611,1017.7666666666668
2000-08-09,550001.0,"Guardiamarina Zañartu, Pto Williams Ad.",-54.93167,-67.61556,1013.9333333333333
2000-08-09,950001.0,"C.M.A. Eduardo Frei Montalva, Antártica ",-62.19194,-58.97972,997.225
2000-08-10,180005.0,"Chacalluta, Arica Ap.",-18.35555,-70.34028,1010.5291666666667
2000-08-10,200006.0,Diego Aracena Iquique Ap.,-20.54917,-70.18111,1010.75
2000-08-10,220002.0,"El Loa, Calama Ad.",-22.49806,-68.8925,775.775
2000-08-10,270001.0,Mataveri  Isla de Pascua Ap.,-27.15889,-109.4325,1012.9166666666666
2000-08-10,290004.0,"La Florida, La Serena Ad.",-29.91444,-71.20667,999.0470588235294
2000-08-10,330020.0,"Quinta Normal, Santiago",-33.445,-70.68278,952.65
2000-08-10,330021.0,Pudahuel Santiago ,-33.37833,-70.78778,958.3
2000-08-10,330030.0,"Santo Domingo, Ad.",-33.65611,-71.61333,1006.3153846153847
2000-08-10,330031.0,"Juan Fernández, Estación Meteorológica.",-33.63583,-78.83305,1011.3799999999999
2000-08-10,340031.0,"General Freire, Curicó Ad.",-34.96944,-71.21694,986.8615384615385
2000-08-10,360011.0,"General Bernardo O'Higgins, Chillán Ad.",-36.58583,-72.03667,996.2307692307693
2000-08-10,360019.0,"Carriel Sur, Concepción Ap.",-36.78055,-73.06639,1014.7166666666667
2000-08-10,380013.0,"Maquehue, Temuco Ad.",-38.76778,-72.63194,1010.0458333333332
2000-08-10,390006.0,"Pichoy, Valdivia Ad.",-39.65667,-73.08722,1020.8461538461538
2000-08-10,400009.0,"Cañal Bajo,  Osorno Ad.",-40.61444,-73.0575,1018.5846153846154
2000-08-10,410005.0,El Tepual  Puerto Montt Ap.,-41.4475,-73.09583,1018.1125
2000-08-10,430001.0,Quellón Ad.,-43.13361,-73.63278,1027.2
2000-08-10,430002.0,Futaleufú Ad.,-43.18889,-71.85222,989.9272727272728
2000-08-10,450001.0,Puerto Aysén Ad.,-45.39944,-72.67722,1032.9
2000-08-10,450004.0,"Teniente Vidal, Coyhaique Ad.",-45.59083,-72.10222,997.0076923076923
2000-08-10,450005.0,Balmaceda Ad.,-45.91833,-71.67778,971.3458333333333
2000-08-10,520006.0,"Carlos Ibañez, Punta Arenas Ap.",-53.00167,-70.83861,1020.675
2000-08-10,530005.0,"Fuentes Martínez, Porvenir Ad.",-53.25361,-70.32611,1020.8833333333333
2000-08-10,550001.0,"Guardiamarina Zañartu, Pto Williams Ad.",-54.93167,-67.61556,1016.6555555555556
2000-08-10,950001.0,"C.M.A. Eduardo Frei Montalva, Antártica ",-62.19194,-58.97972,989.8375
2000-08-11,180005.0,"Chacalluta, Arica Ap.",-18.35555,-70.34028,1011.3208333333333
2000-08-11,200006.0,Diego Aracena Iquique Ap.,-20.54917,-70.18111,1012.1125
2000-08-11,220002.0,"El Loa, Calama Ad.",-22.49806,-68.8925,775.8125
2000-08-11,270001.0,Mataveri  Isla de Pascua Ap.,-27.15889,-109.4325,1015.4333333333334
2000-08-11,290004.0,"La Florida, La Serena Ad.",-29.91444,-71.20667,1001.4470588235293
2000-08-11,330020.0,"Quinta Normal, Santiago",-33.445,-70.68278,955.86
2000-08-11,330021.0,Pudahuel Santiago ,-33.37833,-70.78778,960.875
2000-08-11,330030.0,"Santo Domingo, Ad.",-33.65611,-71.61333,1009.6846153846153
2000-08-11,330031.0,"Juan Fernández, Estación Meteorológica.",-33.63583,-78.83305,1006.54
2000-08-11,340031.0,"General Freire, Curicó Ad.",-34.96944,-71.21694,990.4307692307692
2000-08-11,360011.0,"General Bernardo O'Higgins, Chillán Ad.",-36.58583,-72.03667,1000.3461538461538
2000-08-11,360019.0,"Carriel Sur, Concepción Ap.",-36.78055,-73.06639,1015.7639999999999
2000-08-11,380013.0,"Maquehue, Temuco Ad.",-38.76778,-72.63194,1006.7541666666666
2000-08-11,390006.0,"Pichoy, Valdivia Ad.",-39.65667,-73.08722,1016.4692307692308
2000-08-11,400009.0,"Cañal Bajo,  Osorno Ad.",-40.61444,-73.0575,1012.7384615384616
2000-08-11,410005.0,El Tepual  Puerto Montt Ap.,-41.4475,-73.09583,1011.275
2000-08-11,430001.0,Quellón Ad.,-43.13361,-73.63278,1018.575
2000-08-11,430002.0,Futaleufú Ad.,-43.18889,-71.85222,982.8818181818183
2000-08-11,450001.0,Puerto Aysén Ad.,-45.39944,-72.67722,1023.475
2000-08-11,450004.0,"Teniente Vidal, Coyhaique Ad.",-45.59083,-72.10222,988.823076923077
2000-08-11,450005.0,Balmaceda Ad.,-45.91833,-71.67778,965.2958333333332
2000-08-11,520006.0,"Carlos Ibañez, Punta Arenas Ap.",-53.00167,-70.83861,1017.7375
2000-08-11,530005.0,"Fuentes Martínez, Porvenir Ad.",-53.25361,-70.32611,1017.1
2000-08-11,550001.0,"Guardiamarina Zañartu, Pto Williams Ad.",-54.93167,-67.61556,1015.4375
2000-08-11,950001.0,"C.M.A. Eduardo Frei Montalva, Antártica ",-62.19194,-58.97972,994.075
2000-08-12,180005.0,"Chacalluta, Arica Ap.",-18.35555,-70.34028,1009.8458333333333
2000-08-12,200006.0,Diego Aracena Iquique Ap.,-20.54917,-70.18111,1010.475
2000-08-12,220002.0,"El Loa, Calama Ad.",-22.49806,-68.8925,774.99375
2000-08-12,270001.0,Mataveri  Isla de Pascua Ap.,-27.15889,-109.4325,1014.75
2000-08-12,290004.0,"La Florida, La Serena Ad.",-29.91444,-71.20667,1000.9588235294117
2000-08-12,330020.0,"Quinta Normal, Santiago",-33.445,-70.68278,956.46
2000-08-12,330021.0,Pudahuel Santiago ,-33.37833,-70.78778,961.75
2000-08-12,330030.0,"Santo Domingo, Ad.",-33.65611,-71.61333,1009.3
2000-08-12,330031.0,"Juan Fernández, Estación Meteorológica.",-33.63583,-78.83305,1007.775
2000-08-12,340031.0,"General Freire, Curicó Ad.",-34.96944,-71.21694,989.7384615384616
2000-08-12,360011.0,"General Bernardo O'Higgins, Chillán Ad.",-36.58583,-72.03667,998.5153846153846
2000-08-12,360019.0,"Carriel Sur, Concepción Ap.",-36.78055,-73.06639,1015.1625
2000-08-12,380013.0,"Maquehue, Temuco Ad.",-38.76778,-72.63194,1005.4666666666667
2000-08-12,390006.0,"Pichoy, Valdivia Ad.",-39.65667,-73.08722,1012.9000000000001
2000-08-12,400009.0,"Cañal Bajo,  Osorno Ad.",-40.61444,-73.0575,1008.376923076923
2000-08-12,410005.0,El Tepual  Puerto Montt Ap.,-41.4475,-73.09583,1006.45
2000-08-12,430001.0,Quellón Ad.,-43.13361,-73.63278,1012.025
2000-08-12,430002.0,Futaleufú Ad.,-43.18889,-71.85222,975.9181818181819
2000-08-12,450004.0,"Teniente Vidal, Coyhaique Ad.",-45.59083,-72.10222,977.9153846153846
2000-08-12,450005.0,Balmaceda Ad.,-45.91833,-71.67778,954.7708333333334
2000-08-12,520006.0,"Carlos Ibañez, Punta Arenas Ap.",-53.00167,-70.83861,1012.875
2000-08-12,530005.0,"Fuentes Martínez, Porvenir Ad.",-53.25361,-70.32611,1011.1
2000-08-12,950001.0,"C.M.A. Eduardo Frei Montalva, Antártica ",-62.19194,-58.97972,987.775
2000-08-13,180005.0,"Chacalluta, Arica Ap.",-18.35555,-70.34028,1010.6958333333333
2000-08-13,200006.0,Diego Aracena Iquique Ap.,-20.54917,-70.18111,1010.925
2000-08-13,220002.0,"El Loa, Calama Ad.",-22.49806,-68.8925,774.9416666666666
2000-08-13,270001.0,Mataveri  Isla de Pascua Ap.,-27.15889,-109.4325,1010.7333333333332
2000-08-13,290004.0,"La Florida, La Serena Ad.",-29.91444,-71.20667,999.9166666666666
2000-08-13,330020.0,"Quinta Normal, Santiago",-33.445,-70.68278,954.7
2000-08-13,330021.0,Pudahuel Santiago ,-33.37833,-70.78778,960.0625
2000-08-13,330030.0,"Santo Domingo, Ad.",-33.65611,-71.61333,1008.5846153846154
2000-08-13,330031.0,"Juan Fernández, Estación Meteorológica.",-33.63583,-78.83305,1009.625
2000-08-13,340031.0,"General Freire, Curicó Ad.",-34.96944,-71.21694,988.7153846153846
2000-08-13,360011.0,"General Bernardo O'Higgins, Chillán Ad.",-36.58583,-72.03667,998.176923076923
2000-08-13,360019.0,"Carriel Sur, Concepción Ap.",-36.78055,-73.06639,1013.7791666666667
2000-08-13,380013.0,"Maquehue, Temuco Ad.",-38.76778,-72.63194,1003.0749999999999
2000-08-13,390006.0,"Pichoy, Valdivia Ad.",-39.65667,-73.08722,1010.9384615384616
2000-08-13,400009.0,"Cañal Bajo,  Osorno Ad.",-40.61444,-73.0575,1006.3538461538462
2000-08-13,410005.0,El Tepual  Puerto Montt Ap.,-41.4475,-73.09583,1002.8
2000-08-13,430001.0,Quellón Ad.,-43.13361,-73.63278,1010.1
2000-08-13,430002.0,Futaleufú Ad.,-43.18889,-71.85222,968.4454545454545
2000-08-13,450004.0,"Teniente Vidal, Coyhaique Ad.",-45.59083,-72.10222,972.4692307692308
2000-08-13,450005.0,Balmaceda Ad.,-45.91833,-71.67778,946.4416666666666
2000-08-13,520006.0,"Carlos Ibañez, Punta Arenas Ap.",-53.00167,-70.83861,1001.1375
2000-08-13,950001.0,"C.M.A. Eduardo Frei Montalva, Antártica ",-62.19194,-58.97972,982.525
2000-08-14,180005.0,"Chacalluta, Arica Ap.",-18.35555,-70.34028,1012.3166666666666
2000-08-14,200006.0,Diego Aracena Iquique Ap.,-20.54917,-70.18111,1012.85
2000-08-14,220002.0,"El Loa, Calama Ad.",-22.49806,-68.8925,776.36875
2000-08-14,270001.0,Mataveri  Isla de Pascua Ap.,-27.15889,-109.4325,1005.6166666666667
2000-08-14,290004.0,"La Florida, La Serena Ad.",-29.91444,-71.20667,1005.4294117647058
2000-08-14,330020.0,"Quinta Normal, Santiago",-33.445,-70.68278,960.6
2000-08-14,330021.0,Pudahuel Santiago ,-33.37833,-70.78778,965.3375
2000-08-14,330030.0,"Santo Domingo, Ad.",-33.65611,-71.61333,1015.1153846153846
2000-08-14,330031.0,"Juan Fernández, Estación Meteorológica.",-33.63583,-78.83305,1015.76
2000-08-14,340031.0,"General Freire, Curicó Ad.",-34.96944,-71.21694,995.8923076923077
2000-08-14,360011.0,"General Bernardo O'Higgins, Chillán Ad.",-36.58583,-72.03667,1004.3153846153847
2000-08-14,360019.0,"Carriel Sur, Concepción Ap.",-36.78055,-73.06639,1018.6374999999999
2000-08-14,380013.0,"Maquehue, Temuco Ad.",-38.76778,-72.63194,1008.0333333333333
2000-08-14,390006.0,"Pichoy, Valdivia Ad.",-39.65667,-73.08722,1018.0692307692308
2000-08-14,400009.0,"Cañal Bajo,  Osorno Ad.",-40.61444,-73.0575,1012.7230769230769
2000-08-14,410005.0,El Tepual  Puerto Montt Ap.,-41.4475,-73.09583,1006.9375
2000-08-14,430001.0,Quellón Ad.,-43.13361,-73.63278,1016.4
2000-08-14,430002.0,Futaleufú Ad.,-43.18889,-71.85222,973.0090909090909
2000-08-14,450001.0,Puerto Aysén Ad.,-45.39944,-72.67722,1016.375
2000-08-14,450004.0,"Teniente Vidal, Coyhaique Ad.",-45.59083,-72.10222,978.8538461538462
2000-08-14,450005.0,Balmaceda Ad.,-45.91833,-71.67778,950.7916666666666
2000-08-14,520006.0,"Carlos Ibañez, Punta Arenas Ap.",-53.00167,-70.83861,999.45
2000-08-14,530005.0,"Fuentes Martínez, Porvenir Ad.",-53.25361,-70.32611,995.1583333333333
2000-08-14,550001.0,"Guardiamarina Zañartu, Pto Williams Ad.",-54.93167,-67.61556,996.0333333333333
2000-08-14,950001.0,"C.M.A. Eduardo Frei Montalva, Antártica ",-62.19194,-58.97972,970.3125
2000-08-15,180005.0,"Chacalluta, Arica Ap.",-18.35555,-70.34028,1009.5458333333332
2000-08-15,200006.0,Diego Aracena Iquique Ap.,-20.54917,-70.18111,1010.2
2000-08-15,220002.0,"El Loa, Calama Ad.",-22.49806,-68.8925,775.6875
2000-08-15,270001.0,Mataveri  Isla de Pascua Ap.,-27.15889,-109.4325,999.6999999999999
2000-08-15,290004.0,"La Florida, La Serena Ad.",-29.91444,-71.20667,1001.2235294117646
2000-08-15,330020.0,"Quinta Normal, Santiago",-33.445,-70.68278,959.4799999999999
2000-08-15,330021.0,Pudahuel Santiago ,-33.37833,-70.78778,966.025
2000-08-15,330030.0,"Santo Domingo, Ad.",-33.65611,-71.61333,1012.2
2000-08-15,330031.0,"Juan Fernández, Estación Meteorológica.",-33.63583,-78.83305,1017.5250000000001
2000-08-15,340031.0,"General Freire, Curicó Ad.",-34.96944,-71.21694,994.2461538461539
2000-08-15,360011.0,"General Bernardo O'Higgins, Chillán Ad.",-36.58583,-72.03667,1004.4384615384616
2000-08-15,360019.0,"Carriel Sur, Concepción Ap.",-36.78055,-73.06639,1021.9499999999999
2000-08-15,380013.0,"Maquehue, Temuco Ad.",-38.76778,-72.63194,1011.448
2000-08-15,390006.0,"Pichoy, Valdivia Ad.",-39.65667,-73.08722,1018.2153846153846
2000-08-15,400009.0,"Cañal Bajo,  Osorno Ad.",-40.61444,-73.0575,1013.0384615384615
2000-08-15,410005.0,El Tepual  Puerto Montt Ap.,-41.4475,-73.09583,1011.075
2000-08-15,430001.0,Quellón Ad.,-43.13361,-73.63278,1016.275
2000-08-15,430002.0,Futaleufú Ad.,-43.18889,-71.85222,974.6
2000-08-15,450004.0,"Teniente Vidal, Coyhaique Ad.",-45.59083,-72.10222,979.3307692307692
2000-08-15,450005.0,Balmaceda Ad.,-45.91833,-71.67778,954.3333333333334
2000-08-15,520006.0,"Carlos Ibañez, Punta Arenas Ap.",-53.00167,-70.83861,997.8
2000-08-15,530005.0,"Fuentes Martínez, Porvenir Ad.",-53.25361,-70.32611,990.8249999999999
2000-08-15,950001.0,"C.M.A. Eduardo Frei Montalva, Antártica ",-62.19194,-58.97972,965.725
2000-08-16,180005.0,"Chacalluta, Arica Ap.",-18.35555,-70.34028,1009.7875
2000-08-16,200006.0,Diego Aracena Iquique Ap.,-20.54917,-70.18111,1009.9375
2000-08-16,220002.0,"El Loa, Calama Ad.",-22.49806,-68.8925,775.33125
2000-08-16,270001.0,Mataveri  Isla de Pascua Ap.,-27.15889,-109.4325,1002.6999999999999
2000-08-16,290004.0,"La Florida, La Serena Ad.",-29.91444,-71.20667,998.2235294117646
2000-08-16,330020.0,"Quinta Normal, Santiago",-33.445,-70.68278,957.54
2000-08-16,330021.0,Pudahuel Santiago ,-33.37833,-70.78778,963.1375
2000-08-16,330030.0,"Santo Domingo, Ad.",-33.65611,-71.61333,1009.9846153846154
2000-08-16,330031.0,"Juan Fernández, Estación Meteorológica.",-33.63583,-78.83305,1015.5
2000-08-16,340031.0,"General Freire, Curicó Ad.",-34.96944,-71.21694,992.5461538461539
2000-08-16,360011.0,"General Bernardo O'Higgins, Chillán Ad.",-36.58583,-72.03667,1002.1153846153846
2000-08-16,360019.0,"Carriel Sur, Concepción Ap.",-36.78055,-73.06639,1018.192
2000-08-16,380013.0,"Maquehue, Temuco Ad.",-38.76778,-72.63194,1005.5458333333332
2000-08-16,390006.0,"Pichoy, Valdivia Ad.",-39.65667,-73.08722,1013.8307692307692
2000-08-16,400009.0,"Cañal Bajo,  Osorno Ad.",-40.61444,-73.0575,1007.5384615384615
2000-08-16,410005.0,El Tepual  Puerto Montt Ap.,-41.4475,-73.09583,1002.1125
2000-08-16,430001.0,Quellón Ad.,-43.13361,-73.63278,1008.35
2000-08-16,430002.0,Futaleufú Ad.,-43.18889,-71.85222,966.1272727272727
2000-08-16,450001.0,Puerto Aysén Ad.,-45.39944,-72.67722,1007.175
2000-08-16,450004.0,"Teniente Vidal, Coyhaique Ad.",-45.59083,-72.10222,970.0692307692308
2000-08-16,450005.0,Balmaceda Ad.,-45.91833,-71.67778,943.9583333333334
2000-08-16,520006.0,"Carlos Ibañez, Punta Arenas Ap.",-53.00167,-70.83861,984.925
2000-08-16,530005.0,"Fuentes Martínez, Porvenir Ad.",-53.25361,-70.32611,978.8833333333333
2000-08-16,550001.0,"Guardiamarina Zañartu, Pto Williams Ad.",-54.93167,-67.61556,978.811111111111
2000-08-16,950001.0,"C.M.A. Eduardo Frei Montalva, Antártica ",-62.19194,-58.97972,959.8125
2000-08-17,180005.0,"Chacalluta, Arica Ap.",-18.35555,-70.34028,1008.7166666666667
2000-08-17,200006.0,Diego Aracena Iquique Ap.,-20.54917,-70.18111,1009.625
2000-08-17,220002.0,"El Loa, Calama Ad.",-22.49806,-68.8925,774.80625
2000-08-17,270001.0,Mataveri  Isla de Pascua Ap.,-27.15889,-109.4325,1003.6333333333333
2000-08-17,290004.0,"La Florida, La Serena Ad.",-29.91444,-71.20667,997.7739130434783
2000-08-17,330020.0,"Quinta Normal, Santiago",-33.445,-70.68278,956.975
2000-08-17,330021.0,Pudahuel Santiago ,-33.37833,-70.78778,962.05
2000-08-17,330030.0,"Santo Domingo, Ad.",-33.65611,-71.61333,1008.176923076923
2000-08-17,330031.0,"Juan Fernández, Estación Meteorológica.",-33.63583,-78.83305,1014.78
2000-08-17,340031.0,"General Freire, Curicó Ad.",-34.96944,-71.21694,991.0
2000-08-17,360011.0,"General Bernardo O'Higgins, Chillán Ad.",-36.58583,-72.03667,1001.1153846153846
2000-08-17,360019.0,"Carriel Sur, Concepción Ap.",-36.78055,-73.06639,1018.7760000000001
2000-08-17,380013.0,"Maquehue, Temuco Ad.",-38.76778,-72.63194,1008.873076923077
2000-08-17,390006.0,"Pichoy, Valdivia Ad.",-39.65667,-73.08722,1017.0
2000-08-17,400009.0,"Cañal Bajo,  Osorno Ad.",-40.61444,-73.0575,1011.7384615384616
2000-08-17,410005.0,El Tepual  Puerto Montt Ap.,-41.4475,-73.09583,1008.15
2000-08-17,430001.0,Quellón Ad.,-43.13361,-73.63278,1016.05
2000-08-17,430002.0,Futaleufú Ad.,-43.18889,-71.85222,972.4545454545455
2000-08-17,450001.0,Puerto Aysén Ad.,-45.39944,-72.67722,1013.95
2000-08-17,450004.0,"Teniente Vidal, Coyhaique Ad.",-45.59083,-72.10222,976.8461538461538
2000-08-17,450005.0,Balmaceda Ad.,-45.91833,-71.67778,947.6583333333333
2000-08-17,520006.0,"Carlos Ibañez, Punta Arenas Ap.",-53.00167,-70.83861,991.975
2000-08-17,530005.0,"Fuentes Martínez, Porvenir Ad.",-53.25361,-70.32611,987.025
2000-08-17,550001.0,"Guardiamarina Zañartu, Pto Williams Ad.",-54.93167,-67.61556,989.4777777777776
2000-08-17,950001.0,"C.M.A. Eduardo Frei Montalva, Antártica ",-62.19194,-58.97972,970.0875
2000-08-18,180005.0,"Chacalluta, Arica Ap.",-18.35555,-70.34028,1008.7791666666667
2000-08-18,200006.0,Diego Aracena Iquique Ap.,-20.54917,-70.18111,1009.25
2000-08-18,220002.0,"El Loa, Calama Ad.",-22.49806,-68.8925,774.964705882353
2000-08-18,270001.0,Mataveri  Isla de Pascua Ap.,-27.15889,-109.4325,1006.5
2000-08-18,290004.0,"La Florida, La Serena Ad.",-29.91444,-71.20667,998.5368421052632
2000-08-18,330020.0,"Quinta Normal, Santiago",-33.445,-70.68278,953.4799999999999
2000-08-18,330021.0,Pudahuel Santiago ,-33.37833,-70.78778,959.0125
2000-08-18,330030.0,"Santo Domingo, Ad.",-33.65611,-71.61333,1006.623076923077
2000-08-18,330031.0,"Juan Fernández, Estación Meteorológica.",-33.63583,-78.83305,1010.4200000000001
2000-08-18,340031.0,"General Freire, Curicó Ad.",-34.96944,-71.21694,987.4153846153846
2000-08-18,360011.0,"General Bernardo O'Higgins, Chillán Ad.",-36.58583,-72.03667,997.3692307692307
2000-08-18,360019.0,"Carriel Sur, Concepción Ap.",-36.78055,-73.06639,1014.1454545454546
2000-08-18,380013.0,"Maquehue, Temuco Ad.",-38.76778,-72.63194,1004.2458333333334
2000-08-18,390006.0,"Pichoy, Valdivia Ad.",-39.65667,-73.08722,1011.7384615384616
2000-08-18,400009.0,"Cañal Bajo,  Osorno Ad.",-40.61444,-73.0575,1005.9923076923077
2000-08-18,410005.0,El Tepual  Puerto Montt Ap.,-41.4475,-73.09583,1003.125
2000-08-18,430001.0,Quellón Ad.,-43.13361,-73.63278,1006.8
2000-08-18,430002.0,Futaleufú Ad.,-43.18889,-71.85222,964.6818181818181
2000-08-18,450001.0,Puerto Aysén Ad.,-45.39944,-72.67722,1009.525
2000-08-18,450004.0,"Teniente Vidal, Coyhaique Ad.",-45.59083,-72.10222,973.1307692307693
2000-08-18,450005.0,Balmaceda Ad.,-45.91833,-71.67778,948.8208333333333
2000-08-18,520006.0,"Carlos Ibañez, Punta Arenas Ap.",-53.00167,-70.83861,993.725
2000-08-18,530005.0,"Fuentes Martínez, Porvenir Ad.",-53.25361,-70.32611,995.9583333333334
2000-08-18,550001.0,"Guardiamarina Zañartu, Pto Williams Ad.",-54.93167,-67.61556,997.48
2000-08-18,950001.0,"C.M.A. Eduardo Frei Montalva, Antártica ",-62.19194,-58.97972,981.1625
2000-08-19,180005.0,"Chacalluta, Arica Ap.",-18.35555,-70.34028,1009.725
2000-08-19,200006.0,Diego Aracena Iquique Ap.,-20.54917,-70.18111,1010.375
2000-08-19,220002.0,"El Loa, Calama Ad.",-22.49806,-68.8925,775.16875
2000-08-19,270001.0,Mataveri  Isla de Pascua Ap.,-27.15889,-109.4325,1011.15
2000-08-19,290004.0,"La Florida, La Serena Ad.",-29.91444,-71.20667,1000.0777777777779
2000-08-19,330020.0,"Quinta Normal, Santiago",-33.445,-70.68278,955.1200000000001
2000-08-19,330021.0,Pudahuel Santiago ,-33.37833,-70.78778,960.4625
2000-08-19,330030.0,"Santo Domingo, Ad.",-33.65611,-71.61333,1009.0846153846154
2000-08-19,330031.0,"Juan Fernández, Estación Meteorológica.",-33.63583,-78.83305,1009.275
2000-08-19,340031.0,"General Freire, Curicó Ad.",-34.96944,-71.21694,989.7230769230769
2000-08-19,360011.0,"General Bernardo O'Higgins, Chillán Ad.",-36.58583,-72.03667,999.8615384615385
2000-08-19,360019.0,"Carriel Sur, Concepción Ap.",-36.78055,-73.06639,1015.275
2000-08-19,380013.0,"Maquehue, Temuco Ad.",-38.76778,-72.63194,1005.2791666666667
2000-08-19,390006.0,"Pichoy, Valdivia Ad.",-39.65667,-73.08722,1014.0923076923077
2000-08-19,400009.0,"Cañal Bajo,  Osorno Ad.",-40.61444,-73.0575,1008.5538461538462
2000-08-19,410005.0,El Tepual  Puerto Montt Ap.,-41.4475,-73.09583,1003.675
2000-08-19,430001.0,Quellón Ad.,-43.13361,-73.63278,1010.975
2000-08-19,430002.0,Futaleufú Ad.,-43.18889,-71.85222,978.7181818181817
2000-08-19,450004.0,"Teniente Vidal, Coyhaique Ad.",-45.59083,-72.10222,985.2076923076924
2000-08-19,450005.0,Balmaceda Ad.,-45.91833,-71.67778,959.1166666666667
2000-08-19,520006.0,"Carlos Ibañez, Punta Arenas Ap.",-53.00167,-70.83861,1010.7625
2000-08-19,530005.0,"Fuentes Martínez, Porvenir Ad.",-53.25361,-70.32611,1005.375
2000-08-19,950001.0,"C.M.A. Eduardo Frei Montalva, Antártica ",-62.19194,-58.97972,980.7375
2000-08-20,180005.0,"Chacalluta, Arica Ap.",-18.35555,-70.34028,1008.6333333333333
2000-08-20,200006.0,Diego Aracena Iquique Ap.,-20.54917,-70.18111,1009.0875
2000-08-20,220002.0,"El Loa, Calama Ad.",-22.49806,-68.8925,773.9166666666666
2000-08-20,270001.0,Mataveri  Isla de Pascua Ap.,-27.15889,-109.4325,1013.6666666666666
2000-08-20,290004.0,"La Florida, La Serena Ad.",-29.91444,-71.20667,998.4649999999999
2000-08-20,330020.0,"Quinta Normal, Santiago",-33.445,-70.68278,953.1200000000001
2000-08-20,330021.0,Pudahuel Santiago ,-33.37833,-70.78778,958.6125
2000-08-20,330030.0,"Santo Domingo, Ad.",-33.65611,-71.61333,1006.7
2000-08-20,330031.0,"Juan Fernández, Estación Meteorológica.",-33.63583,-78.83305,1005.35
2000-08-20,340031.0,"General Freire, Curicó Ad.",-34.96944,-71.21694,987.1384615384615
2000-08-20,360011.0,"General Bernardo O'Higgins, Chillán Ad.",-36.58583,-72.03667,996.5857142857143
2000-08-20,360019.0,"Carriel Sur, Concepción Ap.",-36.78055,-73.06639,1014.0375
2000-08-20,380013.0,"Maquehue, Temuco Ad.",-38.76778,-72.63194,1003.7760000000001
2000-08-20,390006.0,"Pichoy, Valdivia Ad.",-39.65667,-73.08722,1011.3384615384615
2000-08-20,400009.0,"Cañal Bajo,  Osorno Ad.",-40.61444,-73.0575,1006.7769230769231
2000-08-20,410005.0,El Tepual  Puerto Montt Ap.,-41.4475,-73.09583,1004.925
2000-08-20,430001.0,Quellón Ad.,-43.13361,-73.63278,1012.9000000000001
2000-08-20,430002.0,Futaleufú Ad.,-43.18889,-71.85222,978.1818181818181
2000-08-20,450004.0,"Teniente Vidal, Coyhaique Ad.",-45.59083,-72.10222,984.1384615384615
2000-08-20,450005.0,Balmaceda Ad.,-45.91833,-71.67778,958.9083333333333
2000-08-20,520006.0,"Carlos Ibañez, Punta Arenas Ap.",-53.00167,-70.83861,1012.625
2000-08-20,950001.0,"C.M.A. Eduardo Frei Montalva, Antártica ",-62.19194,-58.97972,985.0
2000-08-21,180005.0,"Chacalluta, Arica Ap.",-18.35555,-70.34028,1007.9583333333334
2000-08-21,200006.0,Diego Aracena Iquique Ap.,-20.54917,-70.18111,1008.65
2000-08-21,220002.0,"El Loa, Calama Ad.",-22.49806,-68.8925,773.61875
2000-08-21,270001.0,Mataveri  Isla de Pascua Ap.,-27.15889,-109.4325,1014.3833333333333
2000-08-21,290004.0,"La Florida, La Serena Ad.",-29.91444,-71.20667,997.8352941176471
2000-08-21,330020.0,"Quinta Normal, Santiago",-33.445,-70.68278,952.9799999999999
2000-08-21,330021.0,Pudahuel Santiago ,-33.37833,-70.78778,958.75
2000-08-21,330030.0,"Santo Domingo, Ad.",-33.65611,-71.61333,1006.6153846153846
2000-08-21,330031.0,"Juan Fernández, Estación Meteorológica.",-33.63583,-78.83305,1001.5600000000001
2000-08-21,340031.0,"General Freire, Curicó Ad.",-34.96944,-71.21694,986.8384615384615
2000-08-21,360011.0,"General Bernardo O'Higgins, Chillán Ad.",-36.58583,-72.03667,996.5692307692308
2000-08-21,360019.0,"Carriel Sur, Concepción Ap.",-36.78055,-73.06639,1012.188
2000-08-21,380013.0,"Maquehue, Temuco Ad.",-38.76778,-72.63194,1002.1833333333334
2000-08-21,390006.0,"Pichoy, Valdivia Ad.",-39.65667,-73.08722,1011.4307692307692
2000-08-21,400009.0,"Cañal Bajo,  Osorno Ad.",-40.61444,-73.0575,1007.16
2000-08-21,410005.0,El Tepual  Puerto Montt Ap.,-41.4475,-73.09583,1003.0125
2000-08-21,430001.0,Quellón Ad.,-43.13361,-73.63278,1012.075
2000-08-21,430002.0,Futaleufú Ad.,-43.18889,-71.85222,978.3818181818183
2000-08-21,450001.0,Puerto Aysén Ad.,-45.39944,-72.67722,1020.425
2000-08-21,450004.0,"Teniente Vidal, Coyhaique Ad.",-45.59083,-72.10222,986.7615384615384
2000-08-21,450005.0,Balmaceda Ad.,-45.91833,-71.67778,959.8041666666667
2000-08-21,520006.0,"Carlos Ibañez, Punta Arenas Ap.",-53.00167,-70.83861,1017.3875
2000-08-21,530005.0,"Fuentes Martínez, Porvenir Ad.",-53.25361,-70.32611,1013.6916666666666
2000-08-21,550001.0,"Guardiamarina Zañartu, Pto Williams Ad.",-54.93167,-67.61556,1018.0888888888888
2000-08-21,950001.0,"C.M.A. Eduardo Frei Montalva, Antártica ",-62.19194,-58.97972,986.8625
2000-08-22,180005.0,"Chacalluta, Arica Ap.",-18.35555,-70.34028,1007.8291666666668
2000-08-22,200006.0,Diego Aracena Iquique Ap.,-20.54917,-70.18111,1008.3375
2000-08-22,220002.0,"El Loa, Calama Ad.",-22.49806,-68.8925,774.2588235294118
2000-08-22,270001.0,Mataveri  Isla de Pascua Ap.,-27.15889,-109.4325,1013.1
2000-08-22,290004.0,"La Florida, La Serena Ad.",-29.91444,-71.20667,998.535294117647
2000-08-22,330020.0,"Quinta Normal, Santiago",-33.445,-70.68278,954.1200000000001
2000-08-22,330021.0,Pudahuel Santiago ,-33.37833,-70.78778,958.975
2000-08-22,330030.0,"Santo Domingo, Ad.",-33.65611,-71.61333,1007.2769230769231
2000-08-22,330031.0,"Juan Fernández, Estación Meteorológica.",-33.63583,-78.83305,1005.0200000000001
2000-08-22,340031.0,"General Freire, Curicó Ad.",-34.96944,-71.21694,988.0384615384615
2000-08-22,360011.0,"General Bernardo O'Higgins, Chillán Ad.",-36.58583,-72.03667,998.3
2000-08-22,360019.0,"Carriel Sur, Concepción Ap.",-36.78055,-73.06639,1014.1333333333333
2000-08-22,380013.0,"Maquehue, Temuco Ad.",-38.76778,-72.63194,1004.296
2000-08-22,390006.0,"Pichoy, Valdivia Ad.",-39.65667,-73.08722,1013.5076923076923
2000-08-22,400009.0,"Cañal Bajo,  Osorno Ad.",-40.61444,-73.0575,1009.4538461538461
2000-08-22,410005.0,El Tepual  Puerto Montt Ap.,-41.4475,-73.09583,1006.725
2000-08-22,430001.0,Quellón Ad.,-43.13361,-73.63278,1016.1
2000-08-22,430002.0,Futaleufú Ad.,-43.18889,-71.85222,979.2181818181817
2000-08-22,450001.0,Puerto Aysén Ad.,-45.39944,-72.67722,1021.75
2000-08-22,450004.0,"Teniente Vidal, Coyhaique Ad.",-45.59083,-72.10222,987.176923076923
2000-08-22,450005.0,Balmaceda Ad.,-45.91833,-71.67778,963.4499999999999
2000-08-22,520006.0,"Carlos Ibañez, Punta Arenas Ap.",-53.00167,-70.83861,1019.35
2000-08-22,530005.0,"Fuentes Martínez, Porvenir Ad.",-53.25361,-70.32611,1009.3583333333332
2000-08-22,550001.0,"Guardiamarina Zañartu, Pto Williams Ad.",-54.93167,-67.61556,1013.2777777777778
2000-08-22,950001.0,"C.M.A. Eduardo Frei Montalva, Antártica ",-62.19194,-58.97972,982.55
2000-08-23,180005.0,"Chacalluta, Arica Ap.",-18.35555,-70.34028,1008.1374999999999
2000-08-23,200006.0,Diego Aracena Iquique Ap.,-20.54917,-70.18111,1008.8375
2000-08-23,220002.0,"El Loa, Calama Ad.",-22.49806,-68.8925,774.95625
2000-08-23,270001.0,Mataveri  Isla de Pascua Ap.,-27.15889,-109.4325,1014.4499999999999
2000-08-23,290004.0,"La Florida, La Serena Ad.",-29.91444,-71.20667,999.3411764705882
2000-08-23,330020.0,"Quinta Normal, Santiago",-33.445,-70.68278,954.9399999999999
2000-08-23,330021.0,Pudahuel Santiago ,-33.37833,-70.78778,959.5
2000-08-23,330030.0,"Santo Domingo, Ad.",-33.65611,-71.61333,1008.7538461538461
2000-08-23,330031.0,"Juan Fernández, Estación Meteorológica.",-33.63583,-78.83305,1008.26
2000-08-23,340031.0,"General Freire, Curicó Ad.",-34.96944,-71.21694,989.5153846153846
2000-08-23,360011.0,"General Bernardo O'Higgins, Chillán Ad.",-36.58583,-72.03667,998.2615384615384
2000-08-23,360019.0,"Carriel Sur, Concepción Ap.",-36.78055,-73.06639,1013.2791666666667
2000-08-23,380013.0,"Maquehue, Temuco Ad.",-38.76778,-72.63194,1004.3629629629629
2000-08-23,390006.0,"Pichoy, Valdivia Ad.",-39.65667,-73.08722,1012.9384615384616
2000-08-23,400009.0,"Cañal Bajo,  Osorno Ad.",-40.61444,-73.0575,1008.5384615384615
2000-08-23,410005.0,El Tepual  Puerto Montt Ap.,-41.4475,-73.09583,1005.5
2000-08-23,430001.0,Quellón Ad.,-43.13361,-73.63278,1013.475
2000-08-23,430002.0,Futaleufú Ad.,-43.18889,-71.85222,976.9090909090909
2000-08-23,450001.0,Puerto Aysén Ad.,-45.39944,-72.67722,1016.5625
2000-08-23,450004.0,"Teniente Vidal, Coyhaique Ad.",-45.59083,-72.10222,981.7769230769231
2000-08-23,450005.0,Balmaceda Ad.,-45.91833,-71.67778,957.9208333333332
2000-08-23,520006.0,"Carlos Ibañez, Punta Arenas Ap.",-53.00167,-70.83861,1012.15
2000-08-23,530005.0,"Fuentes Martínez, Porvenir Ad.",-53.25361,-70.32611,1003.8666666666667
2000-08-23,550001.0,"Guardiamarina Zañartu, Pto Williams Ad.",-54.93167,-67.61556,1008.3333333333334
2000-08-23,950001.0,"C.M.A. Eduardo Frei Montalva, Antártica ",-62.19194,-58.97972,992.875
2000-08-24,180005.0,"Chacalluta, Arica Ap.",-18.35555,-70.34028,1009.8625000000001
2000-08-24,200006.0,Diego Aracena Iquique Ap.,-20.54917,-70.18111,1010.15
2000-08-24,220002.0,"El Loa, Calama Ad.",-22.49806,-68.8925,776.0882352941177
2000-08-24,270001.0,Mataveri  Isla de Pascua Ap.,-27.15889,-109.4325,1016.4
2000-08-24,290004.0,"La Florida, La Serena Ad.",-29.91444,-71.20667,1000.2176470588236
2000-08-24,330020.0,"Quinta Normal, Santiago",-33.445,-70.68278,955.0600000000001
2000-08-24,330021.0,Pudahuel Santiago ,-33.37833,-70.78778,960.2125
2000-08-24,330030.0,"Santo Domingo, Ad.",-33.65611,-71.61333,1009.2666666666668
2000-08-24,330031.0,"Juan Fernández, Estación Meteorológica.",-33.63583,-78.83305,1011.64
2000-08-24,340031.0,"General Freire, Curicó Ad.",-34.96944,-71.21694,989.3384615384615
2000-08-24,360011.0,"General Bernardo O'Higgins, Chillán Ad.",-36.58583,-72.03667,998.7230769230769
2000-08-24,360019.0,"Carriel Sur, Concepción Ap.",-36.78055,-73.06639,1015.0916666666667
2000-08-24,380013.0,"Maquehue, Temuco Ad.",-38.76778,-72.63194,1005.0458333333332
2000-08-24,390006.0,"Pichoy, Valdivia Ad.",-39.65667,-73.08722,1012.7461538461539
2000-08-24,400009.0,"Cañal Bajo,  Osorno Ad.",-40.61444,-73.0575,1008.176923076923
2000-08-24,410005.0,El Tepual  Puerto Montt Ap.,-41.4475,-73.09583,1005.2375
2000-08-24,430001.0,Quellón Ad.,-43.13361,-73.63278,1012.75
2000-08-24,430002.0,Futaleufú Ad.,-43.18889,-71.85222,971.5090909090909
2000-08-24,450001.0,Puerto Aysén Ad.,-45.39944,-72.67722,1012.1625
2000-08-24,450004.0,"Teniente Vidal, Coyhaique Ad.",-45.59083,-72.10222,974.7153846153846
2000-08-24,450005.0,Balmaceda Ad.,-45.91833,-71.67778,950.35
2000-08-24,520006.0,"Carlos Ibañez, Punta Arenas Ap.",-53.00167,-70.83861,1004.3
2000-08-24,530005.0,"Fuentes Martínez, Porvenir Ad.",-53.25361,-70.32611,997.9416666666666
2000-08-24,550001.0,"Guardiamarina Zañartu, Pto Williams Ad.",-54.93167,-67.61556,1000.9111111111112
2000-08-24,950001.0,"C.M.A. Eduardo Frei Montalva, Antártica ",-62.19194,-58.97972,996.8875
2000-08-25,180005.0,"Chacalluta, Arica Ap.",-18.35555,-70.34028,1009.8666666666667
2000-08-25,200006.0,Diego Aracena Iquique Ap.,-20.54917,-70.18111,1010.8
2000-08-25,220002.0,"El Loa, Calama Ad.",-22.49806,-68.8925,775.5375
2000-08-25,270001.0,Mataveri  Isla de Pascua Ap.,-27.15889,-109.4325,1018.35
2000-08-25,290004.0,"La Florida, La Serena Ad.",-29.91444,-71.20667,1001.40625
2000-08-25,330020.0,"Quinta Normal, Santiago",-33.445,-70.68278,957.22
2000-08-25,330021.0,Pudahuel Santiago ,-33.37833,-70.78778,962.75
2000-08-25,330030.0,"Santo Domingo, Ad.",-33.65611,-71.61333,1011.4076923076923
2000-08-25,330031.0,"Juan Fernández, Estación Meteorológica.",-33.63583,-78.83305,1017.5200000000001
2000-08-25,340031.0,"General Freire, Curicó Ad.",-34.96944,-71.21694,992.4461538461538
2000-08-25,360011.0,"General Bernardo O'Higgins, Chillán Ad.",-36.58583,-72.03667,1002.4307692307692
2000-08-25,360019.0,"Carriel Sur, Concepción Ap.",-36.78055,-73.06639,1019.3919999999999
2000-08-25,380013.0,"Maquehue, Temuco Ad.",-38.76778,-72.63194,1009.0166666666668
2000-08-25,390006.0,"Pichoy, Valdivia Ad.",-39.65667,-73.08722,1017.9923076923077
2000-08-25,400009.0,"Cañal Bajo,  Osorno Ad.",-40.61444,-73.0575,1012.7615384615384
2000-08-25,410005.0,El Tepual  Puerto Montt Ap.,-41.4475,-73.09583,1008.475
2000-08-25,430001.0,Quellón Ad.,-43.13361,-73.63278,1016.85
2000-08-25,430002.0,Futaleufú Ad.,-43.18889,-71.85222,974.4272727272728
2000-08-25,450001.0,Puerto Aysén Ad.,-45.39944,-72.67722,1014.4625
2000-08-25,450004.0,"Teniente Vidal, Coyhaique Ad.",-45.59083,-72.10222,976.2692307692307
2000-08-25,450005.0,Balmaceda Ad.,-45.91833,-71.67778,949.2583333333333
2000-08-25,520006.0,"Carlos Ibañez, Punta Arenas Ap.",-53.00167,-70.83861,998.4125
2000-08-25,530005.0,"Fuentes Martínez, Porvenir Ad.",-53.25361,-70.32611,991.1999999999999
2000-08-25,550001.0,"Guardiamarina Zañartu, Pto Williams Ad.",-54.93167,-67.61556,996.9375
2000-08-25,950001.0,"C.M.A. Eduardo Frei Montalva, Antártica ",-62.19194,-58.97972,1001.525
2000-08-26,180005.0,"Chacalluta, Arica Ap.",-18.35555,-70.34028,1009.5500000000001
2000-08-26,200006.0,Diego Aracena Iquique Ap.,-20.54917,-70.18111,1010.05
2000-08-26,220002.0,"El Loa, Calama Ad.",-22.49806,-68.8925,774.65
2000-08-26,270001.0,Mataveri  Isla de Pascua Ap.,-27.15889,-109.4325,1018.5500000000001
2000-08-26,290004.0,"La Florida, La Serena Ad.",-29.91444,-71.20667,1000.3470588235296
2000-08-26,330020.0,"Quinta Normal, Santiago",-33.445,-70.68278,956.8
2000-08-26,330021.0,Pudahuel Santiago ,-33.37833,-70.78778,962.7375
2000-08-26,330030.0,"Santo Domingo, Ad.",-33.65611,-71.61333,1010.9461538461538
2000-08-26,330031.0,"Juan Fernández, Estación Meteorológica.",-33.63583,-78.83305,1020.35
2000-08-26,340031.0,"General Freire, Curicó Ad.",-34.96944,-71.21694,992.2153846153846
2000-08-26,360011.0,"General Bernardo O'Higgins, Chillán Ad.",-36.58583,-72.03667,1002.3461538461538
2000-08-26,360019.0,"Carriel Sur, Concepción Ap.",-36.78055,-73.06639,1020.4166666666666
2000-08-26,380013.0,"Maquehue, Temuco Ad.",-38.76778,-72.63194,1010.0041666666666
2000-08-26,390006.0,"Pichoy, Valdivia Ad.",-39.65667,-73.08722,1016.7733333333333
2000-08-26,400009.0,"Cañal Bajo,  Osorno Ad.",-40.61444,-73.0575,1010.5846153846154
2000-08-26,410005.0,El Tepual  Puerto Montt Ap.,-41.4475,-73.09583,1008.0
2000-08-26,430001.0,Quellón Ad.,-43.13361,-73.63278,1010.75
2000-08-26,430002.0,Futaleufú Ad.,-43.18889,-71.85222,966.7909090909092
2000-08-26,450004.0,"Teniente Vidal, Coyhaique Ad.",-45.59083,-72.10222,970.2384615384616
2000-08-26,450005.0,Balmaceda Ad.,-45.91833,-71.67778,944.7708333333334
2000-08-26,520006.0,"Carlos Ibañez, Punta Arenas Ap.",-53.00167,-70.83861,995.2875
2000-08-26,530005.0,"Fuentes Martínez, Porvenir Ad.",-53.25361,-70.32611,994.0083333333333
2000-08-26,950001.0,"C.M.A. Eduardo Frei Montalva, Antártica ",-62.19194,-58.97972,999.875
2000-08-27,180005.0,"Chacalluta, Arica Ap.",-18.35555,-70.34028,1010.8208333333333
2000-08-27,200006.0,Diego Aracena Iquique Ap.,-20.54917,-70.18111,1011.65
2000-08-27,220002.0,"El Loa, Calama Ad.",-22.49806,-68.8925,774.0083333333333
2000-08-27,270001.0,Mataveri  Isla de Pascua Ap.,-27.15889,-109.4325,1015.3666666666667
2000-08-27,290004.0,"La Florida, La Serena Ad.",-29.91444,-71.20667,1003.464705882353
2000-08-27,330020.0,"Quinta Normal, Santiago",-33.445,-70.68278,960.64
2000-08-27,330021.0,Pudahuel Santiago ,-33.37833,-70.78778,965.2125
2000-08-27,330030.0,"Santo Domingo, Ad.",-33.65611,-71.61333,1015.2384615384616
2000-08-27,330031.0,"Juan Fernández, Estación Meteorológica.",-33.63583,-78.83305,1023.825
2000-08-27,340031.0,"General Freire, Curicó Ad.",-34.96944,-71.21694,997.0999999999999
2000-08-27,360011.0,"General Bernardo O'Higgins, Chillán Ad.",-36.58583,-72.03667,1008.3923076923077
2000-08-27,360019.0,"Carriel Sur, Concepción Ap.",-36.78055,-73.06639,1024.0874999999999
2000-08-27,380013.0,"Maquehue, Temuco Ad.",-38.76778,-72.63194,1013.6125000000001
2000-08-27,390006.0,"Pichoy, Valdivia Ad.",-39.65667,-73.08722,1023.4538461538461
2000-08-27,400009.0,"Cañal Bajo,  Osorno Ad.",-40.61444,-73.0575,1015.8384615384615
2000-08-27,410005.0,El Tepual  Puerto Montt Ap.,-41.4475,-73.09583,1011.8625
2000-08-27,430001.0,Quellón Ad.,-43.13361,-73.63278,1019.575
2000-08-27,430002.0,Futaleufú Ad.,-43.18889,-71.85222,977.7
2000-08-27,450004.0,"Teniente Vidal, Coyhaique Ad.",-45.59083,-72.10222,977.4846153846154
2000-08-27,450005.0,Balmaceda Ad.,-45.91833,-71.67778,950.2958333333332
2000-08-27,520006.0,"Carlos Ibañez, Punta Arenas Ap.",-53.00167,-70.83861,999.0
2000-08-27,950001.0,"C.M.A. Eduardo Frei Montalva, Antártica ",-62.19194,-58.97972,992.7875
2000-08-28,180005.0,"Chacalluta, Arica Ap.",-18.35555,-70.34028,1010.4625
2000-08-28,200006.0,Diego Aracena Iquique Ap.,-20.54917,-70.18111,1011.15
2000-08-28,220002.0,"El Loa, Calama Ad.",-22.49806,-68.8925,775.76
2000-08-28,270001.0,Mataveri  Isla de Pascua Ap.,-27.15889,-109.4325,1014.6999999999999
2000-08-28,290004.0,"La Florida, La Serena Ad.",-29.91444,-71.20667,1000.9882352941177
2000-08-28,330020.0,"Quinta Normal, Santiago",-33.445,-70.68278,961.0
2000-08-28,330021.0,Pudahuel Santiago ,-33.37833,-70.78778,966.6125
2000-08-28,330030.0,"Santo Domingo, Ad.",-33.65611,-71.61333,1014.2230769230769
2000-08-28,330031.0,"Juan Fernández, Estación Meteorológica.",-33.63583,-78.83305,1023.7
2000-08-28,340031.0,"General Freire, Curicó Ad.",-34.96944,-71.21694,996.5769230769231
2000-08-28,360011.0,"General Bernardo O'Higgins, Chillán Ad.",-36.58583,-72.03667,1006.1461538461538
2000-08-28,360019.0,"Carriel Sur, Concepción Ap.",-36.78055,-73.06639,1023.3874999999999
2000-08-28,380013.0,"Maquehue, Temuco Ad.",-38.76778,-72.63194,1010.5833333333334
2000-08-28,390006.0,"Pichoy, Valdivia Ad.",-39.65667,-73.08722,1015.5153846153846
2000-08-28,400009.0,"Cañal Bajo,  Osorno Ad.",-40.61444,-73.0575,1009.623076923077
2000-08-28,410005.0,El Tepual  Puerto Montt Ap.,-41.4475,-73.09583,1006.6
2000-08-28,430001.0,Quellón Ad.,-43.13361,-73.63278,1011.2
2000-08-28,430002.0,Futaleufú Ad.,-43.18889,-71.85222,968.4272727272728
2000-08-28,450001.0,Puerto Aysén Ad.,-45.39944,-72.67722,1006.875
2000-08-28,450004.0,"Teniente Vidal, Coyhaique Ad.",-45.59083,-72.10222,969.4538461538461
2000-08-28,450005.0,Balmaceda Ad.,-45.91833,-71.67778,941.5375
2000-08-28,520006.0,"Carlos Ibañez, Punta Arenas Ap.",-53.00167,-70.83861,986.3
2000-08-28,530005.0,"Fuentes Martínez, Porvenir Ad.",-53.25361,-70.32611,987.2083333333334
2000-08-28,550001.0,"Guardiamarina Zañartu, Pto Williams Ad.",-54.93167,-67.61556,986.85
2000-08-28,950001.0,"C.M.A. Eduardo Frei Montalva, Antártica ",-62.19194,-58.97972,990.9875
2000-08-29,180005.0,"Chacalluta, Arica Ap.",-18.35555,-70.34028,1008.3583333333332
2000-08-29,200006.0,Diego Aracena Iquique Ap.,-20.54917,-70.18111,1009.4375
2000-08-29,220002.0,"El Loa, Calama Ad.",-22.49806,-68.8925,774.79375
2000-08-29,270001.0,Mataveri  Isla de Pascua Ap.,-27.15889,-109.4325,1016.0
2000-08-29,290004.0,"La Florida, La Serena Ad.",-29.91444,-71.20667,997.2941176470588
2000-08-29,330020.0,"Quinta Normal, Santiago",-33.445,-70.68278,957.74
2000-08-29,330021.0,Pudahuel Santiago ,-33.37833,-70.78778,963.5875
2000-08-29,330030.0,"Santo Domingo, Ad.",-33.65611,-71.61333,1010.2384615384616
2000-08-29,330031.0,"Juan Fernández, Estación Meteorológica.",-33.63583,-78.83305,1018.6
2000-08-29,340031.0,"General Freire, Curicó Ad.",-34.96944,-71.21694,992.1923076923077
2000-08-29,360011.0,"General Bernardo O'Higgins, Chillán Ad.",-36.58583,-72.03667,1001.9538461538461
2000-08-29,360019.0,"Carriel Sur, Concepción Ap.",-36.78055,-73.06639,1018.9115384615385
2000-08-29,380013.0,"Maquehue, Temuco Ad.",-38.76778,-72.63194,1006.5124999999999
2000-08-29,390006.0,"Pichoy, Valdivia Ad.",-39.65667,-73.08722,1010.6461538461538
2000-08-29,400009.0,"Cañal Bajo,  Osorno Ad.",-40.61444,-73.0575,1004.4461538461538
2000-08-29,410005.0,El Tepual  Puerto Montt Ap.,-41.4475,-73.09583,1003.3625
2000-08-29,430001.0,Quellón Ad.,-43.13361,-73.63278,1005.75
2000-08-29,430002.0,Futaleufú Ad.,-43.18889,-71.85222,965.6090909090909
2000-08-29,450001.0,Puerto Aysén Ad.,-45.39944,-72.67722,1004.95
2000-08-29,450004.0,"Teniente Vidal, Coyhaique Ad.",-45.59083,-72.10222,967.9230769230769
2000-08-29,450005.0,Balmaceda Ad.,-45.91833,-71.67778,943.375
2000-08-29,520006.0,"Carlos Ibañez, Punta Arenas Ap.",-53.00167,-70.83861,990.6625
2000-08-29,530005.0,"Fuentes Martínez, Porvenir Ad.",-53.25361,-70.32611,991.5
2000-08-29,550001.0,"Guardiamarina Zañartu, Pto Williams Ad.",-54.93167,-67.61556,990.9111111111112
2000-08-29,950001.0,"C.M.A. Eduardo Frei Montalva, Antártica ",-62.19194,-58.97972,988.825
2000-08-30,180005.0,"Chacalluta, Arica Ap.",-18.35555,-70.34028,1009.875
2000-08-30,200006.0,Diego Aracena Iquique Ap.,-20.54917,-70.18111,1010.1875
2000-08-30,220002.0,"El Loa, Calama Ad.",-22.49806,-68.8925,774.84375
2000-08-30,270001.0,Mataveri  Isla de Pascua Ap.,-27.15889,-109.4325,1015.8000000000001
2000-08-30,290004.0,"La Florida, La Serena Ad.",-29.91444,-71.20667,998.7111111111111
2000-08-30,330020.0,"Quinta Normal, Santiago",-33.445,-70.68278,956.75
2000-08-30,330021.0,Pudahuel Santiago ,-33.37833,-70.78778,960.8625
2000-08-30,330030.0,"Santo Domingo, Ad.",-33.65611,-71.61333,1010.7538461538461
2000-08-30,330031.0,"Juan Fernández, Estación Meteorológica.",-33.63583,-78.83305,1020.9200000000001
2000-08-30,340031.0,"General Freire, Curicó Ad.",-34.96944,-71.21694,993.2076923076924
2000-08-30,360011.0,"General Bernardo O'Higgins, Chillán Ad.",-36.58583,-72.03667,1004.5769230769231
2000-08-30,360019.0,"Carriel Sur, Concepción Ap.",-36.78055,-73.06639,1020.4166666666666
2000-08-30,380013.0,"Maquehue, Temuco Ad.",-38.76778,-72.63194,1010.4166666666666
2000-08-30,390006.0,"Pichoy, Valdivia Ad.",-39.65667,-73.08722,1022.4461538461538
2000-08-30,400009.0,"Cañal Bajo,  Osorno Ad.",-40.61444,-73.0575,1016.823076923077
2000-08-30,410005.0,El Tepual  Puerto Montt Ap.,-41.4475,-73.09583,1009.525
2000-08-30,430001.0,Quellón Ad.,-43.13361,-73.63278,1021.325
2000-08-30,430002.0,Futaleufú Ad.,-43.18889,-71.85222,980.6636363636363
2000-08-30,450001.0,Puerto Aysén Ad.,-45.39944,-72.67722,1019.7375
2000-08-30,450004.0,"Teniente Vidal, Coyhaique Ad.",-45.59083,-72.10222,980.5999999999999
2000-08-30,450005.0,Balmaceda Ad.,-45.91833,-71.67778,950.2416666666667
2000-08-30,520006.0,"Carlos Ibañez, Punta Arenas Ap.",-53.00167,-70.83861,994.375
2000-08-30,530005.0,"Fuentes Martínez, Porvenir Ad.",-53.25361,-70.32611,994.1583333333333
2000-08-30,550001.0,"Guardiamarina Zañartu, Pto Williams Ad.",-54.93167,-67.61556,993.6444444444444
2000-08-30,950001.0,"C.M.A. Eduardo Frei Montalva, Antártica ",-62.19194,-58.97972,988.8875
2000-08-31,180005.0,"Chacalluta, Arica Ap.",-18.35555,-70.34028,1009.8874999999999
2000-08-31,200006.0,Diego Aracena Iquique Ap.,-20.54917,-70.18111,1011.125
2000-08-31,220002.0,"El Loa, Calama Ad.",-22.49806,-68.8925,775.525
2000-08-31,270001.0,Mataveri  Isla de Pascua Ap.,-27.15889,-109.4325,1014.6
2000-08-31,290004.0,"La Florida, La Serena Ad.",-29.91444,-71.20667,1000.6176470588235
2000-08-31,330020.0,"Quinta Normal, Santiago",-33.445,-70.68278,955.9399999999999
2000-08-31,330021.0,Pudahuel Santiago ,-33.37833,-70.78778,961.675
2000-08-31,330030.0,"Santo Domingo, Ad.",-33.65611,-71.61333,1009.6384615384615
2000-08-31,330031.0,"Juan Fernández, Estación Meteorológica.",-33.63583,-78.83305,1021.82
2000-08-31,340031.0,"General Freire, Curicó Ad.",-34.96944,-71.21694,991.5
2000-08-31,360011.0,"General Bernardo O'Higgins, Chillán Ad.",-36.58583,-72.03667,1002.323076923077
2000-08-31,360019.0,"Carriel Sur, Concepción Ap.",-36.78055,-73.06639,1021.3249999999999
2000-08-31,380013.0,"Maquehue, Temuco Ad.",-38.76778,-72.63194,1014.612
2000-08-31,390006.0,"Pichoy, Valdivia Ad.",-39.65667,-73.08722,1022.15
2000-08-31,400009.0,"Cañal Bajo,  Osorno Ad.",-40.61444,-73.0575,1015.9538461538461
2000-08-31,410005.0,El Tepual  Puerto Montt Ap.,-41.4475,-73.09583,1014.2
2000-08-31,430001.0,Quellón Ad.,-43.13361,-73.63278,1018.4
2000-08-31,430002.0,Futaleufú Ad.,-43.18889,-71.85222,977.2727272727273
2000-08-31,450001.0,Puerto Aysén Ad.,-45.39944,-72.67722,1018.2875
2000-08-31,450004.0,"Teniente Vidal, Coyhaique Ad.",-45.59083,-72.10222,980.2769230769231
2000-08-31,450005.0,Balmaceda Ad.,-45.91833,-71.67778,950.3583333333332
2000-08-31,520006.0,"Carlos Ibañez, Punta Arenas Ap.",-53.00167,-70.83861,992.5625
2000-08-31,530005.0,"Fuentes Martínez, Porvenir Ad.",-53.25361,-70.32611,997.875
2000-08-31,550001.0,"Guardiamarina Zañartu, Pto Williams Ad.",-54.93167,-67.61556,994.9000000000001
2000-08-31,950001.0,"C.M.A. Eduardo Frei Montalva, Antártica ",-62.19194,-58.97972,984.2125
2000-09-01,180005.0,"Chacalluta, Arica Ap.",-18.35555,-70.34028,1010.5333333333333
2000-09-01,200006.0,Diego Aracena Iquique Ap.,-20.54917,-70.18111,1011.2375
2000-09-01,220002.0,"El Loa, Calama Ad.",-22.49806,-68.8925,775.325
2000-09-01,270001.0,Mataveri  Isla de Pascua Ap.,-27.15889,-109.4325,1013.4166666666666
2000-09-01,290004.0,"La Florida, La Serena Ad.",-29.91444,-71.20667,1001.3117647058823
2000-09-01,330020.0,"Quinta Normal, Santiago",-33.445,-70.68278,957.14
2000-09-01,330021.0,Pudahuel Santiago ,-33.37833,-70.78778,962.3875
2000-09-01,330030.0,"Santo Domingo, Ad.",-33.65611,-71.61333,1011.5230769230768
2000-09-01,330031.0,"Juan Fernández, Estación Meteorológica.",-33.63583,-78.83305,1022.14
2000-09-01,340031.0,"General Freire, Curicó Ad.",-34.96944,-71.21694,994.123076923077
2000-09-01,360011.0,"General Bernardo O'Higgins, Chillán Ad.",-36.58583,-72.03667,1004.323076923077
2000-09-01,360019.0,"Carriel Sur, Concepción Ap.",-36.78055,-73.06639,1021.8958333333334
2000-09-01,380013.0,"Maquehue, Temuco Ad.",-38.76778,-72.63194,1013.3791666666666
2000-09-01,390006.0,"Pichoy, Valdivia Ad.",-39.65667,-73.08722,1022.1076923076923
2000-09-01,400009.0,"Cañal Bajo,  Osorno Ad.",-40.61444,-73.0575,1017.4230769230769
2000-09-01,410005.0,El Tepual  Puerto Montt Ap.,-41.4475,-73.09583,1013.1125
2000-09-01,430001.0,Quellón Ad.,-43.13361,-73.63278,1021.05
2000-09-01,430002.0,Futaleufú Ad.,-43.18889,-71.85222,979.5272727272727
2000-09-01,450001.0,Puerto Aysén Ad.,-45.39944,-72.67722,1012.5125
2000-09-01,450004.0,"Teniente Vidal, Coyhaique Ad.",-45.59083,-72.10222,979.7
2000-09-01,450005.0,Balmaceda Ad.,-45.91833,-71.67778,952.6166666666667
2000-09-01,520006.0,"Carlos Ibañez, Punta Arenas Ap.",-53.00167,-70.83861,994.1375
2000-09-01,530005.0,"Fuentes Martínez, Porvenir Ad.",-53.25361,-70.32611,993.5416666666666
2000-09-01,550001.0,"Guardiamarina Zañartu, Pto Williams Ad.",-54.93167,-67.61556,990.5625
2000-09-01,950001.0,"C.M.A. Eduardo Frei Montalva, Antártica ",-62.19194,-58.97972,985.225
2000-09-02,180005.0,"Chacalluta, Arica Ap.",-18.35555,-70.34028,1010.2791666666667
2000-09-02,200006.0,Diego Aracena Iquique Ap.,-20.54917,-70.18111,1011.1625
2000-09-02,220002.0,"El Loa, Calama Ad.",-22.49806,-68.8925,775.54375
2000-09-02,270001.0,Mataveri  Isla de Pascua Ap.,-27.15889,-109.4325,1011.6333333333333
2000-09-02,290004.0,"La Florida, La Serena Ad.",-29.91444,-71.20667,1000.2450000000001
2000-09-02,330020.0,"Quinta Normal, Santiago",-33.445,-70.68278,956.0600000000001
2000-09-02,330021.0,Pudahuel Santiago ,-33.37833,-70.78778,962.075
2000-09-02,330030.0,"Santo Domingo, Ad.",-33.65611,-71.61333,1008.6538461538462
2000-09-02,330031.0,"Juan Fernández, Estación Meteorológica.",-33.63583,-78.83305,1021.7
2000-09-02,340031.0,"General Freire, Curicó Ad.",-34.96944,-71.21694,991.3692307692307
2000-09-02,360011.0,"General Bernardo O'Higgins, Chillán Ad.",-36.58583,-72.03667,1001.9076923076923
2000-09-02,360019.0,"Carriel Sur, Concepción Ap.",-36.78055,-73.06639,1020.4375
2000-09-02,380013.0,"Maquehue, Temuco Ad.",-38.76778,-72.63194,1014.9576923076924
2000-09-02,390006.0,"Pichoy, Valdivia Ad.",-39.65667,-73.08722,1023.6307692307693
2000-09-02,400009.0,"Cañal Bajo,  Osorno Ad.",-40.61444,-73.0575,1019.4928571428571
2000-09-02,410005.0,El Tepual  Puerto Montt Ap.,-41.4475,-73.09583,1017.6875
2000-09-02,430001.0,Quellón Ad.,-43.13361,-73.63278,1023.575
2000-09-02,430002.0,Futaleufú Ad.,-43.18889,-71.85222,982.1909090909091
2000-09-02,450004.0,"Teniente Vidal, Coyhaique Ad.",-45.59083,-72.10222,982.4230769230769
2000-09-02,450005.0,Balmaceda Ad.,-45.91833,-71.67778,955.5541666666667
2000-09-02,520006.0,"Carlos Ibañez, Punta Arenas Ap.",-53.00167,-70.83861,993.8875
2000-09-02,530005.0,"Fuentes Martínez, Porvenir Ad.",-53.25361,-70.32611,996.6666666666666
2000-09-02,950001.0,"C.M.A. Eduardo Frei Montalva, Antártica ",-62.19194,-58.97972,986.6125
2000-09-03,180005.0,"Chacalluta, Arica Ap.",-18.35555,-70.34028,1010.8416666666667
2000-09-03,200006.0,Diego Aracena Iquique Ap.,-20.54917,-70.18111,1011.45
2000-09-03,220002.0,"El Loa, Calama Ad.",-22.49806,-68.8925,775.0833333333334
2000-09-03,270001.0,Mataveri  Isla de Pascua Ap.,-27.15889,-109.4325,1010.0333333333333
2000-09-03,290004.0,"La Florida, La Serena Ad.",-29.91444,-71.20667,1000.9823529411765
2000-09-03,330020.0,"Quinta Normal, Santiago",-33.445,-70.68278,955.22
2000-09-03,330021.0,Pudahuel Santiago ,-33.37833,-70.78778,959.95
2000-09-03,330030.0,"Santo Domingo, Ad.",-33.65611,-71.61333,1009.8692307692307
2000-09-03,330031.0,"Juan Fernández, Estación Meteorológica.",-33.63583,-78.83305,1018.65
2000-09-03,340031.0,"General Freire, Curicó Ad.",-34.96944,-71.21694,990.0538461538462
2000-09-03,360011.0,"General Bernardo O'Higgins, Chillán Ad.",-36.58583,-72.03667,999.7769230769231
2000-09-03,360019.0,"Carriel Sur, Concepción Ap.",-36.78055,-73.06639,1017.1125000000001
2000-09-03,380013.0,"Maquehue, Temuco Ad.",-38.76778,-72.63194,1009.052
2000-09-03,390006.0,"Pichoy, Valdivia Ad.",-39.65667,-73.08722,1017.7416666666667
2000-09-03,400009.0,"Cañal Bajo,  Osorno Ad.",-40.61444,-73.0575,1013.8357142857143
2000-09-03,410005.0,El Tepual  Puerto Montt Ap.,-41.4475,-73.09583,1012.1
2000-09-03,430001.0,Quellón Ad.,-43.13361,-73.63278,1017.775
2000-09-03,430002.0,Futaleufú Ad.,-43.18889,-71.85222,976.8363636363637
2000-09-03,450004.0,"Teniente Vidal, Coyhaique Ad.",-45.59083,-72.10222,976.2769230769231
2000-09-03,450005.0,Balmaceda Ad.,-45.91833,-71.67778,948.9416666666666
2000-09-03,520006.0,"Carlos Ibañez, Punta Arenas Ap.",-53.00167,-70.83861,995.925
2000-09-03,950001.0,"C.M.A. Eduardo Frei Montalva, Antártica ",-62.19194,-58.97972,989.075
2000-09-04,180005.0,"Chacalluta, Arica Ap.",-18.35555,-70.34028,1011.1374999999999
2000-09-04,200006.0,Diego Aracena Iquique Ap.,-20.54917,-70.18111,1011.9125
2000-09-04,220002.0,"El Loa, Calama Ad.",-22.49806,-68.8925,775.88
2000-09-04,270001.0,Mataveri  Isla de Pascua Ap.,-27.15889,-109.4325,1011.5666666666666
2000-09-04,290004.0,"La Florida, La Serena Ad.",-29.91444,-71.20667,1002.0529411764707
2000-09-04,330020.0,"Quinta Normal, Santiago",-33.445,-70.68278,956.6600000000001
2000-09-04,330021.0,Pudahuel Santiago ,-33.37833,-70.78778,961.8375
2000-09-04,330030.0,"Santo Domingo, Ad.",-33.65611,-71.61333,1011.0923076923077
2000-09-04,330031.0,"Juan Fernández, Estación Meteorológica.",-33.63583,-78.83305,1018.45
2000-09-04,340031.0,"General Freire, Curicó Ad.",-34.96944,-71.21694,990.8307692307692
2000-09-04,360011.0,"General Bernardo O'Higgins, Chillán Ad.",-36.58583,-72.03667,1000.876923076923
2000-09-04,360019.0,"Carriel Sur, Concepción Ap.",-36.78055,-73.06639,1018.1833333333334
2000-09-04,380013.0,"Maquehue, Temuco Ad.",-38.76778,-72.63194,1009.172
2000-09-04,390006.0,"Pichoy, Valdivia Ad.",-39.65667,-73.08722,1018.1846153846153
2000-09-04,400009.0,"Cañal Bajo,  Osorno Ad.",-40.61444,-73.0575,1014.3214285714286
2000-09-04,410005.0,El Tepual  Puerto Montt Ap.,-41.4475,-73.09583,1011.45
2000-09-04,430001.0,Quellón Ad.,-43.13361,-73.63278,1018.1
2000-09-04,430002.0,Futaleufú Ad.,-43.18889,-71.85222,978.1
2000-09-04,450004.0,"Teniente Vidal, Coyhaique Ad.",-45.59083,-72.10222,982.2
2000-09-04,450005.0,Balmaceda Ad.,-45.91833,-71.67778,954.6541666666667
2000-09-04,520006.0,"Carlos Ibañez, Punta Arenas Ap.",-53.00167,-70.83861,1004.65
2000-09-04,530005.0,"Fuentes Martínez, Porvenir Ad.",-53.25361,-70.32611,1009.3000000000001
2000-09-04,950001.0,"C.M.A. Eduardo Frei Montalva, Antártica ",-62.19194,-58.97972,995.375
2000-09-05,180005.0,"Chacalluta, Arica Ap.",-18.35555,-70.34028,1011.2041666666668
2000-09-05,200006.0,Diego Aracena Iquique Ap.,-20.54917,-70.18111,1011.9375
2000-09-05,220002.0,"El Loa, Calama Ad.",-22.49806,-68.8925,776.25625
2000-09-05,270001.0,Mataveri  Isla de Pascua Ap.,-27.15889,-109.4325,1012.4
2000-09-05,290004.0,"La Florida, La Serena Ad.",-29.91444,-71.20667,1002.8117647058823
2000-09-05,330020.0,"Quinta Normal, Santiago",-33.445,-70.68278,958.2
2000-09-05,330021.0,Pudahuel Santiago ,-33.37833,-70.78778,963.5125
2000-09-05,330030.0,"Santo Domingo, Ad.",-33.65611,-71.61333,1012.3384615384615
2000-09-05,330031.0,"Juan Fernández, Estación Meteorológica.",-33.63583,-78.83305,1016.18
2000-09-05,340031.0,"General Freire, Curicó Ad.",-34.96944,-71.21694,992.0571428571428
2000-09-05,360011.0,"General Bernardo O'Higgins, Chillán Ad.",-36.58583,-72.03667,1002.0538461538462
2000-09-05,360019.0,"Carriel Sur, Concepción Ap.",-36.78055,-73.06639,1019.0708333333333
2000-09-05,380013.0,"Maquehue, Temuco Ad.",-38.76778,-72.63194,1008.3961538461538
2000-09-05,390006.0,"Pichoy, Valdivia Ad.",-39.65667,-73.08722,1016.2615384615384
2000-09-05,400009.0,"Cañal Bajo,  Osorno Ad.",-40.61444,-73.0575,1010.6071428571429
2000-09-05,410005.0,El Tepual  Puerto Montt Ap.,-41.4475,-73.09583,1008.15
2000-09-05,430001.0,Quellón Ad.,-43.13361,-73.63278,1013.3
2000-09-05,430002.0,Futaleufú Ad.,-43.18889,-71.85222,974.6545454545455
2000-09-05,450001.0,Puerto Aysén Ad.,-45.39944,-72.67722,1017.0875
2000-09-05,450004.0,"Teniente Vidal, Coyhaique Ad.",-45.59083,-72.10222,981.6846153846153
2000-09-05,450005.0,Balmaceda Ad.,-45.91833,-71.67778,957.8125
2000-09-05,520006.0,"Carlos Ibañez, Punta Arenas Ap.",-53.00167,-70.83861,1014.6875
2000-09-05,530005.0,"Fuentes Martínez, Porvenir Ad.",-53.25361,-70.32611,1013.8833333333333
2000-09-05,550001.0,"Guardiamarina Zañartu, Pto Williams Ad.",-54.93167,-67.61556,1014.1899999999999
2000-09-05,950001.0,"C.M.A. Eduardo Frei Montalva, Antártica ",-62.19194,-58.97972,1005.8375
2000-09-06,180005.0,"Chacalluta, Arica Ap.",-18.35555,-70.34028,1010.5375
2000-09-06,200006.0,Diego Aracena Iquique Ap.,-20.54917,-70.18111,1011.275
2000-09-06,220002.0,"El Loa, Calama Ad.",-22.49806,-68.8925,774.2705882352941
2000-09-06,270001.0,Mataveri  Isla de Pascua Ap.,-27.15889,-109.4325,1011.9
2000-09-06,290004.0,"La Florida, La Serena Ad.",-29.91444,-71.20667,1000.9333333333333
2000-09-06,330020.0,"Quinta Normal, Santiago",-33.445,-70.68278,957.0799999999999
2000-09-06,330021.0,Pudahuel Santiago ,-33.37833,-70.78778,962.4375
2000-09-06,330030.0,"Santo Domingo, Ad.",-33.65611,-71.61333,1011.0923076923077
2000-09-06,330031.0,"Juan Fernández, Estación Meteorológica.",-33.63583,-78.83305,1012.4200000000001
2000-09-06,340031.0,"General Freire, Curicó Ad.",-34.96944,-71.21694,991.376923076923
2000-09-06,360011.0,"General Bernardo O'Higgins, Chillán Ad.",-36.58583,-72.03667,999.7461538461539
2000-09-06,360019.0,"Carriel Sur, Concepción Ap.",-36.78055,-73.06639,1016.1999999999999
2000-09-06,380013.0,"Maquehue, Temuco Ad.",-38.76778,-72.63194,1003.025
2000-09-06,390006.0,"Pichoy, Valdivia Ad.",-39.65667,-73.08722,1007.6846153846153
2000-09-06,400009.0,"Cañal Bajo,  Osorno Ad.",-40.61444,-73.0575,1001.3307692307692
2000-09-06,410005.0,El Tepual  Puerto Montt Ap.,-41.4475,-73.09583,998.575
2000-09-06,430001.0,Quellón Ad.,-43.13361,-73.63278,1000.325
2000-09-06,430002.0,Futaleufú Ad.,-43.18889,-71.85222,960.6636363636363
2000-09-06,450001.0,Puerto Aysén Ad.,-45.39944,-72.67722,995.9
2000-09-06,450004.0,"Teniente Vidal, Coyhaique Ad.",-45.59083,-72.10222,965.0461538461539
2000-09-06,450005.0,Balmaceda Ad.,-45.91833,-71.67778,942.7125
2000-09-06,520006.0,"Carlos Ibañez, Punta Arenas Ap.",-53.00167,-70.83861,1007.025
2000-09-06,530005.0,"Fuentes Martínez, Porvenir Ad.",-53.25361,-70.32611,1005.5692307692308
2000-09-06,550001.0,"Guardiamarina Zañartu, Pto Williams Ad.",-54.93167,-67.61556,1010.2090909090908
2000-09-06,950001.0,"C.M.A. Eduardo Frei Montalva, Antártica ",-62.19194,-58.97972,1016.9125
2000-09-07,180005.0,"Chacalluta, Arica Ap.",-18.35555,-70.34028,1009.8208333333333
2000-09-07,200006.0,Diego Aracena Iquique Ap.,-20.54917,-70.18111,1009.6375
2000-09-07,220002.0,"El Loa, Calama Ad.",-22.49806,-68.8925,773.63125
2000-09-07,270001.0,Mataveri  Isla de Pascua Ap.,-27.15889,-109.4325,1011.1166666666667
2000-09-07,290004.0,"La Florida, La Serena Ad.",-29.91444,-71.20667,1000.9944444444445
2000-09-07,330020.0,"Quinta Normal, Santiago",-33.445,-70.68278,956.68
2000-09-07,330021.0,Pudahuel Santiago ,-33.37833,-70.78778,961.8
2000-09-07,330030.0,"Santo Domingo, Ad.",-33.65611,-71.61333,1010.0846153846154
2000-09-07,330031.0,"Juan Fernández, Estación Meteorológica.",-33.63583,-78.83305,1013.0200000000001
2000-09-07,340031.0,"General Freire, Curicó Ad.",-34.96944,-71.21694,990.4384615384616
2000-09-07,360011.0,"General Bernardo O'Higgins, Chillán Ad.",-36.58583,-72.03667,999.1846153846153
2000-09-07,360019.0,"Carriel Sur, Concepción Ap.",-36.78055,-73.06639,1015.6333333333333
2000-09-07,380013.0,"Maquehue, Temuco Ad.",-38.76778,-72.63194,1004.0291666666667
2000-09-07,390006.0,"Pichoy, Valdivia Ad.",-39.65667,-73.08722,1013.2615384615384
2000-09-07,400009.0,"Cañal Bajo,  Osorno Ad.",-40.61444,-73.0575,1008.2384615384616
2000-09-07,410005.0,El Tepual  Puerto Montt Ap.,-41.4475,-73.09583,1004.1
2000-09-07,430001.0,Quellón Ad.,-43.13361,-73.63278,1011.6
2000-09-07,430002.0,Futaleufú Ad.,-43.18889,-71.85222,969.1818181818181
2000-09-07,450001.0,Puerto Aysén Ad.,-45.39944,-72.67722,1004.3375
2000-09-07,450004.0,"Teniente Vidal, Coyhaique Ad.",-45.59083,-72.10222,972.6153846153846
2000-09-07,450005.0,Balmaceda Ad.,-45.91833,-71.67778,943.2291666666666
2000-09-07,520006.0,"Carlos Ibañez, Punta Arenas Ap.",-53.00167,-70.83861,1010.2
2000-09-07,530005.0,"Fuentes Martínez, Porvenir Ad.",-53.25361,-70.32611,1015.4083333333333
2000-09-07,550001.0,"Guardiamarina Zañartu, Pto Williams Ad.",-54.93167,-67.61556,1021.6454545454545
2000-09-07,950001.0,"C.M.A. Eduardo Frei Montalva, Antártica ",-62.19194,-58.97972,1028.3375
2000-09-08,180005.0,"Chacalluta, Arica Ap.",-18.35555,-70.34028,1008.5708333333333
2000-09-08,200006.0,Diego Aracena Iquique Ap.,-20.54917,-70.18111,1009.275
2000-09-08,220002.0,"El Loa, Calama Ad.",-22.49806,-68.8925,773.50625
2000-09-08,270001.0,Mataveri  Isla de Pascua Ap.,-27.15889,-109.4325,1010.15
2000-09-08,290004.0,"La Florida, La Serena Ad.",-29.91444,-71.20667,997.8210526315788
2000-09-08,330020.0,"Quinta Normal, Santiago",-33.445,-70.68278,954.0799999999999
2000-09-08,330021.0,Pudahuel Santiago ,-33.37833,-70.78778,958.9125
2000-09-08,330030.0,"Santo Domingo, Ad.",-33.65611,-71.61333,1006.0999999999999
2000-09-08,330031.0,"Juan Fernández, Estación Meteorológica.",-33.63583,-78.83305,1004.32
2000-09-08,340031.0,"General Freire, Curicó Ad.",-34.96944,-71.21694,986.176923076923
2000-09-08,360011.0,"General Bernardo O'Higgins, Chillán Ad.",-36.58583,-72.03667,993.4846153846154
2000-09-08,360019.0,"Carriel Sur, Concepción Ap.",-36.78055,-73.06639,1009.323076923077
2000-09-08,380013.0,"Maquehue, Temuco Ad.",-38.76778,-72.63194,999.372
2000-09-08,390006.0,"Pichoy, Valdivia Ad.",-39.65667,-73.08722,1006.2230769230769
2000-09-08,400009.0,"Cañal Bajo,  Osorno Ad.",-40.61444,-73.0575,1002.7615384615384
2000-09-08,410005.0,El Tepual  Puerto Montt Ap.,-41.4475,-73.09583,1002.4625
2000-09-08,430001.0,Quellón Ad.,-43.13361,-73.63278,1009.35
2000-09-08,430002.0,Futaleufú Ad.,-43.18889,-71.85222,973.8545454545455
2000-09-08,450001.0,Puerto Aysén Ad.,-45.39944,-72.67722,1015.5625
2000-09-08,450004.0,"Teniente Vidal, Coyhaique Ad.",-45.59083,-72.10222,981.9384615384616
2000-09-08,450005.0,Balmaceda Ad.,-45.91833,-71.67778,955.5083333333333
2000-09-08,520006.0,"Carlos Ibañez, Punta Arenas Ap.",-53.00167,-70.83861,1021.025
2000-09-08,530005.0,"Fuentes Martínez, Porvenir Ad.",-53.25361,-70.32611,1022.0666666666666
2000-09-08,550001.0,"Guardiamarina Zañartu, Pto Williams Ad.",-54.93167,-67.61556,1024.5181818181818
2000-09-08,950001.0,"C.M.A. Eduardo Frei Montalva, Antártica ",-62.19194,-58.97972,1026.925
2000-09-09,180005.0,"Chacalluta, Arica Ap.",-18.35555,-70.34028,1008.9875000000001
2000-09-09,200006.0,Diego Aracena Iquique Ap.,-20.54917,-70.18111,1009.7
2000-09-09,220002.0,"El Loa, Calama Ad.",-22.49806,-68.8925,775.625
2000-09-09,270001.0,Mataveri  Isla de Pascua Ap.,-27.15889,-109.4325,1008.7333333333332
2000-09-09,290004.0,"La Florida, La Serena Ad.",-29.91444,-71.20667,996.9941176470589
2000-09-09,330020.0,"Quinta Normal, Santiago",-33.445,-70.68278,948.9399999999999
2000-09-09,330021.0,Pudahuel Santiago ,-33.37833,-70.78778,954.2125
2000-09-09,330030.0,"Santo Domingo, Ad.",-33.65611,-71.61333,1001.2538461538461
2000-09-09,330031.0,"Juan Fernández, Estación Meteorológica.",-33.63583,-78.83305,1000.225
2000-09-09,340031.0,"General Freire, Curicó Ad.",-34.96944,-71.21694,981.5461538461539
2000-09-09,360011.0,"General Bernardo O'Higgins, Chillán Ad.",-36.58583,-72.03667,986.6153846153846
2000-09-09,360019.0,"Carriel Sur, Concepción Ap.",-36.78055,-73.06639,1002.5239999999999
2000-09-09,380013.0,"Maquehue, Temuco Ad.",-38.76778,-72.63194,992.4499999999999
2000-09-09,390006.0,"Pichoy, Valdivia Ad.",-39.65667,-73.08722,1001.5692307692308
2000-09-09,400009.0,"Cañal Bajo,  Osorno Ad.",-40.61444,-73.0575,996.6461538461538
2000-09-09,410005.0,El Tepual  Puerto Montt Ap.,-41.4475,-73.09583,994.0875
2000-09-09,430001.0,Quellón Ad.,-43.13361,-73.63278,1001.1
2000-09-09,430002.0,Futaleufú Ad.,-43.18889,-71.85222,964.2909090909092
2000-09-09,450004.0,"Teniente Vidal, Coyhaique Ad.",-45.59083,-72.10222,976.5
2000-09-09,450005.0,Balmaceda Ad.,-45.91833,-71.67778,953.9625
2000-09-09,520006.0,"Carlos Ibañez, Punta Arenas Ap.",-53.00167,-70.83861,1022.7
2000-09-09,530005.0,"Fuentes Martínez, Porvenir Ad.",-53.25361,-70.32611,1023.9076923076923
2000-09-09,950001.0,"C.M.A. Eduardo Frei Montalva, Antártica ",-62.19194,-58.97972,1014.975
2000-09-10,180005.0,"Chacalluta, Arica Ap.",-18.35555,-70.34028,1010.8375
2000-09-10,200006.0,Diego Aracena Iquique Ap.,-20.54917,-70.18111,1011.55
2000-09-10,220002.0,"El Loa, Calama Ad.",-22.49806,-68.8925,776.3
2000-09-10,270001.0,Mataveri  Isla de Pascua Ap.,-27.15889,-109.4325,1007.7666666666665
2000-09-10,290004.0,"La Florida, La Serena Ad.",-29.91444,-71.20667,1001.1899999999999
2000-09-10,330020.0,"Quinta Normal, Santiago",-33.445,-70.68278,951.775
2000-09-10,330021.0,Pudahuel Santiago ,-33.37833,-70.78778,955.9125
2000-09-10,330030.0,"Santo Domingo, Ad.",-33.65611,-71.61333,1006.6076923076923
2000-09-10,330031.0,"Juan Fernández, Estación Meteorológica.",-33.63583,-78.83305,1009.075
2000-09-10,340031.0,"General Freire, Curicó Ad.",-34.96944,-71.21694,986.6928571428572
2000-09-10,360011.0,"General Bernardo O'Higgins, Chillán Ad.",-36.58583,-72.03667,991.6307692307693
2000-09-10,360019.0,"Carriel Sur, Concepción Ap.",-36.78055,-73.06639,1007.8125
2000-09-10,380013.0,"Maquehue, Temuco Ad.",-38.76778,-72.63194,997.2166666666667
2000-09-10,390006.0,"Pichoy, Valdivia Ad.",-39.65667,-73.08722,1007.3153846153847
2000-09-10,400009.0,"Cañal Bajo,  Osorno Ad.",-40.61444,-73.0575,1001.323076923077
2000-09-10,410005.0,El Tepual  Puerto Montt Ap.,-41.4475,-73.09583,996.9875
2000-09-10,430001.0,Quellón Ad.,-43.13361,-73.63278,1005.3499999999999
2000-09-10,430002.0,Futaleufú Ad.,-43.18889,-71.85222,965.7090909090908
2000-09-10,450004.0,"Teniente Vidal, Coyhaique Ad.",-45.59083,-72.10222,973.5846153846154
2000-09-10,450005.0,Balmaceda Ad.,-45.91833,-71.67778,948.4541666666668
2000-09-10,520006.0,"Carlos Ibañez, Punta Arenas Ap.",-53.00167,-70.83861,1022.5375
2000-09-10,950001.0,"C.M.A. Eduardo Frei Montalva, Antártica ",-62.19194,-58.97972,1000.8875
2000-09-11,180005.0,"Chacalluta, Arica Ap.",-18.35555,-70.34028,1009.5416666666666
2000-09-11,200006.0,Diego Aracena Iquique Ap.,-20.54917,-70.18111,1010.3125
2000-09-11,220002.0,"El Loa, Calama Ad.",-22.49806,-68.8925,775.7875
2000-09-11,270001.0,Mataveri  Isla de Pascua Ap.,-27.15889,-109.4325,1010.2333333333332
2000-09-11,290004.0,"La Florida, La Serena Ad.",-29.91444,-71.20667,1001.6315789473684
2000-09-11,330020.0,"Quinta Normal, Santiago",-33.445,-70.68278,959.4799999999999
2000-09-11,330021.0,Pudahuel Santiago ,-33.37833,-70.78778,965.0125
2000-09-11,330030.0,"Santo Domingo, Ad.",-33.65611,-71.61333,1012.8846153846154
2000-09-11,330031.0,"Juan Fernández, Estación Meteorológica.",-33.63583,-78.83305,1016.24
2000-09-11,340031.0,"General Freire, Curicó Ad.",-34.96944,-71.21694,993.4846153846154
2000-09-11,360011.0,"General Bernardo O'Higgins, Chillán Ad.",-36.58583,-72.03667,998.4000000000001
2000-09-11,360019.0,"Carriel Sur, Concepción Ap.",-36.78055,-73.06639,1017.7192307692308
2000-09-11,380013.0,"Maquehue, Temuco Ad.",-38.76778,-72.63194,1005.352
2000-09-11,390006.0,"Pichoy, Valdivia Ad.",-39.65667,-73.08722,1013.8076923076923
2000-09-11,400009.0,"Cañal Bajo,  Osorno Ad.",-40.61444,-73.0575,1008.9538461538461
2000-09-11,410005.0,El Tepual  Puerto Montt Ap.,-41.4475,-73.09583,1003.6375
2000-09-11,430001.0,Quellón Ad.,-43.13361,-73.63278,1011.95
2000-09-11,430002.0,Futaleufú Ad.,-43.18889,-71.85222,971.9727272727273
2000-09-11,450001.0,Puerto Aysén Ad.,-45.39944,-72.67722,1012.675
2000-09-11,450004.0,"Teniente Vidal, Coyhaique Ad.",-45.59083,-72.10222,975.7
2000-09-11,450005.0,Balmaceda Ad.,-45.91833,-71.67778,949.8625000000001
2000-09-11,520006.0,"Carlos Ibañez, Punta Arenas Ap.",-53.00167,-70.83861,1011.5
2000-09-11,530005.0,"Fuentes Martínez, Porvenir Ad.",-53.25361,-70.32611,1007.5833333333334
2000-09-11,550001.0,"Guardiamarina Zañartu, Pto Williams Ad.",-54.93167,-67.61556,1008.2888888888889
2000-09-11,950001.0,"C.M.A. Eduardo Frei Montalva, Antártica ",-62.19194,-58.97972,990.625
2000-09-12,180005.0,"Chacalluta, Arica Ap.",-18.35555,-70.34028,1009.7541666666666
2000-09-12,200006.0,Diego Aracena Iquique Ap.,-20.54917,-70.18111,1010.525
2000-09-12,220002.0,"El Loa, Calama Ad.",-22.49806,-68.8925,775.76875
2000-09-12,270001.0,Mataveri  Isla de Pascua Ap.,-27.15889,-109.4325,1008.3166666666666
2000-09-12,290004.0,"La Florida, La Serena Ad.",-29.91444,-71.20667,1000.061111111111
2000-09-12,330020.0,"Quinta Normal, Santiago",-33.445,-70.68278,956.96
2000-09-12,330021.0,Pudahuel Santiago ,-33.37833,-70.78778,962.0375
2000-09-12,330030.0,"Santo Domingo, Ad.",-33.65611,-71.61333,1009.0461538461539
2000-09-12,330031.0,"Juan Fernández, Estación Meteorológica.",-33.63583,-78.83305,1010.82
2000-09-12,340031.0,"General Freire, Curicó Ad.",-34.96944,-71.21694,990.5999999999999
2000-09-12,360011.0,"General Bernardo O'Higgins, Chillán Ad.",-36.58583,-72.03667,1000.6076923076923
2000-09-12,360019.0,"Carriel Sur, Concepción Ap.",-36.78055,-73.06639,1017.2458333333334
2000-09-12,380013.0,"Maquehue, Temuco Ad.",-38.76778,-72.63194,1007.4
2000-09-12,390006.0,"Pichoy, Valdivia Ad.",-39.65667,-73.08722,1017.676923076923
2000-09-12,400009.0,"Cañal Bajo,  Osorno Ad.",-40.61444,-73.0575,1013.5076923076923
2000-09-12,410005.0,El Tepual  Puerto Montt Ap.,-41.4475,-73.09583,1009.025
2000-09-12,430001.0,Quellón Ad.,-43.13361,-73.63278,1018.5
2000-09-12,430002.0,Futaleufú Ad.,-43.18889,-71.85222,979.5666666666666
2000-09-12,450001.0,Puerto Aysén Ad.,-45.39944,-72.67722,1020.875
2000-09-12,450004.0,"Teniente Vidal, Coyhaique Ad.",-45.59083,-72.10222,985.3461538461538
2000-09-12,450005.0,Balmaceda Ad.,-45.91833,-71.67778,957.1666666666666
2000-09-12,520006.0,"Carlos Ibañez, Punta Arenas Ap.",-53.00167,-70.83861,1014.0
2000-09-12,530005.0,"Fuentes Martínez, Porvenir Ad.",-53.25361,-70.32611,1017.3416666666667
2000-09-12,550001.0,"Guardiamarina Zañartu, Pto Williams Ad.",-54.93167,-67.61556,1015.25
2000-09-12,950001.0,"C.M.A. Eduardo Frei Montalva, Antártica ",-62.19194,-58.97972,999.5375
2000-09-13,180005.0,"Chacalluta, Arica Ap.",-18.35555,-70.34028,1010.8291666666668
2000-09-13,200006.0,Diego Aracena Iquique Ap.,-20.54917,-70.18111,1011.425
2000-09-13,220002.0,"El Loa, Calama Ad.",-22.49806,-68.8925,776.29375
2000-09-13,270001.0,Mataveri  Isla de Pascua Ap.,-27.15889,-109.4325,1011.35
2000-09-13,290004.0,"La Florida, La Serena Ad.",-29.91444,-71.20667,1001.9058823529413
2000-09-13,330020.0,"Quinta Normal, Santiago",-33.445,-70.68278,956.24
2000-09-13,330021.0,Pudahuel Santiago ,-33.37833,-70.78778,960.8625
2000-09-13,330030.0,"Santo Domingo, Ad.",-33.65611,-71.61333,1009.4076923076923
2000-09-13,330031.0,"Juan Fernández, Estación Meteorológica.",-33.63583,-78.83305,1012.9200000000001
2000-09-13,340031.0,"General Freire, Curicó Ad.",-34.96944,-71.21694,991.2
2000-09-13,360011.0,"General Bernardo O'Higgins, Chillán Ad.",-36.58583,-72.03667,1001.376923076923
2000-09-13,360019.0,"Carriel Sur, Concepción Ap.",-36.78055,-73.06639,1016.716
2000-09-13,380013.0,"Maquehue, Temuco Ad.",-38.76778,-72.63194,1008.1166666666667
2000-09-13,390006.0,"Pichoy, Valdivia Ad.",-39.65667,-73.08722,1019.0230769230768
2000-09-13,400009.0,"Cañal Bajo,  Osorno Ad.",-40.61444,-73.0575,1015.4000000000001
2000-09-13,410005.0,El Tepual  Puerto Montt Ap.,-41.4475,-73.09583,1012.275
2000-09-13,430001.0,Quellón Ad.,-43.13361,-73.63278,1022.325
2000-09-13,430002.0,Futaleufú Ad.,-43.18889,-71.85222,987.3166666666666
2000-09-13,450001.0,Puerto Aysén Ad.,-45.39944,-72.67722,1029.65
2000-09-13,450004.0,"Teniente Vidal, Coyhaique Ad.",-45.59083,-72.10222,994.8076923076923
2000-09-13,450005.0,Balmaceda Ad.,-45.91833,-71.67778,968.6291666666666
2000-09-13,520006.0,"Carlos Ibañez, Punta Arenas Ap.",-53.00167,-70.83861,1024.7625
2000-09-13,530005.0,"Fuentes Martínez, Porvenir Ad.",-53.25361,-70.32611,1025.3333333333333
2000-09-13,550001.0,"Guardiamarina Zañartu, Pto Williams Ad.",-54.93167,-67.61556,1023.188888888889
2000-09-13,950001.0,"C.M.A. Eduardo Frei Montalva, Antártica ",-62.19194,-58.97972,994.675
2000-09-14,180005.0,"Chacalluta, Arica Ap.",-18.35555,-70.34028,1011.8666666666667
2000-09-14,200006.0,Diego Aracena Iquique Ap.,-20.54917,-70.18111,1012.5375
2000-09-14,220002.0,"El Loa, Calama Ad.",-22.49806,-68.8925,777.0176470588235
2000-09-14,270001.0,Mataveri  Isla de Pascua Ap.,-27.15889,-109.4325,1014.6833333333334
2000-09-14,290004.0,"La Florida, La Serena Ad.",-29.91444,-71.20667,1003.7411764705881
2000-09-14,330020.0,"Quinta Normal, Santiago",-33.445,-70.68278,959.3
2000-09-14,330021.0,Pudahuel Santiago ,-33.37833,-70.78778,964.3875
2000-09-14,330030.0,"Santo Domingo, Ad.",-33.65611,-71.61333,1013.5307692307692
2000-09-14,330031.0,"Juan Fernández, Estación Meteorológica.",-33.63583,-78.83305,1018.74
2000-09-14,340031.0,"General Freire, Curicó Ad.",-34.96944,-71.21694,993.9461538461538
2000-09-14,360011.0,"General Bernardo O'Higgins, Chillán Ad.",-36.58583,-72.03667,1003.4461538461538
2000-09-14,360019.0,"Carriel Sur, Concepción Ap.",-36.78055,-73.06639,1019.0124999999999
2000-09-14,380013.0,"Maquehue, Temuco Ad.",-38.76778,-72.63194,1010.1458333333334
2000-09-14,390006.0,"Pichoy, Valdivia Ad.",-39.65667,-73.08722,1019.5
2000-09-14,400009.0,"Cañal Bajo,  Osorno Ad.",-40.61444,-73.0575,1015.4846153846154
2000-09-14,410005.0,El Tepual  Puerto Montt Ap.,-41.4475,-73.09583,1012.9875
2000-09-14,430001.0,Quellón Ad.,-43.13361,-73.63278,1020.9
2000-09-14,430002.0,Futaleufú Ad.,-43.18889,-71.85222,983.4833333333332
2000-09-14,450001.0,Puerto Aysén Ad.,-45.39944,-72.67722,1025.625
2000-09-14,450004.0,"Teniente Vidal, Coyhaique Ad.",-45.59083,-72.10222,990.6846153846153
2000-09-14,450005.0,Balmaceda Ad.,-45.91833,-71.67778,966.8208333333333
2000-09-14,520006.0,"Carlos Ibañez, Punta Arenas Ap.",-53.00167,-70.83861,1022.175
2000-09-14,530005.0,"Fuentes Martínez, Porvenir Ad.",-53.25361,-70.32611,1020.3666666666667
2000-09-14,550001.0,"Guardiamarina Zañartu, Pto Williams Ad.",-54.93167,-67.61556,1018.6777777777778
2000-09-14,950001.0,"C.M.A. Eduardo Frei Montalva, Antártica ",-62.19194,-58.97972,989.7625
2000-09-15,180005.0,"Chacalluta, Arica Ap.",-18.35555,-70.34028,1012.9083333333333
2000-09-15,200006.0,Diego Aracena Iquique Ap.,-20.54917,-70.18111,1013.3125
2000-09-15,220002.0,"El Loa, Calama Ad.",-22.49806,-68.8925,777.3375
2000-09-15,270001.0,Mataveri  Isla de Pascua Ap.,-27.15889,-109.4325,1016.4499999999999
2000-09-15,290004.0,"La Florida, La Serena Ad.",-29.91444,-71.20667,1002.2058823529412
2000-09-15,330020.0,"Quinta Normal, Santiago",-33.445,-70.68278,958.76
2000-09-15,330021.0,Pudahuel Santiago ,-33.37833,-70.78778,964.425
2000-09-15,330030.0,"Santo Domingo, Ad.",-33.65611,-71.61333,1012.2230769230769
2000-09-15,330031.0,"Juan Fernández, Estación Meteorológica.",-33.63583,-78.83305,1014.9799999999999
2000-09-15,340031.0,"General Freire, Curicó Ad.",-34.96944,-71.21694,993.0230769230768
2000-09-15,360011.0,"General Bernardo O'Higgins, Chillán Ad.",-36.58583,-72.03667,1003.4000000000001
2000-09-15,360019.0,"Carriel Sur, Concepción Ap.",-36.78055,-73.06639,1021.212
2000-09-15,380013.0,"Maquehue, Temuco Ad.",-38.76778,-72.63194,1011.3839999999999
2000-09-15,390006.0,"Pichoy, Valdivia Ad.",-39.65667,-73.08722,1019.3615384615385
2000-09-15,400009.0,"Cañal Bajo,  Osorno Ad.",-40.61444,-73.0575,1014.9307692307692
2000-09-15,410005.0,El Tepual  Puerto Montt Ap.,-41.4475,-73.09583,1011.9625
2000-09-15,430001.0,Quellón Ad.,-43.13361,-73.63278,1010.2
2000-09-15,430002.0,Futaleufú Ad.,-43.18889,-71.85222,980.4833333333332
2000-09-15,450001.0,Puerto Aysén Ad.,-45.39944,-72.67722,1020.6625
2000-09-15,450004.0,"Teniente Vidal, Coyhaique Ad.",-45.59083,-72.10222,984.2769230769231
2000-09-15,450005.0,Balmaceda Ad.,-45.91833,-71.67778,959.725
2000-09-15,520006.0,"Carlos Ibañez, Punta Arenas Ap.",-53.00167,-70.83861,1016.025
2000-09-15,530005.0,"Fuentes Martínez, Porvenir Ad.",-53.25361,-70.32611,1014.4583333333334
2000-09-15,550001.0,"Guardiamarina Zañartu, Pto Williams Ad.",-54.93167,-67.61556,1013.65
2000-09-15,950001.0,"C.M.A. Eduardo Frei Montalva, Antártica ",-62.19194,-58.97972,984.05
2000-09-16,180005.0,"Chacalluta, Arica Ap.",-18.35555,-70.34028,1010.0833333333334
2000-09-16,200006.0,Diego Aracena Iquique Ap.,-20.54917,-70.18111,1011.0125
2000-09-16,220002.0,"El Loa, Calama Ad.",-22.49806,-68.8925,776.26875
2000-09-16,270001.0,Mataveri  Isla de Pascua Ap.,-27.15889,-109.4325,1016.9
2000-09-16,290004.0,"La Florida, La Serena Ad.",-29.91444,-71.20667,1001.3777777777777
2000-09-16,330020.0,"Quinta Normal, Santiago",-33.445,-70.68278,957.14
2000-09-16,330021.0,Pudahuel Santiago ,-33.37833,-70.78778,962.325
2000-09-16,330030.0,"Santo Domingo, Ad.",-33.65611,-71.61333,1010.1692307692308
2000-09-16,330031.0,"Juan Fernández, Estación Meteorológica.",-33.63583,-78.83305,1009.85
2000-09-16,340031.0,"General Freire, Curicó Ad.",-34.96944,-71.21694,990.5384615384615
2000-09-16,360011.0,"General Bernardo O'Higgins, Chillán Ad.",-36.58583,-72.03667,1000.623076923077
2000-09-16,360019.0,"Carriel Sur, Concepción Ap.",-36.78055,-73.06639,1016.512
2000-09-16,380013.0,"Maquehue, Temuco Ad.",-38.76778,-72.63194,1005.7541666666666
2000-09-16,390006.0,"Pichoy, Valdivia Ad.",-39.65667,-73.08722,1012.2846153846154
2000-09-16,400009.0,"Cañal Bajo,  Osorno Ad.",-40.61444,-73.0575,1008.1384615384615
2000-09-16,410005.0,El Tepual  Puerto Montt Ap.,-41.4475,-73.09583,1005.5125
2000-09-16,430001.0,Quellón Ad.,-43.13361,-73.63278,1010.2
2000-09-16,430002.0,Futaleufú Ad.,-43.18889,-71.85222,973.8083333333334
2000-09-16,450004.0,"Teniente Vidal, Coyhaique Ad.",-45.59083,-72.10222,978.0846153846154
2000-09-16,450005.0,Balmaceda Ad.,-45.91833,-71.67778,955.0083333333333
2000-09-16,520006.0,"Carlos Ibañez, Punta Arenas Ap.",-53.00167,-70.83861,1011.5875
2000-09-16,530005.0,"Fuentes Martínez, Porvenir Ad.",-53.25361,-70.32611,1009.6083333333332
2000-09-16,950001.0,"C.M.A. Eduardo Frei Montalva, Antártica ",-62.19194,-58.97972,979.075
2000-09-17,180005.0,"Chacalluta, Arica Ap.",-18.35555,-70.34028,1010.5208333333334
2000-09-17,200006.0,Diego Aracena Iquique Ap.,-20.54917,-70.18111,1010.9125
2000-09-17,220002.0,"El Loa, Calama Ad.",-22.49806,-68.8925,775.9250000000001
2000-09-17,270001.0,Mataveri  Isla de Pascua Ap.,-27.15889,-109.4325,1017.2833333333333
2000-09-17,290004.0,"La Florida, La Serena Ad.",-29.91444,-71.20667,1000.4882352941177
2000-09-17,330020.0,"Quinta Normal, Santiago",-33.445,-70.68278,955.9200000000001
2000-09-17,330021.0,Pudahuel Santiago ,-33.37833,-70.78778,960.6625
2000-09-17,330030.0,"Santo Domingo, Ad.",-33.65611,-71.61333,1009.2769230769231
2000-09-17,330031.0,"Juan Fernández, Estación Meteorológica.",-33.63583,-78.83305,1008.45
2000-09-17,340031.0,"General Freire, Curicó Ad.",-34.96944,-71.21694,989.7538461538461
2000-09-17,360011.0,"General Bernardo O'Higgins, Chillán Ad.",-36.58583,-72.03667,997.0076923076923
2000-09-17,360019.0,"Carriel Sur, Concepción Ap.",-36.78055,-73.06639,1011.9708333333333
2000-09-17,380013.0,"Maquehue, Temuco Ad.",-38.76778,-72.63194,999.9625
2000-09-17,390006.0,"Pichoy, Valdivia Ad.",-39.65667,-73.08722,1005.6000000000001
2000-09-17,400009.0,"Cañal Bajo,  Osorno Ad.",-40.61444,-73.0575,998.9
2000-09-17,410005.0,El Tepual  Puerto Montt Ap.,-41.4475,-73.09583,995.8875
2000-09-17,430001.0,Quellón Ad.,-43.13361,-73.63278,998.35
2000-09-17,430002.0,Futaleufú Ad.,-43.18889,-71.85222,963.125
2000-09-17,450004.0,"Teniente Vidal, Coyhaique Ad.",-45.59083,-72.10222,967.5999999999999
2000-09-17,450005.0,Balmaceda Ad.,-45.91833,-71.67778,944.5500000000001
2000-09-17,520006.0,"Carlos Ibañez, Punta Arenas Ap.",-53.00167,-70.83861,1003.0375
2000-09-17,950001.0,"C.M.A. Eduardo Frei Montalva, Antártica ",-62.19194,-58.97972,989.2
2000-09-18,180005.0,"Chacalluta, Arica Ap.",-18.35555,-70.34028,1009.5625
2000-09-18,200006.0,Diego Aracena Iquique Ap.,-20.54917,-70.18111,1010.9
2000-09-18,220002.0,"El Loa, Calama Ad.",-22.49806,-68.8925,776.0142857142857
2000-09-18,270001.0,Mataveri  Isla de Pascua Ap.,-27.15889,-109.4325,1017.8166666666666
2000-09-18,290004.0,"La Florida, La Serena Ad.",-29.91444,-71.20667,1001.5166666666667
2000-09-18,330020.0,"Quinta Normal, Santiago",-33.445,-70.68278,956.9799999999999
2000-09-18,330021.0,Pudahuel Santiago ,-33.37833,-70.78778,962.5
2000-09-18,330030.0,"Santo Domingo, Ad.",-33.65611,-71.61333,1010.1615384615385
2000-09-18,330031.0,"Juan Fernández, Estación Meteorológica.",-33.63583,-78.83305,1009.7
2000-09-18,340031.0,"General Freire, Curicó Ad.",-34.96944,-71.21694,991.0076923076923
2000-09-18,360011.0,"General Bernardo O'Higgins, Chillán Ad.",-36.58583,-72.03667,1000.3384615384615
2000-09-18,360019.0,"Carriel Sur, Concepción Ap.",-36.78055,-73.06639,1016.2583333333333
2000-09-18,380013.0,"Maquehue, Temuco Ad.",-38.76778,-72.63194,1004.6916666666666
2000-09-18,390006.0,"Pichoy, Valdivia Ad.",-39.65667,-73.08722,1013.5
2000-09-18,400009.0,"Cañal Bajo,  Osorno Ad.",-40.61444,-73.0575,1008.1692307692308
2000-09-18,410005.0,El Tepual  Puerto Montt Ap.,-41.4475,-73.09583,1001.85
2000-09-18,430001.0,Quellón Ad.,-43.13361,-73.63278,1009.875
2000-09-18,430002.0,Futaleufú Ad.,-43.18889,-71.85222,971.8666666666667
2000-09-18,450004.0,"Teniente Vidal, Coyhaique Ad.",-45.59083,-72.10222,972.8153846153847
2000-09-18,450005.0,Balmaceda Ad.,-45.91833,-71.67778,944.4
2000-09-18,520006.0,"Carlos Ibañez, Punta Arenas Ap.",-53.00167,-70.83861,1002.9499999999999
2000-09-18,530005.0,"Fuentes Martínez, Porvenir Ad.",-53.25361,-70.32611,1005.55
2000-09-18,950001.0,"C.M.A. Eduardo Frei Montalva, Antártica ",-62.19194,-58.97972,992.1625
2000-09-19,180005.0,"Chacalluta, Arica Ap.",-18.35555,-70.34028,1012.3000000000001
2000-09-19,200006.0,Diego Aracena Iquique Ap.,-20.54917,-70.18111,1012.85
2000-09-19,220002.0,"El Loa, Calama Ad.",-22.49806,-68.8925,777.3625
2000-09-19,270001.0,Mataveri  Isla de Pascua Ap.,-27.15889,-109.4325,1018.3000000000001
2000-09-19,290004.0,"La Florida, La Serena Ad.",-29.91444,-71.20667,1001.5823529411765
2000-09-19,330020.0,"Quinta Normal, Santiago",-33.445,-70.68278,954.6200000000001
2000-09-19,330021.0,Pudahuel Santiago ,-33.37833,-70.78778,958.7125
2000-09-19,330030.0,"Santo Domingo, Ad.",-33.65611,-71.61333,1007.4538461538461
2000-09-19,330031.0,"Juan Fernández, Estación Meteorológica.",-33.63583,-78.83305,1001.9
2000-09-19,340031.0,"General Freire, Curicó Ad.",-34.96944,-71.21694,987.2615384615384
2000-09-19,360011.0,"General Bernardo O'Higgins, Chillán Ad.",-36.58583,-72.03667,995.5461538461539
2000-09-19,360019.0,"Carriel Sur, Concepción Ap.",-36.78055,-73.06639,1010.0041666666666
2000-09-19,380013.0,"Maquehue, Temuco Ad.",-38.76778,-72.63194,1000.2458333333334
2000-09-19,390006.0,"Pichoy, Valdivia Ad.",-39.65667,-73.08722,1007.7846153846154
2000-09-19,400009.0,"Cañal Bajo,  Osorno Ad.",-40.61444,-73.0575,1002.9307692307692
2000-09-19,410005.0,El Tepual  Puerto Montt Ap.,-41.4475,-73.09583,1001.1375
2000-09-19,430001.0,Quellón Ad.,-43.13361,-73.63278,1008.1
2000-09-19,430002.0,Futaleufú Ad.,-43.18889,-71.85222,971.725
2000-09-19,450004.0,"Teniente Vidal, Coyhaique Ad.",-45.59083,-72.10222,976.5384615384615
2000-09-19,450005.0,Balmaceda Ad.,-45.91833,-71.67778,952.3416666666667
2000-09-19,520006.0,"Carlos Ibañez, Punta Arenas Ap.",-53.00167,-70.83861,1010.225
2000-09-19,530005.0,"Fuentes Martínez, Porvenir Ad.",-53.25361,-70.32611,1011.0666666666666
2000-09-19,950001.0,"C.M.A. Eduardo Frei Montalva, Antártica ",-62.19194,-58.97972,998.575
2000-09-20,180005.0,"Chacalluta, Arica Ap.",-18.35555,-70.34028,1012.1833333333334
2000-09-20,200006.0,Diego Aracena Iquique Ap.,-20.54917,-70.18111,1012.8875
2000-09-20,220002.0,"El Loa, Calama Ad.",-22.49806,-68.8925,777.89375
2000-09-20,270001.0,Mataveri  Isla de Pascua Ap.,-27.15889,-109.4325,1016.2333333333332
2000-09-20,290004.0,"La Florida, La Serena Ad.",-29.91444,-71.20667,1004.8777777777777
2000-09-20,330020.0,"Quinta Normal, Santiago",-33.445,-70.68278,959.25
2000-09-20,330021.0,Pudahuel Santiago ,-33.37833,-70.78778,964.625
2000-09-20,330030.0,"Santo Domingo, Ad.",-33.65611,-71.61333,1013.4846153846154
2000-09-20,330031.0,"Juan Fernández, Estación Meteorológica.",-33.63583,-78.83305,1013.04
2000-09-20,340031.0,"General Freire, Curicó Ad.",-34.96944,-71.21694,994.7461538461539
2000-09-20,360011.0,"General Bernardo O'Higgins, Chillán Ad.",-36.58583,-72.03667,1002.1692307692308
2000-09-20,360019.0,"Carriel Sur, Concepción Ap.",-36.78055,-73.06639,1016.2583333333333
2000-09-20,380013.0,"Maquehue, Temuco Ad.",-38.76778,-72.63194,1004.5500000000001
2000-09-20,390006.0,"Pichoy, Valdivia Ad.",-39.65667,-73.08722,1013.7538461538461
2000-09-20,400009.0,"Cañal Bajo,  Osorno Ad.",-40.61444,-73.0575,1007.7538461538461
2000-09-20,410005.0,El Tepual  Puerto Montt Ap.,-41.4475,-73.09583,1003.175
2000-09-20,430001.0,Quellón Ad.,-43.13361,-73.63278,1011.9
2000-09-20,430002.0,Futaleufú Ad.,-43.18889,-71.85222,974.4083333333333
2000-09-20,450001.0,Puerto Aysén Ad.,-45.39944,-72.67722,1015.8125
2000-09-20,450004.0,"Teniente Vidal, Coyhaique Ad.",-45.59083,-72.10222,980.7923076923076
2000-09-20,450005.0,Balmaceda Ad.,-45.91833,-71.67778,954.525
2000-09-20,520006.0,"Carlos Ibañez, Punta Arenas Ap.",-53.00167,-70.83861,1014.475
2000-09-20,530005.0,"Fuentes Martínez, Porvenir Ad.",-53.25361,-70.32611,1016.1416666666668
2000-09-20,550001.0,"Guardiamarina Zañartu, Pto Williams Ad.",-54.93167,-67.61556,1018.3666666666666
2000-09-20,950001.0,"C.M.A. Eduardo Frei Montalva, Antártica ",-62.19194,-58.97972,1000.0625
2000-09-21,180005.0,"Chacalluta, Arica Ap.",-18.35555,-70.34028,1011.0708333333333
2000-09-21,200006.0,Diego Aracena Iquique Ap.,-20.54917,-70.18111,1012.025
2000-09-21,220002.0,"El Loa, Calama Ad.",-22.49806,-68.8925,777.15
2000-09-21,270001.0,Mataveri  Isla de Pascua Ap.,-27.15889,-109.4325,1014.35
2000-09-21,290004.0,"La Florida, La Serena Ad.",-29.91444,-71.20667,1003.2176470588236
2000-09-21,330020.0,"Quinta Normal, Santiago",-33.445,-70.68278,961.78
2000-09-21,330021.0,Pudahuel Santiago ,-33.37833,-70.78778,967.0749999999999
2000-09-21,330030.0,"Santo Domingo, Ad.",-33.65611,-71.61333,1014.5999999999999
2000-09-21,330031.0,"Juan Fernández, Estación Meteorológica.",-33.63583,-78.83305,1021.2
2000-09-21,340031.0,"General Freire, Curicó Ad.",-34.96944,-71.21694,996.1923076923077
2000-09-21,360011.0,"General Bernardo O'Higgins, Chillán Ad.",-36.58583,-72.03667,1006.3076923076923
2000-09-21,360019.0,"Carriel Sur, Concepción Ap.",-36.78055,-73.06639,1023.4615384615385
2000-09-21,380013.0,"Maquehue, Temuco Ad.",-38.76778,-72.63194,1012.5875
2000-09-21,390006.0,"Pichoy, Valdivia Ad.",-39.65667,-73.08722,1020.5416666666666
2000-09-21,400009.0,"Cañal Bajo,  Osorno Ad.",-40.61444,-73.0575,1014.2230769230769
2000-09-21,410005.0,El Tepual  Puerto Montt Ap.,-41.4475,-73.09583,1010.1875
2000-09-21,430001.0,Quellón Ad.,-43.13361,-73.63278,1015.875
2000-09-21,430002.0,Futaleufú Ad.,-43.18889,-71.85222,977.0166666666668
2000-09-21,450001.0,Puerto Aysén Ad.,-45.39944,-72.67722,1015.0875
2000-09-21,450004.0,"Teniente Vidal, Coyhaique Ad.",-45.59083,-72.10222,979.0076923076923
2000-09-21,450005.0,Balmaceda Ad.,-45.91833,-71.67778,955.6083333333332
2000-09-21,520006.0,"Carlos Ibañez, Punta Arenas Ap.",-53.00167,-70.83861,1013.725
2000-09-21,530005.0,"Fuentes Martínez, Porvenir Ad.",-53.25361,-70.32611,1013.1800000000001
2000-09-21,550001.0,"Guardiamarina Zañartu, Pto Williams Ad.",-54.93167,-67.61556,1016.3777777777777
2000-09-21,950001.0,"C.M.A. Eduardo Frei Montalva, Antártica ",-62.19194,-58.97972,999.1625
2000-09-22,180005.0,"Chacalluta, Arica Ap.",-18.35555,-70.34028,1008.5166666666668
2000-09-22,200006.0,Diego Aracena Iquique Ap.,-20.54917,-70.18111,1009.0375
2000-09-22,220002.0,"El Loa, Calama Ad.",-22.49806,-68.8925,774.75
2000-09-22,270001.0,Mataveri  Isla de Pascua Ap.,-27.15889,-109.4325,1014.0833333333334
2000-09-22,290004.0,"La Florida, La Serena Ad.",-29.91444,-71.20667,996.7549999999999
2000-09-22,330020.0,"Quinta Normal, Santiago",-33.445,-70.68278,957.82
2000-09-22,330021.0,Pudahuel Santiago ,-33.37833,-70.78778,963.5875
2000-09-22,330030.0,"Santo Domingo, Ad.",-33.65611,-71.61333,1009.9000000000001
2000-09-22,330031.0,"Juan Fernández, Estación Meteorológica.",-33.63583,-78.83305,1018.74
2000-09-22,340031.0,"General Freire, Curicó Ad.",-34.96944,-71.21694,992.323076923077
2000-09-22,360011.0,"General Bernardo O'Higgins, Chillán Ad.",-36.58583,-72.03667,1003.0692307692308
2000-09-22,360019.0,"Carriel Sur, Concepción Ap.",-36.78055,-73.06639,1020.42
2000-09-22,380013.0,"Maquehue, Temuco Ad.",-38.76778,-72.63194,1008.1708333333332
2000-09-22,390006.0,"Pichoy, Valdivia Ad.",-39.65667,-73.08722,1012.6076923076923
2000-09-22,400009.0,"Cañal Bajo,  Osorno Ad.",-40.61444,-73.0575,1005.5642857142857
2000-09-22,410005.0,El Tepual  Puerto Montt Ap.,-41.4475,-73.09583,1002.75
2000-09-22,430001.0,Quellón Ad.,-43.13361,-73.63278,1006.6
2000-09-22,430002.0,Futaleufú Ad.,-43.18889,-71.85222,967.1166666666667
2000-09-22,450001.0,Puerto Aysén Ad.,-45.39944,-72.67722,1004.75
2000-09-22,450004.0,"Teniente Vidal, Coyhaique Ad.",-45.59083,-72.10222,968.823076923077
2000-09-22,450005.0,Balmaceda Ad.,-45.91833,-71.67778,943.9666666666667
2000-09-22,520006.0,"Carlos Ibañez, Punta Arenas Ap.",-53.00167,-70.83861,1003.0625
2000-09-22,530005.0,"Fuentes Martínez, Porvenir Ad.",-53.25361,-70.32611,1001.9083333333333
2000-09-22,550001.0,"Guardiamarina Zañartu, Pto Williams Ad.",-54.93167,-67.61556,1005.9857142857143
2000-09-22,950001.0,"C.M.A. Eduardo Frei Montalva, Antártica ",-62.19194,-58.97972,1001.7
2000-09-23,180005.0,"Chacalluta, Arica Ap.",-18.35555,-70.34028,1011.4583333333334
2000-09-23,200006.0,Diego Aracena Iquique Ap.,-20.54917,-70.18111,1012.1
2000-09-23,220002.0,"El Loa, Calama Ad.",-22.49806,-68.8925,777.05625
2000-09-23,270001.0,Mataveri  Isla de Pascua Ap.,-27.15889,-109.4325,1014.9833333333332
2000-09-23,290004.0,"La Florida, La Serena Ad.",-29.91444,-71.20667,1001.7647058823529
2000-09-23,330020.0,"Quinta Normal, Santiago",-33.445,-70.68278,959.28
2000-09-23,330021.0,Pudahuel Santiago ,-33.37833,-70.78778,963.45
2000-09-23,330030.0,"Santo Domingo, Ad.",-33.65611,-71.61333,1013.7230769230769
2000-09-23,330031.0,"Juan Fernández, Estación Meteorológica.",-33.63583,-78.83305,1022.875
2000-09-23,340031.0,"General Freire, Curicó Ad.",-34.96944,-71.21694,996.2538461538461
2000-09-23,360011.0,"General Bernardo O'Higgins, Chillán Ad.",-36.58583,-72.03667,1006.8615384615385
2000-09-23,360019.0,"Carriel Sur, Concepción Ap.",-36.78055,-73.06639,1023.3083333333334
2000-09-23,380013.0,"Maquehue, Temuco Ad.",-38.76778,-72.63194,1013.1374999999999
2000-09-23,390006.0,"Pichoy, Valdivia Ad.",-39.65667,-73.08722,1023.4461538461538
2000-09-23,400009.0,"Cañal Bajo,  Osorno Ad.",-40.61444,-73.0575,1017.9615384615385
2000-09-23,410005.0,El Tepual  Puerto Montt Ap.,-41.4475,-73.09583,1012.0375
2000-09-23,430001.0,Quellón Ad.,-43.13361,-73.63278,1021.65
2000-09-23,430002.0,Futaleufú Ad.,-43.18889,-71.85222,981.1
2000-09-23,450004.0,"Teniente Vidal, Coyhaique Ad.",-45.59083,-72.10222,983.0384615384615
2000-09-23,450005.0,Balmaceda Ad.,-45.91833,-71.67778,953.1416666666668
2000-09-23,520006.0,"Carlos Ibañez, Punta Arenas Ap.",-53.00167,-70.83861,1008.075
2000-09-23,530005.0,"Fuentes Martínez, Porvenir Ad.",-53.25361,-70.32611,1011.5749999999999
2000-09-23,950001.0,"C.M.A. Eduardo Frei Montalva, Antártica ",-62.19194,-58.97972,1004.15
2000-09-24,180005.0,"Chacalluta, Arica Ap.",-18.35555,-70.34028,1010.7624999999999
2000-09-24,200006.0,Diego Aracena Iquique Ap.,-20.54917,-70.18111,1011.525
2000-09-24,220002.0,"El Loa, Calama Ad.",-22.49806,-68.8925,776.4333333333334
2000-09-24,270001.0,Mataveri  Isla de Pascua Ap.,-27.15889,-109.4325,1014.2666666666668
2000-09-24,290004.0,"La Florida, La Serena Ad.",-29.91444,-71.20667,1000.3222222222222
2000-09-24,330020.0,"Quinta Normal, Santiago",-33.445,-70.68278,959.6600000000001
2000-09-24,330021.0,Pudahuel Santiago ,-33.37833,-70.78778,965.85
2000-09-24,330030.0,"Santo Domingo, Ad.",-33.65611,-71.61333,1011.4384615384616
2000-09-24,330031.0,"Juan Fernández, Estación Meteorológica.",-33.63583,-78.83305,1025.475
2000-09-24,340031.0,"General Freire, Curicó Ad.",-34.96944,-71.21694,994.7230769230769
2000-09-24,360011.0,"General Bernardo O'Higgins, Chillán Ad.",-36.58583,-72.03667,1005.8846153846154
2000-09-24,360019.0,"Carriel Sur, Concepción Ap.",-36.78055,-73.06639,1026.1708333333333
2000-09-24,380013.0,"Maquehue, Temuco Ad.",-38.76778,-72.63194,1018.6038461538462
2000-09-24,390006.0,"Pichoy, Valdivia Ad.",-39.65667,-73.08722,1026.3076923076924
2000-09-24,400009.0,"Cañal Bajo,  Osorno Ad.",-40.61444,-73.0575,1020.4538461538461
2000-09-24,410005.0,El Tepual  Puerto Montt Ap.,-41.4475,-73.09583,1019.725
2000-09-24,430001.0,Quellón Ad.,-43.13361,-73.63278,1025.5749999999998
2000-09-24,430002.0,Futaleufú Ad.,-43.18889,-71.85222,984.6
2000-09-24,450004.0,"Teniente Vidal, Coyhaique Ad.",-45.59083,-72.10222,985.9538461538461
2000-09-24,450005.0,Balmaceda Ad.,-45.91833,-71.67778,960.225
2000-09-24,520006.0,"Carlos Ibañez, Punta Arenas Ap.",-53.00167,-70.83861,1009.8125
2000-09-24,530005.0,"Fuentes Martínez, Porvenir Ad.",-53.25361,-70.32611,1007.9
2000-09-24,950001.0,"C.M.A. Eduardo Frei Montalva, Antártica ",-62.19194,-58.97972,1003.5500000000001
2000-09-25,180005.0,"Chacalluta, Arica Ap.",-18.35555,-70.34028,1008.3125
2000-09-25,200006.0,Diego Aracena Iquique Ap.,-20.54917,-70.18111,1008.7125
2000-09-25,220002.0,"El Loa, Calama Ad.",-22.49806,-68.8925,774.83125
2000-09-25,270001.0,Mataveri  Isla de Pascua Ap.,-27.15889,-109.4325,1010.8833333333333
2000-09-25,290004.0,"La Florida, La Serena Ad.",-29.91444,-71.20667,997.3000000000001
2000-09-25,330020.0,"Quinta Normal, Santiago",-33.445,-70.68278,955.46
2000-09-25,330021.0,Pudahuel Santiago ,-33.37833,-70.78778,961.2375
2000-09-25,330030.0,"Santo Domingo, Ad.",-33.65611,-71.61333,1007.3692307692307
2000-09-25,330031.0,"Juan Fernández, Estación Meteorológica.",-33.63583,-78.83305,1021.22
2000-09-25,340031.0,"General Freire, Curicó Ad.",-34.96944,-71.21694,990.7076923076924
2000-09-25,360011.0,"General Bernardo O'Higgins, Chillán Ad.",-36.58583,-72.03667,1001.1307692307691
2000-09-25,360019.0,"Carriel Sur, Concepción Ap.",-36.78055,-73.06639,1019.8458333333333
2000-09-25,380013.0,"Maquehue, Temuco Ad.",-38.76778,-72.63194,1013.2416666666667
2000-09-25,390006.0,"Pichoy, Valdivia Ad.",-39.65667,-73.08722,1021.2230769230769
2000-09-25,400009.0,"Cañal Bajo,  Osorno Ad.",-40.61444,-73.0575,1016.0692307692308
2000-09-25,410005.0,El Tepual  Puerto Montt Ap.,-41.4475,-73.09583,1013.375
2000-09-25,430001.0,Quellón Ad.,-43.13361,-73.63278,1017.525
2000-09-25,430002.0,Futaleufú Ad.,-43.18889,-71.85222,976.6333333333333
2000-09-25,450001.0,Puerto Aysén Ad.,-45.39944,-72.67722,1014.9125
2000-09-25,450004.0,"Teniente Vidal, Coyhaique Ad.",-45.59083,-72.10222,977.6692307692308
2000-09-25,450005.0,Balmaceda Ad.,-45.91833,-71.67778,951.2375000000001
2000-09-25,520006.0,"Carlos Ibañez, Punta Arenas Ap.",-53.00167,-70.83861,995.9
2000-09-25,530005.0,"Fuentes Martínez, Porvenir Ad.",-53.25361,-70.32611,997.2846153846154
2000-09-25,550001.0,"Guardiamarina Zañartu, Pto Williams Ad.",-54.93167,-67.61556,993.4333333333333
2000-09-25,950001.0,"C.M.A. Eduardo Frei Montalva, Antártica ",-62.19194,-58.97972,985.8875
2000-09-26,180005.0,"Chacalluta, Arica Ap.",-18.35555,-70.34028,1008.4250000000001
2000-09-26,200006.0,Diego Aracena Iquique Ap.,-20.54917,-70.18111,1009.25
2000-09-26,220002.0,"El Loa, Calama Ad.",-22.49806,-68.8925,775.8375
2000-09-26,270001.0,Mataveri  Isla de Pascua Ap.,-27.15889,-109.4325,1014.9
2000-09-26,290004.0,"La Florida, La Serena Ad.",-29.91444,-71.20667,998.5545454545455
2000-09-26,330020.0,"Quinta Normal, Santiago",-33.445,-70.68278,954.0200000000001
2000-09-26,330021.0,Pudahuel Santiago ,-33.37833,-70.78778,959.2875
2000-09-26,330030.0,"Santo Domingo, Ad.",-33.65611,-71.61333,1005.8153846153847
2000-09-26,330031.0,"Juan Fernández, Estación Meteorológica.",-33.63583,-78.83305,1018.18
2000-09-26,340031.0,"General Freire, Curicó Ad.",-34.96944,-71.21694,988.5230769230768
2000-09-26,360011.0,"General Bernardo O'Higgins, Chillán Ad.",-36.58583,-72.03667,998.6923076923077
2000-09-26,360019.0,"Carriel Sur, Concepción Ap.",-36.78055,-73.06639,1017.0625
2000-09-26,380013.0,"Maquehue, Temuco Ad.",-38.76778,-72.63194,1009.7576923076923
2000-09-26,390006.0,"Pichoy, Valdivia Ad.",-39.65667,-73.08722,1017.5692307692308
2000-09-26,400009.0,"Cañal Bajo,  Osorno Ad.",-40.61444,-73.0575,1013.4230769230769
2000-09-26,410005.0,El Tepual  Puerto Montt Ap.,-41.4475,-73.09583,1010.4125
2000-09-26,430001.0,Quellón Ad.,-43.13361,-73.63278,1015.175
2000-09-26,430002.0,Futaleufú Ad.,-43.18889,-71.85222,973.3249999999999
2000-09-26,450001.0,Puerto Aysén Ad.,-45.39944,-72.67722,1004.1
2000-09-26,450004.0,"Teniente Vidal, Coyhaique Ad.",-45.59083,-72.10222,971.1923076923077
2000-09-26,450005.0,Balmaceda Ad.,-45.91833,-71.67778,946.9541666666668
2000-09-26,520006.0,"Carlos Ibañez, Punta Arenas Ap.",-53.00167,-70.83861,991.5375
2000-09-26,530005.0,"Fuentes Martínez, Porvenir Ad.",-53.25361,-70.32611,988.525
2000-09-26,550001.0,"Guardiamarina Zañartu, Pto Williams Ad.",-54.93167,-67.61556,989.2928571428572
2000-09-26,950001.0,"C.M.A. Eduardo Frei Montalva, Antártica ",-62.19194,-58.97972,974.6875
2000-09-27,180005.0,"Chacalluta, Arica Ap.",-18.35555,-70.34028,1010.7708333333334
2000-09-27,200006.0,Diego Aracena Iquique Ap.,-20.54917,-70.18111,1010.9625
2000-09-27,220002.0,"El Loa, Calama Ad.",-22.49806,-68.8925,777.325
2000-09-27,270001.0,Mataveri  Isla de Pascua Ap.,-27.15889,-109.4325,1019.7666666666668
2000-09-27,290004.0,"La Florida, La Serena Ad.",-29.91444,-71.20667,1000.5333333333333
2000-09-27,330020.0,"Quinta Normal, Santiago",-33.445,-70.68278,953.6
2000-09-27,330021.0,Pudahuel Santiago ,-33.37833,-70.78778,958.725
2000-09-27,330030.0,"Santo Domingo, Ad.",-33.65611,-71.61333,1008.1615384615385
2000-09-27,330031.0,"Juan Fernández, Estación Meteorológica.",-33.63583,-78.83305,1014.5200000000001
2000-09-27,340031.0,"General Freire, Curicó Ad.",-34.96944,-71.21694,987.7769230769231
2000-09-27,360011.0,"General Bernardo O'Higgins, Chillán Ad.",-36.58583,-72.03667,996.2307692307693
2000-09-27,360019.0,"Carriel Sur, Concepción Ap.",-36.78055,-73.06639,1014.2458333333334
2000-09-27,380013.0,"Maquehue, Temuco Ad.",-38.76778,-72.63194,1006.3961538461538
2000-09-27,390006.0,"Pichoy, Valdivia Ad.",-39.65667,-73.08722,1013.3615384615385
2000-09-27,400009.0,"Cañal Bajo,  Osorno Ad.",-40.61444,-73.0575,1009.2076923076924
2000-09-27,410005.0,El Tepual  Puerto Montt Ap.,-41.4475,-73.09583,1006.85
2000-09-27,430001.0,Quellón Ad.,-43.13361,-73.63278,1014.1
2000-09-27,430002.0,Futaleufú Ad.,-43.18889,-71.85222,972.4416666666666
2000-09-27,450001.0,Puerto Aysén Ad.,-45.39944,-72.67722,1009.8874999999999
2000-09-27,450004.0,"Teniente Vidal, Coyhaique Ad.",-45.59083,-72.10222,977.4692307692308
2000-09-27,450005.0,Balmaceda Ad.,-45.91833,-71.67778,948.4291666666667
2000-09-27,520006.0,"Carlos Ibañez, Punta Arenas Ap.",-53.00167,-70.83861,994.6375
2000-09-27,530005.0,"Fuentes Martínez, Porvenir Ad.",-53.25361,-70.32611,1001.9416666666666
2000-09-27,550001.0,"Guardiamarina Zañartu, Pto Williams Ad.",-54.93167,-67.61556,996.1
2000-09-27,950001.0,"C.M.A. Eduardo Frei Montalva, Antártica ",-62.19194,-58.97972,975.375
2000-09-28,180005.0,"Chacalluta, Arica Ap.",-18.35555,-70.34028,1010.7041666666668
2000-09-28,200006.0,Diego Aracena Iquique Ap.,-20.54917,-70.18111,1011.975
2000-09-28,220002.0,"El Loa, Calama Ad.",-22.49806,-68.8925,777.66875
2000-09-28,270001.0,Mataveri  Isla de Pascua Ap.,-27.15889,-109.4325,1019.7666666666668
2000-09-28,290004.0,"La Florida, La Serena Ad.",-29.91444,-71.20667,1002.6176470588235
2000-09-28,330020.0,"Quinta Normal, Santiago",-33.445,-70.68278,957.9399999999999
2000-09-28,330021.0,Pudahuel Santiago ,-33.37833,-70.78778,962.925
2000-09-28,330030.0,"Santo Domingo, Ad.",-33.65611,-71.61333,1012.176923076923
2000-09-28,330031.0,"Juan Fernández, Estación Meteorológica.",-33.63583,-78.83305,1014.14
2000-09-28,340031.0,"General Freire, Curicó Ad.",-34.96944,-71.21694,992.5
2000-09-28,360011.0,"General Bernardo O'Higgins, Chillán Ad.",-36.58583,-72.03667,1002.2538461538461
2000-09-28,360019.0,"Carriel Sur, Concepción Ap.",-36.78055,-73.06639,1017.8125
2000-09-28,380013.0,"Maquehue, Temuco Ad.",-38.76778,-72.63194,1005.6708333333332
2000-09-28,390006.0,"Pichoy, Valdivia Ad.",-39.65667,-73.08722,1014.4153846153846
2000-09-28,400009.0,"Cañal Bajo,  Osorno Ad.",-40.61444,-73.0575,1008.5307692307692
2000-09-28,410005.0,El Tepual  Puerto Montt Ap.,-41.4475,-73.09583,1004.1875
2000-09-28,430001.0,Quellón Ad.,-43.13361,-73.63278,1011.3
2000-09-28,430002.0,Futaleufú Ad.,-43.18889,-71.85222,974.0083333333333
2000-09-28,450001.0,Puerto Aysén Ad.,-45.39944,-72.67722,1009.5875
2000-09-28,450004.0,"Teniente Vidal, Coyhaique Ad.",-45.59083,-72.10222,981.4153846153846
2000-09-28,450005.0,Balmaceda Ad.,-45.91833,-71.67778,957.5791666666668
2000-09-28,520006.0,"Carlos Ibañez, Punta Arenas Ap.",-53.00167,-70.83861,1015.7125
2000-09-28,530005.0,"Fuentes Martínez, Porvenir Ad.",-53.25361,-70.32611,1017.2928571428572
2000-09-28,550001.0,"Guardiamarina Zañartu, Pto Williams Ad.",-54.93167,-67.61556,1017.9333333333333
2000-09-28,950001.0,"C.M.A. Eduardo Frei Montalva, Antártica ",-62.19194,-58.97972,993.35
2000-09-29,180005.0,"Chacalluta, Arica Ap.",-18.35555,-70.34028,1009.525
2000-09-29,200006.0,Diego Aracena Iquique Ap.,-20.54917,-70.18111,1010.375
2000-09-29,220002.0,"El Loa, Calama Ad.",-22.49806,-68.8925,776.675
2000-09-29,270001.0,Mataveri  Isla de Pascua Ap.,-27.15889,-109.4325,1018.6166666666667
2000-09-29,290004.0,"La Florida, La Serena Ad.",-29.91444,-71.20667,999.6411764705883
2000-09-29,330020.0,"Quinta Normal, Santiago",-33.445,-70.68278,956.5
2000-09-29,330021.0,Pudahuel Santiago ,-33.37833,-70.78778,962.8625
2000-09-29,330030.0,"Santo Domingo, Ad.",-33.65611,-71.61333,1009.2538461538461
2000-09-29,330031.0,"Juan Fernández, Estación Meteorológica.",-33.63583,-78.83305,1018.3
2000-09-29,340031.0,"General Freire, Curicó Ad.",-34.96944,-71.21694,990.9230769230769
2000-09-29,360011.0,"General Bernardo O'Higgins, Chillán Ad.",-36.58583,-72.03667,1001.3692307692307
2000-09-29,360019.0,"Carriel Sur, Concepción Ap.",-36.78055,-73.06639,1020.1166666666667
2000-09-29,380013.0,"Maquehue, Temuco Ad.",-38.76778,-72.63194,1010.5833333333334
2000-09-29,390006.0,"Pichoy, Valdivia Ad.",-39.65667,-73.08722,1019.3538461538462
2000-09-29,400009.0,"Cañal Bajo,  Osorno Ad.",-40.61444,-73.0575,1014.3
2000-09-29,410005.0,El Tepual  Puerto Montt Ap.,-41.4475,-73.09583,1009.2625
2000-09-29,430001.0,Quellón Ad.,-43.13361,-73.63278,1016.625
2000-09-29,430002.0,Futaleufú Ad.,-43.18889,-71.85222,978.8000000000001
2000-09-29,450001.0,Puerto Aysén Ad.,-45.39944,-72.67722,1017.875
2000-09-29,450004.0,"Teniente Vidal, Coyhaique Ad.",-45.59083,-72.10222,984.3153846153847
2000-09-29,450005.0,Balmaceda Ad.,-45.91833,-71.67778,958.2083333333334
2000-09-29,520006.0,"Carlos Ibañez, Punta Arenas Ap.",-53.00167,-70.83861,1019.825
2000-09-29,530005.0,"Fuentes Martínez, Porvenir Ad.",-53.25361,-70.32611,1020.03
2000-09-29,550001.0,"Guardiamarina Zañartu, Pto Williams Ad.",-54.93167,-67.61556,1021.9125
2000-09-29,950001.0,"C.M.A. Eduardo Frei Montalva, Antártica ",-62.19194,-58.97972,993.3625
2000-09-30,180005.0,"Chacalluta, Arica Ap.",-18.35555,-70.34028,1010.0041666666666
2000-09-30,200006.0,Diego Aracena Iquique Ap.,-20.54917,-70.18111,1010.725
2000-09-30,220002.0,"El Loa, Calama Ad.",-22.49806,-68.8925,776.48125
2000-09-30,270001.0,Mataveri  Isla de Pascua Ap.,-27.15889,-109.4325,1017.5833333333334
2000-09-30,290004.0,"La Florida, La Serena Ad.",-29.91444,-71.20667,999.9380952380952
2000-09-30,330020.0,"Quinta Normal, Santiago",-33.445,-70.68278,954.74
2000-09-30,330021.0,Pudahuel Santiago ,-33.37833,-70.78778,960.325
2000-09-30,330030.0,"Santo Domingo, Ad.",-33.65611,-71.61333,1008.4846153846154
2000-09-30,330031.0,"Juan Fernández, Estación Meteorológica.",-33.63583,-78.83305,1017.475
2000-09-30,340031.0,"General Freire, Curicó Ad.",-34.96944,-71.21694,989.2230769230769
2000-09-30,360011.0,"General Bernardo O'Higgins, Chillán Ad.",-36.58583,-72.03667,999.4153846153846
2000-09-30,360019.0,"Carriel Sur, Concepción Ap.",-36.78055,-73.06639,1017.324
2000-09-30,380013.0,"Maquehue, Temuco Ad.",-38.76778,-72.63194,1008.8166666666666
2000-09-30,390006.0,"Pichoy, Valdivia Ad.",-39.65667,-73.08722,1017.6384615384615
2000-09-30,400009.0,"Cañal Bajo,  Osorno Ad.",-40.61444,-73.0575,1014.0153846153846
2000-09-30,410005.0,El Tepual  Puerto Montt Ap.,-41.4475,-73.09583,1011.875
2000-09-30,430001.0,Quellón Ad.,-43.13361,-73.63278,1020.4
2000-09-30,430002.0,Futaleufú Ad.,-43.18889,-71.85222,980.4833333333332
2000-09-30,450004.0,"Teniente Vidal, Coyhaique Ad.",-45.59083,-72.10222,985.2076923076924
2000-09-30,450005.0,Balmaceda Ad.,-45.91833,-71.67778,960.0416666666666
2000-09-30,520006.0,"Carlos Ibañez, Punta Arenas Ap.",-53.00167,-70.83861,1017.15
2000-09-30,530005.0,"Fuentes Martínez, Porvenir Ad.",-53.25361,-70.32611,1016.5083333333333
2000-09-30,950001.0,"C.M.A. Eduardo Frei Montalva, Antártica ",-62.19194,-58.97972,999.15
2000-10-01,180005.0,"Chacalluta, Arica Ap.",-18.35555,-70.34028,1008.4875000000001
2000-10-01,200006.0,Diego Aracena Iquique Ap.,-20.54917,-70.18111,1011.6375
2000-10-01,220002.0,"El Loa, Calama Ad.",-22.49806,-68.8925,777.3583333333332
2000-10-01,270001.0,Mataveri  Isla de Pascua Ap.,-27.15889,-109.4325,1016.0666666666666
2000-10-01,290004.0,"La Florida, La Serena Ad.",-29.91444,-71.20667,1001.5863636363637
2000-10-01,330020.0,"Quinta Normal, Santiago",-33.445,-70.68278,954.4799999999999
2000-10-01,330021.0,Pudahuel Santiago ,-33.37833,-70.78778,959.5375
2000-10-01,330030.0,"Santo Domingo, Ad.",-33.65611,-71.61333,1008.9461538461538
2000-10-01,330031.0,"Juan Fernández, Estación Meteorológica.",-33.63583,-78.83305,1012.35
2000-10-01,340031.0,"General Freire, Curicó Ad.",-34.96944,-71.21694,988.5384615384615
2000-10-01,360011.0,"General Bernardo O'Higgins, Chillán Ad.",-36.58583,-72.03667,996.6461538461538
2000-10-01,360019.0,"Carriel Sur, Concepción Ap.",-36.78055,-73.06639,1014.444
2000-10-01,380013.0,"Maquehue, Temuco Ad.",-38.76778,-72.63194,1004.1500000000001
2000-10-01,390006.0,"Pichoy, Valdivia Ad.",-39.65667,-73.08722,1011.9307692307692
2000-10-01,400009.0,"Cañal Bajo,  Osorno Ad.",-40.61444,-73.0575,1007.9846153846154
2000-10-01,410005.0,El Tepual  Puerto Montt Ap.,-41.4475,-73.09583,1006.925
2000-10-01,430001.0,Quellón Ad.,-43.13361,-73.63278,1013.75
2000-10-01,430002.0,Futaleufú Ad.,-43.18889,-71.85222,975.9333333333334
2000-10-01,450004.0,"Teniente Vidal, Coyhaique Ad.",-45.59083,-72.10222,983.1615384615385
2000-10-01,450005.0,Balmaceda Ad.,-45.91833,-71.67778,959.9708333333333
2000-10-01,520006.0,"Carlos Ibañez, Punta Arenas Ap.",-53.00167,-70.83861,1015.6
2000-10-01,950001.0,"C.M.A. Eduardo Frei Montalva, Antártica ",-62.19194,-58.97972,992.7
2000-10-02,180005.0,"Chacalluta, Arica Ap.",-18.35555,-70.34028,1008.9416666666666
2000-10-02,200006.0,Diego Aracena Iquique Ap.,-20.54917,-70.18111,1012.0125
2000-10-02,220002.0,"El Loa, Calama Ad.",-22.49806,-68.8925,777.6588235294118
2000-10-02,270001.0,Mataveri  Isla de Pascua Ap.,-27.15889,-109.4325,1014.1999999999999
2000-10-02,290004.0,"La Florida, La Serena Ad.",-29.91444,-71.20667,1003.635294117647
2000-10-02,330020.0,"Quinta Normal, Santiago",-33.445,-70.68278,958.5600000000001
2000-10-02,330021.0,Pudahuel Santiago ,-33.37833,-70.78778,962.625
2000-10-02,330030.0,"Santo Domingo, Ad.",-33.65611,-71.61333,1012.5583333333334
2000-10-02,330031.0,"Juan Fernández, Estación Meteorológica.",-33.63583,-78.83305,1012.8
2000-10-02,340031.0,"General Freire, Curicó Ad.",-34.96944,-71.21694,993.0615384615384
2000-10-02,360011.0,"General Bernardo O'Higgins, Chillán Ad.",-36.58583,-72.03667,1001.2769230769231
2000-10-02,360019.0,"Carriel Sur, Concepción Ap.",-36.78055,-73.06639,1015.725
2000-10-02,380013.0,"Maquehue, Temuco Ad.",-38.76778,-72.63194,1004.4291666666667
2000-10-02,390006.0,"Pichoy, Valdivia Ad.",-39.65667,-73.08722,1013.9692307692308
2000-10-02,400009.0,"Cañal Bajo,  Osorno Ad.",-40.61444,-73.0575,1008.9846153846154
2000-10-02,410005.0,El Tepual  Puerto Montt Ap.,-41.4475,-73.09583,1003.6375
2000-10-02,430001.0,Quellón Ad.,-43.13361,-73.63278,1012.775
2000-10-02,430002.0,Futaleufú Ad.,-43.18889,-71.85222,975.0500000000001
2000-10-02,450001.0,Puerto Aysén Ad.,-45.39944,-72.67722,1012.75
2000-10-02,450004.0,"Teniente Vidal, Coyhaique Ad.",-45.59083,-72.10222,978.1461538461538
2000-10-02,450005.0,Balmaceda Ad.,-45.91833,-71.67778,954.6750000000001
2000-10-02,520006.0,"Carlos Ibañez, Punta Arenas Ap.",-53.00167,-70.83861,1013.95
2000-10-02,530005.0,"Fuentes Martínez, Porvenir Ad.",-53.25361,-70.32611,1013.1999999999999
2000-10-02,550001.0,"Guardiamarina Zañartu, Pto Williams Ad.",-54.93167,-67.61556,1015.4222222222221
2000-10-02,950001.0,"C.M.A. Eduardo Frei Montalva, Antártica ",-62.19194,-58.97972,988.4875
2000-10-03,180005.0,"Chacalluta, Arica Ap.",-18.35555,-70.34028,1009.5083333333333
2000-10-03,200006.0,Diego Aracena Iquique Ap.,-20.54917,-70.18111,1012.625
2000-10-03,220002.0,"El Loa, Calama Ad.",-22.49806,-68.8925,776.45
2000-10-03,270001.0,Mataveri  Isla de Pascua Ap.,-27.15889,-109.4325,1013.9
2000-10-03,290004.0,"La Florida, La Serena Ad.",-29.91444,-71.20667,1002.2941176470588
2000-10-03,330020.0,"Quinta Normal, Santiago",-33.445,-70.68278,960.1
2000-10-03,330021.0,Pudahuel Santiago ,-33.37833,-70.78778,965.4375
2000-10-03,330030.0,"Santo Domingo, Ad.",-33.65611,-71.61333,1013.1076923076923
2000-10-03,330031.0,"Juan Fernández, Estación Meteorológica.",-33.63583,-78.83305,1021.22
2000-10-03,340031.0,"General Freire, Curicó Ad.",-34.96944,-71.21694,994.6846153846153
2000-10-03,360011.0,"General Bernardo O'Higgins, Chillán Ad.",-36.58583,-72.03667,1005.7384615384616
2000-10-03,360019.0,"Carriel Sur, Concepción Ap.",-36.78055,-73.06639,1022.2583333333333
2000-10-03,380013.0,"Maquehue, Temuco Ad.",-38.76778,-72.63194,1010.7791666666667
2000-10-03,390006.0,"Pichoy, Valdivia Ad.",-39.65667,-73.08722,1019.8
2000-10-03,400009.0,"Cañal Bajo,  Osorno Ad.",-40.61444,-73.0575,1014.15
2000-10-03,410005.0,El Tepual  Puerto Montt Ap.,-41.4475,-73.09583,1009.325
2000-10-03,430001.0,Quellón Ad.,-43.13361,-73.63278,1018.3
2000-10-03,430002.0,Futaleufú Ad.,-43.18889,-71.85222,977.8583333333332
2000-10-03,450001.0,Puerto Aysén Ad.,-45.39944,-72.67722,1017.9375
2000-10-03,450004.0,"Teniente Vidal, Coyhaique Ad.",-45.59083,-72.10222,980.6076923076923
2000-10-03,450005.0,Balmaceda Ad.,-45.91833,-71.67778,954.7833333333333
2000-10-03,520006.0,"Carlos Ibañez, Punta Arenas Ap.",-53.00167,-70.83861,1012.925
2000-10-03,530005.0,"Fuentes Martínez, Porvenir Ad.",-53.25361,-70.32611,1013.75
2000-10-03,550001.0,"Guardiamarina Zañartu, Pto Williams Ad.",-54.93167,-67.61556,1016.6999999999999
2000-10-03,950001.0,"C.M.A. Eduardo Frei Montalva, Antártica ",-62.19194,-58.97972,999.275
2000-10-04,180005.0,"Chacalluta, Arica Ap.",-18.35555,-70.34028,1007.8791666666666
2000-10-04,200006.0,Diego Aracena Iquique Ap.,-20.54917,-70.18111,1011.2375
2000-10-04,220002.0,"El Loa, Calama Ad.",-22.49806,-68.8925,775.8
2000-10-04,270001.0,Mataveri  Isla de Pascua Ap.,-27.15889,-109.4325,1013.8666666666667
2000-10-04,290004.0,"La Florida, La Serena Ad.",-29.91444,-71.20667,1000.5649999999999
2000-10-04,330020.0,"Quinta Normal, Santiago",-33.445,-70.68278,957.9399999999999
2000-10-04,330021.0,Pudahuel Santiago ,-33.37833,-70.78778,963.5125
2000-10-04,330030.0,"Santo Domingo, Ad.",-33.65611,-71.61333,1010.8923076923077
2000-10-04,330031.0,"Juan Fernández, Estación Meteorológica.",-33.63583,-78.83305,1022.0600000000001
2000-10-04,340031.0,"General Freire, Curicó Ad.",-34.96944,-71.21694,993.2615384615384
2000-10-04,360011.0,"General Bernardo O'Higgins, Chillán Ad.",-36.58583,-72.03667,1003.9384615384616
2000-10-04,360019.0,"Carriel Sur, Concepción Ap.",-36.78055,-73.06639,1021.775
2000-10-04,380013.0,"Maquehue, Temuco Ad.",-38.76778,-72.63194,1013.9041666666667
2000-10-04,390006.0,"Pichoy, Valdivia Ad.",-39.65667,-73.08722,1022.4153846153846
2000-10-04,400009.0,"Cañal Bajo,  Osorno Ad.",-40.61444,-73.0575,1017.6307692307693
2000-10-04,410005.0,El Tepual  Puerto Montt Ap.,-41.4475,-73.09583,1015.2125
2000-10-04,430001.0,Quellón Ad.,-43.13361,-73.63278,1022.7
2000-10-04,430002.0,Futaleufú Ad.,-43.18889,-71.85222,981.625
2000-10-04,450001.0,Puerto Aysén Ad.,-45.39944,-72.67722,1021.95
2000-10-04,450004.0,"Teniente Vidal, Coyhaique Ad.",-45.59083,-72.10222,984.5769230769231
2000-10-04,450005.0,Balmaceda Ad.,-45.91833,-71.67778,958.7624999999999
2000-10-04,520006.0,"Carlos Ibañez, Punta Arenas Ap.",-53.00167,-70.83861,1015.2625
2000-10-04,530005.0,"Fuentes Martínez, Porvenir Ad.",-53.25361,-70.32611,1014.6916666666666
2000-10-04,550001.0,"Guardiamarina Zañartu, Pto Williams Ad.",-54.93167,-67.61556,1016.9200000000001
2000-10-04,950001.0,"C.M.A. Eduardo Frei Montalva, Antártica ",-62.19194,-58.97972,1003.175
2000-10-05,180005.0,"Chacalluta, Arica Ap.",-18.35555,-70.34028,1008.9499999999999
2000-10-05,200006.0,Diego Aracena Iquique Ap.,-20.54917,-70.18111,1009.825
2000-10-05,220002.0,"El Loa, Calama Ad.",-22.49806,-68.8925,775.56875
2000-10-05,270001.0,Mataveri  Isla de Pascua Ap.,-27.15889,-109.4325,1011.0666666666666
2000-10-05,290004.0,"La Florida, La Serena Ad.",-29.91444,-71.20667,998.512
2000-10-05,330020.0,"Quinta Normal, Santiago",-33.445,-70.68278,955.8399999999999
2000-10-05,330021.0,Pudahuel Santiago ,-33.37833,-70.78778,961.3625
2000-10-05,330030.0,"Santo Domingo, Ad.",-33.65611,-71.61333,1008.8307692307692
2000-10-05,330031.0,"Juan Fernández, Estación Meteorológica.",-33.63583,-78.83305,1019.5200000000001
2000-10-05,340031.0,"General Freire, Curicó Ad.",-34.96944,-71.21694,990.5461538461539
2000-10-05,360011.0,"General Bernardo O'Higgins, Chillán Ad.",-36.58583,-72.03667,1000.6307692307693
2000-10-05,360019.0,"Carriel Sur, Concepción Ap.",-36.78055,-73.06639,1019.4
2000-10-05,380013.0,"Maquehue, Temuco Ad.",-38.76778,-72.63194,1010.2791666666667
2000-10-05,390006.0,"Pichoy, Valdivia Ad.",-39.65667,-73.08722,1016.8
2000-10-05,400009.0,"Cañal Bajo,  Osorno Ad.",-40.61444,-73.0575,1011.5692307692308
2000-10-05,410005.0,El Tepual  Puerto Montt Ap.,-41.4475,-73.09583,1010.25
2000-10-05,430001.0,Quellón Ad.,-43.13361,-73.63278,1012.4
2000-10-05,430002.0,Futaleufú Ad.,-43.18889,-71.85222,973.6416666666668
2000-10-05,450001.0,Puerto Aysén Ad.,-45.39944,-72.67722,1011.2
2000-10-05,450004.0,"Teniente Vidal, Coyhaique Ad.",-45.59083,-72.10222,975.4538461538461
2000-10-05,450005.0,Balmaceda Ad.,-45.91833,-71.67778,952.5166666666668
2000-10-05,520006.0,"Carlos Ibañez, Punta Arenas Ap.",-53.00167,-70.83861,1008.175
2000-10-05,530005.0,"Fuentes Martínez, Porvenir Ad.",-53.25361,-70.32611,1007.1461538461538
2000-10-05,550001.0,"Guardiamarina Zañartu, Pto Williams Ad.",-54.93167,-67.61556,1010.0555555555555
2000-10-05,950001.0,"C.M.A. Eduardo Frei Montalva, Antártica ",-62.19194,-58.97972,1011.625
2000-10-06,180005.0,"Chacalluta, Arica Ap.",-18.35555,-70.34028,1008.1208333333334
2000-10-06,200006.0,Diego Aracena Iquique Ap.,-20.54917,-70.18111,1009.0375
2000-10-06,220002.0,"El Loa, Calama Ad.",-22.49806,-68.8925,775.24375
2000-10-06,270001.0,Mataveri  Isla de Pascua Ap.,-27.15889,-109.4325,1007.4833333333332
2000-10-06,290004.0,"La Florida, La Serena Ad.",-29.91444,-71.20667,997.5124999999999
2000-10-06,330020.0,"Quinta Normal, Santiago",-33.445,-70.68278,956.0200000000001
2000-10-06,330021.0,Pudahuel Santiago ,-33.37833,-70.78778,961.725
2000-10-06,330030.0,"Santo Domingo, Ad.",-33.65611,-71.61333,1009.1846153846153
2000-10-06,330031.0,"Juan Fernández, Estación Meteorológica.",-33.63583,-78.83305,1019.74
2000-10-06,340031.0,"General Freire, Curicó Ad.",-34.96944,-71.21694,991.0538461538462
2000-10-06,360011.0,"General Bernardo O'Higgins, Chillán Ad.",-36.58583,-72.03667,1001.7615384615384
2000-10-06,360019.0,"Carriel Sur, Concepción Ap.",-36.78055,-73.06639,1019.7875
2000-10-06,380013.0,"Maquehue, Temuco Ad.",-38.76778,-72.63194,1011.5291666666667
2000-10-06,390006.0,"Pichoy, Valdivia Ad.",-39.65667,-73.08722,1020.5461538461539
2000-10-06,400009.0,"Cañal Bajo,  Osorno Ad.",-40.61444,-73.0575,1015.6384615384615
2000-10-06,410005.0,El Tepual  Puerto Montt Ap.,-41.4475,-73.09583,1011.8375
2000-10-06,430001.0,Quellón Ad.,-43.13361,-73.63278,1019.55
2000-10-06,430002.0,Futaleufú Ad.,-43.18889,-71.85222,979.7666666666668
2000-10-06,450004.0,"Teniente Vidal, Coyhaique Ad.",-45.59083,-72.10222,980.4307692307692
2000-10-06,450005.0,Balmaceda Ad.,-45.91833,-71.67778,952.9250000000001
2000-10-06,520006.0,"Carlos Ibañez, Punta Arenas Ap.",-53.00167,-70.83861,1002.9625
2000-10-06,530005.0,"Fuentes Martínez, Porvenir Ad.",-53.25361,-70.32611,1002.6999999999999
2000-10-06,550001.0,"Guardiamarina Zañartu, Pto Williams Ad.",-54.93167,-67.61556,1004.475
2000-10-06,950001.0,"C.M.A. Eduardo Frei Montalva, Antártica ",-62.19194,-58.97972,1010.8375
2000-10-07,180005.0,"Chacalluta, Arica Ap.",-18.35555,-70.34028,1008.6666666666666
2000-10-07,200006.0,Diego Aracena Iquique Ap.,-20.54917,-70.18111,1009.0625
2000-10-07,220002.0,"El Loa, Calama Ad.",-22.49806,-68.8925,775.1875
2000-10-07,270001.0,Mataveri  Isla de Pascua Ap.,-27.15889,-109.4325,1009.5666666666666
2000-10-07,290004.0,"La Florida, La Serena Ad.",-29.91444,-71.20667,998.0285714285714
2000-10-07,330020.0,"Quinta Normal, Santiago",-33.445,-70.68278,954.54
2000-10-07,330021.0,Pudahuel Santiago ,-33.37833,-70.78778,959.65
2000-10-07,330030.0,"Santo Domingo, Ad.",-33.65611,-71.61333,1006.9538461538461
2000-10-07,330031.0,"Juan Fernández, Estación Meteorológica.",-33.63583,-78.83305,1018.225
2000-10-07,340031.0,"General Freire, Curicó Ad.",-34.96944,-71.21694,988.5615384615384
2000-10-07,360011.0,"General Bernardo O'Higgins, Chillán Ad.",-36.58583,-72.03667,998.8307692307692
2000-10-07,360019.0,"Carriel Sur, Concepción Ap.",-36.78055,-73.06639,1017.3125
2000-10-07,380013.0,"Maquehue, Temuco Ad.",-38.76778,-72.63194,1008.148
2000-10-07,390006.0,"Pichoy, Valdivia Ad.",-39.65667,-73.08722,1015.4846153846154
2000-10-07,400009.0,"Cañal Bajo,  Osorno Ad.",-40.61444,-73.0575,1011.0142857142857
2000-10-07,410005.0,El Tepual  Puerto Montt Ap.,-41.4475,-73.09583,1009.775
2000-10-07,430001.0,Quellón Ad.,-43.13361,-73.63278,1014.45
2000-10-07,430002.0,Futaleufú Ad.,-43.18889,-71.85222,974.1333333333333
2000-10-07,450004.0,"Teniente Vidal, Coyhaique Ad.",-45.59083,-72.10222,976.3384615384615
2000-10-07,450005.0,Balmaceda Ad.,-45.91833,-71.67778,952.1458333333334
2000-10-07,520006.0,"Carlos Ibañez, Punta Arenas Ap.",-53.00167,-70.83861,999.7
2000-10-07,530005.0,"Fuentes Martínez, Porvenir Ad.",-53.25361,-70.32611,1002.4083333333333
2000-10-07,950001.0,"C.M.A. Eduardo Frei Montalva, Antártica ",-62.19194,-58.97972,999.2625
2000-10-08,180005.0,"Chacalluta, Arica Ap.",-18.35555,-70.34028,1008.2833333333333
2000-10-08,200006.0,Diego Aracena Iquique Ap.,-20.54917,-70.18111,1008.8875
2000-10-08,220002.0,"El Loa, Calama Ad.",-22.49806,-68.8925,775.1583333333333
2000-10-08,270001.0,Mataveri  Isla de Pascua Ap.,-27.15889,-109.4325,1014.6833333333334
2000-10-08,290004.0,"La Florida, La Serena Ad.",-29.91444,-71.20667,999.9705882352941
2000-10-08,330020.0,"Quinta Normal, Santiago",-33.445,-70.68278,955.82
2000-10-08,330021.0,Pudahuel Santiago ,-33.37833,-70.78778,960.2875
2000-10-08,330030.0,"Santo Domingo, Ad.",-33.65611,-71.61333,1011.4384615384616
2000-10-08,330031.0,"Juan Fernández, Estación Meteorológica.",-33.63583,-78.83305,1017.375
2000-10-08,340031.0,"General Freire, Curicó Ad.",-34.96944,-71.21694,991.1846153846153
2000-10-08,360011.0,"General Bernardo O'Higgins, Chillán Ad.",-36.58583,-72.03667,1000.1461538461538
2000-10-08,360019.0,"Carriel Sur, Concepción Ap.",-36.78055,-73.06639,1015.6999999999999
2000-10-08,380013.0,"Maquehue, Temuco Ad.",-38.76778,-72.63194,1004.0749999999999
2000-10-08,390006.0,"Pichoy, Valdivia Ad.",-39.65667,-73.08722,1011.3384615384615
2000-10-08,400009.0,"Cañal Bajo,  Osorno Ad.",-40.61444,-73.0575,1006.2692307692307
2000-10-08,410005.0,El Tepual  Puerto Montt Ap.,-41.4475,-73.09583,1002.525
2000-10-08,430001.0,Quellón Ad.,-43.13361,-73.63278,1009.35
2000-10-08,430002.0,Futaleufú Ad.,-43.18889,-71.85222,969.9250000000001
2000-10-08,450004.0,"Teniente Vidal, Coyhaique Ad.",-45.59083,-72.10222,973.3545454545455
2000-10-08,450005.0,Balmaceda Ad.,-45.91833,-71.67778,948.0375
2000-10-08,520006.0,"Carlos Ibañez, Punta Arenas Ap.",-53.00167,-70.83861,1001.3375
2000-10-08,950001.0,"C.M.A. Eduardo Frei Montalva, Antártica ",-62.19194,-58.97972,990.575
2000-10-09,180005.0,"Chacalluta, Arica Ap.",-18.35555,-70.34028,1008.3291666666668
2000-10-09,200006.0,Diego Aracena Iquique Ap.,-20.54917,-70.18111,1008.25
2000-10-09,220002.0,"El Loa, Calama Ad.",-22.49806,-68.8925,775.7857142857143
2000-10-09,270001.0,Mataveri  Isla de Pascua Ap.,-27.15889,-109.4325,1017.4499999999999
2000-10-09,290004.0,"La Florida, La Serena Ad.",-29.91444,-71.20667,998.464705882353
2000-10-09,330020.0,"Quinta Normal, Santiago",-33.445,-70.68278,957.9
2000-10-09,330021.0,Pudahuel Santiago ,-33.37833,-70.78778,964.0
2000-10-09,330030.0,"Santo Domingo, Ad.",-33.65611,-71.61333,1010.4153846153846
2000-10-09,330031.0,"Juan Fernández, Estación Meteorológica.",-33.63583,-78.83305,1022.45
2000-10-09,340031.0,"General Freire, Curicó Ad.",-34.96944,-71.21694,992.7076923076924
2000-10-09,360011.0,"General Bernardo O'Higgins, Chillán Ad.",-36.58583,-72.03667,1004.4846153846154
2000-10-09,360019.0,"Carriel Sur, Concepción Ap.",-36.78055,-73.06639,1023.1625
2000-10-09,380013.0,"Maquehue, Temuco Ad.",-38.76778,-72.63194,1012.8874999999999
2000-10-09,390006.0,"Pichoy, Valdivia Ad.",-39.65667,-73.08722,1021.6461538461538
2000-10-09,400009.0,"Cañal Bajo,  Osorno Ad.",-40.61444,-73.0575,1015.7846153846154
2000-10-09,410005.0,El Tepual  Puerto Montt Ap.,-41.4475,-73.09583,1011.3125
2000-10-09,430001.0,Quellón Ad.,-43.13361,-73.63278,1018.6
2000-10-09,430002.0,Futaleufú Ad.,-43.18889,-71.85222,976.3833333333333
2000-10-09,450004.0,"Teniente Vidal, Coyhaique Ad.",-45.59083,-72.10222,976.0307692307692
2000-10-09,450005.0,Balmaceda Ad.,-45.91833,-71.67778,949.1291666666666
2000-10-09,520006.0,"Carlos Ibañez, Punta Arenas Ap.",-53.00167,-70.83861,993.0875
2000-10-09,530005.0,"Fuentes Martínez, Porvenir Ad.",-53.25361,-70.32611,990.5916666666667
2000-10-09,950001.0,"C.M.A. Eduardo Frei Montalva, Antártica ",-62.19194,-58.97972,989.7
2000-10-10,180005.0,"Chacalluta, Arica Ap.",-18.35555,-70.34028,1005.6541666666667
2000-10-10,200006.0,Diego Aracena Iquique Ap.,-20.54917,-70.18111,1009.125
2000-10-10,220002.0,"El Loa, Calama Ad.",-22.49806,-68.8925,775.8125
2000-10-10,270001.0,Mataveri  Isla de Pascua Ap.,-27.15889,-109.4325,1017.5
2000-10-10,290004.0,"La Florida, La Serena Ad.",-29.91444,-71.20667,998.9857142857143
2000-10-10,330020.0,"Quinta Normal, Santiago",-33.445,-70.68278,956.0200000000001
2000-10-10,330021.0,Pudahuel Santiago ,-33.37833,-70.78778,961.375
2000-10-10,330030.0,"Santo Domingo, Ad.",-33.65611,-71.61333,1009.5307692307692
2000-10-10,330031.0,"Juan Fernández, Estación Meteorológica.",-33.63583,-78.83305,1021.2
2000-10-10,340031.0,"General Freire, Curicó Ad.",-34.96944,-71.21694,991.7461538461539
2000-10-10,360011.0,"General Bernardo O'Higgins, Chillán Ad.",-36.58583,-72.03667,1002.3461538461538
2000-10-10,360019.0,"Carriel Sur, Concepción Ap.",-36.78055,-73.06639,1020.5749999999999
2000-10-10,380013.0,"Maquehue, Temuco Ad.",-38.76778,-72.63194,1011.2166666666667
2000-10-10,390006.0,"Pichoy, Valdivia Ad.",-39.65667,-73.08722,1018.1846153846153
2000-10-10,400009.0,"Cañal Bajo,  Osorno Ad.",-40.61444,-73.0575,1011.4692307692308
2000-10-10,410005.0,El Tepual  Puerto Montt Ap.,-41.4475,-73.09583,1008.5
2000-10-10,430001.0,Quellón Ad.,-43.13361,-73.63278,1008.55
2000-10-10,430002.0,Futaleufú Ad.,-43.18889,-71.85222,965.9666666666667
2000-10-10,450001.0,Puerto Aysén Ad.,-45.39944,-72.67722,1000.0
2000-10-10,450004.0,"Teniente Vidal, Coyhaique Ad.",-45.59083,-72.10222,963.176923076923
2000-10-10,450005.0,Balmaceda Ad.,-45.91833,-71.67778,938.4333333333334
2000-10-10,520006.0,"Carlos Ibañez, Punta Arenas Ap.",-53.00167,-70.83861,976.0875000000001
2000-10-10,530005.0,"Fuentes Martínez, Porvenir Ad.",-53.25361,-70.32611,975.0083333333333
2000-10-10,550001.0,"Guardiamarina Zañartu, Pto Williams Ad.",-54.93167,-67.61556,971.71
2000-10-10,950001.0,"C.M.A. Eduardo Frei Montalva, Antártica ",-62.19194,-58.97972,976.95
2000-10-11,180005.0,"Chacalluta, Arica Ap.",-18.35555,-70.34028,1007.4
2000-10-11,200006.0,Diego Aracena Iquique Ap.,-20.54917,-70.18111,1008.3
2000-10-11,220002.0,"El Loa, Calama Ad.",-22.49806,-68.8925,775.3875
2000-10-11,270001.0,Mataveri  Isla de Pascua Ap.,-27.15889,-109.4325,1016.5166666666668
2000-10-11,290004.0,"La Florida, La Serena Ad.",-29.91444,-71.20667,998.4526315789473
2000-10-11,330020.0,"Quinta Normal, Santiago",-33.445,-70.68278,955.74
2000-10-11,330021.0,Pudahuel Santiago ,-33.37833,-70.78778,961.225
2000-10-11,330030.0,"Santo Domingo, Ad.",-33.65611,-71.61333,1009.7769230769231
2000-10-11,330031.0,"Juan Fernández, Estación Meteorológica.",-33.63583,-78.83305,1018.5799999999999
2000-10-11,340031.0,"General Freire, Curicó Ad.",-34.96944,-71.21694,991.1846153846153
2000-10-11,360011.0,"General Bernardo O'Higgins, Chillán Ad.",-36.58583,-72.03667,1001.0307692307692
2000-10-11,360019.0,"Carriel Sur, Concepción Ap.",-36.78055,-73.06639,1018.5592592592592
2000-10-11,380013.0,"Maquehue, Temuco Ad.",-38.76778,-72.63194,1005.1541666666667
2000-10-11,390006.0,"Pichoy, Valdivia Ad.",-39.65667,-73.08722,1009.2333333333332
2000-10-11,400009.0,"Cañal Bajo,  Osorno Ad.",-40.61444,-73.0575,1000.7857142857143
2000-10-11,410005.0,El Tepual  Puerto Montt Ap.,-41.4475,-73.09583,997.625
2000-10-11,430001.0,Quellón Ad.,-43.13361,-73.63278,997.6
2000-10-11,430002.0,Futaleufú Ad.,-43.18889,-71.85222,955.5083333333333
2000-10-11,450001.0,Puerto Aysén Ad.,-45.39944,-72.67722,987.3875
2000-10-11,450004.0,"Teniente Vidal, Coyhaique Ad.",-45.59083,-72.10222,955.2461538461539
2000-10-11,450005.0,Balmaceda Ad.,-45.91833,-71.67778,929.0041666666666
2000-10-11,520006.0,"Carlos Ibañez, Punta Arenas Ap.",-53.00167,-70.83861,970.85
2000-10-11,530005.0,"Fuentes Martínez, Porvenir Ad.",-53.25361,-70.32611,970.625
2000-10-11,550001.0,"Guardiamarina Zañartu, Pto Williams Ad.",-54.93167,-67.61556,967.5111111111112
2000-10-11,950001.0,"C.M.A. Eduardo Frei Montalva, Antártica ",-62.19194,-58.97972,958.5125
2000-10-12,180005.0,"Chacalluta, Arica Ap.",-18.35555,-70.34028,1009.6125
2000-10-12,200006.0,Diego Aracena Iquique Ap.,-20.54917,-70.18111,1010.175
2000-10-12,220002.0,"El Loa, Calama Ad.",-22.49806,-68.8925,776.1375
2000-10-12,270001.0,Mataveri  Isla de Pascua Ap.,-27.15889,-109.4325,1017.15
2000-10-12,290004.0,"La Florida, La Serena Ad.",-29.91444,-71.20667,999.675
2000-10-12,330020.0,"Quinta Normal, Santiago",-33.445,-70.68278,958.14
2000-10-12,330021.0,Pudahuel Santiago ,-33.37833,-70.78778,963.575
2000-10-12,330030.0,"Santo Domingo, Ad.",-33.65611,-71.61333,1012.176923076923
2000-10-12,330031.0,"Juan Fernández, Estación Meteorológica.",-33.63583,-78.83305,1020.4799999999999
2000-10-12,340031.0,"General Freire, Curicó Ad.",-34.96944,-71.21694,993.8153846153847
2000-10-12,360011.0,"General Bernardo O'Higgins, Chillán Ad.",-36.58583,-72.03667,1004.8615384615385
2000-10-12,360019.0,"Carriel Sur, Concepción Ap.",-36.78055,-73.06639,1020.6791666666667
2000-10-12,380013.0,"Maquehue, Temuco Ad.",-38.76778,-72.63194,1008.6125000000001
2000-10-12,390006.0,"Pichoy, Valdivia Ad.",-39.65667,-73.08722,1018.5923076923077
2000-10-12,400009.0,"Cañal Bajo,  Osorno Ad.",-40.61444,-73.0575,1011.7461538461539
2000-10-12,410005.0,El Tepual  Puerto Montt Ap.,-41.4475,-73.09583,1003.5875
2000-10-12,430001.0,Quellón Ad.,-43.13361,-73.63278,1010.925
2000-10-12,430002.0,Futaleufú Ad.,-43.18889,-71.85222,969.1333333333333
2000-10-12,450001.0,Puerto Aysén Ad.,-45.39944,-72.67722,999.4
2000-10-12,450004.0,"Teniente Vidal, Coyhaique Ad.",-45.59083,-72.10222,965.5384615384615
2000-10-12,450005.0,Balmaceda Ad.,-45.91833,-71.67778,936.5419354838709
2000-10-12,520006.0,"Carlos Ibañez, Punta Arenas Ap.",-53.00167,-70.83861,976.6375
2000-10-12,530005.0,"Fuentes Martínez, Porvenir Ad.",-53.25361,-70.32611,980.6999999999999
2000-10-12,550001.0,"Guardiamarina Zañartu, Pto Williams Ad.",-54.93167,-67.61556,977.3555555555556
2000-10-12,950001.0,"C.M.A. Eduardo Frei Montalva, Antártica ",-62.19194,-58.97972,960.7375
2000-10-13,180005.0,"Chacalluta, Arica Ap.",-18.35555,-70.34028,1009.8
2000-10-13,200006.0,Diego Aracena Iquique Ap.,-20.54917,-70.18111,1009.9875
2000-10-13,220002.0,"El Loa, Calama Ad.",-22.49806,-68.8925,776.5176470588235
2000-10-13,270001.0,Mataveri  Isla de Pascua Ap.,-27.15889,-109.4325,1017.2166666666667
2000-10-13,290004.0,"La Florida, La Serena Ad.",-29.91444,-71.20667,999.0388888888889
2000-10-13,330020.0,"Quinta Normal, Santiago",-33.445,-70.68278,956.64
2000-10-13,330021.0,Pudahuel Santiago ,-33.37833,-70.78778,962.1875
2000-10-13,330030.0,"Santo Domingo, Ad.",-33.65611,-71.61333,1009.7769230769231
2000-10-13,330031.0,"Juan Fernández, Estación Meteorológica.",-33.63583,-78.83305,1020.64
2000-10-13,340031.0,"General Freire, Curicó Ad.",-34.96944,-71.21694,992.123076923077
2000-10-13,360011.0,"General Bernardo O'Higgins, Chillán Ad.",-36.58583,-72.03667,1003.2384615384616
2000-10-13,360019.0,"Carriel Sur, Concepción Ap.",-36.78055,-73.06639,1022.1374999999999
2000-10-13,380013.0,"Maquehue, Temuco Ad.",-38.76778,-72.63194,1012.0666666666666
2000-10-13,390006.0,"Pichoy, Valdivia Ad.",-39.65667,-73.08722,1019.7076923076924
2000-10-13,400009.0,"Cañal Bajo,  Osorno Ad.",-40.61444,-73.0575,1014.1153846153846
2000-10-13,410005.0,El Tepual  Puerto Montt Ap.,-41.4475,-73.09583,1010.6375
2000-10-13,430001.0,Quellón Ad.,-43.13361,-73.63278,1018.175
2000-10-13,430002.0,Futaleufú Ad.,-43.18889,-71.85222,977.9416666666666
2000-10-13,450001.0,Puerto Aysén Ad.,-45.39944,-72.67722,1015.975
2000-10-13,450004.0,"Teniente Vidal, Coyhaique Ad.",-45.59083,-72.10222,980.9153846153846
2000-10-13,450005.0,Balmaceda Ad.,-45.91833,-71.67778,950.4166666666666
2000-10-13,520006.0,"Carlos Ibañez, Punta Arenas Ap.",-53.00167,-70.83861,995.85
2000-10-13,530005.0,"Fuentes Martínez, Porvenir Ad.",-53.25361,-70.32611,1003.9916666666667
2000-10-13,550001.0,"Guardiamarina Zañartu, Pto Williams Ad.",-54.93167,-67.61556,998.9333333333334
2000-10-13,950001.0,"C.M.A. Eduardo Frei Montalva, Antártica ",-62.19194,-58.97972,976.15
2000-10-14,180005.0,"Chacalluta, Arica Ap.",-18.35555,-70.34028,1010.0375
2000-10-14,200006.0,Diego Aracena Iquique Ap.,-20.54917,-70.18111,1010.35
2000-10-14,220002.0,"El Loa, Calama Ad.",-22.49806,-68.8925,776.875
2000-10-14,270001.0,Mataveri  Isla de Pascua Ap.,-27.15889,-109.4325,1015.2333333333332
2000-10-14,290004.0,"La Florida, La Serena Ad.",-29.91444,-71.20667,1000.2666666666667
2000-10-14,330020.0,"Quinta Normal, Santiago",-33.445,-70.68278,955.86
2000-10-14,330021.0,Pudahuel Santiago ,-33.37833,-70.78778,961.2
2000-10-14,330030.0,"Santo Domingo, Ad.",-33.65611,-71.61333,1009.9000000000001
2000-10-14,330031.0,"Juan Fernández, Estación Meteorológica.",-33.63583,-78.83305,1020.2
2000-10-14,340031.0,"General Freire, Curicó Ad.",-34.96944,-71.21694,990.1461538461538
2000-10-14,360011.0,"General Bernardo O'Higgins, Chillán Ad.",-36.58583,-72.03667,1000.7769230769231
2000-10-14,360019.0,"Carriel Sur, Concepción Ap.",-36.78055,-73.06639,1018.7958333333332
2000-10-14,380013.0,"Maquehue, Temuco Ad.",-38.76778,-72.63194,1009.4391304347826
2000-10-14,390006.0,"Pichoy, Valdivia Ad.",-39.65667,-73.08722,1017.9384615384616
2000-10-14,400009.0,"Cañal Bajo,  Osorno Ad.",-40.61444,-73.0575,1015.2923076923076
2000-10-14,410005.0,El Tepual  Puerto Montt Ap.,-41.4475,-73.09583,1012.7875
2000-10-14,430002.0,Futaleufú Ad.,-43.18889,-71.85222,985.1083333333332
2000-10-14,450004.0,"Teniente Vidal, Coyhaique Ad.",-45.59083,-72.10222,988.8923076923077
2000-10-14,450005.0,Balmaceda Ad.,-45.91833,-71.67778,962.6458333333334
2000-10-14,520006.0,"Carlos Ibañez, Punta Arenas Ap.",-53.00167,-70.83861,1010.2375
2000-10-14,530005.0,"Fuentes Martínez, Porvenir Ad.",-53.25361,-70.32611,1009.2916666666666
2000-10-14,950001.0,"C.M.A. Eduardo Frei Montalva, Antártica ",-62.19194,-58.97972,985.925
2000-10-15,180005.0,"Chacalluta, Arica Ap.",-18.35555,-70.34028,1010.35
2000-10-15,200006.0,Diego Aracena Iquique Ap.,-20.54917,-70.18111,1010.85
2000-10-15,220002.0,"El Loa, Calama Ad.",-22.49806,-68.8925,776.8076923076923
2000-10-15,270001.0,Mataveri  Isla de Pascua Ap.,-27.15889,-109.4325,1011.3833333333333
2000-10-15,290004.0,"La Florida, La Serena Ad.",-29.91444,-71.20667,1000.8705882352941
2000-10-15,330020.0,"Quinta Normal, Santiago",-33.445,-70.68278,958.3
2000-10-15,330021.0,Pudahuel Santiago ,-33.37833,-70.78778,962.875
2000-10-15,330030.0,"Santo Domingo, Ad.",-33.65611,-71.61333,1012.2357142857143
2000-10-15,330031.0,"Juan Fernández, Estación Meteorológica.",-33.63583,-78.83305,1021.775
2000-10-15,340031.0,"General Freire, Curicó Ad.",-34.96944,-71.21694,992.6846153846153
2000-10-15,360011.0,"General Bernardo O'Higgins, Chillán Ad.",-36.58583,-72.03667,1002.1153846153846
2000-10-15,360019.0,"Carriel Sur, Concepción Ap.",-36.78055,-73.06639,1018.2375000000001
2000-10-15,380013.0,"Maquehue, Temuco Ad.",-38.76778,-72.63194,1008.5583333333334
2000-10-15,390006.0,"Pichoy, Valdivia Ad.",-39.65667,-73.08722,1019.3538461538462
2000-10-15,400009.0,"Cañal Bajo,  Osorno Ad.",-40.61444,-73.0575,1016.0571428571428
2000-10-15,410005.0,El Tepual  Puerto Montt Ap.,-41.4475,-73.09583,1014.575
2000-10-15,430002.0,Futaleufú Ad.,-43.18889,-71.85222,977.0307692307692
2000-10-15,450004.0,"Teniente Vidal, Coyhaique Ad.",-45.59083,-72.10222,984.9923076923077
2000-10-15,450005.0,Balmaceda Ad.,-45.91833,-71.67778,959.2166666666667
2000-10-15,520006.0,"Carlos Ibañez, Punta Arenas Ap.",-53.00167,-70.83861,998.05
2000-10-15,950001.0,"C.M.A. Eduardo Frei Montalva, Antártica ",-62.19194,-58.97972,965.7625
2000-10-16,180005.0,"Chacalluta, Arica Ap.",-18.35555,-70.34028,1009.7375
2000-10-16,200006.0,Diego Aracena Iquique Ap.,-20.54917,-70.18111,1010.375
2000-10-16,220002.0,"El Loa, Calama Ad.",-22.49806,-68.8925,777.58125
2000-10-16,270001.0,Mataveri  Isla de Pascua Ap.,-27.15889,-109.4325,1004.6
2000-10-16,290004.0,"La Florida, La Serena Ad.",-29.91444,-71.20667,999.6166666666666
2000-10-16,330020.0,"Quinta Normal, Santiago",-33.445,-70.68278,955.24
2000-10-16,330021.0,Pudahuel Santiago ,-33.37833,-70.78778,961.0875
2000-10-16,330030.0,"Santo Domingo, Ad.",-33.65611,-71.61333,1007.9857142857143
2000-10-16,330031.0,"Juan Fernández, Estación Meteorológica.",-33.63583,-78.83305,1019.4799999999999
2000-10-16,340031.0,"General Freire, Curicó Ad.",-34.96944,-71.21694,988.3307692307692
2000-10-16,360011.0,"General Bernardo O'Higgins, Chillán Ad.",-36.58583,-72.03667,997.8153846153847
2000-10-16,360019.0,"Carriel Sur, Concepción Ap.",-36.78055,-73.06639,1018.0555555555555
2000-10-16,380013.0,"Maquehue, Temuco Ad.",-38.76778,-72.63194,1010.712
2000-10-16,390006.0,"Pichoy, Valdivia Ad.",-39.65667,-73.08722,1018.8846153846154
2000-10-16,400009.0,"Cañal Bajo,  Osorno Ad.",-40.61444,-73.0575,1015.4714285714286
2000-10-16,410005.0,El Tepual  Puerto Montt Ap.,-41.4475,-73.09583,1013.875
2000-10-16,430001.0,Quellón Ad.,-43.13361,-73.63278,1020.9
2000-10-16,430002.0,Futaleufú Ad.,-43.18889,-71.85222,974.2153846153846
2000-10-16,450001.0,Puerto Aysén Ad.,-45.39944,-72.67722,1013.875
2000-10-16,450004.0,"Teniente Vidal, Coyhaique Ad.",-45.59083,-72.10222,978.4615384615385
2000-10-16,450005.0,Balmaceda Ad.,-45.91833,-71.67778,953.0041666666666
2000-10-16,520006.0,"Carlos Ibañez, Punta Arenas Ap.",-53.00167,-70.83861,989.0375
2000-10-16,530005.0,"Fuentes Martínez, Porvenir Ad.",-53.25361,-70.32611,983.9583333333334
2000-10-16,550001.0,"Guardiamarina Zañartu, Pto Williams Ad.",-54.93167,-67.61556,976.7222222222222
2000-10-16,950001.0,"C.M.A. Eduardo Frei Montalva, Antártica ",-62.19194,-58.97972,960.2875
2000-10-17,180005.0,"Chacalluta, Arica Ap.",-18.35555,-70.34028,1009.1875
2000-10-17,200006.0,Diego Aracena Iquique Ap.,-20.54917,-70.18111,1009.625
2000-10-17,220002.0,"El Loa, Calama Ad.",-22.49806,-68.8925,777.7866666666666
2000-10-17,270001.0,Mataveri  Isla de Pascua Ap.,-27.15889,-109.4325,1001.5666666666666
2000-10-17,290004.0,"La Florida, La Serena Ad.",-29.91444,-71.20667,999.75
2000-10-17,330020.0,"Quinta Normal, Santiago",-33.445,-70.68278,954.8
2000-10-17,330021.0,Pudahuel Santiago ,-33.37833,-70.78778,959.8
2000-10-17,330030.0,"Santo Domingo, Ad.",-33.65611,-71.61333,1008.2571428571429
2000-10-17,330031.0,"Juan Fernández, Estación Meteorológica.",-33.63583,-78.83305,1017.9
2000-10-17,340031.0,"General Freire, Curicó Ad.",-34.96944,-71.21694,988.1846153846153
2000-10-17,360011.0,"General Bernardo O'Higgins, Chillán Ad.",-36.58583,-72.03667,998.4230769230769
2000-10-17,360019.0,"Carriel Sur, Concepción Ap.",-36.78055,-73.06639,1016.5
2000-10-17,380013.0,"Maquehue, Temuco Ad.",-38.76778,-72.63194,1009.1041666666666
2000-10-17,390006.0,"Pichoy, Valdivia Ad.",-39.65667,-73.08722,1018.6166666666667
2000-10-17,400009.0,"Cañal Bajo,  Osorno Ad.",-40.61444,-73.0575,1015.5357142857143
2000-10-17,410005.0,El Tepual  Puerto Montt Ap.,-41.4475,-73.09583,1011.925
2000-10-17,430001.0,Quellón Ad.,-43.13361,-73.63278,1018.425
2000-10-17,430002.0,Futaleufú Ad.,-43.18889,-71.85222,977.1384615384615
2000-10-17,450001.0,Puerto Aysén Ad.,-45.39944,-72.67722,1014.0625
2000-10-17,450004.0,"Teniente Vidal, Coyhaique Ad.",-45.59083,-72.10222,977.2538461538461
2000-10-17,450005.0,Balmaceda Ad.,-45.91833,-71.67778,948.8375
2000-10-17,520006.0,"Carlos Ibañez, Punta Arenas Ap.",-53.00167,-70.83861,991.1625
2000-10-17,530005.0,"Fuentes Martínez, Porvenir Ad.",-53.25361,-70.32611,993.5666666666666
2000-10-17,550001.0,"Guardiamarina Zañartu, Pto Williams Ad.",-54.93167,-67.61556,988.1600000000001
2000-10-17,950001.0,"C.M.A. Eduardo Frei Montalva, Antártica ",-62.19194,-58.97972,955.7
2000-10-18,180005.0,"Chacalluta, Arica Ap.",-18.35555,-70.34028,1008.775
2000-10-18,200006.0,Diego Aracena Iquique Ap.,-20.54917,-70.18111,1009.05
2000-10-18,220002.0,"El Loa, Calama Ad.",-22.49806,-68.8925,777.44375
2000-10-18,270001.0,Mataveri  Isla de Pascua Ap.,-27.15889,-109.4325,1002.6666666666666
2000-10-18,290004.0,"La Florida, La Serena Ad.",-29.91444,-71.20667,999.5277777777778
2000-10-18,330020.0,"Quinta Normal, Santiago",-33.445,-70.68278,954.1
2000-10-18,330021.0,Pudahuel Santiago ,-33.37833,-70.78778,959.0125
2000-10-18,330030.0,"Santo Domingo, Ad.",-33.65611,-71.61333,1008.7142857142857
2000-10-18,330031.0,"Juan Fernández, Estación Meteorológica.",-33.63583,-78.83305,1015.9200000000001
2000-10-18,340031.0,"General Freire, Curicó Ad.",-34.96944,-71.21694,988.2538461538461
2000-10-18,360011.0,"General Bernardo O'Higgins, Chillán Ad.",-36.58583,-72.03667,997.3692307692307
2000-10-18,360019.0,"Carriel Sur, Concepción Ap.",-36.78055,-73.06639,1014.56
2000-10-18,380013.0,"Maquehue, Temuco Ad.",-38.76778,-72.63194,1005.948
2000-10-18,390006.0,"Pichoy, Valdivia Ad.",-39.65667,-73.08722,1013.6307692307693
2000-10-18,400009.0,"Cañal Bajo,  Osorno Ad.",-40.61444,-73.0575,1010.1785714285714
2000-10-18,410005.0,El Tepual  Puerto Montt Ap.,-41.4475,-73.09583,1009.6375
2000-10-18,430001.0,Quellón Ad.,-43.13361,-73.63278,1014.475
2000-10-18,430002.0,Futaleufú Ad.,-43.18889,-71.85222,972.0769230769231
2000-10-18,450001.0,Puerto Aysén Ad.,-45.39944,-72.67722,1013.15
2000-10-18,450004.0,"Teniente Vidal, Coyhaique Ad.",-45.59083,-72.10222,971.3692307692307
2000-10-18,450005.0,Balmaceda Ad.,-45.91833,-71.67778,944.525
2000-10-18,520006.0,"Carlos Ibañez, Punta Arenas Ap.",-53.00167,-70.83861,979.3125
2000-10-18,530005.0,"Fuentes Martínez, Porvenir Ad.",-53.25361,-70.32611,976.6916666666666
2000-10-18,550001.0,"Guardiamarina Zañartu, Pto Williams Ad.",-54.93167,-67.61556,973.4692307692308
2000-10-18,950001.0,"C.M.A. Eduardo Frei Montalva, Antártica ",-62.19194,-58.97972,970.7875
2000-10-19,180005.0,"Chacalluta, Arica Ap.",-18.35555,-70.34028,1007.8
2000-10-19,200006.0,Diego Aracena Iquique Ap.,-20.54917,-70.18111,1008.3125
2000-10-19,220002.0,"El Loa, Calama Ad.",-22.49806,-68.8925,775.9625
2000-10-19,270001.0,Mataveri  Isla de Pascua Ap.,-27.15889,-109.4325,1007.0500000000001
2000-10-19,290004.0,"La Florida, La Serena Ad.",-29.91444,-71.20667,997.642105263158
2000-10-19,330020.0,"Quinta Normal, Santiago",-33.445,-70.68278,954.6
2000-10-19,330021.0,Pudahuel Santiago ,-33.37833,-70.78778,960.2125
2000-10-19,330030.0,"Santo Domingo, Ad.",-33.65611,-71.61333,1007.1785714285714
2000-10-19,330031.0,"Juan Fernández, Estación Meteorológica.",-33.63583,-78.83305,1014.8799999999999
2000-10-19,340031.0,"General Freire, Curicó Ad.",-34.96944,-71.21694,987.7692307692307
2000-10-19,360011.0,"General Bernardo O'Higgins, Chillán Ad.",-36.58583,-72.03667,997.9692307692308
2000-10-19,360019.0,"Carriel Sur, Concepción Ap.",-36.78055,-73.06639,1016.5166666666668
2000-10-19,380013.0,"Maquehue, Temuco Ad.",-38.76778,-72.63194,1007.2624999999999
2000-10-19,390006.0,"Pichoy, Valdivia Ad.",-39.65667,-73.08722,1011.9307692307692
2000-10-19,400009.0,"Cañal Bajo,  Osorno Ad.",-40.61444,-73.0575,1011.0071428571429
2000-10-19,410005.0,El Tepual  Puerto Montt Ap.,-41.4475,-73.09583,1008.0375
2000-10-19,430001.0,Quellón Ad.,-43.13361,-73.63278,1014.85
2000-10-19,430002.0,Futaleufú Ad.,-43.18889,-71.85222,973.6692307692308
2000-10-19,450001.0,Puerto Aysén Ad.,-45.39944,-72.67722,1004.975
2000-10-19,450004.0,"Teniente Vidal, Coyhaique Ad.",-45.59083,-72.10222,972.9615384615385
2000-10-19,450005.0,Balmaceda Ad.,-45.91833,-71.67778,944.1125000000001
2000-10-19,520006.0,"Carlos Ibañez, Punta Arenas Ap.",-53.00167,-70.83861,988.6
2000-10-19,530005.0,"Fuentes Martínez, Porvenir Ad.",-53.25361,-70.32611,995.9083333333333
2000-10-19,550001.0,"Guardiamarina Zañartu, Pto Williams Ad.",-54.93167,-67.61556,993.2083333333334
2000-10-19,950001.0,"C.M.A. Eduardo Frei Montalva, Antártica ",-62.19194,-58.97972,981.175
2000-10-20,180005.0,"Chacalluta, Arica Ap.",-18.35555,-70.34028,1008.6
2000-10-20,200006.0,Diego Aracena Iquique Ap.,-20.54917,-70.18111,1009.2375
2000-10-20,220002.0,"El Loa, Calama Ad.",-22.49806,-68.8925,774.95625
2000-10-20,270001.0,Mataveri  Isla de Pascua Ap.,-27.15889,-109.4325,1011.3000000000001
2000-10-20,290004.0,"La Florida, La Serena Ad.",-29.91444,-71.20667,998.1105263157893
2000-10-20,330020.0,"Quinta Normal, Santiago",-33.445,-70.68278,952.2
2000-10-20,330021.0,Pudahuel Santiago ,-33.37833,-70.78778,957.325
2000-10-20,330030.0,"Santo Domingo, Ad.",-33.65611,-71.61333,1006.6714285714286
2000-10-20,330031.0,"Juan Fernández, Estación Meteorológica.",-33.63583,-78.83305,1010.8799999999999
2000-10-20,340031.0,"General Freire, Curicó Ad.",-34.96944,-71.21694,985.3076923076923
2000-10-20,360011.0,"General Bernardo O'Higgins, Chillán Ad.",-36.58583,-72.03667,995.0538461538462
2000-10-20,360019.0,"Carriel Sur, Concepción Ap.",-36.78055,-73.06639,1014.4416666666666
2000-10-20,380013.0,"Maquehue, Temuco Ad.",-38.76778,-72.63194,1003.0652173913044
2000-10-20,390006.0,"Pichoy, Valdivia Ad.",-39.65667,-73.08722,1009.5923076923077
2000-10-20,400009.0,"Cañal Bajo,  Osorno Ad.",-40.61444,-73.0575,1004.9133333333334
2000-10-20,410005.0,El Tepual  Puerto Montt Ap.,-41.4475,-73.09583,1002.8000000000001
2000-10-20,430001.0,Quellón Ad.,-43.13361,-73.63278,1006.775
2000-10-20,430002.0,Futaleufú Ad.,-43.18889,-71.85222,968.1076923076923
2000-10-20,450001.0,Puerto Aysén Ad.,-45.39944,-72.67722,1010.4625
2000-10-20,450004.0,"Teniente Vidal, Coyhaique Ad.",-45.59083,-72.10222,968.2076923076924
2000-10-20,450005.0,Balmaceda Ad.,-45.91833,-71.67778,945.1625
2000-10-20,520006.0,"Carlos Ibañez, Punta Arenas Ap.",-53.00167,-70.83861,994.725
2000-10-20,530005.0,"Fuentes Martínez, Porvenir Ad.",-53.25361,-70.32611,992.9166666666666
2000-10-20,550001.0,"Guardiamarina Zañartu, Pto Williams Ad.",-54.93167,-67.61556,993.311111111111
2000-10-20,950001.0,"C.M.A. Eduardo Frei Montalva, Antártica ",-62.19194,-58.97972,987.9125
2000-10-21,180005.0,"Chacalluta, Arica Ap.",-18.35555,-70.34028,1009.4875
2000-10-21,200006.0,Diego Aracena Iquique Ap.,-20.54917,-70.18111,1010.325
2000-10-21,220002.0,"El Loa, Calama Ad.",-22.49806,-68.8925,775.51875
2000-10-21,270001.0,Mataveri  Isla de Pascua Ap.,-27.15889,-109.4325,1012.25
2000-10-21,290004.0,"La Florida, La Serena Ad.",-29.91444,-71.20667,1000.4722222222222
2000-10-21,330020.0,"Quinta Normal, Santiago",-33.445,-70.68278,955.5200000000001
2000-10-21,330021.0,Pudahuel Santiago ,-33.37833,-70.78778,960.0125
2000-10-21,330030.0,"Santo Domingo, Ad.",-33.65611,-71.61333,1010.0500000000001
2000-10-21,330031.0,"Juan Fernández, Estación Meteorológica.",-33.63583,-78.83305,1009.65
2000-10-21,340031.0,"General Freire, Curicó Ad.",-34.96944,-71.21694,990.5615384615384
2000-10-21,360011.0,"General Bernardo O'Higgins, Chillán Ad.",-36.58583,-72.03667,998.4076923076923
2000-10-21,360019.0,"Carriel Sur, Concepción Ap.",-36.78055,-73.06639,1013.904
2000-10-21,380013.0,"Maquehue, Temuco Ad.",-38.76778,-72.63194,1001.4416666666666
2000-10-21,390006.0,"Pichoy, Valdivia Ad.",-39.65667,-73.08722,1008.4384615384616
2000-10-21,400009.0,"Cañal Bajo,  Osorno Ad.",-40.61444,-73.0575,1002.2928571428572
2000-10-21,410005.0,El Tepual  Puerto Montt Ap.,-41.4475,-73.09583,998.3875
2000-10-21,430002.0,Futaleufú Ad.,-43.18889,-71.85222,965.4153846153846
2000-10-21,450004.0,"Teniente Vidal, Coyhaique Ad.",-45.59083,-72.10222,969.1692307692308
2000-10-21,450005.0,Balmaceda Ad.,-45.91833,-71.67778,940.0041666666666
2000-10-21,520006.0,"Carlos Ibañez, Punta Arenas Ap.",-53.00167,-70.83861,987.625
2000-10-21,530005.0,"Fuentes Martínez, Porvenir Ad.",-53.25361,-70.32611,991.1833333333334
2000-10-21,950001.0,"C.M.A. Eduardo Frei Montalva, Antártica ",-62.19194,-58.97972,982.1
2000-10-22,180005.0,"Chacalluta, Arica Ap.",-18.35555,-70.34028,1008.9375
2000-10-22,200006.0,Diego Aracena Iquique Ap.,-20.54917,-70.18111,1009.3
2000-10-22,220002.0,"El Loa, Calama Ad.",-22.49806,-68.8925,775.1833333333334
2000-10-22,270001.0,Mataveri  Isla de Pascua Ap.,-27.15889,-109.4325,1010.65
2000-10-22,290004.0,"La Florida, La Serena Ad.",-29.91444,-71.20667,999.8294117647058
2000-10-22,330020.0,"Quinta Normal, Santiago",-33.445,-70.68278,955.4799999999999
2000-10-22,330021.0,Pudahuel Santiago ,-33.37833,-70.78778,960.8125
2000-10-22,330030.0,"Santo Domingo, Ad.",-33.65611,-71.61333,1008.7571428571429
2000-10-22,330031.0,"Juan Fernández, Estación Meteorológica.",-33.63583,-78.83305,1016.025
2000-10-22,340031.0,"General Freire, Curicó Ad.",-34.96944,-71.21694,989.5923076923076
2000-10-22,360011.0,"General Bernardo O'Higgins, Chillán Ad.",-36.58583,-72.03667,999.123076923077
2000-10-22,360019.0,"Carriel Sur, Concepción Ap.",-36.78055,-73.06639,1016.9666666666667
2000-10-22,380013.0,"Maquehue, Temuco Ad.",-38.76778,-72.63194,1007.4625
2000-10-22,390006.0,"Pichoy, Valdivia Ad.",-39.65667,-73.08722,1018.1307692307693
2000-10-22,400009.0,"Cañal Bajo,  Osorno Ad.",-40.61444,-73.0575,1014.5
2000-10-22,410005.0,El Tepual  Puerto Montt Ap.,-41.4475,-73.09583,1010.5125
2000-10-22,430002.0,Futaleufú Ad.,-43.18889,-71.85222,981.2230769230769
2000-10-22,450004.0,"Teniente Vidal, Coyhaique Ad.",-45.59083,-72.10222,985.8
2000-10-22,450005.0,Balmaceda Ad.,-45.91833,-71.67778,957.0833333333334
2000-10-22,520006.0,"Carlos Ibañez, Punta Arenas Ap.",-53.00167,-70.83861,1003.525
2000-10-22,950001.0,"C.M.A. Eduardo Frei Montalva, Antártica ",-62.19194,-58.97972,981.175
2000-10-23,180005.0,"Chacalluta, Arica Ap.",-18.35555,-70.34028,1009.1125
2000-10-23,200006.0,Diego Aracena Iquique Ap.,-20.54917,-70.18111,1009.9125
2000-10-23,220002.0,"El Loa, Calama Ad.",-22.49806,-68.8925,775.59375
2000-10-23,270001.0,Mataveri  Isla de Pascua Ap.,-27.15889,-109.4325,1009.5500000000001
2000-10-23,290004.0,"La Florida, La Serena Ad.",-29.91444,-71.20667,999.5444444444444
2000-10-23,330020.0,"Quinta Normal, Santiago",-33.445,-70.68278,953.96
2000-10-23,330021.0,Pudahuel Santiago ,-33.37833,-70.78778,959.1625
2000-10-23,330030.0,"Santo Domingo, Ad.",-33.65611,-71.61333,1005.1714285714286
2000-10-23,330031.0,"Juan Fernández, Estación Meteorológica.",-33.63583,-78.83305,1017.5799999999999
2000-10-23,340031.0,"General Freire, Curicó Ad.",-34.96944,-71.21694,987.3692307692307
2000-10-23,360011.0,"General Bernardo O'Higgins, Chillán Ad.",-36.58583,-72.03667,996.9307692307692
2000-10-23,360019.0,"Carriel Sur, Concepción Ap.",-36.78055,-73.06639,1014.7833333333333
2000-10-23,380013.0,"Maquehue, Temuco Ad.",-38.76778,-72.63194,1005.3916666666668
2000-10-23,390006.0,"Pichoy, Valdivia Ad.",-39.65667,-73.08722,1015.2615384615384
2000-10-23,400009.0,"Cañal Bajo,  Osorno Ad.",-40.61444,-73.0575,1013.2785714285714
2000-10-23,410005.0,El Tepual  Puerto Montt Ap.,-41.4475,-73.09583,1012.6
2000-10-23,430001.0,Quellón Ad.,-43.13361,-73.63278,1021.55
2000-10-23,430002.0,Futaleufú Ad.,-43.18889,-71.85222,982.2
2000-10-23,450001.0,Puerto Aysén Ad.,-45.39944,-72.67722,1024.5625
2000-10-23,450004.0,"Teniente Vidal, Coyhaique Ad.",-45.59083,-72.10222,986.3538461538462
2000-10-23,450005.0,Balmaceda Ad.,-45.91833,-71.67778,961.9291666666667
2000-10-23,520006.0,"Carlos Ibañez, Punta Arenas Ap.",-53.00167,-70.83861,1008.0375
2000-10-23,530005.0,"Fuentes Martínez, Porvenir Ad.",-53.25361,-70.32611,1007.8833333333333
2000-10-23,550001.0,"Guardiamarina Zañartu, Pto Williams Ad.",-54.93167,-67.61556,1003.6222222222223
2000-10-23,950001.0,"C.M.A. Eduardo Frei Montalva, Antártica ",-62.19194,-58.97972,991.275
2000-10-24,180005.0,"Chacalluta, Arica Ap.",-18.35555,-70.34028,1009.825
2000-10-24,200006.0,Diego Aracena Iquique Ap.,-20.54917,-70.18111,1010.675
2000-10-24,220002.0,"El Loa, Calama Ad.",-22.49806,-68.8925,775.5
2000-10-24,270001.0,Mataveri  Isla de Pascua Ap.,-27.15889,-109.4325,1010.1666666666666
2000-10-24,290004.0,"La Florida, La Serena Ad.",-29.91444,-71.20667,1000.9055555555556
2000-10-24,330020.0,"Quinta Normal, Santiago",-33.445,-70.68278,956.4200000000001
2000-10-24,330021.0,Pudahuel Santiago ,-33.37833,-70.78778,961.1
2000-10-24,330030.0,"Santo Domingo, Ad.",-33.65611,-71.61333,1007.2214285714286
2000-10-24,330031.0,"Juan Fernández, Estación Meteorológica.",-33.63583,-78.83305,1016.0200000000001
2000-10-24,340031.0,"General Freire, Curicó Ad.",-34.96944,-71.21694,991.1384615384615
2000-10-24,360011.0,"General Bernardo O'Higgins, Chillán Ad.",-36.58583,-72.03667,1000.7923076923076
2000-10-24,360019.0,"Carriel Sur, Concepción Ap.",-36.78055,-73.06639,1016.4125
2000-10-24,380013.0,"Maquehue, Temuco Ad.",-38.76778,-72.63194,1005.2791666666667
2000-10-24,390006.0,"Pichoy, Valdivia Ad.",-39.65667,-73.08722,1014.6692307692308
2000-10-24,400009.0,"Cañal Bajo,  Osorno Ad.",-40.61444,-73.0575,1011.0071428571429
2000-10-24,410005.0,El Tepual  Puerto Montt Ap.,-41.4475,-73.09583,1009.25
2000-10-24,430001.0,Quellón Ad.,-43.13361,-73.63278,1017.375
2000-10-24,430002.0,Futaleufú Ad.,-43.18889,-71.85222,977.9461538461538
2000-10-24,450001.0,Puerto Aysén Ad.,-45.39944,-72.67722,1020.025
2000-10-24,450004.0,"Teniente Vidal, Coyhaique Ad.",-45.59083,-72.10222,982.1846153846153
2000-10-24,450005.0,Balmaceda Ad.,-45.91833,-71.67778,958.25
2000-10-24,520006.0,"Carlos Ibañez, Punta Arenas Ap.",-53.00167,-70.83861,1005.2875
2000-10-24,530005.0,"Fuentes Martínez, Porvenir Ad.",-53.25361,-70.32611,1007.1153846153846
2000-10-24,550001.0,"Guardiamarina Zañartu, Pto Williams Ad.",-54.93167,-67.61556,1004.0111111111112
2000-10-24,950001.0,"C.M.A. Eduardo Frei Montalva, Antártica ",-62.19194,-58.97972,994.65
2000-10-25,180005.0,"Chacalluta, Arica Ap.",-18.35555,-70.34028,1008.7625
2000-10-25,200006.0,Diego Aracena Iquique Ap.,-20.54917,-70.18111,1009.775
2000-10-25,220002.0,"El Loa, Calama Ad.",-22.49806,-68.8925,774.9125
2000-10-25,270001.0,Mataveri  Isla de Pascua Ap.,-27.15889,-109.4325,1009.0166666666668
2000-10-25,290004.0,"La Florida, La Serena Ad.",-29.91444,-71.20667,1000.6333333333334
2000-10-25,330020.0,"Quinta Normal, Santiago",-33.445,-70.68278,956.5600000000001
2000-10-25,330021.0,Pudahuel Santiago ,-33.37833,-70.78778,961.2375
2000-10-25,330030.0,"Santo Domingo, Ad.",-33.65611,-71.61333,1008.0857142857143
2000-10-25,330031.0,"Juan Fernández, Estación Meteorológica.",-33.63583,-78.83305,1016.5200000000001
2000-10-25,340031.0,"General Freire, Curicó Ad.",-34.96944,-71.21694,990.676923076923
2000-10-25,360011.0,"General Bernardo O'Higgins, Chillán Ad.",-36.58583,-72.03667,999.6846153846153
2000-10-25,360019.0,"Carriel Sur, Concepción Ap.",-36.78055,-73.06639,1016.8919999999999
2000-10-25,380013.0,"Maquehue, Temuco Ad.",-38.76778,-72.63194,1006.5666666666666
2000-10-25,390006.0,"Pichoy, Valdivia Ad.",-39.65667,-73.08722,1014.0461538461539
2000-10-25,400009.0,"Cañal Bajo,  Osorno Ad.",-40.61444,-73.0575,1009.4214285714286
2000-10-25,410005.0,El Tepual  Puerto Montt Ap.,-41.4475,-73.09583,1007.3875
2000-10-25,430001.0,Quellón Ad.,-43.13361,-73.63278,1015.5
2000-10-25,430002.0,Futaleufú Ad.,-43.18889,-71.85222,973.5999999999999
2000-10-25,450001.0,Puerto Aysén Ad.,-45.39944,-72.67722,1013.6375
2000-10-25,450004.0,"Teniente Vidal, Coyhaique Ad.",-45.59083,-72.10222,977.3846153846154
2000-10-25,450005.0,Balmaceda Ad.,-45.91833,-71.67778,953.7173913043479
2000-10-25,520006.0,"Carlos Ibañez, Punta Arenas Ap.",-53.00167,-70.83861,1003.225
2000-10-25,530005.0,"Fuentes Martínez, Porvenir Ad.",-53.25361,-70.32611,1003.5416666666666
2000-10-25,550001.0,"Guardiamarina Zañartu, Pto Williams Ad.",-54.93167,-67.61556,1002.6222222222223
2000-10-25,950001.0,"C.M.A. Eduardo Frei Montalva, Antártica ",-62.19194,-58.97972,989.425
2000-10-26,180005.0,"Chacalluta, Arica Ap.",-18.35555,-70.34028,1009.55
2000-10-26,200006.0,Diego Aracena Iquique Ap.,-20.54917,-70.18111,1010.3375
2000-10-26,220002.0,"El Loa, Calama Ad.",-22.49806,-68.8925,776.1999999999999
2000-10-26,270001.0,Mataveri  Isla de Pascua Ap.,-27.15889,-109.4325,1004.8333333333334
2000-10-26,290004.0,"La Florida, La Serena Ad.",-29.91444,-71.20667,999.9000000000001
2000-10-26,330020.0,"Quinta Normal, Santiago",-33.445,-70.68278,957.86
2000-10-26,330021.0,Pudahuel Santiago ,-33.37833,-70.78778,963.025
2000-10-26,330030.0,"Santo Domingo, Ad.",-33.65611,-71.61333,1010.5500000000001
2000-10-26,330031.0,"Juan Fernández, Estación Meteorológica.",-33.63583,-78.83305,1018.86
2000-10-26,340031.0,"General Freire, Curicó Ad.",-34.96944,-71.21694,992.2846153846154
2000-10-26,360011.0,"General Bernardo O'Higgins, Chillán Ad.",-36.58583,-72.03667,1002.8615384615385
2000-10-26,360019.0,"Carriel Sur, Concepción Ap.",-36.78055,-73.06639,1020.2208333333333
2000-10-26,380013.0,"Maquehue, Temuco Ad.",-38.76778,-72.63194,1010.88
2000-10-26,390006.0,"Pichoy, Valdivia Ad.",-39.65667,-73.08722,1020.2615384615384
2000-10-26,400009.0,"Cañal Bajo,  Osorno Ad.",-40.61444,-73.0575,1015.25
2000-10-26,410005.0,El Tepual  Puerto Montt Ap.,-41.4475,-73.09583,1011.1125
2000-10-26,430001.0,Quellón Ad.,-43.13361,-73.63278,1020.475
2000-10-26,430002.0,Futaleufú Ad.,-43.18889,-71.85222,978.7692307692307
2000-10-26,450001.0,Puerto Aysén Ad.,-45.39944,-72.67722,1019.4875
2000-10-26,450004.0,"Teniente Vidal, Coyhaique Ad.",-45.59083,-72.10222,980.9692307692308
2000-10-26,450005.0,Balmaceda Ad.,-45.91833,-71.67778,952.4458333333333
2000-10-26,520006.0,"Carlos Ibañez, Punta Arenas Ap.",-53.00167,-70.83861,1002.6625
2000-10-26,530005.0,"Fuentes Martínez, Porvenir Ad.",-53.25361,-70.32611,1005.3999999999999
2000-10-26,550001.0,"Guardiamarina Zañartu, Pto Williams Ad.",-54.93167,-67.61556,1000.2181818181817
2000-10-26,950001.0,"C.M.A. Eduardo Frei Montalva, Antártica ",-62.19194,-58.97972,983.6875
2000-10-27,180005.0,"Chacalluta, Arica Ap.",-18.35555,-70.34028,1008.875
2000-10-27,200006.0,Diego Aracena Iquique Ap.,-20.54917,-70.18111,1009.6875
2000-10-27,220002.0,"El Loa, Calama Ad.",-22.49806,-68.8925,776.44375
2000-10-27,270001.0,Mataveri  Isla de Pascua Ap.,-27.15889,-109.4325,1000.75
2000-10-27,290004.0,"La Florida, La Serena Ad.",-29.91444,-71.20667,999.1999999999999
2000-10-27,330020.0,"Quinta Normal, Santiago",-33.445,-70.68278,954.5600000000001
2000-10-27,330021.0,Pudahuel Santiago ,-33.37833,-70.78778,959.925
2000-10-27,330030.0,"Santo Domingo, Ad.",-33.65611,-71.61333,1006.9857142857143
2000-10-27,330031.0,"Juan Fernández, Estación Meteorológica.",-33.63583,-78.83305,1018.28
2000-10-27,340031.0,"General Freire, Curicó Ad.",-34.96944,-71.21694,988.0384615384615
2000-10-27,360011.0,"General Bernardo O'Higgins, Chillán Ad.",-36.58583,-72.03667,998.3692307692307
2000-10-27,360019.0,"Carriel Sur, Concepción Ap.",-36.78055,-73.06639,1017.4
2000-10-27,380013.0,"Maquehue, Temuco Ad.",-38.76778,-72.63194,1010.5807692307692
2000-10-27,390006.0,"Pichoy, Valdivia Ad.",-39.65667,-73.08722,1018.2230769230769
2000-10-27,400009.0,"Cañal Bajo,  Osorno Ad.",-40.61444,-73.0575,1014.7785714285714
2000-10-27,410005.0,El Tepual  Puerto Montt Ap.,-41.4475,-73.09583,1013.2375
2000-10-27,430001.0,Quellón Ad.,-43.13361,-73.63278,1021.025
2000-10-27,430002.0,Futaleufú Ad.,-43.18889,-71.85222,979.9769230769232
2000-10-27,450001.0,Puerto Aysén Ad.,-45.39944,-72.67722,1021.625
2000-10-27,450004.0,"Teniente Vidal, Coyhaique Ad.",-45.59083,-72.10222,985.0
2000-10-27,450005.0,Balmaceda Ad.,-45.91833,-71.67778,958.9041666666667
2000-10-27,520006.0,"Carlos Ibañez, Punta Arenas Ap.",-53.00167,-70.83861,1015.9625
2000-10-27,530005.0,"Fuentes Martínez, Porvenir Ad.",-53.25361,-70.32611,1018.1999999999999
2000-10-27,550001.0,"Guardiamarina Zañartu, Pto Williams Ad.",-54.93167,-67.61556,1019.775
2000-10-27,950001.0,"C.M.A. Eduardo Frei Montalva, Antártica ",-62.19194,-58.97972,998.8375
2000-10-28,180005.0,"Chacalluta, Arica Ap.",-18.35555,-70.34028,1010.0
2000-10-28,200006.0,Diego Aracena Iquique Ap.,-20.54917,-70.18111,1010.6
2000-10-28,220002.0,"El Loa, Calama Ad.",-22.49806,-68.8925,777.00625
2000-10-28,270001.0,Mataveri  Isla de Pascua Ap.,-27.15889,-109.4325,1005.0833333333334
2000-10-28,290004.0,"La Florida, La Serena Ad.",-29.91444,-71.20667,1000.0777777777779
2000-10-28,330020.0,"Quinta Normal, Santiago",-33.445,-70.68278,954.3399999999999
2000-10-28,330021.0,Pudahuel Santiago ,-33.37833,-70.78778,959.7
2000-10-28,330030.0,"Santo Domingo, Ad.",-33.65611,-71.61333,1008.5142857142857
2000-10-28,330031.0,"Juan Fernández, Estación Meteorológica.",-33.63583,-78.83305,1014.925
2000-10-28,340031.0,"General Freire, Curicó Ad.",-34.96944,-71.21694,987.6538461538462
2000-10-28,360011.0,"General Bernardo O'Higgins, Chillán Ad.",-36.58583,-72.03667,997.6307692307693
2000-10-28,360019.0,"Carriel Sur, Concepción Ap.",-36.78055,-73.06639,1015.4083333333333
2000-10-28,380013.0,"Maquehue, Temuco Ad.",-38.76778,-72.63194,1007.416
2000-10-28,390006.0,"Pichoy, Valdivia Ad.",-39.65667,-73.08722,1015.6153846153846
2000-10-28,400009.0,"Cañal Bajo,  Osorno Ad.",-40.61444,-73.0575,1012.092857142857
2000-10-28,410005.0,El Tepual  Puerto Montt Ap.,-41.4475,-73.09583,1010.45
2000-10-28,430002.0,Futaleufú Ad.,-43.18889,-71.85222,978.2230769230769
2000-10-28,450004.0,"Teniente Vidal, Coyhaique Ad.",-45.59083,-72.10222,983.4846153846154
2000-10-28,450005.0,Balmaceda Ad.,-45.91833,-71.67778,960.7916666666666
2000-10-28,520006.0,"Carlos Ibañez, Punta Arenas Ap.",-53.00167,-70.83861,1016.05
2000-10-28,530005.0,"Fuentes Martínez, Porvenir Ad.",-53.25361,-70.32611,1013.9583333333334
2000-10-28,950001.0,"C.M.A. Eduardo Frei Montalva, Antártica ",-62.19194,-58.97972,983.6
2000-10-29,180005.0,"Chacalluta, Arica Ap.",-18.35555,-70.34028,1008.1
2000-10-29,200006.0,Diego Aracena Iquique Ap.,-20.54917,-70.18111,1008.65
2000-10-29,220002.0,"El Loa, Calama Ad.",-22.49806,-68.8925,775.475
2000-10-29,270001.0,Mataveri  Isla de Pascua Ap.,-27.15889,-109.4325,1009.4333333333334
2000-10-29,290004.0,"La Florida, La Serena Ad.",-29.91444,-71.20667,998.1055555555556
2000-10-29,330020.0,"Quinta Normal, Santiago",-33.445,-70.68278,952.5200000000001
2000-10-29,330021.0,Pudahuel Santiago ,-33.37833,-70.78778,957.8
2000-10-29,330030.0,"Santo Domingo, Ad.",-33.65611,-71.61333,1006.3571428571429
2000-10-29,330031.0,"Juan Fernández, Estación Meteorológica.",-33.63583,-78.83305,1011.875
2000-10-29,340031.0,"General Freire, Curicó Ad.",-34.96944,-71.21694,985.5615384615384
2000-10-29,360011.0,"General Bernardo O'Higgins, Chillán Ad.",-36.58583,-72.03667,994.3615384615385
2000-10-29,360019.0,"Carriel Sur, Concepción Ap.",-36.78055,-73.06639,1013.192
2000-10-29,380013.0,"Maquehue, Temuco Ad.",-38.76778,-72.63194,1003.86
2000-10-29,390006.0,"Pichoy, Valdivia Ad.",-39.65667,-73.08722,1011.0461538461539
2000-10-29,400009.0,"Cañal Bajo,  Osorno Ad.",-40.61444,-73.0575,1007.5071428571429
2000-10-29,410005.0,El Tepual  Puerto Montt Ap.,-41.4475,-73.09583,1005.9
2000-10-29,430002.0,Futaleufú Ad.,-43.18889,-71.85222,972.0
2000-10-29,450004.0,"Teniente Vidal, Coyhaique Ad.",-45.59083,-72.10222,976.1076923076923
2000-10-29,450005.0,Balmaceda Ad.,-45.91833,-71.67778,950.9625
2000-10-29,520006.0,"Carlos Ibañez, Punta Arenas Ap.",-53.00167,-70.83861,1007.7875
2000-10-29,950001.0,"C.M.A. Eduardo Frei Montalva, Antártica ",-62.19194,-58.97972,971.625
2000-10-30,180005.0,"Chacalluta, Arica Ap.",-18.35555,-70.34028,1009.425
2000-10-30,200006.0,Diego Aracena Iquique Ap.,-20.54917,-70.18111,1010.1125
2000-10-30,220002.0,"El Loa, Calama Ad.",-22.49806,-68.8925,775.6
2000-10-30,270001.0,Mataveri  Isla de Pascua Ap.,-27.15889,-109.4325,1011.6166666666667
2000-10-30,290004.0,"La Florida, La Serena Ad.",-29.91444,-71.20667,999.561111111111
2000-10-30,330020.0,"Quinta Normal, Santiago",-33.445,-70.68278,954.5
2000-10-30,330021.0,Pudahuel Santiago ,-33.37833,-70.78778,958.475
2000-10-30,330030.0,"Santo Domingo, Ad.",-33.65611,-71.61333,1008.1857142857143
2000-10-30,330031.0,"Juan Fernández, Estación Meteorológica.",-33.63583,-78.83305,1009.7
2000-10-30,340031.0,"General Freire, Curicó Ad.",-34.96944,-71.21694,988.7076923076924
2000-10-30,360011.0,"General Bernardo O'Higgins, Chillán Ad.",-36.58583,-72.03667,997.2384615384616
2000-10-30,360019.0,"Carriel Sur, Concepción Ap.",-36.78055,-73.06639,1012.7884615384615
2000-10-30,380013.0,"Maquehue, Temuco Ad.",-38.76778,-72.63194,1001.2208333333333
2000-10-30,390006.0,"Pichoy, Valdivia Ad.",-39.65667,-73.08722,1009.6461538461538
2000-10-30,400009.0,"Cañal Bajo,  Osorno Ad.",-40.61444,-73.0575,1004.1142857142858
2000-10-30,410005.0,El Tepual  Puerto Montt Ap.,-41.4475,-73.09583,1000.6625
2000-10-30,430001.0,Quellón Ad.,-43.13361,-73.63278,1006.425
2000-10-30,430002.0,Futaleufú Ad.,-43.18889,-71.85222,969.0692307692308
2000-10-30,450001.0,Puerto Aysén Ad.,-45.39944,-72.67722,1009.3625
2000-10-30,450004.0,"Teniente Vidal, Coyhaique Ad.",-45.59083,-72.10222,974.9076923076923
2000-10-30,450005.0,Balmaceda Ad.,-45.91833,-71.67778,952.0954545454545
2000-10-30,520006.0,"Carlos Ibañez, Punta Arenas Ap.",-53.00167,-70.83861,1006.475
2000-10-30,530005.0,"Fuentes Martínez, Porvenir Ad.",-53.25361,-70.32611,1005.125
2000-10-30,550001.0,"Guardiamarina Zañartu, Pto Williams Ad.",-54.93167,-67.61556,1004.0888888888888
2000-10-30,950001.0,"C.M.A. Eduardo Frei Montalva, Antártica ",-62.19194,-58.97972,972.075
2000-10-31,180005.0,"Chacalluta, Arica Ap.",-18.35555,-70.34028,1010.825
2000-10-31,200006.0,Diego Aracena Iquique Ap.,-20.54917,-70.18111,1011.8125
2000-10-31,220002.0,"El Loa, Calama Ad.",-22.49806,-68.8925,776.1125
2000-10-31,270001.0,Mataveri  Isla de Pascua Ap.,-27.15889,-109.4325,1014.8833333333333
2000-10-31,290004.0,"La Florida, La Serena Ad.",-29.91444,-71.20667,1001.7555555555555
2000-10-31,330020.0,"Quinta Normal, Santiago",-33.445,-70.68278,957.54
2000-10-31,330021.0,Pudahuel Santiago ,-33.37833,-70.78778,962.025
2000-10-31,330030.0,"Santo Domingo, Ad.",-33.65611,-71.61333,1010.7928571428572
2000-10-31,330031.0,"Juan Fernández, Estación Meteorológica.",-33.63583,-78.83305,1013.6200000000001
2000-10-31,340031.0,"General Freire, Curicó Ad.",-34.96944,-71.21694,991.4461538461538
2000-10-31,360011.0,"General Bernardo O'Higgins, Chillán Ad.",-36.58583,-72.03667,1000.8384615384615
2000-10-31,360019.0,"Carriel Sur, Concepción Ap.",-36.78055,-73.06639,1017.2624999999999
2000-10-31,380013.0,"Maquehue, Temuco Ad.",-38.76778,-72.63194,1005.8541666666666
2000-10-31,390006.0,"Pichoy, Valdivia Ad.",-39.65667,-73.08722,1014.1615384615385
2000-10-31,400009.0,"Cañal Bajo,  Osorno Ad.",-40.61444,-73.0575,1007.8357142857143
2000-10-31,410005.0,El Tepual  Puerto Montt Ap.,-41.4475,-73.09583,1003.4875
2000-10-31,430001.0,Quellón Ad.,-43.13361,-73.63278,1009.05
2000-10-31,430002.0,Futaleufú Ad.,-43.18889,-71.85222,970.0538461538462
2000-10-31,450001.0,Puerto Aysén Ad.,-45.39944,-72.67722,1007.25
2000-10-31,450004.0,"Teniente Vidal, Coyhaique Ad.",-45.59083,-72.10222,971.0999999999999
2000-10-31,450005.0,Balmaceda Ad.,-45.91833,-71.67778,946.2041666666668
2000-10-31,520006.0,"Carlos Ibañez, Punta Arenas Ap.",-53.00167,-70.83861,996.375
2000-10-31,530005.0,"Fuentes Martínez, Porvenir Ad.",-53.25361,-70.32611,996.6750000000001
2000-10-31,550001.0,"Guardiamarina Zañartu, Pto Williams Ad.",-54.93167,-67.61556,997.99
2000-10-31,950001.0,"C.M.A. Eduardo Frei Montalva, Antártica ",-62.19194,-58.97972,987.95
2000-11-01,180005.0,"Chacalluta, Arica Ap.",-18.35555,-70.34028,1010.2166666666667
2000-11-01,200006.0,Diego Aracena Iquique Ap.,-20.54917,-70.18111,1011.325
2000-11-01,220002.0,"El Loa, Calama Ad.",-22.49806,-68.8925,776.14375
2000-11-01,270001.0,Mataveri  Isla de Pascua Ap.,-27.15889,-109.4325,1016.2833333333333
2000-11-01,290004.0,"La Florida, La Serena Ad.",-29.91444,-71.20667,1001.8833333333334
2000-11-01,330020.0,"Quinta Normal, Santiago",-33.445,-70.68278,957.64
2000-11-01,330021.0,Pudahuel Santiago ,-33.37833,-70.78778,962.3375
2000-11-01,330030.0,"Santo Domingo, Ad.",-33.65611,-71.61333,1010.5
2000-11-01,330031.0,"Juan Fernández, Estación Meteorológica.",-33.63583,-78.83305,1018.025
2000-11-01,340031.0,"General Freire, Curicó Ad.",-34.96944,-71.21694,991.0307692307692
2000-11-01,360011.0,"General Bernardo O'Higgins, Chillán Ad.",-36.58583,-72.03667,1000.4000000000001
2000-11-01,360019.0,"Carriel Sur, Concepción Ap.",-36.78055,-73.06639,1018.924
2000-11-01,380013.0,"Maquehue, Temuco Ad.",-38.76778,-72.63194,1009.3249999999999
2000-11-01,390006.0,"Pichoy, Valdivia Ad.",-39.65667,-73.08722,1017.7615384615384
2000-11-01,400009.0,"Cañal Bajo,  Osorno Ad.",-40.61444,-73.0575,1013.0071428571429
2000-11-01,410005.0,El Tepual  Puerto Montt Ap.,-41.4475,-73.09583,1009.575
2000-11-01,430001.0,Quellón Ad.,-43.13361,-73.63278,1018.075
2000-11-01,430002.0,Futaleufú Ad.,-43.18889,-71.85222,976.8461538461538
2000-11-01,450004.0,"Teniente Vidal, Coyhaique Ad.",-45.59083,-72.10222,978.1090909090909
2000-11-01,450005.0,Balmaceda Ad.,-45.91833,-71.67778,949.9458333333333
2000-11-01,520006.0,"Carlos Ibañez, Punta Arenas Ap.",-53.00167,-70.83861,998.95
2000-11-01,530005.0,"Fuentes Martínez, Porvenir Ad.",-53.25361,-70.32611,996.24375
2000-11-01,950001.0,"C.M.A. Eduardo Frei Montalva, Antártica ",-62.19194,-58.97972,999.95
2000-11-02,180005.0,"Chacalluta, Arica Ap.",-18.35555,-70.34028,1009.5416666666666
2000-11-02,200006.0,Diego Aracena Iquique Ap.,-20.54917,-70.18111,1010.425
2000-11-02,220002.0,"El Loa, Calama Ad.",-22.49806,-68.8925,776.04375
2000-11-02,270001.0,Mataveri  Isla de Pascua Ap.,-27.15889,-109.4325,1014.6166666666667
2000-11-02,290004.0,"La Florida, La Serena Ad.",-29.91444,-71.20667,999.4666666666667
2000-11-02,330020.0,"Quinta Normal, Santiago",-33.445,-70.68278,955.36
2000-11-02,330021.0,Pudahuel Santiago ,-33.37833,-70.78778,960.9
2000-11-02,330030.0,"Santo Domingo, Ad.",-33.65611,-71.61333,1008.0214285714285
2000-11-02,330031.0,"Juan Fernández, Estación Meteorológica.",-33.63583,-78.83305,1012.9799999999999
2000-11-02,340031.0,"General Freire, Curicó Ad.",-34.96944,-71.21694,988.3153846153847
2000-11-02,360011.0,"General Bernardo O'Higgins, Chillán Ad.",-36.58583,-72.03667,997.4846153846154
2000-11-02,360019.0,"Carriel Sur, Concepción Ap.",-36.78055,-73.06639,1016.4708333333333
2000-11-02,380013.0,"Maquehue, Temuco Ad.",-38.76778,-72.63194,1005.6041666666666
2000-11-02,390006.0,"Pichoy, Valdivia Ad.",-39.65667,-73.08722,1012.4538461538461
2000-11-02,400009.0,"Cañal Bajo,  Osorno Ad.",-40.61444,-73.0575,1006.8857142857142
2000-11-02,410005.0,El Tepual  Puerto Montt Ap.,-41.4475,-73.09583,1005.425
2000-11-02,430001.0,Quellón Ad.,-43.13361,-73.63278,1009.525
2000-11-02,430002.0,Futaleufú Ad.,-43.18889,-71.85222,971.6642857142857
2000-11-02,450001.0,Puerto Aysén Ad.,-45.39944,-72.67722,1009.35
2000-11-02,450004.0,"Teniente Vidal, Coyhaique Ad.",-45.59083,-72.10222,975.2090909090908
2000-11-02,450005.0,Balmaceda Ad.,-45.91833,-71.67778,951.4583333333334
2000-11-02,520006.0,"Carlos Ibañez, Punta Arenas Ap.",-53.00167,-70.83861,1005.05
2000-11-02,530005.0,"Fuentes Martínez, Porvenir Ad.",-53.25361,-70.32611,1001.35
2000-11-02,550001.0,"Guardiamarina Zañartu, Pto Williams Ad.",-54.93167,-67.61556,1009.8333333333334
2000-11-02,950001.0,"C.M.A. Eduardo Frei Montalva, Antártica ",-62.19194,-58.97972,1003.875
2000-11-03,180005.0,"Chacalluta, Arica Ap.",-18.35555,-70.34028,1008.6583333333333
2000-11-03,200006.0,Diego Aracena Iquique Ap.,-20.54917,-70.18111,1009.5500000000001
2000-11-03,220002.0,"El Loa, Calama Ad.",-22.49806,-68.8925,775.425
2000-11-03,270001.0,Mataveri  Isla de Pascua Ap.,-27.15889,-109.4325,1013.0428571428572
2000-11-03,290004.0,"La Florida, La Serena Ad.",-29.91444,-71.20667,999.6222222222223
2000-11-03,330020.0,"Quinta Normal, Santiago",-33.445,-70.68278,955.22
2000-11-03,330021.0,Pudahuel Santiago ,-33.37833,-70.78778,960.275
2000-11-03,330030.0,"Santo Domingo, Ad.",-33.65611,-71.61333,1009.1214285714286
2000-11-03,330031.0,"Juan Fernández, Estación Meteorológica.",-33.63583,-78.83305,1012.6
2000-11-03,340031.0,"General Freire, Curicó Ad.",-34.96944,-71.21694,988.7615384615384
2000-11-03,360011.0,"General Bernardo O'Higgins, Chillán Ad.",-36.58583,-72.03667,998.6461538461538
2000-11-03,360019.0,"Carriel Sur, Concepción Ap.",-36.78055,-73.06639,1015.4499999999999
2000-11-03,380013.0,"Maquehue, Temuco Ad.",-38.76778,-72.63194,1004.5208333333334
2000-11-03,390006.0,"Pichoy, Valdivia Ad.",-39.65667,-73.08722,1013.0384615384615
2000-11-03,400009.0,"Cañal Bajo,  Osorno Ad.",-40.61444,-73.0575,1007.70625
2000-11-03,410005.0,El Tepual  Puerto Montt Ap.,-41.4475,-73.09583,1003.15
2000-11-03,430001.0,Quellón Ad.,-43.13361,-73.63278,1011.175
2000-11-03,430002.0,Futaleufú Ad.,-43.18889,-71.85222,970.6428571428571
2000-11-03,450001.0,Puerto Aysén Ad.,-45.39944,-72.67722,1009.8625
2000-11-03,450004.0,"Teniente Vidal, Coyhaique Ad.",-45.59083,-72.10222,973.2818181818183
2000-11-03,450005.0,Balmaceda Ad.,-45.91833,-71.67778,946.775
2000-11-03,520006.0,"Carlos Ibañez, Punta Arenas Ap.",-53.00167,-70.83861,1000.0125
2000-11-03,530005.0,"Fuentes Martínez, Porvenir Ad.",-53.25361,-70.32611,1001.4250000000001
2000-11-03,550001.0,"Guardiamarina Zañartu, Pto Williams Ad.",-54.93167,-67.61556,1005.0375
2000-11-03,950001.0,"C.M.A. Eduardo Frei Montalva, Antártica ",-62.19194,-58.97972,1005.375
2000-11-04,180005.0,"Chacalluta, Arica Ap.",-18.35555,-70.34028,1007.8916666666668
2000-11-04,200006.0,Diego Aracena Iquique Ap.,-20.54917,-70.18111,1008.725
2000-11-04,220002.0,"El Loa, Calama Ad.",-22.49806,-68.8925,774.775
2000-11-04,270001.0,Mataveri  Isla de Pascua Ap.,-27.15889,-109.4325,1012.0500000000001
2000-11-04,290004.0,"La Florida, La Serena Ad.",-29.91444,-71.20667,998.1166666666666
2000-11-04,330020.0,"Quinta Normal, Santiago",-33.445,-70.68278,954.1
2000-11-04,330021.0,Pudahuel Santiago ,-33.37833,-70.78778,959.05
2000-11-04,330030.0,"Santo Domingo, Ad.",-33.65611,-71.61333,1007.1285714285714
2000-11-04,330031.0,"Juan Fernández, Estación Meteorológica.",-33.63583,-78.83305,1013.025
2000-11-04,340031.0,"General Freire, Curicó Ad.",-34.96944,-71.21694,987.8153846153847
2000-11-04,360011.0,"General Bernardo O'Higgins, Chillán Ad.",-36.58583,-72.03667,997.4384615384616
2000-11-04,360019.0,"Carriel Sur, Concepción Ap.",-36.78055,-73.06639,1014.6125000000001
2000-11-04,380013.0,"Maquehue, Temuco Ad.",-38.76778,-72.63194,1004.2333333333332
2000-11-04,390006.0,"Pichoy, Valdivia Ad.",-39.65667,-73.08722,1012.4153846153846
2000-11-04,400009.0,"Cañal Bajo,  Osorno Ad.",-40.61444,-73.0575,1007.7214285714286
2000-11-04,410005.0,El Tepual  Puerto Montt Ap.,-41.4475,-73.09583,1004.8125
2000-11-04,430001.0,Quellón Ad.,-43.13361,-73.63278,1010.625
2000-11-04,430002.0,Futaleufú Ad.,-43.18889,-71.85222,971.1857142857143
2000-11-04,450004.0,"Teniente Vidal, Coyhaique Ad.",-45.59083,-72.10222,973.4909090909091
2000-11-04,450005.0,Balmaceda Ad.,-45.91833,-71.67778,948.7739130434783
2000-11-04,520006.0,"Carlos Ibañez, Punta Arenas Ap.",-53.00167,-70.83861,998.3875
2000-11-04,530005.0,"Fuentes Martínez, Porvenir Ad.",-53.25361,-70.32611,999.6384615384615
2000-11-04,950001.0,"C.M.A. Eduardo Frei Montalva, Antártica ",-62.19194,-58.97972,1001.775
2000-11-05,180005.0,"Chacalluta, Arica Ap.",-18.35555,-70.34028,1008.0416666666666
2000-11-05,200006.0,Diego Aracena Iquique Ap.,-20.54917,-70.18111,1008.5375
2000-11-05,220002.0,"El Loa, Calama Ad.",-22.49806,-68.8925,774.3416666666667
2000-11-05,270001.0,Mataveri  Isla de Pascua Ap.,-27.15889,-109.4325,1012.8000000000001
2000-11-05,290004.0,"La Florida, La Serena Ad.",-29.91444,-71.20667,997.6470588235294
2000-11-05,330020.0,"Quinta Normal, Santiago",-33.445,-70.68278,954.86
2000-11-05,330021.0,Pudahuel Santiago ,-33.37833,-70.78778,959.125
2000-11-05,330030.0,"Santo Domingo, Ad.",-33.65611,-71.61333,1007.8571428571429
2000-11-05,330031.0,"Juan Fernández, Estación Meteorológica.",-33.63583,-78.83305,1015.675
2000-11-05,340031.0,"General Freire, Curicó Ad.",-34.96944,-71.21694,988.9076923076923
2000-11-05,360011.0,"General Bernardo O'Higgins, Chillán Ad.",-36.58583,-72.03667,999.3307692307692
2000-11-05,360019.0,"Carriel Sur, Concepción Ap.",-36.78055,-73.06639,1016.8791666666666
2000-11-05,380013.0,"Maquehue, Temuco Ad.",-38.76778,-72.63194,1007.0166666666668
2000-11-05,390006.0,"Pichoy, Valdivia Ad.",-39.65667,-73.08722,1016.0615384615384
2000-11-05,400009.0,"Cañal Bajo,  Osorno Ad.",-40.61444,-73.0575,1011.6214285714286
2000-11-05,410005.0,El Tepual  Puerto Montt Ap.,-41.4475,-73.09583,1007.3
2000-11-05,430001.0,Quellón Ad.,-43.13361,-73.63278,1015.7249999999999
2000-11-05,430002.0,Futaleufú Ad.,-43.18889,-71.85222,974.8000000000001
2000-11-05,450004.0,"Teniente Vidal, Coyhaique Ad.",-45.59083,-72.10222,976.4818181818181
2000-11-05,450005.0,Balmaceda Ad.,-45.91833,-71.67778,950.1999999999999
2000-11-05,520006.0,"Carlos Ibañez, Punta Arenas Ap.",-53.00167,-70.83861,998.925
2000-11-05,950001.0,"C.M.A. Eduardo Frei Montalva, Antártica ",-62.19194,-58.97972,998.35
2000-11-06,180005.0,"Chacalluta, Arica Ap.",-18.35555,-70.34028,1007.5916666666667
2000-11-06,200006.0,Diego Aracena Iquique Ap.,-20.54917,-70.18111,1008.5125
2000-11-06,220002.0,"El Loa, Calama Ad.",-22.49806,-68.8925,774.18125
2000-11-06,270001.0,Mataveri  Isla de Pascua Ap.,-27.15889,-109.4325,1014.0500000000001
2000-11-06,290004.0,"La Florida, La Serena Ad.",-29.91444,-71.20667,997.4055555555556
2000-11-06,330020.0,"Quinta Normal, Santiago",-33.445,-70.68278,953.22
2000-11-06,330021.0,Pudahuel Santiago ,-33.37833,-70.78778,957.875
2000-11-06,330030.0,"Santo Domingo, Ad.",-33.65611,-71.61333,1006.8071428571428
2000-11-06,330031.0,"Juan Fernández, Estación Meteorológica.",-33.63583,-78.83305,1015.0
2000-11-06,340031.0,"General Freire, Curicó Ad.",-34.96944,-71.21694,986.7538461538461
2000-11-06,360011.0,"General Bernardo O'Higgins, Chillán Ad.",-36.58583,-72.03667,996.9230769230769
2000-11-06,360019.0,"Carriel Sur, Concepción Ap.",-36.78055,-73.06639,1014.5708333333333
2000-11-06,380013.0,"Maquehue, Temuco Ad.",-38.76778,-72.63194,1006.0500000000001
2000-11-06,390006.0,"Pichoy, Valdivia Ad.",-39.65667,-73.08722,1014.0461538461539
2000-11-06,400009.0,"Cañal Bajo,  Osorno Ad.",-40.61444,-73.0575,1009.9642857142857
2000-11-06,410005.0,El Tepual  Puerto Montt Ap.,-41.4475,-73.09583,1007.7125
2000-11-06,430001.0,Quellón Ad.,-43.13361,-73.63278,1013.95
2000-11-06,430002.0,Futaleufú Ad.,-43.18889,-71.85222,973.2357142857143
2000-11-06,450001.0,Puerto Aysén Ad.,-45.39944,-72.67722,1010.8875
2000-11-06,450004.0,"Teniente Vidal, Coyhaique Ad.",-45.59083,-72.10222,974.2090909090908
2000-11-06,450005.0,Balmaceda Ad.,-45.91833,-71.67778,948.4333333333334
2000-11-06,520006.0,"Carlos Ibañez, Punta Arenas Ap.",-53.00167,-70.83861,994.15
2000-11-06,530005.0,"Fuentes Martínez, Porvenir Ad.",-53.25361,-70.32611,994.0583333333334
2000-11-06,550001.0,"Guardiamarina Zañartu, Pto Williams Ad.",-54.93167,-67.61556,990.8777777777777
2000-11-06,950001.0,"C.M.A. Eduardo Frei Montalva, Antártica ",-62.19194,-58.97972,993.35
2000-11-07,180005.0,"Chacalluta, Arica Ap.",-18.35555,-70.34028,1009.2791666666667
2000-11-07,200006.0,Diego Aracena Iquique Ap.,-20.54917,-70.18111,1009.8625
2000-11-07,220002.0,"El Loa, Calama Ad.",-22.49806,-68.8925,775.9
2000-11-07,270001.0,Mataveri  Isla de Pascua Ap.,-27.15889,-109.4325,1015.0
2000-11-07,290004.0,"La Florida, La Serena Ad.",-29.91444,-71.20667,999.4777777777776
2000-11-07,330020.0,"Quinta Normal, Santiago",-33.445,-70.68278,954.3799999999999
2000-11-07,330021.0,Pudahuel Santiago ,-33.37833,-70.78778,959.6625
2000-11-07,330030.0,"Santo Domingo, Ad.",-33.65611,-71.61333,1008.2857142857143
2000-11-07,330031.0,"Juan Fernández, Estación Meteorológica.",-33.63583,-78.83305,1016.8199999999999
2000-11-07,340031.0,"General Freire, Curicó Ad.",-34.96944,-71.21694,989.1076923076923
2000-11-07,360011.0,"General Bernardo O'Higgins, Chillán Ad.",-36.58583,-72.03667,998.8
2000-11-07,360019.0,"Carriel Sur, Concepción Ap.",-36.78055,-73.06639,1016.6958333333333
2000-11-07,380013.0,"Maquehue, Temuco Ad.",-38.76778,-72.63194,1007.4625
2000-11-07,390006.0,"Pichoy, Valdivia Ad.",-39.65667,-73.08722,1016.2615384615384
2000-11-07,400009.0,"Cañal Bajo,  Osorno Ad.",-40.61444,-73.0575,1011.85
2000-11-07,410005.0,El Tepual  Puerto Montt Ap.,-41.4475,-73.09583,1008.525
2000-11-07,430001.0,Quellón Ad.,-43.13361,-73.63278,1016.6
2000-11-07,430002.0,Futaleufú Ad.,-43.18889,-71.85222,975.5500000000001
2000-11-07,450001.0,Puerto Aysén Ad.,-45.39944,-72.67722,1016.0375
2000-11-07,450004.0,"Teniente Vidal, Coyhaique Ad.",-45.59083,-72.10222,978.1090909090909
2000-11-07,450005.0,Balmaceda Ad.,-45.91833,-71.67778,951.5333333333334
2000-11-07,520006.0,"Carlos Ibañez, Punta Arenas Ap.",-53.00167,-70.83861,996.125
2000-11-07,530005.0,"Fuentes Martínez, Porvenir Ad.",-53.25361,-70.32611,992.6750000000001
2000-11-07,550001.0,"Guardiamarina Zañartu, Pto Williams Ad.",-54.93167,-67.61556,990.8666666666666
2000-11-07,950001.0,"C.M.A. Eduardo Frei Montalva, Antártica ",-62.19194,-58.97972,992.5
2000-11-08,180005.0,"Chacalluta, Arica Ap.",-18.35555,-70.34028,1009.7208333333333
2000-11-08,200006.0,Diego Aracena Iquique Ap.,-20.54917,-70.18111,1010.4
2000-11-08,220002.0,"El Loa, Calama Ad.",-22.49806,-68.8925,776.225
2000-11-08,270001.0,Mataveri  Isla de Pascua Ap.,-27.15889,-109.4325,1013.9666666666667
2000-11-08,290004.0,"La Florida, La Serena Ad.",-29.91444,-71.20667,1000.6055555555556
2000-11-08,330020.0,"Quinta Normal, Santiago",-33.445,-70.68278,956.82
2000-11-08,330021.0,Pudahuel Santiago ,-33.37833,-70.78778,961.75
2000-11-08,330030.0,"Santo Domingo, Ad.",-33.65611,-71.61333,1010.4499999999999
2000-11-08,330031.0,"Juan Fernández, Estación Meteorológica.",-33.63583,-78.83305,1018.1600000000001
2000-11-08,340031.0,"General Freire, Curicó Ad.",-34.96944,-71.21694,990.676923076923
2000-11-08,360011.0,"General Bernardo O'Higgins, Chillán Ad.",-36.58583,-72.03667,1000.1846153846153
2000-11-08,360019.0,"Carriel Sur, Concepción Ap.",-36.78055,-73.06639,1018.0666666666666
2000-11-08,380013.0,"Maquehue, Temuco Ad.",-38.76778,-72.63194,1008.6875
2000-11-08,390006.0,"Pichoy, Valdivia Ad.",-39.65667,-73.08722,1016.6384615384615
2000-11-08,400009.0,"Cañal Bajo,  Osorno Ad.",-40.61444,-73.0575,1012.1428571428571
2000-11-08,410005.0,El Tepual  Puerto Montt Ap.,-41.4475,-73.09583,1009.175
2000-11-08,430001.0,Quellón Ad.,-43.13361,-73.63278,1015.45
2000-11-08,430002.0,Futaleufú Ad.,-43.18889,-71.85222,975.3000000000001
2000-11-08,450001.0,Puerto Aysén Ad.,-45.39944,-72.67722,1014.625
2000-11-08,450004.0,"Teniente Vidal, Coyhaique Ad.",-45.59083,-72.10222,977.6
2000-11-08,450005.0,Balmaceda Ad.,-45.91833,-71.67778,951.8666666666667
2000-11-08,520006.0,"Carlos Ibañez, Punta Arenas Ap.",-53.00167,-70.83861,998.875
2000-11-08,530005.0,"Fuentes Martínez, Porvenir Ad.",-53.25361,-70.32611,997.8666666666667
2000-11-08,550001.0,"Guardiamarina Zañartu, Pto Williams Ad.",-54.93167,-67.61556,998.85
2000-11-08,950001.0,"C.M.A. Eduardo Frei Montalva, Antártica ",-62.19194,-58.97972,991.175
2000-11-09,180005.0,"Chacalluta, Arica Ap.",-18.35555,-70.34028,1008.6166666666667
2000-11-09,200006.0,Diego Aracena Iquique Ap.,-20.54917,-70.18111,1009.5625
2000-11-09,220002.0,"El Loa, Calama Ad.",-22.49806,-68.8925,775.80625
2000-11-09,270001.0,Mataveri  Isla de Pascua Ap.,-27.15889,-109.4325,1010.8166666666666
2000-11-09,290004.0,"La Florida, La Serena Ad.",-29.91444,-71.20667,999.3315789473684
2000-11-09,330020.0,"Quinta Normal, Santiago",-33.445,-70.68278,955.18
2000-11-09,330021.0,Pudahuel Santiago ,-33.37833,-70.78778,960.65
2000-11-09,330030.0,"Santo Domingo, Ad.",-33.65611,-71.61333,1009.0642857142857
2000-11-09,330031.0,"Juan Fernández, Estación Meteorológica.",-33.63583,-78.83305,1014.78
2000-11-09,340031.0,"General Freire, Curicó Ad.",-34.96944,-71.21694,989.5615384615384
2000-11-09,360011.0,"General Bernardo O'Higgins, Chillán Ad.",-36.58583,-72.03667,999.5153846153846
2000-11-09,360019.0,"Carriel Sur, Concepción Ap.",-36.78055,-73.06639,1017.1999999999999
2000-11-09,380013.0,"Maquehue, Temuco Ad.",-38.76778,-72.63194,1006.6374999999999
2000-11-09,390006.0,"Pichoy, Valdivia Ad.",-39.65667,-73.08722,1013.0692307692308
2000-11-09,400009.0,"Cañal Bajo,  Osorno Ad.",-40.61444,-73.0575,1007.8142857142857
2000-11-09,410005.0,El Tepual  Puerto Montt Ap.,-41.4475,-73.09583,1005.6625
2000-11-09,430001.0,Quellón Ad.,-43.13361,-73.63278,1009.475
2000-11-09,430002.0,Futaleufú Ad.,-43.18889,-71.85222,971.7214285714286
2000-11-09,450001.0,Puerto Aysén Ad.,-45.39944,-72.67722,1009.4375
2000-11-09,450004.0,"Teniente Vidal, Coyhaique Ad.",-45.59083,-72.10222,973.6454545454545
2000-11-09,450005.0,Balmaceda Ad.,-45.91833,-71.67778,949.9666666666667
2000-11-09,520006.0,"Carlos Ibañez, Punta Arenas Ap.",-53.00167,-70.83861,999.7375
2000-11-09,530005.0,"Fuentes Martínez, Porvenir Ad.",-53.25361,-70.32611,1000.9538461538461
2000-11-09,550001.0,"Guardiamarina Zañartu, Pto Williams Ad.",-54.93167,-67.61556,1002.5111111111112
2000-11-09,950001.0,"C.M.A. Eduardo Frei Montalva, Antártica ",-62.19194,-58.97972,995.175
2000-11-10,180005.0,"Chacalluta, Arica Ap.",-18.35555,-70.34028,1008.4625
2000-11-10,200006.0,Diego Aracena Iquique Ap.,-20.54917,-70.18111,1009.2125
2000-11-10,220002.0,"El Loa, Calama Ad.",-22.49806,-68.8925,775.46875
2000-11-10,270001.0,Mataveri  Isla de Pascua Ap.,-27.15889,-109.4325,1008.75
2000-11-10,290004.0,"La Florida, La Serena Ad.",-29.91444,-71.20667,999.4888888888888
2000-11-10,330020.0,"Quinta Normal, Santiago",-33.445,-70.68278,955.64
2000-11-10,330021.0,Pudahuel Santiago ,-33.37833,-70.78778,961.0375
2000-11-10,330030.0,"Santo Domingo, Ad.",-33.65611,-71.61333,1009.4285714285714
2000-11-10,330031.0,"Juan Fernández, Estación Meteorológica.",-33.63583,-78.83305,1012.3
2000-11-10,340031.0,"General Freire, Curicó Ad.",-34.96944,-71.21694,988.8
2000-11-10,360011.0,"General Bernardo O'Higgins, Chillán Ad.",-36.58583,-72.03667,997.8384615384615
2000-11-10,360019.0,"Carriel Sur, Concepción Ap.",-36.78055,-73.06639,1015.4458333333333
2000-11-10,380013.0,"Maquehue, Temuco Ad.",-38.76778,-72.63194,1003.5785714285714
2000-11-10,390006.0,"Pichoy, Valdivia Ad.",-39.65667,-73.08722,1007.8384615384615
2000-11-10,400009.0,"Cañal Bajo,  Osorno Ad.",-40.61444,-73.0575,1002.1714285714286
2000-11-10,410005.0,El Tepual  Puerto Montt Ap.,-41.4475,-73.09583,998.5875
2000-11-10,430001.0,Quellón Ad.,-43.13361,-73.63278,1003.55
2000-11-10,430002.0,Futaleufú Ad.,-43.18889,-71.85222,965.157142857143
2000-11-10,450001.0,Puerto Aysén Ad.,-45.39944,-72.67722,1002.95
2000-11-10,450004.0,"Teniente Vidal, Coyhaique Ad.",-45.59083,-72.10222,966.7181818181817
2000-11-10,450005.0,Balmaceda Ad.,-45.91833,-71.67778,942.4
2000-11-10,520006.0,"Carlos Ibañez, Punta Arenas Ap.",-53.00167,-70.83861,993.05
2000-11-10,530005.0,"Fuentes Martínez, Porvenir Ad.",-53.25361,-70.32611,986.875
2000-11-10,550001.0,"Guardiamarina Zañartu, Pto Williams Ad.",-54.93167,-67.61556,995.2375
2000-11-10,950001.0,"C.M.A. Eduardo Frei Montalva, Antártica ",-62.19194,-58.97972,995.525
2000-11-11,180005.0,"Chacalluta, Arica Ap.",-18.35555,-70.34028,1009.4208333333332
2000-11-11,200006.0,Diego Aracena Iquique Ap.,-20.54917,-70.18111,1010.3
2000-11-11,220002.0,"El Loa, Calama Ad.",-22.49806,-68.8925,775.6066666666667
2000-11-11,270001.0,Mataveri  Isla de Pascua Ap.,-27.15889,-109.4325,1008.9
2000-11-11,290004.0,"La Florida, La Serena Ad.",-29.91444,-71.20667,1000.1411764705883
2000-11-11,330020.0,"Quinta Normal, Santiago",-33.445,-70.68278,956.5600000000001
2000-11-11,330021.0,Pudahuel Santiago ,-33.37833,-70.78778,962.0875
2000-11-11,330030.0,"Santo Domingo, Ad.",-33.65611,-71.61333,1010.8214285714286
2000-11-11,330031.0,"Juan Fernández, Estación Meteorológica.",-33.63583,-78.83305,1016.35
2000-11-11,340031.0,"General Freire, Curicó Ad.",-34.96944,-71.21694,991.5461538461539
2000-11-11,360011.0,"General Bernardo O'Higgins, Chillán Ad.",-36.58583,-72.03667,1000.2769230769231
2000-11-11,360019.0,"Carriel Sur, Concepción Ap.",-36.78055,-73.06639,1016.2041666666668
2000-11-11,390006.0,"Pichoy, Valdivia Ad.",-39.65667,-73.08722,1007.3692307692307
2000-11-11,400009.0,"Cañal Bajo,  Osorno Ad.",-40.61444,-73.0575,1000.2714285714285
2000-11-11,410005.0,El Tepual  Puerto Montt Ap.,-41.4475,-73.09583,995.3875
2000-11-11,430001.0,Quellón Ad.,-43.13361,-73.63278,1002.725
2000-11-11,430002.0,Futaleufú Ad.,-43.18889,-71.85222,962.7142857142857
2000-11-11,450004.0,"Teniente Vidal, Coyhaique Ad.",-45.59083,-72.10222,966.4090909090909
2000-11-11,450005.0,Balmaceda Ad.,-45.91833,-71.67778,940.5
2000-11-11,520006.0,"Carlos Ibañez, Punta Arenas Ap.",-53.00167,-70.83861,994.6625
2000-11-11,530005.0,"Fuentes Martínez, Porvenir Ad.",-53.25361,-70.32611,991.1999999999999
2000-11-11,950001.0,"C.M.A. Eduardo Frei Montalva, Antártica ",-62.19194,-58.97972,986.475
2000-11-12,180005.0,"Chacalluta, Arica Ap.",-18.35555,-70.34028,1010.1208333333334
2000-11-12,200006.0,Diego Aracena Iquique Ap.,-20.54917,-70.18111,1011.025
2000-11-12,220002.0,"El Loa, Calama Ad.",-22.49806,-68.8925,775.6
2000-11-12,270001.0,Mataveri  Isla de Pascua Ap.,-27.15889,-109.4325,1010.25
2000-11-12,290004.0,"La Florida, La Serena Ad.",-29.91444,-71.20667,1000.5111111111112
2000-11-12,330020.0,"Quinta Normal, Santiago",-33.445,-70.68278,957.6200000000001
2000-11-12,330021.0,Pudahuel Santiago ,-33.37833,-70.78778,962.825
2000-11-12,330030.0,"Santo Domingo, Ad.",-33.65611,-71.61333,1011.2285714285715
2000-11-12,330031.0,"Juan Fernández, Estación Meteorológica.",-33.63583,-78.83305,1019.7
2000-11-12,340031.0,"General Freire, Curicó Ad.",-34.96944,-71.21694,992.1153846153846
2000-11-12,360011.0,"General Bernardo O'Higgins, Chillán Ad.",-36.58583,-72.03667,1002.8923076923077
2000-11-12,360019.0,"Carriel Sur, Concepción Ap.",-36.78055,-73.06639,1019.908
2000-11-12,390006.0,"Pichoy, Valdivia Ad.",-39.65667,-73.08722,1017.3076923076923
2000-11-12,400009.0,"Cañal Bajo,  Osorno Ad.",-40.61444,-73.0575,1011.0857142857143
2000-11-12,410005.0,El Tepual  Puerto Montt Ap.,-41.4475,-73.09583,1005.5625
2000-11-12,430001.0,Quellón Ad.,-43.13361,-73.63278,1013.525
2000-11-12,430002.0,Futaleufú Ad.,-43.18889,-71.85222,969.25
2000-11-12,450004.0,"Teniente Vidal, Coyhaique Ad.",-45.59083,-72.10222,973.0545454545455
2000-11-12,450005.0,Balmaceda Ad.,-45.91833,-71.67778,944.8333333333334
2000-11-12,520006.0,"Carlos Ibañez, Punta Arenas Ap.",-53.00167,-70.83861,1001.2625
2000-11-12,530005.0,"Fuentes Martínez, Porvenir Ad.",-53.25361,-70.32611,998.75
2000-11-12,950001.0,"C.M.A. Eduardo Frei Montalva, Antártica ",-62.19194,-58.97972,989.8125
2000-11-13,180005.0,"Chacalluta, Arica Ap.",-18.35555,-70.34028,1009.9708333333333
2000-11-13,200006.0,Diego Aracena Iquique Ap.,-20.54917,-70.18111,1011.025
2000-11-13,220002.0,"El Loa, Calama Ad.",-22.49806,-68.8925,775.875
2000-11-13,270001.0,Mataveri  Isla de Pascua Ap.,-27.15889,-109.4325,1012.6666666666666
2000-11-13,290004.0,"La Florida, La Serena Ad.",-29.91444,-71.20667,1000.7055555555556
2000-11-13,330020.0,"Quinta Normal, Santiago",-33.445,-70.68278,957.4200000000001
2000-11-13,330021.0,Pudahuel Santiago ,-33.37833,-70.78778,962.9375
2000-11-13,330030.0,"Santo Domingo, Ad.",-33.65611,-71.61333,1011.35
2000-11-13,330031.0,"Juan Fernández, Estación Meteorológica.",-33.63583,-78.83305,1021.96
2000-11-13,340031.0,"General Freire, Curicó Ad.",-34.96944,-71.21694,992.9692307692308
2000-11-13,360011.0,"General Bernardo O'Higgins, Chillán Ad.",-36.58583,-72.03667,1004.3923076923077
2000-11-13,360019.0,"Carriel Sur, Concepción Ap.",-36.78055,-73.06639,1022.3166666666666
2000-11-13,390006.0,"Pichoy, Valdivia Ad.",-39.65667,-73.08722,1021.3538461538462
2000-11-13,400009.0,"Cañal Bajo,  Osorno Ad.",-40.61444,-73.0575,1016.2642857142857
2000-11-13,410005.0,El Tepual  Puerto Montt Ap.,-41.4475,-73.09583,1012.1375
2000-11-13,430001.0,Quellón Ad.,-43.13361,-73.63278,1022.325
2000-11-13,430002.0,Futaleufú Ad.,-43.18889,-71.85222,981.0500000000001
2000-11-13,450001.0,Puerto Aysén Ad.,-45.39944,-72.67722,1022.425
2000-11-13,450004.0,"Teniente Vidal, Coyhaique Ad.",-45.59083,-72.10222,984.0454545454545
2000-11-13,450005.0,Balmaceda Ad.,-45.91833,-71.67778,956.3000000000001
2000-11-13,520006.0,"Carlos Ibañez, Punta Arenas Ap.",-53.00167,-70.83861,1012.7875
2000-11-13,530005.0,"Fuentes Martínez, Porvenir Ad.",-53.25361,-70.32611,1013.1666666666666
2000-11-13,550001.0,"Guardiamarina Zañartu, Pto Williams Ad.",-54.93167,-67.61556,1013.0555555555555
2000-11-13,950001.0,"C.M.A. Eduardo Frei Montalva, Antártica ",-62.19194,-58.97972,995.4
2000-11-14,180005.0,"Chacalluta, Arica Ap.",-18.35555,-70.34028,1010.6958333333333
2000-11-14,200006.0,Diego Aracena Iquique Ap.,-20.54917,-70.18111,1011.6125
2000-11-14,220002.0,"El Loa, Calama Ad.",-22.49806,-68.8925,775.78125
2000-11-14,270001.0,Mataveri  Isla de Pascua Ap.,-27.15889,-109.4325,1013.1833333333334
2000-11-14,290004.0,"La Florida, La Serena Ad.",-29.91444,-71.20667,999.7222222222222
2000-11-14,330020.0,"Quinta Normal, Santiago",-33.445,-70.68278,956.4399999999999
2000-11-14,330021.0,Pudahuel Santiago ,-33.37833,-70.78778,962.0
2000-11-14,330030.0,"Santo Domingo, Ad.",-33.65611,-71.61333,1009.4
2000-11-14,330031.0,"Juan Fernández, Estación Meteorológica.",-33.63583,-78.83305,1022.2
2000-11-14,340031.0,"General Freire, Curicó Ad.",-34.96944,-71.21694,991.0923076923077
2000-11-14,360011.0,"General Bernardo O'Higgins, Chillán Ad.",-36.58583,-72.03667,1001.7230769230769
2000-11-14,360019.0,"Carriel Sur, Concepción Ap.",-36.78055,-73.06639,1017.8249999999999
2000-11-14,380013.0,"Maquehue, Temuco Ad.",-38.76778,-72.63194,1011.5666666666666
2000-11-14,390006.0,"Pichoy, Valdivia Ad.",-39.65667,-73.08722,1020.9384615384616
2000-11-14,400009.0,"Cañal Bajo,  Osorno Ad.",-40.61444,-73.0575,1017.6071428571429
2000-11-14,410005.0,El Tepual  Puerto Montt Ap.,-41.4475,-73.09583,1016.1125
2000-11-14,430001.0,Quellón Ad.,-43.13361,-73.63278,1023.825
2000-11-14,430002.0,Futaleufú Ad.,-43.18889,-71.85222,981.9357142857143
2000-11-14,450001.0,Puerto Aysén Ad.,-45.39944,-72.67722,1023.4875000000001
2000-11-14,450004.0,"Teniente Vidal, Coyhaique Ad.",-45.59083,-72.10222,985.0636363636364
2000-11-14,450005.0,Balmaceda Ad.,-45.91833,-71.67778,958.8333333333334
2000-11-14,520006.0,"Carlos Ibañez, Punta Arenas Ap.",-53.00167,-70.83861,1012.0125
2000-11-14,530005.0,"Fuentes Martínez, Porvenir Ad.",-53.25361,-70.32611,1011.5461538461539
2000-11-14,550001.0,"Guardiamarina Zañartu, Pto Williams Ad.",-54.93167,-67.61556,1008.7333333333333
2000-11-14,950001.0,"C.M.A. Eduardo Frei Montalva, Antártica ",-62.19194,-58.97972,991.4
2000-11-15,180005.0,"Chacalluta, Arica Ap.",-18.35555,-70.34028,1009.1875
2000-11-15,200006.0,Diego Aracena Iquique Ap.,-20.54917,-70.18111,1010.1875
2000-11-15,220002.0,"El Loa, Calama Ad.",-22.49806,-68.8925,775.05
2000-11-15,270001.0,Mataveri  Isla de Pascua Ap.,-27.15889,-109.4325,1011.25
2000-11-15,290004.0,"La Florida, La Serena Ad.",-29.91444,-71.20667,999.6555555555556
2000-11-15,330020.0,"Quinta Normal, Santiago",-33.445,-70.68278,954.9399999999999
2000-11-15,330021.0,Pudahuel Santiago ,-33.37833,-70.78778,959.7375
2000-11-15,330030.0,"Santo Domingo, Ad.",-33.65611,-71.61333,1008.3071428571428
2000-11-15,330031.0,"Juan Fernández, Estación Meteorológica.",-33.63583,-78.83305,1019.18
2000-11-15,340031.0,"General Freire, Curicó Ad.",-34.96944,-71.21694,988.0923076923077
2000-11-15,360011.0,"General Bernardo O'Higgins, Chillán Ad.",-36.58583,-72.03667,998.2230769230769
2000-11-15,360019.0,"Carriel Sur, Concepción Ap.",-36.78055,-73.06639,1013.6750000000001
2000-11-15,380013.0,"Maquehue, Temuco Ad.",-38.76778,-72.63194,1008.5541666666667
2000-11-15,390006.0,"Pichoy, Valdivia Ad.",-39.65667,-73.08722,1016.3846153846154
2000-11-15,400009.0,"Cañal Bajo,  Osorno Ad.",-40.61444,-73.0575,1012.8285714285714
2000-11-15,410005.0,El Tepual  Puerto Montt Ap.,-41.4475,-73.09583,1011.225
2000-11-15,430001.0,Quellón Ad.,-43.13361,-73.63278,1017.7
2000-11-15,430002.0,Futaleufú Ad.,-43.18889,-71.85222,976.1642857142857
2000-11-15,450001.0,Puerto Aysén Ad.,-45.39944,-72.67722,1016.6375
2000-11-15,450004.0,"Teniente Vidal, Coyhaique Ad.",-45.59083,-72.10222,979.5
2000-11-15,450005.0,Balmaceda Ad.,-45.91833,-71.67778,954.6999999999999
2000-11-15,520006.0,"Carlos Ibañez, Punta Arenas Ap.",-53.00167,-70.83861,998.725
2000-11-15,530005.0,"Fuentes Martínez, Porvenir Ad.",-53.25361,-70.32611,996.8916666666668
2000-11-15,550001.0,"Guardiamarina Zañartu, Pto Williams Ad.",-54.93167,-67.61556,993.6777777777778
2000-11-15,950001.0,"C.M.A. Eduardo Frei Montalva, Antártica ",-62.19194,-58.97972,981.975
2000-11-16,180005.0,"Chacalluta, Arica Ap.",-18.35555,-70.34028,1008.5166666666668
2000-11-16,200006.0,Diego Aracena Iquique Ap.,-20.54917,-70.18111,1009.525
2000-11-16,220002.0,"El Loa, Calama Ad.",-22.49806,-68.8925,775.5
2000-11-16,270001.0,Mataveri  Isla de Pascua Ap.,-27.15889,-109.4325,1008.8666666666667
2000-11-16,290004.0,"La Florida, La Serena Ad.",-29.91444,-71.20667,999.4222222222221
2000-11-16,330020.0,"Quinta Normal, Santiago",-33.445,-70.68278,954.4799999999999
2000-11-16,330021.0,Pudahuel Santiago ,-33.37833,-70.78778,959.7875
2000-11-16,330030.0,"Santo Domingo, Ad.",-33.65611,-71.61333,1008.3142857142857
2000-11-16,330031.0,"Juan Fernández, Estación Meteorológica.",-33.63583,-78.83305,1017.5799999999999
2000-11-16,340031.0,"General Freire, Curicó Ad.",-34.96944,-71.21694,988.1384615384615
2000-11-16,360011.0,"General Bernardo O'Higgins, Chillán Ad.",-36.58583,-72.03667,998.9153846153846
2000-11-16,360019.0,"Carriel Sur, Concepción Ap.",-36.78055,-73.06639,1016.3083333333334
2000-11-16,380013.0,"Maquehue, Temuco Ad.",-38.76778,-72.63194,1008.324
2000-11-16,390006.0,"Pichoy, Valdivia Ad.",-39.65667,-73.08722,1016.0833333333334
2000-11-16,400009.0,"Cañal Bajo,  Osorno Ad.",-40.61444,-73.0575,1011.8214285714286
2000-11-16,410005.0,El Tepual  Puerto Montt Ap.,-41.4475,-73.09583,1008.825
2000-11-16,430001.0,Quellón Ad.,-43.13361,-73.63278,1014.0
2000-11-16,430002.0,Futaleufú Ad.,-43.18889,-71.85222,973.6214285714286
2000-11-16,450001.0,Puerto Aysén Ad.,-45.39944,-72.67722,1009.35
2000-11-16,450004.0,"Teniente Vidal, Coyhaique Ad.",-45.59083,-72.10222,973.1454545454545
2000-11-16,450005.0,Balmaceda Ad.,-45.91833,-71.67778,948.1666666666666
2000-11-16,520006.0,"Carlos Ibañez, Punta Arenas Ap.",-53.00167,-70.83861,990.1875
2000-11-16,530005.0,"Fuentes Martínez, Porvenir Ad.",-53.25361,-70.32611,991.5666666666666
2000-11-16,550001.0,"Guardiamarina Zañartu, Pto Williams Ad.",-54.93167,-67.61556,989.9111111111112
2000-11-16,950001.0,"C.M.A. Eduardo Frei Montalva, Antártica ",-62.19194,-58.97972,992.05
2000-11-17,180005.0,"Chacalluta, Arica Ap.",-18.35555,-70.34028,1008.5124999999999
2000-11-17,200006.0,Diego Aracena Iquique Ap.,-20.54917,-70.18111,1009.4125
2000-11-17,220002.0,"El Loa, Calama Ad.",-22.49806,-68.8925,775.8
2000-11-17,270001.0,Mataveri  Isla de Pascua Ap.,-27.15889,-109.4325,1007.8375
2000-11-17,290004.0,"La Florida, La Serena Ad.",-29.91444,-71.20667,998.5947368421052
2000-11-17,330020.0,"Quinta Normal, Santiago",-33.445,-70.68278,953.68
2000-11-17,330021.0,Pudahuel Santiago ,-33.37833,-70.78778,958.6625
2000-11-17,330030.0,"Santo Domingo, Ad.",-33.65611,-71.61333,1007.3714285714286
2000-11-17,330031.0,"Juan Fernández, Estación Meteorológica.",-33.63583,-78.83305,1016.3799999999999
2000-11-17,340031.0,"General Freire, Curicó Ad.",-34.96944,-71.21694,986.4923076923077
2000-11-17,360011.0,"General Bernardo O'Higgins, Chillán Ad.",-36.58583,-72.03667,996.1692307692308
2000-11-17,360019.0,"Carriel Sur, Concepción Ap.",-36.78055,-73.06639,1014.4964285714286
2000-11-17,380013.0,"Maquehue, Temuco Ad.",-38.76778,-72.63194,1006.35
2000-11-17,390006.0,"Pichoy, Valdivia Ad.",-39.65667,-73.08722,1013.7615384615384
2000-11-17,400009.0,"Cañal Bajo,  Osorno Ad.",-40.61444,-73.0575,1008.6071428571429
2000-11-17,410005.0,El Tepual  Puerto Montt Ap.,-41.4475,-73.09583,1006.2125
2000-11-17,430001.0,Quellón Ad.,-43.13361,-73.63278,1010.95
2000-11-17,430002.0,Futaleufú Ad.,-43.18889,-71.85222,968.8857142857142
2000-11-17,450001.0,Puerto Aysén Ad.,-45.39944,-72.67722,1008.2
2000-11-17,450004.0,"Teniente Vidal, Coyhaique Ad.",-45.59083,-72.10222,971.5363636363636
2000-11-17,450005.0,Balmaceda Ad.,-45.91833,-71.67778,944.9666666666667
2000-11-17,520006.0,"Carlos Ibañez, Punta Arenas Ap.",-53.00167,-70.83861,989.3375
2000-11-17,530005.0,"Fuentes Martínez, Porvenir Ad.",-53.25361,-70.32611,989.5
2000-11-17,550001.0,"Guardiamarina Zañartu, Pto Williams Ad.",-54.93167,-67.61556,988.8181818181819
2000-11-17,950001.0,"C.M.A. Eduardo Frei Montalva, Antártica ",-62.19194,-58.97972,984.2625
2000-11-18,180005.0,"Chacalluta, Arica Ap.",-18.35555,-70.34028,1008.7208333333333
2000-11-18,200006.0,Diego Aracena Iquique Ap.,-20.54917,-70.18111,1009.7125
2000-11-18,220002.0,"El Loa, Calama Ad.",-22.49806,-68.8925,775.39375
2000-11-18,270001.0,Mataveri  Isla de Pascua Ap.,-27.15889,-109.4325,1008.9
2000-11-18,290004.0,"La Florida, La Serena Ad.",-29.91444,-71.20667,999.2277777777776
2000-11-18,330020.0,"Quinta Normal, Santiago",-33.445,-70.68278,953.76
2000-11-18,330021.0,Pudahuel Santiago ,-33.37833,-70.78778,958.925
2000-11-18,330030.0,"Santo Domingo, Ad.",-33.65611,-71.61333,1007.3714285714286
2000-11-18,330031.0,"Juan Fernández, Estación Meteorológica.",-33.63583,-78.83305,1018.25
2000-11-18,340031.0,"General Freire, Curicó Ad.",-34.96944,-71.21694,987.9384615384616
2000-11-18,360011.0,"General Bernardo O'Higgins, Chillán Ad.",-36.58583,-72.03667,999.2230769230769
2000-11-18,360019.0,"Carriel Sur, Concepción Ap.",-36.78055,-73.06639,1016.6625
2000-11-18,380013.0,"Maquehue, Temuco Ad.",-38.76778,-72.63194,1008.012
2000-11-18,390006.0,"Pichoy, Valdivia Ad.",-39.65667,-73.08722,1017.7076923076924
2000-11-18,400009.0,"Cañal Bajo,  Osorno Ad.",-40.61444,-73.0575,1012.5142857142857
2000-11-18,410005.0,El Tepual  Puerto Montt Ap.,-41.4475,-73.09583,1007.55
2000-11-18,430001.0,Quellón Ad.,-43.13361,-73.63278,1014.5
2000-11-18,430002.0,Futaleufú Ad.,-43.18889,-71.85222,972.0071428571429
2000-11-18,450004.0,"Teniente Vidal, Coyhaique Ad.",-45.59083,-72.10222,971.6272727272727
2000-11-18,450005.0,Balmaceda Ad.,-45.91833,-71.67778,943.8666666666667
2000-11-18,520006.0,"Carlos Ibañez, Punta Arenas Ap.",-53.00167,-70.83861,988.675
2000-11-18,530005.0,"Fuentes Martínez, Porvenir Ad.",-53.25361,-70.32611,989.6
2000-11-18,950001.0,"C.M.A. Eduardo Frei Montalva, Antártica ",-62.19194,-58.97972,980.725
2000-11-19,180005.0,"Chacalluta, Arica Ap.",-18.35555,-70.34028,1008.0583333333334
2000-11-19,200006.0,Diego Aracena Iquique Ap.,-20.54917,-70.18111,1009.1125
2000-11-19,220002.0,"El Loa, Calama Ad.",-22.49806,-68.8925,774.5916666666667
2000-11-19,270001.0,Mataveri  Isla de Pascua Ap.,-27.15889,-109.4325,1007.4833333333332
2000-11-19,290004.0,"La Florida, La Serena Ad.",-29.91444,-71.20667,998.5888888888888
2000-11-19,330020.0,"Quinta Normal, Santiago",-33.445,-70.68278,953.6200000000001
2000-11-19,330021.0,Pudahuel Santiago ,-33.37833,-70.78778,958.825
2000-11-19,330030.0,"Santo Domingo, Ad.",-33.65611,-71.61333,1006.5642857142857
2000-11-19,330031.0,"Juan Fernández, Estación Meteorológica.",-33.63583,-78.83305,1019.25
2000-11-19,340031.0,"General Freire, Curicó Ad.",-34.96944,-71.21694,988.6538461538462
2000-11-19,360011.0,"General Bernardo O'Higgins, Chillán Ad.",-36.58583,-72.03667,999.5384615384615
2000-11-19,360019.0,"Carriel Sur, Concepción Ap.",-36.78055,-73.06639,1018.0500000000001
2000-11-19,380013.0,"Maquehue, Temuco Ad.",-38.76778,-72.63194,1010.3458333333333
2000-11-19,390006.0,"Pichoy, Valdivia Ad.",-39.65667,-73.08722,1019.1384615384615
2000-11-19,400009.0,"Cañal Bajo,  Osorno Ad.",-40.61444,-73.0575,1015.0428571428572
2000-11-19,410005.0,El Tepual  Puerto Montt Ap.,-41.4475,-73.09583,1012.3
2000-11-19,430001.0,Quellón Ad.,-43.13361,-73.63278,1019.675
2000-11-19,430002.0,Futaleufú Ad.,-43.18889,-71.85222,977.7928571428572
2000-11-19,450004.0,"Teniente Vidal, Coyhaique Ad.",-45.59083,-72.10222,978.6545454545455
2000-11-19,450005.0,Balmaceda Ad.,-45.91833,-71.67778,950.5
2000-11-19,520006.0,"Carlos Ibañez, Punta Arenas Ap.",-53.00167,-70.83861,995.25
2000-11-19,950001.0,"C.M.A. Eduardo Frei Montalva, Antártica ",-62.19194,-58.97972,983.15
2000-11-20,180005.0,"Chacalluta, Arica Ap.",-18.35555,-70.34028,1007.5666666666666
2000-11-20,200006.0,Diego Aracena Iquique Ap.,-20.54917,-70.18111,1008.3
2000-11-20,220002.0,"El Loa, Calama Ad.",-22.49806,-68.8925,774.7625
2000-11-20,270001.0,Mataveri  Isla de Pascua Ap.,-27.15889,-109.4325,1004.3833333333333
2000-11-20,290004.0,"La Florida, La Serena Ad.",-29.91444,-71.20667,997.2166666666667
2000-11-20,330020.0,"Quinta Normal, Santiago",-33.445,-70.68278,953.6200000000001
2000-11-20,330021.0,Pudahuel Santiago ,-33.37833,-70.78778,958.825
2000-11-20,330030.0,"Santo Domingo, Ad.",-33.65611,-71.61333,1006.1357142857142
2000-11-20,330031.0,"Juan Fernández, Estación Meteorológica.",-33.63583,-78.83305,1017.86
2000-11-20,340031.0,"General Freire, Curicó Ad.",-34.96944,-71.21694,987.9846153846154
2000-11-20,360011.0,"General Bernardo O'Higgins, Chillán Ad.",-36.58583,-72.03667,998.4923076923077
2000-11-20,360019.0,"Carriel Sur, Concepción Ap.",-36.78055,-73.06639,1017.0958333333333
2000-11-20,380013.0,"Maquehue, Temuco Ad.",-38.76778,-72.63194,1008.15
2000-11-20,390006.0,"Pichoy, Valdivia Ad.",-39.65667,-73.08722,1015.9692307692308
2000-11-20,400009.0,"Cañal Bajo,  Osorno Ad.",-40.61444,-73.0575,1011.5428571428572
2000-11-20,410005.0,El Tepual  Puerto Montt Ap.,-41.4475,-73.09583,1009.25
2000-11-20,430001.0,Quellón Ad.,-43.13361,-73.63278,1013.75
2000-11-20,430002.0,Futaleufú Ad.,-43.18889,-71.85222,972.842857142857
2000-11-20,450001.0,Puerto Aysén Ad.,-45.39944,-72.67722,1009.8125
2000-11-20,450004.0,"Teniente Vidal, Coyhaique Ad.",-45.59083,-72.10222,972.6
2000-11-20,450005.0,Balmaceda Ad.,-45.91833,-71.67778,947.4333333333334
2000-11-20,520006.0,"Carlos Ibañez, Punta Arenas Ap.",-53.00167,-70.83861,986.2125
2000-11-20,530005.0,"Fuentes Martínez, Porvenir Ad.",-53.25361,-70.32611,984.5500000000001
2000-11-20,550001.0,"Guardiamarina Zañartu, Pto Williams Ad.",-54.93167,-67.61556,979.1444444444444
2000-11-20,950001.0,"C.M.A. Eduardo Frei Montalva, Antártica ",-62.19194,-58.97972,979.2125
2000-11-21,180005.0,"Chacalluta, Arica Ap.",-18.35555,-70.34028,1007.6916666666666
2000-11-21,200006.0,Diego Aracena Iquique Ap.,-20.54917,-70.18111,1008.55
2000-11-21,220002.0,"El Loa, Calama Ad.",-22.49806,-68.8925,774.7125
2000-11-21,270001.0,Mataveri  Isla de Pascua Ap.,-27.15889,-109.4325,1000.25
2000-11-21,290004.0,"La Florida, La Serena Ad.",-29.91444,-71.20667,996.93
2000-11-21,330020.0,"Quinta Normal, Santiago",-33.445,-70.68278,952.5799999999999
2000-11-21,330021.0,Pudahuel Santiago ,-33.37833,-70.78778,958.2875
2000-11-21,330030.0,"Santo Domingo, Ad.",-33.65611,-71.61333,1005.2214285714286
2000-11-21,330031.0,"Juan Fernández, Estación Meteorológica.",-33.63583,-78.83305,1017.3
2000-11-21,340031.0,"General Freire, Curicó Ad.",-34.96944,-71.21694,986.8538461538462
2000-11-21,360011.0,"General Bernardo O'Higgins, Chillán Ad.",-36.58583,-72.03667,997.9615384615385
2000-11-21,360019.0,"Carriel Sur, Concepción Ap.",-36.78055,-73.06639,1016.4583333333334
2000-11-21,380013.0,"Maquehue, Temuco Ad.",-38.76778,-72.63194,1007.0375
2000-11-21,390006.0,"Pichoy, Valdivia Ad.",-39.65667,-73.08722,1015.8692307692307
2000-11-21,400009.0,"Cañal Bajo,  Osorno Ad.",-40.61444,-73.0575,1011.907142857143
2000-11-21,410005.0,El Tepual  Puerto Montt Ap.,-41.4475,-73.09583,1007.7
2000-11-21,430001.0,Quellón Ad.,-43.13361,-73.63278,1017.9000000000001
2000-11-21,430002.0,Futaleufú Ad.,-43.18889,-71.85222,974.4714285714286
2000-11-21,450001.0,Puerto Aysén Ad.,-45.39944,-72.67722,1015.85
2000-11-21,450004.0,"Teniente Vidal, Coyhaique Ad.",-45.59083,-72.10222,976.6454545454545
2000-11-21,450005.0,Balmaceda Ad.,-45.91833,-71.67778,946.9
2000-11-21,520006.0,"Carlos Ibañez, Punta Arenas Ap.",-53.00167,-70.83861,988.0125
2000-11-21,530005.0,"Fuentes Martínez, Porvenir Ad.",-53.25361,-70.32611,983.5875
2000-11-21,550001.0,"Guardiamarina Zañartu, Pto Williams Ad.",-54.93167,-67.61556,983.9799999999999
2000-11-21,950001.0,"C.M.A. Eduardo Frei Montalva, Antártica ",-62.19194,-58.97972,970.0875
2000-11-22,180005.0,"Chacalluta, Arica Ap.",-18.35555,-70.34028,1009.0041666666666
2000-11-22,200006.0,Diego Aracena Iquique Ap.,-20.54917,-70.18111,1009.7625
2000-11-22,220002.0,"El Loa, Calama Ad.",-22.49806,-68.8925,775.5625
2000-11-22,270001.0,Mataveri  Isla de Pascua Ap.,-27.15889,-109.4325,1002.65
2000-11-22,290004.0,"La Florida, La Serena Ad.",-29.91444,-71.20667,999.7666666666667
2000-11-22,330020.0,"Quinta Normal, Santiago",-33.445,-70.68278,954.18
2000-11-22,330021.0,Pudahuel Santiago ,-33.37833,-70.78778,959.4125
2000-11-22,330030.0,"Santo Domingo, Ad.",-33.65611,-71.61333,1008.15
2000-11-22,330031.0,"Juan Fernández, Estación Meteorológica.",-33.63583,-78.83305,1017.78
2000-11-22,340031.0,"General Freire, Curicó Ad.",-34.96944,-71.21694,988.1307692307693
2000-11-22,360011.0,"General Bernardo O'Higgins, Chillán Ad.",-36.58583,-72.03667,998.7846153846154
2000-11-22,360019.0,"Carriel Sur, Concepción Ap.",-36.78055,-73.06639,1016.6833333333334
2000-11-22,380013.0,"Maquehue, Temuco Ad.",-38.76778,-72.63194,1008.4791666666666
2000-11-22,390006.0,"Pichoy, Valdivia Ad.",-39.65667,-73.08722,1016.3923076923077
2000-11-22,400009.0,"Cañal Bajo,  Osorno Ad.",-40.61444,-73.0575,1011.7285714285715
2000-11-22,410005.0,El Tepual  Puerto Montt Ap.,-41.4475,-73.09583,1009.525
2000-11-22,430001.0,Quellón Ad.,-43.13361,-73.63278,1014.4
2000-11-22,430002.0,Futaleufú Ad.,-43.18889,-71.85222,973.1142857142858
2000-11-22,450001.0,Puerto Aysén Ad.,-45.39944,-72.67722,1011.7
2000-11-22,450004.0,"Teniente Vidal, Coyhaique Ad.",-45.59083,-72.10222,973.9727272727273
2000-11-22,450005.0,Balmaceda Ad.,-45.91833,-71.67778,946.4461538461538
2000-11-22,520006.0,"Carlos Ibañez, Punta Arenas Ap.",-53.00167,-70.83861,985.65
2000-11-22,530005.0,"Fuentes Martínez, Porvenir Ad.",-53.25361,-70.32611,979.65
2000-11-22,550001.0,"Guardiamarina Zañartu, Pto Williams Ad.",-54.93167,-67.61556,983.53
2000-11-22,950001.0,"C.M.A. Eduardo Frei Montalva, Antártica ",-62.19194,-58.97972,967.5625
2000-11-23,180005.0,"Chacalluta, Arica Ap.",-18.35555,-70.34028,1008.5916666666667
2000-11-23,200006.0,Diego Aracena Iquique Ap.,-20.54917,-70.18111,1009.225
2000-11-23,220002.0,"El Loa, Calama Ad.",-22.49806,-68.8925,775.7533333333333
2000-11-23,270001.0,Mataveri  Isla de Pascua Ap.,-27.15889,-109.4325,1006.8666666666667
2000-11-23,290004.0,"La Florida, La Serena Ad.",-29.91444,-71.20667,999.3368421052633
2000-11-23,330020.0,"Quinta Normal, Santiago",-33.445,-70.68278,954.54
2000-11-23,330021.0,Pudahuel Santiago ,-33.37833,-70.78778,959.675
2000-11-23,330030.0,"Santo Domingo, Ad.",-33.65611,-71.61333,1008.1214285714286
2000-11-23,330031.0,"Juan Fernández, Estación Meteorológica.",-33.63583,-78.83305,1019.36
2000-11-23,340031.0,"General Freire, Curicó Ad.",-34.96944,-71.21694,989.8692307692307
2000-11-23,360011.0,"General Bernardo O'Higgins, Chillán Ad.",-36.58583,-72.03667,1000.0153846153846
2000-11-23,360019.0,"Carriel Sur, Concepción Ap.",-36.78055,-73.06639,1017.6541666666667
2000-11-23,380013.0,"Maquehue, Temuco Ad.",-38.76778,-72.63194,1009.2083333333334
2000-11-23,390006.0,"Pichoy, Valdivia Ad.",-39.65667,-73.08722,1019.3846153846154
2000-11-23,400009.0,"Cañal Bajo,  Osorno Ad.",-40.61444,-73.0575,1015.4
2000-11-23,410005.0,El Tepual  Puerto Montt Ap.,-41.4475,-73.09583,1009.9875
2000-11-23,430001.0,Quellón Ad.,-43.13361,-73.63278,1020.075
2000-11-23,430002.0,Futaleufú Ad.,-43.18889,-71.85222,978.1428571428571
2000-11-23,450001.0,Puerto Aysén Ad.,-45.39944,-72.67722,1019.1
2000-11-23,450004.0,"Teniente Vidal, Coyhaique Ad.",-45.59083,-72.10222,979.7181818181817
2000-11-23,450005.0,Balmaceda Ad.,-45.91833,-71.67778,949.3083333333334
2000-11-23,520006.0,"Carlos Ibañez, Punta Arenas Ap.",-53.00167,-70.83861,990.7375
2000-11-23,530005.0,"Fuentes Martínez, Porvenir Ad.",-53.25361,-70.32611,989.9666666666667
2000-11-23,550001.0,"Guardiamarina Zañartu, Pto Williams Ad.",-54.93167,-67.61556,991.15
2000-11-23,950001.0,"C.M.A. Eduardo Frei Montalva, Antártica ",-62.19194,-58.97972,974.675
2000-11-24,180005.0,"Chacalluta, Arica Ap.",-18.35555,-70.34028,1008.1583333333333
2000-11-24,200006.0,Diego Aracena Iquique Ap.,-20.54917,-70.18111,1008.825
2000-11-24,220002.0,"El Loa, Calama Ad.",-22.49806,-68.8925,775.55625
2000-11-24,270001.0,Mataveri  Isla de Pascua Ap.,-27.15889,-109.4325,1010.1166666666667
2000-11-24,290004.0,"La Florida, La Serena Ad.",-29.91444,-71.20667,998.8100000000001
2000-11-24,330020.0,"Quinta Normal, Santiago",-33.445,-70.68278,954.4399999999999
2000-11-24,330021.0,Pudahuel Santiago ,-33.37833,-70.78778,958.75
2000-11-24,330030.0,"Santo Domingo, Ad.",-33.65611,-71.61333,1007.5571428571428
2000-11-24,330031.0,"Juan Fernández, Estación Meteorológica.",-33.63583,-78.83305,1018.72
2000-11-24,340031.0,"General Freire, Curicó Ad.",-34.96944,-71.21694,988.2384615384616
2000-11-24,360011.0,"General Bernardo O'Higgins, Chillán Ad.",-36.58583,-72.03667,998.376923076923
2000-11-24,360019.0,"Carriel Sur, Concepción Ap.",-36.78055,-73.06639,1016.6958333333333
2000-11-24,380013.0,"Maquehue, Temuco Ad.",-38.76778,-72.63194,1009.2291666666666
2000-11-24,390006.0,"Pichoy, Valdivia Ad.",-39.65667,-73.08722,1017.6153846153846
2000-11-24,400009.0,"Cañal Bajo,  Osorno Ad.",-40.61444,-73.0575,1013.9285714285714
2000-11-24,410005.0,El Tepual  Puerto Montt Ap.,-41.4475,-73.09583,1012.5125
2000-11-24,430001.0,Quellón Ad.,-43.13361,-73.63278,1019.775
2000-11-24,430002.0,Futaleufú Ad.,-43.18889,-71.85222,977.592857142857
2000-11-24,450001.0,Puerto Aysén Ad.,-45.39944,-72.67722,1018.5875
2000-11-24,450004.0,"Teniente Vidal, Coyhaique Ad.",-45.59083,-72.10222,980.8363636363637
2000-11-24,450005.0,Balmaceda Ad.,-45.91833,-71.67778,953.5291666666667
2000-11-24,520006.0,"Carlos Ibañez, Punta Arenas Ap.",-53.00167,-70.83861,995.1125
2000-11-24,530005.0,"Fuentes Martínez, Porvenir Ad.",-53.25361,-70.32611,996.0666666666666
2000-11-24,550001.0,"Guardiamarina Zañartu, Pto Williams Ad.",-54.93167,-67.61556,991.1
2000-11-24,950001.0,"C.M.A. Eduardo Frei Montalva, Antártica ",-62.19194,-58.97972,979.9625
2000-11-25,180005.0,"Chacalluta, Arica Ap.",-18.35555,-70.34028,1006.9208333333332
2000-11-25,200006.0,Diego Aracena Iquique Ap.,-20.54917,-70.18111,1007.6125
2000-11-25,220002.0,"El Loa, Calama Ad.",-22.49806,-68.8925,775.0749999999999
2000-11-25,270001.0,Mataveri  Isla de Pascua Ap.,-27.15889,-109.4325,1010.4166666666666
2000-11-25,290004.0,"La Florida, La Serena Ad.",-29.91444,-71.20667,996.578947368421
2000-11-25,330020.0,"Quinta Normal, Santiago",-33.445,-70.68278,952.4
2000-11-25,330021.0,Pudahuel Santiago ,-33.37833,-70.78778,957.825
2000-11-25,330030.0,"Santo Domingo, Ad.",-33.65611,-71.61333,1004.3000000000001
2000-11-25,330031.0,"Juan Fernández, Estación Meteorológica.",-33.63583,-78.83305,1016.775
2000-11-25,340031.0,"General Freire, Curicó Ad.",-34.96944,-71.21694,986.1307692307693
2000-11-25,360011.0,"General Bernardo O'Higgins, Chillán Ad.",-36.58583,-72.03667,996.9846153846154
2000-11-25,360019.0,"Carriel Sur, Concepción Ap.",-36.78055,-73.06639,1015.3625
2000-11-25,380013.0,"Maquehue, Temuco Ad.",-38.76778,-72.63194,1007.3791666666666
2000-11-25,390006.0,"Pichoy, Valdivia Ad.",-39.65667,-73.08722,1014.1923076923077
2000-11-25,400009.0,"Cañal Bajo,  Osorno Ad.",-40.61444,-73.0575,1008.407142857143
2000-11-25,410005.0,El Tepual  Puerto Montt Ap.,-41.4475,-73.09583,1005.75
2000-11-25,430001.0,Quellón Ad.,-43.13361,-73.63278,1007.525
2000-11-25,430002.0,Futaleufú Ad.,-43.18889,-71.85222,969.0857142857143
2000-11-25,450004.0,"Teniente Vidal, Coyhaique Ad.",-45.59083,-72.10222,970.2727272727273
2000-11-25,450005.0,Balmaceda Ad.,-45.91833,-71.67778,946.0666666666666
2000-11-25,520006.0,"Carlos Ibañez, Punta Arenas Ap.",-53.00167,-70.83861,992.5625
2000-11-25,530005.0,"Fuentes Martínez, Porvenir Ad.",-53.25361,-70.32611,991.1999999999999
2000-11-25,950001.0,"C.M.A. Eduardo Frei Montalva, Antártica ",-62.19194,-58.97972,981.525
2000-11-26,180005.0,"Chacalluta, Arica Ap.",-18.35555,-70.34028,1007.1625
2000-11-26,200006.0,Diego Aracena Iquique Ap.,-20.54917,-70.18111,1007.8375
2000-11-26,220002.0,"El Loa, Calama Ad.",-22.49806,-68.8925,774.15
2000-11-26,270001.0,Mataveri  Isla de Pascua Ap.,-27.15889,-109.4325,1010.2666666666668
2000-11-26,290004.0,"La Florida, La Serena Ad.",-29.91444,-71.20667,997.0277777777778
2000-11-26,330020.0,"Quinta Normal, Santiago",-33.445,-70.68278,952.76
2000-11-26,330021.0,Pudahuel Santiago ,-33.37833,-70.78778,957.6125
2000-11-26,330030.0,"Santo Domingo, Ad.",-33.65611,-71.61333,1005.1461538461538
2000-11-26,330031.0,"Juan Fernández, Estación Meteorológica.",-33.63583,-78.83305,1016.025
2000-11-26,340031.0,"General Freire, Curicó Ad.",-34.96944,-71.21694,986.9846153846154
2000-11-26,360011.0,"General Bernardo O'Higgins, Chillán Ad.",-36.58583,-72.03667,997.9846153846154
2000-11-26,360019.0,"Carriel Sur, Concepción Ap.",-36.78055,-73.06639,1015.2639999999999
2000-11-26,380013.0,"Maquehue, Temuco Ad.",-38.76778,-72.63194,1004.8833333333333
2000-11-26,390006.0,"Pichoy, Valdivia Ad.",-39.65667,-73.08722,1013.0166666666668
2000-11-26,400009.0,"Cañal Bajo,  Osorno Ad.",-40.61444,-73.0575,1007.4642857142857
2000-11-26,410005.0,El Tepual  Puerto Montt Ap.,-41.4475,-73.09583,1003.1625
2000-11-26,430001.0,Quellón Ad.,-43.13361,-73.63278,1011.4
2000-11-26,430002.0,Futaleufú Ad.,-43.18889,-71.85222,968.9285714285714
2000-11-26,450004.0,"Teniente Vidal, Coyhaique Ad.",-45.59083,-72.10222,969.1909090909091
2000-11-26,450005.0,Balmaceda Ad.,-45.91833,-71.67778,941.5333333333333
2000-11-26,520006.0,"Carlos Ibañez, Punta Arenas Ap.",-53.00167,-70.83861,988.0375
2000-11-26,950001.0,"C.M.A. Eduardo Frei Montalva, Antártica ",-62.19194,-58.97972,987.15
2000-11-27,180005.0,"Chacalluta, Arica Ap.",-18.35555,-70.34028,1007.2333333333332
2000-11-27,200006.0,Diego Aracena Iquique Ap.,-20.54917,-70.18111,1007.9
2000-11-27,220002.0,"El Loa, Calama Ad.",-22.49806,-68.8925,774.6625
2000-11-27,270001.0,Mataveri  Isla de Pascua Ap.,-27.15889,-109.4325,1010.8833333333333
2000-11-27,290004.0,"La Florida, La Serena Ad.",-29.91444,-71.20667,997.0684210526315
2000-11-27,330020.0,"Quinta Normal, Santiago",-33.445,-70.68278,953.2
2000-11-27,330021.0,Pudahuel Santiago ,-33.37833,-70.78778,958.05
2000-11-27,330030.0,"Santo Domingo, Ad.",-33.65611,-71.61333,1006.7571428571429
2000-11-27,330031.0,"Juan Fernández, Estación Meteorológica.",-33.63583,-78.83305,1017.1600000000001
2000-11-27,340031.0,"General Freire, Curicó Ad.",-34.96944,-71.21694,987.323076923077
2000-11-27,360011.0,"General Bernardo O'Higgins, Chillán Ad.",-36.58583,-72.03667,997.4692307692308
2000-11-27,360019.0,"Carriel Sur, Concepción Ap.",-36.78055,-73.06639,1015.7208333333333
2000-11-27,380013.0,"Maquehue, Temuco Ad.",-38.76778,-72.63194,1006.5958333333333
2000-11-27,390006.0,"Pichoy, Valdivia Ad.",-39.65667,-73.08722,1015.2230769230769
2000-11-27,400009.0,"Cañal Bajo,  Osorno Ad.",-40.61444,-73.0575,1011.1923076923077
2000-11-27,410005.0,El Tepual  Puerto Montt Ap.,-41.4475,-73.09583,1007.9
2000-11-27,430001.0,Quellón Ad.,-43.13361,-73.63278,1017.325
2000-11-27,430002.0,Futaleufú Ad.,-43.18889,-71.85222,974.9785714285715
2000-11-27,450001.0,Puerto Aysén Ad.,-45.39944,-72.67722,1016.3875
2000-11-27,450004.0,"Teniente Vidal, Coyhaique Ad.",-45.59083,-72.10222,978.5181818181819
2000-11-27,450005.0,Balmaceda Ad.,-45.91833,-71.67778,951.4333333333334
2000-11-27,520006.0,"Carlos Ibañez, Punta Arenas Ap.",-53.00167,-70.83861,1001.3625
2000-11-27,530005.0,"Fuentes Martínez, Porvenir Ad.",-53.25361,-70.32611,1002.9166666666666
2000-11-27,550001.0,"Guardiamarina Zañartu, Pto Williams Ad.",-54.93167,-67.61556,1003.4333333333333
2000-11-27,950001.0,"C.M.A. Eduardo Frei Montalva, Antártica ",-62.19194,-58.97972,993.625
2000-11-28,180005.0,"Chacalluta, Arica Ap.",-18.35555,-70.34028,1008.1458333333334
2000-11-28,200006.0,Diego Aracena Iquique Ap.,-20.54917,-70.18111,1008.7875
2000-11-28,220002.0,"El Loa, Calama Ad.",-22.49806,-68.8925,773.70625
2000-11-28,270001.0,Mataveri  Isla de Pascua Ap.,-27.15889,-109.4325,1009.35
2000-11-28,290004.0,"La Florida, La Serena Ad.",-29.91444,-71.20667,998.6722222222221
2000-11-28,330020.0,"Quinta Normal, Santiago",-33.445,-70.68278,953.78
2000-11-28,330021.0,Pudahuel Santiago ,-33.37833,-70.78778,958.5375
2000-11-28,330030.0,"Santo Domingo, Ad.",-33.65611,-71.61333,1007.5785714285714
2000-11-28,330031.0,"Juan Fernández, Estación Meteorológica.",-33.63583,-78.83305,1019.2
2000-11-28,340031.0,"General Freire, Curicó Ad.",-34.96944,-71.21694,987.9384615384616
2000-11-28,360011.0,"General Bernardo O'Higgins, Chillán Ad.",-36.58583,-72.03667,998.7615384615384
2000-11-28,360019.0,"Carriel Sur, Concepción Ap.",-36.78055,-73.06639,1016.1958333333333
2000-11-28,380013.0,"Maquehue, Temuco Ad.",-38.76778,-72.63194,1008.7541666666666
2000-11-28,390006.0,"Pichoy, Valdivia Ad.",-39.65667,-73.08722,1018.225
2000-11-28,400009.0,"Cañal Bajo,  Osorno Ad.",-40.61444,-73.0575,1014.9
2000-11-28,410005.0,El Tepual  Puerto Montt Ap.,-41.4475,-73.09583,1011.95
2000-11-28,430001.0,Quellón Ad.,-43.13361,-73.63278,1021.225
2000-11-28,430002.0,Futaleufú Ad.,-43.18889,-71.85222,978.907142857143
2000-11-28,450001.0,Puerto Aysén Ad.,-45.39944,-72.67722,1020.5125
2000-11-28,450004.0,"Teniente Vidal, Coyhaique Ad.",-45.59083,-72.10222,982.9090909090909
2000-11-28,450005.0,Balmaceda Ad.,-45.91833,-71.67778,956.2291666666666
2000-11-28,520006.0,"Carlos Ibañez, Punta Arenas Ap.",-53.00167,-70.83861,1006.65
2000-11-28,530005.0,"Fuentes Martínez, Porvenir Ad.",-53.25361,-70.32611,1008.4083333333333
2000-11-28,550001.0,"Guardiamarina Zañartu, Pto Williams Ad.",-54.93167,-67.61556,1007.1545454545455
2000-11-28,950001.0,"C.M.A. Eduardo Frei Montalva, Antártica ",-62.19194,-58.97972,995.1
2000-11-29,180005.0,"Chacalluta, Arica Ap.",-18.35555,-70.34028,1008.2583333333333
2000-11-29,200006.0,Diego Aracena Iquique Ap.,-20.54917,-70.18111,1009.025
2000-11-29,220002.0,"El Loa, Calama Ad.",-22.49806,-68.8925,774.25
2000-11-29,270001.0,Mataveri  Isla de Pascua Ap.,-27.15889,-109.4325,1008.6999999999999
2000-11-29,290004.0,"La Florida, La Serena Ad.",-29.91444,-71.20667,999.1374999999999
2000-11-29,330020.0,"Quinta Normal, Santiago",-33.445,-70.68278,953.96
2000-11-29,330021.0,Pudahuel Santiago ,-33.37833,-70.78778,959.3125
2000-11-29,330030.0,"Santo Domingo, Ad.",-33.65611,-71.61333,1007.5428571428572
2000-11-29,330031.0,"Juan Fernández, Estación Meteorológica.",-33.63583,-78.83305,1019.26
2000-11-29,340031.0,"General Freire, Curicó Ad.",-34.96944,-71.21694,987.7615384615384
2000-11-29,360011.0,"General Bernardo O'Higgins, Chillán Ad.",-36.58583,-72.03667,997.4769230769232
2000-11-29,360019.0,"Carriel Sur, Concepción Ap.",-36.78055,-73.06639,1016.0807692307692
2000-11-29,380013.0,"Maquehue, Temuco Ad.",-38.76778,-72.63194,1008.9333333333334
2000-11-29,390006.0,"Pichoy, Valdivia Ad.",-39.65667,-73.08722,1017.2307692307693
2000-11-29,400009.0,"Cañal Bajo,  Osorno Ad.",-40.61444,-73.0575,1014.2571428571429
2000-11-29,410005.0,El Tepual  Puerto Montt Ap.,-41.4475,-73.09583,1012.4875
2000-11-29,430001.0,Quellón Ad.,-43.13361,-73.63278,1019.825
2000-11-29,430002.0,Futaleufú Ad.,-43.18889,-71.85222,979.0071428571429
2000-11-29,450001.0,Puerto Aysén Ad.,-45.39944,-72.67722,1018.7
2000-11-29,450004.0,"Teniente Vidal, Coyhaique Ad.",-45.59083,-72.10222,982.0909090909091
2000-11-29,450005.0,Balmaceda Ad.,-45.91833,-71.67778,956.6083333333332
2000-11-29,520006.0,"Carlos Ibañez, Punta Arenas Ap.",-53.00167,-70.83861,1001.5625
2000-11-29,530005.0,"Fuentes Martínez, Porvenir Ad.",-53.25361,-70.32611,994.2230769230769
2000-11-29,550001.0,"Guardiamarina Zañartu, Pto Williams Ad.",-54.93167,-67.61556,1000.8777777777777
2000-11-29,950001.0,"C.M.A. Eduardo Frei Montalva, Antártica ",-62.19194,-58.97972,994.025
2000-11-30,180005.0,"Chacalluta, Arica Ap.",-18.35555,-70.34028,1007.8791666666666
2000-11-30,200006.0,Diego Aracena Iquique Ap.,-20.54917,-70.18111,1008.6875
2000-11-30,220002.0,"El Loa, Calama Ad.",-22.49806,-68.8925,776.03125
2000-11-30,270001.0,Mataveri  Isla de Pascua Ap.,-27.15889,-109.4325,1009.5666666666666
2000-11-30,290004.0,"La Florida, La Serena Ad.",-29.91444,-71.20667,998.8894736842107
2000-11-30,330020.0,"Quinta Normal, Santiago",-33.445,-70.68278,953.54
2000-11-30,330021.0,Pudahuel Santiago ,-33.37833,-70.78778,958.5625
2000-11-30,330030.0,"Santo Domingo, Ad.",-33.65611,-71.61333,1007.1785714285714
2000-11-30,330031.0,"Juan Fernández, Estación Meteorológica.",-33.63583,-78.83305,1017.6200000000001
2000-11-30,340031.0,"General Freire, Curicó Ad.",-34.96944,-71.21694,986.4538461538461
2000-11-30,360011.0,"General Bernardo O'Higgins, Chillán Ad.",-36.58583,-72.03667,996.1923076923077
2000-11-30,360019.0,"Carriel Sur, Concepción Ap.",-36.78055,-73.06639,1014.6583333333333
2000-11-30,380013.0,"Maquehue, Temuco Ad.",-38.76778,-72.63194,1006.9615384615385
2000-11-30,390006.0,"Pichoy, Valdivia Ad.",-39.65667,-73.08722,1014.875
2000-11-30,400009.0,"Cañal Bajo,  Osorno Ad.",-40.61444,-73.0575,1010.7285714285714
2000-11-30,410005.0,El Tepual  Puerto Montt Ap.,-41.4475,-73.09583,1007.925
2000-11-30,430001.0,Quellón Ad.,-43.13361,-73.63278,1012.1
2000-11-30,430002.0,Futaleufú Ad.,-43.18889,-71.85222,971.8071428571428
2000-11-30,450001.0,Puerto Aysén Ad.,-45.39944,-72.67722,1005.725
2000-11-30,450004.0,"Teniente Vidal, Coyhaique Ad.",-45.59083,-72.10222,969.5636363636364
2000-11-30,450005.0,Balmaceda Ad.,-45.91833,-71.67778,946.4695652173913
2000-11-30,520006.0,"Carlos Ibañez, Punta Arenas Ap.",-53.00167,-70.83861,983.35
2000-11-30,530005.0,"Fuentes Martínez, Porvenir Ad.",-53.25361,-70.32611,974.6666666666666
2000-11-30,550001.0,"Guardiamarina Zañartu, Pto Williams Ad.",-54.93167,-67.61556,981.9444444444445
2000-11-30,950001.0,"C.M.A. Eduardo Frei Montalva, Antártica ",-62.19194,-58.97972,992.225
2000-12-01,180005.0,"Chacalluta, Arica Ap.",-18.35555,-70.34028,1007.0416666666666
2000-12-01,200006.0,Diego Aracena Iquique Ap.,-20.54917,-70.18111,1007.8
2000-12-01,220002.0,"El Loa, Calama Ad.",-22.49806,-68.8925,775.275
2000-12-01,270001.0,Mataveri  Isla de Pascua Ap.,-27.15889,-109.4325,1010.2333333333332
2000-12-01,290004.0,"La Florida, La Serena Ad.",-29.91444,-71.20667,997.6166666666666
2000-12-01,330020.0,"Quinta Normal, Santiago",-33.445,-70.68278,953.875
2000-12-01,330021.0,Pudahuel Santiago ,-33.37833,-70.78778,958.725
2000-12-01,330030.0,"Santo Domingo, Ad.",-33.65611,-71.61333,1006.6642857142857
2000-12-01,330031.0,"Juan Fernández, Estación Meteorológica.",-33.63583,-78.83305,1018.1
2000-12-01,340031.0,"General Freire, Curicó Ad.",-34.96944,-71.21694,984.5384615384615
2000-12-01,360011.0,"General Bernardo O'Higgins, Chillán Ad.",-36.58583,-72.03667,998.4307692307692
2000-12-01,360019.0,"Carriel Sur, Concepción Ap.",-36.78055,-73.06639,1016.3083333333334
2000-12-01,380013.0,"Maquehue, Temuco Ad.",-38.76778,-72.63194,1008.25
2000-12-01,390006.0,"Pichoy, Valdivia Ad.",-39.65667,-73.08722,1014.3307692307692
2000-12-01,400009.0,"Cañal Bajo,  Osorno Ad.",-40.61444,-73.0575,1014.1
2000-12-01,410005.0,El Tepual  Puerto Montt Ap.,-41.4475,-73.09583,1009.95
2000-12-01,430001.0,Quellón Ad.,-43.13361,-73.63278,1018.7
2000-12-01,430002.0,Futaleufú Ad.,-43.18889,-71.85222,976.3000000000001
2000-12-01,450001.0,Puerto Aysén Ad.,-45.39944,-72.67722,1015.4375
2000-12-01,450004.0,"Teniente Vidal, Coyhaique Ad.",-45.59083,-72.10222,976.6909090909091
2000-12-01,450005.0,Balmaceda Ad.,-45.91833,-71.67778,948.0625
2000-12-01,520006.0,"Carlos Ibañez, Punta Arenas Ap.",-53.00167,-70.83861,987.0375
2000-12-01,530005.0,"Fuentes Martínez, Porvenir Ad.",-53.25361,-70.32611,991.9333333333334
2000-12-01,550001.0,"Guardiamarina Zañartu, Pto Williams Ad.",-54.93167,-67.61556,986.2875
2000-12-01,950001.0,"C.M.A. Eduardo Frei Montalva, Antártica ",-62.19194,-58.97972,988.8625000000001
2000-12-02,180005.0,"Chacalluta, Arica Ap.",-18.35555,-70.34028,1007.7833333333333
2000-12-02,200006.0,Diego Aracena Iquique Ap.,-20.54917,-70.18111,1008.5
2000-12-02,220002.0,"El Loa, Calama Ad.",-22.49806,-68.8925,775.5466666666667
2000-12-02,270001.0,Mataveri  Isla de Pascua Ap.,-27.15889,-109.4325,1011.8666666666667
2000-12-02,290004.0,"La Florida, La Serena Ad.",-29.91444,-71.20667,997.2555555555555
2000-12-02,330020.0,"Quinta Normal, Santiago",-33.445,-70.68278,953.3799999999999
2000-12-02,330021.0,Pudahuel Santiago ,-33.37833,-70.78778,958.325
2000-12-02,330030.0,"Santo Domingo, Ad.",-33.65611,-71.61333,1005.9142857142857
2000-12-02,330031.0,"Juan Fernández, Estación Meteorológica.",-33.63583,-78.83305,1019.65
2000-12-02,340031.0,"General Freire, Curicó Ad.",-34.96944,-71.21694,985.1846153846153
2000-12-02,360011.0,"General Bernardo O'Higgins, Chillán Ad.",-36.58583,-72.03667,999.0384615384615
2000-12-02,360019.0,"Carriel Sur, Concepción Ap.",-36.78055,-73.06639,1017.5458333333332
2000-12-02,380013.0,"Maquehue, Temuco Ad.",-38.76778,-72.63194,1010.4666666666667
2000-12-02,390006.0,"Pichoy, Valdivia Ad.",-39.65667,-73.08722,1015.4538461538461
2000-12-02,400009.0,"Cañal Bajo,  Osorno Ad.",-40.61444,-73.0575,1015.0785714285714
2000-12-02,410005.0,El Tepual  Puerto Montt Ap.,-41.4475,-73.09583,1012.3625
2000-12-02,430001.0,Quellón Ad.,-43.13361,-73.63278,1020.025
2000-12-02,430002.0,Futaleufú Ad.,-43.18889,-71.85222,978.2642857142857
2000-12-02,450004.0,"Teniente Vidal, Coyhaique Ad.",-45.59083,-72.10222,979.8090909090909
2000-12-02,450005.0,Balmaceda Ad.,-45.91833,-71.67778,952.4291666666667
2000-12-02,520006.0,"Carlos Ibañez, Punta Arenas Ap.",-53.00167,-70.83861,997.675
2000-12-02,530005.0,"Fuentes Martínez, Porvenir Ad.",-53.25361,-70.32611,1001.6166666666667
2000-12-02,950001.0,"C.M.A. Eduardo Frei Montalva, Antártica ",-62.19194,-58.97972,992.0
2000-12-03,180005.0,"Chacalluta, Arica Ap.",-18.35555,-70.34028,1008.3833333333333
2000-12-03,200006.0,Diego Aracena Iquique Ap.,-20.54917,-70.18111,1009.325
2000-12-03,220002.0,"El Loa, Calama Ad.",-22.49806,-68.8925,790.7307692307693
2000-12-03,270001.0,Mataveri  Isla de Pascua Ap.,-27.15889,-109.4325,1013.7166666666667
2000-12-03,290004.0,"La Florida, La Serena Ad.",-29.91444,-71.20667,998.7222222222222
2000-12-03,330020.0,"Quinta Normal, Santiago",-33.445,-70.68278,954.6200000000001
2000-12-03,330021.0,Pudahuel Santiago ,-33.37833,-70.78778,959.725
2000-12-03,330030.0,"Santo Domingo, Ad.",-33.65611,-71.61333,1008.3642857142858
2000-12-03,330031.0,"Juan Fernández, Estación Meteorológica.",-33.63583,-78.83305,1020.35
2000-12-03,340031.0,"General Freire, Curicó Ad.",-34.96944,-71.21694,986.7923076923076
2000-12-03,360011.0,"General Bernardo O'Higgins, Chillán Ad.",-36.58583,-72.03667,999.6538461538462
2000-12-03,360019.0,"Carriel Sur, Concepción Ap.",-36.78055,-73.06639,1017.9291666666667
2000-12-03,380013.0,"Maquehue, Temuco Ad.",-38.76778,-72.63194,1009.625
2000-12-03,390006.0,"Pichoy, Valdivia Ad.",-39.65667,-73.08722,1014.4461538461538
2000-12-03,400009.0,"Cañal Bajo,  Osorno Ad.",-40.61444,-73.0575,1013.7142857142857
2000-12-03,410005.0,El Tepual  Puerto Montt Ap.,-41.4475,-73.09583,1011.3125
2000-12-03,430001.0,Quellón Ad.,-43.13361,-73.63278,1018.375
2000-12-03,430002.0,Futaleufú Ad.,-43.18889,-71.85222,977.0500000000001
2000-12-03,450004.0,"Teniente Vidal, Coyhaique Ad.",-45.59083,-72.10222,980.3363636363637
2000-12-03,450005.0,Balmaceda Ad.,-45.91833,-71.67778,954.6458333333334
2000-12-03,520006.0,"Carlos Ibañez, Punta Arenas Ap.",-53.00167,-70.83861,997.225
2000-12-03,950001.0,"C.M.A. Eduardo Frei Montalva, Antártica ",-62.19194,-58.97972,981.9375
2000-12-04,180005.0,"Chacalluta, Arica Ap.",-18.35555,-70.34028,1008.1416666666668
2000-12-04,200006.0,Diego Aracena Iquique Ap.,-20.54917,-70.18111,1008.8625
2000-12-04,220002.0,"El Loa, Calama Ad.",-22.49806,-68.8925,775.48
2000-12-04,270001.0,Mataveri  Isla de Pascua Ap.,-27.15889,-109.4325,1014.5500000000001
2000-12-04,290004.0,"La Florida, La Serena Ad.",-29.91444,-71.20667,998.1684210526316
2000-12-04,330020.0,"Quinta Normal, Santiago",-33.445,-70.68278,953.96
2000-12-04,330021.0,Pudahuel Santiago ,-33.37833,-70.78778,959.5
2000-12-04,330030.0,"Santo Domingo, Ad.",-33.65611,-71.61333,1006.7285714285715
2000-12-04,330031.0,"Juan Fernández, Estación Meteorológica.",-33.63583,-78.83305,1018.04
2000-12-04,340031.0,"General Freire, Curicó Ad.",-34.96944,-71.21694,985.2769230769231
2000-12-04,360011.0,"General Bernardo O'Higgins, Chillán Ad.",-36.58583,-72.03667,999.0692307692308
2000-12-04,360019.0,"Carriel Sur, Concepción Ap.",-36.78055,-73.06639,1017.4166666666666
2000-12-04,380013.0,"Maquehue, Temuco Ad.",-38.76778,-72.63194,1008.8666666666667
2000-12-04,390006.0,"Pichoy, Valdivia Ad.",-39.65667,-73.08722,1013.7538461538461
2000-12-04,400009.0,"Cañal Bajo,  Osorno Ad.",-40.61444,-73.0575,1011.7428571428571
2000-12-04,410005.0,El Tepual  Puerto Montt Ap.,-41.4475,-73.09583,1008.425
2000-12-04,430001.0,Quellón Ad.,-43.13361,-73.63278,1013.575
2000-12-04,430002.0,Futaleufú Ad.,-43.18889,-71.85222,972.2214285714286
2000-12-04,450001.0,Puerto Aysén Ad.,-45.39944,-72.67722,1009.3875
2000-12-04,450004.0,"Teniente Vidal, Coyhaique Ad.",-45.59083,-72.10222,972.2909090909092
2000-12-04,450005.0,Balmaceda Ad.,-45.91833,-71.67778,946.3708333333334
2000-12-04,520006.0,"Carlos Ibañez, Punta Arenas Ap.",-53.00167,-70.83861,985.3625
2000-12-04,550001.0,"Guardiamarina Zañartu, Pto Williams Ad.",-54.93167,-67.61556,980.3888888888889
2000-12-04,950001.0,"C.M.A. Eduardo Frei Montalva, Antártica ",-62.19194,-58.97972,969.5
2000-12-05,180005.0,"Chacalluta, Arica Ap.",-18.35555,-70.34028,1008.5375
2000-12-05,200006.0,Diego Aracena Iquique Ap.,-20.54917,-70.18111,1009.6875
2000-12-05,220002.0,"El Loa, Calama Ad.",-22.49806,-68.8925,773.775
2000-12-05,270001.0,Mataveri  Isla de Pascua Ap.,-27.15889,-109.4325,1015.8000000000001
2000-12-05,290004.0,"La Florida, La Serena Ad.",-29.91444,-71.20667,998.8722222222223
2000-12-05,330020.0,"Quinta Normal, Santiago",-33.445,-70.68278,953.0799999999999
2000-12-05,330021.0,Pudahuel Santiago ,-33.37833,-70.78778,958.675
2000-12-05,330030.0,"Santo Domingo, Ad.",-33.65611,-71.61333,1005.8071428571428
2000-12-05,330031.0,"Juan Fernández, Estación Meteorológica.",-33.63583,-78.83305,1017.4200000000001
2000-12-05,340031.0,"General Freire, Curicó Ad.",-34.96944,-71.21694,983.4846153846154
2000-12-05,360011.0,"General Bernardo O'Higgins, Chillán Ad.",-36.58583,-72.03667,996.5153846153846
2000-12-05,360019.0,"Carriel Sur, Concepción Ap.",-36.78055,-73.06639,1015.6291666666666
2000-12-05,380013.0,"Maquehue, Temuco Ad.",-38.76778,-72.63194,1008.32
2000-12-05,390006.0,"Pichoy, Valdivia Ad.",-39.65667,-73.08722,1012.6923076923077
2000-12-05,400009.0,"Cañal Bajo,  Osorno Ad.",-40.61444,-73.0575,1011.4142857142857
2000-12-05,410005.0,El Tepual  Puerto Montt Ap.,-41.4475,-73.09583,1008.1625
2000-12-05,430001.0,Quellón Ad.,-43.13361,-73.63278,1014.6
2000-12-05,430002.0,Futaleufú Ad.,-43.18889,-71.85222,973.8071428571428
2000-12-05,450001.0,Puerto Aysén Ad.,-45.39944,-72.67722,1011.2857142857143
2000-12-05,450004.0,"Teniente Vidal, Coyhaique Ad.",-45.59083,-72.10222,973.5909090909091
2000-12-05,450005.0,Balmaceda Ad.,-45.91833,-71.67778,946.7624999999999
2000-12-05,520006.0,"Carlos Ibañez, Punta Arenas Ap.",-53.00167,-70.83861,990.1625
2000-12-05,530005.0,"Fuentes Martínez, Porvenir Ad.",-53.25361,-70.32611,990.78
2000-12-05,550001.0,"Guardiamarina Zañartu, Pto Williams Ad.",-54.93167,-67.61556,990.1818181818181
2000-12-05,950001.0,"C.M.A. Eduardo Frei Montalva, Antártica ",-62.19194,-58.97972,965.6625
2000-12-06,180005.0,"Chacalluta, Arica Ap.",-18.35555,-70.34028,1007.3916666666668
2000-12-06,200006.0,Diego Aracena Iquique Ap.,-20.54917,-70.18111,1008.0625
2000-12-06,220002.0,"El Loa, Calama Ad.",-22.49806,-68.8925,773.8625
2000-12-06,270001.0,Mataveri  Isla de Pascua Ap.,-27.15889,-109.4325,1016.1166666666667
2000-12-06,290004.0,"La Florida, La Serena Ad.",-29.91444,-71.20667,998.2333333333333
2000-12-06,330020.0,"Quinta Normal, Santiago",-33.445,-70.68278,952.54
2000-12-06,330021.0,Pudahuel Santiago ,-33.37833,-70.78778,957.5
2000-12-06,330030.0,"Santo Domingo, Ad.",-33.65611,-71.61333,1006.8714285714286
2000-12-06,330031.0,"Juan Fernández, Estación Meteorológica.",-33.63583,-78.83305,1015.18
2000-12-06,340031.0,"General Freire, Curicó Ad.",-34.96944,-71.21694,983.0307692307692
2000-12-06,360011.0,"General Bernardo O'Higgins, Chillán Ad.",-36.58583,-72.03667,995.823076923077
2000-12-06,360019.0,"Carriel Sur, Concepción Ap.",-36.78055,-73.06639,1012.9263157894736
2000-12-06,380013.0,"Maquehue, Temuco Ad.",-38.76778,-72.63194,1005.1041666666666
2000-12-06,390006.0,"Pichoy, Valdivia Ad.",-39.65667,-73.08722,1014.9153846153846
2000-12-06,400009.0,"Cañal Bajo,  Osorno Ad.",-40.61444,-73.0575,1009.0285714285714
2000-12-06,410005.0,El Tepual  Puerto Montt Ap.,-41.4475,-73.09583,1004.975
2000-12-06,430001.0,Quellón Ad.,-43.13361,-73.63278,1012.75
2000-12-06,430002.0,Futaleufú Ad.,-43.18889,-71.85222,970.3000000000001
2000-12-06,450001.0,Puerto Aysén Ad.,-45.39944,-72.67722,1008.05
2000-12-06,450004.0,"Teniente Vidal, Coyhaique Ad.",-45.59083,-72.10222,970.8299999999999
2000-12-06,450005.0,Balmaceda Ad.,-45.91833,-71.67778,943.4875000000001
2000-12-06,520006.0,"Carlos Ibañez, Punta Arenas Ap.",-53.00167,-70.83861,984.075
2000-12-06,530005.0,"Fuentes Martínez, Porvenir Ad.",-53.25361,-70.32611,984.0
2000-12-06,550001.0,"Guardiamarina Zañartu, Pto Williams Ad.",-54.93167,-67.61556,982.6200000000001
2000-12-06,950001.0,"C.M.A. Eduardo Frei Montalva, Antártica ",-62.19194,-58.97972,974.65
2000-12-07,180005.0,"Chacalluta, Arica Ap.",-18.35555,-70.34028,1007.7136363636364
2000-12-07,200006.0,Diego Aracena Iquique Ap.,-20.54917,-70.18111,1008.3000000000001
2000-12-07,220002.0,"El Loa, Calama Ad.",-22.49806,-68.8925,774.1
2000-12-07,270001.0,Mataveri  Isla de Pascua Ap.,-27.15889,-109.4325,1015.85
2000-12-07,290004.0,"La Florida, La Serena Ad.",-29.91444,-71.20667,998.8555555555556
2000-12-07,330020.0,"Quinta Normal, Santiago",-33.445,-70.68278,953.75
2000-12-07,330021.0,Pudahuel Santiago ,-33.37833,-70.78778,958.55
2000-12-07,330030.0,"Santo Domingo, Ad.",-33.65611,-71.61333,1008.0357142857143
2000-12-07,330031.0,"Juan Fernández, Estación Meteorológica.",-33.63583,-78.83305,1015.18
2000-12-07,340031.0,"General Freire, Curicó Ad.",-34.96944,-71.21694,987.9857142857143
2000-12-07,360011.0,"General Bernardo O'Higgins, Chillán Ad.",-36.58583,-72.03667,998.4923076923077
2000-12-07,360019.0,"Carriel Sur, Concepción Ap.",-36.78055,-73.06639,1015.46
2000-12-07,380013.0,"Maquehue, Temuco Ad.",-38.76778,-72.63194,1009.8833333333333
2000-12-07,390006.0,"Pichoy, Valdivia Ad.",-39.65667,-73.08722,1018.9538461538461
2000-12-07,400009.0,"Cañal Bajo,  Osorno Ad.",-40.61444,-73.0575,1014.7928571428572
2000-12-07,410005.0,El Tepual  Puerto Montt Ap.,-41.4475,-73.09583,1011.9625
2000-12-07,430001.0,Quellón Ad.,-43.13361,-73.63278,1018.55
2000-12-07,430002.0,Futaleufú Ad.,-43.18889,-71.85222,976.6928571428572
2000-12-07,450001.0,Puerto Aysén Ad.,-45.39944,-72.67722,1015.125
2000-12-07,450004.0,"Teniente Vidal, Coyhaique Ad.",-45.59083,-72.10222,976.4727272727273
2000-12-07,450005.0,Balmaceda Ad.,-45.91833,-71.67778,948.6916666666666
2000-12-07,520006.0,"Carlos Ibañez, Punta Arenas Ap.",-53.00167,-70.83861,989.875
2000-12-07,530005.0,"Fuentes Martínez, Porvenir Ad.",-53.25361,-70.32611,992.0799999999999
2000-12-07,550001.0,"Guardiamarina Zañartu, Pto Williams Ad.",-54.93167,-67.61556,989.74
2000-12-07,950001.0,"C.M.A. Eduardo Frei Montalva, Antártica ",-62.19194,-58.97972,982.3375
2000-12-08,180005.0,"Chacalluta, Arica Ap.",-18.35555,-70.34028,1008.5416666666666
2000-12-08,200006.0,Diego Aracena Iquique Ap.,-20.54917,-70.18111,1009.45
2000-12-08,220002.0,"El Loa, Calama Ad.",-22.49806,-68.8925,774.6375
2000-12-08,270001.0,Mataveri  Isla de Pascua Ap.,-27.15889,-109.4325,1015.3666666666667
2000-12-08,290004.0,"La Florida, La Serena Ad.",-29.91444,-71.20667,999.2944444444444
2000-12-08,330020.0,"Quinta Normal, Santiago",-33.445,-70.68278,956.0
2000-12-08,330021.0,Pudahuel Santiago ,-33.37833,-70.78778,960.5875
2000-12-08,330030.0,"Santo Domingo, Ad.",-33.65611,-71.61333,1008.8571428571429
2000-12-08,330031.0,"Juan Fernández, Estación Meteorológica.",-33.63583,-78.83305,1021.0500000000001
2000-12-08,340031.0,"General Freire, Curicó Ad.",-34.96944,-71.21694,990.6615384615385
2000-12-08,360011.0,"General Bernardo O'Higgins, Chillán Ad.",-36.58583,-72.03667,1001.6923076923077
2000-12-08,360019.0,"Carriel Sur, Concepción Ap.",-36.78055,-73.06639,1019.2583333333333
2000-12-08,380013.0,"Maquehue, Temuco Ad.",-38.76778,-72.63194,1011.5791666666668
2000-12-08,390006.0,"Pichoy, Valdivia Ad.",-39.65667,-73.08722,1021.0076923076923
2000-12-08,400009.0,"Cañal Bajo,  Osorno Ad.",-40.61444,-73.0575,1015.7214285714286
2000-12-08,410005.0,El Tepual  Puerto Montt Ap.,-41.4475,-73.09583,1012.1375
2000-12-08,430001.0,Quellón Ad.,-43.13361,-73.63278,1018.05
2000-12-08,430002.0,Futaleufú Ad.,-43.18889,-71.85222,976.3785714285714
2000-12-08,450004.0,"Teniente Vidal, Coyhaique Ad.",-45.59083,-72.10222,975.5909090909091
2000-12-08,450005.0,Balmaceda Ad.,-45.91833,-71.67778,948.2708333333334
2000-12-08,520006.0,"Carlos Ibañez, Punta Arenas Ap.",-53.00167,-70.83861,992.525
2000-12-08,530005.0,"Fuentes Martínez, Porvenir Ad.",-53.25361,-70.32611,992.975
2000-12-08,950001.0,"C.M.A. Eduardo Frei Montalva, Antártica ",-62.19194,-58.97972,989.6875
2000-12-09,180005.0,"Chacalluta, Arica Ap.",-18.35555,-70.34028,1008.5208333333334
2000-12-09,200006.0,Diego Aracena Iquique Ap.,-20.54917,-70.18111,1009.425
2000-12-09,220002.0,"El Loa, Calama Ad.",-22.49806,-68.8925,774.8
2000-12-09,270001.0,Mataveri  Isla de Pascua Ap.,-27.15889,-109.4325,1016.0666666666666
2000-12-09,290004.0,"La Florida, La Serena Ad.",-29.91444,-71.20667,998.7166666666667
2000-12-09,330020.0,"Quinta Normal, Santiago",-33.445,-70.68278,952.96
2000-12-09,330021.0,Pudahuel Santiago ,-33.37833,-70.78778,958.5375
2000-12-09,330030.0,"Santo Domingo, Ad.",-33.65611,-71.61333,1005.5857142857143
2000-12-09,330031.0,"Juan Fernández, Estación Meteorológica.",-33.63583,-78.83305,1020.6999999999999
2000-12-09,340031.0,"General Freire, Curicó Ad.",-34.96944,-71.21694,986.823076923077
2000-12-09,360011.0,"General Bernardo O'Higgins, Chillán Ad.",-36.58583,-72.03667,997.2
2000-12-09,360019.0,"Carriel Sur, Concepción Ap.",-36.78055,-73.06639,1017.3041666666667
2000-12-09,380013.0,"Maquehue, Temuco Ad.",-38.76778,-72.63194,1011.456
2000-12-09,390006.0,"Pichoy, Valdivia Ad.",-39.65667,-73.08722,1018.5230769230768
2000-12-09,400009.0,"Cañal Bajo,  Osorno Ad.",-40.61444,-73.0575,1014.5714285714286
2000-12-09,410005.0,El Tepual  Puerto Montt Ap.,-41.4475,-73.09583,1012.975
2000-12-09,430001.0,Quellón Ad.,-43.13361,-73.63278,1016.575
2000-12-09,430002.0,Futaleufú Ad.,-43.18889,-71.85222,976.6285714285715
2000-12-09,450004.0,"Teniente Vidal, Coyhaique Ad.",-45.59083,-72.10222,976.2454545454547
2000-12-09,450005.0,Balmaceda Ad.,-45.91833,-71.67778,952.1875
2000-12-09,520006.0,"Carlos Ibañez, Punta Arenas Ap.",-53.00167,-70.83861,1001.1125
2000-12-09,530005.0,"Fuentes Martínez, Porvenir Ad.",-53.25361,-70.32611,1001.7363636363636
2000-12-09,950001.0,"C.M.A. Eduardo Frei Montalva, Antártica ",-62.19194,-58.97972,993.7875
2000-12-10,180005.0,"Chacalluta, Arica Ap.",-18.35555,-70.34028,1007.525
2000-12-10,200006.0,Diego Aracena Iquique Ap.,-20.54917,-70.18111,1008.15
2000-12-10,220002.0,"El Loa, Calama Ad.",-22.49806,-68.8925,773.6083333333332
2000-12-10,270001.0,Mataveri  Isla de Pascua Ap.,-27.15889,-109.4325,1016.4
2000-12-10,290004.0,"La Florida, La Serena Ad.",-29.91444,-71.20667,998.061111111111
2000-12-10,330020.0,"Quinta Normal, Santiago",-33.445,-70.68278,952.8799999999999
2000-12-10,330021.0,Pudahuel Santiago ,-33.37833,-70.78778,957.25
2000-12-10,330030.0,"Santo Domingo, Ad.",-33.65611,-71.61333,1006.7285714285715
2000-12-10,330031.0,"Juan Fernández, Estación Meteorológica.",-33.63583,-78.83305,1016.775
2000-12-10,340031.0,"General Freire, Curicó Ad.",-34.96944,-71.21694,986.5692307692308
2000-12-10,360011.0,"General Bernardo O'Higgins, Chillán Ad.",-36.58583,-72.03667,997.1538461538462
2000-12-10,360019.0,"Carriel Sur, Concepción Ap.",-36.78055,-73.06639,1014.1125000000001
2000-12-10,380013.0,"Maquehue, Temuco Ad.",-38.76778,-72.63194,1005.9666666666667
2000-12-10,390006.0,"Pichoy, Valdivia Ad.",-39.65667,-73.08722,1013.5916666666667
2000-12-10,400009.0,"Cañal Bajo,  Osorno Ad.",-40.61444,-73.0575,1008.5214285714285
2000-12-10,410005.0,El Tepual  Puerto Montt Ap.,-41.4475,-73.09583,1004.7125
2000-12-10,430001.0,Quellón Ad.,-43.13361,-73.63278,1009.675
2000-12-10,430002.0,Futaleufú Ad.,-43.18889,-71.85222,968.5142857142857
2000-12-10,450004.0,"Teniente Vidal, Coyhaique Ad.",-45.59083,-72.10222,967.75
2000-12-10,450005.0,Balmaceda Ad.,-45.91833,-71.67778,940.0666666666666
2000-12-10,520006.0,"Carlos Ibañez, Punta Arenas Ap.",-53.00167,-70.83861,980.9625
2000-12-10,950001.0,"C.M.A. Eduardo Frei Montalva, Antártica ",-62.19194,-58.97972,992.125
2000-12-11,180005.0,"Chacalluta, Arica Ap.",-18.35555,-70.34028,1004.8041666666667
2000-12-11,200006.0,Diego Aracena Iquique Ap.,-20.54917,-70.18111,1005.55
2000-12-11,220002.0,"El Loa, Calama Ad.",-22.49806,-68.8925,772.81875
2000-12-11,270001.0,Mataveri  Isla de Pascua Ap.,-27.15889,-109.4325,1014.8166666666666
2000-12-11,290004.0,"La Florida, La Serena Ad.",-29.91444,-71.20667,995.54
2000-12-11,330020.0,"Quinta Normal, Santiago",-33.445,-70.68278,951.68
2000-12-11,330021.0,Pudahuel Santiago ,-33.37833,-70.78778,957.1125
2000-12-11,330030.0,"Santo Domingo, Ad.",-33.65611,-71.61333,1004.3285714285714
2000-12-11,330031.0,"Juan Fernández, Estación Meteorológica.",-33.63583,-78.83305,1014.9799999999999
2000-12-11,340031.0,"General Freire, Curicó Ad.",-34.96944,-71.21694,985.5692307692308
2000-12-11,360011.0,"General Bernardo O'Higgins, Chillán Ad.",-36.58583,-72.03667,996.176923076923
2000-12-11,360019.0,"Carriel Sur, Concepción Ap.",-36.78055,-73.06639,1015.0208333333334
2000-12-11,380013.0,"Maquehue, Temuco Ad.",-38.76778,-72.63194,1006.4083333333333
2000-12-11,390006.0,"Pichoy, Valdivia Ad.",-39.65667,-73.08722,1013.8461538461538
2000-12-11,400009.0,"Cañal Bajo,  Osorno Ad.",-40.61444,-73.0575,1008.2642857142857
2000-12-11,410005.0,El Tepual  Puerto Montt Ap.,-41.4475,-73.09583,1005.0375
2000-12-11,430001.0,Quellón Ad.,-43.13361,-73.63278,1009.5
2000-12-11,430002.0,Futaleufú Ad.,-43.18889,-71.85222,966.6214285714286
2000-12-11,450001.0,Puerto Aysén Ad.,-45.39944,-72.67722,1003.125
2000-12-11,450004.0,"Teniente Vidal, Coyhaique Ad.",-45.59083,-72.10222,965.0454545454545
2000-12-11,450005.0,Balmaceda Ad.,-45.91833,-71.67778,938.5916666666667
2000-12-11,520006.0,"Carlos Ibañez, Punta Arenas Ap.",-53.00167,-70.83861,979.125
2000-12-11,530005.0,"Fuentes Martínez, Porvenir Ad.",-53.25361,-70.32611,981.1181818181817
2000-12-11,550001.0,"Guardiamarina Zañartu, Pto Williams Ad.",-54.93167,-67.61556,979.1333333333334
2000-12-11,950001.0,"C.M.A. Eduardo Frei Montalva, Antártica ",-62.19194,-58.97972,986.5875
2000-12-12,180005.0,"Chacalluta, Arica Ap.",-18.35555,-70.34028,1005.5625
2000-12-12,200006.0,Diego Aracena Iquique Ap.,-20.54917,-70.18111,1006.3125
2000-12-12,220002.0,"El Loa, Calama Ad.",-22.49806,-68.8925,772.1625
2000-12-12,270001.0,Mataveri  Isla de Pascua Ap.,-27.15889,-109.4325,1012.2166666666667
2000-12-12,290004.0,"La Florida, La Serena Ad.",-29.91444,-71.20667,994.9263157894736
2000-12-12,330020.0,"Quinta Normal, Santiago",-33.445,-70.68278,950.4
2000-12-12,330021.0,Pudahuel Santiago ,-33.37833,-70.78778,955.4875
2000-12-12,330030.0,"Santo Domingo, Ad.",-33.65611,-71.61333,1002.6785714285714
2000-12-12,330031.0,"Juan Fernández, Estación Meteorológica.",-33.63583,-78.83305,1012.6
2000-12-12,340031.0,"General Freire, Curicó Ad.",-34.96944,-71.21694,984.0076923076923
2000-12-12,360011.0,"General Bernardo O'Higgins, Chillán Ad.",-36.58583,-72.03667,994.7923076923076
2000-12-12,360019.0,"Carriel Sur, Concepción Ap.",-36.78055,-73.06639,1013.3625000000001
2000-12-12,380013.0,"Maquehue, Temuco Ad.",-38.76778,-72.63194,1003.8291666666668
2000-12-12,390006.0,"Pichoy, Valdivia Ad.",-39.65667,-73.08722,1011.0999999999999
2000-12-12,400009.0,"Cañal Bajo,  Osorno Ad.",-40.61444,-73.0575,1005.5428571428572
2000-12-12,410005.0,El Tepual  Puerto Montt Ap.,-41.4475,-73.09583,1001.975
2000-12-12,430001.0,Quellón Ad.,-43.13361,-73.63278,1005.7
2000-12-12,430002.0,Futaleufú Ad.,-43.18889,-71.85222,963.1285714285714
2000-12-12,450001.0,Puerto Aysén Ad.,-45.39944,-72.67722,1002.0625
2000-12-12,450004.0,"Teniente Vidal, Coyhaique Ad.",-45.59083,-72.10222,964.7181818181817
2000-12-12,450005.0,Balmaceda Ad.,-45.91833,-71.67778,935.2125
2000-12-12,520006.0,"Carlos Ibañez, Punta Arenas Ap.",-53.00167,-70.83861,971.4125
2000-12-12,530005.0,"Fuentes Martínez, Porvenir Ad.",-53.25361,-70.32611,973.5
2000-12-12,550001.0,"Guardiamarina Zañartu, Pto Williams Ad.",-54.93167,-67.61556,974.6999999999999
2000-12-12,950001.0,"C.M.A. Eduardo Frei Montalva, Antártica ",-62.19194,-58.97972,986.8375
2000-12-13,180005.0,"Chacalluta, Arica Ap.",-18.35555,-70.34028,1007.9666666666667
2000-12-13,200006.0,Diego Aracena Iquique Ap.,-20.54917,-70.18111,1008.7125
2000-12-13,220002.0,"El Loa, Calama Ad.",-22.49806,-68.8925,775.8249999999999
2000-12-13,270001.0,Mataveri  Isla de Pascua Ap.,-27.15889,-109.4325,1011.8333333333334
2000-12-13,290004.0,"La Florida, La Serena Ad.",-29.91444,-71.20667,999.0500000000001
2000-12-13,330020.0,"Quinta Normal, Santiago",-33.445,-70.68278,953.1
2000-12-13,330021.0,Pudahuel Santiago ,-33.37833,-70.78778,957.4625
2000-12-13,330030.0,"Santo Domingo, Ad.",-33.65611,-71.61333,1007.4142857142857
2000-12-13,330031.0,"Juan Fernández, Estación Meteorológica.",-33.63583,-78.83305,1012.76
2000-12-13,340031.0,"General Freire, Curicó Ad.",-34.96944,-71.21694,987.1461538461538
2000-12-13,360011.0,"General Bernardo O'Higgins, Chillán Ad.",-36.58583,-72.03667,997.4230769230769
2000-12-13,360019.0,"Carriel Sur, Concepción Ap.",-36.78055,-73.06639,1014.0791666666668
2000-12-13,380013.0,"Maquehue, Temuco Ad.",-38.76778,-72.63194,1003.1
2000-12-13,390006.0,"Pichoy, Valdivia Ad.",-39.65667,-73.08722,1010.3
2000-12-13,400009.0,"Cañal Bajo,  Osorno Ad.",-40.61444,-73.0575,1004.2866666666666
2000-12-13,410005.0,El Tepual  Puerto Montt Ap.,-41.4475,-73.09583,999.95
2000-12-13,430001.0,Quellón Ad.,-43.13361,-73.63278,1004.65
2000-12-13,430002.0,Futaleufú Ad.,-43.18889,-71.85222,963.6857142857143
2000-12-13,450001.0,Puerto Aysén Ad.,-45.39944,-72.67722,1001.6999999999999
2000-12-13,450004.0,"Teniente Vidal, Coyhaique Ad.",-45.59083,-72.10222,964.1545454545455
2000-12-13,450005.0,Balmaceda Ad.,-45.91833,-71.67778,937.4208333333332
2000-12-13,520006.0,"Carlos Ibañez, Punta Arenas Ap.",-53.00167,-70.83861,978.4
2000-12-13,530005.0,"Fuentes Martínez, Porvenir Ad.",-53.25361,-70.32611,980.8
2000-12-13,550001.0,"Guardiamarina Zañartu, Pto Williams Ad.",-54.93167,-67.61556,980.4100000000001
2000-12-13,950001.0,"C.M.A. Eduardo Frei Montalva, Antártica ",-62.19194,-58.97972,989.825
2000-12-14,180005.0,"Chacalluta, Arica Ap.",-18.35555,-70.34028,1009.6
2000-12-14,200006.0,Diego Aracena Iquique Ap.,-20.54917,-70.18111,1010.225
2000-12-14,220002.0,"El Loa, Calama Ad.",-22.49806,-68.8925,774.275
2000-12-14,270001.0,Mataveri  Isla de Pascua Ap.,-27.15889,-109.4325,1012.9166666666666
2000-12-14,290004.0,"La Florida, La Serena Ad.",-29.91444,-71.20667,1000.3166666666667
2000-12-14,330020.0,"Quinta Normal, Santiago",-33.445,-70.68278,954.9200000000001
2000-12-14,330021.0,Pudahuel Santiago ,-33.37833,-70.78778,960.5
2000-12-14,330030.0,"Santo Domingo, Ad.",-33.65611,-71.61333,1008.7714285714285
2000-12-14,330031.0,"Juan Fernández, Estación Meteorológica.",-33.63583,-78.83305,1013.96
2000-12-14,340031.0,"General Freire, Curicó Ad.",-34.96944,-71.21694,989.7230769230769
2000-12-14,360011.0,"General Bernardo O'Higgins, Chillán Ad.",-36.58583,-72.03667,999.9230769230769
2000-12-14,360019.0,"Carriel Sur, Concepción Ap.",-36.78055,-73.06639,1015.9760000000001
2000-12-14,380013.0,"Maquehue, Temuco Ad.",-38.76778,-72.63194,1005.0124999999999
2000-12-14,390006.0,"Pichoy, Valdivia Ad.",-39.65667,-73.08722,1014.0999999999999
2000-12-14,400009.0,"Cañal Bajo,  Osorno Ad.",-40.61444,-73.0575,1008.9571428571428
2000-12-14,410005.0,El Tepual  Puerto Montt Ap.,-41.4475,-73.09583,1004.0625
2000-12-14,430001.0,Quellón Ad.,-43.13361,-73.63278,1012.25
2000-12-14,430002.0,Futaleufú Ad.,-43.18889,-71.85222,971.2714285714285
2000-12-14,450001.0,Puerto Aysén Ad.,-45.39944,-72.67722,1009.5625
2000-12-14,450004.0,"Teniente Vidal, Coyhaique Ad.",-45.59083,-72.10222,971.8818181818183
2000-12-14,450005.0,Balmaceda Ad.,-45.91833,-71.67778,944.5583333333334
2000-12-14,520006.0,"Carlos Ibañez, Punta Arenas Ap.",-53.00167,-70.83861,988.225
2000-12-14,530005.0,"Fuentes Martínez, Porvenir Ad.",-53.25361,-70.32611,992.4090909090909
2000-12-14,550001.0,"Guardiamarina Zañartu, Pto Williams Ad.",-54.93167,-67.61556,993.975
2000-12-14,950001.0,"C.M.A. Eduardo Frei Montalva, Antártica ",-62.19194,-58.97972,994.5857142857143
2000-12-15,180005.0,"Chacalluta, Arica Ap.",-18.35555,-70.34028,1009.6833333333334
2000-12-15,200006.0,Diego Aracena Iquique Ap.,-20.54917,-70.18111,1010.7
2000-12-15,220002.0,"El Loa, Calama Ad.",-22.49806,-68.8925,774.44375
2000-12-15,270001.0,Mataveri  Isla de Pascua Ap.,-27.15889,-109.4325,1012.6
2000-12-15,290004.0,"La Florida, La Serena Ad.",-29.91444,-71.20667,1000.9368421052632
2000-12-15,330020.0,"Quinta Normal, Santiago",-33.445,-70.68278,957.2
2000-12-15,330021.0,Pudahuel Santiago ,-33.37833,-70.78778,962.4875000000001
2000-12-15,330030.0,"Santo Domingo, Ad.",-33.65611,-71.61333,1009.9357142857143
2000-12-15,330031.0,"Juan Fernández, Estación Meteorológica.",-33.63583,-78.83305,1019.86
2000-12-15,340031.0,"General Freire, Curicó Ad.",-34.96944,-71.21694,992.3153846153847
2000-12-15,360011.0,"General Bernardo O'Higgins, Chillán Ad.",-36.58583,-72.03667,1003.5846153846154
2000-12-15,360019.0,"Carriel Sur, Concepción Ap.",-36.78055,-73.06639,1021.4250000000001
2000-12-15,380013.0,"Maquehue, Temuco Ad.",-38.76778,-72.63194,1012.7416666666667
2000-12-15,390006.0,"Pichoy, Valdivia Ad.",-39.65667,-73.08722,1022.0153846153846
2000-12-15,400009.0,"Cañal Bajo,  Osorno Ad.",-40.61444,-73.0575,1016.7642857142857
2000-12-15,410005.0,El Tepual  Puerto Montt Ap.,-41.4475,-73.09583,1012.45
2000-12-15,430001.0,Quellón Ad.,-43.13361,-73.63278,1019.675
2000-12-15,430002.0,Futaleufú Ad.,-43.18889,-71.85222,978.7571428571429
2000-12-15,450001.0,Puerto Aysén Ad.,-45.39944,-72.67722,1016.9625
2000-12-15,450004.0,"Teniente Vidal, Coyhaique Ad.",-45.59083,-72.10222,979.1363636363636
2000-12-15,450005.0,Balmaceda Ad.,-45.91833,-71.67778,951.9625
2000-12-15,520006.0,"Carlos Ibañez, Punta Arenas Ap.",-53.00167,-70.83861,999.35
2000-12-15,530005.0,"Fuentes Martínez, Porvenir Ad.",-53.25361,-70.32611,999.9909090909091
2000-12-15,550001.0,"Guardiamarina Zañartu, Pto Williams Ad.",-54.93167,-67.61556,1001.8444444444444
2000-12-15,950001.0,"C.M.A. Eduardo Frei Montalva, Antártica ",-62.19194,-58.97972,998.0875
2000-12-16,180005.0,"Chacalluta, Arica Ap.",-18.35555,-70.34028,1008.9458333333333
2000-12-16,200006.0,Diego Aracena Iquique Ap.,-20.54917,-70.18111,1009.7125
2000-12-16,220002.0,"El Loa, Calama Ad.",-22.49806,-68.8925,774.5066666666667
2000-12-16,270001.0,Mataveri  Isla de Pascua Ap.,-27.15889,-109.4325,1009.35
2000-12-16,290004.0,"La Florida, La Serena Ad.",-29.91444,-71.20667,999.2368421052631
2000-12-16,330020.0,"Quinta Normal, Santiago",-33.445,-70.68278,955.0600000000001
2000-12-16,330021.0,Pudahuel Santiago ,-33.37833,-70.78778,960.5875
2000-12-16,330030.0,"Santo Domingo, Ad.",-33.65611,-71.61333,1007.1714285714286
2000-12-16,330031.0,"Juan Fernández, Estación Meteorológica.",-33.63583,-78.83305,1019.875
2000-12-16,340031.0,"General Freire, Curicó Ad.",-34.96944,-71.21694,989.1307692307693
2000-12-16,360011.0,"General Bernardo O'Higgins, Chillán Ad.",-36.58583,-72.03667,1000.9230769230769
2000-12-16,360019.0,"Carriel Sur, Concepción Ap.",-36.78055,-73.06639,1019.6625
2000-12-16,380013.0,"Maquehue, Temuco Ad.",-38.76778,-72.63194,1011.9958333333334
2000-12-16,390006.0,"Pichoy, Valdivia Ad.",-39.65667,-73.08722,1019.6076923076923
2000-12-16,400009.0,"Cañal Bajo,  Osorno Ad.",-40.61444,-73.0575,1013.2785714285714
2000-12-16,410005.0,El Tepual  Puerto Montt Ap.,-41.4475,-73.09583,1010.0
2000-12-16,430001.0,Quellón Ad.,-43.13361,-73.63278,1012.3499999999999
2000-12-16,430002.0,Futaleufú Ad.,-43.18889,-71.85222,969.3000000000001
2000-12-16,450004.0,"Teniente Vidal, Coyhaique Ad.",-45.59083,-72.10222,966.5454545454545
2000-12-16,450005.0,Balmaceda Ad.,-45.91833,-71.67778,940.8125
2000-12-16,520006.0,"Carlos Ibañez, Punta Arenas Ap.",-53.00167,-70.83861,985.175
2000-12-16,530005.0,"Fuentes Martínez, Porvenir Ad.",-53.25361,-70.32611,984.6272727272727
2000-12-16,950001.0,"C.M.A. Eduardo Frei Montalva, Antártica ",-62.19194,-58.97972,991.6
2000-12-17,180005.0,"Chacalluta, Arica Ap.",-18.35555,-70.34028,1009.0521739130435
2000-12-17,200006.0,Diego Aracena Iquique Ap.,-20.54917,-70.18111,1009.9875
2000-12-17,220002.0,"El Loa, Calama Ad.",-22.49806,-68.8925,773.8000000000001
2000-12-17,270001.0,Mataveri  Isla de Pascua Ap.,-27.15889,-109.4325,1006.4833333333332
2000-12-17,290004.0,"La Florida, La Serena Ad.",-29.91444,-71.20667,999.6444444444444
2000-12-17,330020.0,"Quinta Normal, Santiago",-33.445,-70.68278,952.8
2000-12-17,330021.0,Pudahuel Santiago ,-33.37833,-70.78778,958.5625
2000-12-17,330030.0,"Santo Domingo, Ad.",-33.65611,-71.61333,1007.25
2000-12-17,330031.0,"Juan Fernández, Estación Meteorológica.",-33.63583,-78.83305,1018.375
2000-12-17,340031.0,"General Freire, Curicó Ad.",-34.96944,-71.21694,987.376923076923
2000-12-17,360011.0,"General Bernardo O'Higgins, Chillán Ad.",-36.58583,-72.03667,996.8692307692307
2000-12-17,360019.0,"Carriel Sur, Concepción Ap.",-36.78055,-73.06639,1015.3916666666668
2000-12-17,380013.0,"Maquehue, Temuco Ad.",-38.76778,-72.63194,1005.5319999999999
2000-12-17,390006.0,"Pichoy, Valdivia Ad.",-39.65667,-73.08722,1017.3
2000-12-17,400009.0,"Cañal Bajo,  Osorno Ad.",-40.61444,-73.0575,1012.2071428571428
2000-12-17,410005.0,El Tepual  Puerto Montt Ap.,-41.4475,-73.09583,1008.7375
2000-12-17,430001.0,Quellón Ad.,-43.13361,-73.63278,1015.85
2000-12-17,430002.0,Futaleufú Ad.,-43.18889,-71.85222,971.5071428571429
2000-12-17,450004.0,"Teniente Vidal, Coyhaique Ad.",-45.59083,-72.10222,972.7818181818183
2000-12-17,450005.0,Balmaceda Ad.,-45.91833,-71.67778,942.8000000000001
2000-12-17,520006.0,"Carlos Ibañez, Punta Arenas Ap.",-53.00167,-70.83861,987.3375
2000-12-17,950001.0,"C.M.A. Eduardo Frei Montalva, Antártica ",-62.19194,-58.97972,977.9625
2000-12-18,180005.0,"Chacalluta, Arica Ap.",-18.35555,-70.34028,1008.0875
2000-12-18,200006.0,Diego Aracena Iquique Ap.,-20.54917,-70.18111,1008.9375
2000-12-18,220002.0,"El Loa, Calama Ad.",-22.49806,-68.8925,773.44375
2000-12-18,270001.0,Mataveri  Isla de Pascua Ap.,-27.15889,-109.4325,1006.1833333333334
2000-12-18,290004.0,"La Florida, La Serena Ad.",-29.91444,-71.20667,998.3666666666666
2000-12-18,330020.0,"Quinta Normal, Santiago",-33.445,-70.68278,951.6600000000001
2000-12-18,330021.0,Pudahuel Santiago ,-33.37833,-70.78778,957.275
2000-12-18,330030.0,"Santo Domingo, Ad.",-33.65611,-71.61333,1006.1700000000001
2000-12-18,330031.0,"Juan Fernández, Estación Meteorológica.",-33.63583,-78.83305,1017.5799999999999
2000-12-18,340031.0,"General Freire, Curicó Ad.",-34.96944,-71.21694,985.22
2000-12-18,360011.0,"General Bernardo O'Higgins, Chillán Ad.",-36.58583,-72.03667,994.5769230769231
2000-12-18,360019.0,"Carriel Sur, Concepción Ap.",-36.78055,-73.06639,1012.4541666666668
2000-12-18,380013.0,"Maquehue, Temuco Ad.",-38.76778,-72.63194,1006.5541666666667
2000-12-18,390006.0,"Pichoy, Valdivia Ad.",-39.65667,-73.08722,1017.6615384615385
2000-12-18,400009.0,"Cañal Bajo,  Osorno Ad.",-40.61444,-73.0575,1015.3857142857142
2000-12-18,410005.0,El Tepual  Puerto Montt Ap.,-41.4475,-73.09583,1014.0375
2000-12-18,430001.0,Quellón Ad.,-43.13361,-73.63278,1024.25
2000-12-18,430002.0,Futaleufú Ad.,-43.18889,-71.85222,980.9214285714286
2000-12-18,450001.0,Puerto Aysén Ad.,-45.39944,-72.67722,1022.0
2000-12-18,450004.0,"Teniente Vidal, Coyhaique Ad.",-45.59083,-72.10222,982.4454545454545
2000-12-18,450005.0,Balmaceda Ad.,-45.91833,-71.67778,954.7583333333333
2000-12-18,520006.0,"Carlos Ibañez, Punta Arenas Ap.",-53.00167,-70.83861,994.5625
2000-12-18,530005.0,"Fuentes Martínez, Porvenir Ad.",-53.25361,-70.32611,996.3
2000-12-18,550001.0,"Guardiamarina Zañartu, Pto Williams Ad.",-54.93167,-67.61556,990.7555555555555
2000-12-18,950001.0,"C.M.A. Eduardo Frei Montalva, Antártica ",-62.19194,-58.97972,981.4
2000-12-19,180005.0,"Chacalluta, Arica Ap.",-18.35555,-70.34028,1006.0041666666666
2000-12-19,200006.0,Diego Aracena Iquique Ap.,-20.54917,-70.18111,1006.6
2000-12-19,220002.0,"El Loa, Calama Ad.",-22.49806,-68.8925,774.3125
2000-12-19,270001.0,Mataveri  Isla de Pascua Ap.,-27.15889,-109.4325,1007.4166666666666
2000-12-19,290004.0,"La Florida, La Serena Ad.",-29.91444,-71.20667,996.2866666666666
2000-12-19,330020.0,"Quinta Normal, Santiago",-33.445,-70.68278,950.82
2000-12-19,330021.0,Pudahuel Santiago ,-33.37833,-70.78778,955.8
2000-12-19,330030.0,"Santo Domingo, Ad.",-33.65611,-71.61333,1004.3333333333334
2000-12-19,330031.0,"Juan Fernández, Estación Meteorológica.",-33.63583,-78.83305,1015.3
2000-12-19,340031.0,"General Freire, Curicó Ad.",-34.96944,-71.21694,983.7333333333333
2000-12-19,360011.0,"General Bernardo O'Higgins, Chillán Ad.",-36.58583,-72.03667,992.2615384615384
2000-12-19,360019.0,"Carriel Sur, Concepción Ap.",-36.78055,-73.06639,1010.725
2000-12-19,380013.0,"Maquehue, Temuco Ad.",-38.76778,-72.63194,1003.875
2000-12-19,390006.0,"Pichoy, Valdivia Ad.",-39.65667,-73.08722,1013.2916666666666
2000-12-19,400009.0,"Cañal Bajo,  Osorno Ad.",-40.61444,-73.0575,1011.3142857142857
2000-12-19,410005.0,El Tepual  Puerto Montt Ap.,-41.4475,-73.09583,1011.125
2000-12-19,430001.0,Quellón Ad.,-43.13361,-73.63278,1018.8
2000-12-19,430002.0,Futaleufú Ad.,-43.18889,-71.85222,977.092857142857
2000-12-19,450001.0,Puerto Aysén Ad.,-45.39944,-72.67722,1020.2625
2000-12-19,450004.0,"Teniente Vidal, Coyhaique Ad.",-45.59083,-72.10222,982.2818181818183
2000-12-19,450005.0,Balmaceda Ad.,-45.91833,-71.67778,957.1875
2000-12-19,520006.0,"Carlos Ibañez, Punta Arenas Ap.",-53.00167,-70.83861,1005.8375
2000-12-19,530005.0,"Fuentes Martínez, Porvenir Ad.",-53.25361,-70.32611,1006.4384615384616
2000-12-19,550001.0,"Guardiamarina Zañartu, Pto Williams Ad.",-54.93167,-67.61556,1007.3222222222222
2000-12-19,950001.0,"C.M.A. Eduardo Frei Montalva, Antártica ",-62.19194,-58.97972,996.6375
2000-12-20,180005.0,"Chacalluta, Arica Ap.",-18.35555,-70.34028,1007.3166666666666
2000-12-20,200006.0,Diego Aracena Iquique Ap.,-20.54917,-70.18111,1007.65
2000-12-20,220002.0,"El Loa, Calama Ad.",-22.49806,-68.8925,774.4625
2000-12-20,270001.0,Mataveri  Isla de Pascua Ap.,-27.15889,-109.4325,1006.75
2000-12-20,290004.0,"La Florida, La Serena Ad.",-29.91444,-71.20667,997.6631578947367
2000-12-20,330020.0,"Quinta Normal, Santiago",-33.445,-70.68278,951.1200000000001
2000-12-20,330021.0,Pudahuel Santiago ,-33.37833,-70.78778,955.7875
2000-12-20,330030.0,"Santo Domingo, Ad.",-33.65611,-71.61333,1005.3444444444444
2000-12-20,330031.0,"Juan Fernández, Estación Meteorológica.",-33.63583,-78.83305,1013.74
2000-12-20,340031.0,"General Freire, Curicó Ad.",-34.96944,-71.21694,984.5555555555555
2000-12-20,360011.0,"General Bernardo O'Higgins, Chillán Ad.",-36.58583,-72.03667,993.5769230769231
2000-12-20,360019.0,"Carriel Sur, Concepción Ap.",-36.78055,-73.06639,1011.1958333333333
2000-12-20,380013.0,"Maquehue, Temuco Ad.",-38.76778,-72.63194,1001.0416666666666
2000-12-20,390006.0,"Pichoy, Valdivia Ad.",-39.65667,-73.08722,1009.1692307692308
2000-12-20,400009.0,"Cañal Bajo,  Osorno Ad.",-40.61444,-73.0575,1005.9285714285714
2000-12-20,410005.0,El Tepual  Puerto Montt Ap.,-41.4475,-73.09583,1004.5125
2000-12-20,430001.0,Quellón Ad.,-43.13361,-73.63278,1012.05
2000-12-20,430002.0,Futaleufú Ad.,-43.18889,-71.85222,970.5142857142857
2000-12-20,450001.0,Puerto Aysén Ad.,-45.39944,-72.67722,1010.8875
2000-12-20,450004.0,"Teniente Vidal, Coyhaique Ad.",-45.59083,-72.10222,974.5
2000-12-20,450005.0,Balmaceda Ad.,-45.91833,-71.67778,949.1583333333333
2000-12-20,520006.0,"Carlos Ibañez, Punta Arenas Ap.",-53.00167,-70.83861,994.7875
2000-12-20,530005.0,"Fuentes Martínez, Porvenir Ad.",-53.25361,-70.32611,995.1200000000001
2000-12-20,550001.0,"Guardiamarina Zañartu, Pto Williams Ad.",-54.93167,-67.61556,990.4111111111112
2000-12-20,950001.0,"C.M.A. Eduardo Frei Montalva, Antártica ",-62.19194,-58.97972,990.7875
2000-12-21,180005.0,"Chacalluta, Arica Ap.",-18.35555,-70.34028,1007.3708333333334
2000-12-21,200006.0,Diego Aracena Iquique Ap.,-20.54917,-70.18111,1008.1875
2000-12-21,220002.0,"El Loa, Calama Ad.",-22.49806,-68.8925,787.65625
2000-12-21,270001.0,Mataveri  Isla de Pascua Ap.,-27.15889,-109.4325,1006.1666666666666
2000-12-21,290004.0,"La Florida, La Serena Ad.",-29.91444,-71.20667,997.0
2000-12-21,330020.0,"Quinta Normal, Santiago",-33.445,-70.68278,955.0600000000001
2000-12-21,330021.0,Pudahuel Santiago ,-33.37833,-70.78778,960.0375
2000-12-21,330030.0,"Santo Domingo, Ad.",-33.65611,-71.61333,1009.4111111111112
2000-12-21,330031.0,"Juan Fernández, Estación Meteorológica.",-33.63583,-78.83305,1016.8
2000-12-21,340031.0,"General Freire, Curicó Ad.",-34.96944,-71.21694,990.4555555555556
2000-12-21,360011.0,"General Bernardo O'Higgins, Chillán Ad.",-36.58583,-72.03667,999.2923076923076
2000-12-21,360019.0,"Carriel Sur, Concepción Ap.",-36.78055,-73.06639,1016.4666666666667
2000-12-21,380013.0,"Maquehue, Temuco Ad.",-38.76778,-72.63194,1006.65
2000-12-21,390006.0,"Pichoy, Valdivia Ad.",-39.65667,-73.08722,1015.3461538461538
2000-12-21,400009.0,"Cañal Bajo,  Osorno Ad.",-40.61444,-73.0575,1011.3142857142857
2000-12-21,410005.0,El Tepual  Puerto Montt Ap.,-41.4475,-73.09583,1007.1625
2000-12-21,430001.0,Quellón Ad.,-43.13361,-73.63278,1017.225
2000-12-21,430002.0,Futaleufú Ad.,-43.18889,-71.85222,972.8571428571429
2000-12-21,450001.0,Puerto Aysén Ad.,-45.39944,-72.67722,1013.125
2000-12-21,450004.0,"Teniente Vidal, Coyhaique Ad.",-45.59083,-72.10222,974.4727272727273
2000-12-21,450005.0,Balmaceda Ad.,-45.91833,-71.67778,945.8625000000001
2000-12-21,520006.0,"Carlos Ibañez, Punta Arenas Ap.",-53.00167,-70.83861,991.55
2000-12-21,530005.0,"Fuentes Martínez, Porvenir Ad.",-53.25361,-70.32611,991.0454545454545
2000-12-21,550001.0,"Guardiamarina Zañartu, Pto Williams Ad.",-54.93167,-67.61556,988.3555555555556
2000-12-21,950001.0,"C.M.A. Eduardo Frei Montalva, Antártica ",-62.19194,-58.97972,977.65
2000-12-22,180005.0,"Chacalluta, Arica Ap.",-18.35555,-70.34028,1006.8583333333332
2000-12-22,200006.0,Diego Aracena Iquique Ap.,-20.54917,-70.18111,1007.5375
2000-12-22,220002.0,"El Loa, Calama Ad.",-22.49806,-68.8925,774.70625
2000-12-22,270001.0,Mataveri  Isla de Pascua Ap.,-27.15889,-109.4325,1008.1166666666667
2000-12-22,290004.0,"La Florida, La Serena Ad.",-29.91444,-71.20667,994.8944444444444
2000-12-22,330020.0,"Quinta Normal, Santiago",-33.445,-70.68278,952.9
2000-12-22,330021.0,Pudahuel Santiago ,-33.37833,-70.78778,958.6
2000-12-22,330030.0,"Santo Domingo, Ad.",-33.65611,-71.61333,1006.4125
2000-12-22,330031.0,"Juan Fernández, Estación Meteorológica.",-33.63583,-78.83305,1017.3799999999999
2000-12-22,340031.0,"General Freire, Curicó Ad.",-34.96944,-71.21694,987.311111111111
2000-12-22,360011.0,"General Bernardo O'Higgins, Chillán Ad.",-36.58583,-72.03667,998.0230769230768
2000-12-22,360019.0,"Carriel Sur, Concepción Ap.",-36.78055,-73.06639,1015.8666666666667
2000-12-22,380013.0,"Maquehue, Temuco Ad.",-38.76778,-72.63194,1008.4
2000-12-22,390006.0,"Pichoy, Valdivia Ad.",-39.65667,-73.08722,1015.823076923077
2000-12-22,400009.0,"Cañal Bajo,  Osorno Ad.",-40.61444,-73.0575,1013.5214285714285
2000-12-22,410005.0,El Tepual  Puerto Montt Ap.,-41.4475,-73.09583,1010.8625
2000-12-22,430001.0,Quellón Ad.,-43.13361,-73.63278,1018.325
2000-12-22,430002.0,Futaleufú Ad.,-43.18889,-71.85222,975.8000000000001
2000-12-22,450004.0,"Teniente Vidal, Coyhaique Ad.",-45.59083,-72.10222,979.0545454545455
2000-12-22,450005.0,Balmaceda Ad.,-45.91833,-71.67778,950.4916666666667
2000-12-22,520006.0,"Carlos Ibañez, Punta Arenas Ap.",-53.00167,-70.83861,998.25
2000-12-22,530005.0,"Fuentes Martínez, Porvenir Ad.",-53.25361,-70.32611,1002.5090909090909
2000-12-22,550001.0,"Guardiamarina Zañartu, Pto Williams Ad.",-54.93167,-67.61556,999.7375
2000-12-22,950001.0,"C.M.A. Eduardo Frei Montalva, Antártica ",-62.19194,-58.97972,980.45
2000-12-23,180005.0,"Chacalluta, Arica Ap.",-18.35555,-70.34028,1007.15
2000-12-23,200006.0,Diego Aracena Iquique Ap.,-20.54917,-70.18111,1007.8
2000-12-23,220002.0,"El Loa, Calama Ad.",-22.49806,-68.8925,775.4666666666667
2000-12-23,270001.0,Mataveri  Isla de Pascua Ap.,-27.15889,-109.4325,1009.7666666666665
2000-12-23,290004.0,"La Florida, La Serena Ad.",-29.91444,-71.20667,995.8166666666667
2000-12-23,330020.0,"Quinta Normal, Santiago",-33.445,-70.68278,953.9
2000-12-23,330021.0,Pudahuel Santiago ,-33.37833,-70.78778,959.1875
2000-12-23,330030.0,"Santo Domingo, Ad.",-33.65611,-71.61333,1006.9571428571428
2000-12-23,330031.0,"Juan Fernández, Estación Meteorológica.",-33.63583,-78.83305,1017.175
2000-12-23,360011.0,"General Bernardo O'Higgins, Chillán Ad.",-36.58583,-72.03667,997.676923076923
2000-12-23,360019.0,"Carriel Sur, Concepción Ap.",-36.78055,-73.06639,1016.1875
2000-12-23,380013.0,"Maquehue, Temuco Ad.",-38.76778,-72.63194,1007.2375000000001
2000-12-23,390006.0,"Pichoy, Valdivia Ad.",-39.65667,-73.08722,1014.323076923077
2000-12-23,400009.0,"Cañal Bajo,  Osorno Ad.",-40.61444,-73.0575,1007.9142857142857
2000-12-23,410005.0,El Tepual  Puerto Montt Ap.,-41.4475,-73.09583,1005.625
2000-12-23,430001.0,Quellón Ad.,-43.13361,-73.63278,1005.3
2000-12-23,430002.0,Futaleufú Ad.,-43.18889,-71.85222,965.85
2000-12-23,450004.0,"Teniente Vidal, Coyhaique Ad.",-45.59083,-72.10222,964.9181818181819
2000-12-23,450005.0,Balmaceda Ad.,-45.91833,-71.67778,945.1374999999999
2000-12-23,520006.0,"Carlos Ibañez, Punta Arenas Ap.",-53.00167,-70.83861,989.0625
2000-12-23,530005.0,"Fuentes Martínez, Porvenir Ad.",-53.25361,-70.32611,984.2700000000001
2000-12-23,950001.0,"C.M.A. Eduardo Frei Montalva, Antártica ",-62.19194,-58.97972,985.0625
2000-12-24,180005.0,"Chacalluta, Arica Ap.",-18.35555,-70.34028,1006.5500000000001
2000-12-24,200006.0,Diego Aracena Iquique Ap.,-20.54917,-70.18111,1006.9375
2000-12-24,220002.0,"El Loa, Calama Ad.",-22.49806,-68.8925,775.0333333333333
2000-12-24,270001.0,Mataveri  Isla de Pascua Ap.,-27.15889,-109.4325,1009.75
2000-12-24,290004.0,"La Florida, La Serena Ad.",-29.91444,-71.20667,994.1944444444445
2000-12-24,330020.0,"Quinta Normal, Santiago",-33.445,-70.68278,953.1600000000001
2000-12-24,330021.0,Pudahuel Santiago ,-33.37833,-70.78778,958.3
2000-12-24,330030.0,"Santo Domingo, Ad.",-33.65611,-71.61333,1005.7142857142857
2000-12-24,330031.0,"Juan Fernández, Estación Meteorológica.",-33.63583,-78.83305,1013.4499999999999
2000-12-24,360011.0,"General Bernardo O'Higgins, Chillán Ad.",-36.58583,-72.03667,996.2384615384616
2000-12-24,360019.0,"Carriel Sur, Concepción Ap.",-36.78055,-73.06639,1014.2230769230769
2000-12-24,380013.0,"Maquehue, Temuco Ad.",-38.76778,-72.63194,1001.3125
2000-12-24,390006.0,"Pichoy, Valdivia Ad.",-39.65667,-73.08722,1006.0769230769231
2000-12-24,400009.0,"Cañal Bajo,  Osorno Ad.",-40.61444,-73.0575,1000.0285714285714
2000-12-24,410005.0,El Tepual  Puerto Montt Ap.,-41.4475,-73.09583,998.4125
2000-12-24,430001.0,Quellón Ad.,-43.13361,-73.63278,1000.45
2000-12-24,430002.0,Futaleufú Ad.,-43.18889,-71.85222,959.0357142857143
2000-12-24,450004.0,"Teniente Vidal, Coyhaique Ad.",-45.59083,-72.10222,957.2090909090908
2000-12-24,450005.0,Balmaceda Ad.,-45.91833,-71.67778,932.6208333333334
2000-12-24,520006.0,"Carlos Ibañez, Punta Arenas Ap.",-53.00167,-70.83861,971.5375
2000-12-24,950001.0,"C.M.A. Eduardo Frei Montalva, Antártica ",-62.19194,-58.97972,983.125
2000-12-25,180005.0,"Chacalluta, Arica Ap.",-18.35555,-70.34028,1005.25
2000-12-25,200006.0,Diego Aracena Iquique Ap.,-20.54917,-70.18111,1006.1375
2000-12-25,220002.0,"El Loa, Calama Ad.",-22.49806,-68.8925,774.7928571428572
2000-12-25,270001.0,Mataveri  Isla de Pascua Ap.,-27.15889,-109.4325,1009.2333333333332
2000-12-25,290004.0,"La Florida, La Serena Ad.",-29.91444,-71.20667,995.7833333333333
2000-12-25,330020.0,"Quinta Normal, Santiago",-33.445,-70.68278,952.96
2000-12-25,330021.0,Pudahuel Santiago ,-33.37833,-70.78778,957.7875
2000-12-25,330030.0,"Santo Domingo, Ad.",-33.65611,-71.61333,1006.1
2000-12-25,330031.0,"Juan Fernández, Estación Meteorológica.",-33.63583,-78.83305,1010.225
2000-12-25,340031.0,"General Freire, Curicó Ad.",-34.96944,-71.21694,987.0777777777779
2000-12-25,360011.0,"General Bernardo O'Higgins, Chillán Ad.",-36.58583,-72.03667,995.2538461538462
2000-12-25,360019.0,"Carriel Sur, Concepción Ap.",-36.78055,-73.06639,1011.3375
2000-12-25,380013.0,"Maquehue, Temuco Ad.",-38.76778,-72.63194,999.0208333333334
2000-12-25,390006.0,"Pichoy, Valdivia Ad.",-39.65667,-73.08722,1007.7307692307693
2000-12-25,400009.0,"Cañal Bajo,  Osorno Ad.",-40.61444,-73.0575,1001.3928571428571
2000-12-25,410005.0,El Tepual  Puerto Montt Ap.,-41.4475,-73.09583,994.4625
2000-12-25,430001.0,Quellón Ad.,-43.13361,-73.63278,1000.6
2000-12-25,430002.0,Futaleufú Ad.,-43.18889,-71.85222,960.3571428571429
2000-12-25,450004.0,"Teniente Vidal, Coyhaique Ad.",-45.59083,-72.10222,958.3363636363637
2000-12-25,450005.0,Balmaceda Ad.,-45.91833,-71.67778,930.875
2000-12-25,520006.0,"Carlos Ibañez, Punta Arenas Ap.",-53.00167,-70.83861,970.4125
2000-12-25,950001.0,"C.M.A. Eduardo Frei Montalva, Antártica ",-62.19194,-58.97972,980.3625
2000-12-26,180005.0,"Chacalluta, Arica Ap.",-18.35555,-70.34028,1005.6041666666666
2000-12-26,200006.0,Diego Aracena Iquique Ap.,-20.54917,-70.18111,1006.3375
2000-12-26,220002.0,"El Loa, Calama Ad.",-22.49806,-68.8925,774.5875
2000-12-26,270001.0,Mataveri  Isla de Pascua Ap.,-27.15889,-109.4325,1009.7833333333333
2000-12-26,290004.0,"La Florida, La Serena Ad.",-29.91444,-71.20667,993.8333333333334
2000-12-26,330020.0,"Quinta Normal, Santiago",-33.445,-70.68278,952.3
2000-12-26,330021.0,Pudahuel Santiago ,-33.37833,-70.78778,957.3
2000-12-26,330030.0,"Santo Domingo, Ad.",-33.65611,-71.61333,1005.8285714285714
2000-12-26,330031.0,"Juan Fernández, Estación Meteorológica.",-33.63583,-78.83305,1011.6200000000001
2000-12-26,340031.0,"General Freire, Curicó Ad.",-34.96944,-71.21694,986.188888888889
2000-12-26,360011.0,"General Bernardo O'Higgins, Chillán Ad.",-36.58583,-72.03667,996.2923076923078
2000-12-26,360019.0,"Carriel Sur, Concepción Ap.",-36.78055,-73.06639,1013.0653846153847
2000-12-26,380013.0,"Maquehue, Temuco Ad.",-38.76778,-72.63194,1001.9375
2000-12-26,390006.0,"Pichoy, Valdivia Ad.",-39.65667,-73.08722,1009.6461538461538
2000-12-26,400009.0,"Cañal Bajo,  Osorno Ad.",-40.61444,-73.0575,1003.6857142857143
2000-12-26,410005.0,El Tepual  Puerto Montt Ap.,-41.4475,-73.09583,999.025
2000-12-26,430001.0,Quellón Ad.,-43.13361,-73.63278,1006.55
2000-12-26,430002.0,Futaleufú Ad.,-43.18889,-71.85222,966.1285714285714
2000-12-26,450004.0,"Teniente Vidal, Coyhaique Ad.",-45.59083,-72.10222,966.1454545454545
2000-12-26,450005.0,Balmaceda Ad.,-45.91833,-71.67778,939.4625
2000-12-26,520006.0,"Carlos Ibañez, Punta Arenas Ap.",-53.00167,-70.83861,983.125
2000-12-26,530005.0,"Fuentes Martínez, Porvenir Ad.",-53.25361,-70.32611,988.0727272727272
2000-12-26,550001.0,"Guardiamarina Zañartu, Pto Williams Ad.",-54.93167,-67.61556,988.4
2000-12-26,950001.0,"C.M.A. Eduardo Frei Montalva, Antártica ",-62.19194,-58.97972,971.775
2000-12-27,180005.0,"Chacalluta, Arica Ap.",-18.35555,-70.34028,1008.0041666666666
2000-12-27,200006.0,Diego Aracena Iquique Ap.,-20.54917,-70.18111,1008.65
2000-12-27,220002.0,"El Loa, Calama Ad.",-22.49806,-68.8925,775.2882352941176
2000-12-27,270001.0,Mataveri  Isla de Pascua Ap.,-27.15889,-109.4325,1011.5
2000-12-27,290004.0,"La Florida, La Serena Ad.",-29.91444,-71.20667,995.7166666666667
2000-12-27,330020.0,"Quinta Normal, Santiago",-33.445,-70.68278,954.82
2000-12-27,330021.0,Pudahuel Santiago ,-33.37833,-70.78778,960.1375
2000-12-27,330030.0,"Santo Domingo, Ad.",-33.65611,-71.61333,
2000-12-27,330031.0,"Juan Fernández, Estación Meteorológica.",-33.63583,-78.83305,1016.86
2000-12-27,340031.0,"General Freire, Curicó Ad.",-34.96944,-71.21694,989.8222222222222
2000-12-27,360011.0,"General Bernardo O'Higgins, Chillán Ad.",-36.58583,-72.03667,999.6615384615385
2000-12-27,360019.0,"Carriel Sur, Concepción Ap.",-36.78055,-73.06639,1017.4791666666666
2000-12-27,380013.0,"Maquehue, Temuco Ad.",-38.76778,-72.63194,1008.9
2000-12-27,390006.0,"Pichoy, Valdivia Ad.",-39.65667,-73.08722,1018.2769230769231
2000-12-27,400009.0,"Cañal Bajo,  Osorno Ad.",-40.61444,-73.0575,1013.1214285714286
2000-12-27,410005.0,El Tepual  Puerto Montt Ap.,-41.4475,-73.09583,1008.35
2000-12-27,430001.0,Quellón Ad.,-43.13361,-73.63278,1016.775
2000-12-27,430002.0,Futaleufú Ad.,-43.18889,-71.85222,974.25
2000-12-27,450004.0,"Teniente Vidal, Coyhaique Ad.",-45.59083,-72.10222,974.1636363636363
2000-12-27,450005.0,Balmaceda Ad.,-45.91833,-71.67778,945.4958333333334
2000-12-27,520006.0,"Carlos Ibañez, Punta Arenas Ap.",-53.00167,-70.83861,985.6625
2000-12-27,530005.0,"Fuentes Martínez, Porvenir Ad.",-53.25361,-70.32611,983.65
2000-12-27,550001.0,"Guardiamarina Zañartu, Pto Williams Ad.",-54.93167,-67.61556,979.1909090909091
2000-12-27,950001.0,"C.M.A. Eduardo Frei Montalva, Antártica ",-62.19194,-58.97972,972.5875
2000-12-28,180005.0,"Chacalluta, Arica Ap.",-18.35555,-70.34028,1008.0875
2000-12-28,200006.0,Diego Aracena Iquique Ap.,-20.54917,-70.18111,1008.5625
2000-12-28,220002.0,"El Loa, Calama Ad.",-22.49806,-68.8925,773.48125
2000-12-28,270001.0,Mataveri  Isla de Pascua Ap.,-27.15889,-109.4325,1012.0714285714286
2000-12-28,290004.0,"La Florida, La Serena Ad.",-29.91444,-71.20667,999.1055555555556
2000-12-28,330020.0,"Quinta Normal, Santiago",-33.445,-70.68278,954.4399999999999
2000-12-28,330021.0,Pudahuel Santiago ,-33.37833,-70.78778,959.2875
2000-12-28,330030.0,"Santo Domingo, Ad.",-33.65611,-71.61333,1008.3000000000001
2000-12-28,330031.0,"Juan Fernández, Estación Meteorológica.",-33.63583,-78.83305,1018.0200000000001
2000-12-28,340031.0,"General Freire, Curicó Ad.",-34.96944,-71.21694,988.5777777777779
2000-12-28,360011.0,"General Bernardo O'Higgins, Chillán Ad.",-36.58583,-72.03667,998.8692307692309
2000-12-28,360019.0,"Carriel Sur, Concepción Ap.",-36.78055,-73.06639,1016.5500000000001
2000-12-28,380013.0,"Maquehue, Temuco Ad.",-38.76778,-72.63194,1005.2166666666667
2000-12-28,390006.0,"Pichoy, Valdivia Ad.",-39.65667,-73.08722,1016.9153846153846
2000-12-28,400009.0,"Cañal Bajo,  Osorno Ad.",-40.61444,-73.0575,1011.907142857143
2000-12-28,410005.0,El Tepual  Puerto Montt Ap.,-41.4475,-73.09583,1009.3625
2000-12-28,430001.0,Quellón Ad.,-43.13361,-73.63278,1014.3
2000-12-28,430002.0,Futaleufú Ad.,-43.18889,-71.85222,971.7571428571429
2000-12-28,450004.0,"Teniente Vidal, Coyhaique Ad.",-45.59083,-72.10222,970.9727272727273
2000-12-28,450005.0,Balmaceda Ad.,-45.91833,-71.67778,942.725
2000-12-28,520006.0,"Carlos Ibañez, Punta Arenas Ap.",-53.00167,-70.83861,986.0125
2000-12-28,530005.0,"Fuentes Martínez, Porvenir Ad.",-53.25361,-70.32611,990.75
2000-12-28,550001.0,"Guardiamarina Zañartu, Pto Williams Ad.",-54.93167,-67.61556,987.5666666666666
2000-12-28,950001.0,"C.M.A. Eduardo Frei Montalva, Antártica ",-62.19194,-58.97972,974.0625
2000-12-29,180005.0,"Chacalluta, Arica Ap.",-18.35555,-70.34028,1008.2875
2000-12-29,200006.0,Diego Aracena Iquique Ap.,-20.54917,-70.18111,1008.9625
2000-12-29,220002.0,"El Loa, Calama Ad.",-22.49806,-68.8925,774.325
2000-12-29,270001.0,Mataveri  Isla de Pascua Ap.,-27.15889,-109.4325,1013.2857142857143
2000-12-29,290004.0,"La Florida, La Serena Ad.",-29.91444,-71.20667,999.3333333333334
2000-12-29,330020.0,"Quinta Normal, Santiago",-33.445,-70.68278,954.86
2000-12-29,330021.0,Pudahuel Santiago ,-33.37833,-70.78778,960.0625
2000-12-29,330030.0,"Santo Domingo, Ad.",-33.65611,-71.61333,1008.4857142857143
2000-12-29,330031.0,"Juan Fernández, Estación Meteorológica.",-33.63583,-78.83305,1018.72
2000-12-29,340031.0,"General Freire, Curicó Ad.",-34.96944,-71.21694,989.2111111111111
2000-12-29,360011.0,"General Bernardo O'Higgins, Chillán Ad.",-36.58583,-72.03667,999.0615384615384
2000-12-29,360019.0,"Carriel Sur, Concepción Ap.",-36.78055,-73.06639,1017.5666666666666
2000-12-29,380013.0,"Maquehue, Temuco Ad.",-38.76778,-72.63194,1007.2833333333333
2000-12-29,390006.0,"Pichoy, Valdivia Ad.",-39.65667,-73.08722,1018.6153846153846
2000-12-29,400009.0,"Cañal Bajo,  Osorno Ad.",-40.61444,-73.0575,1014.3214285714286
2000-12-29,410005.0,El Tepual  Puerto Montt Ap.,-41.4475,-73.09583,1012.2
2000-12-29,430001.0,Quellón Ad.,-43.13361,-73.63278,1019.5
2000-12-29,430002.0,Futaleufú Ad.,-43.18889,-71.85222,977.1357142857142
2000-12-29,450004.0,"Teniente Vidal, Coyhaique Ad.",-45.59083,-72.10222,978.2272727272727
2000-12-29,450005.0,Balmaceda Ad.,-45.91833,-71.67778,950.125
2000-12-29,520006.0,"Carlos Ibañez, Punta Arenas Ap.",-53.00167,-70.83861,994.25
2000-12-29,530005.0,"Fuentes Martínez, Porvenir Ad.",-53.25361,-70.32611,993.2
2000-12-29,550001.0,"Guardiamarina Zañartu, Pto Williams Ad.",-54.93167,-67.61556,991.8777777777777
2000-12-29,950001.0,"C.M.A. Eduardo Frei Montalva, Antártica ",-62.19194,-58.97972,977.95
2000-12-30,180005.0,"Chacalluta, Arica Ap.",-18.35555,-70.34028,1007.0124999999999
2000-12-30,200006.0,Diego Aracena Iquique Ap.,-20.54917,-70.18111,1007.7375
2000-12-30,220002.0,"El Loa, Calama Ad.",-22.49806,-68.8925,773.5400000000001
2000-12-30,270001.0,Mataveri  Isla de Pascua Ap.,-27.15889,-109.4325,1012.5166666666668
2000-12-30,290004.0,"La Florida, La Serena Ad.",-29.91444,-71.20667,998.6222222222223
2000-12-30,330020.0,"Quinta Normal, Santiago",-33.445,-70.68278,952.4200000000001
2000-12-30,330021.0,Pudahuel Santiago ,-33.37833,-70.78778,957.525
2000-12-30,330030.0,"Santo Domingo, Ad.",-33.65611,-71.61333,1006.3571428571429
2000-12-30,330031.0,"Juan Fernández, Estación Meteorológica.",-33.63583,-78.83305,1015.775
2000-12-30,360011.0,"General Bernardo O'Higgins, Chillán Ad.",-36.58583,-72.03667,994.8384615384615
2000-12-30,360019.0,"Carriel Sur, Concepción Ap.",-36.78055,-73.06639,1013.0583333333334
2000-12-30,380013.0,"Maquehue, Temuco Ad.",-38.76778,-72.63194,1002.5749999999999
2000-12-30,390006.0,"Pichoy, Valdivia Ad.",-39.65667,-73.08722,1013.323076923077
2000-12-30,400009.0,"Cañal Bajo,  Osorno Ad.",-40.61444,-73.0575,1010.657142857143
2000-12-30,410005.0,El Tepual  Puerto Montt Ap.,-41.4475,-73.09583,1009.7875
2000-12-30,430001.0,Quellón Ad.,-43.13361,-73.63278,1017.225
2000-12-30,430002.0,Futaleufú Ad.,-43.18889,-71.85222,975.4785714285715
2000-12-30,450004.0,"Teniente Vidal, Coyhaique Ad.",-45.59083,-72.10222,978.1272727272727
2000-12-30,450005.0,Balmaceda Ad.,-45.91833,-71.67778,951.65
2000-12-30,520006.0,"Carlos Ibañez, Punta Arenas Ap.",-53.00167,-70.83861,993.15
2000-12-30,530005.0,"Fuentes Martínez, Porvenir Ad.",-53.25361,-70.32611,993.3272727272728
2000-12-30,950001.0,"C.M.A. Eduardo Frei Montalva, Antártica ",-62.19194,-58.97972,976.7375
2000-12-31,180005.0,"Chacalluta, Arica Ap.",-18.35555,-70.34028,1007.7916666666666
2000-12-31,200006.0,Diego Aracena Iquique Ap.,-20.54917,-70.18111,1008.475
2000-12-31,220002.0,"El Loa, Calama Ad.",-22.49806,-68.8925,775.8833333333333
2000-12-31,270001.0,Mataveri  Isla de Pascua Ap.,-27.15889,-109.4325,1012.1999999999999
2000-12-31,290004.0,"La Florida, La Serena Ad.",-29.91444,-71.20667,999.1388888888889
2000-12-31,330020.0,"Quinta Normal, Santiago",-33.445,-70.68278,954.04
2000-12-31,330021.0,Pudahuel Santiago ,-33.37833,-70.78778,958.7875
2000-12-31,330030.0,"Santo Domingo, Ad.",-33.65611,-71.61333,1008.7428571428571
2000-12-31,330031.0,"Juan Fernández, Estación Meteorológica.",-33.63583,-78.83305,1014.075
2000-12-31,360011.0,"General Bernardo O'Higgins, Chillán Ad.",-36.58583,-72.03667,996.3692307692307
2000-12-31,360019.0,"Carriel Sur, Concepción Ap.",-36.78055,-73.06639,1014.1
2000-12-31,380013.0,"Maquehue, Temuco Ad.",-38.76778,-72.63194,1000.1750000000001
2000-12-31,390006.0,"Pichoy, Valdivia Ad.",-39.65667,-73.08722,1013.1615384615385
2000-12-31,400009.0,"Cañal Bajo,  Osorno Ad.",-40.61444,-73.0575,1009.25
2000-12-31,410005.0,El Tepual  Puerto Montt Ap.,-41.4475,-73.09583,1006.2875
2000-12-31,430001.0,Quellón Ad.,-43.13361,-73.63278,1015.375
2000-12-31,430002.0,Futaleufú Ad.,-43.18889,-71.85222,972.7857142857143
2000-12-31,450004.0,"Teniente Vidal, Coyhaique Ad.",-45.59083,-72.10222,975.9909090909091
2000-12-31,450005.0,Balmaceda Ad.,-45.91833,-71.67778,950.0458333333332
2000-12-31,520006.0,"Carlos Ibañez, Punta Arenas Ap.",-53.00167,-70.83861,995.425
2000-12-31,950001.0,"C.M.A. Eduardo Frei Montalva, Antártica ",-62.19194,-58.97972,982.625
2001-01-01,180005.0,"Chacalluta, Arica Ap.",-18.35555,-70.34028,1008.1
2001-01-01,200006.0,Diego Aracena Iquique Ap.,-20.54917,-70.18111,1008.5
2001-01-01,270001.0,Mataveri  Isla de Pascua Ap.,-27.15889,-109.4325,1012.3
2001-01-01,290004.0,"La Florida, La Serena Ad.",-29.91444,-71.20667,998.1
2001-01-01,330020.0,"Quinta Normal, Santiago",-33.445,-70.68278,954.0
2001-01-01,330021.0,Pudahuel Santiago ,-33.37833,-70.78778,958.6
2001-01-01,330030.0,"Santo Domingo, Ad.",-33.65611,-71.61333,
2001-01-01,330031.0,"Juan Fernández, Estación Meteorológica.",-33.63583,-78.83305,1012.9
2001-01-01,360011.0,"General Bernardo O'Higgins, Chillán Ad.",-36.58583,-72.03667,996.3
2001-01-01,390006.0,"Pichoy, Valdivia Ad.",-39.65667,-73.08722,1012.5
2001-01-01,400009.0,"Cañal Bajo,  Osorno Ad.",-40.61444,-73.0575,1008.7
2001-01-01,410005.0,El Tepual  Puerto Montt Ap.,-41.4475,-73.09583,1006.8
2001-01-01,430002.0,Futaleufú Ad.,-43.18889,-71.85222,972.9
2001-01-01,450004.0,"Teniente Vidal, Coyhaique Ad.",-45.59083,-72.10222,975.8
2001-01-01,450005.0,Balmaceda Ad.,-45.91833,-71.67778,948.8
2001-01-01,520006.0,"Carlos Ibañez, Punta Arenas Ap.",-53.00167,-70.83861,991.4
