date,CodigoNacional,nombreEstacion,latitud,longitud,presion_qfe_mean
2011-01-01,180005.0,"Chacalluta, Arica Ap.",-18.35555,-70.34028,1008.3739130434782
2011-01-01,200006.0,Diego Aracena Iquique Ap.,-20.54917,-70.18111,1007.4714285714286
2011-01-01,220002.0,"El Loa, Calama Ad.",-22.49806,-68.8925,774.8666666666667
2011-01-01,270001.0,Mataveri  Isla de Pascua Ap.,-27.15889,-109.4325,1014.7611111111112
2011-01-01,270008.0,"Desierto de Atacama, Caldera  Ad.",-27.25444,-70.78111,993.075
2011-01-01,290004.0,"La Florida, La Serena Ad.",-29.91444,-71.20667,997.9652173913043
2011-01-01,330007.0,"Rodelillo, Ad.",-33.06528,-71.55639,975.0
2011-01-01,330019.0,"Eulogio Sánchez, Tobalaba Ad.",-33.45528,-70.54861,938.275
2011-01-01,330020.0,"Quinta Normal, Santiago",-33.445,-70.68278,952.3000000000001
2011-01-01,330021.0,Pudahuel Santiago ,-33.37833,-70.78778,957.1565217391304
2011-01-01,330030.0,"Santo Domingo, Ad.",-33.65611,-71.61333,1006.3307692307692
2011-01-01,330031.0,"Juan Fernández, Estación Meteorológica.",-33.63583,-78.83305,1009.5333333333333
2011-01-01,340031.0,"General Freire, Curicó Ad.",-34.96944,-71.21694,985.125
2011-01-01,360011.0,"General Bernardo O'Higgins, Chillán Ad.",-36.58583,-72.03667,995.51
2011-01-01,360019.0,"Carriel Sur, Concepción Ap.",-36.78055,-73.06639,1012.4652173913043
2011-01-01,370033.0,"María Dolores, Los Angeles Ad.",-37.39694,-72.42389,
2011-01-01,380013.0,"Maquehue, Temuco Ad.",-38.76778,-72.63194,1001.3571428571429
2011-01-01,400009.0,"Cañal Bajo,  Osorno Ad.",-40.61444,-73.0575,1003.2
2011-01-01,410005.0,El Tepual  Puerto Montt Ap.,-41.4475,-73.09583,1001.6521739130435
2011-01-01,450004.0,"Teniente Vidal, Coyhaique Ad.",-45.59083,-72.10222,974.6999999999999
2011-01-01,450005.0,Balmaceda Ad.,-45.91833,-71.67778,952.175
2011-01-01,520006.0,"Carlos Ibañez, Punta Arenas Ap.",-53.00167,-70.83861,1007.5454545454545
2011-01-01,550001.0,"Guardiamarina Zañartu, Pto Williams Ad.",-54.93167,-67.61556,1005.3666666666667
2011-01-01,950001.0,"C.M.A. Eduardo Frei Montalva, Antártica ",-62.19194,-58.97972,984.9
2011-01-02,180005.0,"Chacalluta, Arica Ap.",-18.35555,-70.34028,1008.3791666666666
2011-01-02,200006.0,Diego Aracena Iquique Ap.,-20.54917,-70.18111,1007.275
2011-01-02,220002.0,"El Loa, Calama Ad.",-22.49806,-68.8925,775.25
2011-01-02,270001.0,Mataveri  Isla de Pascua Ap.,-27.15889,-109.4325,1015.142105263158
2011-01-02,270008.0,"Desierto de Atacama, Caldera  Ad.",-27.25444,-70.78111,992.85
2011-01-02,290004.0,"La Florida, La Serena Ad.",-29.91444,-71.20667,998.8333333333334
2011-01-02,330007.0,"Rodelillo, Ad.",-33.06528,-71.55639,975.6
2011-01-02,330019.0,"Eulogio Sánchez, Tobalaba Ad.",-33.45528,-70.54861,939.0
2011-01-02,330020.0,"Quinta Normal, Santiago",-33.445,-70.68278,953.2625
2011-01-02,330021.0,Pudahuel Santiago ,-33.37833,-70.78778,958.3695652173913
2011-01-02,330030.0,"Santo Domingo, Ad.",-33.65611,-71.61333,1006.907142857143
2011-01-02,330031.0,"Juan Fernández, Estación Meteorológica.",-33.63583,-78.83305,1007.775
2011-01-02,340031.0,"General Freire, Curicó Ad.",-34.96944,-71.21694,985.8
2011-01-02,360011.0,"General Bernardo O'Higgins, Chillán Ad.",-36.58583,-72.03667,996.61
2011-01-02,360019.0,"Carriel Sur, Concepción Ap.",-36.78055,-73.06639,1013.0083333333333
2011-01-02,370033.0,"María Dolores, Los Angeles Ad.",-37.39694,-72.42389,
2011-01-02,380013.0,"Maquehue, Temuco Ad.",-38.76778,-72.63194,1002.1875
2011-01-02,400009.0,"Cañal Bajo,  Osorno Ad.",-40.61444,-73.0575,1005.3636363636364
2011-01-02,410005.0,El Tepual  Puerto Montt Ap.,-41.4475,-73.09583,1001.6583333333333
2011-01-02,450004.0,"Teniente Vidal, Coyhaique Ad.",-45.59083,-72.10222,970.5538461538462
2011-01-02,450005.0,Balmaceda Ad.,-45.91833,-71.67778,947.7
2011-01-02,520006.0,"Carlos Ibañez, Punta Arenas Ap.",-53.00167,-70.83861,1004.1363636363636
2011-01-02,550001.0,"Guardiamarina Zañartu, Pto Williams Ad.",-54.93167,-67.61556,1007.54
2011-01-02,950001.0,"C.M.A. Eduardo Frei Montalva, Antártica ",-62.19194,-58.97972,994.0625
2011-01-03,180005.0,"Chacalluta, Arica Ap.",-18.35555,-70.34028,1008.3208333333333
2011-01-03,200006.0,Diego Aracena Iquique Ap.,-20.54917,-70.18111,1007.2125
2011-01-03,220002.0,"El Loa, Calama Ad.",-22.49806,-68.8925,775.0
2011-01-03,270001.0,Mataveri  Isla de Pascua Ap.,-27.15889,-109.4325,1014.6947368421053
2011-01-03,270008.0,"Desierto de Atacama, Caldera  Ad.",-27.25444,-70.78111,993.3399999999999
2011-01-03,290004.0,"La Florida, La Serena Ad.",-29.91444,-71.20667,998.3916666666668
2011-01-03,330007.0,"Rodelillo, Ad.",-33.06528,-71.55639,975.2
2011-01-03,330019.0,"Eulogio Sánchez, Tobalaba Ad.",-33.45528,-70.54861,939.28
2011-01-03,330020.0,"Quinta Normal, Santiago",-33.445,-70.68278,953.45
2011-01-03,330021.0,Pudahuel Santiago ,-33.37833,-70.78778,958.4125
2011-01-03,330030.0,"Santo Domingo, Ad.",-33.65611,-71.61333,1007.5642857142857
2011-01-03,330031.0,"Juan Fernández, Estación Meteorológica.",-33.63583,-78.83305,1009.05
2011-01-03,340031.0,"General Freire, Curicó Ad.",-34.96944,-71.21694,986.2
2011-01-03,360011.0,"General Bernardo O'Higgins, Chillán Ad.",-36.58583,-72.03667,996.2299999999999
2011-01-03,360019.0,"Carriel Sur, Concepción Ap.",-36.78055,-73.06639,1013.1291666666666
2011-01-03,370033.0,"María Dolores, Los Angeles Ad.",-37.39694,-72.42389,999.9
2011-01-03,380013.0,"Maquehue, Temuco Ad.",-38.76778,-72.63194,1001.8
2011-01-03,400009.0,"Cañal Bajo,  Osorno Ad.",-40.61444,-73.0575,1004.7818181818183
2011-01-03,410005.0,El Tepual  Puerto Montt Ap.,-41.4475,-73.09583,1000.6583333333333
2011-01-03,430001.0,Quellón Ad.,-43.13361,-73.63278,1007.4333333333334
2011-01-03,430002.0,Futaleufú Ad.,-43.18889,-71.85222,968.3000000000001
2011-01-03,450004.0,"Teniente Vidal, Coyhaique Ad.",-45.59083,-72.10222,969.676923076923
2011-01-03,450005.0,Balmaceda Ad.,-45.91833,-71.67778,945.22
2011-01-03,510005.0,"Teniente Gallardo, Puerto Natales Ad.",-51.66722,-72.52889,994.6333333333333
2011-01-03,520006.0,"Carlos Ibañez, Punta Arenas Ap.",-53.00167,-70.83861,998.3666666666667
2011-01-03,530005.0,"Fuentes Martínez, Porvenir Ad.",-53.25361,-70.32611,998.35
2011-01-03,550001.0,"Guardiamarina Zañartu, Pto Williams Ad.",-54.93167,-67.61556,1001.6090909090909
2011-01-03,950001.0,"C.M.A. Eduardo Frei Montalva, Antártica ",-62.19194,-58.97972,999.525
2011-01-04,180005.0,"Chacalluta, Arica Ap.",-18.35555,-70.34028,1009.4458333333333
2011-01-04,200006.0,Diego Aracena Iquique Ap.,-20.54917,-70.18111,1008.3000000000001
2011-01-04,220002.0,"El Loa, Calama Ad.",-22.49806,-68.8925,775.3199999999999
2011-01-04,270001.0,Mataveri  Isla de Pascua Ap.,-27.15889,-109.4325,1014.9578947368421
2011-01-04,270008.0,"Desierto de Atacama, Caldera  Ad.",-27.25444,-70.78111,993.8
2011-01-04,290004.0,"La Florida, La Serena Ad.",-29.91444,-71.20667,999.5166666666668
2011-01-04,330007.0,"Rodelillo, Ad.",-33.06528,-71.55639,977.6
2011-01-04,330019.0,"Eulogio Sánchez, Tobalaba Ad.",-33.45528,-70.54861,942.22
2011-01-04,330020.0,"Quinta Normal, Santiago",-33.445,-70.68278,956.175
2011-01-04,330021.0,Pudahuel Santiago ,-33.37833,-70.78778,961.3249999999999
2011-01-04,330030.0,"Santo Domingo, Ad.",-33.65611,-71.61333,1010.1214285714286
2011-01-04,330031.0,"Juan Fernández, Estación Meteorológica.",-33.63583,-78.83305,1017.8
2011-01-04,340031.0,"General Freire, Curicó Ad.",-34.96944,-71.21694,989.4200000000001
2011-01-04,360011.0,"General Bernardo O'Higgins, Chillán Ad.",-36.58583,-72.03667,1001.07
2011-01-04,360019.0,"Carriel Sur, Concepción Ap.",-36.78055,-73.06639,1016.6208333333334
2011-01-04,370033.0,"María Dolores, Los Angeles Ad.",-37.39694,-72.42389,1005.0
2011-01-04,380013.0,"Maquehue, Temuco Ad.",-38.76778,-72.63194,1006.8125
2011-01-04,400009.0,"Cañal Bajo,  Osorno Ad.",-40.61444,-73.0575,1013.7166666666667
2011-01-04,410005.0,El Tepual  Puerto Montt Ap.,-41.4475,-73.09583,1008.1291666666666
2011-01-04,430001.0,Quellón Ad.,-43.13361,-73.63278,1019.3000000000001
2011-01-04,430002.0,Futaleufú Ad.,-43.18889,-71.85222,977.0
2011-01-04,450004.0,"Teniente Vidal, Coyhaique Ad.",-45.59083,-72.10222,979.2615384615384
2011-01-04,450005.0,Balmaceda Ad.,-45.91833,-71.67778,952.18
2011-01-04,510005.0,"Teniente Gallardo, Puerto Natales Ad.",-51.66722,-72.52889,996.6
2011-01-04,520006.0,"Carlos Ibañez, Punta Arenas Ap.",-53.00167,-70.83861,997.6
2011-01-04,530005.0,"Fuentes Martínez, Porvenir Ad.",-53.25361,-70.32611,1000.175
2011-01-04,550001.0,"Guardiamarina Zañartu, Pto Williams Ad.",-54.93167,-67.61556,998.3909090909091
2011-01-04,950001.0,"C.M.A. Eduardo Frei Montalva, Antártica ",-62.19194,-58.97972,987.6875
2011-01-05,180005.0,"Chacalluta, Arica Ap.",-18.35555,-70.34028,1008.875
2011-01-05,200006.0,Diego Aracena Iquique Ap.,-20.54917,-70.18111,1007.825
2011-01-05,220002.0,"El Loa, Calama Ad.",-22.49806,-68.8925,775.075
2011-01-05,270001.0,Mataveri  Isla de Pascua Ap.,-27.15889,-109.4325,1016.4833333333332
2011-01-05,270008.0,"Desierto de Atacama, Caldera  Ad.",-27.25444,-70.78111,992.2
2011-01-05,290004.0,"La Florida, La Serena Ad.",-29.91444,-71.20667,997.0
2011-01-05,330007.0,"Rodelillo, Ad.",-33.06528,-71.55639,974.2
2011-01-05,330019.0,"Eulogio Sánchez, Tobalaba Ad.",-33.45528,-70.54861,939.4399999999999
2011-01-05,330020.0,"Quinta Normal, Santiago",-33.445,-70.68278,954.2375
2011-01-05,330021.0,Pudahuel Santiago ,-33.37833,-70.78778,959.0666666666666
2011-01-05,330030.0,"Santo Domingo, Ad.",-33.65611,-71.61333,1005.1857142857143
2011-01-05,330031.0,"Juan Fernández, Estación Meteorológica.",-33.63583,-78.83305,1020.2
2011-01-05,340031.0,"General Freire, Curicó Ad.",-34.96944,-71.21694,987.18
2011-01-05,360011.0,"General Bernardo O'Higgins, Chillán Ad.",-36.58583,-72.03667,997.6600000000001
2011-01-05,360019.0,"Carriel Sur, Concepción Ap.",-36.78055,-73.06639,1016.6125000000001
2011-01-05,370033.0,"María Dolores, Los Angeles Ad.",-37.39694,-72.42389,1003.5
2011-01-05,380013.0,"Maquehue, Temuco Ad.",-38.76778,-72.63194,1010.025
2011-01-05,400009.0,"Cañal Bajo,  Osorno Ad.",-40.61444,-73.0575,1014.8181818181819
2011-01-05,410005.0,El Tepual  Puerto Montt Ap.,-41.4475,-73.09583,1013.6416666666668
2011-01-05,430002.0,Futaleufú Ad.,-43.18889,-71.85222,982.5
2011-01-05,450004.0,"Teniente Vidal, Coyhaique Ad.",-45.59083,-72.10222,985.4846153846154
2011-01-05,450005.0,Balmaceda Ad.,-45.91833,-71.67778,960.6
2011-01-05,510005.0,"Teniente Gallardo, Puerto Natales Ad.",-51.66722,-72.52889,1010.1666666666666
2011-01-05,520006.0,"Carlos Ibañez, Punta Arenas Ap.",-53.00167,-70.83861,1009.375
2011-01-05,530005.0,"Fuentes Martínez, Porvenir Ad.",-53.25361,-70.32611,1012.675
2011-01-05,550001.0,"Guardiamarina Zañartu, Pto Williams Ad.",-54.93167,-67.61556,1008.4909090909091
2011-01-05,950001.0,"C.M.A. Eduardo Frei Montalva, Antártica ",-62.19194,-58.97972,984.2
2011-01-06,180005.0,"Chacalluta, Arica Ap.",-18.35555,-70.34028,1009.0583333333334
2011-01-06,200006.0,Diego Aracena Iquique Ap.,-20.54917,-70.18111,1008.125
2011-01-06,220002.0,"El Loa, Calama Ad.",-22.49806,-68.8925,774.9625
2011-01-06,270001.0,Mataveri  Isla de Pascua Ap.,-27.15889,-109.4325,1018.7315789473685
2011-01-06,270008.0,"Desierto de Atacama, Caldera  Ad.",-27.25444,-70.78111,992.96
2011-01-06,290004.0,"La Florida, La Serena Ad.",-29.91444,-71.20667,997.525
2011-01-06,330007.0,"Rodelillo, Ad.",-33.06528,-71.55639,974.2
2011-01-06,330019.0,"Eulogio Sánchez, Tobalaba Ad.",-33.45528,-70.54861,937.24
2011-01-06,330020.0,"Quinta Normal, Santiago",-33.445,-70.68278,950.8375
2011-01-06,330021.0,Pudahuel Santiago ,-33.37833,-70.78778,955.7666666666668
2011-01-06,330030.0,"Santo Domingo, Ad.",-33.65611,-71.61333,1005.4142857142857
2011-01-06,330031.0,"Juan Fernández, Estación Meteorológica.",-33.63583,-78.83305,1016.125
2011-01-06,340031.0,"General Freire, Curicó Ad.",-34.96944,-71.21694,983.26
2011-01-06,360011.0,"General Bernardo O'Higgins, Chillán Ad.",-36.58583,-72.03667,993.0899999999999
2011-01-06,360019.0,"Carriel Sur, Concepción Ap.",-36.78055,-73.06639,1009.9499999999999
2011-01-06,370033.0,"María Dolores, Los Angeles Ad.",-37.39694,-72.42389,996.5
2011-01-06,380013.0,"Maquehue, Temuco Ad.",-38.76778,-72.63194,1002.5125
2011-01-06,400009.0,"Cañal Bajo,  Osorno Ad.",-40.61444,-73.0575,1008.7583333333333
2011-01-06,410005.0,El Tepual  Puerto Montt Ap.,-41.4475,-73.09583,1007.2791666666667
2011-01-06,430002.0,Futaleufú Ad.,-43.18889,-71.85222,976.6999999999999
2011-01-06,450004.0,"Teniente Vidal, Coyhaique Ad.",-45.59083,-72.10222,978.8076923076923
2011-01-06,450005.0,Balmaceda Ad.,-45.91833,-71.67778,956.5600000000001
2011-01-06,510005.0,"Teniente Gallardo, Puerto Natales Ad.",-51.66722,-72.52889,1004.1333333333333
2011-01-06,520006.0,"Carlos Ibañez, Punta Arenas Ap.",-53.00167,-70.83861,1009.0791666666668
2011-01-06,530005.0,"Fuentes Martínez, Porvenir Ad.",-53.25361,-70.32611,1009.125
2011-01-06,550001.0,"Guardiamarina Zañartu, Pto Williams Ad.",-54.93167,-67.61556,1009.8923076923077
2011-01-06,950001.0,"C.M.A. Eduardo Frei Montalva, Antártica ",-62.19194,-58.97972,990.0
2011-01-07,180005.0,"Chacalluta, Arica Ap.",-18.35555,-70.34028,1008.5541666666667
2011-01-07,200006.0,Diego Aracena Iquique Ap.,-20.54917,-70.18111,1008.0125
2011-01-07,220002.0,"El Loa, Calama Ad.",-22.49806,-68.8925,774.9399999999999
2011-01-07,270001.0,Mataveri  Isla de Pascua Ap.,-27.15889,-109.4325,1018.5684210526315
2011-01-07,270008.0,"Desierto de Atacama, Caldera  Ad.",-27.25444,-70.78111,992.8
2011-01-07,290004.0,"La Florida, La Serena Ad.",-29.91444,-71.20667,998.35
2011-01-07,330007.0,"Rodelillo, Ad.",-33.06528,-71.55639,975.6
2011-01-07,330019.0,"Eulogio Sánchez, Tobalaba Ad.",-33.45528,-70.54861,939.3399999999999
2011-01-07,330020.0,"Quinta Normal, Santiago",-33.445,-70.68278,953.525
2011-01-07,330021.0,Pudahuel Santiago ,-33.37833,-70.78778,958.5291666666667
2011-01-07,330030.0,"Santo Domingo, Ad.",-33.65611,-71.61333,1007.157142857143
2011-01-07,330031.0,"Juan Fernández, Estación Meteorológica.",-33.63583,-78.83305,1015.725
2011-01-07,340031.0,"General Freire, Curicó Ad.",-34.96944,-71.21694,986.86
2011-01-07,360011.0,"General Bernardo O'Higgins, Chillán Ad.",-36.58583,-72.03667,997.86
2011-01-07,360019.0,"Carriel Sur, Concepción Ap.",-36.78055,-73.06639,1013.7333333333332
2011-01-07,370033.0,"María Dolores, Los Angeles Ad.",-37.39694,-72.42389,1001.5
2011-01-07,380013.0,"Maquehue, Temuco Ad.",-38.76778,-72.63194,1002.9
2011-01-07,400009.0,"Cañal Bajo,  Osorno Ad.",-40.61444,-73.0575,1007.6363636363636
2011-01-07,410005.0,El Tepual  Puerto Montt Ap.,-41.4475,-73.09583,1004.1625
2011-01-07,430002.0,Futaleufú Ad.,-43.18889,-71.85222,970.1333333333333
2011-01-07,450004.0,"Teniente Vidal, Coyhaique Ad.",-45.59083,-72.10222,973.5384615384615
2011-01-07,450005.0,Balmaceda Ad.,-45.91833,-71.67778,948.5200000000001
2011-01-07,510005.0,"Teniente Gallardo, Puerto Natales Ad.",-51.66722,-72.52889,1007.2666666666668
2011-01-07,520006.0,"Carlos Ibañez, Punta Arenas Ap.",-53.00167,-70.83861,1006.9041666666667
2011-01-07,530005.0,"Fuentes Martínez, Porvenir Ad.",-53.25361,-70.32611,1009.55
2011-01-07,550001.0,"Guardiamarina Zañartu, Pto Williams Ad.",-54.93167,-67.61556,1008.58
2011-01-07,950001.0,"C.M.A. Eduardo Frei Montalva, Antártica ",-62.19194,-58.97972,995.25
2011-01-08,180005.0,"Chacalluta, Arica Ap.",-18.35555,-70.34028,1007.8541666666666
2011-01-08,200006.0,Diego Aracena Iquique Ap.,-20.54917,-70.18111,1006.9625
2011-01-08,220002.0,"El Loa, Calama Ad.",-22.49806,-68.8925,774.76
2011-01-08,270001.0,Mataveri  Isla de Pascua Ap.,-27.15889,-109.4325,1016.7368421052631
2011-01-08,270008.0,"Desierto de Atacama, Caldera  Ad.",-27.25444,-70.78111,992.5200000000001
2011-01-08,290004.0,"La Florida, La Serena Ad.",-29.91444,-71.20667,998.3083333333334
2011-01-08,330007.0,"Rodelillo, Ad.",-33.06528,-71.55639,975.2
2011-01-08,330019.0,"Eulogio Sánchez, Tobalaba Ad.",-33.45528,-70.54861,939.22
2011-01-08,330020.0,"Quinta Normal, Santiago",-33.445,-70.68278,953.3625
2011-01-08,330021.0,Pudahuel Santiago ,-33.37833,-70.78778,958.3874999999999
2011-01-08,330030.0,"Santo Domingo, Ad.",-33.65611,-71.61333,1006.7214285714286
2011-01-08,330031.0,"Juan Fernández, Estación Meteorológica.",-33.63583,-78.83305,1017.175
2011-01-08,340031.0,"General Freire, Curicó Ad.",-34.96944,-71.21694,986.54
2011-01-08,360011.0,"General Bernardo O'Higgins, Chillán Ad.",-36.58583,-72.03667,994.65
2011-01-08,360019.0,"Carriel Sur, Concepción Ap.",-36.78055,-73.06639,1014.9833333333332
2011-01-08,370033.0,"María Dolores, Los Angeles Ad.",-37.39694,-72.42389,
2011-01-08,380013.0,"Maquehue, Temuco Ad.",-38.76778,-72.63194,1007.4875
2011-01-08,400009.0,"Cañal Bajo,  Osorno Ad.",-40.61444,-73.0575,1014.45
2011-01-08,410005.0,El Tepual  Puerto Montt Ap.,-41.4475,-73.09583,1010.6916666666666
2011-01-08,450004.0,"Teniente Vidal, Coyhaique Ad.",-45.59083,-72.10222,983.1538461538462
2011-01-08,450005.0,Balmaceda Ad.,-45.91833,-71.67778,957.5200000000001
2011-01-08,520006.0,"Carlos Ibañez, Punta Arenas Ap.",-53.00167,-70.83861,1009.2208333333333
2011-01-08,530005.0,"Fuentes Martínez, Porvenir Ad.",-53.25361,-70.32611,1012.2
2011-01-08,550001.0,"Guardiamarina Zañartu, Pto Williams Ad.",-54.93167,-67.61556,1007.8909090909091
2011-01-08,950001.0,"C.M.A. Eduardo Frei Montalva, Antártica ",-62.19194,-58.97972,992.15
2011-01-09,180005.0,"Chacalluta, Arica Ap.",-18.35555,-70.34028,1007.8458333333333
2011-01-09,200006.0,Diego Aracena Iquique Ap.,-20.54917,-70.18111,1006.8
2011-01-09,220002.0,"El Loa, Calama Ad.",-22.49806,-68.8925,775.175
2011-01-09,270001.0,Mataveri  Isla de Pascua Ap.,-27.15889,-109.4325,1014.9083333333333
2011-01-09,270008.0,"Desierto de Atacama, Caldera  Ad.",-27.25444,-70.78111,991.96
2011-01-09,290004.0,"La Florida, La Serena Ad.",-29.91444,-71.20667,997.1416666666668
2011-01-09,330007.0,"Rodelillo, Ad.",-33.06528,-71.55639,974.0
2011-01-09,330019.0,"Eulogio Sánchez, Tobalaba Ad.",-33.45528,-70.54861,937.36
2011-01-09,330020.0,"Quinta Normal, Santiago",-33.445,-70.68278,951.0875
2011-01-09,330021.0,Pudahuel Santiago ,-33.37833,-70.78778,956.0541666666667
2011-01-09,330030.0,"Santo Domingo, Ad.",-33.65611,-71.61333,1005.05
2011-01-09,330031.0,"Juan Fernández, Estación Meteorológica.",-33.63583,-78.83305,1014.35
2011-01-09,340031.0,"General Freire, Curicó Ad.",-34.96944,-71.21694,983.4
2011-01-09,360011.0,"General Bernardo O'Higgins, Chillán Ad.",-36.58583,-72.03667,989.65
2011-01-09,360019.0,"Carriel Sur, Concepción Ap.",-36.78055,-73.06639,1010.5291666666667
2011-01-09,370033.0,"María Dolores, Los Angeles Ad.",-37.39694,-72.42389,
2011-01-09,380013.0,"Maquehue, Temuco Ad.",-38.76778,-72.63194,1002.1625
2011-01-09,400009.0,"Cañal Bajo,  Osorno Ad.",-40.61444,-73.0575,1006.5600000000001
2011-01-09,410005.0,El Tepual  Puerto Montt Ap.,-41.4475,-73.09583,1006.975
2011-01-09,450004.0,"Teniente Vidal, Coyhaique Ad.",-45.59083,-72.10222,977.5999999999999
2011-01-09,450005.0,Balmaceda Ad.,-45.91833,-71.67778,954.1600000000001
2011-01-09,510005.0,"Teniente Gallardo, Puerto Natales Ad.",-51.66722,-72.52889,998.7
2011-01-09,520006.0,"Carlos Ibañez, Punta Arenas Ap.",-53.00167,-70.83861,999.4217391304348
2011-01-09,530005.0,"Fuentes Martínez, Porvenir Ad.",-53.25361,-70.32611,1000.0
2011-01-09,550001.0,"Guardiamarina Zañartu, Pto Williams Ad.",-54.93167,-67.61556,997.175
2011-01-09,950001.0,"C.M.A. Eduardo Frei Montalva, Antártica ",-62.19194,-58.97972,983.6
2011-01-10,180005.0,"Chacalluta, Arica Ap.",-18.35555,-70.34028,1007.8083333333334
2011-01-10,200006.0,Diego Aracena Iquique Ap.,-20.54917,-70.18111,1007.05
2011-01-10,220002.0,"El Loa, Calama Ad.",-22.49806,-68.8925,775.1
2011-01-10,270001.0,Mataveri  Isla de Pascua Ap.,-27.15889,-109.4325,1014.1894736842105
2011-01-10,270008.0,"Desierto de Atacama, Caldera  Ad.",-27.25444,-70.78111,992.2625
2011-01-10,290004.0,"La Florida, La Serena Ad.",-29.91444,-71.20667,998.0541666666667
2011-01-10,330007.0,"Rodelillo, Ad.",-33.06528,-71.55639,975.2
2011-01-10,330019.0,"Eulogio Sánchez, Tobalaba Ad.",-33.45528,-70.54861,938.72
2011-01-10,330020.0,"Quinta Normal, Santiago",-33.445,-70.68278,953.0125
2011-01-10,330021.0,Pudahuel Santiago ,-33.37833,-70.78778,957.9782608695652
2011-01-10,330030.0,"Santo Domingo, Ad.",-33.65611,-71.61333,1006.4785714285714
2011-01-10,330031.0,"Juan Fernández, Estación Meteorológica.",-33.63583,-78.83305,1013.975
2011-01-10,340031.0,"General Freire, Curicó Ad.",-34.96944,-71.21694,985.3799999999999
2011-01-10,360011.0,"General Bernardo O'Higgins, Chillán Ad.",-36.58583,-72.03667,992.76
2011-01-10,360019.0,"Carriel Sur, Concepción Ap.",-36.78055,-73.06639,1013.0749999999999
2011-01-10,370033.0,"María Dolores, Los Angeles Ad.",-37.39694,-72.42389,999.3499999999999
2011-01-10,380013.0,"Maquehue, Temuco Ad.",-38.76778,-72.63194,1001.5625
2011-01-10,400009.0,"Cañal Bajo,  Osorno Ad.",-40.61444,-73.0575,1005.9416666666666
2011-01-10,410005.0,El Tepual  Puerto Montt Ap.,-41.4475,-73.09583,1002.7833333333333
2011-01-10,430002.0,Futaleufú Ad.,-43.18889,-71.85222,969.1666666666666
2011-01-10,450004.0,"Teniente Vidal, Coyhaique Ad.",-45.59083,-72.10222,971.2153846153846
2011-01-10,450005.0,Balmaceda Ad.,-45.91833,-71.67778,945.8
2011-01-10,510005.0,"Teniente Gallardo, Puerto Natales Ad.",-51.66722,-72.52889,989.6333333333333
2011-01-10,520006.0,"Carlos Ibañez, Punta Arenas Ap.",-53.00167,-70.83861,988.3833333333333
2011-01-10,530005.0,"Fuentes Martínez, Porvenir Ad.",-53.25361,-70.32611,988.875
2011-01-10,550001.0,"Guardiamarina Zañartu, Pto Williams Ad.",-54.93167,-67.61556,984.1142857142858
2011-01-10,950001.0,"C.M.A. Eduardo Frei Montalva, Antártica ",-62.19194,-58.97972,980.65
2011-01-11,180005.0,"Chacalluta, Arica Ap.",-18.35555,-70.34028,1006.8625000000001
2011-01-11,200006.0,Diego Aracena Iquique Ap.,-20.54917,-70.18111,1006.0
2011-01-11,220002.0,"El Loa, Calama Ad.",-22.49806,-68.8925,773.86
2011-01-11,270001.0,Mataveri  Isla de Pascua Ap.,-27.15889,-109.4325,1014.3842105263158
2011-01-11,270008.0,"Desierto de Atacama, Caldera  Ad.",-27.25444,-70.78111,991.1375
2011-01-11,290004.0,"La Florida, La Serena Ad.",-29.91444,-71.20667,996.5958333333333
2011-01-11,330007.0,"Rodelillo, Ad.",-33.06528,-71.55639,974.0
2011-01-11,330019.0,"Eulogio Sánchez, Tobalaba Ad.",-33.45528,-70.54861,937.72
2011-01-11,330020.0,"Quinta Normal, Santiago",-33.445,-70.68278,952.0625
2011-01-11,330021.0,Pudahuel Santiago ,-33.37833,-70.78778,956.9125
2011-01-11,330030.0,"Santo Domingo, Ad.",-33.65611,-71.61333,1006.1928571428571
2011-01-11,330031.0,"Juan Fernández, Estación Meteorológica.",-33.63583,-78.83305,1014.275
2011-01-11,340031.0,"General Freire, Curicó Ad.",-34.96944,-71.21694,984.5600000000001
2011-01-11,360011.0,"General Bernardo O'Higgins, Chillán Ad.",-36.58583,-72.03667,992.1899999999999
2011-01-11,360019.0,"Carriel Sur, Concepción Ap.",-36.78055,-73.06639,1012.5666666666666
2011-01-11,370033.0,"María Dolores, Los Angeles Ad.",-37.39694,-72.42389,999.65
2011-01-11,380013.0,"Maquehue, Temuco Ad.",-38.76778,-72.63194,1003.925
2011-01-11,400009.0,"Cañal Bajo,  Osorno Ad.",-40.61444,-73.0575,1007.5083333333333
2011-01-11,410005.0,El Tepual  Puerto Montt Ap.,-41.4475,-73.09583,1004.3083333333334
2011-01-11,430002.0,Futaleufú Ad.,-43.18889,-71.85222,971.2333333333332
2011-01-11,450004.0,"Teniente Vidal, Coyhaique Ad.",-45.59083,-72.10222,968.5461538461539
2011-01-11,450005.0,Balmaceda Ad.,-45.91833,-71.67778,946.86
2011-01-11,510005.0,"Teniente Gallardo, Puerto Natales Ad.",-51.66722,-72.52889,987.7333333333332
2011-01-11,520006.0,"Carlos Ibañez, Punta Arenas Ap.",-53.00167,-70.83861,991.85
2011-01-11,530005.0,"Fuentes Martínez, Porvenir Ad.",-53.25361,-70.32611,990.825
2011-01-11,550001.0,"Guardiamarina Zañartu, Pto Williams Ad.",-54.93167,-67.61556,992.3727272727273
2011-01-11,950001.0,"C.M.A. Eduardo Frei Montalva, Antártica ",-62.19194,-58.97972,981.0
2011-01-12,180005.0,"Chacalluta, Arica Ap.",-18.35555,-70.34028,1007.0625
2011-01-12,200006.0,Diego Aracena Iquique Ap.,-20.54917,-70.18111,1006.325
2011-01-12,220002.0,"El Loa, Calama Ad.",-22.49806,-68.8925,773.9399999999999
2011-01-12,270001.0,Mataveri  Isla de Pascua Ap.,-27.15889,-109.4325,1015.0541666666667
2011-01-12,270008.0,"Desierto de Atacama, Caldera  Ad.",-27.25444,-70.78111,991.375
2011-01-12,290004.0,"La Florida, La Serena Ad.",-29.91444,-71.20667,996.6166666666667
2011-01-12,330007.0,"Rodelillo, Ad.",-33.06528,-71.55639,973.6
2011-01-12,330019.0,"Eulogio Sánchez, Tobalaba Ad.",-33.45528,-70.54861,937.3399999999999
2011-01-12,330020.0,"Quinta Normal, Santiago",-33.445,-70.68278,951.2375
2011-01-12,330021.0,Pudahuel Santiago ,-33.37833,-70.78778,956.1374999999999
2011-01-12,330030.0,"Santo Domingo, Ad.",-33.65611,-71.61333,1004.6714285714286
2011-01-12,330031.0,"Juan Fernández, Estación Meteorológica.",-33.63583,-78.83305,1014.45
2011-01-12,340031.0,"General Freire, Curicó Ad.",-34.96944,-71.21694,983.9200000000001
2011-01-12,360011.0,"General Bernardo O'Higgins, Chillán Ad.",-36.58583,-72.03667,991.9555555555556
2011-01-12,360019.0,"Carriel Sur, Concepción Ap.",-36.78055,-73.06639,1012.4625
2011-01-12,370033.0,"María Dolores, Los Angeles Ad.",-37.39694,-72.42389,999.4
2011-01-12,380013.0,"Maquehue, Temuco Ad.",-38.76778,-72.63194,1003.7125
2011-01-12,400009.0,"Cañal Bajo,  Osorno Ad.",-40.61444,-73.0575,1007.1083333333332
2011-01-12,410005.0,El Tepual  Puerto Montt Ap.,-41.4475,-73.09583,1003.8791666666666
2011-01-12,430002.0,Futaleufú Ad.,-43.18889,-71.85222,969.4333333333334
2011-01-12,450004.0,"Teniente Vidal, Coyhaique Ad.",-45.59083,-72.10222,965.4461538461538
2011-01-12,450005.0,Balmaceda Ad.,-45.91833,-71.67778,941.5799999999999
2011-01-12,510005.0,"Teniente Gallardo, Puerto Natales Ad.",-51.66722,-72.52889,982.8000000000001
2011-01-12,520006.0,"Carlos Ibañez, Punta Arenas Ap.",-53.00167,-70.83861,984.1291666666666
2011-01-12,530005.0,"Fuentes Martínez, Porvenir Ad.",-53.25361,-70.32611,985.0
2011-01-12,550001.0,"Guardiamarina Zañartu, Pto Williams Ad.",-54.93167,-67.61556,984.8909090909091
2011-01-12,950001.0,"C.M.A. Eduardo Frei Montalva, Antártica ",-62.19194,-58.97972,983.45
2011-01-13,180005.0,"Chacalluta, Arica Ap.",-18.35555,-70.34028,1006.7708333333334
2011-01-13,200006.0,Diego Aracena Iquique Ap.,-20.54917,-70.18111,1005.9875000000001
2011-01-13,220002.0,"El Loa, Calama Ad.",-22.49806,-68.8925,774.3399999999999
2011-01-13,270001.0,Mataveri  Isla de Pascua Ap.,-27.15889,-109.4325,1015.7714285714286
2011-01-13,270008.0,"Desierto de Atacama, Caldera  Ad.",-27.25444,-70.78111,991.3399999999999
2011-01-13,290004.0,"La Florida, La Serena Ad.",-29.91444,-71.20667,996.8333333333334
2011-01-13,330007.0,"Rodelillo, Ad.",-33.06528,-71.55639,974.6
2011-01-13,330019.0,"Eulogio Sánchez, Tobalaba Ad.",-33.45528,-70.54861,938.0600000000001
2011-01-13,330020.0,"Quinta Normal, Santiago",-33.445,-70.68278,951.5125
2011-01-13,330021.0,Pudahuel Santiago ,-33.37833,-70.78778,956.4875000000001
2011-01-13,330030.0,"Santo Domingo, Ad.",-33.65611,-71.61333,1006.0071428571429
2011-01-13,330031.0,"Juan Fernández, Estación Meteorológica.",-33.63583,-78.83305,1013.05
2011-01-13,340031.0,"General Freire, Curicó Ad.",-34.96944,-71.21694,984.6
2011-01-13,360011.0,"General Bernardo O'Higgins, Chillán Ad.",-36.58583,-72.03667,992.3888888888889
2011-01-13,360019.0,"Carriel Sur, Concepción Ap.",-36.78055,-73.06639,1012.3291666666668
2011-01-13,370033.0,"María Dolores, Los Angeles Ad.",-37.39694,-72.42389,999.0
2011-01-13,380013.0,"Maquehue, Temuco Ad.",-38.76778,-72.63194,1001.4125
2011-01-13,400009.0,"Cañal Bajo,  Osorno Ad.",-40.61444,-73.0575,1003.5500000000001
2011-01-13,410005.0,El Tepual  Puerto Montt Ap.,-41.4475,-73.09583,999.1416666666668
2011-01-13,430001.0,Quellón Ad.,-43.13361,-73.63278,1008.6
2011-01-13,430002.0,Futaleufú Ad.,-43.18889,-71.85222,963.8333333333334
2011-01-13,450004.0,"Teniente Vidal, Coyhaique Ad.",-45.59083,-72.10222,965.4615384615385
2011-01-13,450005.0,Balmaceda Ad.,-45.91833,-71.67778,938.54
2011-01-13,510005.0,"Teniente Gallardo, Puerto Natales Ad.",-51.66722,-72.52889,985.4
2011-01-13,520006.0,"Carlos Ibañez, Punta Arenas Ap.",-53.00167,-70.83861,982.1374999999999
2011-01-13,530005.0,"Fuentes Martínez, Porvenir Ad.",-53.25361,-70.32611,986.825
2011-01-13,550001.0,"Guardiamarina Zañartu, Pto Williams Ad.",-54.93167,-67.61556,983.6923076923077
2011-01-13,950001.0,"C.M.A. Eduardo Frei Montalva, Antártica ",-62.19194,-58.97972,986.025
2011-01-14,180005.0,"Chacalluta, Arica Ap.",-18.35555,-70.34028,1007.1999999999999
2011-01-14,200006.0,Diego Aracena Iquique Ap.,-20.54917,-70.18111,1006.3125
2011-01-14,220002.0,"El Loa, Calama Ad.",-22.49806,-68.8925,775.04
2011-01-14,270001.0,Mataveri  Isla de Pascua Ap.,-27.15889,-109.4325,1015.0391304347827
2011-01-14,270008.0,"Desierto de Atacama, Caldera  Ad.",-27.25444,-70.78111,991.86
2011-01-14,290004.0,"La Florida, La Serena Ad.",-29.91444,-71.20667,996.7666666666668
2011-01-14,330007.0,"Rodelillo, Ad.",-33.06528,-71.55639,974.0
2011-01-14,330019.0,"Eulogio Sánchez, Tobalaba Ad.",-33.45528,-70.54861,938.1200000000001
2011-01-14,330020.0,"Quinta Normal, Santiago",-33.445,-70.68278,952.65
2011-01-14,330021.0,Pudahuel Santiago ,-33.37833,-70.78778,957.5875
2011-01-14,330030.0,"Santo Domingo, Ad.",-33.65611,-71.61333,1005.7642857142857
2011-01-14,330031.0,"Juan Fernández, Estación Meteorológica.",-33.63583,-78.83305,1012.825
2011-01-14,340031.0,"General Freire, Curicó Ad.",-34.96944,-71.21694,985.2
2011-01-14,360011.0,"General Bernardo O'Higgins, Chillán Ad.",-36.58583,-72.03667,992.311111111111
2011-01-14,360019.0,"Carriel Sur, Concepción Ap.",-36.78055,-73.06639,1013.5666666666666
2011-01-14,370033.0,"María Dolores, Los Angeles Ad.",-37.39694,-72.42389,999.5
2011-01-14,380013.0,"Maquehue, Temuco Ad.",-38.76778,-72.63194,1004.2625
2011-01-14,400009.0,"Cañal Bajo,  Osorno Ad.",-40.61444,-73.0575,1007.1999999999999
2011-01-14,410005.0,El Tepual  Puerto Montt Ap.,-41.4475,-73.09583,1004.7083333333334
2011-01-14,430001.0,Quellón Ad.,-43.13361,-73.63278,1012.2666666666668
2011-01-14,430002.0,Futaleufú Ad.,-43.18889,-71.85222,971.8666666666667
2011-01-14,450004.0,"Teniente Vidal, Coyhaique Ad.",-45.59083,-72.10222,971.7769230769231
2011-01-14,450005.0,Balmaceda Ad.,-45.91833,-71.67778,946.74
2011-01-14,510005.0,"Teniente Gallardo, Puerto Natales Ad.",-51.66722,-72.52889,989.2333333333332
2011-01-14,520006.0,"Carlos Ibañez, Punta Arenas Ap.",-53.00167,-70.83861,993.5916666666667
2011-01-14,530005.0,"Fuentes Martínez, Porvenir Ad.",-53.25361,-70.32611,993.2666666666668
2011-01-14,550001.0,"Guardiamarina Zañartu, Pto Williams Ad.",-54.93167,-67.61556,994.0363636363636
2011-01-14,950001.0,"C.M.A. Eduardo Frei Montalva, Antártica ",-62.19194,-58.97972,984.65
2011-01-15,180005.0,"Chacalluta, Arica Ap.",-18.35555,-70.34028,1008.0666666666666
2011-01-15,200006.0,Diego Aracena Iquique Ap.,-20.54917,-70.18111,1007.2125
2011-01-15,220002.0,"El Loa, Calama Ad.",-22.49806,-68.8925,775.5600000000001
2011-01-15,270001.0,Mataveri  Isla de Pascua Ap.,-27.15889,-109.4325,1014.3052631578947
2011-01-15,270008.0,"Desierto de Atacama, Caldera  Ad.",-27.25444,-70.78111,992.78
2011-01-15,290004.0,"La Florida, La Serena Ad.",-29.91444,-71.20667,997.9
2011-01-15,330007.0,"Rodelillo, Ad.",-33.06528,-71.55639,975.2
2011-01-15,330019.0,"Eulogio Sánchez, Tobalaba Ad.",-33.45528,-70.54861,938.74
2011-01-15,330020.0,"Quinta Normal, Santiago",-33.445,-70.68278,952.8
2011-01-15,330021.0,Pudahuel Santiago ,-33.37833,-70.78778,957.8083333333334
2011-01-15,330030.0,"Santo Domingo, Ad.",-33.65611,-71.61333,1006.6857142857143
2011-01-15,330031.0,"Juan Fernández, Estación Meteorológica.",-33.63583,-78.83305,1010.175
2011-01-15,340031.0,"General Freire, Curicó Ad.",-34.96944,-71.21694,985.1
2011-01-15,360019.0,"Carriel Sur, Concepción Ap.",-36.78055,-73.06639,1012.0124999999999
2011-01-15,370033.0,"María Dolores, Los Angeles Ad.",-37.39694,-72.42389,
2011-01-15,380013.0,"Maquehue, Temuco Ad.",-38.76778,-72.63194,1000.0875
2011-01-15,400009.0,"Cañal Bajo,  Osorno Ad.",-40.61444,-73.0575,998.9181818181819
2011-01-15,410005.0,El Tepual  Puerto Montt Ap.,-41.4475,-73.09583,996.9666666666667
2011-01-15,450004.0,"Teniente Vidal, Coyhaique Ad.",-45.59083,-72.10222,960.553846153846
2011-01-15,450005.0,Balmaceda Ad.,-45.91833,-71.67778,936.54
2011-01-15,510005.0,"Teniente Gallardo, Puerto Natales Ad.",-51.66722,-72.52889,979.8
2011-01-15,520006.0,"Carlos Ibañez, Punta Arenas Ap.",-53.00167,-70.83861,985.775
2011-01-15,530005.0,"Fuentes Martínez, Porvenir Ad.",-53.25361,-70.32611,987.1
2011-01-15,550001.0,"Guardiamarina Zañartu, Pto Williams Ad.",-54.93167,-67.61556,988.6666666666666
2011-01-15,950001.0,"C.M.A. Eduardo Frei Montalva, Antártica ",-62.19194,-58.97972,989.8125
2011-01-16,180005.0,"Chacalluta, Arica Ap.",-18.35555,-70.34028,1007.1416666666668
2011-01-16,200006.0,Diego Aracena Iquique Ap.,-20.54917,-70.18111,1006.2375
2011-01-16,220002.0,"El Loa, Calama Ad.",-22.49806,-68.8925,774.5
2011-01-16,270001.0,Mataveri  Isla de Pascua Ap.,-27.15889,-109.4325,1015.7166666666667
2011-01-16,270008.0,"Desierto de Atacama, Caldera  Ad.",-27.25444,-70.78111,991.0
2011-01-16,290004.0,"La Florida, La Serena Ad.",-29.91444,-71.20667,996.9708333333333
2011-01-16,330007.0,"Rodelillo, Ad.",-33.06528,-71.55639,975.6
2011-01-16,330019.0,"Eulogio Sánchez, Tobalaba Ad.",-33.45528,-70.54861,940.0
2011-01-16,330020.0,"Quinta Normal, Santiago",-33.445,-70.68278,954.4250000000001
2011-01-16,330021.0,Pudahuel Santiago ,-33.37833,-70.78778,959.5124999999999
2011-01-16,330030.0,"Santo Domingo, Ad.",-33.65611,-71.61333,1006.9499999999999
2011-01-16,330031.0,"Juan Fernández, Estación Meteorológica.",-33.63583,-78.83305,1015.1
2011-01-16,340031.0,"General Freire, Curicó Ad.",-34.96944,-71.21694,987.9200000000001
2011-01-16,360019.0,"Carriel Sur, Concepción Ap.",-36.78055,-73.06639,1014.725
2011-01-16,370033.0,"María Dolores, Los Angeles Ad.",-37.39694,-72.42389,
2011-01-16,380013.0,"Maquehue, Temuco Ad.",-38.76778,-72.63194,1003.3375
2011-01-16,400009.0,"Cañal Bajo,  Osorno Ad.",-40.61444,-73.0575,1007.85
2011-01-16,410005.0,El Tepual  Puerto Montt Ap.,-41.4475,-73.09583,1001.0291666666667
2011-01-16,450004.0,"Teniente Vidal, Coyhaique Ad.",-45.59083,-72.10222,968.0153846153846
2011-01-16,450005.0,Balmaceda Ad.,-45.91833,-71.67778,940.4
2011-01-16,510005.0,"Teniente Gallardo, Puerto Natales Ad.",-51.66722,-72.52889,989.6
2011-01-16,520006.0,"Carlos Ibañez, Punta Arenas Ap.",-53.00167,-70.83861,989.0666666666666
2011-01-16,550001.0,"Guardiamarina Zañartu, Pto Williams Ad.",-54.93167,-67.61556,989.2750000000001
2011-01-16,950001.0,"C.M.A. Eduardo Frei Montalva, Antártica ",-62.19194,-58.97972,997.65
2011-01-17,180005.0,"Chacalluta, Arica Ap.",-18.35555,-70.34028,1007.1833333333334
2011-01-17,200006.0,Diego Aracena Iquique Ap.,-20.54917,-70.18111,1006.1125
2011-01-17,220002.0,"El Loa, Calama Ad.",-22.49806,-68.8925,774.52
2011-01-17,270001.0,Mataveri  Isla de Pascua Ap.,-27.15889,-109.4325,1016.421052631579
2011-01-17,270008.0,"Desierto de Atacama, Caldera  Ad.",-27.25444,-70.78111,991.18
2011-01-17,290004.0,"La Florida, La Serena Ad.",-29.91444,-71.20667,995.4125
2011-01-17,330007.0,"Rodelillo, Ad.",-33.06528,-71.55639,973.2
2011-01-17,330019.0,"Eulogio Sánchez, Tobalaba Ad.",-33.45528,-70.54861,938.525
2011-01-17,330020.0,"Quinta Normal, Santiago",-33.445,-70.68278,952.625
2011-01-17,330021.0,Pudahuel Santiago ,-33.37833,-70.78778,957.6708333333332
2011-01-17,330030.0,"Santo Domingo, Ad.",-33.65611,-71.61333,1005.9785714285714
2011-01-17,330031.0,"Juan Fernández, Estación Meteorológica.",-33.63583,-78.83305,1016.4
2011-01-17,340031.0,"General Freire, Curicó Ad.",-34.96944,-71.21694,986.46
2011-01-17,360011.0,"General Bernardo O'Higgins, Chillán Ad.",-36.58583,-72.03667,994.8888888888889
2011-01-17,360019.0,"Carriel Sur, Concepción Ap.",-36.78055,-73.06639,1016.3791666666666
2011-01-17,370033.0,"María Dolores, Los Angeles Ad.",-37.39694,-72.42389,1003.45
2011-01-17,380013.0,"Maquehue, Temuco Ad.",-38.76778,-72.63194,1007.5125
2011-01-17,400009.0,"Cañal Bajo,  Osorno Ad.",-40.61444,-73.0575,1009.2416666666667
2011-01-17,410005.0,El Tepual  Puerto Montt Ap.,-41.4475,-73.09583,1005.5541666666667
2011-01-17,430001.0,Quellón Ad.,-43.13361,-73.63278,1011.2333333333332
2011-01-17,430002.0,Futaleufú Ad.,-43.18889,-71.85222,972.0666666666666
2011-01-17,450004.0,"Teniente Vidal, Coyhaique Ad.",-45.59083,-72.10222,970.0230769230768
2011-01-17,450005.0,Balmaceda Ad.,-45.91833,-71.67778,945.76
2011-01-17,510005.0,"Teniente Gallardo, Puerto Natales Ad.",-51.66722,-72.52889,993.925
2011-01-17,520006.0,"Carlos Ibañez, Punta Arenas Ap.",-53.00167,-70.83861,996.7291666666666
2011-01-17,530005.0,"Fuentes Martínez, Porvenir Ad.",-53.25361,-70.32611,997.35
2011-01-17,550001.0,"Guardiamarina Zañartu, Pto Williams Ad.",-54.93167,-67.61556,998.8142857142857
2011-01-17,950001.0,"C.M.A. Eduardo Frei Montalva, Antártica ",-62.19194,-58.97972,1000.6
2011-01-18,180005.0,"Chacalluta, Arica Ap.",-18.35555,-70.34028,1008.6875
2011-01-18,200006.0,Diego Aracena Iquique Ap.,-20.54917,-70.18111,1008.075
2011-01-18,220002.0,"El Loa, Calama Ad.",-22.49806,-68.8925,775.1800000000001
2011-01-18,270001.0,Mataveri  Isla de Pascua Ap.,-27.15889,-109.4325,1016.0157894736842
2011-01-18,270008.0,"Desierto de Atacama, Caldera  Ad.",-27.25444,-70.78111,992.7875
2011-01-18,290004.0,"La Florida, La Serena Ad.",-29.91444,-71.20667,997.5583333333334
2011-01-18,330007.0,"Rodelillo, Ad.",-33.06528,-71.55639,974.2
2011-01-18,330019.0,"Eulogio Sánchez, Tobalaba Ad.",-33.45528,-70.54861,938.5799999999999
2011-01-18,330020.0,"Quinta Normal, Santiago",-33.445,-70.68278,952.4125
2011-01-18,330021.0,Pudahuel Santiago ,-33.37833,-70.78778,957.2958333333332
2011-01-18,330030.0,"Santo Domingo, Ad.",-33.65611,-71.61333,1006.1714285714286
2011-01-18,330031.0,"Juan Fernández, Estación Meteorológica.",-33.63583,-78.83305,1013.1
2011-01-18,340031.0,"General Freire, Curicó Ad.",-34.96944,-71.21694,985.54
2011-01-18,360011.0,"General Bernardo O'Higgins, Chillán Ad.",-36.58583,-72.03667,992.9333333333333
2011-01-18,360019.0,"Carriel Sur, Concepción Ap.",-36.78055,-73.06639,1013.5749999999999
2011-01-18,370033.0,"María Dolores, Los Angeles Ad.",-37.39694,-72.42389,999.8499999999999
2011-01-18,380013.0,"Maquehue, Temuco Ad.",-38.76778,-72.63194,1002.4
2011-01-18,400009.0,"Cañal Bajo,  Osorno Ad.",-40.61444,-73.0575,1001.0666666666666
2011-01-18,410005.0,El Tepual  Puerto Montt Ap.,-41.4475,-73.09583,997.0791666666668
2011-01-18,430001.0,Quellón Ad.,-43.13361,-73.63278,1000.6666666666666
2011-01-18,430002.0,Futaleufú Ad.,-43.18889,-71.85222,959.2333333333332
2011-01-18,450004.0,"Teniente Vidal, Coyhaique Ad.",-45.59083,-72.10222,958.7846153846154
2011-01-18,450005.0,Balmaceda Ad.,-45.91833,-71.67778,934.72
2011-01-18,510005.0,"Teniente Gallardo, Puerto Natales Ad.",-51.66722,-72.52889,975.4333333333334
2011-01-18,520006.0,"Carlos Ibañez, Punta Arenas Ap.",-53.00167,-70.83861,981.3708333333334
2011-01-18,530005.0,"Fuentes Martínez, Porvenir Ad.",-53.25361,-70.32611,979.775
2011-01-18,550001.0,"Guardiamarina Zañartu, Pto Williams Ad.",-54.93167,-67.61556,986.9499999999999
2011-01-18,950001.0,"C.M.A. Eduardo Frei Montalva, Antártica ",-62.19194,-58.97972,993.9375
2011-01-19,180005.0,"Chacalluta, Arica Ap.",-18.35555,-70.34028,1008.7583333333333
2011-01-19,200006.0,Diego Aracena Iquique Ap.,-20.54917,-70.18111,1008.075
2011-01-19,220002.0,"El Loa, Calama Ad.",-22.49806,-68.8925,775.48
2011-01-19,270001.0,Mataveri  Isla de Pascua Ap.,-27.15889,-109.4325,1015.9125
2011-01-19,270008.0,"Desierto de Atacama, Caldera  Ad.",-27.25444,-70.78111,993.4
2011-01-19,290004.0,"La Florida, La Serena Ad.",-29.91444,-71.20667,998.375
2011-01-19,330007.0,"Rodelillo, Ad.",-33.06528,-71.55639,975.4
2011-01-19,330019.0,"Eulogio Sánchez, Tobalaba Ad.",-33.45528,-70.54861,940.6600000000001
2011-01-19,330020.0,"Quinta Normal, Santiago",-33.445,-70.68278,955.0625
2011-01-19,330021.0,Pudahuel Santiago ,-33.37833,-70.78778,960.0708333333333
2011-01-19,330030.0,"Santo Domingo, Ad.",-33.65611,-71.61333,1007.0642857142857
2011-01-19,330031.0,"Juan Fernández, Estación Meteorológica.",-33.63583,-78.83305,1016.275
2011-01-19,340031.0,"General Freire, Curicó Ad.",-34.96944,-71.21694,988.18
2011-01-19,360011.0,"General Bernardo O'Higgins, Chillán Ad.",-36.58583,-72.03667,997.311111111111
2011-01-19,360019.0,"Carriel Sur, Concepción Ap.",-36.78055,-73.06639,1016.7083333333334
2011-01-19,370033.0,"María Dolores, Los Angeles Ad.",-37.39694,-72.42389,1005.2
2011-01-19,380013.0,"Maquehue, Temuco Ad.",-38.76778,-72.63194,1006.6625
2011-01-19,400009.0,"Cañal Bajo,  Osorno Ad.",-40.61444,-73.0575,1011.4083333333333
2011-01-19,410005.0,El Tepual  Puerto Montt Ap.,-41.4475,-73.09583,1004.8249999999999
2011-01-19,430001.0,Quellón Ad.,-43.13361,-73.63278,1012.9333333333334
2011-01-19,430002.0,Futaleufú Ad.,-43.18889,-71.85222,969.6999999999999
2011-01-19,450004.0,"Teniente Vidal, Coyhaique Ad.",-45.59083,-72.10222,968.0999999999999
2011-01-19,450005.0,Balmaceda Ad.,-45.91833,-71.67778,939.85
2011-01-19,510005.0,"Teniente Gallardo, Puerto Natales Ad.",-51.66722,-72.52889,980.8000000000001
2011-01-19,520006.0,"Carlos Ibañez, Punta Arenas Ap.",-53.00167,-70.83861,981.0
2011-01-19,530005.0,"Fuentes Martínez, Porvenir Ad.",-53.25361,-70.32611,982.75
2011-01-19,550001.0,"Guardiamarina Zañartu, Pto Williams Ad.",-54.93167,-67.61556,983.7545454545453
2011-01-19,950001.0,"C.M.A. Eduardo Frei Montalva, Antártica ",-62.19194,-58.97972,992.25
2011-01-20,180005.0,"Chacalluta, Arica Ap.",-18.35555,-70.34028,1008.8333333333334
2011-01-20,200006.0,Diego Aracena Iquique Ap.,-20.54917,-70.18111,1008.0875
2011-01-20,220002.0,"El Loa, Calama Ad.",-22.49806,-68.8925,775.0
2011-01-20,270001.0,Mataveri  Isla de Pascua Ap.,-27.15889,-109.4325,1015.242857142857
2011-01-20,270008.0,"Desierto de Atacama, Caldera  Ad.",-27.25444,-70.78111,992.075
2011-01-20,290004.0,"La Florida, La Serena Ad.",-29.91444,-71.20667,997.3958333333334
2011-01-20,330007.0,"Rodelillo, Ad.",-33.06528,-71.55639,974.4
2011-01-20,330019.0,"Eulogio Sánchez, Tobalaba Ad.",-33.45528,-70.54861,938.6
2011-01-20,330020.0,"Quinta Normal, Santiago",-33.445,-70.68278,952.6625
2011-01-20,330021.0,Pudahuel Santiago ,-33.37833,-70.78778,957.4875000000001
2011-01-20,330030.0,"Santo Domingo, Ad.",-33.65611,-71.61333,1006.1999999999999
2011-01-20,330031.0,"Juan Fernández, Estación Meteorológica.",-33.63583,-78.83305,1016.95
2011-01-20,340031.0,"General Freire, Curicó Ad.",-34.96944,-71.21694,986.22
2011-01-20,360011.0,"General Bernardo O'Higgins, Chillán Ad.",-36.58583,-72.03667,993.9000000000001
2011-01-20,360019.0,"Carriel Sur, Concepción Ap.",-36.78055,-73.06639,1015.3166666666666
2011-01-20,370033.0,"María Dolores, Los Angeles Ad.",-37.39694,-72.42389,1002.25
2011-01-20,380013.0,"Maquehue, Temuco Ad.",-38.76778,-72.63194,1007.7
2011-01-20,400009.0,"Cañal Bajo,  Osorno Ad.",-40.61444,-73.0575,1010.9499999999999
2011-01-20,410005.0,El Tepual  Puerto Montt Ap.,-41.4475,-73.09583,1007.9458333333333
2011-01-20,430001.0,Quellón Ad.,-43.13361,-73.63278,1014.0333333333333
2011-01-20,430002.0,Futaleufú Ad.,-43.18889,-71.85222,973.1666666666666
2011-01-20,450004.0,"Teniente Vidal, Coyhaique Ad.",-45.59083,-72.10222,966.6384615384615
2011-01-20,450005.0,Balmaceda Ad.,-45.91833,-71.67778,944.76
2011-01-20,510005.0,"Teniente Gallardo, Puerto Natales Ad.",-51.66722,-72.52889,991.7333333333332
2011-01-20,520006.0,"Carlos Ibañez, Punta Arenas Ap.",-53.00167,-70.83861,989.7125
2011-01-20,530005.0,"Fuentes Martínez, Porvenir Ad.",-53.25361,-70.32611,993.25
2011-01-20,550001.0,"Guardiamarina Zañartu, Pto Williams Ad.",-54.93167,-67.61556,992.3071428571428
2011-01-20,950001.0,"C.M.A. Eduardo Frei Montalva, Antártica ",-62.19194,-58.97972,991.0875
2011-01-21,180005.0,"Chacalluta, Arica Ap.",-18.35555,-70.34028,1007.8041666666667
2011-01-21,200006.0,Diego Aracena Iquique Ap.,-20.54917,-70.18111,1007.1
2011-01-21,220002.0,"El Loa, Calama Ad.",-22.49806,-68.8925,774.42
2011-01-21,270001.0,Mataveri  Isla de Pascua Ap.,-27.15889,-109.4325,1014.4105263157894
2011-01-21,270008.0,"Desierto de Atacama, Caldera  Ad.",-27.25444,-70.78111,992.075
2011-01-21,290004.0,"La Florida, La Serena Ad.",-29.91444,-71.20667,997.0124999999999
2011-01-21,330007.0,"Rodelillo, Ad.",-33.06528,-71.55639,974.0
2011-01-21,330019.0,"Eulogio Sánchez, Tobalaba Ad.",-33.45528,-70.54861,937.9
2011-01-21,330020.0,"Quinta Normal, Santiago",-33.445,-70.68278,951.775
2011-01-21,330021.0,Pudahuel Santiago ,-33.37833,-70.78778,956.6625
2011-01-21,330030.0,"Santo Domingo, Ad.",-33.65611,-71.61333,1005.2285714285714
2011-01-21,330031.0,"Juan Fernández, Estación Meteorológica.",-33.63583,-78.83305,1015.275
2011-01-21,340031.0,"General Freire, Curicó Ad.",-34.96944,-71.21694,984.8399999999999
2011-01-21,360011.0,"General Bernardo O'Higgins, Chillán Ad.",-36.58583,-72.03667,992.5111111111112
2011-01-21,360019.0,"Carriel Sur, Concepción Ap.",-36.78055,-73.06639,1013.1791666666667
2011-01-21,370033.0,"María Dolores, Los Angeles Ad.",-37.39694,-72.42389,1000.7
2011-01-21,380013.0,"Maquehue, Temuco Ad.",-38.76778,-72.63194,1005.4625
2011-01-21,400009.0,"Cañal Bajo,  Osorno Ad.",-40.61444,-73.0575,1008.1833333333334
2011-01-21,410005.0,El Tepual  Puerto Montt Ap.,-41.4475,-73.09583,1004.3791666666666
2011-01-21,430001.0,Quellón Ad.,-43.13361,-73.63278,1009.2333333333332
2011-01-21,430002.0,Futaleufú Ad.,-43.18889,-71.85222,967.0
2011-01-21,450004.0,"Teniente Vidal, Coyhaique Ad.",-45.59083,-72.10222,960.5
2011-01-21,450005.0,Balmaceda Ad.,-45.91833,-71.67778,938.5200000000001
2011-01-21,510005.0,"Teniente Gallardo, Puerto Natales Ad.",-51.66722,-72.52889,978.3666666666667
2011-01-21,520006.0,"Carlos Ibañez, Punta Arenas Ap.",-53.00167,-70.83861,983.1416666666668
2011-01-21,530005.0,"Fuentes Martínez, Porvenir Ad.",-53.25361,-70.32611,982.8
2011-01-21,550001.0,"Guardiamarina Zañartu, Pto Williams Ad.",-54.93167,-67.61556,988.26
2011-01-21,950001.0,"C.M.A. Eduardo Frei Montalva, Antártica ",-62.19194,-58.97972,991.825
2011-01-22,180005.0,"Chacalluta, Arica Ap.",-18.35555,-70.34028,1007.5833333333334
2011-01-22,200006.0,Diego Aracena Iquique Ap.,-20.54917,-70.18111,1007.025
2011-01-22,220002.0,"El Loa, Calama Ad.",-22.49806,-68.8925,774.0600000000001
2011-01-22,270001.0,Mataveri  Isla de Pascua Ap.,-27.15889,-109.4325,1014.7611111111112
2011-01-22,270008.0,"Desierto de Atacama, Caldera  Ad.",-27.25444,-70.78111,992.0200000000001
2011-01-22,290004.0,"La Florida, La Serena Ad.",-29.91444,-71.20667,997.2541666666666
2011-01-22,330007.0,"Rodelillo, Ad.",-33.06528,-71.55639,973.4
2011-01-22,330019.0,"Eulogio Sánchez, Tobalaba Ad.",-33.45528,-70.54861,937.64
2011-01-22,330020.0,"Quinta Normal, Santiago",-33.445,-70.68278,952.025
2011-01-22,330021.0,Pudahuel Santiago ,-33.37833,-70.78778,956.7782608695653
2011-01-22,330030.0,"Santo Domingo, Ad.",-33.65611,-71.61333,1003.8357142857143
2011-01-22,330031.0,"Juan Fernández, Estación Meteorológica.",-33.63583,-78.83305,1016.175
2011-01-22,340031.0,"General Freire, Curicó Ad.",-34.96944,-71.21694,984.4399999999999
2011-01-22,360019.0,"Carriel Sur, Concepción Ap.",-36.78055,-73.06639,1013.5749999999999
2011-01-22,370033.0,"María Dolores, Los Angeles Ad.",-37.39694,-72.42389,
2011-01-22,380013.0,"Maquehue, Temuco Ad.",-38.76778,-72.63194,1006.3375
2011-01-22,400009.0,"Cañal Bajo,  Osorno Ad.",-40.61444,-73.0575,1009.9799999999999
2011-01-22,410005.0,El Tepual  Puerto Montt Ap.,-41.4475,-73.09583,1005.5583333333334
2011-01-22,450004.0,"Teniente Vidal, Coyhaique Ad.",-45.59083,-72.10222,967.5538461538462
2011-01-22,450005.0,Balmaceda Ad.,-45.91833,-71.67778,942.86
2011-01-22,520006.0,"Carlos Ibañez, Punta Arenas Ap.",-53.00167,-70.83861,977.1
2011-01-22,530005.0,"Fuentes Martínez, Porvenir Ad.",-53.25361,-70.32611,981.0
2011-01-22,550001.0,"Guardiamarina Zañartu, Pto Williams Ad.",-54.93167,-67.61556,978.125
2011-01-22,950001.0,"C.M.A. Eduardo Frei Montalva, Antártica ",-62.19194,-58.97972,986.3625
2011-01-23,180005.0,"Chacalluta, Arica Ap.",-18.35555,-70.34028,1007.4521739130436
2011-01-23,200006.0,Diego Aracena Iquique Ap.,-20.54917,-70.18111,1006.65
2011-01-23,220002.0,"El Loa, Calama Ad.",-22.49806,-68.8925,774.375
2011-01-23,270001.0,Mataveri  Isla de Pascua Ap.,-27.15889,-109.4325,1015.4545454545455
2011-01-23,270008.0,"Desierto de Atacama, Caldera  Ad.",-27.25444,-70.78111,991.875
2011-01-23,290004.0,"La Florida, La Serena Ad.",-29.91444,-71.20667,996.4499999999999
2011-01-23,330007.0,"Rodelillo, Ad.",-33.06528,-71.55639,973.2
2011-01-23,330019.0,"Eulogio Sánchez, Tobalaba Ad.",-33.45528,-70.54861,936.6
2011-01-23,330020.0,"Quinta Normal, Santiago",-33.445,-70.68278,949.8625000000001
2011-01-23,330021.0,Pudahuel Santiago ,-33.37833,-70.78778,954.8125
2011-01-23,330030.0,"Santo Domingo, Ad.",-33.65611,-71.61333,1003.9785714285715
2011-01-23,330031.0,"Juan Fernández, Estación Meteorológica.",-33.63583,-78.83305,1012.275
2011-01-23,340031.0,"General Freire, Curicó Ad.",-34.96944,-71.21694,982.0799999999999
2011-01-23,360019.0,"Carriel Sur, Concepción Ap.",-36.78055,-73.06639,1008.4833333333332
2011-01-23,370033.0,"María Dolores, Los Angeles Ad.",-37.39694,-72.42389,
2011-01-23,380013.0,"Maquehue, Temuco Ad.",-38.76778,-72.63194,999.9
2011-01-23,400009.0,"Cañal Bajo,  Osorno Ad.",-40.61444,-73.0575,1005.05
2011-01-23,410005.0,El Tepual  Puerto Montt Ap.,-41.4475,-73.09583,1004.6041666666666
2011-01-23,450004.0,"Teniente Vidal, Coyhaique Ad.",-45.59083,-72.10222,972.6153846153846
2011-01-23,450005.0,Balmaceda Ad.,-45.91833,-71.67778,950.72
2011-01-23,520006.0,"Carlos Ibañez, Punta Arenas Ap.",-53.00167,-70.83861,992.6791666666667
2011-01-23,550001.0,"Guardiamarina Zañartu, Pto Williams Ad.",-54.93167,-67.61556,985.775
2011-01-23,950001.0,"C.M.A. Eduardo Frei Montalva, Antártica ",-62.19194,-58.97972,977.7875
2011-01-24,180005.0,"Chacalluta, Arica Ap.",-18.35555,-70.34028,1007.1291666666666
2011-01-24,200006.0,Diego Aracena Iquique Ap.,-20.54917,-70.18111,1006.4125
2011-01-24,220002.0,"El Loa, Calama Ad.",-22.49806,-68.8925,774.6800000000001
2011-01-24,270001.0,Mataveri  Isla de Pascua Ap.,-27.15889,-109.4325,1017.4684210526317
2011-01-24,270008.0,"Desierto de Atacama, Caldera  Ad.",-27.25444,-70.78111,991.175
2011-01-24,290004.0,"La Florida, La Serena Ad.",-29.91444,-71.20667,997.0958333333333
2011-01-24,330007.0,"Rodelillo, Ad.",-33.06528,-71.55639,974.4
2011-01-24,330019.0,"Eulogio Sánchez, Tobalaba Ad.",-33.45528,-70.54861,938.0799999999999
2011-01-24,330020.0,"Quinta Normal, Santiago",-33.445,-70.68278,951.875
2011-01-24,330021.0,Pudahuel Santiago ,-33.37833,-70.78778,956.8041666666667
2011-01-24,330030.0,"Santo Domingo, Ad.",-33.65611,-71.61333,1006.0142857142857
2011-01-24,330031.0,"Juan Fernández, Estación Meteorológica.",-33.63583,-78.83305,1011.725
2011-01-24,340031.0,"General Freire, Curicó Ad.",-34.96944,-71.21694,984.4799999999999
2011-01-24,360011.0,"General Bernardo O'Higgins, Chillán Ad.",-36.58583,-72.03667,992.0444444444444
2011-01-24,360019.0,"Carriel Sur, Concepción Ap.",-36.78055,-73.06639,1012.0875
2011-01-24,370033.0,"María Dolores, Los Angeles Ad.",-37.39694,-72.42389,998.6
2011-01-24,380013.0,"Maquehue, Temuco Ad.",-38.76778,-72.63194,1001.6125
2011-01-24,400009.0,"Cañal Bajo,  Osorno Ad.",-40.61444,-73.0575,1008.0166666666668
2011-01-24,410005.0,El Tepual  Puerto Montt Ap.,-41.4475,-73.09583,1004.7791666666667
2011-01-24,430001.0,Quellón Ad.,-43.13361,-73.63278,1015.6999999999999
2011-01-24,430002.0,Futaleufú Ad.,-43.18889,-71.85222,972.7666666666668
2011-01-24,450004.0,"Teniente Vidal, Coyhaique Ad.",-45.59083,-72.10222,972.1384615384615
2011-01-24,450005.0,Balmaceda Ad.,-45.91833,-71.67778,949.4799999999999
2011-01-24,510005.0,"Teniente Gallardo, Puerto Natales Ad.",-51.66722,-72.52889,996.1
2011-01-24,520006.0,"Carlos Ibañez, Punta Arenas Ap.",-53.00167,-70.83861,994.5708333333333
2011-01-24,530005.0,"Fuentes Martínez, Porvenir Ad.",-53.25361,-70.32611,995.825
2011-01-24,550001.0,"Guardiamarina Zañartu, Pto Williams Ad.",-54.93167,-67.61556,991.2818181818183
2011-01-24,950001.0,"C.M.A. Eduardo Frei Montalva, Antártica ",-62.19194,-58.97972,979.0125
2011-01-25,180005.0,"Chacalluta, Arica Ap.",-18.35555,-70.34028,1006.7125
2011-01-25,200006.0,Diego Aracena Iquique Ap.,-20.54917,-70.18111,1005.7625
2011-01-25,220002.0,"El Loa, Calama Ad.",-22.49806,-68.8925,774.8199999999999
2011-01-25,270001.0,Mataveri  Isla de Pascua Ap.,-27.15889,-109.4325,1017.9105263157894
2011-01-25,270008.0,"Desierto de Atacama, Caldera  Ad.",-27.25444,-70.78111,991.0
2011-01-25,290004.0,"La Florida, La Serena Ad.",-29.91444,-71.20667,996.1208333333334
2011-01-25,330007.0,"Rodelillo, Ad.",-33.06528,-71.55639,973.6
2011-01-25,330019.0,"Eulogio Sánchez, Tobalaba Ad.",-33.45528,-70.54861,937.54
2011-01-25,330020.0,"Quinta Normal, Santiago",-33.445,-70.68278,950.975
2011-01-25,330021.0,Pudahuel Santiago ,-33.37833,-70.78778,955.975
2011-01-25,330030.0,"Santo Domingo, Ad.",-33.65611,-71.61333,1005.5500000000001
2011-01-25,330031.0,"Juan Fernández, Estación Meteorológica.",-33.63583,-78.83305,1011.725
2011-01-25,340031.0,"General Freire, Curicó Ad.",-34.96944,-71.21694,983.82
2011-01-25,360011.0,"General Bernardo O'Higgins, Chillán Ad.",-36.58583,-72.03667,990.7111111111111
2011-01-25,360019.0,"Carriel Sur, Concepción Ap.",-36.78055,-73.06639,1010.6541666666667
2011-01-25,370033.0,"María Dolores, Los Angeles Ad.",-37.39694,-72.42389,997.7
2011-01-25,380013.0,"Maquehue, Temuco Ad.",-38.76778,-72.63194,1001.575
2011-01-25,400009.0,"Cañal Bajo,  Osorno Ad.",-40.61444,-73.0575,1007.6833333333334
2011-01-25,410005.0,El Tepual  Puerto Montt Ap.,-41.4475,-73.09583,1005.7041666666668
2011-01-25,430001.0,Quellón Ad.,-43.13361,-73.63278,1015.4666666666667
2011-01-25,430002.0,Futaleufú Ad.,-43.18889,-71.85222,973.9
2011-01-25,450004.0,"Teniente Vidal, Coyhaique Ad.",-45.59083,-72.10222,973.8538461538462
2011-01-25,450005.0,Balmaceda Ad.,-45.91833,-71.67778,952.8799999999999
2011-01-25,510005.0,"Teniente Gallardo, Puerto Natales Ad.",-51.66722,-72.52889,1004.7333333333332
2011-01-25,520006.0,"Carlos Ibañez, Punta Arenas Ap.",-53.00167,-70.83861,1003.5875
2011-01-25,530005.0,"Fuentes Martínez, Porvenir Ad.",-53.25361,-70.32611,1005.14
2011-01-25,550001.0,"Guardiamarina Zañartu, Pto Williams Ad.",-54.93167,-67.61556,1001.4250000000001
2011-01-25,950001.0,"C.M.A. Eduardo Frei Montalva, Antártica ",-62.19194,-58.97972,977.5875
2011-01-26,180005.0,"Chacalluta, Arica Ap.",-18.35555,-70.34028,1007.6125000000001
2011-01-26,200006.0,Diego Aracena Iquique Ap.,-20.54917,-70.18111,1006.775
2011-01-26,220002.0,"El Loa, Calama Ad.",-22.49806,-68.8925,775.48
2011-01-26,270001.0,Mataveri  Isla de Pascua Ap.,-27.15889,-109.4325,1016.6363636363636
2011-01-26,270008.0,"Desierto de Atacama, Caldera  Ad.",-27.25444,-70.78111,992.14
2011-01-26,290004.0,"La Florida, La Serena Ad.",-29.91444,-71.20667,997.7708333333334
2011-01-26,330007.0,"Rodelillo, Ad.",-33.06528,-71.55639,975.0
2011-01-26,330019.0,"Eulogio Sánchez, Tobalaba Ad.",-33.45528,-70.54861,939.1200000000001
2011-01-26,330020.0,"Quinta Normal, Santiago",-33.445,-70.68278,952.8
2011-01-26,330021.0,Pudahuel Santiago ,-33.37833,-70.78778,957.6708333333332
2011-01-26,330030.0,"Santo Domingo, Ad.",-33.65611,-71.61333,1006.5357142857143
2011-01-26,330031.0,"Juan Fernández, Estación Meteorológica.",-33.63583,-78.83305,1013.475
2011-01-26,340031.0,"General Freire, Curicó Ad.",-34.96944,-71.21694,985.3399999999999
2011-01-26,360011.0,"General Bernardo O'Higgins, Chillán Ad.",-36.58583,-72.03667,992.7333333333333
2011-01-26,360019.0,"Carriel Sur, Concepción Ap.",-36.78055,-73.06639,1012.9458333333333
2011-01-26,370033.0,"María Dolores, Los Angeles Ad.",-37.39694,-72.42389,1000.85
2011-01-26,380013.0,"Maquehue, Temuco Ad.",-38.76778,-72.63194,1003.65
2011-01-26,400009.0,"Cañal Bajo,  Osorno Ad.",-40.61444,-73.0575,1007.975
2011-01-26,410005.0,El Tepual  Puerto Montt Ap.,-41.4475,-73.09583,1004.9625
2011-01-26,430001.0,Quellón Ad.,-43.13361,-73.63278,1013.1999999999999
2011-01-26,430002.0,Futaleufú Ad.,-43.18889,-71.85222,971.8000000000001
2011-01-26,450004.0,"Teniente Vidal, Coyhaique Ad.",-45.59083,-72.10222,970.4923076923077
2011-01-26,450005.0,Balmaceda Ad.,-45.91833,-71.67778,949.6200000000001
2011-01-26,510005.0,"Teniente Gallardo, Puerto Natales Ad.",-51.66722,-72.52889,1004.6666666666666
2011-01-26,520006.0,"Carlos Ibañez, Punta Arenas Ap.",-53.00167,-70.83861,1007.1625
2011-01-26,530005.0,"Fuentes Martínez, Porvenir Ad.",-53.25361,-70.32611,1008.625
2011-01-26,550001.0,"Guardiamarina Zañartu, Pto Williams Ad.",-54.93167,-67.61556,1009.4636363636364
2011-01-26,950001.0,"C.M.A. Eduardo Frei Montalva, Antártica ",-62.19194,-58.97972,988.8125
2011-01-27,180005.0,"Chacalluta, Arica Ap.",-18.35555,-70.34028,1007.0708333333333
2011-01-27,200006.0,Diego Aracena Iquique Ap.,-20.54917,-70.18111,1006.1125
2011-01-27,220002.0,"El Loa, Calama Ad.",-22.49806,-68.8925,774.6800000000001
2011-01-27,270001.0,Mataveri  Isla de Pascua Ap.,-27.15889,-109.4325,1016.0238095238095
2011-01-27,270008.0,"Desierto de Atacama, Caldera  Ad.",-27.25444,-70.78111,991.22
2011-01-27,290004.0,"La Florida, La Serena Ad.",-29.91444,-71.20667,996.6833333333334
2011-01-27,330007.0,"Rodelillo, Ad.",-33.06528,-71.55639,973.8
2011-01-27,330019.0,"Eulogio Sánchez, Tobalaba Ad.",-33.45528,-70.54861,938.5
2011-01-27,330020.0,"Quinta Normal, Santiago",-33.445,-70.68278,952.4875
2011-01-27,330021.0,Pudahuel Santiago ,-33.37833,-70.78778,957.4416666666666
2011-01-27,330030.0,"Santo Domingo, Ad.",-33.65611,-71.61333,1006.6928571428572
2011-01-27,330031.0,"Juan Fernández, Estación Meteorológica.",-33.63583,-78.83305,1015.225
2011-01-27,340031.0,"General Freire, Curicó Ad.",-34.96944,-71.21694,985.3399999999999
2011-01-27,360011.0,"General Bernardo O'Higgins, Chillán Ad.",-36.58583,-72.03667,993.5222222222224
2011-01-27,360019.0,"Carriel Sur, Concepción Ap.",-36.78055,-73.06639,1013.7666666666668
2011-01-27,370033.0,"María Dolores, Los Angeles Ad.",-37.39694,-72.42389,1002.45
2011-01-27,380013.0,"Maquehue, Temuco Ad.",-38.76778,-72.63194,1005.4625
2011-01-27,400009.0,"Cañal Bajo,  Osorno Ad.",-40.61444,-73.0575,1010.1916666666666
2011-01-27,410005.0,El Tepual  Puerto Montt Ap.,-41.4475,-73.09583,1005.6291666666666
2011-01-27,430001.0,Quellón Ad.,-43.13361,-73.63278,1012.5333333333333
2011-01-27,450004.0,"Teniente Vidal, Coyhaique Ad.",-45.59083,-72.10222,968.0
2011-01-27,450005.0,Balmaceda Ad.,-45.91833,-71.67778,945.6
2011-01-27,510005.0,"Teniente Gallardo, Puerto Natales Ad.",-51.66722,-72.52889,994.85
2011-01-27,520006.0,"Carlos Ibañez, Punta Arenas Ap.",-53.00167,-70.83861,1000.456
2011-01-27,530005.0,"Fuentes Martínez, Porvenir Ad.",-53.25361,-70.32611,1000.3
2011-01-27,550001.0,"Guardiamarina Zañartu, Pto Williams Ad.",-54.93167,-67.61556,1004.0636363636364
2011-01-27,950001.0,"C.M.A. Eduardo Frei Montalva, Antártica ",-62.19194,-58.97972,996.25
2011-01-28,180005.0,"Chacalluta, Arica Ap.",-18.35555,-70.34028,1007.6875
2011-01-28,200006.0,Diego Aracena Iquique Ap.,-20.54917,-70.18111,1007.0
2011-01-28,220002.0,"El Loa, Calama Ad.",-22.49806,-68.8925,774.72
2011-01-28,270001.0,Mataveri  Isla de Pascua Ap.,-27.15889,-109.4325,1015.8894736842107
2011-01-28,270008.0,"Desierto de Atacama, Caldera  Ad.",-27.25444,-70.78111,991.68
2011-01-28,290004.0,"La Florida, La Serena Ad.",-29.91444,-71.20667,996.5833333333334
2011-01-28,330007.0,"Rodelillo, Ad.",-33.06528,-71.55639,973.2
2011-01-28,330019.0,"Eulogio Sánchez, Tobalaba Ad.",-33.45528,-70.54861,937.46
2011-01-28,330020.0,"Quinta Normal, Santiago",-33.445,-70.68278,951.4
2011-01-28,330021.0,Pudahuel Santiago ,-33.37833,-70.78778,956.2833333333333
2011-01-28,330030.0,"Santo Domingo, Ad.",-33.65611,-71.61333,1004.842857142857
2011-01-28,330031.0,"Juan Fernández, Estación Meteorológica.",-33.63583,-78.83305,1016.725
2011-01-28,340031.0,"General Freire, Curicó Ad.",-34.96944,-71.21694,984.76
2011-01-28,360011.0,"General Bernardo O'Higgins, Chillán Ad.",-36.58583,-72.03667,992.2666666666667
2011-01-28,360019.0,"Carriel Sur, Concepción Ap.",-36.78055,-73.06639,1014.0875
2011-01-28,370033.0,"María Dolores, Los Angeles Ad.",-37.39694,-72.42389,1001.65
2011-01-28,380013.0,"Maquehue, Temuco Ad.",-38.76778,-72.63194,1007.45
2011-01-28,400009.0,"Cañal Bajo,  Osorno Ad.",-40.61444,-73.0575,1012.2166666666667
2011-01-28,410005.0,El Tepual  Puerto Montt Ap.,-41.4475,-73.09583,1009.8208333333333
2011-01-28,430001.0,Quellón Ad.,-43.13361,-73.63278,1018.6666666666666
2011-01-28,430002.0,Futaleufú Ad.,-43.18889,-71.85222,978.0666666666666
2011-01-28,450004.0,"Teniente Vidal, Coyhaique Ad.",-45.59083,-72.10222,975.1384615384615
2011-01-28,450005.0,Balmaceda Ad.,-45.91833,-71.67778,952.2
2011-01-28,510005.0,"Teniente Gallardo, Puerto Natales Ad.",-51.66722,-72.52889,994.25
2011-01-28,520006.0,"Carlos Ibañez, Punta Arenas Ap.",-53.00167,-70.83861,997.9478260869565
2011-01-28,530005.0,"Fuentes Martínez, Porvenir Ad.",-53.25361,-70.32611,998.7
2011-01-28,550001.0,"Guardiamarina Zañartu, Pto Williams Ad.",-54.93167,-67.61556,999.6916666666666
2011-01-28,950001.0,"C.M.A. Eduardo Frei Montalva, Antártica ",-62.19194,-58.97972,994.8
2011-01-29,180005.0,"Chacalluta, Arica Ap.",-18.35555,-70.34028,1010.8333333333334
2011-01-29,200006.0,Diego Aracena Iquique Ap.,-20.54917,-70.18111,1009.4625
2011-01-29,220002.0,"El Loa, Calama Ad.",-22.49806,-68.8925,776.86
2011-01-29,270001.0,Mataveri  Isla de Pascua Ap.,-27.15889,-109.4325,1016.5368421052632
2011-01-29,270008.0,"Desierto de Atacama, Caldera  Ad.",-27.25444,-70.78111,994.6600000000001
2011-01-29,290004.0,"La Florida, La Serena Ad.",-29.91444,-71.20667,999.6958333333333
2011-01-29,330007.0,"Rodelillo, Ad.",-33.06528,-71.55639,977.0
2011-01-29,330019.0,"Eulogio Sánchez, Tobalaba Ad.",-33.45528,-70.54861,940.1200000000001
2011-01-29,330020.0,"Quinta Normal, Santiago",-33.445,-70.68278,953.175
2011-01-29,330021.0,Pudahuel Santiago ,-33.37833,-70.78778,958.3625000000001
2011-01-29,330030.0,"Santo Domingo, Ad.",-33.65611,-71.61333,1008.75
2011-01-29,330031.0,"Juan Fernández, Estación Meteorológica.",-33.63583,-78.83305,1016.15
2011-01-29,340031.0,"General Freire, Curicó Ad.",-34.96944,-71.21694,986.3
2011-01-29,360019.0,"Carriel Sur, Concepción Ap.",-36.78055,-73.06639,1013.5916666666667
2011-01-29,370033.0,"María Dolores, Los Angeles Ad.",-37.39694,-72.42389,
2011-01-29,380013.0,"Maquehue, Temuco Ad.",-38.76778,-72.63194,1004.7625
2011-01-29,400009.0,"Cañal Bajo,  Osorno Ad.",-40.61444,-73.0575,1008.6416666666668
2011-01-29,410005.0,El Tepual  Puerto Montt Ap.,-41.4475,-73.09583,1006.1083333333332
2011-01-29,450004.0,"Teniente Vidal, Coyhaique Ad.",-45.59083,-72.10222,969.0923076923077
2011-01-29,450005.0,Balmaceda Ad.,-45.91833,-71.67778,947.76
2011-01-29,520006.0,"Carlos Ibañez, Punta Arenas Ap.",-53.00167,-70.83861,987.4625
2011-01-29,530005.0,"Fuentes Martínez, Porvenir Ad.",-53.25361,-70.32611,990.9000000000001
2011-01-29,550001.0,"Guardiamarina Zañartu, Pto Williams Ad.",-54.93167,-67.61556,989.29375
2011-01-29,950001.0,"C.M.A. Eduardo Frei Montalva, Antártica ",-62.19194,-58.97972,985.0625
2011-01-30,180005.0,"Chacalluta, Arica Ap.",-18.35555,-70.34028,1011.4708333333333
2011-01-30,200006.0,Diego Aracena Iquique Ap.,-20.54917,-70.18111,1010.4375
2011-01-30,220002.0,"El Loa, Calama Ad.",-22.49806,-68.8925,777.625
2011-01-30,270001.0,Mataveri  Isla de Pascua Ap.,-27.15889,-109.4325,1017.0863636363637
2011-01-30,270008.0,"Desierto de Atacama, Caldera  Ad.",-27.25444,-70.78111,996.1
2011-01-30,290004.0,"La Florida, La Serena Ad.",-29.91444,-71.20667,1001.625
2011-01-30,330007.0,"Rodelillo, Ad.",-33.06528,-71.55639,978.8
2011-01-30,330019.0,"Eulogio Sánchez, Tobalaba Ad.",-33.45528,-70.54861,942.7
2011-01-30,330020.0,"Quinta Normal, Santiago",-33.445,-70.68278,956.775
2011-01-30,330021.0,Pudahuel Santiago ,-33.37833,-70.78778,961.7624999999999
2011-01-30,330030.0,"Santo Domingo, Ad.",-33.65611,-71.61333,1010.6642857142857
2011-01-30,330031.0,"Juan Fernández, Estación Meteorológica.",-33.63583,-78.83305,1016.85
2011-01-30,340031.0,"General Freire, Curicó Ad.",-34.96944,-71.21694,990.0600000000001
2011-01-30,360019.0,"Carriel Sur, Concepción Ap.",-36.78055,-73.06639,1017.5916666666667
2011-01-30,370033.0,"María Dolores, Los Angeles Ad.",-37.39694,-72.42389,
2011-01-30,380013.0,"Maquehue, Temuco Ad.",-38.76778,-72.63194,1006.9
2011-01-30,400009.0,"Cañal Bajo,  Osorno Ad.",-40.61444,-73.0575,1008.8818181818183
2011-01-30,410005.0,El Tepual  Puerto Montt Ap.,-41.4475,-73.09583,1004.6958333333333
2011-01-30,450004.0,"Teniente Vidal, Coyhaique Ad.",-45.59083,-72.10222,965.7461538461539
2011-01-30,450005.0,Balmaceda Ad.,-45.91833,-71.67778,943.3
2011-01-30,510005.0,"Teniente Gallardo, Puerto Natales Ad.",-51.66722,-72.52889,990.0
2011-01-30,520006.0,"Carlos Ibañez, Punta Arenas Ap.",-53.00167,-70.83861,988.9708333333333
2011-01-30,550001.0,"Guardiamarina Zañartu, Pto Williams Ad.",-54.93167,-67.61556,986.825
2011-01-30,950001.0,"C.M.A. Eduardo Frei Montalva, Antártica ",-62.19194,-58.97972,980.125
2011-01-31,180005.0,"Chacalluta, Arica Ap.",-18.35555,-70.34028,1008.6625
2011-01-31,200006.0,Diego Aracena Iquique Ap.,-20.54917,-70.18111,1007.85
2011-01-31,220002.0,"El Loa, Calama Ad.",-22.49806,-68.8925,775.6800000000001
2011-01-31,270001.0,Mataveri  Isla de Pascua Ap.,-27.15889,-109.4325,1016.9105263157894
2011-01-31,270008.0,"Desierto de Atacama, Caldera  Ad.",-27.25444,-70.78111,992.6
2011-01-31,290004.0,"La Florida, La Serena Ad.",-29.91444,-71.20667,998.5375
2011-01-31,330007.0,"Rodelillo, Ad.",-33.06528,-71.55639,976.8
2011-01-31,330019.0,"Eulogio Sánchez, Tobalaba Ad.",-33.45528,-70.54861,941.68
2011-01-31,330020.0,"Quinta Normal, Santiago",-33.445,-70.68278,955.85
2011-01-31,330021.0,Pudahuel Santiago ,-33.37833,-70.78778,960.7166666666667
2011-01-31,330030.0,"Santo Domingo, Ad.",-33.65611,-71.61333,1008.85
2011-01-31,330031.0,"Juan Fernández, Estación Meteorológica.",-33.63583,-78.83305,1018.65
2011-01-31,340031.0,"General Freire, Curicó Ad.",-34.96944,-71.21694,989.26
2011-01-31,360011.0,"General Bernardo O'Higgins, Chillán Ad.",-36.58583,-72.03667,997.7111111111111
2011-01-31,360019.0,"Carriel Sur, Concepción Ap.",-36.78055,-73.06639,1018.7791666666667
2011-01-31,370033.0,"María Dolores, Los Angeles Ad.",-37.39694,-72.42389,
2011-01-31,380013.0,"Maquehue, Temuco Ad.",-38.76778,-72.63194,1010.025
2011-01-31,400009.0,"Cañal Bajo,  Osorno Ad.",-40.61444,-73.0575,1015.2166666666667
2011-01-31,410005.0,El Tepual  Puerto Montt Ap.,-41.4475,-73.09583,1010.8833333333333
2011-01-31,430001.0,Quellón Ad.,-43.13361,-73.63278,1020.1999999999999
2011-01-31,430002.0,Futaleufú Ad.,-43.18889,-71.85222,978.0666666666666
2011-01-31,450001.0,Puerto Aysén Ad.,-45.39944,-72.67722,1017.6666666666666
2011-01-31,450004.0,"Teniente Vidal, Coyhaique Ad.",-45.59083,-72.10222,975.4846153846154
2011-01-31,450005.0,Balmaceda Ad.,-45.91833,-71.67778,951.9200000000001
2011-01-31,510005.0,"Teniente Gallardo, Puerto Natales Ad.",-51.66722,-72.52889,1000.7333333333332
2011-01-31,520006.0,"Carlos Ibañez, Punta Arenas Ap.",-53.00167,-70.83861,997.7238095238096
2011-01-31,530005.0,"Fuentes Martínez, Porvenir Ad.",-53.25361,-70.32611,1001.95
2011-01-31,550001.0,"Guardiamarina Zañartu, Pto Williams Ad.",-54.93167,-67.61556,998.1666666666666
2011-01-31,950001.0,"C.M.A. Eduardo Frei Montalva, Antártica ",-62.19194,-58.97972,977.675
2011-02-01,180005.0,"Chacalluta, Arica Ap.",-18.35555,-70.34028,1007.8625000000001
2011-02-01,200006.0,Diego Aracena Iquique Ap.,-20.54917,-70.18111,1006.9875
2011-02-01,220002.0,"El Loa, Calama Ad.",-22.49806,-68.8925,775.3
2011-02-01,270001.0,Mataveri  Isla de Pascua Ap.,-27.15889,-109.4325,1016.3684210526316
2011-02-01,270008.0,"Desierto de Atacama, Caldera  Ad.",-27.25444,-70.78111,991.46
2011-02-01,290004.0,"La Florida, La Serena Ad.",-29.91444,-71.20667,996.0
2011-02-01,330007.0,"Rodelillo, Ad.",-33.06528,-71.55639,973.6
2011-02-01,330019.0,"Eulogio Sánchez, Tobalaba Ad.",-33.45528,-70.54861,938.0
2011-02-01,330020.0,"Quinta Normal, Santiago",-33.445,-70.68278,951.925
2011-02-01,330021.0,Pudahuel Santiago ,-33.37833,-70.78778,956.8916666666668
2011-02-01,330030.0,"Santo Domingo, Ad.",-33.65611,-71.61333,1004.5785714285714
2011-02-01,330031.0,"Juan Fernández, Estación Meteorológica.",-33.63583,-78.83305,1014.925
2011-02-01,340031.0,"General Freire, Curicó Ad.",-34.96944,-71.21694,985.3799999999999
2011-02-01,360011.0,"General Bernardo O'Higgins, Chillán Ad.",-36.58583,-72.03667,995.5333333333333
2011-02-01,360019.0,"Carriel Sur, Concepción Ap.",-36.78055,-73.06639,1014.3375
2011-02-01,370033.0,"María Dolores, Los Angeles Ad.",-37.39694,-72.42389,1000.55
2011-02-01,380013.0,"Maquehue, Temuco Ad.",-38.76778,-72.63194,1005.225
2011-02-01,400009.0,"Cañal Bajo,  Osorno Ad.",-40.61444,-73.0575,1005.6
2011-02-01,410005.0,El Tepual  Puerto Montt Ap.,-41.4475,-73.09583,1004.6875
2011-02-01,430001.0,Quellón Ad.,-43.13361,-73.63278,1008.7333333333332
2011-02-01,430002.0,Futaleufú Ad.,-43.18889,-71.85222,968.9
2011-02-01,450001.0,Puerto Aysén Ad.,-45.39944,-72.67722,1007.1666666666666
2011-02-01,450004.0,"Teniente Vidal, Coyhaique Ad.",-45.59083,-72.10222,969.0538461538462
2011-02-01,450005.0,Balmaceda Ad.,-45.91833,-71.67778,946.7
2011-02-01,510005.0,"Teniente Gallardo, Puerto Natales Ad.",-51.66722,-72.52889,991.5
2011-02-01,520006.0,"Carlos Ibañez, Punta Arenas Ap.",-53.00167,-70.83861,995.9375
2011-02-01,530005.0,"Fuentes Martínez, Porvenir Ad.",-53.25361,-70.32611,994.075
2011-02-01,550001.0,"Guardiamarina Zañartu, Pto Williams Ad.",-54.93167,-67.61556,995.85
2011-02-01,950001.0,"C.M.A. Eduardo Frei Montalva, Antártica ",-62.19194,-58.97972,984.875
2011-02-02,180005.0,"Chacalluta, Arica Ap.",-18.35555,-70.34028,1007.65
2011-02-02,200006.0,Diego Aracena Iquique Ap.,-20.54917,-70.18111,1006.825
2011-02-02,220002.0,"El Loa, Calama Ad.",-22.49806,-68.8925,775.5
2011-02-02,270001.0,Mataveri  Isla de Pascua Ap.,-27.15889,-109.4325,1015.9590909090908
2011-02-02,270008.0,"Desierto de Atacama, Caldera  Ad.",-27.25444,-70.78111,991.86
2011-02-02,290004.0,"La Florida, La Serena Ad.",-29.91444,-71.20667,997.3874999999999
2011-02-02,330007.0,"Rodelillo, Ad.",-33.06528,-71.55639,974.8
2011-02-02,330019.0,"Eulogio Sánchez, Tobalaba Ad.",-33.45528,-70.54861,939.32
2011-02-02,330020.0,"Quinta Normal, Santiago",-33.445,-70.68278,952.925
2011-02-02,330021.0,Pudahuel Santiago ,-33.37833,-70.78778,957.8708333333334
2011-02-02,330030.0,"Santo Domingo, Ad.",-33.65611,-71.61333,1006.4571428571428
2011-02-02,330031.0,"Juan Fernández, Estación Meteorológica.",-33.63583,-78.83305,1013.85
2011-02-02,340031.0,"General Freire, Curicó Ad.",-34.96944,-71.21694,986.46
2011-02-02,360011.0,"General Bernardo O'Higgins, Chillán Ad.",-36.58583,-72.03667,997.5222222222224
2011-02-02,360019.0,"Carriel Sur, Concepción Ap.",-36.78055,-73.06639,1014.2458333333334
2011-02-02,370033.0,"María Dolores, Los Angeles Ad.",-37.39694,-72.42389,1001.0
2011-02-02,380013.0,"Maquehue, Temuco Ad.",-38.76778,-72.63194,1003.0875
2011-02-02,400009.0,"Cañal Bajo,  Osorno Ad.",-40.61444,-73.0575,1007.0583333333333
2011-02-02,410005.0,El Tepual  Puerto Montt Ap.,-41.4475,-73.09583,1001.5749999999999
2011-02-02,430001.0,Quellón Ad.,-43.13361,-73.63278,1009.9
2011-02-02,430002.0,Futaleufú Ad.,-43.18889,-71.85222,967.0333333333333
2011-02-02,450001.0,Puerto Aysén Ad.,-45.39944,-72.67722,1005.9
2011-02-02,450004.0,"Teniente Vidal, Coyhaique Ad.",-45.59083,-72.10222,968.3153846153847
2011-02-02,450005.0,Balmaceda Ad.,-45.91833,-71.67778,941.9
2011-02-02,510005.0,"Teniente Gallardo, Puerto Natales Ad.",-51.66722,-72.52889,987.7333333333332
2011-02-02,520006.0,"Carlos Ibañez, Punta Arenas Ap.",-53.00167,-70.83861,989.0208333333334
2011-02-02,530005.0,"Fuentes Martínez, Porvenir Ad.",-53.25361,-70.32611,989.675
2011-02-02,550001.0,"Guardiamarina Zañartu, Pto Williams Ad.",-54.93167,-67.61556,989.0181818181819
2011-02-02,950001.0,"C.M.A. Eduardo Frei Montalva, Antártica ",-62.19194,-58.97972,980.9875
2011-02-03,180005.0,"Chacalluta, Arica Ap.",-18.35555,-70.34028,1007.375
2011-02-03,200006.0,Diego Aracena Iquique Ap.,-20.54917,-70.18111,1006.825
2011-02-03,220002.0,"El Loa, Calama Ad.",-22.49806,-68.8925,775.52
2011-02-03,270001.0,Mataveri  Isla de Pascua Ap.,-27.15889,-109.4325,1015.8190476190476
2011-02-03,270008.0,"Desierto de Atacama, Caldera  Ad.",-27.25444,-70.78111,993.2428571428571
2011-02-03,290004.0,"La Florida, La Serena Ad.",-29.91444,-71.20667,997.3708333333334
2011-02-03,330007.0,"Rodelillo, Ad.",-33.06528,-71.55639,975.2
2011-02-03,330019.0,"Eulogio Sánchez, Tobalaba Ad.",-33.45528,-70.54861,940.28
2011-02-03,330020.0,"Quinta Normal, Santiago",-33.445,-70.68278,954.3125
2011-02-03,330021.0,Pudahuel Santiago ,-33.37833,-70.78778,959.3041666666667
2011-02-03,330030.0,"Santo Domingo, Ad.",-33.65611,-71.61333,1007.907142857143
2011-02-03,330031.0,"Juan Fernández, Estación Meteorológica.",-33.63583,-78.83305,1018.375
2011-02-03,340031.0,"General Freire, Curicó Ad.",-34.96944,-71.21694,988.6200000000001
2011-02-03,360011.0,"General Bernardo O'Higgins, Chillán Ad.",-36.58583,-72.03667,1001.64
2011-02-03,360019.0,"Carriel Sur, Concepción Ap.",-36.78055,-73.06639,1017.9333333333334
2011-02-03,370033.0,"María Dolores, Los Angeles Ad.",-37.39694,-72.42389,1006.75
2011-02-03,380013.0,"Maquehue, Temuco Ad.",-38.76778,-72.63194,1008.2625
2011-02-03,400009.0,"Cañal Bajo,  Osorno Ad.",-40.61444,-73.0575,1010.6083333333332
2011-02-03,410005.0,El Tepual  Puerto Montt Ap.,-41.4475,-73.09583,1006.0458333333332
2011-02-03,430001.0,Quellón Ad.,-43.13361,-73.63278,1012.3000000000001
2011-02-03,430002.0,Futaleufú Ad.,-43.18889,-71.85222,970.0666666666666
2011-02-03,450001.0,Puerto Aysén Ad.,-45.39944,-72.67722,1008.1999999999999
2011-02-03,450004.0,"Teniente Vidal, Coyhaique Ad.",-45.59083,-72.10222,971.323076923077
2011-02-03,450005.0,Balmaceda Ad.,-45.91833,-71.67778,944.76
2011-02-03,510005.0,"Teniente Gallardo, Puerto Natales Ad.",-51.66722,-72.52889,992.5333333333333
2011-02-03,520006.0,"Carlos Ibañez, Punta Arenas Ap.",-53.00167,-70.83861,991.0916666666667
2011-02-03,530005.0,"Fuentes Martínez, Porvenir Ad.",-53.25361,-70.32611,995.075
2011-02-03,550001.0,"Guardiamarina Zañartu, Pto Williams Ad.",-54.93167,-67.61556,992.6272727272727
2011-02-03,950001.0,"C.M.A. Eduardo Frei Montalva, Antártica ",-62.19194,-58.97972,976.6625
2011-02-04,180005.0,"Chacalluta, Arica Ap.",-18.35555,-70.34028,1005.3874999999999
2011-02-04,200006.0,Diego Aracena Iquique Ap.,-20.54917,-70.18111,1004.575
2011-02-04,220002.0,"El Loa, Calama Ad.",-22.49806,-68.8925,773.5799999999999
2011-02-04,270001.0,Mataveri  Isla de Pascua Ap.,-27.15889,-109.4325,1015.3052631578947
2011-02-04,270008.0,"Desierto de Atacama, Caldera  Ad.",-27.25444,-70.78111,989.5200000000001
2011-02-04,290004.0,"La Florida, La Serena Ad.",-29.91444,-71.20667,994.4333333333334
2011-02-04,330007.0,"Rodelillo, Ad.",-33.06528,-71.55639,971.8
2011-02-04,330019.0,"Eulogio Sánchez, Tobalaba Ad.",-33.45528,-70.54861,936.36
2011-02-04,330020.0,"Quinta Normal, Santiago",-33.445,-70.68278,950.3125
2011-02-04,330021.0,Pudahuel Santiago ,-33.37833,-70.78778,955.125
2011-02-04,330030.0,"Santo Domingo, Ad.",-33.65611,-71.61333,1003.5428571428572
2011-02-04,330031.0,"Juan Fernández, Estación Meteorológica.",-33.63583,-78.83305,1015.425
2011-02-04,340031.0,"General Freire, Curicó Ad.",-34.96944,-71.21694,984.1
2011-02-04,360011.0,"General Bernardo O'Higgins, Chillán Ad.",-36.58583,-72.03667,993.8799999999999
2011-02-04,360019.0,"Carriel Sur, Concepción Ap.",-36.78055,-73.06639,1013.3000000000001
2011-02-04,370033.0,"María Dolores, Los Angeles Ad.",-37.39694,-72.42389,1000.3
2011-02-04,380013.0,"Maquehue, Temuco Ad.",-38.76778,-72.63194,1006.4625
2011-02-04,400009.0,"Cañal Bajo,  Osorno Ad.",-40.61444,-73.0575,1009.3166666666666
2011-02-04,410005.0,El Tepual  Puerto Montt Ap.,-41.4475,-73.09583,1007.1958333333333
2011-02-04,430001.0,Quellón Ad.,-43.13361,-73.63278,1013.1999999999999
2011-02-04,430002.0,Futaleufú Ad.,-43.18889,-71.85222,969.1
2011-02-04,450001.0,Puerto Aysén Ad.,-45.39944,-72.67722,1006.1333333333333
2011-02-04,450004.0,"Teniente Vidal, Coyhaique Ad.",-45.59083,-72.10222,968.9923076923077
2011-02-04,450005.0,Balmaceda Ad.,-45.91833,-71.67778,941.9399999999999
2011-02-04,510005.0,"Teniente Gallardo, Puerto Natales Ad.",-51.66722,-72.52889,991.6333333333332
2011-02-04,520006.0,"Carlos Ibañez, Punta Arenas Ap.",-53.00167,-70.83861,994.2333333333332
2011-02-04,530005.0,"Fuentes Martínez, Porvenir Ad.",-53.25361,-70.32611,995.45
2011-02-04,550001.0,"Guardiamarina Zañartu, Pto Williams Ad.",-54.93167,-67.61556,996.2416666666667
2011-02-04,950001.0,"C.M.A. Eduardo Frei Montalva, Antártica ",-62.19194,-58.97972,982.7375
2011-02-05,180005.0,"Chacalluta, Arica Ap.",-18.35555,-70.34028,1005.6208333333334
2011-02-05,200006.0,Diego Aracena Iquique Ap.,-20.54917,-70.18111,1004.825
2011-02-05,220002.0,"El Loa, Calama Ad.",-22.49806,-68.8925,774.14
2011-02-05,270001.0,Mataveri  Isla de Pascua Ap.,-27.15889,-109.4325,1013.7526315789473
2011-02-05,270008.0,"Desierto de Atacama, Caldera  Ad.",-27.25444,-70.78111,990.0200000000001
2011-02-05,290004.0,"La Florida, La Serena Ad.",-29.91444,-71.20667,994.9458333333333
2011-02-05,330007.0,"Rodelillo, Ad.",-33.06528,-71.55639,971.8
2011-02-05,330019.0,"Eulogio Sánchez, Tobalaba Ad.",-33.45528,-70.54861,935.4
2011-02-05,330020.0,"Quinta Normal, Santiago",-33.445,-70.68278,948.9375
2011-02-05,330021.0,Pudahuel Santiago ,-33.37833,-70.78778,953.8083333333334
2011-02-05,330030.0,"Santo Domingo, Ad.",-33.65611,-71.61333,1002.7285714285714
2011-02-05,330031.0,"Juan Fernández, Estación Meteorológica.",-33.63583,-78.83305,1013.375
2011-02-05,340031.0,"General Freire, Curicó Ad.",-34.96944,-71.21694,982.1
2011-02-05,360011.0,"General Bernardo O'Higgins, Chillán Ad.",-36.58583,-72.03667,992.36
2011-02-05,360019.0,"Carriel Sur, Concepción Ap.",-36.78055,-73.06639,1010.3208333333333
2011-02-05,370033.0,"María Dolores, Los Angeles Ad.",-37.39694,-72.42389,
2011-02-05,380013.0,"Maquehue, Temuco Ad.",-38.76778,-72.63194,1004.7125
2011-02-05,400009.0,"Cañal Bajo,  Osorno Ad.",-40.61444,-73.0575,1011.82
2011-02-05,410005.0,El Tepual  Puerto Montt Ap.,-41.4475,-73.09583,1009.6125000000001
2011-02-05,450004.0,"Teniente Vidal, Coyhaique Ad.",-45.59083,-72.10222,980.3307692307692
2011-02-05,450005.0,Balmaceda Ad.,-45.91833,-71.67778,952.9
2011-02-05,520006.0,"Carlos Ibañez, Punta Arenas Ap.",-53.00167,-70.83861,999.3708333333334
2011-02-05,530005.0,"Fuentes Martínez, Porvenir Ad.",-53.25361,-70.32611,1001.9
2011-02-05,550001.0,"Guardiamarina Zañartu, Pto Williams Ad.",-54.93167,-67.61556,997.5999999999999
2011-02-05,950001.0,"C.M.A. Eduardo Frei Montalva, Antártica ",-62.19194,-58.97972,985.9875
2011-02-06,180005.0,"Chacalluta, Arica Ap.",-18.35555,-70.34028,1006.3041666666667
2011-02-06,200006.0,Diego Aracena Iquique Ap.,-20.54917,-70.18111,1005.5625
2011-02-06,220002.0,"El Loa, Calama Ad.",-22.49806,-68.8925,774.375
2011-02-06,270001.0,Mataveri  Isla de Pascua Ap.,-27.15889,-109.4325,1012.6818181818181
2011-02-06,270008.0,"Desierto de Atacama, Caldera  Ad.",-27.25444,-70.78111,991.55
2011-02-06,290004.0,"La Florida, La Serena Ad.",-29.91444,-71.20667,996.5749999999999
2011-02-06,330007.0,"Rodelillo, Ad.",-33.06528,-71.55639,973.6
2011-02-06,330019.0,"Eulogio Sánchez, Tobalaba Ad.",-33.45528,-70.54861,937.5200000000001
2011-02-06,330020.0,"Quinta Normal, Santiago",-33.445,-70.68278,951.05
2011-02-06,330021.0,Pudahuel Santiago ,-33.37833,-70.78778,956.1583333333333
2011-02-06,330030.0,"Santo Domingo, Ad.",-33.65611,-71.61333,1005.2142857142857
2011-02-06,330031.0,"Juan Fernández, Estación Meteorológica.",-33.63583,-78.83305,1013.0
2011-02-06,340031.0,"General Freire, Curicó Ad.",-34.96944,-71.21694,984.14
2011-02-06,360011.0,"General Bernardo O'Higgins, Chillán Ad.",-36.58583,-72.03667,995.3299999999999
2011-02-06,360019.0,"Carriel Sur, Concepción Ap.",-36.78055,-73.06639,1010.9250000000001
2011-02-06,370033.0,"María Dolores, Los Angeles Ad.",-37.39694,-72.42389,
2011-02-06,380013.0,"Maquehue, Temuco Ad.",-38.76778,-72.63194,1001.0
2011-02-06,400009.0,"Cañal Bajo,  Osorno Ad.",-40.61444,-73.0575,1006.7785714285714
2011-02-06,410005.0,El Tepual  Puerto Montt Ap.,-41.4475,-73.09583,1004.375
2011-02-06,450004.0,"Teniente Vidal, Coyhaique Ad.",-45.59083,-72.10222,975.8076923076923
2011-02-06,450005.0,Balmaceda Ad.,-45.91833,-71.67778,951.8714285714286
2011-02-06,510005.0,"Teniente Gallardo, Puerto Natales Ad.",-51.66722,-72.52889,997.3
2011-02-06,520006.0,"Carlos Ibañez, Punta Arenas Ap.",-53.00167,-70.83861,997.5625
2011-02-06,550001.0,"Guardiamarina Zañartu, Pto Williams Ad.",-54.93167,-67.61556,993.8615384615385
2011-02-06,950001.0,"C.M.A. Eduardo Frei Montalva, Antártica ",-62.19194,-58.97972,974.25
2011-02-07,180005.0,"Chacalluta, Arica Ap.",-18.35555,-70.34028,1008.3625000000001
2011-02-07,200006.0,Diego Aracena Iquique Ap.,-20.54917,-70.18111,1007.375
2011-02-07,220002.0,"El Loa, Calama Ad.",-22.49806,-68.8925,776.4
2011-02-07,270001.0,Mataveri  Isla de Pascua Ap.,-27.15889,-109.4325,1014.221052631579
2011-02-07,270008.0,"Desierto de Atacama, Caldera  Ad.",-27.25444,-70.78111,993.5600000000001
2011-02-07,290004.0,"La Florida, La Serena Ad.",-29.91444,-71.20667,998.9958333333334
2011-02-07,330007.0,"Rodelillo, Ad.",-33.06528,-71.55639,976.8
2011-02-07,330019.0,"Eulogio Sánchez, Tobalaba Ad.",-33.45528,-70.54861,940.74
2011-02-07,330020.0,"Quinta Normal, Santiago",-33.445,-70.68278,954.375
2011-02-07,330021.0,Pudahuel Santiago ,-33.37833,-70.78778,959.4125
2011-02-07,330030.0,"Santo Domingo, Ad.",-33.65611,-71.61333,1008.2142857142857
2011-02-07,330031.0,"Juan Fernández, Estación Meteorológica.",-33.63583,-78.83305,1015.875
2011-02-07,340031.0,"General Freire, Curicó Ad.",-34.96944,-71.21694,987.18
2011-02-07,360011.0,"General Bernardo O'Higgins, Chillán Ad.",-36.58583,-72.03667,998.8700000000001
2011-02-07,360019.0,"Carriel Sur, Concepción Ap.",-36.78055,-73.06639,1014.9708333333333
2011-02-07,370033.0,"María Dolores, Los Angeles Ad.",-37.39694,-72.42389,1001.75
2011-02-07,380013.0,"Maquehue, Temuco Ad.",-38.76778,-72.63194,1005.15
2011-02-07,400009.0,"Cañal Bajo,  Osorno Ad.",-40.61444,-73.0575,1012.3249999999999
2011-02-07,410005.0,El Tepual  Puerto Montt Ap.,-41.4475,-73.09583,1008.36
2011-02-07,430001.0,Quellón Ad.,-43.13361,-73.63278,1019.5333333333334
2011-02-07,430002.0,Futaleufú Ad.,-43.18889,-71.85222,978.3333333333334
2011-02-07,450001.0,Puerto Aysén Ad.,-45.39944,-72.67722,1019.9
2011-02-07,450004.0,"Teniente Vidal, Coyhaique Ad.",-45.59083,-72.10222,981.3307692307692
2011-02-07,450005.0,Balmaceda Ad.,-45.91833,-71.67778,956.1600000000001
2011-02-07,510005.0,"Teniente Gallardo, Puerto Natales Ad.",-51.66722,-72.52889,1002.7333333333332
2011-02-07,520006.0,"Carlos Ibañez, Punta Arenas Ap.",-53.00167,-70.83861,1002.7416666666667
2011-02-07,530005.0,"Fuentes Martínez, Porvenir Ad.",-53.25361,-70.32611,1003.45
2011-02-07,550001.0,"Guardiamarina Zañartu, Pto Williams Ad.",-54.93167,-67.61556,999.5090909090909
2011-02-07,950001.0,"C.M.A. Eduardo Frei Montalva, Antártica ",-62.19194,-58.97972,979.6125
2011-02-08,180005.0,"Chacalluta, Arica Ap.",-18.35555,-70.34028,1009.3000000000001
2011-02-08,200006.0,Diego Aracena Iquique Ap.,-20.54917,-70.18111,1008.1125
2011-02-08,220002.0,"El Loa, Calama Ad.",-22.49806,-68.8925,777.08
2011-02-08,270001.0,Mataveri  Isla de Pascua Ap.,-27.15889,-109.4325,1014.8789473684211
2011-02-08,270008.0,"Desierto de Atacama, Caldera  Ad.",-27.25444,-70.78111,993.6600000000001
2011-02-08,290004.0,"La Florida, La Serena Ad.",-29.91444,-71.20667,999.0708333333333
2011-02-08,330007.0,"Rodelillo, Ad.",-33.06528,-71.55639,976.2
2011-02-08,330019.0,"Eulogio Sánchez, Tobalaba Ad.",-33.45528,-70.54861,940.0799999999999
2011-02-08,330020.0,"Quinta Normal, Santiago",-33.445,-70.68278,953.825
2011-02-08,330021.0,Pudahuel Santiago ,-33.37833,-70.78778,958.8125
2011-02-08,330030.0,"Santo Domingo, Ad.",-33.65611,-71.61333,1007.9214285714286
2011-02-08,330031.0,"Juan Fernández, Estación Meteorológica.",-33.63583,-78.83305,1015.0
2011-02-08,340031.0,"General Freire, Curicó Ad.",-34.96944,-71.21694,986.32
2011-02-08,360011.0,"General Bernardo O'Higgins, Chillán Ad.",-36.58583,-72.03667,995.43
2011-02-08,360019.0,"Carriel Sur, Concepción Ap.",-36.78055,-73.06639,1013.6541666666667
2011-02-08,370033.0,"María Dolores, Los Angeles Ad.",-37.39694,-72.42389,998.2
2011-02-08,380013.0,"Maquehue, Temuco Ad.",-38.76778,-72.63194,1002.7875
2011-02-08,400009.0,"Cañal Bajo,  Osorno Ad.",-40.61444,-73.0575,1009.16875
2011-02-08,410005.0,El Tepual  Puerto Montt Ap.,-41.4475,-73.09583,1007.1666666666666
2011-02-08,430001.0,Quellón Ad.,-43.13361,-73.63278,1016.6333333333333
2011-02-08,430002.0,Futaleufú Ad.,-43.18889,-71.85222,978.3000000000001
2011-02-08,450001.0,Puerto Aysén Ad.,-45.39944,-72.67722,1018.7333333333332
2011-02-08,450004.0,"Teniente Vidal, Coyhaique Ad.",-45.59083,-72.10222,980.8307692307692
2011-02-08,450005.0,Balmaceda Ad.,-45.91833,-71.67778,957.6600000000001
2011-02-08,510005.0,"Teniente Gallardo, Puerto Natales Ad.",-51.66722,-72.52889,1004.6666666666666
2011-02-08,520006.0,"Carlos Ibañez, Punta Arenas Ap.",-53.00167,-70.83861,1003.4333333333334
2011-02-08,530005.0,"Fuentes Martínez, Porvenir Ad.",-53.25361,-70.32611,1006.425
2011-02-08,550001.0,"Guardiamarina Zañartu, Pto Williams Ad.",-54.93167,-67.61556,1002.8
2011-02-08,950001.0,"C.M.A. Eduardo Frei Montalva, Antártica ",-62.19194,-58.97972,982.8125
2011-02-09,180005.0,"Chacalluta, Arica Ap.",-18.35555,-70.34028,1008.7083333333334
2011-02-09,200006.0,Diego Aracena Iquique Ap.,-20.54917,-70.18111,1007.7875
2011-02-09,220002.0,"El Loa, Calama Ad.",-22.49806,-68.8925,776.5600000000001
2011-02-09,270001.0,Mataveri  Isla de Pascua Ap.,-27.15889,-109.4325,1013.3181818181819
2011-02-09,270008.0,"Desierto de Atacama, Caldera  Ad.",-27.25444,-70.78111,993.4
2011-02-09,290004.0,"La Florida, La Serena Ad.",-29.91444,-71.20667,999.1125000000001
2011-02-09,330007.0,"Rodelillo, Ad.",-33.06528,-71.55639,976.8
2011-02-09,330019.0,"Eulogio Sánchez, Tobalaba Ad.",-33.45528,-70.54861,939.9399999999999
2011-02-09,330020.0,"Quinta Normal, Santiago",-33.445,-70.68278,953.9875
2011-02-09,330021.0,Pudahuel Santiago ,-33.37833,-70.78778,958.9541666666668
2011-02-09,330030.0,"Santo Domingo, Ad.",-33.65611,-71.61333,1007.842857142857
2011-02-09,330031.0,"Juan Fernández, Estación Meteorológica.",-33.63583,-78.83305,1013.375
2011-02-09,340031.0,"General Freire, Curicó Ad.",-34.96944,-71.21694,986.68
2011-02-09,360011.0,"General Bernardo O'Higgins, Chillán Ad.",-36.58583,-72.03667,996.79
2011-02-09,360019.0,"Carriel Sur, Concepción Ap.",-36.78055,-73.06639,1014.6041666666666
2011-02-09,370033.0,"María Dolores, Los Angeles Ad.",-37.39694,-72.42389,999.8
2011-02-09,380013.0,"Maquehue, Temuco Ad.",-38.76778,-72.63194,1002.9125
2011-02-09,400009.0,"Cañal Bajo,  Osorno Ad.",-40.61444,-73.0575,1006.1999999999999
2011-02-09,410005.0,El Tepual  Puerto Montt Ap.,-41.4475,-73.09583,1003.65
2011-02-09,430001.0,Quellón Ad.,-43.13361,-73.63278,1013.7666666666668
2011-02-09,430002.0,Futaleufú Ad.,-43.18889,-71.85222,975.9666666666667
2011-02-09,450001.0,Puerto Aysén Ad.,-45.39944,-72.67722,1015.1666666666666
2011-02-09,450004.0,"Teniente Vidal, Coyhaique Ad.",-45.59083,-72.10222,978.4076923076923
2011-02-09,450005.0,Balmaceda Ad.,-45.91833,-71.67778,955.24
2011-02-09,510005.0,"Teniente Gallardo, Puerto Natales Ad.",-51.66722,-72.52889,1003.6333333333333
2011-02-09,520006.0,"Carlos Ibañez, Punta Arenas Ap.",-53.00167,-70.83861,1004.7375000000001
2011-02-09,530005.0,"Fuentes Martínez, Porvenir Ad.",-53.25361,-70.32611,1005.425
2011-02-09,550001.0,"Guardiamarina Zañartu, Pto Williams Ad.",-54.93167,-67.61556,1002.1818181818181
2011-02-09,950001.0,"C.M.A. Eduardo Frei Montalva, Antártica ",-62.19194,-58.97972,987.8
2011-02-10,180005.0,"Chacalluta, Arica Ap.",-18.35555,-70.34028,1006.6583333333333
2011-02-10,200006.0,Diego Aracena Iquique Ap.,-20.54917,-70.18111,1005.7375
2011-02-10,220002.0,"El Loa, Calama Ad.",-22.49806,-68.8925,774.48
2011-02-10,270001.0,Mataveri  Isla de Pascua Ap.,-27.15889,-109.4325,1012.2285714285714
2011-02-10,270008.0,"Desierto de Atacama, Caldera  Ad.",-27.25444,-70.78111,991.1600000000001
2011-02-10,290004.0,"La Florida, La Serena Ad.",-29.91444,-71.20667,996.6875
2011-02-10,330007.0,"Rodelillo, Ad.",-33.06528,-71.55639,973.8
2011-02-10,330019.0,"Eulogio Sánchez, Tobalaba Ad.",-33.45528,-70.54861,938.22
2011-02-10,330020.0,"Quinta Normal, Santiago",-33.445,-70.68278,952.2375000000001
2011-02-10,330021.0,Pudahuel Santiago ,-33.37833,-70.78778,957.225
2011-02-10,330030.0,"Santo Domingo, Ad.",-33.65611,-71.61333,1004.6357142857142
2011-02-10,330031.0,"Juan Fernández, Estación Meteorológica.",-33.63583,-78.83305,1010.3
2011-02-10,340031.0,"General Freire, Curicó Ad.",-34.96944,-71.21694,984.32
2011-02-10,360011.0,"General Bernardo O'Higgins, Chillán Ad.",-36.58583,-72.03667,993.75
2011-02-10,360019.0,"Carriel Sur, Concepción Ap.",-36.78055,-73.06639,1011.3916666666668
2011-02-10,370033.0,"María Dolores, Los Angeles Ad.",-37.39694,-72.42389,996.3
2011-02-10,380013.0,"Maquehue, Temuco Ad.",-38.76778,-72.63194,1000.475
2011-02-10,400009.0,"Cañal Bajo,  Osorno Ad.",-40.61444,-73.0575,1002.65
2011-02-10,410005.0,El Tepual  Puerto Montt Ap.,-41.4475,-73.09583,1001.5916666666667
2011-02-10,430001.0,Quellón Ad.,-43.13361,-73.63278,1010.4333333333334
2011-02-10,430002.0,Futaleufú Ad.,-43.18889,-71.85222,971.6999999999999
2011-02-10,450001.0,Puerto Aysén Ad.,-45.39944,-72.67722,1010.8000000000001
2011-02-10,450004.0,"Teniente Vidal, Coyhaique Ad.",-45.59083,-72.10222,973.8153846153847
2011-02-10,450005.0,Balmaceda Ad.,-45.91833,-71.67778,951.54
2011-02-10,510005.0,"Teniente Gallardo, Puerto Natales Ad.",-51.66722,-72.52889,998.0
2011-02-10,520006.0,"Carlos Ibañez, Punta Arenas Ap.",-53.00167,-70.83861,999.5333333333333
2011-02-10,530005.0,"Fuentes Martínez, Porvenir Ad.",-53.25361,-70.32611,999.8000000000001
2011-02-10,550001.0,"Guardiamarina Zañartu, Pto Williams Ad.",-54.93167,-67.61556,998.9
2011-02-10,950001.0,"C.M.A. Eduardo Frei Montalva, Antártica ",-62.19194,-58.97972,981.6375
2011-02-11,180005.0,"Chacalluta, Arica Ap.",-18.35555,-70.34028,1007.2958333333332
2011-02-11,200006.0,Diego Aracena Iquique Ap.,-20.54917,-70.18111,1006.525
2011-02-11,220002.0,"El Loa, Calama Ad.",-22.49806,-68.8925,775.28
2011-02-11,270001.0,Mataveri  Isla de Pascua Ap.,-27.15889,-109.4325,1012.1789473684212
2011-02-11,270008.0,"Desierto de Atacama, Caldera  Ad.",-27.25444,-70.78111,992.5666666666666
2011-02-11,290004.0,"La Florida, La Serena Ad.",-29.91444,-71.20667,997.8333333333334
2011-02-11,330007.0,"Rodelillo, Ad.",-33.06528,-71.55639,975.0
2011-02-11,330019.0,"Eulogio Sánchez, Tobalaba Ad.",-33.45528,-70.54861,939.3799999999999
2011-02-11,330020.0,"Quinta Normal, Santiago",-33.445,-70.68278,952.7
2011-02-11,330021.0,Pudahuel Santiago ,-33.37833,-70.78778,957.9708333333333
2011-02-11,330030.0,"Santo Domingo, Ad.",-33.65611,-71.61333,1006.1357142857142
2011-02-11,330031.0,"Juan Fernández, Estación Meteorológica.",-33.63583,-78.83305,1008.325
2011-02-11,340031.0,"General Freire, Curicó Ad.",-34.96944,-71.21694,985.8
2011-02-11,360011.0,"General Bernardo O'Higgins, Chillán Ad.",-36.58583,-72.03667,996.43
2011-02-11,360019.0,"Carriel Sur, Concepción Ap.",-36.78055,-73.06639,1011.6875
2011-02-11,370033.0,"María Dolores, Los Angeles Ad.",-37.39694,-72.42389,998.5
2011-02-11,380013.0,"Maquehue, Temuco Ad.",-38.76778,-72.63194,1000.6
2011-02-11,400009.0,"Cañal Bajo,  Osorno Ad.",-40.61444,-73.0575,1003.1
2011-02-11,410005.0,El Tepual  Puerto Montt Ap.,-41.4475,-73.09583,999.4333333333334
2011-02-11,430001.0,Quellón Ad.,-43.13361,-73.63278,1007.7666666666668
2011-02-11,430002.0,Futaleufú Ad.,-43.18889,-71.85222,966.7333333333332
2011-02-11,450001.0,Puerto Aysén Ad.,-45.39944,-72.67722,1006.1666666666666
2011-02-11,450004.0,"Teniente Vidal, Coyhaique Ad.",-45.59083,-72.10222,968.9153846153846
2011-02-11,450005.0,Balmaceda Ad.,-45.91833,-71.67778,945.5
2011-02-11,510005.0,"Teniente Gallardo, Puerto Natales Ad.",-51.66722,-72.52889,990.0
2011-02-11,520006.0,"Carlos Ibañez, Punta Arenas Ap.",-53.00167,-70.83861,992.625
2011-02-11,530005.0,"Fuentes Martínez, Porvenir Ad.",-53.25361,-70.32611,993.975
2011-02-11,550001.0,"Guardiamarina Zañartu, Pto Williams Ad.",-54.93167,-67.61556,993.8000000000001
2011-02-11,950001.0,"C.M.A. Eduardo Frei Montalva, Antártica ",-62.19194,-58.97972,985.975
2011-02-12,180005.0,"Chacalluta, Arica Ap.",-18.35555,-70.34028,1009.3458333333333
2011-02-12,200006.0,Diego Aracena Iquique Ap.,-20.54917,-70.18111,1008.5875
2011-02-12,220002.0,"El Loa, Calama Ad.",-22.49806,-68.8925,777.6
2011-02-12,270001.0,Mataveri  Isla de Pascua Ap.,-27.15889,-109.4325,1013.5473684210527
2011-02-12,270008.0,"Desierto de Atacama, Caldera  Ad.",-27.25444,-70.78111,995.3399999999999
2011-02-12,290004.0,"La Florida, La Serena Ad.",-29.91444,-71.20667,1000.6708333333332
2011-02-12,330007.0,"Rodelillo, Ad.",-33.06528,-71.55639,978.4
2011-02-12,330019.0,"Eulogio Sánchez, Tobalaba Ad.",-33.45528,-70.54861,942.3799999999999
2011-02-12,330020.0,"Quinta Normal, Santiago",-33.445,-70.68278,956.15
2011-02-12,330021.0,Pudahuel Santiago ,-33.37833,-70.78778,961.3083333333334
2011-02-12,330030.0,"Santo Domingo, Ad.",-33.65611,-71.61333,1009.6357142857142
2011-02-12,330031.0,"Juan Fernández, Estación Meteorológica.",-33.63583,-78.83305,1010.0250000000001
2011-02-12,340031.0,"General Freire, Curicó Ad.",-34.96944,-71.21694,989.14
2011-02-12,360011.0,"General Bernardo O'Higgins, Chillán Ad.",-36.58583,-72.03667,998.47
2011-02-12,360019.0,"Carriel Sur, Concepción Ap.",-36.78055,-73.06639,1013.6833333333334
2011-02-12,370033.0,"María Dolores, Los Angeles Ad.",-37.39694,-72.42389,
2011-02-12,380013.0,"Maquehue, Temuco Ad.",-38.76778,-72.63194,1001.6875
2011-02-12,400009.0,"Cañal Bajo,  Osorno Ad.",-40.61444,-73.0575,1003.86
2011-02-12,410005.0,El Tepual  Puerto Montt Ap.,-41.4475,-73.09583,999.8956521739129
2011-02-12,450004.0,"Teniente Vidal, Coyhaique Ad.",-45.59083,-72.10222,965.3692307692307
2011-02-12,450005.0,Balmaceda Ad.,-45.91833,-71.67778,941.5
2011-02-12,520006.0,"Carlos Ibañez, Punta Arenas Ap.",-53.00167,-70.83861,993.8909090909091
2011-02-12,530005.0,"Fuentes Martínez, Porvenir Ad.",-53.25361,-70.32611,992.2
2011-02-12,550001.0,"Guardiamarina Zañartu, Pto Williams Ad.",-54.93167,-67.61556,998.0588235294117
2011-02-12,950001.0,"C.M.A. Eduardo Frei Montalva, Antártica ",-62.19194,-58.97972,997.325
2011-02-13,180005.0,"Chacalluta, Arica Ap.",-18.35555,-70.34028,1009.8916666666668
2011-02-13,200006.0,Diego Aracena Iquique Ap.,-20.54917,-70.18111,1008.9125
2011-02-13,220002.0,"El Loa, Calama Ad.",-22.49806,-68.8925,776.825
2011-02-13,270001.0,Mataveri  Isla de Pascua Ap.,-27.15889,-109.4325,1015.1636363636363
2011-02-13,270008.0,"Desierto de Atacama, Caldera  Ad.",-27.25444,-70.78111,994.45
2011-02-13,290004.0,"La Florida, La Serena Ad.",-29.91444,-71.20667,999.8541666666666
2011-02-13,330007.0,"Rodelillo, Ad.",-33.06528,-71.55639,977.8
2011-02-13,330019.0,"Eulogio Sánchez, Tobalaba Ad.",-33.45528,-70.54861,943.2
2011-02-13,330020.0,"Quinta Normal, Santiago",-33.445,-70.68278,957.575
2011-02-13,330021.0,Pudahuel Santiago ,-33.37833,-70.78778,962.5666666666666
2011-02-13,330030.0,"Santo Domingo, Ad.",-33.65611,-71.61333,1008.8928571428571
2011-02-13,330031.0,"Juan Fernández, Estación Meteorológica.",-33.63583,-78.83305,1019.05
2011-02-13,340031.0,"General Freire, Curicó Ad.",-34.96944,-71.21694,990.6600000000001
2011-02-13,360011.0,"General Bernardo O'Higgins, Chillán Ad.",-36.58583,-72.03667,1002.26
2011-02-13,360019.0,"Carriel Sur, Concepción Ap.",-36.78055,-73.06639,1019.2541666666666
2011-02-13,370033.0,"María Dolores, Los Angeles Ad.",-37.39694,-72.42389,
2011-02-13,380013.0,"Maquehue, Temuco Ad.",-38.76778,-72.63194,1010.3
2011-02-13,400009.0,"Cañal Bajo,  Osorno Ad.",-40.61444,-73.0575,1017.1
2011-02-13,410005.0,El Tepual  Puerto Montt Ap.,-41.4475,-73.09583,1010.9125
2011-02-13,450004.0,"Teniente Vidal, Coyhaique Ad.",-45.59083,-72.10222,974.3307692307692
2011-02-13,450005.0,Balmaceda Ad.,-45.91833,-71.67778,947.24
2011-02-13,520006.0,"Carlos Ibañez, Punta Arenas Ap.",-53.00167,-70.83861,986.8416666666667
2011-02-13,550001.0,"Guardiamarina Zañartu, Pto Williams Ad.",-54.93167,-67.61556,985.5071428571429
2011-02-13,950001.0,"C.M.A. Eduardo Frei Montalva, Antártica ",-62.19194,-58.97972,989.55
2011-02-14,180005.0,"Chacalluta, Arica Ap.",-18.35555,-70.34028,1008.5333333333333
2011-02-14,200006.0,Diego Aracena Iquique Ap.,-20.54917,-70.18111,1007.625
2011-02-14,220002.0,"El Loa, Calama Ad.",-22.49806,-68.8925,775.5
2011-02-14,270001.0,Mataveri  Isla de Pascua Ap.,-27.15889,-109.4325,1016.175
2011-02-14,270008.0,"Desierto de Atacama, Caldera  Ad.",-27.25444,-70.78111,992.68
2011-02-14,290004.0,"La Florida, La Serena Ad.",-29.91444,-71.20667,997.0458333333332
2011-02-14,330007.0,"Rodelillo, Ad.",-33.06528,-71.55639,974.0
2011-02-14,330019.0,"Eulogio Sánchez, Tobalaba Ad.",-33.45528,-70.54861,938.4399999999999
2011-02-14,330020.0,"Quinta Normal, Santiago",-33.445,-70.68278,952.525
2011-02-14,330021.0,Pudahuel Santiago ,-33.37833,-70.78778,957.3041666666667
2011-02-14,330030.0,"Santo Domingo, Ad.",-33.65611,-71.61333,1004.4285714285714
2011-02-14,330031.0,"Juan Fernández, Estación Meteorológica.",-33.63583,-78.83305,1016.625
2011-02-14,340031.0,"General Freire, Curicó Ad.",-34.96944,-71.21694,984.86
2011-02-14,360011.0,"General Bernardo O'Higgins, Chillán Ad.",-36.58583,-72.03667,994.6
2011-02-14,360019.0,"Carriel Sur, Concepción Ap.",-36.78055,-73.06639,1013.0416666666666
2011-02-14,370033.0,"María Dolores, Los Angeles Ad.",-37.39694,-72.42389,999.05
2011-02-14,380013.0,"Maquehue, Temuco Ad.",-38.76778,-72.63194,1006.6875
2011-02-14,400009.0,"Cañal Bajo,  Osorno Ad.",-40.61444,-73.0575,1009.3833333333333
2011-02-14,410005.0,El Tepual  Puerto Montt Ap.,-41.4475,-73.09583,1009.4958333333334
2011-02-14,430001.0,Quellón Ad.,-43.13361,-73.63278,1015.8666666666667
2011-02-14,430002.0,Futaleufú Ad.,-43.18889,-71.85222,974.6
2011-02-14,450001.0,Puerto Aysén Ad.,-45.39944,-72.67722,1009.4333333333334
2011-02-14,450004.0,"Teniente Vidal, Coyhaique Ad.",-45.59083,-72.10222,970.5769230769231
2011-02-14,450005.0,Balmaceda Ad.,-45.91833,-71.67778,944.96
2011-02-14,510005.0,"Teniente Gallardo, Puerto Natales Ad.",-51.66722,-72.52889,985.5666666666666
2011-02-14,520006.0,"Carlos Ibañez, Punta Arenas Ap.",-53.00167,-70.83861,981.4625
2011-02-14,530005.0,"Fuentes Martínez, Porvenir Ad.",-53.25361,-70.32611,985.925
2011-02-14,550001.0,"Guardiamarina Zañartu, Pto Williams Ad.",-54.93167,-67.61556,978.2272727272727
2011-02-14,950001.0,"C.M.A. Eduardo Frei Montalva, Antártica ",-62.19194,-58.97972,966.5
2011-02-15,180005.0,"Chacalluta, Arica Ap.",-18.35555,-70.34028,1009.0291666666667
2011-02-15,200006.0,Diego Aracena Iquique Ap.,-20.54917,-70.18111,1008.2
2011-02-15,220002.0,"El Loa, Calama Ad.",-22.49806,-68.8925,776.1
2011-02-15,270001.0,Mataveri  Isla de Pascua Ap.,-27.15889,-109.4325,1016.5842105263157
2011-02-15,270008.0,"Desierto de Atacama, Caldera  Ad.",-27.25444,-70.78111,993.22
2011-02-15,290004.0,"La Florida, La Serena Ad.",-29.91444,-71.20667,998.8708333333334
2011-02-15,330007.0,"Rodelillo, Ad.",-33.06528,-71.55639,975.6
2011-02-15,330019.0,"Eulogio Sánchez, Tobalaba Ad.",-33.45528,-70.54861,954.3399999999999
2011-02-15,330020.0,"Quinta Normal, Santiago",-33.445,-70.68278,952.9
2011-02-15,330021.0,Pudahuel Santiago ,-33.37833,-70.78778,957.8958333333334
2011-02-15,330030.0,"Santo Domingo, Ad.",-33.65611,-71.61333,1006.6928571428572
2011-02-15,330031.0,"Juan Fernández, Estación Meteorológica.",-33.63583,-78.83305,1013.2
2011-02-15,340031.0,"General Freire, Curicó Ad.",-34.96944,-71.21694,985.6600000000001
2011-02-15,360011.0,"General Bernardo O'Higgins, Chillán Ad.",-36.58583,-72.03667,995.79
2011-02-15,360019.0,"Carriel Sur, Concepción Ap.",-36.78055,-73.06639,1012.0375
2011-02-15,370033.0,"María Dolores, Los Angeles Ad.",-37.39694,-72.42389,998.25
2011-02-15,380013.0,"Maquehue, Temuco Ad.",-38.76778,-72.63194,1002.3125
2011-02-15,400009.0,"Cañal Bajo,  Osorno Ad.",-40.61444,-73.0575,1004.85
2011-02-15,410005.0,El Tepual  Puerto Montt Ap.,-41.4475,-73.09583,1001.8791666666666
2011-02-15,430001.0,Quellón Ad.,-43.13361,-73.63278,1005.7333333333332
2011-02-15,430002.0,Futaleufú Ad.,-43.18889,-71.85222,966.6
2011-02-15,450001.0,Puerto Aysén Ad.,-45.39944,-72.67722,1002.5
2011-02-15,450004.0,"Teniente Vidal, Coyhaique Ad.",-45.59083,-72.10222,966.3384615384615
2011-02-15,450005.0,Balmaceda Ad.,-45.91833,-71.67778,940.96
2011-02-15,510005.0,"Teniente Gallardo, Puerto Natales Ad.",-51.66722,-72.52889,985.9
2011-02-15,520006.0,"Carlos Ibañez, Punta Arenas Ap.",-53.00167,-70.83861,986.4625
2011-02-15,530005.0,"Fuentes Martínez, Porvenir Ad.",-53.25361,-70.32611,987.925
2011-02-15,550001.0,"Guardiamarina Zañartu, Pto Williams Ad.",-54.93167,-67.61556,984.2166666666667
2011-02-15,950001.0,"C.M.A. Eduardo Frei Montalva, Antártica ",-62.19194,-58.97972,971.0375
2011-02-16,180005.0,"Chacalluta, Arica Ap.",-18.35555,-70.34028,1010.0666666666666
2011-02-16,200006.0,Diego Aracena Iquique Ap.,-20.54917,-70.18111,1009.1374999999999
2011-02-16,220002.0,"El Loa, Calama Ad.",-22.49806,-68.8925,777.1600000000001
2011-02-16,270001.0,Mataveri  Isla de Pascua Ap.,-27.15889,-109.4325,1015.8590909090909
2011-02-16,270008.0,"Desierto de Atacama, Caldera  Ad.",-27.25444,-70.78111,994.4399999999999
2011-02-16,290004.0,"La Florida, La Serena Ad.",-29.91444,-71.20667,1000.1958333333333
2011-02-16,330007.0,"Rodelillo, Ad.",-33.06528,-71.55639,977.8
2011-02-16,330019.0,"Eulogio Sánchez, Tobalaba Ad.",-33.45528,-70.54861,941.5799999999999
2011-02-16,330020.0,"Quinta Normal, Santiago",-33.445,-70.68278,955.2375
2011-02-16,330021.0,Pudahuel Santiago ,-33.37833,-70.78778,960.2875
2011-02-16,330030.0,"Santo Domingo, Ad.",-33.65611,-71.61333,1009.0071428571429
2011-02-16,330031.0,"Juan Fernández, Estación Meteorológica.",-33.63583,-78.83305,1011.95
2011-02-16,340031.0,"General Freire, Curicó Ad.",-34.96944,-71.21694,988.96
2011-02-16,360011.0,"General Bernardo O'Higgins, Chillán Ad.",-36.58583,-72.03667,999.3
2011-02-16,360019.0,"Carriel Sur, Concepción Ap.",-36.78055,-73.06639,1014.775
2011-02-16,370033.0,"María Dolores, Los Angeles Ad.",-37.39694,-72.42389,1001.55
2011-02-16,380013.0,"Maquehue, Temuco Ad.",-38.76778,-72.63194,1003.3375
2011-02-16,400009.0,"Cañal Bajo,  Osorno Ad.",-40.61444,-73.0575,1005.4461538461538
2011-02-16,410005.0,El Tepual  Puerto Montt Ap.,-41.4475,-73.09583,1002.3041666666667
2011-02-16,430001.0,Quellón Ad.,-43.13361,-73.63278,1011.7333333333332
2011-02-16,430002.0,Futaleufú Ad.,-43.18889,-71.85222,968.8666666666667
2011-02-16,450001.0,Puerto Aysén Ad.,-45.39944,-72.67722,1010.9
2011-02-16,450004.0,"Teniente Vidal, Coyhaique Ad.",-45.59083,-72.10222,974.4000000000001
2011-02-16,450005.0,Balmaceda Ad.,-45.91833,-71.67778,948.18
2011-02-16,510005.0,"Teniente Gallardo, Puerto Natales Ad.",-51.66722,-72.52889,999.9333333333334
2011-02-16,520006.0,"Carlos Ibañez, Punta Arenas Ap.",-53.00167,-70.83861,999.3249999999999
2011-02-16,530005.0,"Fuentes Martínez, Porvenir Ad.",-53.25361,-70.32611,1002.55
2011-02-16,550001.0,"Guardiamarina Zañartu, Pto Williams Ad.",-54.93167,-67.61556,999.3
2011-02-16,950001.0,"C.M.A. Eduardo Frei Montalva, Antártica ",-62.19194,-58.97972,979.8625
2011-02-17,180005.0,"Chacalluta, Arica Ap.",-18.35555,-70.34028,1010.4208333333332
2011-02-17,200006.0,Diego Aracena Iquique Ap.,-20.54917,-70.18111,1009.2375
2011-02-17,220002.0,"El Loa, Calama Ad.",-22.49806,-68.8925,776.76
2011-02-17,270001.0,Mataveri  Isla de Pascua Ap.,-27.15889,-109.4325,1016.0619047619048
2011-02-17,270008.0,"Desierto de Atacama, Caldera  Ad.",-27.25444,-70.78111,994.64
2011-02-17,290004.0,"La Florida, La Serena Ad.",-29.91444,-71.20667,1000.0833333333334
2011-02-17,330007.0,"Rodelillo, Ad.",-33.06528,-71.55639,977.4
2011-02-17,330019.0,"Eulogio Sánchez, Tobalaba Ad.",-33.45528,-70.54861,942.0
2011-02-17,330020.0,"Quinta Normal, Santiago",-33.445,-70.68278,956.3875
2011-02-17,330021.0,Pudahuel Santiago ,-33.37833,-70.78778,961.2916666666666
2011-02-17,330030.0,"Santo Domingo, Ad.",-33.65611,-71.61333,1008.7785714285714
2011-02-17,330031.0,"Juan Fernández, Estación Meteorológica.",-33.63583,-78.83305,1017.975
2011-02-17,340031.0,"General Freire, Curicó Ad.",-34.96944,-71.21694,989.7
2011-02-17,360011.0,"General Bernardo O'Higgins, Chillán Ad.",-36.58583,-72.03667,1000.25
2011-02-17,360019.0,"Carriel Sur, Concepción Ap.",-36.78055,-73.06639,1017.8333333333334
2011-02-17,370033.0,"María Dolores, Los Angeles Ad.",-37.39694,-72.42389,1005.4
2011-02-17,380013.0,"Maquehue, Temuco Ad.",-38.76778,-72.63194,1009.6125
2011-02-17,400009.0,"Cañal Bajo,  Osorno Ad.",-40.61444,-73.0575,1013.6750000000001
2011-02-17,410005.0,El Tepual  Puerto Montt Ap.,-41.4475,-73.09583,1013.3625000000001
2011-02-17,430001.0,Quellón Ad.,-43.13361,-73.63278,1025.3666666666666
2011-02-17,430002.0,Futaleufú Ad.,-43.18889,-71.85222,983.8333333333334
2011-02-17,450001.0,Puerto Aysén Ad.,-45.39944,-72.67722,1025.3333333333333
2011-02-17,450004.0,"Teniente Vidal, Coyhaique Ad.",-45.59083,-72.10222,985.1461538461538
2011-02-17,450005.0,Balmaceda Ad.,-45.91833,-71.67778,960.3
2011-02-17,510005.0,"Teniente Gallardo, Puerto Natales Ad.",-51.66722,-72.52889,1008.0
2011-02-17,520006.0,"Carlos Ibañez, Punta Arenas Ap.",-53.00167,-70.83861,1007.4125
2011-02-17,530005.0,"Fuentes Martínez, Porvenir Ad.",-53.25361,-70.32611,1011.025
2011-02-17,550001.0,"Guardiamarina Zañartu, Pto Williams Ad.",-54.93167,-67.61556,1008.5999999999999
2011-02-17,950001.0,"C.M.A. Eduardo Frei Montalva, Antártica ",-62.19194,-58.97972,991.8375
2011-02-18,180005.0,"Chacalluta, Arica Ap.",-18.35555,-70.34028,1010.4083333333333
2011-02-18,200006.0,Diego Aracena Iquique Ap.,-20.54917,-70.18111,1009.4125
2011-02-18,220002.0,"El Loa, Calama Ad.",-22.49806,-68.8925,775.8399999999999
2011-02-18,270001.0,Mataveri  Isla de Pascua Ap.,-27.15889,-109.4325,1017.3105263157895
2011-02-18,270008.0,"Desierto de Atacama, Caldera  Ad.",-27.25444,-70.78111,994.3399999999999
2011-02-18,290004.0,"La Florida, La Serena Ad.",-29.91444,-71.20667,999.1583333333333
2011-02-18,330007.0,"Rodelillo, Ad.",-33.06528,-71.55639,975.6
2011-02-18,330019.0,"Eulogio Sánchez, Tobalaba Ad.",-33.45528,-70.54861,939.4
2011-02-18,330020.0,"Quinta Normal, Santiago",-33.445,-70.68278,953.7625
2011-02-18,330021.0,Pudahuel Santiago ,-33.37833,-70.78778,958.625
2011-02-18,330030.0,"Santo Domingo, Ad.",-33.65611,-71.61333,1006.7642857142857
2011-02-18,330031.0,"Juan Fernández, Estación Meteorológica.",-33.63583,-78.83305,1017.325
2011-02-18,340031.0,"General Freire, Curicó Ad.",-34.96944,-71.21694,986.28
2011-02-18,360011.0,"General Bernardo O'Higgins, Chillán Ad.",-36.58583,-72.03667,996.47
2011-02-18,360019.0,"Carriel Sur, Concepción Ap.",-36.78055,-73.06639,1014.0875
2011-02-18,370033.0,"María Dolores, Los Angeles Ad.",-37.39694,-72.42389,1000.1
2011-02-18,380013.0,"Maquehue, Temuco Ad.",-38.76778,-72.63194,1006.1375
2011-02-18,400009.0,"Cañal Bajo,  Osorno Ad.",-40.61444,-73.0575,1009.1692307692308
2011-02-18,410005.0,El Tepual  Puerto Montt Ap.,-41.4475,-73.09583,1011.872
2011-02-18,430001.0,Quellón Ad.,-43.13361,-73.63278,1022.2666666666668
2011-02-18,430002.0,Futaleufú Ad.,-43.18889,-71.85222,984.0333333333333
2011-02-18,450004.0,"Teniente Vidal, Coyhaique Ad.",-45.59083,-72.10222,986.7153846153846
2011-02-18,450005.0,Balmaceda Ad.,-45.91833,-71.67778,962.9
2011-02-18,510005.0,"Teniente Gallardo, Puerto Natales Ad.",-51.66722,-72.52889,1006.3666666666667
2011-02-18,520006.0,"Carlos Ibañez, Punta Arenas Ap.",-53.00167,-70.83861,1009.0958333333333
2011-02-18,530005.0,"Fuentes Martínez, Porvenir Ad.",-53.25361,-70.32611,1009.575
2011-02-18,550001.0,"Guardiamarina Zañartu, Pto Williams Ad.",-54.93167,-67.61556,1006.5909090909091
2011-02-18,950001.0,"C.M.A. Eduardo Frei Montalva, Antártica ",-62.19194,-58.97972,991.125
2011-02-19,180005.0,"Chacalluta, Arica Ap.",-18.35555,-70.34028,1009.1333333333333
2011-02-19,200006.0,Diego Aracena Iquique Ap.,-20.54917,-70.18111,1008.325
2011-02-19,220002.0,"El Loa, Calama Ad.",-22.49806,-68.8925,775.52
2011-02-19,270001.0,Mataveri  Isla de Pascua Ap.,-27.15889,-109.4325,1017.1684210526316
2011-02-19,270008.0,"Desierto de Atacama, Caldera  Ad.",-27.25444,-70.78111,992.9799999999999
2011-02-19,290004.0,"La Florida, La Serena Ad.",-29.91444,-71.20667,999.0
2011-02-19,330007.0,"Rodelillo, Ad.",-33.06528,-71.55639,976.0
2011-02-19,330019.0,"Eulogio Sánchez, Tobalaba Ad.",-33.45528,-70.54861,939.6
2011-02-19,330020.0,"Quinta Normal, Santiago",-33.445,-70.68278,953.7625
2011-02-19,330021.0,Pudahuel Santiago ,-33.37833,-70.78778,958.6666666666666
2011-02-19,330030.0,"Santo Domingo, Ad.",-33.65611,-71.61333,1007.2285714285715
2011-02-19,330031.0,"Juan Fernández, Estación Meteorológica.",-33.63583,-78.83305,1013.775
2011-02-19,340031.0,"General Freire, Curicó Ad.",-34.96944,-71.21694,985.9799999999999
2011-02-19,360011.0,"General Bernardo O'Higgins, Chillán Ad.",-36.58583,-72.03667,995.86
2011-02-19,360019.0,"Carriel Sur, Concepción Ap.",-36.78055,-73.06639,1012.5875
2011-02-19,370033.0,"María Dolores, Los Angeles Ad.",-37.39694,-72.42389,
2011-02-19,380013.0,"Maquehue, Temuco Ad.",-38.76778,-72.63194,1001.65
2011-02-19,400009.0,"Cañal Bajo,  Osorno Ad.",-40.61444,-73.0575,1004.4399999999999
2011-02-19,410005.0,El Tepual  Puerto Montt Ap.,-41.4475,-73.09583,1006.0916666666667
2011-02-19,450004.0,"Teniente Vidal, Coyhaique Ad.",-45.59083,-72.10222,984.3692307692307
2011-02-19,450005.0,Balmaceda Ad.,-45.91833,-71.67778,961.8
2011-02-19,520006.0,"Carlos Ibañez, Punta Arenas Ap.",-53.00167,-70.83861,1016.8416666666667
2011-02-19,530005.0,"Fuentes Martínez, Porvenir Ad.",-53.25361,-70.32611,1020.8
2011-02-19,550001.0,"Guardiamarina Zañartu, Pto Williams Ad.",-54.93167,-67.61556,1016.8625
2011-02-19,950001.0,"C.M.A. Eduardo Frei Montalva, Antártica ",-62.19194,-58.97972,988.8375
2011-02-20,180005.0,"Chacalluta, Arica Ap.",-18.35555,-70.34028,1008.2041666666668
2011-02-20,200006.0,Diego Aracena Iquique Ap.,-20.54917,-70.18111,1007.3625
2011-02-20,220002.0,"El Loa, Calama Ad.",-22.49806,-68.8925,775.1
2011-02-20,270001.0,Mataveri  Isla de Pascua Ap.,-27.15889,-109.4325,1014.9571428571428
2011-02-20,270008.0,"Desierto de Atacama, Caldera  Ad.",-27.25444,-70.78111,992.825
2011-02-20,290004.0,"La Florida, La Serena Ad.",-29.91444,-71.20667,998.2166666666667
2011-02-20,330007.0,"Rodelillo, Ad.",-33.06528,-71.55639,976.0
2011-02-20,330019.0,"Eulogio Sánchez, Tobalaba Ad.",-33.45528,-70.54861,940.025
2011-02-20,330020.0,"Quinta Normal, Santiago",-33.445,-70.68278,953.6625
2011-02-20,330021.0,Pudahuel Santiago ,-33.37833,-70.78778,958.6041666666666
2011-02-20,330030.0,"Santo Domingo, Ad.",-33.65611,-71.61333,1007.6428571428571
2011-02-20,330031.0,"Juan Fernández, Estación Meteorológica.",-33.63583,-78.83305,1011.9
2011-02-20,340031.0,"General Freire, Curicó Ad.",-34.96944,-71.21694,986.8399999999999
2011-02-20,360011.0,"General Bernardo O'Higgins, Chillán Ad.",-36.58583,-72.03667,996.7299999999999
2011-02-20,360019.0,"Carriel Sur, Concepción Ap.",-36.78055,-73.06639,1013.3625000000001
2011-02-20,370033.0,"María Dolores, Los Angeles Ad.",-37.39694,-72.42389,
2011-02-20,380013.0,"Maquehue, Temuco Ad.",-38.76778,-72.63194,1002.375
2011-02-20,400009.0,"Cañal Bajo,  Osorno Ad.",-40.61444,-73.0575,1001.7299999999999
2011-02-20,410005.0,El Tepual  Puerto Montt Ap.,-41.4475,-73.09583,1001.7875
2011-02-20,450004.0,"Teniente Vidal, Coyhaique Ad.",-45.59083,-72.10222,975.5307692307692
2011-02-20,450005.0,Balmaceda Ad.,-45.91833,-71.67778,952.6
2011-02-20,520006.0,"Carlos Ibañez, Punta Arenas Ap.",-53.00167,-70.83861,1005.4083333333333
2011-02-20,550001.0,"Guardiamarina Zañartu, Pto Williams Ad.",-54.93167,-67.61556,1006.6833333333334
2011-02-20,950001.0,"C.M.A. Eduardo Frei Montalva, Antártica ",-62.19194,-58.97972,986.6
2011-02-21,180005.0,"Chacalluta, Arica Ap.",-18.35555,-70.34028,1007.6333333333333
2011-02-21,200006.0,Diego Aracena Iquique Ap.,-20.54917,-70.18111,1006.675
2011-02-21,220002.0,"El Loa, Calama Ad.",-22.49806,-68.8925,775.9499999999999
2011-02-21,270001.0,Mataveri  Isla de Pascua Ap.,-27.15889,-109.4325,1012.6526315789474
2011-02-21,270008.0,"Desierto de Atacama, Caldera  Ad.",-27.25444,-70.78111,992.6
2011-02-21,290004.0,"La Florida, La Serena Ad.",-29.91444,-71.20667,997.9583333333334
2011-02-21,330007.0,"Rodelillo, Ad.",-33.06528,-71.55639,976.0
2011-02-21,330019.0,"Eulogio Sánchez, Tobalaba Ad.",-33.45528,-70.54861,939.7
2011-02-21,330020.0,"Quinta Normal, Santiago",-33.445,-70.68278,953.5625
2011-02-21,330021.0,Pudahuel Santiago ,-33.37833,-70.78778,958.5749999999999
2011-02-21,330030.0,"Santo Domingo, Ad.",-33.65611,-71.61333,1007.6214285714286
2011-02-21,330031.0,"Juan Fernández, Estación Meteorológica.",-33.63583,-78.83305,1013.425
2011-02-21,340031.0,"General Freire, Curicó Ad.",-34.96944,-71.21694,986.6
2011-02-21,360011.0,"General Bernardo O'Higgins, Chillán Ad.",-36.58583,-72.03667,997.0600000000001
2011-02-21,360019.0,"Carriel Sur, Concepción Ap.",-36.78055,-73.06639,1014.2333333333332
2011-02-21,370033.0,"María Dolores, Los Angeles Ad.",-37.39694,-72.42389,1001.15
2011-02-21,380013.0,"Maquehue, Temuco Ad.",-38.76778,-72.63194,1004.425
2011-02-21,400009.0,"Cañal Bajo,  Osorno Ad.",-40.61444,-73.0575,1005.1692307692308
2011-02-21,410005.0,El Tepual  Puerto Montt Ap.,-41.4475,-73.09583,1005.1583333333333
2011-02-21,430001.0,Quellón Ad.,-43.13361,-73.63278,1014.8000000000001
2011-02-21,430002.0,Futaleufú Ad.,-43.18889,-71.85222,973.2333333333332
2011-02-21,450001.0,Puerto Aysén Ad.,-45.39944,-72.67722,1013.8666666666667
2011-02-21,450004.0,"Teniente Vidal, Coyhaique Ad.",-45.59083,-72.10222,977.1538461538462
2011-02-21,450005.0,Balmaceda Ad.,-45.91833,-71.67778,953.4200000000001
2011-02-21,510005.0,"Teniente Gallardo, Puerto Natales Ad.",-51.66722,-72.52889,1011.1999999999999
2011-02-21,520006.0,"Carlos Ibañez, Punta Arenas Ap.",-53.00167,-70.83861,1010.9666666666667
2011-02-21,530005.0,"Fuentes Martínez, Porvenir Ad.",-53.25361,-70.32611,1015.0
2011-02-21,550001.0,"Guardiamarina Zañartu, Pto Williams Ad.",-54.93167,-67.61556,1014.1642857142857
2011-02-21,950001.0,"C.M.A. Eduardo Frei Montalva, Antártica ",-62.19194,-58.97972,996.225
2011-02-22,180005.0,"Chacalluta, Arica Ap.",-18.35555,-70.34028,1008.525
2011-02-22,200006.0,Diego Aracena Iquique Ap.,-20.54917,-70.18111,1007.6
2011-02-22,220002.0,"El Loa, Calama Ad.",-22.49806,-68.8925,775.3599999999999
2011-02-22,270001.0,Mataveri  Isla de Pascua Ap.,-27.15889,-109.4325,1013.1947368421053
2011-02-22,270008.0,"Desierto de Atacama, Caldera  Ad.",-27.25444,-70.78111,992.68
2011-02-22,290004.0,"La Florida, La Serena Ad.",-29.91444,-71.20667,997.9083333333333
2011-02-22,330007.0,"Rodelillo, Ad.",-33.06528,-71.55639,975.75
2011-02-22,330019.0,"Eulogio Sánchez, Tobalaba Ad.",-33.45528,-70.54861,940.2
2011-02-22,330020.0,"Quinta Normal, Santiago",-33.445,-70.68278,954.2125
2011-02-22,330021.0,Pudahuel Santiago ,-33.37833,-70.78778,959.1125000000001
2011-02-22,330030.0,"Santo Domingo, Ad.",-33.65611,-71.61333,1007.6999999999999
2011-02-22,330031.0,"Juan Fernández, Estación Meteorológica.",-33.63583,-78.83305,1016.7
2011-02-22,340031.0,"General Freire, Curicó Ad.",-34.96944,-71.21694,987.95
2011-02-22,360011.0,"General Bernardo O'Higgins, Chillán Ad.",-36.58583,-72.03667,999.2
2011-02-22,360019.0,"Carriel Sur, Concepción Ap.",-36.78055,-73.06639,1015.1791666666667
2011-02-22,370033.0,"María Dolores, Los Angeles Ad.",-37.39694,-72.42389,1002.3
2011-02-22,380013.0,"Maquehue, Temuco Ad.",-38.76778,-72.63194,1006.25
2011-02-22,400009.0,"Cañal Bajo,  Osorno Ad.",-40.61444,-73.0575,1008.2083333333334
2011-02-22,410005.0,El Tepual  Puerto Montt Ap.,-41.4475,-73.09583,1008.0958333333333
2011-02-22,430001.0,Quellón Ad.,-43.13361,-73.63278,1017.9333333333334
2011-02-22,450001.0,Puerto Aysén Ad.,-45.39944,-72.67722,1016.0666666666666
2011-02-22,450004.0,"Teniente Vidal, Coyhaique Ad.",-45.59083,-72.10222,979.3153846153847
2011-02-22,450005.0,Balmaceda Ad.,-45.91833,-71.67778,955.4200000000001
2011-02-22,510005.0,"Teniente Gallardo, Puerto Natales Ad.",-51.66722,-72.52889,1012.2333333333332
2011-02-22,520006.0,"Carlos Ibañez, Punta Arenas Ap.",-53.00167,-70.83861,1015.9875000000001
2011-02-22,530005.0,"Fuentes Martínez, Porvenir Ad.",-53.25361,-70.32611,1017.65
2011-02-22,550001.0,"Guardiamarina Zañartu, Pto Williams Ad.",-54.93167,-67.61556,1019.5
2011-02-22,950001.0,"C.M.A. Eduardo Frei Montalva, Antártica ",-62.19194,-58.97972,1004.175
2011-02-23,180005.0,"Chacalluta, Arica Ap.",-18.35555,-70.34028,1007.3291666666668
2011-02-23,200006.0,Diego Aracena Iquique Ap.,-20.54917,-70.18111,1006.55
2011-02-23,220002.0,"El Loa, Calama Ad.",-22.49806,-68.8925,774.22
2011-02-23,270001.0,Mataveri  Isla de Pascua Ap.,-27.15889,-109.4325,1014.221052631579
2011-02-23,270008.0,"Desierto de Atacama, Caldera  Ad.",-27.25444,-70.78111,991.1
2011-02-23,290004.0,"La Florida, La Serena Ad.",-29.91444,-71.20667,996.3583333333332
2011-02-23,330007.0,"Rodelillo, Ad.",-33.06528,-71.55639,973.5
2011-02-23,330019.0,"Eulogio Sánchez, Tobalaba Ad.",-33.45528,-70.54861,936.95
2011-02-23,330020.0,"Quinta Normal, Santiago",-33.445,-70.68278,951.7625
2011-02-23,330021.0,Pudahuel Santiago ,-33.37833,-70.78778,956.5375
2011-02-23,330030.0,"Santo Domingo, Ad.",-33.65611,-71.61333,1004.8785714285714
2011-02-23,330031.0,"Juan Fernández, Estación Meteorológica.",-33.63583,-78.83305,1017.475
2011-02-23,340031.0,"General Freire, Curicó Ad.",-34.96944,-71.21694,984.575
2011-02-23,360011.0,"General Bernardo O'Higgins, Chillán Ad.",-36.58583,-72.03667,995.7700000000001
2011-02-23,360019.0,"Carriel Sur, Concepción Ap.",-36.78055,-73.06639,1013.5541666666667
2011-02-23,370033.0,"María Dolores, Los Angeles Ad.",-37.39694,-72.42389,1000.6
2011-02-23,380013.0,"Maquehue, Temuco Ad.",-38.76778,-72.63194,1006.225
2011-02-23,400009.0,"Cañal Bajo,  Osorno Ad.",-40.61444,-73.0575,1010.2666666666668
2011-02-23,410005.0,El Tepual  Puerto Montt Ap.,-41.4475,-73.09583,1010.1416666666668
2011-02-23,430001.0,Quellón Ad.,-43.13361,-73.63278,1020.3666666666667
2011-02-23,430002.0,Futaleufú Ad.,-43.18889,-71.85222,978.1999999999999
2011-02-23,450001.0,Puerto Aysén Ad.,-45.39944,-72.67722,1021.0333333333333
2011-02-23,450004.0,"Teniente Vidal, Coyhaique Ad.",-45.59083,-72.10222,983.8461538461538
2011-02-23,450005.0,Balmaceda Ad.,-45.91833,-71.67778,959.64
2011-02-23,510005.0,"Teniente Gallardo, Puerto Natales Ad.",-51.66722,-72.52889,1015.3333333333334
2011-02-23,520006.0,"Carlos Ibañez, Punta Arenas Ap.",-53.00167,-70.83861,1016.3958333333334
2011-02-23,530005.0,"Fuentes Martínez, Porvenir Ad.",-53.25361,-70.32611,1018.475
2011-02-23,550001.0,"Guardiamarina Zañartu, Pto Williams Ad.",-54.93167,-67.61556,1018.7272727272727
2011-02-23,950001.0,"C.M.A. Eduardo Frei Montalva, Antártica ",-62.19194,-58.97972,1004.1
2011-02-24,180005.0,"Chacalluta, Arica Ap.",-18.35555,-70.34028,1007.4666666666667
2011-02-24,200006.0,Diego Aracena Iquique Ap.,-20.54917,-70.18111,1006.7875
2011-02-24,220002.0,"El Loa, Calama Ad.",-22.49806,-68.8925,774.5
2011-02-24,270001.0,Mataveri  Isla de Pascua Ap.,-27.15889,-109.4325,1014.7142857142857
2011-02-24,270008.0,"Desierto de Atacama, Caldera  Ad.",-27.25444,-70.78111,991.4799999999999
2011-02-24,290004.0,"La Florida, La Serena Ad.",-29.91444,-71.20667,996.8125
2011-02-24,330007.0,"Rodelillo, Ad.",-33.06528,-71.55639,974.5
2011-02-24,330019.0,"Eulogio Sánchez, Tobalaba Ad.",-33.45528,-70.54861,937.9
2011-02-24,330020.0,"Quinta Normal, Santiago",-33.445,-70.68278,951.4250000000001
2011-02-24,330021.0,Pudahuel Santiago ,-33.37833,-70.78778,956.35
2011-02-24,330030.0,"Santo Domingo, Ad.",-33.65611,-71.61333,1005.6714285714286
2011-02-24,330031.0,"Juan Fernández, Estación Meteorológica.",-33.63583,-78.83305,1015.25
2011-02-24,340031.0,"General Freire, Curicó Ad.",-34.96944,-71.21694,984.475
2011-02-24,360011.0,"General Bernardo O'Higgins, Chillán Ad.",-36.58583,-72.03667,993.65
2011-02-24,360019.0,"Carriel Sur, Concepción Ap.",-36.78055,-73.06639,1010.875
2011-02-24,370033.0,"María Dolores, Los Angeles Ad.",-37.39694,-72.42389,997.1500000000001
2011-02-24,380013.0,"Maquehue, Temuco Ad.",-38.76778,-72.63194,1002.8625
2011-02-24,400009.0,"Cañal Bajo,  Osorno Ad.",-40.61444,-73.0575,1009.9615384615385
2011-02-24,410005.0,El Tepual  Puerto Montt Ap.,-41.4475,-73.09583,1008.5083333333333
2011-02-24,430001.0,Quellón Ad.,-43.13361,-73.63278,1018.5333333333333
2011-02-24,430002.0,Futaleufú Ad.,-43.18889,-71.85222,980.0333333333333
2011-02-24,450001.0,Puerto Aysén Ad.,-45.39944,-72.67722,1019.5666666666666
2011-02-24,450004.0,"Teniente Vidal, Coyhaique Ad.",-45.59083,-72.10222,980.6923076923077
2011-02-24,450005.0,Balmaceda Ad.,-45.91833,-71.67778,957.4799999999999
2011-02-24,510005.0,"Teniente Gallardo, Puerto Natales Ad.",-51.66722,-72.52889,1000.6999999999999
2011-02-24,520006.0,"Carlos Ibañez, Punta Arenas Ap.",-53.00167,-70.83861,1005.3208333333333
2011-02-24,530005.0,"Fuentes Martínez, Porvenir Ad.",-53.25361,-70.32611,1002.4
2011-02-24,550001.0,"Guardiamarina Zañartu, Pto Williams Ad.",-54.93167,-67.61556,1001.8363636363637
2011-02-24,950001.0,"C.M.A. Eduardo Frei Montalva, Antártica ",-62.19194,-58.97972,988.1
2011-02-25,180005.0,"Chacalluta, Arica Ap.",-18.35555,-70.34028,1009.3249999999999
2011-02-25,200006.0,Diego Aracena Iquique Ap.,-20.54917,-70.18111,1008.3
2011-02-25,220002.0,"El Loa, Calama Ad.",-22.49806,-68.8925,776.2
2011-02-25,270001.0,Mataveri  Isla de Pascua Ap.,-27.15889,-109.4325,1013.0421052631579
2011-02-25,270008.0,"Desierto de Atacama, Caldera  Ad.",-27.25444,-70.78111,994.2
2011-02-25,290004.0,"La Florida, La Serena Ad.",-29.91444,-71.20667,999.4333333333334
2011-02-25,330007.0,"Rodelillo, Ad.",-33.06528,-71.55639,977.0
2011-02-25,330019.0,"Eulogio Sánchez, Tobalaba Ad.",-33.45528,-70.54861,941.1
2011-02-25,330020.0,"Quinta Normal, Santiago",-33.445,-70.68278,954.4625
2011-02-25,330021.0,Pudahuel Santiago ,-33.37833,-70.78778,959.6291666666666
2011-02-25,330030.0,"Santo Domingo, Ad.",-33.65611,-71.61333,1008.342857142857
2011-02-25,330031.0,"Juan Fernández, Estación Meteorológica.",-33.63583,-78.83305,1014.925
2011-02-25,340031.0,"General Freire, Curicó Ad.",-34.96944,-71.21694,987.95
2011-02-25,360011.0,"General Bernardo O'Higgins, Chillán Ad.",-36.58583,-72.03667,998.07
2011-02-25,360019.0,"Carriel Sur, Concepción Ap.",-36.78055,-73.06639,1014.9291666666667
2011-02-25,370033.0,"María Dolores, Los Angeles Ad.",-37.39694,-72.42389,1001.55
2011-02-25,380013.0,"Maquehue, Temuco Ad.",-38.76778,-72.63194,1003.7625
2011-02-25,400009.0,"Cañal Bajo,  Osorno Ad.",-40.61444,-73.0575,1008.8916666666668
2011-02-25,410005.0,El Tepual  Puerto Montt Ap.,-41.4475,-73.09583,1005.8625000000001
2011-02-25,430001.0,Quellón Ad.,-43.13361,-73.63278,1015.3666666666667
2011-02-25,430002.0,Futaleufú Ad.,-43.18889,-71.85222,973.0666666666666
2011-02-25,450001.0,Puerto Aysén Ad.,-45.39944,-72.67722,1012.3333333333334
2011-02-25,450004.0,"Teniente Vidal, Coyhaique Ad.",-45.59083,-72.10222,973.6923076923077
2011-02-25,450005.0,Balmaceda Ad.,-45.91833,-71.67778,948.36
2011-02-25,510005.0,"Teniente Gallardo, Puerto Natales Ad.",-51.66722,-72.52889,992.4
2011-02-25,520006.0,"Carlos Ibañez, Punta Arenas Ap.",-53.00167,-70.83861,995.275
2011-02-25,530005.0,"Fuentes Martínez, Porvenir Ad.",-53.25361,-70.32611,995.075
2011-02-25,550001.0,"Guardiamarina Zañartu, Pto Williams Ad.",-54.93167,-67.61556,994.65
2011-02-25,950001.0,"C.M.A. Eduardo Frei Montalva, Antártica ",-62.19194,-58.97972,976.1375
2011-02-26,180005.0,"Chacalluta, Arica Ap.",-18.35555,-70.34028,1009.1458333333334
2011-02-26,200006.0,Diego Aracena Iquique Ap.,-20.54917,-70.18111,1008.3875
2011-02-26,220002.0,"El Loa, Calama Ad.",-22.49806,-68.8925,776.54
2011-02-26,270001.0,Mataveri  Isla de Pascua Ap.,-27.15889,-109.4325,1009.142105263158
2011-02-26,270008.0,"Desierto de Atacama, Caldera  Ad.",-27.25444,-70.78111,994.6200000000001
2011-02-26,290004.0,"La Florida, La Serena Ad.",-29.91444,-71.20667,1000.229411764706
2011-02-26,330007.0,"Rodelillo, Ad.",-33.06528,-71.55639,977.75
2011-02-26,330019.0,"Eulogio Sánchez, Tobalaba Ad.",-33.45528,-70.54861,942.025
2011-02-26,330020.0,"Quinta Normal, Santiago",-33.445,-70.68278,956.1375
2011-02-26,330021.0,Pudahuel Santiago ,-33.37833,-70.78778,961.0666666666666
2011-02-26,330030.0,"Santo Domingo, Ad.",-33.65611,-71.61333,1009.5785714285714
2011-02-26,330031.0,"Juan Fernández, Estación Meteorológica.",-33.63583,-78.83305,1015.575
2011-02-26,340031.0,"General Freire, Curicó Ad.",-34.96944,-71.21694,988.65
2011-02-26,360011.0,"General Bernardo O'Higgins, Chillán Ad.",-36.58583,-72.03667,999.3299999999999
2011-02-26,360019.0,"Carriel Sur, Concepción Ap.",-36.78055,-73.06639,1016.8249999999999
2011-02-26,370033.0,"María Dolores, Los Angeles Ad.",-37.39694,-72.42389,
2011-02-26,380013.0,"Maquehue, Temuco Ad.",-38.76778,-72.63194,1007.05
2011-02-26,400009.0,"Cañal Bajo,  Osorno Ad.",-40.61444,-73.0575,1011.14
2011-02-26,410005.0,El Tepual  Puerto Montt Ap.,-41.4475,-73.09583,1007.9125
2011-02-26,450004.0,"Teniente Vidal, Coyhaique Ad.",-45.59083,-72.10222,977.4769230769232
2011-02-26,450005.0,Balmaceda Ad.,-45.91833,-71.67778,952.2
2011-02-26,520006.0,"Carlos Ibañez, Punta Arenas Ap.",-53.00167,-70.83861,1001.3458333333333
2011-02-26,530005.0,"Fuentes Martínez, Porvenir Ad.",-53.25361,-70.32611,1002.0666666666666
2011-02-26,550001.0,"Guardiamarina Zañartu, Pto Williams Ad.",-54.93167,-67.61556,1000.2333333333332
2011-02-26,950001.0,"C.M.A. Eduardo Frei Montalva, Antártica ",-62.19194,-58.97972,984.6375
2011-02-27,180005.0,"Chacalluta, Arica Ap.",-18.35555,-70.34028,1008.6208333333334
2011-02-27,200006.0,Diego Aracena Iquique Ap.,-20.54917,-70.18111,1007.5
2011-02-27,220002.0,"El Loa, Calama Ad.",-22.49806,-68.8925,776.275
2011-02-27,270001.0,Mataveri  Isla de Pascua Ap.,-27.15889,-109.4325,1006.8625000000001
2011-02-27,270008.0,"Desierto de Atacama, Caldera  Ad.",-27.25444,-70.78111,993.475
2011-02-27,290004.0,"La Florida, La Serena Ad.",-29.91444,-71.20667,999.0416666666666
2011-02-27,330007.0,"Rodelillo, Ad.",-33.06528,-71.55639,976.0
2011-02-27,330019.0,"Eulogio Sánchez, Tobalaba Ad.",-33.45528,-70.54861,939.7
2011-02-27,330020.0,"Quinta Normal, Santiago",-33.445,-70.68278,953.8875
2011-02-27,330021.0,Pudahuel Santiago ,-33.37833,-70.78778,958.8166666666666
2011-02-27,330030.0,"Santo Domingo, Ad.",-33.65611,-71.61333,1007.3142857142857
2011-02-27,330031.0,"Juan Fernández, Estación Meteorológica.",-33.63583,-78.83305,1013.975
2011-02-27,340031.0,"General Freire, Curicó Ad.",-34.96944,-71.21694,985.4
2011-02-27,360011.0,"General Bernardo O'Higgins, Chillán Ad.",-36.58583,-72.03667,996.6
2011-02-27,360019.0,"Carriel Sur, Concepción Ap.",-36.78055,-73.06639,1013.8125
2011-02-27,370033.0,"María Dolores, Los Angeles Ad.",-37.39694,-72.42389,
2011-02-27,380013.0,"Maquehue, Temuco Ad.",-38.76778,-72.63194,1005.125
2011-02-27,400009.0,"Cañal Bajo,  Osorno Ad.",-40.61444,-73.0575,1008.6454545454545
2011-02-27,410005.0,El Tepual  Puerto Montt Ap.,-41.4475,-73.09583,1006.5625
2011-02-27,450004.0,"Teniente Vidal, Coyhaique Ad.",-45.59083,-72.10222,973.2384615384616
2011-02-27,450005.0,Balmaceda Ad.,-45.91833,-71.67778,948.9399999999999
2011-02-27,520006.0,"Carlos Ibañez, Punta Arenas Ap.",-53.00167,-70.83861,995.4083333333333
2011-02-27,550001.0,"Guardiamarina Zañartu, Pto Williams Ad.",-54.93167,-67.61556,998.875
2011-02-27,950001.0,"C.M.A. Eduardo Frei Montalva, Antártica ",-62.19194,-58.97972,989.8375
2011-02-28,180005.0,"Chacalluta, Arica Ap.",-18.35555,-70.34028,1007.8458333333333
2011-02-28,200006.0,Diego Aracena Iquique Ap.,-20.54917,-70.18111,1006.625
2011-02-28,220002.0,"El Loa, Calama Ad.",-22.49806,-68.8925,776.2333333333332
2011-02-28,270001.0,Mataveri  Isla de Pascua Ap.,-27.15889,-109.4325,1007.8947368421053
2011-02-28,270008.0,"Desierto de Atacama, Caldera  Ad.",-27.25444,-70.78111,992.3800000000001
2011-02-28,290004.0,"La Florida, La Serena Ad.",-29.91444,-71.20667,998.4458333333333
2011-02-28,330007.0,"Rodelillo, Ad.",-33.06528,-71.55639,974.75
2011-02-28,330019.0,"Eulogio Sánchez, Tobalaba Ad.",-33.45528,-70.54861,939.7249999999999
2011-02-28,330020.0,"Quinta Normal, Santiago",-33.445,-70.68278,954.0875
2011-02-28,330021.0,Pudahuel Santiago ,-33.37833,-70.78778,958.9499999999999
2011-02-28,330030.0,"Santo Domingo, Ad.",-33.65611,-71.61333,1006.907142857143
2011-02-28,330031.0,"Juan Fernández, Estación Meteorológica.",-33.63583,-78.83305,1013.3
2011-02-28,340031.0,"General Freire, Curicó Ad.",-34.96944,-71.21694,986.325
2011-02-28,360011.0,"General Bernardo O'Higgins, Chillán Ad.",-36.58583,-72.03667,996.32
2011-02-28,360019.0,"Carriel Sur, Concepción Ap.",-36.78055,-73.06639,1014.1916666666666
2011-02-28,370033.0,"María Dolores, Los Angeles Ad.",-37.39694,-72.42389,1000.05
2011-02-28,380013.0,"Maquehue, Temuco Ad.",-38.76778,-72.63194,1004.025
2011-02-28,400009.0,"Cañal Bajo,  Osorno Ad.",-40.61444,-73.0575,1003.6307692307693
2011-02-28,410005.0,El Tepual  Puerto Montt Ap.,-41.4475,-73.09583,1004.7458333333334
2011-02-28,430001.0,Quellón Ad.,-43.13361,-73.63278,1012.3666666666667
2011-02-28,430002.0,Futaleufú Ad.,-43.18889,-71.85222,973.7666666666668
2011-02-28,450001.0,Puerto Aysén Ad.,-45.39944,-72.67722,1010.7666666666668
2011-02-28,450004.0,"Teniente Vidal, Coyhaique Ad.",-45.59083,-72.10222,973.9615384615385
2011-02-28,450005.0,Balmaceda Ad.,-45.91833,-71.67778,949.3799999999999
2011-02-28,510005.0,"Teniente Gallardo, Puerto Natales Ad.",-51.66722,-72.52889,992.0666666666666
2011-02-28,520006.0,"Carlos Ibañez, Punta Arenas Ap.",-53.00167,-70.83861,993.5083333333333
2011-02-28,530005.0,"Fuentes Martínez, Porvenir Ad.",-53.25361,-70.32611,996.275
2011-02-28,550001.0,"Guardiamarina Zañartu, Pto Williams Ad.",-54.93167,-67.61556,995.8
2011-02-28,950001.0,"C.M.A. Eduardo Frei Montalva, Antártica ",-62.19194,-58.97972,989.075
2011-03-01,180005.0,"Chacalluta, Arica Ap.",-18.35555,-70.34028,1007.975
2011-03-01,200006.0,Diego Aracena Iquique Ap.,-20.54917,-70.18111,1007.0375
2011-03-01,220002.0,"El Loa, Calama Ad.",-22.49806,-68.8925,775.4399999999999
2011-03-01,270001.0,Mataveri  Isla de Pascua Ap.,-27.15889,-109.4325,1010.0157894736842
2011-03-01,270008.0,"Desierto de Atacama, Caldera  Ad.",-27.25444,-70.78111,991.9799999999999
2011-03-01,290004.0,"La Florida, La Serena Ad.",-29.91444,-71.20667,997.1541666666667
2011-03-01,330007.0,"Rodelillo, Ad.",-33.06528,-71.55639,973.75
2011-03-01,330019.0,"Eulogio Sánchez, Tobalaba Ad.",-33.45528,-70.54861,937.55
2011-03-01,330020.0,"Quinta Normal, Santiago",-33.445,-70.68278,951.825
2011-03-01,330021.0,Pudahuel Santiago ,-33.37833,-70.78778,956.6791666666667
2011-03-01,330030.0,"Santo Domingo, Ad.",-33.65611,-71.61333,1006.1
2011-03-01,330031.0,"Juan Fernández, Estación Meteorológica.",-33.63583,-78.83305,1011.1
2011-03-01,340031.0,"General Freire, Curicó Ad.",-34.96944,-71.21694,983.9
2011-03-01,360019.0,"Carriel Sur, Concepción Ap.",-36.78055,-73.06639,1012.3000000000001
2011-03-01,370033.0,"María Dolores, Los Angeles Ad.",-37.39694,-72.42389,998.35
2011-03-01,380013.0,"Maquehue, Temuco Ad.",-38.76778,-72.63194,1002.9375
2011-03-01,400009.0,"Cañal Bajo,  Osorno Ad.",-40.61444,-73.0575,1005.025
2011-03-01,410005.0,El Tepual  Puerto Montt Ap.,-41.4475,-73.09583,1001.4666666666667
2011-03-01,430001.0,Quellón Ad.,-43.13361,-73.63278,1006.4333333333334
2011-03-01,430002.0,Futaleufú Ad.,-43.18889,-71.85222,967.6
2011-03-01,450001.0,Puerto Aysén Ad.,-45.39944,-72.67722,1002.6
2011-03-01,450004.0,"Teniente Vidal, Coyhaique Ad.",-45.59083,-72.10222,966.6384615384615
2011-03-01,450005.0,Balmaceda Ad.,-45.91833,-71.67778,943.46
2011-03-01,510005.0,"Teniente Gallardo, Puerto Natales Ad.",-51.66722,-72.52889,988.5333333333333
2011-03-01,520006.0,"Carlos Ibañez, Punta Arenas Ap.",-53.00167,-70.83861,989.0333333333333
2011-03-01,530005.0,"Fuentes Martínez, Porvenir Ad.",-53.25361,-70.32611,991.075
2011-03-01,550001.0,"Guardiamarina Zañartu, Pto Williams Ad.",-54.93167,-67.61556,987.9166666666666
2011-03-01,950001.0,"C.M.A. Eduardo Frei Montalva, Antártica ",-62.19194,-58.97972,990.325
2011-03-02,180005.0,"Chacalluta, Arica Ap.",-18.35555,-70.34028,1008.7333333333332
2011-03-02,200006.0,Diego Aracena Iquique Ap.,-20.54917,-70.18111,1007.2125
2011-03-02,220002.0,"El Loa, Calama Ad.",-22.49806,-68.8925,775.24
2011-03-02,270001.0,Mataveri  Isla de Pascua Ap.,-27.15889,-109.4325,1010.8583333333332
2011-03-02,270008.0,"Desierto de Atacama, Caldera  Ad.",-27.25444,-70.78111,992.1600000000001
2011-03-02,290004.0,"La Florida, La Serena Ad.",-29.91444,-71.20667,997.5833333333334
2011-03-02,330007.0,"Rodelillo, Ad.",-33.06528,-71.55639,975.25
2011-03-02,330019.0,"Eulogio Sánchez, Tobalaba Ad.",-33.45528,-70.54861,939.5
2011-03-02,330020.0,"Quinta Normal, Santiago",-33.445,-70.68278,953.1125
2011-03-02,330021.0,Pudahuel Santiago ,-33.37833,-70.78778,958.1083333333332
2011-03-02,330030.0,"Santo Domingo, Ad.",-33.65611,-71.61333,1006.2214285714286
2011-03-02,330031.0,"Juan Fernández, Estación Meteorológica.",-33.63583,-78.83305,1011.975
2011-03-02,340031.0,"General Freire, Curicó Ad.",-34.96944,-71.21694,986.8
2011-03-02,360019.0,"Carriel Sur, Concepción Ap.",-36.78055,-73.06639,1013.4791666666666
2011-03-02,370033.0,"María Dolores, Los Angeles Ad.",-37.39694,-72.42389,1000.5
2011-03-02,380013.0,"Maquehue, Temuco Ad.",-38.76778,-72.63194,1003.1625
2011-03-02,400009.0,"Cañal Bajo,  Osorno Ad.",-40.61444,-73.0575,1005.4076923076923
2011-03-02,410005.0,El Tepual  Puerto Montt Ap.,-41.4475,-73.09583,1002.5375
2011-03-02,430001.0,Quellón Ad.,-43.13361,-73.63278,1011.4666666666667
2011-03-02,430002.0,Futaleufú Ad.,-43.18889,-71.85222,970.2333333333332
2011-03-02,450001.0,Puerto Aysén Ad.,-45.39944,-72.67722,1009.3333333333334
2011-03-02,450004.0,"Teniente Vidal, Coyhaique Ad.",-45.59083,-72.10222,972.8692307692307
2011-03-02,450005.0,Balmaceda Ad.,-45.91833,-71.67778,946.6600000000001
2011-03-02,510005.0,"Teniente Gallardo, Puerto Natales Ad.",-51.66722,-72.52889,991.9
2011-03-02,520006.0,"Carlos Ibañez, Punta Arenas Ap.",-53.00167,-70.83861,994.6208333333334
2011-03-02,530005.0,"Fuentes Martínez, Porvenir Ad.",-53.25361,-70.32611,995.5250000000001
2011-03-02,550001.0,"Guardiamarina Zañartu, Pto Williams Ad.",-54.93167,-67.61556,996.2307692307693
2011-03-02,950001.0,"C.M.A. Eduardo Frei Montalva, Antártica ",-62.19194,-58.97972,983.7375
2011-03-03,180005.0,"Chacalluta, Arica Ap.",-18.35555,-70.34028,1009.0166666666668
2011-03-03,200006.0,Diego Aracena Iquique Ap.,-20.54917,-70.18111,1007.4875
2011-03-03,220002.0,"El Loa, Calama Ad.",-22.49806,-68.8925,775.7
2011-03-03,270001.0,Mataveri  Isla de Pascua Ap.,-27.15889,-109.4325,1008.7947368421052
2011-03-03,270008.0,"Desierto de Atacama, Caldera  Ad.",-27.25444,-70.78111,992.9399999999999
2011-03-03,290004.0,"La Florida, La Serena Ad.",-29.91444,-71.20667,997.8583333333332
2011-03-03,330007.0,"Rodelillo, Ad.",-33.06528,-71.55639,974.5
2011-03-03,330019.0,"Eulogio Sánchez, Tobalaba Ad.",-33.45528,-70.54861,938.675
2011-03-03,330020.0,"Quinta Normal, Santiago",-33.445,-70.68278,952.8375
2011-03-03,330021.0,Pudahuel Santiago ,-33.37833,-70.78778,957.725
2011-03-03,330030.0,"Santo Domingo, Ad.",-33.65611,-71.61333,1005.5714285714286
2011-03-03,330031.0,"Juan Fernández, Estación Meteorológica.",-33.63583,-78.83305,1016.0
2011-03-03,340031.0,"General Freire, Curicó Ad.",-34.96944,-71.21694,985.7
2011-03-03,360019.0,"Carriel Sur, Concepción Ap.",-36.78055,-73.06639,1014.1125000000001
2011-03-03,370033.0,"María Dolores, Los Angeles Ad.",-37.39694,-72.42389,1000.7
2011-03-03,380013.0,"Maquehue, Temuco Ad.",-38.76778,-72.63194,1006.875
2011-03-03,400009.0,"Cañal Bajo,  Osorno Ad.",-40.61444,-73.0575,1008.7454545454547
2011-03-03,410005.0,El Tepual  Puerto Montt Ap.,-41.4475,-73.09583,1010.5208333333334
2011-03-03,430001.0,Quellón Ad.,-43.13361,-73.63278,1020.9333333333334
2011-03-03,430002.0,Futaleufú Ad.,-43.18889,-71.85222,980.6666666666666
2011-03-03,450004.0,"Teniente Vidal, Coyhaique Ad.",-45.59083,-72.10222,982.7307692307693
2011-03-03,450005.0,Balmaceda Ad.,-45.91833,-71.67778,955.86
2011-03-03,510005.0,"Teniente Gallardo, Puerto Natales Ad.",-51.66722,-72.52889,996.0333333333333
2011-03-03,520006.0,"Carlos Ibañez, Punta Arenas Ap.",-53.00167,-70.83861,995.5416666666666
2011-03-03,530005.0,"Fuentes Martínez, Porvenir Ad.",-53.25361,-70.32611,997.975
2011-03-03,550001.0,"Guardiamarina Zañartu, Pto Williams Ad.",-54.93167,-67.61556,994.2583333333333
2011-03-03,950001.0,"C.M.A. Eduardo Frei Montalva, Antártica ",-62.19194,-58.97972,982.7625
2011-03-04,180005.0,"Chacalluta, Arica Ap.",-18.35555,-70.34028,1008.8208333333333
2011-03-04,200006.0,Diego Aracena Iquique Ap.,-20.54917,-70.18111,1007.875
2011-03-04,220002.0,"El Loa, Calama Ad.",-22.49806,-68.8925,775.76
2011-03-04,270001.0,Mataveri  Isla de Pascua Ap.,-27.15889,-109.4325,1005.7842105263159
2011-03-04,270008.0,"Desierto de Atacama, Caldera  Ad.",-27.25444,-70.78111,993.18
2011-03-04,290004.0,"La Florida, La Serena Ad.",-29.91444,-71.20667,998.3958333333334
2011-03-04,330007.0,"Rodelillo, Ad.",-33.06528,-71.55639,976.0
2011-03-04,330019.0,"Eulogio Sánchez, Tobalaba Ad.",-33.45528,-70.54861,939.4499999999999
2011-03-04,330020.0,"Quinta Normal, Santiago",-33.445,-70.68278,953.0875
2011-03-04,330021.0,Pudahuel Santiago ,-33.37833,-70.78778,958.0
2011-03-04,330030.0,"Santo Domingo, Ad.",-33.65611,-71.61333,1006.6142857142858
2011-03-04,330031.0,"Juan Fernández, Estación Meteorológica.",-33.63583,-78.83305,1015.025
2011-03-04,340031.0,"General Freire, Curicó Ad.",-34.96944,-71.21694,985.675
2011-03-04,360019.0,"Carriel Sur, Concepción Ap.",-36.78055,-73.06639,1012.1416666666668
2011-03-04,370033.0,"María Dolores, Los Angeles Ad.",-37.39694,-72.42389,998.25
2011-03-04,380013.0,"Maquehue, Temuco Ad.",-38.76778,-72.63194,1002.5625
2011-03-04,400009.0,"Cañal Bajo,  Osorno Ad.",-40.61444,-73.0575,1005.1636363636363
2011-03-04,410005.0,El Tepual  Puerto Montt Ap.,-41.4475,-73.09583,1006.975
2011-03-04,430001.0,Quellón Ad.,-43.13361,-73.63278,1016.7333333333332
2011-03-04,430002.0,Futaleufú Ad.,-43.18889,-71.85222,977.2
2011-03-04,450001.0,Puerto Aysén Ad.,-45.39944,-72.67722,1018.8666666666667
2011-03-04,450004.0,"Teniente Vidal, Coyhaique Ad.",-45.59083,-72.10222,980.5538461538462
2011-03-04,450005.0,Balmaceda Ad.,-45.91833,-71.67778,956.3799999999999
2011-03-04,510005.0,"Teniente Gallardo, Puerto Natales Ad.",-51.66722,-72.52889,1002.9666666666667
2011-03-04,520006.0,"Carlos Ibañez, Punta Arenas Ap.",-53.00167,-70.83861,1002.525
2011-03-04,530005.0,"Fuentes Martínez, Porvenir Ad.",-53.25361,-70.32611,1005.25
2011-03-04,550001.0,"Guardiamarina Zañartu, Pto Williams Ad.",-54.93167,-67.61556,1001.5454545454545
2011-03-04,950001.0,"C.M.A. Eduardo Frei Montalva, Antártica ",-62.19194,-58.97972,974.025
2011-03-05,180005.0,"Chacalluta, Arica Ap.",-18.35555,-70.34028,1009.1666666666666
2011-03-05,200006.0,Diego Aracena Iquique Ap.,-20.54917,-70.18111,1008.3125
2011-03-05,220002.0,"El Loa, Calama Ad.",-22.49806,-68.8925,775.4399999999999
2011-03-05,270001.0,Mataveri  Isla de Pascua Ap.,-27.15889,-109.4325,1005.5052631578947
2011-03-05,270008.0,"Desierto de Atacama, Caldera  Ad.",-27.25444,-70.78111,993.0
2011-03-05,290004.0,"La Florida, La Serena Ad.",-29.91444,-71.20667,998.5958333333333
2011-03-05,330007.0,"Rodelillo, Ad.",-33.06528,-71.55639,976.25
2011-03-05,330019.0,"Eulogio Sánchez, Tobalaba Ad.",-33.45528,-70.54861,939.825
2011-03-05,330020.0,"Quinta Normal, Santiago",-33.445,-70.68278,953.5625
2011-03-05,330021.0,Pudahuel Santiago ,-33.37833,-70.78778,958.5124999999999
2011-03-05,330030.0,"Santo Domingo, Ad.",-33.65611,-71.61333,1007.0142857142857
2011-03-05,330031.0,"Juan Fernández, Estación Meteorológica.",-33.63583,-78.83305,1013.95
2011-03-05,340031.0,"General Freire, Curicó Ad.",-34.96944,-71.21694,986.425
2011-03-05,360019.0,"Carriel Sur, Concepción Ap.",-36.78055,-73.06639,1013.0708333333333
2011-03-05,370033.0,"María Dolores, Los Angeles Ad.",-37.39694,-72.42389,
2011-03-05,380013.0,"Maquehue, Temuco Ad.",-38.76778,-72.63194,1001.4125
2011-03-05,400009.0,"Cañal Bajo,  Osorno Ad.",-40.61444,-73.0575,1001.1909090909091
2011-03-05,410005.0,El Tepual  Puerto Montt Ap.,-41.4475,-73.09583,1002.7833333333333
2011-03-05,450004.0,"Teniente Vidal, Coyhaique Ad.",-45.59083,-72.10222,974.7769230769231
2011-03-05,450005.0,Balmaceda Ad.,-45.91833,-71.67778,952.0200000000001
2011-03-05,520006.0,"Carlos Ibañez, Punta Arenas Ap.",-53.00167,-70.83861,1002.6625
2011-03-05,530005.0,"Fuentes Martínez, Porvenir Ad.",-53.25361,-70.32611,1005.3
2011-03-05,550001.0,"Guardiamarina Zañartu, Pto Williams Ad.",-54.93167,-67.61556,1002.4428571428572
2011-03-05,950001.0,"C.M.A. Eduardo Frei Montalva, Antártica ",-62.19194,-58.97972,984.1
2011-03-06,180005.0,"Chacalluta, Arica Ap.",-18.35555,-70.34028,1008.1583333333333
2011-03-06,200006.0,Diego Aracena Iquique Ap.,-20.54917,-70.18111,1007.2875
2011-03-06,220002.0,"El Loa, Calama Ad.",-22.49806,-68.8925,774.425
2011-03-06,270001.0,Mataveri  Isla de Pascua Ap.,-27.15889,-109.4325,1006.9416666666666
2011-03-06,270008.0,"Desierto de Atacama, Caldera  Ad.",-27.25444,-70.78111,992.15
2011-03-06,290004.0,"La Florida, La Serena Ad.",-29.91444,-71.20667,998.0666666666666
2011-03-06,330007.0,"Rodelillo, Ad.",-33.06528,-71.55639,975.5
2011-03-06,330019.0,"Eulogio Sánchez, Tobalaba Ad.",-33.45528,-70.54861,939.575
2011-03-06,330020.0,"Quinta Normal, Santiago",-33.445,-70.68278,953.8
2011-03-06,330021.0,Pudahuel Santiago ,-33.37833,-70.78778,958.7875
2011-03-06,330030.0,"Santo Domingo, Ad.",-33.65611,-71.61333,1006.8285714285714
2011-03-06,330031.0,"Juan Fernández, Estación Meteorológica.",-33.63583,-78.83305,1014.2
2011-03-06,340031.0,"General Freire, Curicó Ad.",-34.96944,-71.21694,986.575
2011-03-06,360019.0,"Carriel Sur, Concepción Ap.",-36.78055,-73.06639,1013.975
2011-03-06,370033.0,"María Dolores, Los Angeles Ad.",-37.39694,-72.42389,
2011-03-06,380013.0,"Maquehue, Temuco Ad.",-38.76778,-72.63194,1004.35
2011-03-06,400009.0,"Cañal Bajo,  Osorno Ad.",-40.61444,-73.0575,1004.6818181818181
2011-03-06,410005.0,El Tepual  Puerto Montt Ap.,-41.4475,-73.09583,1004.5208333333334
2011-03-06,450004.0,"Teniente Vidal, Coyhaique Ad.",-45.59083,-72.10222,974.0615384615384
2011-03-06,450005.0,Balmaceda Ad.,-45.91833,-71.67778,948.1200000000001
2011-03-06,520006.0,"Carlos Ibañez, Punta Arenas Ap.",-53.00167,-70.83861,994.125
2011-03-06,550001.0,"Guardiamarina Zañartu, Pto Williams Ad.",-54.93167,-67.61556,991.3000000000001
2011-03-06,950001.0,"C.M.A. Eduardo Frei Montalva, Antártica ",-62.19194,-58.97972,973.475
2011-03-07,180005.0,"Chacalluta, Arica Ap.",-18.35555,-70.34028,1008.2125
2011-03-07,200006.0,Diego Aracena Iquique Ap.,-20.54917,-70.18111,1007.475
2011-03-07,220002.0,"El Loa, Calama Ad.",-22.49806,-68.8925,774.9
2011-03-07,270001.0,Mataveri  Isla de Pascua Ap.,-27.15889,-109.4325,1008.4105263157894
2011-03-07,270008.0,"Desierto de Atacama, Caldera  Ad.",-27.25444,-70.78111,992.5799999999999
2011-03-07,290004.0,"La Florida, La Serena Ad.",-29.91444,-71.20667,997.9041666666667
2011-03-07,330007.0,"Rodelillo, Ad.",-33.06528,-71.55639,975.25
2011-03-07,330019.0,"Eulogio Sánchez, Tobalaba Ad.",-33.45528,-70.54861,939.325
2011-03-07,330020.0,"Quinta Normal, Santiago",-33.445,-70.68278,953.475
2011-03-07,330021.0,Pudahuel Santiago ,-33.37833,-70.78778,958.4333333333334
2011-03-07,330030.0,"Santo Domingo, Ad.",-33.65611,-71.61333,1006.2785714285714
2011-03-07,330031.0,"Juan Fernández, Estación Meteorológica.",-33.63583,-78.83305,1014.0999999999999
2011-03-07,340031.0,"General Freire, Curicó Ad.",-34.96944,-71.21694,986.6
2011-03-07,360019.0,"Carriel Sur, Concepción Ap.",-36.78055,-73.06639,1013.9208333333332
2011-03-07,370033.0,"María Dolores, Los Angeles Ad.",-37.39694,-72.42389,1000.6
2011-03-07,380013.0,"Maquehue, Temuco Ad.",-38.76778,-72.63194,1005.1375
2011-03-07,400009.0,"Cañal Bajo,  Osorno Ad.",-40.61444,-73.0575,1005.5818181818181
2011-03-07,410005.0,El Tepual  Puerto Montt Ap.,-41.4475,-73.09583,1006.1291666666666
2011-03-07,430001.0,Quellón Ad.,-43.13361,-73.63278,1016.8000000000001
2011-03-07,450001.0,Puerto Aysén Ad.,-45.39944,-72.67722,1016.5333333333333
2011-03-07,450004.0,"Teniente Vidal, Coyhaique Ad.",-45.59083,-72.10222,977.623076923077
2011-03-07,450005.0,Balmaceda Ad.,-45.91833,-71.67778,952.64
2011-03-07,510005.0,"Teniente Gallardo, Puerto Natales Ad.",-51.66722,-72.52889,998.1666666666666
2011-03-07,520006.0,"Carlos Ibañez, Punta Arenas Ap.",-53.00167,-70.83861,999.1541666666667
2011-03-07,530005.0,"Fuentes Martínez, Porvenir Ad.",-53.25361,-70.32611,1000.8
2011-03-07,550001.0,"Guardiamarina Zañartu, Pto Williams Ad.",-54.93167,-67.61556,998.7
2011-03-07,950001.0,"C.M.A. Eduardo Frei Montalva, Antártica ",-62.19194,-58.97972,980.8625
2011-03-08,180005.0,"Chacalluta, Arica Ap.",-18.35555,-70.34028,1008.775
2011-03-08,200006.0,Diego Aracena Iquique Ap.,-20.54917,-70.18111,1007.9
2011-03-08,220002.0,"El Loa, Calama Ad.",-22.49806,-68.8925,775.6800000000001
2011-03-08,270001.0,Mataveri  Isla de Pascua Ap.,-27.15889,-109.4325,1011.0285714285714
2011-03-08,270008.0,"Desierto de Atacama, Caldera  Ad.",-27.25444,-70.78111,993.04
2011-03-08,290004.0,"La Florida, La Serena Ad.",-29.91444,-71.20667,998.4958333333334
2011-03-08,330007.0,"Rodelillo, Ad.",-33.06528,-71.55639,975.5
2011-03-08,330019.0,"Eulogio Sánchez, Tobalaba Ad.",-33.45528,-70.54861,939.375
2011-03-08,330020.0,"Quinta Normal, Santiago",-33.445,-70.68278,953.3125
2011-03-08,330021.0,Pudahuel Santiago ,-33.37833,-70.78778,958.3333333333334
2011-03-08,330030.0,"Santo Domingo, Ad.",-33.65611,-71.61333,1006.2571428571429
2011-03-08,330031.0,"Juan Fernández, Estación Meteorológica.",-33.63583,-78.83305,1012.875
2011-03-08,340031.0,"General Freire, Curicó Ad.",-34.96944,-71.21694,985.775
2011-03-08,360019.0,"Carriel Sur, Concepción Ap.",-36.78055,-73.06639,1013.3583333333332
2011-03-08,370033.0,"María Dolores, Los Angeles Ad.",-37.39694,-72.42389,999.7
2011-03-08,380013.0,"Maquehue, Temuco Ad.",-38.76778,-72.63194,1004.0625
2011-03-08,400009.0,"Cañal Bajo,  Osorno Ad.",-40.61444,-73.0575,1003.2181818181817
2011-03-08,410005.0,El Tepual  Puerto Montt Ap.,-41.4475,-73.09583,1003.5958333333333
2011-03-08,430001.0,Quellón Ad.,-43.13361,-73.63278,1010.5333333333333
2011-03-08,450001.0,Puerto Aysén Ad.,-45.39944,-72.67722,1007.1333333333333
2011-03-08,450004.0,"Teniente Vidal, Coyhaique Ad.",-45.59083,-72.10222,969.4230769230769
2011-03-08,450005.0,Balmaceda Ad.,-45.91833,-71.67778,946.72
2011-03-08,510005.0,"Teniente Gallardo, Puerto Natales Ad.",-51.66722,-72.52889,985.6333333333333
2011-03-08,520006.0,"Carlos Ibañez, Punta Arenas Ap.",-53.00167,-70.83861,992.7958333333332
2011-03-08,530005.0,"Fuentes Martínez, Porvenir Ad.",-53.25361,-70.32611,992.4333333333334
2011-03-08,550001.0,"Guardiamarina Zañartu, Pto Williams Ad.",-54.93167,-67.61556,993.9833333333332
2011-03-08,950001.0,"C.M.A. Eduardo Frei Montalva, Antártica ",-62.19194,-58.97972,981.6625
2011-03-09,180005.0,"Chacalluta, Arica Ap.",-18.35555,-70.34028,1009.8458333333333
2011-03-09,200006.0,Diego Aracena Iquique Ap.,-20.54917,-70.18111,1008.9375
2011-03-09,220002.0,"El Loa, Calama Ad.",-22.49806,-68.8925,776.4399999999999
2011-03-09,270001.0,Mataveri  Isla de Pascua Ap.,-27.15889,-109.4325,1012.3736842105262
2011-03-09,270008.0,"Desierto de Atacama, Caldera  Ad.",-27.25444,-70.78111,993.82
2011-03-09,290004.0,"La Florida, La Serena Ad.",-29.91444,-71.20667,999.7583333333333
2011-03-09,330007.0,"Rodelillo, Ad.",-33.06528,-71.55639,977.25
2011-03-09,330019.0,"Eulogio Sánchez, Tobalaba Ad.",-33.45528,-70.54861,941.175
2011-03-09,330020.0,"Quinta Normal, Santiago",-33.445,-70.68278,954.95
2011-03-09,330021.0,Pudahuel Santiago ,-33.37833,-70.78778,959.9833333333332
2011-03-09,330030.0,"Santo Domingo, Ad.",-33.65611,-71.61333,1008.092857142857
2011-03-09,330031.0,"Juan Fernández, Estación Meteorológica.",-33.63583,-78.83305,1012.75
2011-03-09,340031.0,"General Freire, Curicó Ad.",-34.96944,-71.21694,987.8
2011-03-09,360019.0,"Carriel Sur, Concepción Ap.",-36.78055,-73.06639,1015.1791666666667
2011-03-09,370033.0,"María Dolores, Los Angeles Ad.",-37.39694,-72.42389,1001.6
2011-03-09,380013.0,"Maquehue, Temuco Ad.",-38.76778,-72.63194,1004.05
2011-03-09,400009.0,"Cañal Bajo,  Osorno Ad.",-40.61444,-73.0575,1001.8249999999999
2011-03-09,410005.0,El Tepual  Puerto Montt Ap.,-41.4475,-73.09583,1000.8916666666668
2011-03-09,430001.0,Quellón Ad.,-43.13361,-73.63278,1006.1666666666666
2011-03-09,450001.0,Puerto Aysén Ad.,-45.39944,-72.67722,998.5333333333334
2011-03-09,450004.0,"Teniente Vidal, Coyhaique Ad.",-45.59083,-72.10222,962.5538461538462
2011-03-09,450005.0,Balmaceda Ad.,-45.91833,-71.67778,936.96
2011-03-09,510005.0,"Teniente Gallardo, Puerto Natales Ad.",-51.66722,-72.52889,974.1666666666666
2011-03-09,520006.0,"Carlos Ibañez, Punta Arenas Ap.",-53.00167,-70.83861,976.4
2011-03-09,530005.0,"Fuentes Martínez, Porvenir Ad.",-53.25361,-70.32611,976.4
2011-03-09,550001.0,"Guardiamarina Zañartu, Pto Williams Ad.",-54.93167,-67.61556,975.5909090909091
2011-03-09,950001.0,"C.M.A. Eduardo Frei Montalva, Antártica ",-62.19194,-58.97972,982.15
2011-03-10,180005.0,"Chacalluta, Arica Ap.",-18.35555,-70.34028,1011.5
2011-03-10,200006.0,Diego Aracena Iquique Ap.,-20.54917,-70.18111,1010.9125
2011-03-10,220002.0,"El Loa, Calama Ad.",-22.49806,-68.8925,778.1
2011-03-10,270001.0,Mataveri  Isla de Pascua Ap.,-27.15889,-109.4325,1013.7421052631578
2011-03-10,270008.0,"Desierto de Atacama, Caldera  Ad.",-27.25444,-70.78111,995.9399999999999
2011-03-10,290004.0,"La Florida, La Serena Ad.",-29.91444,-71.20667,1001.0875
2011-03-10,330007.0,"Rodelillo, Ad.",-33.06528,-71.55639,978.25
2011-03-10,330019.0,"Eulogio Sánchez, Tobalaba Ad.",-33.45528,-70.54861,941.65
2011-03-10,330020.0,"Quinta Normal, Santiago",-33.445,-70.68278,955.4
2011-03-10,330021.0,Pudahuel Santiago ,-33.37833,-70.78778,960.4291666666667
2011-03-10,330030.0,"Santo Domingo, Ad.",-33.65611,-71.61333,1009.0
2011-03-10,330031.0,"Juan Fernández, Estación Meteorológica.",-33.63583,-78.83305,1011.9499999999999
2011-03-10,340031.0,"General Freire, Curicó Ad.",-34.96944,-71.21694,988.35
2011-03-10,360019.0,"Carriel Sur, Concepción Ap.",-36.78055,-73.06639,1015.1583333333333
2011-03-10,370033.0,"María Dolores, Los Angeles Ad.",-37.39694,-72.42389,1001.55
2011-03-10,380013.0,"Maquehue, Temuco Ad.",-38.76778,-72.63194,1003.1875
2011-03-10,400009.0,"Cañal Bajo,  Osorno Ad.",-40.61444,-73.0575,1001.5
2011-03-10,410005.0,El Tepual  Puerto Montt Ap.,-41.4475,-73.09583,1000.85
2011-03-10,430001.0,Quellón Ad.,-43.13361,-73.63278,1007.9666666666667
2011-03-10,450001.0,Puerto Aysén Ad.,-45.39944,-72.67722,1005.3333333333334
2011-03-10,450004.0,"Teniente Vidal, Coyhaique Ad.",-45.59083,-72.10222,968.323076923077
2011-03-10,450005.0,Balmaceda Ad.,-45.91833,-71.67778,941.9399999999999
2011-03-10,510005.0,"Teniente Gallardo, Puerto Natales Ad.",-51.66722,-72.52889,979.3333333333334
2011-03-10,520006.0,"Carlos Ibañez, Punta Arenas Ap.",-53.00167,-70.83861,979.8833333333333
2011-03-10,530005.0,"Fuentes Martínez, Porvenir Ad.",-53.25361,-70.32611,981.4666666666667
2011-03-10,550001.0,"Guardiamarina Zañartu, Pto Williams Ad.",-54.93167,-67.61556,978.9
2011-03-10,950001.0,"C.M.A. Eduardo Frei Montalva, Antártica ",-62.19194,-58.97972,962.85
2011-03-11,180005.0,"Chacalluta, Arica Ap.",-18.35555,-70.34028,1011.6708333333332
2011-03-11,200006.0,Diego Aracena Iquique Ap.,-20.54917,-70.18111,1010.675
2011-03-11,220002.0,"El Loa, Calama Ad.",-22.49806,-68.8925,778.0666666666666
2011-03-11,270001.0,Mataveri  Isla de Pascua Ap.,-27.15889,-109.4325,1014.8052631578947
2011-03-11,270008.0,"Desierto de Atacama, Caldera  Ad.",-27.25444,-70.78111,996.0600000000001
2011-03-11,290004.0,"La Florida, La Serena Ad.",-29.91444,-71.20667,1001.5749999999999
2011-03-11,330007.0,"Rodelillo, Ad.",-33.06528,-71.55639,978.25
2011-03-11,330019.0,"Eulogio Sánchez, Tobalaba Ad.",-33.45528,-70.54861,942.525
2011-03-11,330020.0,"Quinta Normal, Santiago",-33.445,-70.68278,956.725
2011-03-11,330021.0,Pudahuel Santiago ,-33.37833,-70.78778,961.6958333333333
2011-03-11,330030.0,"Santo Domingo, Ad.",-33.65611,-71.61333,1009.7214285714286
2011-03-11,330031.0,"Juan Fernández, Estación Meteorológica.",-33.63583,-78.83305,1013.35
2011-03-11,340031.0,"General Freire, Curicó Ad.",-34.96944,-71.21694,988.9000000000001
2011-03-11,360019.0,"Carriel Sur, Concepción Ap.",-36.78055,-73.06639,1014.2666666666668
2011-03-11,370033.0,"María Dolores, Los Angeles Ad.",-37.39694,-72.42389,1000.2
2011-03-11,380013.0,"Maquehue, Temuco Ad.",-38.76778,-72.63194,1002.3
2011-03-11,400009.0,"Cañal Bajo,  Osorno Ad.",-40.61444,-73.0575,1006.2384615384616
2011-03-11,410005.0,El Tepual  Puerto Montt Ap.,-41.4475,-73.09583,1001.0708333333333
2011-03-11,430001.0,Quellón Ad.,-43.13361,-73.63278,1011.6
2011-03-11,450001.0,Puerto Aysén Ad.,-45.39944,-72.67722,1009.1333333333333
2011-03-11,450004.0,"Teniente Vidal, Coyhaique Ad.",-45.59083,-72.10222,972.2615384615384
2011-03-11,450005.0,Balmaceda Ad.,-45.91833,-71.67778,946.5200000000001
2011-03-11,510005.0,"Teniente Gallardo, Puerto Natales Ad.",-51.66722,-72.52889,998.6666666666666
2011-03-11,520006.0,"Carlos Ibañez, Punta Arenas Ap.",-53.00167,-70.83861,996.3291666666668
2011-03-11,530005.0,"Fuentes Martínez, Porvenir Ad.",-53.25361,-70.32611,999.75
2011-03-11,550001.0,"Guardiamarina Zañartu, Pto Williams Ad.",-54.93167,-67.61556,994.9100000000001
2011-03-11,950001.0,"C.M.A. Eduardo Frei Montalva, Antártica ",-62.19194,-58.97972,972.6625
2011-03-12,180005.0,"Chacalluta, Arica Ap.",-18.35555,-70.34028,1011.8833333333333
2011-03-12,200006.0,Diego Aracena Iquique Ap.,-20.54917,-70.18111,1010.975
2011-03-12,220002.0,"El Loa, Calama Ad.",-22.49806,-68.8925,777.52
2011-03-12,270001.0,Mataveri  Isla de Pascua Ap.,-27.15889,-109.4325,1015.9916666666667
2011-03-12,270008.0,"Desierto de Atacama, Caldera  Ad.",-27.25444,-70.78111,996.5
2011-03-12,290004.0,"La Florida, La Serena Ad.",-29.91444,-71.20667,1002.3708333333334
2011-03-12,330007.0,"Rodelillo, Ad.",-33.06528,-71.55639,981.25
2011-03-12,330019.0,"Eulogio Sánchez, Tobalaba Ad.",-33.45528,-70.54861,946.55
2011-03-12,330020.0,"Quinta Normal, Santiago",-33.445,-70.68278,959.575
2011-03-12,330021.0,Pudahuel Santiago ,-33.37833,-70.78778,964.6750000000001
2011-03-12,330030.0,"Santo Domingo, Ad.",-33.65611,-71.61333,1013.3000000000001
2011-03-12,330031.0,"Juan Fernández, Estación Meteorológica.",-33.63583,-78.83305,1021.65
2011-03-12,340031.0,"General Freire, Curicó Ad.",-34.96944,-71.21694,995.775
2011-03-12,360019.0,"Carriel Sur, Concepción Ap.",-36.78055,-73.06639,1022.7291666666666
2011-03-12,370033.0,"María Dolores, Los Angeles Ad.",-37.39694,-72.42389,
2011-03-12,380013.0,"Maquehue, Temuco Ad.",-38.76778,-72.63194,1012.45
2011-03-12,400009.0,"Cañal Bajo,  Osorno Ad.",-40.61444,-73.0575,1018.6
2011-03-12,410005.0,El Tepual  Puerto Montt Ap.,-41.4475,-73.09583,1013.1166666666667
2011-03-12,450004.0,"Teniente Vidal, Coyhaique Ad.",-45.59083,-72.10222,983.6076923076923
2011-03-12,450005.0,Balmaceda Ad.,-45.91833,-71.67778,955.8799999999999
2011-03-12,510005.0,"Teniente Gallardo, Puerto Natales Ad.",-51.66722,-72.52889,1005.1
2011-03-12,520006.0,"Carlos Ibañez, Punta Arenas Ap.",-53.00167,-70.83861,1003.7375000000001
2011-03-12,530005.0,"Fuentes Martínez, Porvenir Ad.",-53.25361,-70.32611,1004.5
2011-03-12,550001.0,"Guardiamarina Zañartu, Pto Williams Ad.",-54.93167,-67.61556,1000.4857142857143
2011-03-12,950001.0,"C.M.A. Eduardo Frei Montalva, Antártica ",-62.19194,-58.97972,988.55
2011-03-13,180005.0,"Chacalluta, Arica Ap.",-18.35555,-70.34028,1010.4208333333332
2011-03-13,200006.0,Diego Aracena Iquique Ap.,-20.54917,-70.18111,1009.5625
2011-03-13,220002.0,"El Loa, Calama Ad.",-22.49806,-68.8925,776.0600000000001
2011-03-13,270001.0,Mataveri  Isla de Pascua Ap.,-27.15889,-109.4325,1017.0875
2011-03-13,270008.0,"Desierto de Atacama, Caldera  Ad.",-27.25444,-70.78111,993.575
2011-03-13,290004.0,"La Florida, La Serena Ad.",-29.91444,-71.20667,998.5124999999999
2011-03-13,330007.0,"Rodelillo, Ad.",-33.06528,-71.55639,974.75
2011-03-13,330019.0,"Eulogio Sánchez, Tobalaba Ad.",-33.45528,-70.54861,939.2
2011-03-13,330020.0,"Quinta Normal, Santiago",-33.445,-70.68278,955.1125
2011-03-13,330021.0,Pudahuel Santiago ,-33.37833,-70.78778,959.8958333333334
2011-03-13,330030.0,"Santo Domingo, Ad.",-33.65611,-71.61333,1006.7357142857143
2011-03-13,330031.0,"Juan Fernández, Estación Meteorológica.",-33.63583,-78.83305,1019.25
2011-03-13,340031.0,"General Freire, Curicó Ad.",-34.96944,-71.21694,987.7
2011-03-13,360019.0,"Carriel Sur, Concepción Ap.",-36.78055,-73.06639,1018.5958333333333
2011-03-13,370033.0,"María Dolores, Los Angeles Ad.",-37.39694,-72.42389,
2011-03-13,380013.0,"Maquehue, Temuco Ad.",-38.76778,-72.63194,1010.8375
2011-03-13,400009.0,"Cañal Bajo,  Osorno Ad.",-40.61444,-73.0575,1012.3363636363637
2011-03-13,410005.0,El Tepual  Puerto Montt Ap.,-41.4475,-73.09583,1011.8833333333333
2011-03-13,450004.0,"Teniente Vidal, Coyhaique Ad.",-45.59083,-72.10222,979.9846153846154
2011-03-13,450005.0,Balmaceda Ad.,-45.91833,-71.67778,955.3
2011-03-13,510005.0,"Teniente Gallardo, Puerto Natales Ad.",-51.66722,-72.52889,1005.3
2011-03-13,520006.0,"Carlos Ibañez, Punta Arenas Ap.",-53.00167,-70.83861,1008.4291666666667
2011-03-13,550001.0,"Guardiamarina Zañartu, Pto Williams Ad.",-54.93167,-67.61556,1010.25
2011-03-13,950001.0,"C.M.A. Eduardo Frei Montalva, Antártica ",-62.19194,-58.97972,1000.425
2011-03-14,180005.0,"Chacalluta, Arica Ap.",-18.35555,-70.34028,1010.3083333333334
2011-03-14,200006.0,Diego Aracena Iquique Ap.,-20.54917,-70.18111,1009.7
2011-03-14,220002.0,"El Loa, Calama Ad.",-22.49806,-68.8925,776.4399999999999
2011-03-14,270001.0,Mataveri  Isla de Pascua Ap.,-27.15889,-109.4325,1016.2583333333333
2011-03-14,270008.0,"Desierto de Atacama, Caldera  Ad.",-27.25444,-70.78111,994.7
2011-03-14,290004.0,"La Florida, La Serena Ad.",-29.91444,-71.20667,999.8166666666666
2011-03-14,330007.0,"Rodelillo, Ad.",-33.06528,-71.55639,977.25
2011-03-14,330019.0,"Eulogio Sánchez, Tobalaba Ad.",-33.45528,-70.54861,941.4
2011-03-14,330020.0,"Quinta Normal, Santiago",-33.445,-70.68278,954.6625
2011-03-14,330021.0,Pudahuel Santiago ,-33.37833,-70.78778,959.725
2011-03-14,330030.0,"Santo Domingo, Ad.",-33.65611,-71.61333,1008.1142857142858
2011-03-14,330031.0,"Juan Fernández, Estación Meteorológica.",-33.63583,-78.83305,1012.275
2011-03-14,340031.0,"General Freire, Curicó Ad.",-34.96944,-71.21694,988.65
2011-03-14,360019.0,"Carriel Sur, Concepción Ap.",-36.78055,-73.06639,1014.5916666666667
2011-03-14,370033.0,"María Dolores, Los Angeles Ad.",-37.39694,-72.42389,1002.35
2011-03-14,380013.0,"Maquehue, Temuco Ad.",-38.76778,-72.63194,1004.1875
2011-03-14,400009.0,"Cañal Bajo,  Osorno Ad.",-40.61444,-73.0575,1005.8916666666668
2011-03-14,410005.0,El Tepual  Puerto Montt Ap.,-41.4475,-73.09583,1002.3041666666667
2011-03-14,430001.0,Quellón Ad.,-43.13361,-73.63278,1008.7333333333332
2011-03-14,450001.0,Puerto Aysén Ad.,-45.39944,-72.67722,1009.6
2011-03-14,450004.0,"Teniente Vidal, Coyhaique Ad.",-45.59083,-72.10222,973.2615384615384
2011-03-14,450005.0,Balmaceda Ad.,-45.91833,-71.67778,949.14
2011-03-14,510005.0,"Teniente Gallardo, Puerto Natales Ad.",-51.66722,-72.52889,999.9
2011-03-14,520006.0,"Carlos Ibañez, Punta Arenas Ap.",-53.00167,-70.83861,1002.9
2011-03-14,530005.0,"Fuentes Martínez, Porvenir Ad.",-53.25361,-70.32611,1004.2
2011-03-14,550001.0,"Guardiamarina Zañartu, Pto Williams Ad.",-54.93167,-67.61556,1007.2454545454547
2011-03-14,950001.0,"C.M.A. Eduardo Frei Montalva, Antártica ",-62.19194,-58.97972,1006.7375
2011-03-15,180005.0,"Chacalluta, Arica Ap.",-18.35555,-70.34028,1010.2875
2011-03-15,200006.0,Diego Aracena Iquique Ap.,-20.54917,-70.18111,1009.325
2011-03-15,220002.0,"El Loa, Calama Ad.",-22.49806,-68.8925,777.4399999999999
2011-03-15,270001.0,Mataveri  Isla de Pascua Ap.,-27.15889,-109.4325,1015.4250000000001
2011-03-15,270008.0,"Desierto de Atacama, Caldera  Ad.",-27.25444,-70.78111,995.1200000000001
2011-03-15,290004.0,"La Florida, La Serena Ad.",-29.91444,-71.20667,1000.8833333333333
2011-03-15,330007.0,"Rodelillo, Ad.",-33.06528,-71.55639,979.25
2011-03-15,330019.0,"Eulogio Sánchez, Tobalaba Ad.",-33.45528,-70.54861,943.875
2011-03-15,330020.0,"Quinta Normal, Santiago",-33.445,-70.68278,956.6375
2011-03-15,330021.0,Pudahuel Santiago ,-33.37833,-70.78778,961.8125
2011-03-15,330030.0,"Santo Domingo, Ad.",-33.65611,-71.61333,1010.8785714285714
2011-03-15,330031.0,"Juan Fernández, Estación Meteorológica.",-33.63583,-78.83305,1016.125
2011-03-15,340031.0,"General Freire, Curicó Ad.",-34.96944,-71.21694,991.9
2011-03-15,360019.0,"Carriel Sur, Concepción Ap.",-36.78055,-73.06639,1017.375
2011-03-15,370033.0,"María Dolores, Los Angeles Ad.",-37.39694,-72.42389,1005.3499999999999
2011-03-15,380013.0,"Maquehue, Temuco Ad.",-38.76778,-72.63194,1007.6090909090909
2011-03-15,400009.0,"Cañal Bajo,  Osorno Ad.",-40.61444,-73.0575,1013.9166666666666
2011-03-15,410005.0,El Tepual  Puerto Montt Ap.,-41.4475,-73.09583,1008.5875
2011-03-15,430001.0,Quellón Ad.,-43.13361,-73.63278,1018.6999999999999
2011-03-15,430002.0,Futaleufú Ad.,-43.18889,-71.85222,976.8333333333334
2011-03-15,450001.0,Puerto Aysén Ad.,-45.39944,-72.67722,1016.3000000000001
2011-03-15,450004.0,"Teniente Vidal, Coyhaique Ad.",-45.59083,-72.10222,978.0923076923077
2011-03-15,450005.0,Balmaceda Ad.,-45.91833,-71.67778,952.0799999999999
2011-03-15,510005.0,"Teniente Gallardo, Puerto Natales Ad.",-51.66722,-72.52889,1002.8000000000001
2011-03-15,520006.0,"Carlos Ibañez, Punta Arenas Ap.",-53.00167,-70.83861,1004.7041666666668
2011-03-15,530005.0,"Fuentes Martínez, Porvenir Ad.",-53.25361,-70.32611,1005.15
2011-03-15,550001.0,"Guardiamarina Zañartu, Pto Williams Ad.",-54.93167,-67.61556,1007.3833333333333
2011-03-15,950001.0,"C.M.A. Eduardo Frei Montalva, Antártica ",-62.19194,-58.97972,1006.225
2011-03-16,180005.0,"Chacalluta, Arica Ap.",-18.35555,-70.34028,1010.65
2011-03-16,200006.0,Diego Aracena Iquique Ap.,-20.54917,-70.18111,1009.8875
2011-03-16,220002.0,"El Loa, Calama Ad.",-22.49806,-68.8925,776.96
2011-03-16,270001.0,Mataveri  Isla de Pascua Ap.,-27.15889,-109.4325,1015.5749999999999
2011-03-16,270008.0,"Desierto de Atacama, Caldera  Ad.",-27.25444,-70.78111,995.1
2011-03-16,290004.0,"La Florida, La Serena Ad.",-29.91444,-71.20667,1000.6458333333334
2011-03-16,330007.0,"Rodelillo, Ad.",-33.06528,-71.55639,977.5
2011-03-16,330019.0,"Eulogio Sánchez, Tobalaba Ad.",-33.45528,-70.54861,942.1666666666666
2011-03-16,330020.0,"Quinta Normal, Santiago",-33.445,-70.68278,957.7875
2011-03-16,330021.0,Pudahuel Santiago ,-33.37833,-70.78778,962.7583333333333
2011-03-16,330030.0,"Santo Domingo, Ad.",-33.65611,-71.61333,1010.7357142857143
2011-03-16,330031.0,"Juan Fernández, Estación Meteorológica.",-33.63583,-78.83305,1020.625
2011-03-16,340031.0,"General Freire, Curicó Ad.",-34.96944,-71.21694,990.925
2011-03-16,360019.0,"Carriel Sur, Concepción Ap.",-36.78055,-73.06639,1020.15
2011-03-16,370033.0,"María Dolores, Los Angeles Ad.",-37.39694,-72.42389,1006.0
2011-03-16,380013.0,"Maquehue, Temuco Ad.",-38.76778,-72.63194,1011.0
2011-03-16,390006.0,"Pichoy, Valdivia Ad.",-39.65667,-73.08722,1018.375
2011-03-16,400009.0,"Cañal Bajo,  Osorno Ad.",-40.61444,-73.0575,1010.9363636363636
2011-03-16,410005.0,El Tepual  Puerto Montt Ap.,-41.4475,-73.09583,1008.7541666666666
2011-03-16,430001.0,Quellón Ad.,-43.13361,-73.63278,1012.2333333333332
2011-03-16,430002.0,Futaleufú Ad.,-43.18889,-71.85222,972.5333333333333
2011-03-16,450001.0,Puerto Aysén Ad.,-45.39944,-72.67722,1008.5
2011-03-16,450004.0,"Teniente Vidal, Coyhaique Ad.",-45.59083,-72.10222,972.4538461538461
2011-03-16,450005.0,Balmaceda Ad.,-45.91833,-71.67778,947.22
2011-03-16,510005.0,"Teniente Gallardo, Puerto Natales Ad.",-51.66722,-72.52889,986.0666666666666
2011-03-16,520006.0,"Carlos Ibañez, Punta Arenas Ap.",-53.00167,-70.83861,990.4625
2011-03-16,530005.0,"Fuentes Martínez, Porvenir Ad.",-53.25361,-70.32611,989.975
2011-03-16,550001.0,"Guardiamarina Zañartu, Pto Williams Ad.",-54.93167,-67.61556,991.7636363636364
2011-03-16,950001.0,"C.M.A. Eduardo Frei Montalva, Antártica ",-62.19194,-58.97972,999.1375
2011-03-17,180005.0,"Chacalluta, Arica Ap.",-18.35555,-70.34028,1009.1458333333334
2011-03-17,200006.0,Diego Aracena Iquique Ap.,-20.54917,-70.18111,1008.5625
2011-03-17,220002.0,"El Loa, Calama Ad.",-22.49806,-68.8925,776.0
2011-03-17,270001.0,Mataveri  Isla de Pascua Ap.,-27.15889,-109.4325,1014.7958333333332
2011-03-17,270008.0,"Desierto de Atacama, Caldera  Ad.",-27.25444,-70.78111,993.3
2011-03-17,290004.0,"La Florida, La Serena Ad.",-29.91444,-71.20667,998.5625
2011-03-17,330007.0,"Rodelillo, Ad.",-33.06528,-71.55639,976.0
2011-03-17,330019.0,"Eulogio Sánchez, Tobalaba Ad.",-33.45528,-70.54861,941.825
2011-03-17,330020.0,"Quinta Normal, Santiago",-33.445,-70.68278,956.6
2011-03-17,330021.0,Pudahuel Santiago ,-33.37833,-70.78778,961.4333333333334
2011-03-17,330030.0,"Santo Domingo, Ad.",-33.65611,-71.61333,1008.4785714285715
2011-03-17,330031.0,"Juan Fernández, Estación Meteorológica.",-33.63583,-78.83305,1020.125
2011-03-17,340031.0,"General Freire, Curicó Ad.",-34.96944,-71.21694,990.85
2011-03-17,360019.0,"Carriel Sur, Concepción Ap.",-36.78055,-73.06639,1020.25
2011-03-17,370033.0,"María Dolores, Los Angeles Ad.",-37.39694,-72.42389,1008.15
2011-03-17,380013.0,"Maquehue, Temuco Ad.",-38.76778,-72.63194,1010.7
2011-03-17,400009.0,"Cañal Bajo,  Osorno Ad.",-40.61444,-73.0575,1016.0363636363636
2011-03-17,410005.0,El Tepual  Puerto Montt Ap.,-41.4475,-73.09583,1010.0166666666668
2011-03-17,430001.0,Quellón Ad.,-43.13361,-73.63278,1019.1333333333333
2011-03-17,430002.0,Futaleufú Ad.,-43.18889,-71.85222,975.2333333333332
2011-03-17,450001.0,Puerto Aysén Ad.,-45.39944,-72.67722,1013.8333333333334
2011-03-17,450004.0,"Teniente Vidal, Coyhaique Ad.",-45.59083,-72.10222,976.0769230769231
2011-03-17,450005.0,Balmaceda Ad.,-45.91833,-71.67778,947.96
2011-03-17,510005.0,"Teniente Gallardo, Puerto Natales Ad.",-51.66722,-72.52889,994.3000000000001
2011-03-17,520006.0,"Carlos Ibañez, Punta Arenas Ap.",-53.00167,-70.83861,993.4791666666666
2011-03-17,530005.0,"Fuentes Martínez, Porvenir Ad.",-53.25361,-70.32611,997.025
2011-03-17,550001.0,"Guardiamarina Zañartu, Pto Williams Ad.",-54.93167,-67.61556,996.5181818181819
2011-03-17,950001.0,"C.M.A. Eduardo Frei Montalva, Antártica ",-62.19194,-58.97972,992.975
2011-03-18,180005.0,"Chacalluta, Arica Ap.",-18.35555,-70.34028,1009.5583333333334
2011-03-18,200006.0,Diego Aracena Iquique Ap.,-20.54917,-70.18111,1008.925
2011-03-18,220002.0,"El Loa, Calama Ad.",-22.49806,-68.8925,775.98
2011-03-18,270001.0,Mataveri  Isla de Pascua Ap.,-27.15889,-109.4325,1014.5
2011-03-18,270008.0,"Desierto de Atacama, Caldera  Ad.",-27.25444,-70.78111,993.4799999999999
2011-03-18,290004.0,"La Florida, La Serena Ad.",-29.91444,-71.20667,998.0541666666667
2011-03-18,330007.0,"Rodelillo, Ad.",-33.06528,-71.55639,974.25
2011-03-18,330019.0,"Eulogio Sánchez, Tobalaba Ad.",-33.45528,-70.54861,939.25
2011-03-18,330020.0,"Quinta Normal, Santiago",-33.445,-70.68278,953.7125
2011-03-18,330021.0,Pudahuel Santiago ,-33.37833,-70.78778,958.6833333333334
2011-03-18,330030.0,"Santo Domingo, Ad.",-33.65611,-71.61333,1006.0071428571429
2011-03-18,330031.0,"Juan Fernández, Estación Meteorológica.",-33.63583,-78.83305,1019.575
2011-03-18,340031.0,"General Freire, Curicó Ad.",-34.96944,-71.21694,987.575
2011-03-18,360019.0,"Carriel Sur, Concepción Ap.",-36.78055,-73.06639,1017.4583333333334
2011-03-18,370033.0,"María Dolores, Los Angeles Ad.",-37.39694,-72.42389,1004.15
2011-03-18,380013.0,"Maquehue, Temuco Ad.",-38.76778,-72.63194,1011.025
2011-03-18,400009.0,"Cañal Bajo,  Osorno Ad.",-40.61444,-73.0575,1016.1750000000001
2011-03-18,410005.0,El Tepual  Puerto Montt Ap.,-41.4475,-73.09583,1013.4375
2011-03-18,430001.0,Quellón Ad.,-43.13361,-73.63278,1021.3333333333334
2011-03-18,430002.0,Futaleufú Ad.,-43.18889,-71.85222,980.6999999999999
2011-03-18,450001.0,Puerto Aysén Ad.,-45.39944,-72.67722,1017.9666666666667
2011-03-18,450004.0,"Teniente Vidal, Coyhaique Ad.",-45.59083,-72.10222,977.623076923077
2011-03-18,450005.0,Balmaceda Ad.,-45.91833,-71.67778,952.22
2011-03-18,510005.0,"Teniente Gallardo, Puerto Natales Ad.",-51.66722,-72.52889,992.8333333333334
2011-03-18,520006.0,"Carlos Ibañez, Punta Arenas Ap.",-53.00167,-70.83861,998.2666666666668
2011-03-18,530005.0,"Fuentes Martínez, Porvenir Ad.",-53.25361,-70.32611,998.0200000000001
2011-03-18,550001.0,"Guardiamarina Zañartu, Pto Williams Ad.",-54.93167,-67.61556,999.6899999999999
2011-03-18,950001.0,"C.M.A. Eduardo Frei Montalva, Antártica ",-62.19194,-58.97972,993.675
2011-03-19,180005.0,"Chacalluta, Arica Ap.",-18.35555,-70.34028,1009.0416666666666
2011-03-19,200006.0,Diego Aracena Iquique Ap.,-20.54917,-70.18111,1008.2125
2011-03-19,220002.0,"El Loa, Calama Ad.",-22.49806,-68.8925,776.02
2011-03-19,270001.0,Mataveri  Isla de Pascua Ap.,-27.15889,-109.4325,1014.1708333333332
2011-03-19,270008.0,"Desierto de Atacama, Caldera  Ad.",-27.25444,-70.78111,992.82
2011-03-19,290004.0,"La Florida, La Serena Ad.",-29.91444,-71.20667,998.8458333333333
2011-03-19,330007.0,"Rodelillo, Ad.",-33.06528,-71.55639,975.75
2011-03-19,330019.0,"Eulogio Sánchez, Tobalaba Ad.",-33.45528,-70.54861,939.65
2011-03-19,330020.0,"Quinta Normal, Santiago",-33.445,-70.68278,953.6625
2011-03-19,330021.0,Pudahuel Santiago ,-33.37833,-70.78778,958.5625
2011-03-19,330030.0,"Santo Domingo, Ad.",-33.65611,-71.61333,1007.0142857142857
2011-03-19,330031.0,"Juan Fernández, Estación Meteorológica.",-33.63583,-78.83305,1016.65
2011-03-19,340031.0,"General Freire, Curicó Ad.",-34.96944,-71.21694,986.775
2011-03-19,360019.0,"Carriel Sur, Concepción Ap.",-36.78055,-73.06639,1014.2583333333333
2011-03-19,370033.0,"María Dolores, Los Angeles Ad.",-37.39694,-72.42389,
2011-03-19,380013.0,"Maquehue, Temuco Ad.",-38.76778,-72.63194,1006.1375
2011-03-19,390006.0,"Pichoy, Valdivia Ad.",-39.65667,-73.08722,1015.7
2011-03-19,400009.0,"Cañal Bajo,  Osorno Ad.",-40.61444,-73.0575,1009.6636363636363
2011-03-19,410005.0,El Tepual  Puerto Montt Ap.,-41.4475,-73.09583,1006.8625000000001
2011-03-19,450004.0,"Teniente Vidal, Coyhaique Ad.",-45.59083,-72.10222,971.376923076923
2011-03-19,450005.0,Balmaceda Ad.,-45.91833,-71.67778,945.4200000000001
2011-03-19,520006.0,"Carlos Ibañez, Punta Arenas Ap.",-53.00167,-70.83861,989.7166666666667
2011-03-19,530005.0,"Fuentes Martínez, Porvenir Ad.",-53.25361,-70.32611,991.2
2011-03-19,550001.0,"Guardiamarina Zañartu, Pto Williams Ad.",-54.93167,-67.61556,989.2083333333334
2011-03-19,950001.0,"C.M.A. Eduardo Frei Montalva, Antártica ",-62.19194,-58.97972,989.625
2011-03-20,180005.0,"Chacalluta, Arica Ap.",-18.35555,-70.34028,1008.8583333333332
2011-03-20,200006.0,Diego Aracena Iquique Ap.,-20.54917,-70.18111,1008.3375
2011-03-20,220002.0,"El Loa, Calama Ad.",-22.49806,-68.8925,776.175
2011-03-20,270001.0,Mataveri  Isla de Pascua Ap.,-27.15889,-109.4325,1012.8125
2011-03-20,270008.0,"Desierto de Atacama, Caldera  Ad.",-27.25444,-70.78111,993.55
2011-03-20,290004.0,"La Florida, La Serena Ad.",-29.91444,-71.20667,999.3833333333333
2011-03-20,330007.0,"Rodelillo, Ad.",-33.06528,-71.55639,976.5
2011-03-20,330019.0,"Eulogio Sánchez, Tobalaba Ad.",-33.45528,-70.54861,940.45
2011-03-20,330020.0,"Quinta Normal, Santiago",-33.445,-70.68278,954.6625
2011-03-20,330021.0,Pudahuel Santiago ,-33.37833,-70.78778,959.1291666666666
2011-03-20,330030.0,"Santo Domingo, Ad.",-33.65611,-71.61333,1007.8714285714286
2011-03-20,330031.0,"Juan Fernández, Estación Meteorológica.",-33.63583,-78.83305,1014.775
2011-03-20,340031.0,"General Freire, Curicó Ad.",-34.96944,-71.21694,987.525
2011-03-20,360019.0,"Carriel Sur, Concepción Ap.",-36.78055,-73.06639,1014.9791666666666
2011-03-20,370033.0,"María Dolores, Los Angeles Ad.",-37.39694,-72.42389,
2011-03-20,380013.0,"Maquehue, Temuco Ad.",-38.76778,-72.63194,1005.225
2011-03-20,400009.0,"Cañal Bajo,  Osorno Ad.",-40.61444,-73.0575,1006.7818181818183
2011-03-20,410005.0,El Tepual  Puerto Montt Ap.,-41.4475,-73.09583,1002.8541666666666
2011-03-20,450004.0,"Teniente Vidal, Coyhaique Ad.",-45.59083,-72.10222,969.5230769230768
2011-03-20,450005.0,Balmaceda Ad.,-45.91833,-71.67778,945.32
2011-03-20,520006.0,"Carlos Ibañez, Punta Arenas Ap.",-53.00167,-70.83861,992.0625
2011-03-20,550001.0,"Guardiamarina Zañartu, Pto Williams Ad.",-54.93167,-67.61556,994.45
2011-03-20,950001.0,"C.M.A. Eduardo Frei Montalva, Antártica ",-62.19194,-58.97972,987.9625
2011-03-21,180005.0,"Chacalluta, Arica Ap.",-18.35555,-70.34028,1009.1
2011-03-21,200006.0,Diego Aracena Iquique Ap.,-20.54917,-70.18111,1008.375
2011-03-21,220002.0,"El Loa, Calama Ad.",-22.49806,-68.8925,775.9
2011-03-21,270001.0,Mataveri  Isla de Pascua Ap.,-27.15889,-109.4325,1012.9875000000001
2011-03-21,270008.0,"Desierto de Atacama, Caldera  Ad.",-27.25444,-70.78111,993.68
2011-03-21,290004.0,"La Florida, La Serena Ad.",-29.91444,-71.20667,999.2624999999999
2011-03-21,330007.0,"Rodelillo, Ad.",-33.06528,-71.55639,976.25
2011-03-21,330019.0,"Eulogio Sánchez, Tobalaba Ad.",-33.45528,-70.54861,940.85
2011-03-21,330020.0,"Quinta Normal, Santiago",-33.445,-70.68278,954.8
2011-03-21,330021.0,Pudahuel Santiago ,-33.37833,-70.78778,959.8541666666666
2011-03-21,330030.0,"Santo Domingo, Ad.",-33.65611,-71.61333,1008.1
2011-03-21,330031.0,"Juan Fernández, Estación Meteorológica.",-33.63583,-78.83305,1013.675
2011-03-21,340031.0,"General Freire, Curicó Ad.",-34.96944,-71.21694,989.0
2011-03-21,360019.0,"Carriel Sur, Concepción Ap.",-36.78055,-73.06639,1015.7416666666667
2011-03-21,370033.0,"María Dolores, Los Angeles Ad.",-37.39694,-72.42389,1001.7
2011-03-21,380013.0,"Maquehue, Temuco Ad.",-38.76778,-72.63194,1003.0875
2011-03-21,400009.0,"Cañal Bajo,  Osorno Ad.",-40.61444,-73.0575,1004.5
2011-03-21,410005.0,El Tepual  Puerto Montt Ap.,-41.4475,-73.09583,1000.8291666666668
2011-03-21,430001.0,Quellón Ad.,-43.13361,-73.63278,1005.3000000000001
2011-03-21,430002.0,Futaleufú Ad.,-43.18889,-71.85222,966.0333333333333
2011-03-21,450001.0,Puerto Aysén Ad.,-45.39944,-72.67722,1002.9
2011-03-21,450004.0,"Teniente Vidal, Coyhaique Ad.",-45.59083,-72.10222,965.5461538461539
2011-03-21,450005.0,Balmaceda Ad.,-45.91833,-71.67778,940.86
2011-03-21,510005.0,"Teniente Gallardo, Puerto Natales Ad.",-51.66722,-72.52889,984.5333333333333
2011-03-21,520006.0,"Carlos Ibañez, Punta Arenas Ap.",-53.00167,-70.83861,982.6750000000001
2011-03-21,530005.0,"Fuentes Martínez, Porvenir Ad.",-53.25361,-70.32611,985.95
2011-03-21,550001.0,"Guardiamarina Zañartu, Pto Williams Ad.",-54.93167,-67.61556,984.2181818181817
2011-03-21,950001.0,"C.M.A. Eduardo Frei Montalva, Antártica ",-62.19194,-58.97972,989.525
2011-03-22,180005.0,"Chacalluta, Arica Ap.",-18.35555,-70.34028,1008.0260869565217
2011-03-22,200006.0,Diego Aracena Iquique Ap.,-20.54917,-70.18111,1007.55
2011-03-22,220002.0,"El Loa, Calama Ad.",-22.49806,-68.8925,775.04
2011-03-22,270001.0,Mataveri  Isla de Pascua Ap.,-27.15889,-109.4325,1013.1166666666667
2011-03-22,270008.0,"Desierto de Atacama, Caldera  Ad.",-27.25444,-70.78111,992.525
2011-03-22,290004.0,"La Florida, La Serena Ad.",-29.91444,-71.20667,997.8708333333334
2011-03-22,330007.0,"Rodelillo, Ad.",-33.06528,-71.55639,975.0
2011-03-22,330019.0,"Eulogio Sánchez, Tobalaba Ad.",-33.45528,-70.54861,940.2
2011-03-22,330020.0,"Quinta Normal, Santiago",-33.445,-70.68278,954.6625
2011-03-22,330021.0,Pudahuel Santiago ,-33.37833,-70.78778,959.6541666666667
2011-03-22,330030.0,"Santo Domingo, Ad.",-33.65611,-71.61333,1006.7714285714285
2011-03-22,330031.0,"Juan Fernández, Estación Meteorológica.",-33.63583,-78.83305,1016.5
2011-03-22,340031.0,"General Freire, Curicó Ad.",-34.96944,-71.21694,988.05
2011-03-22,360019.0,"Carriel Sur, Concepción Ap.",-36.78055,-73.06639,1016.7708333333334
2011-03-22,370033.0,"María Dolores, Los Angeles Ad.",-37.39694,-72.42389,1004.1500000000001
2011-03-22,380013.0,"Maquehue, Temuco Ad.",-38.76778,-72.63194,1006.5625
2011-03-22,400009.0,"Cañal Bajo,  Osorno Ad.",-40.61444,-73.0575,1012.0454545454545
2011-03-22,410005.0,El Tepual  Puerto Montt Ap.,-41.4475,-73.09583,1005.9083333333333
2011-03-22,430001.0,Quellón Ad.,-43.13361,-73.63278,1016.3333333333334
2011-03-22,450001.0,Puerto Aysén Ad.,-45.39944,-72.67722,1012.8666666666667
2011-03-22,450004.0,"Teniente Vidal, Coyhaique Ad.",-45.59083,-72.10222,974.3
2011-03-22,450005.0,Balmaceda Ad.,-45.91833,-71.67778,946.8399999999999
2011-03-22,510005.0,"Teniente Gallardo, Puerto Natales Ad.",-51.66722,-72.52889,990.6333333333333
2011-03-22,520006.0,"Carlos Ibañez, Punta Arenas Ap.",-53.00167,-70.83861,989.9541666666668
2011-03-22,530005.0,"Fuentes Martínez, Porvenir Ad.",-53.25361,-70.32611,992.475
2011-03-22,550001.0,"Guardiamarina Zañartu, Pto Williams Ad.",-54.93167,-67.61556,990.2545454545453
2011-03-22,950001.0,"C.M.A. Eduardo Frei Montalva, Antártica ",-62.19194,-58.97972,981.7375
2011-03-23,180005.0,"Chacalluta, Arica Ap.",-18.35555,-70.34028,1008.0291666666667
2011-03-23,200006.0,Diego Aracena Iquique Ap.,-20.54917,-70.18111,1007.35
2011-03-23,220002.0,"El Loa, Calama Ad.",-22.49806,-68.8925,774.8
2011-03-23,270001.0,Mataveri  Isla de Pascua Ap.,-27.15889,-109.4325,1013.9166666666666
2011-03-23,270008.0,"Desierto de Atacama, Caldera  Ad.",-27.25444,-70.78111,992.36
2011-03-23,290004.0,"La Florida, La Serena Ad.",-29.91444,-71.20667,997.8125
2011-03-23,330007.0,"Rodelillo, Ad.",-33.06528,-71.55639,975.75
2011-03-23,330019.0,"Eulogio Sánchez, Tobalaba Ad.",-33.45528,-70.54861,940.75
2011-03-23,330020.0,"Quinta Normal, Santiago",-33.445,-70.68278,955.0875
2011-03-23,330021.0,Pudahuel Santiago ,-33.37833,-70.78778,960.0583333333334
2011-03-23,330030.0,"Santo Domingo, Ad.",-33.65611,-71.61333,1007.3000000000001
2011-03-23,330031.0,"Juan Fernández, Estación Meteorológica.",-33.63583,-78.83305,1019.75
2011-03-23,340031.0,"General Freire, Curicó Ad.",-34.96944,-71.21694,989.7
2011-03-23,360019.0,"Carriel Sur, Concepción Ap.",-36.78055,-73.06639,1019.0
2011-03-23,370033.0,"María Dolores, Los Angeles Ad.",-37.39694,-72.42389,1006.3499999999999
2011-03-23,380013.0,"Maquehue, Temuco Ad.",-38.76778,-72.63194,1011.0375
2011-03-23,400009.0,"Cañal Bajo,  Osorno Ad.",-40.61444,-73.0575,1015.7090909090908
2011-03-23,410005.0,El Tepual  Puerto Montt Ap.,-41.4475,-73.09583,1011.8291666666668
2011-03-23,430001.0,Quellón Ad.,-43.13361,-73.63278,1018.1
2011-03-23,430002.0,Futaleufú Ad.,-43.18889,-71.85222,976.7666666666668
2011-03-23,450001.0,Puerto Aysén Ad.,-45.39944,-72.67722,1015.4666666666667
2011-03-23,450004.0,"Teniente Vidal, Coyhaique Ad.",-45.59083,-72.10222,977.7538461538461
2011-03-23,450005.0,Balmaceda Ad.,-45.91833,-71.67778,950.6
2011-03-23,510005.0,"Teniente Gallardo, Puerto Natales Ad.",-51.66722,-72.52889,993.7333333333332
2011-03-23,520006.0,"Carlos Ibañez, Punta Arenas Ap.",-53.00167,-70.83861,992.7375000000001
2011-03-23,530005.0,"Fuentes Martínez, Porvenir Ad.",-53.25361,-70.32611,994.75
2011-03-23,550001.0,"Guardiamarina Zañartu, Pto Williams Ad.",-54.93167,-67.61556,992.8909090909091
2011-03-23,950001.0,"C.M.A. Eduardo Frei Montalva, Antártica ",-62.19194,-58.97972,992.2
2011-03-24,180005.0,"Chacalluta, Arica Ap.",-18.35555,-70.34028,1007.9
2011-03-24,200006.0,Diego Aracena Iquique Ap.,-20.54917,-70.18111,1007.275
2011-03-24,220002.0,"El Loa, Calama Ad.",-22.49806,-68.8925,774.76
2011-03-24,270001.0,Mataveri  Isla de Pascua Ap.,-27.15889,-109.4325,1017.0
2011-03-24,270008.0,"Desierto de Atacama, Caldera  Ad.",-27.25444,-70.78111,992.5600000000001
2011-03-24,290004.0,"La Florida, La Serena Ad.",-29.91444,-71.20667,996.8916666666668
2011-03-24,330007.0,"Rodelillo, Ad.",-33.06528,-71.55639,973.25
2011-03-24,330019.0,"Eulogio Sánchez, Tobalaba Ad.",-33.45528,-70.54861,937.325
2011-03-24,330020.0,"Quinta Normal, Santiago",-33.445,-70.68278,951.95
2011-03-24,330021.0,Pudahuel Santiago ,-33.37833,-70.78778,957.0124999999999
2011-03-24,330030.0,"Santo Domingo, Ad.",-33.65611,-71.61333,1005.0142857142857
2011-03-24,330031.0,"Juan Fernández, Estación Meteorológica.",-33.63583,-78.83305,1016.925
2011-03-24,340031.0,"General Freire, Curicó Ad.",-34.96944,-71.21694,984.7
2011-03-24,360019.0,"Carriel Sur, Concepción Ap.",-36.78055,-73.06639,1013.5666666666666
2011-03-24,370033.0,"María Dolores, Los Angeles Ad.",-37.39694,-72.42389,999.35
2011-03-24,380013.0,"Maquehue, Temuco Ad.",-38.76778,-72.63194,1006.25
2011-03-24,400009.0,"Cañal Bajo,  Osorno Ad.",-40.61444,-73.0575,1009.4636363636364
2011-03-24,410005.0,El Tepual  Puerto Montt Ap.,-41.4475,-73.09583,1008.1458333333334
2011-03-24,430001.0,Quellón Ad.,-43.13361,-73.63278,1014.1666666666666
2011-03-24,430002.0,Futaleufú Ad.,-43.18889,-71.85222,974.7666666666668
2011-03-24,450001.0,Puerto Aysén Ad.,-45.39944,-72.67722,1010.3666666666667
2011-03-24,450004.0,"Teniente Vidal, Coyhaique Ad.",-45.59083,-72.10222,971.7
2011-03-24,450005.0,Balmaceda Ad.,-45.91833,-71.67778,947.86
2011-03-24,510005.0,"Teniente Gallardo, Puerto Natales Ad.",-51.66722,-72.52889,982.4666666666667
2011-03-24,520006.0,"Carlos Ibañez, Punta Arenas Ap.",-53.00167,-70.83861,990.0416666666666
2011-03-24,530005.0,"Fuentes Martínez, Porvenir Ad.",-53.25361,-70.32611,987.4000000000001
2011-03-24,550001.0,"Guardiamarina Zañartu, Pto Williams Ad.",-54.93167,-67.61556,992.5454545454545
2011-03-24,950001.0,"C.M.A. Eduardo Frei Montalva, Antártica ",-62.19194,-58.97972,998.4
2011-03-25,180005.0,"Chacalluta, Arica Ap.",-18.35555,-70.34028,1008.4208333333332
2011-03-25,200006.0,Diego Aracena Iquique Ap.,-20.54917,-70.18111,1007.9375
2011-03-25,220002.0,"El Loa, Calama Ad.",-22.49806,-68.8925,775.8
2011-03-25,270001.0,Mataveri  Isla de Pascua Ap.,-27.15889,-109.4325,1018.8958333333334
2011-03-25,270008.0,"Desierto de Atacama, Caldera  Ad.",-27.25444,-70.78111,994.125
2011-03-25,290004.0,"La Florida, La Serena Ad.",-29.91444,-71.20667,999.6166666666667
2011-03-25,330007.0,"Rodelillo, Ad.",-33.06528,-71.55639,978.0
2011-03-25,330019.0,"Eulogio Sánchez, Tobalaba Ad.",-33.45528,-70.54861,941.7
2011-03-25,330020.0,"Quinta Normal, Santiago",-33.445,-70.68278,955.4375
2011-03-25,330021.0,Pudahuel Santiago ,-33.37833,-70.78778,960.5833333333334
2011-03-25,330030.0,"Santo Domingo, Ad.",-33.65611,-71.61333,1009.7714285714285
2011-03-25,330031.0,"Juan Fernández, Estación Meteorológica.",-33.63583,-78.83305,1016.325
2011-03-25,340031.0,"General Freire, Curicó Ad.",-34.96944,-71.21694,989.175
2011-03-25,360019.0,"Carriel Sur, Concepción Ap.",-36.78055,-73.06639,1015.5124999999999
2011-03-25,370033.0,"María Dolores, Los Angeles Ad.",-37.39694,-72.42389,1002.95
2011-03-25,380013.0,"Maquehue, Temuco Ad.",-38.76778,-72.63194,1004.625
2011-03-25,400009.0,"Cañal Bajo,  Osorno Ad.",-40.61444,-73.0575,1008.2545454545453
2011-03-25,410005.0,El Tepual  Puerto Montt Ap.,-41.4475,-73.09583,1003.4916666666667
2011-03-25,430001.0,Quellón Ad.,-43.13361,-73.63278,1011.3000000000001
2011-03-25,430002.0,Futaleufú Ad.,-43.18889,-71.85222,969.5
2011-03-25,450001.0,Puerto Aysén Ad.,-45.39944,-72.67722,1008.1666666666666
2011-03-25,450004.0,"Teniente Vidal, Coyhaique Ad.",-45.59083,-72.10222,970.1923076923077
2011-03-25,450005.0,Balmaceda Ad.,-45.91833,-71.67778,944.18
2011-03-25,510005.0,"Teniente Gallardo, Puerto Natales Ad.",-51.66722,-72.52889,986.7666666666668
2011-03-25,520006.0,"Carlos Ibañez, Punta Arenas Ap.",-53.00167,-70.83861,984.3874999999999
2011-03-25,530005.0,"Fuentes Martínez, Porvenir Ad.",-53.25361,-70.32611,988.95
2011-03-25,550001.0,"Guardiamarina Zañartu, Pto Williams Ad.",-54.93167,-67.61556,984.86
2011-03-25,950001.0,"C.M.A. Eduardo Frei Montalva, Antártica ",-62.19194,-58.97972,994.8125
2011-03-26,180005.0,"Chacalluta, Arica Ap.",-18.35555,-70.34028,1007.9333333333334
2011-03-26,200006.0,Diego Aracena Iquique Ap.,-20.54917,-70.18111,1007.6125
2011-03-26,220002.0,"El Loa, Calama Ad.",-22.49806,-68.8925,775.0600000000001
2011-03-26,270001.0,Mataveri  Isla de Pascua Ap.,-27.15889,-109.4325,1017.6142857142858
2011-03-26,270008.0,"Desierto de Atacama, Caldera  Ad.",-27.25444,-70.78111,992.26
2011-03-26,290004.0,"La Florida, La Serena Ad.",-29.91444,-71.20667,997.7833333333333
2011-03-26,330007.0,"Rodelillo, Ad.",-33.06528,-71.55639,975.75
2011-03-26,330019.0,"Eulogio Sánchez, Tobalaba Ad.",-33.45528,-70.54861,940.95
2011-03-26,330020.0,"Quinta Normal, Santiago",-33.445,-70.68278,956.225
2011-03-26,330021.0,Pudahuel Santiago ,-33.37833,-70.78778,961.1708333333332
2011-03-26,330030.0,"Santo Domingo, Ad.",-33.65611,-71.61333,1007.8714285714286
2011-03-26,330031.0,"Juan Fernández, Estación Meteorológica.",-33.63583,-78.83305,1020.125
2011-03-26,340031.0,"General Freire, Curicó Ad.",-34.96944,-71.21694,990.125
2011-03-26,360019.0,"Carriel Sur, Concepción Ap.",-36.78055,-73.06639,1020.6750000000001
2011-03-26,370033.0,"María Dolores, Los Angeles Ad.",-37.39694,-72.42389,
2011-03-26,380013.0,"Maquehue, Temuco Ad.",-38.76778,-72.63194,1010.8625
2011-03-26,400009.0,"Cañal Bajo,  Osorno Ad.",-40.61444,-73.0575,1014.2363636363636
2011-03-26,410005.0,El Tepual  Puerto Montt Ap.,-41.4475,-73.09583,1009.0875
2011-03-26,450004.0,"Teniente Vidal, Coyhaique Ad.",-45.59083,-72.10222,975.7461538461539
2011-03-26,450005.0,Balmaceda Ad.,-45.91833,-71.67778,948.8799999999999
2011-03-26,520006.0,"Carlos Ibañez, Punta Arenas Ap.",-53.00167,-70.83861,992.8916666666668
2011-03-26,530005.0,"Fuentes Martínez, Porvenir Ad.",-53.25361,-70.32611,993.9
2011-03-26,550001.0,"Guardiamarina Zañartu, Pto Williams Ad.",-54.93167,-67.61556,992.65
2011-03-26,950001.0,"C.M.A. Eduardo Frei Montalva, Antártica ",-62.19194,-58.97972,987.0
2011-03-27,180005.0,"Chacalluta, Arica Ap.",-18.35555,-70.34028,1007.2375000000001
2011-03-27,200006.0,Diego Aracena Iquique Ap.,-20.54917,-70.18111,1006.5
2011-03-27,220002.0,"El Loa, Calama Ad.",-22.49806,-68.8925,774.775
2011-03-27,270001.0,Mataveri  Isla de Pascua Ap.,-27.15889,-109.4325,1015.9875000000001
2011-03-27,270008.0,"Desierto de Atacama, Caldera  Ad.",-27.25444,-70.78111,991.7
2011-03-27,290004.0,"La Florida, La Serena Ad.",-29.91444,-71.20667,996.9708333333333
2011-03-27,330007.0,"Rodelillo, Ad.",-33.06528,-71.55639,974.5
2011-03-27,330019.0,"Eulogio Sánchez, Tobalaba Ad.",-33.45528,-70.54861,939.85
2011-03-27,330020.0,"Quinta Normal, Santiago",-33.445,-70.68278,953.925
2011-03-27,330021.0,Pudahuel Santiago ,-33.37833,-70.78778,958.9791666666666
2011-03-27,330030.0,"Santo Domingo, Ad.",-33.65611,-71.61333,1006.907142857143
2011-03-27,330031.0,"Juan Fernández, Estación Meteorológica.",-33.63583,-78.83305,1018.6500000000001
2011-03-27,340031.0,"General Freire, Curicó Ad.",-34.96944,-71.21694,989.275
2011-03-27,360019.0,"Carriel Sur, Concepción Ap.",-36.78055,-73.06639,1017.6416666666668
2011-03-27,370033.0,"María Dolores, Los Angeles Ad.",-37.39694,-72.42389,
2011-03-27,380013.0,"Maquehue, Temuco Ad.",-38.76778,-72.63194,1008.7875
2011-03-27,400009.0,"Cañal Bajo,  Osorno Ad.",-40.61444,-73.0575,1013.8454545454545
2011-03-27,410005.0,El Tepual  Puerto Montt Ap.,-41.4475,-73.09583,1010.0541666666667
2011-03-27,450004.0,"Teniente Vidal, Coyhaique Ad.",-45.59083,-72.10222,978.3
2011-03-27,450005.0,Balmaceda Ad.,-45.91833,-71.67778,950.4399999999999
2011-03-27,520006.0,"Carlos Ibañez, Punta Arenas Ap.",-53.00167,-70.83861,994.408695652174
2011-03-27,550001.0,"Guardiamarina Zañartu, Pto Williams Ad.",-54.93167,-67.61556,994.95
2011-03-27,950001.0,"C.M.A. Eduardo Frei Montalva, Antártica ",-62.19194,-58.97972,991.9125
2011-03-28,180005.0,"Chacalluta, Arica Ap.",-18.35555,-70.34028,1007.3708333333334
2011-03-28,200006.0,Diego Aracena Iquique Ap.,-20.54917,-70.18111,1006.8125
2011-03-28,220002.0,"El Loa, Calama Ad.",-22.49806,-68.8925,775.64
2011-03-28,270001.0,Mataveri  Isla de Pascua Ap.,-27.15889,-109.4325,1014.8166666666666
2011-03-28,270008.0,"Desierto de Atacama, Caldera  Ad.",-27.25444,-70.78111,992.1
2011-03-28,290004.0,"La Florida, La Serena Ad.",-29.91444,-71.20667,997.3541666666666
2011-03-28,330007.0,"Rodelillo, Ad.",-33.06528,-71.55639,974.25
2011-03-28,330019.0,"Eulogio Sánchez, Tobalaba Ad.",-33.45528,-70.54861,939.425
2011-03-28,330020.0,"Quinta Normal, Santiago",-33.445,-70.68278,954.125
2011-03-28,330021.0,Pudahuel Santiago ,-33.37833,-70.78778,959.1166666666667
2011-03-28,330030.0,"Santo Domingo, Ad.",-33.65611,-71.61333,1006.1999999999999
2011-03-28,330031.0,"Juan Fernández, Estación Meteorológica.",-33.63583,-78.83305,1018.175
2011-03-28,340031.0,"General Freire, Curicó Ad.",-34.96944,-71.21694,987.325
2011-03-28,360019.0,"Carriel Sur, Concepción Ap.",-36.78055,-73.06639,1016.1458333333334
2011-03-28,370033.0,"María Dolores, Los Angeles Ad.",-37.39694,-72.42389,1002.7
2011-03-28,380013.0,"Maquehue, Temuco Ad.",-38.76778,-72.63194,1008.725
2011-03-28,400009.0,"Cañal Bajo,  Osorno Ad.",-40.61444,-73.0575,1014.0461538461539
2011-03-28,410005.0,El Tepual  Puerto Montt Ap.,-41.4475,-73.09583,1011.5458333333332
2011-03-28,430001.0,Quellón Ad.,-43.13361,-73.63278,1019.3000000000001
2011-03-28,430002.0,Futaleufú Ad.,-43.18889,-71.85222,978.4
2011-03-28,450001.0,Puerto Aysén Ad.,-45.39944,-72.67722,1014.3000000000001
2011-03-28,450004.0,"Teniente Vidal, Coyhaique Ad.",-45.59083,-72.10222,974.9230769230769
2011-03-28,450005.0,Balmaceda Ad.,-45.91833,-71.67778,949.8799999999999
2011-03-28,510005.0,"Teniente Gallardo, Puerto Natales Ad.",-51.66722,-72.52889,989.2666666666668
2011-03-28,520006.0,"Carlos Ibañez, Punta Arenas Ap.",-53.00167,-70.83861,991.9625
2011-03-28,530005.0,"Fuentes Martínez, Porvenir Ad.",-53.25361,-70.32611,992.2
2011-03-28,550001.0,"Guardiamarina Zañartu, Pto Williams Ad.",-54.93167,-67.61556,991.2545454545453
2011-03-28,950001.0,"C.M.A. Eduardo Frei Montalva, Antártica ",-62.19194,-58.97972,992.275
2011-03-29,180005.0,"Chacalluta, Arica Ap.",-18.35555,-70.34028,1008.6166666666667
2011-03-29,200006.0,Diego Aracena Iquique Ap.,-20.54917,-70.18111,1007.9875
2011-03-29,220002.0,"El Loa, Calama Ad.",-22.49806,-68.8925,776.74
2011-03-29,270001.0,Mataveri  Isla de Pascua Ap.,-27.15889,-109.4325,1014.2583333333333
2011-03-29,270008.0,"Desierto de Atacama, Caldera  Ad.",-27.25444,-70.78111,993.74
2011-03-29,290004.0,"La Florida, La Serena Ad.",-29.91444,-71.20667,998.5333333333333
2011-03-29,330007.0,"Rodelillo, Ad.",-33.06528,-71.55639,976.0
2011-03-29,330019.0,"Eulogio Sánchez, Tobalaba Ad.",-33.45528,-70.54861,940.825
2011-03-29,330020.0,"Quinta Normal, Santiago",-33.445,-70.68278,954.4
2011-03-29,330021.0,Pudahuel Santiago ,-33.37833,-70.78778,959.4875000000001
2011-03-29,330030.0,"Santo Domingo, Ad.",-33.65611,-71.61333,1007.6285714285714
2011-03-29,330031.0,"Juan Fernández, Estación Meteorológica.",-33.63583,-78.83305,1017.775
2011-03-29,340031.0,"General Freire, Curicó Ad.",-34.96944,-71.21694,988.575
2011-03-29,360019.0,"Carriel Sur, Concepción Ap.",-36.78055,-73.06639,1016.1166666666667
2011-03-29,370033.0,"María Dolores, Los Angeles Ad.",-37.39694,-72.42389,1003.45
2011-03-29,380013.0,"Maquehue, Temuco Ad.",-38.76778,-72.63194,1007.55
2011-03-29,400009.0,"Cañal Bajo,  Osorno Ad.",-40.61444,-73.0575,1011.5545454545455
2011-03-29,410005.0,El Tepual  Puerto Montt Ap.,-41.4475,-73.09583,1007.3916666666668
2011-03-29,430001.0,Quellón Ad.,-43.13361,-73.63278,1014.4
2011-03-29,430002.0,Futaleufú Ad.,-43.18889,-71.85222,971.7666666666668
2011-03-29,450001.0,Puerto Aysén Ad.,-45.39944,-72.67722,1011.0333333333333
2011-03-29,450004.0,"Teniente Vidal, Coyhaique Ad.",-45.59083,-72.10222,973.3692307692307
2011-03-29,450005.0,Balmaceda Ad.,-45.91833,-71.67778,946.5200000000001
2011-03-29,510005.0,"Teniente Gallardo, Puerto Natales Ad.",-51.66722,-72.52889,986.4666666666667
2011-03-29,520006.0,"Carlos Ibañez, Punta Arenas Ap.",-53.00167,-70.83861,987.6999999999999
2011-03-29,530005.0,"Fuentes Martínez, Porvenir Ad.",-53.25361,-70.32611,987.4
2011-03-29,550001.0,"Guardiamarina Zañartu, Pto Williams Ad.",-54.93167,-67.61556,987.0692307692308
2011-03-29,950001.0,"C.M.A. Eduardo Frei Montalva, Antártica ",-62.19194,-58.97972,988.2375
2011-03-30,180005.0,"Chacalluta, Arica Ap.",-18.35555,-70.34028,1009.3791666666666
2011-03-30,200006.0,Diego Aracena Iquique Ap.,-20.54917,-70.18111,1008.8
2011-03-30,220002.0,"El Loa, Calama Ad.",-22.49806,-68.8925,777.1
2011-03-30,270001.0,Mataveri  Isla de Pascua Ap.,-27.15889,-109.4325,1013.6125000000001
2011-03-30,270008.0,"Desierto de Atacama, Caldera  Ad.",-27.25444,-70.78111,994.4399999999999
2011-03-30,290004.0,"La Florida, La Serena Ad.",-29.91444,-71.20667,999.3083333333334
2011-03-30,330007.0,"Rodelillo, Ad.",-33.06528,-71.55639,975.5
2011-03-30,330019.0,"Eulogio Sánchez, Tobalaba Ad.",-33.45528,-70.54861,940.825
2011-03-30,330020.0,"Quinta Normal, Santiago",-33.445,-70.68278,955.05
2011-03-30,330021.0,Pudahuel Santiago ,-33.37833,-70.78778,960.0875
2011-03-30,330030.0,"Santo Domingo, Ad.",-33.65611,-71.61333,1007.3714285714286
2011-03-30,330031.0,"Juan Fernández, Estación Meteorológica.",-33.63583,-78.83305,1017.75
2011-03-30,340031.0,"General Freire, Curicó Ad.",-34.96944,-71.21694,988.7
2011-03-30,360019.0,"Carriel Sur, Concepción Ap.",-36.78055,-73.06639,1017.5749999999999
2011-03-30,370033.0,"María Dolores, Los Angeles Ad.",-37.39694,-72.42389,1004.75
2011-03-30,380013.0,"Maquehue, Temuco Ad.",-38.76778,-72.63194,1007.575
2011-03-30,400009.0,"Cañal Bajo,  Osorno Ad.",-40.61444,-73.0575,1009.6181818181817
2011-03-30,410005.0,El Tepual  Puerto Montt Ap.,-41.4475,-73.09583,1005.2291666666666
2011-03-30,430001.0,Quellón Ad.,-43.13361,-73.63278,1010.0666666666666
2011-03-30,430002.0,Futaleufú Ad.,-43.18889,-71.85222,967.4666666666667
2011-03-30,450001.0,Puerto Aysén Ad.,-45.39944,-72.67722,1003.7333333333332
2011-03-30,450004.0,"Teniente Vidal, Coyhaique Ad.",-45.59083,-72.10222,968.1384615384615
2011-03-30,450005.0,Balmaceda Ad.,-45.91833,-71.67778,941.9200000000001
2011-03-30,510005.0,"Teniente Gallardo, Puerto Natales Ad.",-51.66722,-72.52889,977.8333333333334
2011-03-30,520006.0,"Carlos Ibañez, Punta Arenas Ap.",-53.00167,-70.83861,980.4499999999999
2011-03-30,530005.0,"Fuentes Martínez, Porvenir Ad.",-53.25361,-70.32611,977.5999999999999
2011-03-30,550001.0,"Guardiamarina Zañartu, Pto Williams Ad.",-54.93167,-67.61556,979.0666666666666
2011-03-30,950001.0,"C.M.A. Eduardo Frei Montalva, Antártica ",-62.19194,-58.97972,982.0375
2011-03-31,180005.0,"Chacalluta, Arica Ap.",-18.35555,-70.34028,1009.0416666666666
2011-03-31,200006.0,Diego Aracena Iquique Ap.,-20.54917,-70.18111,1008.4375
2011-03-31,220002.0,"El Loa, Calama Ad.",-22.49806,-68.8925,776.38
2011-03-31,270001.0,Mataveri  Isla de Pascua Ap.,-27.15889,-109.4325,1012.3958333333334
2011-03-31,270008.0,"Desierto de Atacama, Caldera  Ad.",-27.25444,-70.78111,993.9
2011-03-31,290004.0,"La Florida, La Serena Ad.",-29.91444,-71.20667,999.2958333333332
2011-03-31,330007.0,"Rodelillo, Ad.",-33.06528,-71.55639,975.5
2011-03-31,330019.0,"Eulogio Sánchez, Tobalaba Ad.",-33.45528,-70.54861,942.025
2011-03-31,330020.0,"Quinta Normal, Santiago",-33.445,-70.68278,955.5875
2011-03-31,330021.0,Pudahuel Santiago ,-33.37833,-70.78778,960.6666666666666
2011-03-31,330030.0,"Santo Domingo, Ad.",-33.65611,-71.61333,1008.2642857142857
2011-03-31,330031.0,"Juan Fernández, Estación Meteorológica.",-33.63583,-78.83305,1018.675
2011-03-31,340031.0,"General Freire, Curicó Ad.",-34.96944,-71.21694,990.25
2011-03-31,360019.0,"Carriel Sur, Concepción Ap.",-36.78055,-73.06639,1018.6958333333333
2011-03-31,370033.0,"María Dolores, Los Angeles Ad.",-37.39694,-72.42389,1005.7
2011-03-31,380013.0,"Maquehue, Temuco Ad.",-38.76778,-72.63194,1008.5
2011-03-31,400009.0,"Cañal Bajo,  Osorno Ad.",-40.61444,-73.0575,1013.7727272727273
2011-03-31,410005.0,El Tepual  Puerto Montt Ap.,-41.4475,-73.09583,1008.3791666666666
2011-03-31,430001.0,Quellón Ad.,-43.13361,-73.63278,1017.2333333333332
2011-03-31,430002.0,Futaleufú Ad.,-43.18889,-71.85222,974.6
2011-03-31,450001.0,Puerto Aysén Ad.,-45.39944,-72.67722,1013.8333333333334
2011-03-31,450004.0,"Teniente Vidal, Coyhaique Ad.",-45.59083,-72.10222,975.4307692307692
2011-03-31,450005.0,Balmaceda Ad.,-45.91833,-71.67778,947.9799999999999
2011-03-31,510005.0,"Teniente Gallardo, Puerto Natales Ad.",-51.66722,-72.52889,991.8000000000001
2011-03-31,520006.0,"Carlos Ibañez, Punta Arenas Ap.",-53.00167,-70.83861,986.7791666666667
2011-03-31,530005.0,"Fuentes Martínez, Porvenir Ad.",-53.25361,-70.32611,989.78
2011-03-31,550001.0,"Guardiamarina Zañartu, Pto Williams Ad.",-54.93167,-67.61556,981.3454545454545
2011-03-31,950001.0,"C.M.A. Eduardo Frei Montalva, Antártica ",-62.19194,-58.97972,981.625
2011-04-01,180005.0,"Chacalluta, Arica Ap.",-18.35555,-70.34028,1008.3791666666666
2011-04-01,200006.0,Diego Aracena Iquique Ap.,-20.54917,-70.18111,1007.7125
2011-04-01,220002.0,"El Loa, Calama Ad.",-22.49806,-68.8925,776.0625
2011-04-01,270001.0,Mataveri  Isla de Pascua Ap.,-27.15889,-109.4325,1012.8166666666666
2011-04-01,270008.0,"Desierto de Atacama, Caldera  Ad.",-27.25444,-70.78111,992.76
2011-04-01,290004.0,"La Florida, La Serena Ad.",-29.91444,-71.20667,997.4916666666667
2011-04-01,330007.0,"Rodelillo, Ad.",-33.06528,-71.55639,974.5
2011-04-01,330019.0,"Eulogio Sánchez, Tobalaba Ad.",-33.45528,-70.54861,948.5999999999999
2011-04-01,330020.0,"Quinta Normal, Santiago",-33.445,-70.68278,954.7875
2011-04-01,330021.0,Pudahuel Santiago ,-33.37833,-70.78778,959.7458333333334
2011-04-01,330030.0,"Santo Domingo, Ad.",-33.65611,-71.61333,1006.2857142857143
2011-04-01,330031.0,"Juan Fernández, Estación Meteorológica.",-33.63583,-78.83305,1020.25
2011-04-01,340031.0,"General Freire, Curicó Ad.",-34.96944,-71.21694,988.925
2011-04-01,360019.0,"Carriel Sur, Concepción Ap.",-36.78055,-73.06639,1018.7541666666666
2011-04-01,370033.0,"María Dolores, Los Angeles Ad.",-37.39694,-72.42389,1005.75
2011-04-01,380013.0,"Maquehue, Temuco Ad.",-38.76778,-72.63194,1011.9625
2011-04-01,400009.0,"Cañal Bajo,  Osorno Ad.",-40.61444,-73.0575,1017.5272727272727
2011-04-01,410005.0,El Tepual  Puerto Montt Ap.,-41.4475,-73.09583,1013.875
2011-04-01,430001.0,Quellón Ad.,-43.13361,-73.63278,1022.9666666666667
2011-04-01,430002.0,Futaleufú Ad.,-43.18889,-71.85222,981.3000000000001
2011-04-01,450001.0,Puerto Aysén Ad.,-45.39944,-72.67722,1020.0666666666666
2011-04-01,450004.0,"Teniente Vidal, Coyhaique Ad.",-45.59083,-72.10222,981.6923076923077
2011-04-01,450005.0,Balmaceda Ad.,-45.91833,-71.67778,954.86
2011-04-01,510005.0,"Teniente Gallardo, Puerto Natales Ad.",-51.66722,-72.52889,1004.0333333333333
2011-04-01,520006.0,"Carlos Ibañez, Punta Arenas Ap.",-53.00167,-70.83861,1002.7875
2011-04-01,530005.0,"Fuentes Martínez, Porvenir Ad.",-53.25361,-70.32611,1005.65
2011-04-01,550001.0,"Guardiamarina Zañartu, Pto Williams Ad.",-54.93167,-67.61556,1003.0363636363636
2011-04-01,950001.0,"C.M.A. Eduardo Frei Montalva, Antártica ",-62.19194,-58.97972,990.9375
2011-04-02,180005.0,"Chacalluta, Arica Ap.",-18.35555,-70.34028,1008.5041666666666
2011-04-02,200006.0,Diego Aracena Iquique Ap.,-20.54917,-70.18111,1008.1
2011-04-02,220002.0,"El Loa, Calama Ad.",-22.49806,-68.8925,775.7
2011-04-02,270001.0,Mataveri  Isla de Pascua Ap.,-27.15889,-109.4325,1013.8833333333333
2011-04-02,270008.0,"Desierto de Atacama, Caldera  Ad.",-27.25444,-70.78111,993.0600000000001
2011-04-02,290004.0,"La Florida, La Serena Ad.",-29.91444,-71.20667,998.5416666666666
2011-04-02,330007.0,"Rodelillo, Ad.",-33.06528,-71.55639,975.0
2011-04-02,330019.0,"Eulogio Sánchez, Tobalaba Ad.",-33.45528,-70.54861,939.175
2011-04-02,330020.0,"Quinta Normal, Santiago",-33.445,-70.68278,953.85
2011-04-02,330021.0,Pudahuel Santiago ,-33.37833,-70.78778,958.8083333333334
2011-04-02,330030.0,"Santo Domingo, Ad.",-33.65611,-71.61333,1006.5642857142857
2011-04-02,330031.0,"Juan Fernández, Estación Meteorológica.",-33.63583,-78.83305,1019.7
2011-04-02,340031.0,"General Freire, Curicó Ad.",-34.96944,-71.21694,987.275
2011-04-02,360019.0,"Carriel Sur, Concepción Ap.",-36.78055,-73.06639,1016.3666666666667
2011-04-02,370033.0,"María Dolores, Los Angeles Ad.",-37.39694,-72.42389,
2011-04-02,380013.0,"Maquehue, Temuco Ad.",-38.76778,-72.63194,1009.325
2011-04-02,400009.0,"Cañal Bajo,  Osorno Ad.",-40.61444,-73.0575,1013.3076923076923
2011-04-02,410005.0,El Tepual  Puerto Montt Ap.,-41.4475,-73.09583,1010.9333333333334
2011-04-02,450004.0,"Teniente Vidal, Coyhaique Ad.",-45.59083,-72.10222,973.1923076923077
2011-04-02,450005.0,Balmaceda Ad.,-45.91833,-71.67778,947.1
2011-04-02,520006.0,"Carlos Ibañez, Punta Arenas Ap.",-53.00167,-70.83861,992.5583333333334
2011-04-02,530005.0,"Fuentes Martínez, Porvenir Ad.",-53.25361,-70.32611,990.9666666666666
2011-04-02,550001.0,"Guardiamarina Zañartu, Pto Williams Ad.",-54.93167,-67.61556,991.5
2011-04-02,950001.0,"C.M.A. Eduardo Frei Montalva, Antártica ",-62.19194,-58.97972,993.1750000000001
2011-04-03,180005.0,"Chacalluta, Arica Ap.",-18.35555,-70.34028,1009.0916666666667
2011-04-03,200006.0,Diego Aracena Iquique Ap.,-20.54917,-70.18111,1008.6625
2011-04-03,220002.0,"El Loa, Calama Ad.",-22.49806,-68.8925,776.1
2011-04-03,270001.0,Mataveri  Isla de Pascua Ap.,-27.15889,-109.4325,1013.4
2011-04-03,270008.0,"Desierto de Atacama, Caldera  Ad.",-27.25444,-70.78111,994.25
2011-04-03,290004.0,"La Florida, La Serena Ad.",-29.91444,-71.20667,999.3083333333334
2011-04-03,330007.0,"Rodelillo, Ad.",-33.06528,-71.55639,975.0
2011-04-03,330019.0,"Eulogio Sánchez, Tobalaba Ad.",-33.45528,-70.54861,940.675
2011-04-03,330020.0,"Quinta Normal, Santiago",-33.445,-70.68278,954.4125
2011-04-03,330021.0,Pudahuel Santiago ,-33.37833,-70.78778,959.3874999999999
2011-04-03,330030.0,"Santo Domingo, Ad.",-33.65611,-71.61333,1007.4
2011-04-03,330031.0,"Juan Fernández, Estación Meteorológica.",-33.63583,-78.83305,1018.65
2011-04-03,340031.0,"General Freire, Curicó Ad.",-34.96944,-71.21694,988.6
2011-04-03,360019.0,"Carriel Sur, Concepción Ap.",-36.78055,-73.06639,1016.7791666666667
2011-04-03,370033.0,"María Dolores, Los Angeles Ad.",-37.39694,-72.42389,
2011-04-03,380013.0,"Maquehue, Temuco Ad.",-38.76778,-72.63194,1008.1
2011-04-03,400009.0,"Cañal Bajo,  Osorno Ad.",-40.61444,-73.0575,1014.3909090909091
2011-04-03,410005.0,El Tepual  Puerto Montt Ap.,-41.4475,-73.09583,1009.5958333333333
2011-04-03,450004.0,"Teniente Vidal, Coyhaique Ad.",-45.59083,-72.10222,978.0692307692308
2011-04-03,450005.0,Balmaceda Ad.,-45.91833,-71.67778,949.9
2011-04-03,510005.0,"Teniente Gallardo, Puerto Natales Ad.",-51.66722,-72.52889,991.0
2011-04-03,520006.0,"Carlos Ibañez, Punta Arenas Ap.",-53.00167,-70.83861,993.3625000000001
2011-04-03,550001.0,"Guardiamarina Zañartu, Pto Williams Ad.",-54.93167,-67.61556,987.1666666666666
2011-04-03,950001.0,"C.M.A. Eduardo Frei Montalva, Antártica ",-62.19194,-58.97972,992.5375
2011-04-04,180005.0,"Chacalluta, Arica Ap.",-18.35555,-70.34028,1007.9499999999999
2011-04-04,200006.0,Diego Aracena Iquique Ap.,-20.54917,-70.18111,1007.55
2011-04-04,220002.0,"El Loa, Calama Ad.",-22.49806,-68.8925,820.14
2011-04-04,270001.0,Mataveri  Isla de Pascua Ap.,-27.15889,-109.4325,1011.6833333333334
2011-04-04,270008.0,"Desierto de Atacama, Caldera  Ad.",-27.25444,-70.78111,992.74
2011-04-04,290004.0,"La Florida, La Serena Ad.",-29.91444,-71.20667,998.4166666666666
2011-04-04,330007.0,"Rodelillo, Ad.",-33.06528,-71.55639,967.0
2011-04-04,330019.0,"Eulogio Sánchez, Tobalaba Ad.",-33.45528,-70.54861,940.2249999999999
2011-04-04,330020.0,"Quinta Normal, Santiago",-33.445,-70.68278,954.525
2011-04-04,330021.0,Pudahuel Santiago ,-33.37833,-70.78778,959.4833333333332
2011-04-04,330030.0,"Santo Domingo, Ad.",-33.65611,-71.61333,1006.8928571428571
2011-04-04,330031.0,"Juan Fernández, Estación Meteorológica.",-33.63583,-78.83305,1018.45
2011-04-04,340031.0,"General Freire, Curicó Ad.",-34.96944,-71.21694,988.75
2011-04-04,360019.0,"Carriel Sur, Concepción Ap.",-36.78055,-73.06639,1017.9166666666666
2011-04-04,370033.0,"María Dolores, Los Angeles Ad.",-37.39694,-72.42389,1005.2
2011-04-04,380013.0,"Maquehue, Temuco Ad.",-38.76778,-72.63194,1009.7875
2011-04-04,400009.0,"Cañal Bajo,  Osorno Ad.",-40.61444,-73.0575,1013.6909090909091
2011-04-04,410005.0,El Tepual  Puerto Montt Ap.,-41.4475,-73.09583,1009.875
2011-04-04,430001.0,Quellón Ad.,-43.13361,-73.63278,1016.2333333333332
2011-04-04,430002.0,Futaleufú Ad.,-43.18889,-71.85222,975.7333333333332
2011-04-04,450001.0,Puerto Aysén Ad.,-45.39944,-72.67722,1014.4666666666667
2011-04-04,450004.0,"Teniente Vidal, Coyhaique Ad.",-45.59083,-72.10222,974.2230769230769
2011-04-04,450005.0,Balmaceda Ad.,-45.91833,-71.67778,948.36
2011-04-04,510005.0,"Teniente Gallardo, Puerto Natales Ad.",-51.66722,-72.52889,986.4
2011-04-04,520006.0,"Carlos Ibañez, Punta Arenas Ap.",-53.00167,-70.83861,991.0
2011-04-04,530005.0,"Fuentes Martínez, Porvenir Ad.",-53.25361,-70.32611,988.625
2011-04-04,550001.0,"Guardiamarina Zañartu, Pto Williams Ad.",-54.93167,-67.61556,989.0230769230768
2011-04-04,950001.0,"C.M.A. Eduardo Frei Montalva, Antártica ",-62.19194,-58.97972,990.475
2011-04-05,180005.0,"Chacalluta, Arica Ap.",-18.35555,-70.34028,1008.475
2011-04-05,200006.0,Diego Aracena Iquique Ap.,-20.54917,-70.18111,1007.875
2011-04-05,220002.0,"El Loa, Calama Ad.",-22.49806,-68.8925,776.08
2011-04-05,270001.0,Mataveri  Isla de Pascua Ap.,-27.15889,-109.4325,1011.6208333333334
2011-04-05,270008.0,"Desierto de Atacama, Caldera  Ad.",-27.25444,-70.78111,992.86
2011-04-05,290004.0,"La Florida, La Serena Ad.",-29.91444,-71.20667,997.8458333333333
2011-04-05,330007.0,"Rodelillo, Ad.",-33.06528,-71.55639,974.25
2011-04-05,330019.0,"Eulogio Sánchez, Tobalaba Ad.",-33.45528,-70.54861,937.95
2011-04-05,330020.0,"Quinta Normal, Santiago",-33.445,-70.68278,952.15
2011-04-05,330021.0,Pudahuel Santiago ,-33.37833,-70.78778,957.0625
2011-04-05,330030.0,"Santo Domingo, Ad.",-33.65611,-71.61333,1006.342857142857
2011-04-05,330031.0,"Juan Fernández, Estación Meteorológica.",-33.63583,-78.83305,1016.125
2011-04-05,340031.0,"General Freire, Curicó Ad.",-34.96944,-71.21694,984.375
2011-04-05,360019.0,"Carriel Sur, Concepción Ap.",-36.78055,-73.06639,1013.1416666666668
2011-04-05,370033.0,"María Dolores, Los Angeles Ad.",-37.39694,-72.42389,999.9000000000001
2011-04-05,380013.0,"Maquehue, Temuco Ad.",-38.76778,-72.63194,1007.425
2011-04-05,400009.0,"Cañal Bajo,  Osorno Ad.",-40.61444,-73.0575,1012.6909090909091
2011-04-05,410005.0,El Tepual  Puerto Montt Ap.,-41.4475,-73.09583,1010.1958333333333
2011-04-05,430001.0,Quellón Ad.,-43.13361,-73.63278,1019.8000000000001
2011-04-05,430002.0,Futaleufú Ad.,-43.18889,-71.85222,978.2333333333332
2011-04-05,450001.0,Puerto Aysén Ad.,-45.39944,-72.67722,1016.6666666666666
2011-04-05,450004.0,"Teniente Vidal, Coyhaique Ad.",-45.59083,-72.10222,977.9923076923077
2011-04-05,450005.0,Balmaceda Ad.,-45.91833,-71.67778,950.3
2011-04-05,510005.0,"Teniente Gallardo, Puerto Natales Ad.",-51.66722,-72.52889,993.9666666666667
2011-04-05,520006.0,"Carlos Ibañez, Punta Arenas Ap.",-53.00167,-70.83861,993.4833333333332
2011-04-05,530005.0,"Fuentes Martínez, Porvenir Ad.",-53.25361,-70.32611,997.2
2011-04-05,550001.0,"Guardiamarina Zañartu, Pto Williams Ad.",-54.93167,-67.61556,995.5785714285714
2011-04-05,950001.0,"C.M.A. Eduardo Frei Montalva, Antártica ",-62.19194,-58.97972,982.4125
2011-04-06,180005.0,"Chacalluta, Arica Ap.",-18.35555,-70.34028,1009.025
2011-04-06,200006.0,Diego Aracena Iquique Ap.,-20.54917,-70.18111,1008.075
2011-04-06,220002.0,"El Loa, Calama Ad.",-22.49806,-68.8925,776.86
2011-04-06,270001.0,Mataveri  Isla de Pascua Ap.,-27.15889,-109.4325,1011.7458333333334
2011-04-06,270008.0,"Desierto de Atacama, Caldera  Ad.",-27.25444,-70.78111,993.6
2011-04-06,290004.0,"La Florida, La Serena Ad.",-29.91444,-71.20667,999.225
2011-04-06,330007.0,"Rodelillo, Ad.",-33.06528,-71.55639,976.75
2011-04-06,330019.0,"Eulogio Sánchez, Tobalaba Ad.",-33.45528,-70.54861,940.575
2011-04-06,330020.0,"Quinta Normal, Santiago",-33.445,-70.68278,953.9
2011-04-06,330021.0,Pudahuel Santiago ,-33.37833,-70.78778,959.0958333333333
2011-04-06,330030.0,"Santo Domingo, Ad.",-33.65611,-71.61333,1008.1928571428572
2011-04-06,330031.0,"Juan Fernández, Estación Meteorológica.",-33.63583,-78.83305,1014.35
2011-04-06,340031.0,"General Freire, Curicó Ad.",-34.96944,-71.21694,988.525
2011-04-06,360019.0,"Carriel Sur, Concepción Ap.",-36.78055,-73.06639,1014.525
2011-04-06,370033.0,"María Dolores, Los Angeles Ad.",-37.39694,-72.42389,1002.0
2011-04-06,380013.0,"Maquehue, Temuco Ad.",-38.76778,-72.63194,1004.75
2011-04-06,400009.0,"Cañal Bajo,  Osorno Ad.",-40.61444,-73.0575,1010.6454545454545
2011-04-06,410005.0,El Tepual  Puerto Montt Ap.,-41.4475,-73.09583,1006.8583333333332
2011-04-06,430001.0,Quellón Ad.,-43.13361,-73.63278,1014.4333333333334
2011-04-06,430002.0,Futaleufú Ad.,-43.18889,-71.85222,972.6666666666666
2011-04-06,450001.0,Puerto Aysén Ad.,-45.39944,-72.67722,1009.3000000000001
2011-04-06,450004.0,"Teniente Vidal, Coyhaique Ad.",-45.59083,-72.10222,972.9076923076923
2011-04-06,450005.0,Balmaceda Ad.,-45.91833,-71.67778,946.4200000000001
2011-04-06,510005.0,"Teniente Gallardo, Puerto Natales Ad.",-51.66722,-72.52889,985.5
2011-04-06,520006.0,"Carlos Ibañez, Punta Arenas Ap.",-53.00167,-70.83861,986.2083333333334
2011-04-06,530005.0,"Fuentes Martínez, Porvenir Ad.",-53.25361,-70.32611,987.075
2011-04-06,550001.0,"Guardiamarina Zañartu, Pto Williams Ad.",-54.93167,-67.61556,981.1909090909091
2011-04-06,950001.0,"C.M.A. Eduardo Frei Montalva, Antártica ",-62.19194,-58.97972,984.2875
2011-04-07,180005.0,"Chacalluta, Arica Ap.",-18.35555,-70.34028,1010.2666666666668
2011-04-07,200006.0,Diego Aracena Iquique Ap.,-20.54917,-70.18111,1009.6
2011-04-07,220002.0,"El Loa, Calama Ad.",-22.49806,-68.8925,777.26
2011-04-07,270001.0,Mataveri  Isla de Pascua Ap.,-27.15889,-109.4325,1008.5375
2011-04-07,270008.0,"Desierto de Atacama, Caldera  Ad.",-27.25444,-70.78111,994.7
2011-04-07,290004.0,"La Florida, La Serena Ad.",-29.91444,-71.20667,1000.8625000000001
2011-04-07,330007.0,"Rodelillo, Ad.",-33.06528,-71.55639,978.5
2011-04-07,330019.0,"Eulogio Sánchez, Tobalaba Ad.",-33.45528,-70.54861,942.9
2011-04-07,330020.0,"Quinta Normal, Santiago",-33.445,-70.68278,956.7625
2011-04-07,330021.0,Pudahuel Santiago ,-33.37833,-70.78778,961.8291666666668
2011-04-07,330030.0,"Santo Domingo, Ad.",-33.65611,-71.61333,1010.592857142857
2011-04-07,330031.0,"Juan Fernández, Estación Meteorológica.",-33.63583,-78.83305,1018.475
2011-04-07,340031.0,"General Freire, Curicó Ad.",-34.96944,-71.21694,991.4
2011-04-07,360019.0,"Carriel Sur, Concepción Ap.",-36.78055,-73.06639,1018.4041666666667
2011-04-07,370033.0,"María Dolores, Los Angeles Ad.",-37.39694,-72.42389,1005.7
2011-04-07,380013.0,"Maquehue, Temuco Ad.",-38.76778,-72.63194,1010.1625
2011-04-07,400009.0,"Cañal Bajo,  Osorno Ad.",-40.61444,-73.0575,1016.5636363636364
2011-04-07,410005.0,El Tepual  Puerto Montt Ap.,-41.4475,-73.09583,1012.525
2011-04-07,430001.0,Quellón Ad.,-43.13361,-73.63278,1023.6
2011-04-07,430002.0,Futaleufú Ad.,-43.18889,-71.85222,981.5
2011-04-07,450001.0,Puerto Aysén Ad.,-45.39944,-72.67722,1022.5666666666666
2011-04-07,450004.0,"Teniente Vidal, Coyhaique Ad.",-45.59083,-72.10222,983.9769230769232
2011-04-07,450005.0,Balmaceda Ad.,-45.91833,-71.67778,956.9399999999999
2011-04-07,510005.0,"Teniente Gallardo, Puerto Natales Ad.",-51.66722,-72.52889,1005.7333333333332
2011-04-07,520006.0,"Carlos Ibañez, Punta Arenas Ap.",-53.00167,-70.83861,1003.9458333333333
2011-04-07,530005.0,"Fuentes Martínez, Porvenir Ad.",-53.25361,-70.32611,1007.0
2011-04-07,550001.0,"Guardiamarina Zañartu, Pto Williams Ad.",-54.93167,-67.61556,1002.3545454545455
2011-04-07,950001.0,"C.M.A. Eduardo Frei Montalva, Antártica ",-62.19194,-58.97972,981.15
2011-04-08,180005.0,"Chacalluta, Arica Ap.",-18.35555,-70.34028,1008.4666666666667
2011-04-08,200006.0,Diego Aracena Iquique Ap.,-20.54917,-70.18111,1007.8375
2011-04-08,220002.0,"El Loa, Calama Ad.",-22.49806,-68.8925,775.64
2011-04-08,270001.0,Mataveri  Isla de Pascua Ap.,-27.15889,-109.4325,1007.6166666666667
2011-04-08,270008.0,"Desierto de Atacama, Caldera  Ad.",-27.25444,-70.78111,992.6
2011-04-08,290004.0,"La Florida, La Serena Ad.",-29.91444,-71.20667,998.85
2011-04-08,330007.0,"Rodelillo, Ad.",-33.06528,-71.55639,975.25
2011-04-08,330019.0,"Eulogio Sánchez, Tobalaba Ad.",-33.45528,-70.54861,938.975
2011-04-08,330020.0,"Quinta Normal, Santiago",-33.445,-70.68278,953.9
2011-04-08,330021.0,Pudahuel Santiago ,-33.37833,-70.78778,958.6791666666667
2011-04-08,330030.0,"Santo Domingo, Ad.",-33.65611,-71.61333,1007.1071428571429
2011-04-08,330031.0,"Juan Fernández, Estación Meteorológica.",-33.63583,-78.83305,1015.575
2011-04-08,340031.0,"General Freire, Curicó Ad.",-34.96944,-71.21694,985.9499999999999
2011-04-08,360019.0,"Carriel Sur, Concepción Ap.",-36.78055,-73.06639,1013.7875
2011-04-08,370033.0,"María Dolores, Los Angeles Ad.",-37.39694,-72.42389,999.7
2011-04-08,380013.0,"Maquehue, Temuco Ad.",-38.76778,-72.63194,1006.4875
2011-04-08,400009.0,"Cañal Bajo,  Osorno Ad.",-40.61444,-73.0575,1013.625
2011-04-08,410005.0,El Tepual  Puerto Montt Ap.,-41.4475,-73.09583,1011.8625000000001
2011-04-08,430001.0,Quellón Ad.,-43.13361,-73.63278,1021.8333333333334
2011-04-08,430002.0,Futaleufú Ad.,-43.18889,-71.85222,983.4666666666667
2011-04-08,450004.0,"Teniente Vidal, Coyhaique Ad.",-45.59083,-72.10222,983.1461538461538
2011-04-08,450005.0,Balmaceda Ad.,-45.91833,-71.67778,957.9200000000001
2011-04-08,510005.0,"Teniente Gallardo, Puerto Natales Ad.",-51.66722,-72.52889,995.4
2011-04-08,520006.0,"Carlos Ibañez, Punta Arenas Ap.",-53.00167,-70.83861,997.4125
2011-04-08,530005.0,"Fuentes Martínez, Porvenir Ad.",-53.25361,-70.32611,997.4
2011-04-08,550001.0,"Guardiamarina Zañartu, Pto Williams Ad.",-54.93167,-67.61556,995.2909090909092
2011-04-08,950001.0,"C.M.A. Eduardo Frei Montalva, Antártica ",-62.19194,-58.97972,986.5375
2011-04-09,180005.0,"Chacalluta, Arica Ap.",-18.35555,-70.34028,1009.8291666666668
2011-04-09,200006.0,Diego Aracena Iquique Ap.,-20.54917,-70.18111,1008.85
2011-04-09,220002.0,"El Loa, Calama Ad.",-22.49806,-68.8925,777.1666666666666
2011-04-09,270001.0,Mataveri  Isla de Pascua Ap.,-27.15889,-109.4325,1009.1625
2011-04-09,270008.0,"Desierto de Atacama, Caldera  Ad.",-27.25444,-70.78111,994.68
2011-04-09,290004.0,"La Florida, La Serena Ad.",-29.91444,-71.20667,1000.0124999999999
2011-04-09,330007.0,"Rodelillo, Ad.",-33.06528,-71.55639,977.75
2011-04-09,330019.0,"Eulogio Sánchez, Tobalaba Ad.",-33.45528,-70.54861,941.35
2011-04-09,330020.0,"Quinta Normal, Santiago",-33.445,-70.68278,953.9375
2011-04-09,330021.0,Pudahuel Santiago ,-33.37833,-70.78778,959.1416666666668
2011-04-09,330030.0,"Santo Domingo, Ad.",-33.65611,-71.61333,1008.7785714285714
2011-04-09,330031.0,"Juan Fernández, Estación Meteorológica.",-33.63583,-78.83305,1010.975
2011-04-09,340031.0,"General Freire, Curicó Ad.",-34.96944,-71.21694,989.2
2011-04-09,360019.0,"Carriel Sur, Concepción Ap.",-36.78055,-73.06639,1012.975
2011-04-09,370033.0,"María Dolores, Los Angeles Ad.",-37.39694,-72.42389,
2011-04-09,380013.0,"Maquehue, Temuco Ad.",-38.76778,-72.63194,1000.5625
2011-04-09,400009.0,"Cañal Bajo,  Osorno Ad.",-40.61444,-73.0575,1006.1083333333332
2011-04-09,410005.0,El Tepual  Puerto Montt Ap.,-41.4475,-73.09583,1002.9375
2011-04-09,450004.0,"Teniente Vidal, Coyhaique Ad.",-45.59083,-72.10222,975.3153846153847
2011-04-09,450005.0,Balmaceda Ad.,-45.91833,-71.67778,951.7333333333332
2011-04-09,520006.0,"Carlos Ibañez, Punta Arenas Ap.",-53.00167,-70.83861,994.5833333333334
2011-04-09,530005.0,"Fuentes Martínez, Porvenir Ad.",-53.25361,-70.32611,996.2
2011-04-09,550001.0,"Guardiamarina Zañartu, Pto Williams Ad.",-54.93167,-67.61556,992.1916666666666
2011-04-09,950001.0,"C.M.A. Eduardo Frei Montalva, Antártica ",-62.19194,-58.97972,981.0625
2011-04-10,180005.0,"Chacalluta, Arica Ap.",-18.35555,-70.34028,1011.4458333333333
2011-04-10,200006.0,Diego Aracena Iquique Ap.,-20.54917,-70.18111,1010.7375
2011-04-10,220002.0,"El Loa, Calama Ad.",-22.49806,-68.8925,777.225
2011-04-10,270001.0,Mataveri  Isla de Pascua Ap.,-27.15889,-109.4325,1012.4875000000001
2011-04-10,270008.0,"Desierto de Atacama, Caldera  Ad.",-27.25444,-70.78111,995.9749999999999
2011-04-10,290004.0,"La Florida, La Serena Ad.",-29.91444,-71.20667,1001.8666666666667
2011-04-10,330007.0,"Rodelillo, Ad.",-33.06528,-71.55639,979.75
2011-04-10,330019.0,"Eulogio Sánchez, Tobalaba Ad.",-33.45528,-70.54861,944.375
2011-04-10,330020.0,"Quinta Normal, Santiago",-33.445,-70.68278,957.8375
2011-04-10,330021.0,Pudahuel Santiago ,-33.37833,-70.78778,963.0375
2011-04-10,330030.0,"Santo Domingo, Ad.",-33.65611,-71.61333,1011.1214285714286
2011-04-10,330031.0,"Juan Fernández, Estación Meteorológica.",-33.63583,-78.83305,1014.675
2011-04-10,340031.0,"General Freire, Curicó Ad.",-34.96944,-71.21694,991.9
2011-04-10,360019.0,"Carriel Sur, Concepción Ap.",-36.78055,-73.06639,1018.025
2011-04-10,370033.0,"María Dolores, Los Angeles Ad.",-37.39694,-72.42389,
2011-04-10,380013.0,"Maquehue, Temuco Ad.",-38.76778,-72.63194,1007.3375
2011-04-10,400009.0,"Cañal Bajo,  Osorno Ad.",-40.61444,-73.0575,1011.8181818181819
2011-04-10,410005.0,El Tepual  Puerto Montt Ap.,-41.4475,-73.09583,1007.4666666666667
2011-04-10,450004.0,"Teniente Vidal, Coyhaique Ad.",-45.59083,-72.10222,975.9769230769232
2011-04-10,450005.0,Balmaceda Ad.,-45.91833,-71.67778,950.22
2011-04-10,520006.0,"Carlos Ibañez, Punta Arenas Ap.",-53.00167,-70.83861,1002.2916666666666
2011-04-10,530005.0,"Fuentes Martínez, Porvenir Ad.",-53.25361,-70.32611,1001.7
2011-04-10,550001.0,"Guardiamarina Zañartu, Pto Williams Ad.",-54.93167,-67.61556,1000.4666666666667
2011-04-10,950001.0,"C.M.A. Eduardo Frei Montalva, Antártica ",-62.19194,-58.97972,981.9125
2011-04-11,180005.0,"Chacalluta, Arica Ap.",-18.35555,-70.34028,1010.0124999999999
2011-04-11,200006.0,Diego Aracena Iquique Ap.,-20.54917,-70.18111,1009.625
2011-04-11,220002.0,"El Loa, Calama Ad.",-22.49806,-68.8925,776.26
2011-04-11,270001.0,Mataveri  Isla de Pascua Ap.,-27.15889,-109.4325,1014.9875000000001
2011-04-11,270008.0,"Desierto de Atacama, Caldera  Ad.",-27.25444,-70.78111,994.32
2011-04-11,290004.0,"La Florida, La Serena Ad.",-29.91444,-71.20667,999.9625
2011-04-11,330007.0,"Rodelillo, Ad.",-33.06528,-71.55639,976.0
2011-04-11,330019.0,"Eulogio Sánchez, Tobalaba Ad.",-33.45528,-70.54861,940.3
2011-04-11,330020.0,"Quinta Normal, Santiago",-33.445,-70.68278,955.85
2011-04-11,330021.0,Pudahuel Santiago ,-33.37833,-70.78778,960.6041666666666
2011-04-11,330030.0,"Santo Domingo, Ad.",-33.65611,-71.61333,1008.157142857143
2011-04-11,330031.0,"Juan Fernández, Estación Meteorológica.",-33.63583,-78.83305,1014.9
2011-04-11,340031.0,"General Freire, Curicó Ad.",-34.96944,-71.21694,987.275
2011-04-11,360019.0,"Carriel Sur, Concepción Ap.",-36.78055,-73.06639,1016.3791666666666
2011-04-11,370033.0,"María Dolores, Los Angeles Ad.",-37.39694,-72.42389,1002.2
2011-04-11,380013.0,"Maquehue, Temuco Ad.",-38.76778,-72.63194,1006.625
2011-04-11,400009.0,"Cañal Bajo,  Osorno Ad.",-40.61444,-73.0575,1007.5727272727272
2011-04-11,410005.0,El Tepual  Puerto Montt Ap.,-41.4475,-73.09583,1005.775
2011-04-11,430001.0,Quellón Ad.,-43.13361,-73.63278,1014.2666666666668
2011-04-11,430002.0,Futaleufú Ad.,-43.18889,-71.85222,972.6
2011-04-11,450001.0,Puerto Aysén Ad.,-45.39944,-72.67722,1013.0333333333333
2011-04-11,450004.0,"Teniente Vidal, Coyhaique Ad.",-45.59083,-72.10222,974.0461538461539
2011-04-11,450005.0,Balmaceda Ad.,-45.91833,-71.67778,949.4200000000001
2011-04-11,510005.0,"Teniente Gallardo, Puerto Natales Ad.",-51.66722,-72.52889,1004.2333333333332
2011-04-11,520006.0,"Carlos Ibañez, Punta Arenas Ap.",-53.00167,-70.83861,1004.35
2011-04-11,530005.0,"Fuentes Martínez, Porvenir Ad.",-53.25361,-70.32611,1007.175
2011-04-11,550001.0,"Guardiamarina Zañartu, Pto Williams Ad.",-54.93167,-67.61556,1008.6083333333332
2011-04-11,950001.0,"C.M.A. Eduardo Frei Montalva, Antártica ",-62.19194,-58.97972,999.1625
2011-04-12,180005.0,"Chacalluta, Arica Ap.",-18.35555,-70.34028,1010.3583333333332
2011-04-12,200006.0,Diego Aracena Iquique Ap.,-20.54917,-70.18111,1009.7875
2011-04-12,220002.0,"El Loa, Calama Ad.",-22.49806,-68.8925,815.98
2011-04-12,270001.0,Mataveri  Isla de Pascua Ap.,-27.15889,-109.4325,1014.7416666666667
2011-04-12,270008.0,"Desierto de Atacama, Caldera  Ad.",-27.25444,-70.78111,994.5
2011-04-12,290004.0,"La Florida, La Serena Ad.",-29.91444,-71.20667,999.8291666666668
2011-04-12,330007.0,"Rodelillo, Ad.",-33.06528,-71.55639,976.25
2011-04-12,330019.0,"Eulogio Sánchez, Tobalaba Ad.",-33.45528,-70.54861,940.7
2011-04-12,330020.0,"Quinta Normal, Santiago",-33.445,-70.68278,954.5625
2011-04-12,330021.0,Pudahuel Santiago ,-33.37833,-70.78778,959.5958333333333
2011-04-12,330030.0,"Santo Domingo, Ad.",-33.65611,-71.61333,1007.5428571428572
2011-04-12,330031.0,"Juan Fernández, Estación Meteorológica.",-33.63583,-78.83305,1008.825
2011-04-12,340031.0,"General Freire, Curicó Ad.",-34.96944,-71.21694,987.325
2011-04-12,360019.0,"Carriel Sur, Concepción Ap.",-36.78055,-73.06639,1011.025
2011-04-12,370033.0,"María Dolores, Los Angeles Ad.",-37.39694,-72.42389,996.95
2011-04-12,380013.0,"Maquehue, Temuco Ad.",-38.76778,-72.63194,998.6375
2011-04-12,400009.0,"Cañal Bajo,  Osorno Ad.",-40.61444,-73.0575,996.5545454545455
2011-04-12,410005.0,El Tepual  Puerto Montt Ap.,-41.4475,-73.09583,995.8916666666668
2011-04-12,430001.0,Quellón Ad.,-43.13361,-73.63278,1002.7333333333332
2011-04-12,430002.0,Futaleufú Ad.,-43.18889,-71.85222,963.4
2011-04-12,450001.0,Puerto Aysén Ad.,-45.39944,-72.67722,1002.5666666666666
2011-04-12,450004.0,"Teniente Vidal, Coyhaique Ad.",-45.59083,-72.10222,964.623076923077
2011-04-12,450005.0,Balmaceda Ad.,-45.91833,-71.67778,941.36
2011-04-12,510005.0,"Teniente Gallardo, Puerto Natales Ad.",-51.66722,-72.52889,997.6
2011-04-12,520006.0,"Carlos Ibañez, Punta Arenas Ap.",-53.00167,-70.83861,1002.6041666666666
2011-04-12,530005.0,"Fuentes Martínez, Porvenir Ad.",-53.25361,-70.32611,1002.475
2011-04-12,550001.0,"Guardiamarina Zañartu, Pto Williams Ad.",-54.93167,-67.61556,1003.6692307692308
2011-04-12,950001.0,"C.M.A. Eduardo Frei Montalva, Antártica ",-62.19194,-58.97972,986.6375
2011-04-13,180005.0,"Chacalluta, Arica Ap.",-18.35555,-70.34028,1011.2833333333333
2011-04-13,200006.0,Diego Aracena Iquique Ap.,-20.54917,-70.18111,1010.575
2011-04-13,220002.0,"El Loa, Calama Ad.",-22.49806,-68.8925,777.46
2011-04-13,270001.0,Mataveri  Isla de Pascua Ap.,-27.15889,-109.4325,1014.9333333333334
2011-04-13,270008.0,"Desierto de Atacama, Caldera  Ad.",-27.25444,-70.78111,996.0200000000001
2011-04-13,290004.0,"La Florida, La Serena Ad.",-29.91444,-71.20667,1001.9625
2011-04-13,330007.0,"Rodelillo, Ad.",-33.06528,-71.55639,978.25
2011-04-13,330019.0,"Eulogio Sánchez, Tobalaba Ad.",-33.45528,-70.54861,942.35
2011-04-13,330020.0,"Quinta Normal, Santiago",-33.445,-70.68278,956.2125
2011-04-13,330021.0,Pudahuel Santiago ,-33.37833,-70.78778,961.3375
2011-04-13,330030.0,"Santo Domingo, Ad.",-33.65611,-71.61333,1008.8714285714286
2011-04-13,330031.0,"Juan Fernández, Estación Meteorológica.",-33.63583,-78.83305,1011.475
2011-04-13,340031.0,"General Freire, Curicó Ad.",-34.96944,-71.21694,988.65
2011-04-13,360019.0,"Carriel Sur, Concepción Ap.",-36.78055,-73.06639,1010.4833333333332
2011-04-13,370033.0,"María Dolores, Los Angeles Ad.",-37.39694,-72.42389,998.1
2011-04-13,380013.0,"Maquehue, Temuco Ad.",-38.76778,-72.63194,995.7625
2011-04-13,400009.0,"Cañal Bajo,  Osorno Ad.",-40.61444,-73.0575,996.376923076923
2011-04-13,410005.0,El Tepual  Puerto Montt Ap.,-41.4475,-73.09583,991.6208333333334
2011-04-13,430001.0,Quellón Ad.,-43.13361,-73.63278,998.6666666666666
2011-04-13,430002.0,Futaleufú Ad.,-43.18889,-71.85222,966.1
2011-04-13,450001.0,Puerto Aysén Ad.,-45.39944,-72.67722,995.6
2011-04-13,450004.0,"Teniente Vidal, Coyhaique Ad.",-45.59083,-72.10222,960.1307692307693
2011-04-13,450005.0,Balmaceda Ad.,-45.91833,-71.67778,934.7
2011-04-13,510005.0,"Teniente Gallardo, Puerto Natales Ad.",-51.66722,-72.52889,994.1333333333332
2011-04-13,520006.0,"Carlos Ibañez, Punta Arenas Ap.",-53.00167,-70.83861,996.1958333333333
2011-04-13,530005.0,"Fuentes Martínez, Porvenir Ad.",-53.25361,-70.32611,996.175
2011-04-13,550001.0,"Guardiamarina Zañartu, Pto Williams Ad.",-54.93167,-67.61556,997.4692307692308
2011-04-13,950001.0,"C.M.A. Eduardo Frei Montalva, Antártica ",-62.19194,-58.97972,982.5875
2011-04-14,180005.0,"Chacalluta, Arica Ap.",-18.35555,-70.34028,1010.8541666666666
2011-04-14,200006.0,Diego Aracena Iquique Ap.,-20.54917,-70.18111,1010.1875
2011-04-14,220002.0,"El Loa, Calama Ad.",-22.49806,-68.8925,776.88
2011-04-14,270001.0,Mataveri  Isla de Pascua Ap.,-27.15889,-109.4325,1015.3083333333334
2011-04-14,270008.0,"Desierto de Atacama, Caldera  Ad.",-27.25444,-70.78111,994.8799999999999
2011-04-14,290004.0,"La Florida, La Serena Ad.",-29.91444,-71.20667,1001.2291666666666
2011-04-14,330007.0,"Rodelillo, Ad.",-33.06528,-71.55639,978.5
2011-04-14,330019.0,"Eulogio Sánchez, Tobalaba Ad.",-33.45528,-70.54861,943.65
2011-04-14,330020.0,"Quinta Normal, Santiago",-33.445,-70.68278,958.3
2011-04-14,330021.0,Pudahuel Santiago ,-33.37833,-70.78778,963.4625
2011-04-14,330030.0,"Santo Domingo, Ad.",-33.65611,-71.61333,1011.3857142857142
2011-04-14,330031.0,"Juan Fernández, Estación Meteorológica.",-33.63583,-78.83305,1016.65
2011-04-14,340031.0,"General Freire, Curicó Ad.",-34.96944,-71.21694,992.55
2011-04-14,360019.0,"Carriel Sur, Concepción Ap.",-36.78055,-73.06639,1019.4458333333333
2011-04-14,370033.0,"María Dolores, Los Angeles Ad.",-37.39694,-72.42389,1006.9
2011-04-14,380013.0,"Maquehue, Temuco Ad.",-38.76778,-72.63194,1008.6875
2011-04-14,400009.0,"Cañal Bajo,  Osorno Ad.",-40.61444,-73.0575,1010.1636363636363
2011-04-14,410005.0,El Tepual  Puerto Montt Ap.,-41.4475,-73.09583,1008.1291666666666
2011-04-14,430001.0,Quellón Ad.,-43.13361,-73.63278,1017.7333333333332
2011-04-14,430002.0,Futaleufú Ad.,-43.18889,-71.85222,975.4333333333334
2011-04-14,450001.0,Puerto Aysén Ad.,-45.39944,-72.67722,1015.1333333333333
2011-04-14,450004.0,"Teniente Vidal, Coyhaique Ad.",-45.59083,-72.10222,976.9000000000001
2011-04-14,450005.0,Balmaceda Ad.,-45.91833,-71.67778,949.26
2011-04-14,510005.0,"Teniente Gallardo, Puerto Natales Ad.",-51.66722,-72.52889,1002.0333333333333
2011-04-14,520006.0,"Carlos Ibañez, Punta Arenas Ap.",-53.00167,-70.83861,1001.2875
2011-04-14,530005.0,"Fuentes Martínez, Porvenir Ad.",-53.25361,-70.32611,1003.1
2011-04-14,550001.0,"Guardiamarina Zañartu, Pto Williams Ad.",-54.93167,-67.61556,1000.6461538461538
2011-04-14,950001.0,"C.M.A. Eduardo Frei Montalva, Antártica ",-62.19194,-58.97972,982.1375
2011-04-15,180005.0,"Chacalluta, Arica Ap.",-18.35555,-70.34028,1009.6125000000001
2011-04-15,200006.0,Diego Aracena Iquique Ap.,-20.54917,-70.18111,1008.9
2011-04-15,220002.0,"El Loa, Calama Ad.",-22.49806,-68.8925,775.96
2011-04-15,270001.0,Mataveri  Isla de Pascua Ap.,-27.15889,-109.4325,1014.1916666666666
2011-04-15,270008.0,"Desierto de Atacama, Caldera  Ad.",-27.25444,-70.78111,993.54
2011-04-15,290004.0,"La Florida, La Serena Ad.",-29.91444,-71.20667,999.3833333333333
2011-04-15,330007.0,"Rodelillo, Ad.",-33.06528,-71.55639,977.75
2011-04-15,330019.0,"Eulogio Sánchez, Tobalaba Ad.",-33.45528,-70.54861,943.575
2011-04-15,330020.0,"Quinta Normal, Santiago",-33.445,-70.68278,958.3125
2011-04-15,330021.0,Pudahuel Santiago ,-33.37833,-70.78778,963.4041666666667
2011-04-15,330030.0,"Santo Domingo, Ad.",-33.65611,-71.61333,1010.3214285714286
2011-04-15,330031.0,"Juan Fernández, Estación Meteorológica.",-33.63583,-78.83305,1017.0
2011-04-15,340031.0,"General Freire, Curicó Ad.",-34.96944,-71.21694,992.925
2011-04-15,360019.0,"Carriel Sur, Concepción Ap.",-36.78055,-73.06639,1021.8583333333332
2011-04-15,370033.0,"María Dolores, Los Angeles Ad.",-37.39694,-72.42389,1009.0
2011-04-15,380013.0,"Maquehue, Temuco Ad.",-38.76778,-72.63194,1012.9375
2011-04-15,400009.0,"Cañal Bajo,  Osorno Ad.",-40.61444,-73.0575,1014.3666666666667
2011-04-15,410005.0,El Tepual  Puerto Montt Ap.,-41.4475,-73.09583,1013.2916666666666
2011-04-15,430001.0,Quellón Ad.,-43.13361,-73.63278,1022.4333333333334
2011-04-15,430002.0,Futaleufú Ad.,-43.18889,-71.85222,980.8333333333334
2011-04-15,450001.0,Puerto Aysén Ad.,-45.39944,-72.67722,1021.1666666666666
2011-04-15,450004.0,"Teniente Vidal, Coyhaique Ad.",-45.59083,-72.10222,982.0999999999999
2011-04-15,450005.0,Balmaceda Ad.,-45.91833,-71.67778,955.2142857142857
2011-04-15,510005.0,"Teniente Gallardo, Puerto Natales Ad.",-51.66722,-72.52889,1003.2666666666668
2011-04-15,520006.0,"Carlos Ibañez, Punta Arenas Ap.",-53.00167,-70.83861,1004.0166666666668
2011-04-15,530005.0,"Fuentes Martínez, Porvenir Ad.",-53.25361,-70.32611,1004.65
2011-04-15,550001.0,"Guardiamarina Zañartu, Pto Williams Ad.",-54.93167,-67.61556,1002.0538461538462
2011-04-15,950001.0,"C.M.A. Eduardo Frei Montalva, Antártica ",-62.19194,-58.97972,986.075
2011-04-16,180005.0,"Chacalluta, Arica Ap.",-18.35555,-70.34028,1008.6416666666668
2011-04-16,200006.0,Diego Aracena Iquique Ap.,-20.54917,-70.18111,1007.8375
2011-04-16,220002.0,"El Loa, Calama Ad.",-22.49806,-68.8925,775.38
2011-04-16,270001.0,Mataveri  Isla de Pascua Ap.,-27.15889,-109.4325,1014.5416666666666
2011-04-16,270008.0,"Desierto de Atacama, Caldera  Ad.",-27.25444,-70.78111,992.26
2011-04-16,290004.0,"La Florida, La Serena Ad.",-29.91444,-71.20667,997.0235294117648
2011-04-16,330007.0,"Rodelillo, Ad.",-33.06528,-71.55639,976.25
2011-04-16,330019.0,"Eulogio Sánchez, Tobalaba Ad.",-33.45528,-70.54861,941.475
2011-04-16,330020.0,"Quinta Normal, Santiago",-33.445,-70.68278,956.325
2011-04-16,330021.0,Pudahuel Santiago ,-33.37833,-70.78778,961.4
2011-04-16,330030.0,"Santo Domingo, Ad.",-33.65611,-71.61333,1008.8857142857142
2011-04-16,330031.0,"Juan Fernández, Estación Meteorológica.",-33.63583,-78.83305,1018.0
2011-04-16,340031.0,"General Freire, Curicó Ad.",-34.96944,-71.21694,991.125
2011-04-16,360019.0,"Carriel Sur, Concepción Ap.",-36.78055,-73.06639,1020.0833333333334
2011-04-16,370033.0,"María Dolores, Los Angeles Ad.",-37.39694,-72.42389,
2011-04-16,380013.0,"Maquehue, Temuco Ad.",-38.76778,-72.63194,1010.35
2011-04-16,400009.0,"Cañal Bajo,  Osorno Ad.",-40.61444,-73.0575,1008.0363636363636
2011-04-16,410005.0,El Tepual  Puerto Montt Ap.,-41.4475,-73.09583,1009.2458333333334
2011-04-16,450004.0,"Teniente Vidal, Coyhaique Ad.",-45.59083,-72.10222,974.7538461538461
2011-04-16,450005.0,Balmaceda Ad.,-45.91833,-71.67778,950.46
2011-04-16,520006.0,"Carlos Ibañez, Punta Arenas Ap.",-53.00167,-70.83861,995.1
2011-04-16,530005.0,"Fuentes Martínez, Porvenir Ad.",-53.25361,-70.32611,997.4
2011-04-16,550001.0,"Guardiamarina Zañartu, Pto Williams Ad.",-54.93167,-67.61556,995.2333333333332
2011-04-16,950001.0,"C.M.A. Eduardo Frei Montalva, Antártica ",-62.19194,-58.97972,982.2875
2011-04-17,180005.0,"Chacalluta, Arica Ap.",-18.35555,-70.34028,1009.1125000000001
2011-04-17,200006.0,Diego Aracena Iquique Ap.,-20.54917,-70.18111,1008.2625
2011-04-17,220002.0,"El Loa, Calama Ad.",-22.49806,-68.8925,775.6
2011-04-17,270001.0,Mataveri  Isla de Pascua Ap.,-27.15889,-109.4325,1014.6166666666667
2011-04-17,270008.0,"Desierto de Atacama, Caldera  Ad.",-27.25444,-70.78111,993.025
2011-04-17,290004.0,"La Florida, La Serena Ad.",-29.91444,-71.20667,998.3249999999999
2011-04-17,330007.0,"Rodelillo, Ad.",-33.06528,-71.55639,976.25
2011-04-17,330019.0,"Eulogio Sánchez, Tobalaba Ad.",-33.45528,-70.54861,942.725
2011-04-17,330020.0,"Quinta Normal, Santiago",-33.445,-70.68278,957.8625
2011-04-17,330021.0,Pudahuel Santiago ,-33.37833,-70.78778,962.8416666666667
2011-04-17,330030.0,"Santo Domingo, Ad.",-33.65611,-71.61333,1009.5
2011-04-17,330031.0,"Juan Fernández, Estación Meteorológica.",-33.63583,-78.83305,1022.325
2011-04-17,340031.0,"General Freire, Curicó Ad.",-34.96944,-71.21694,992.6
2011-04-17,360019.0,"Carriel Sur, Concepción Ap.",-36.78055,-73.06639,1023.4416666666666
2011-04-17,370033.0,"María Dolores, Los Angeles Ad.",-37.39694,-72.42389,
2011-04-17,380013.0,"Maquehue, Temuco Ad.",-38.76778,-72.63194,1013.5625
2011-04-17,400009.0,"Cañal Bajo,  Osorno Ad.",-40.61444,-73.0575,1014.0363636363636
2011-04-17,410005.0,El Tepual  Puerto Montt Ap.,-41.4475,-73.09583,1011.875
2011-04-17,450004.0,"Teniente Vidal, Coyhaique Ad.",-45.59083,-72.10222,972.9384615384616
2011-04-17,450005.0,Balmaceda Ad.,-45.91833,-71.67778,946.5600000000001
2011-04-17,520006.0,"Carlos Ibañez, Punta Arenas Ap.",-53.00167,-70.83861,984.6166666666667
2011-04-17,530005.0,"Fuentes Martínez, Porvenir Ad.",-53.25361,-70.32611,985.3
2011-04-17,550001.0,"Guardiamarina Zañartu, Pto Williams Ad.",-54.93167,-67.61556,982.5461538461539
2011-04-17,950001.0,"C.M.A. Eduardo Frei Montalva, Antártica ",-62.19194,-58.97972,974.7625
2011-04-18,180005.0,"Chacalluta, Arica Ap.",-18.35555,-70.34028,1009.9333333333334
2011-04-18,200006.0,Diego Aracena Iquique Ap.,-20.54917,-70.18111,1009.1875
2011-04-18,220002.0,"El Loa, Calama Ad.",-22.49806,-68.8925,776.92
2011-04-18,270001.0,Mataveri  Isla de Pascua Ap.,-27.15889,-109.4325,1013.9083333333333
2011-04-18,270008.0,"Desierto de Atacama, Caldera  Ad.",-27.25444,-70.78111,994.2
2011-04-18,290004.0,"La Florida, La Serena Ad.",-29.91444,-71.20667,999.0291666666667
2011-04-18,330007.0,"Rodelillo, Ad.",-33.06528,-71.55639,975.75
2011-04-18,330019.0,"Eulogio Sánchez, Tobalaba Ad.",-33.45528,-70.54861,940.475
2011-04-18,330020.0,"Quinta Normal, Santiago",-33.445,-70.68278,955.3875
2011-04-18,330021.0,Pudahuel Santiago ,-33.37833,-70.78778,960.2958333333332
2011-04-18,330030.0,"Santo Domingo, Ad.",-33.65611,-71.61333,1008.4357142857143
2011-04-18,330031.0,"Juan Fernández, Estación Meteorológica.",-33.63583,-78.83305,1020.325
2011-04-18,340031.0,"General Freire, Curicó Ad.",-34.96944,-71.21694,989.125
2011-04-18,360019.0,"Carriel Sur, Concepción Ap.",-36.78055,-73.06639,1018.3125
2011-04-18,370033.0,"María Dolores, Los Angeles Ad.",-37.39694,-72.42389,1004.4
2011-04-18,380013.0,"Maquehue, Temuco Ad.",-38.76778,-72.63194,1011.675
2011-04-18,400009.0,"Cañal Bajo,  Osorno Ad.",-40.61444,-73.0575,1015.9363636363636
2011-04-18,410005.0,El Tepual  Puerto Montt Ap.,-41.4475,-73.09583,1012.0124999999999
2011-04-18,430001.0,Quellón Ad.,-43.13361,-73.63278,1019.8000000000001
2011-04-18,450001.0,Puerto Aysén Ad.,-45.39944,-72.67722,1012.8333333333334
2011-04-18,450004.0,"Teniente Vidal, Coyhaique Ad.",-45.59083,-72.10222,974.676923076923
2011-04-18,450005.0,Balmaceda Ad.,-45.91833,-71.67778,947.04
2011-04-18,510005.0,"Teniente Gallardo, Puerto Natales Ad.",-51.66722,-72.52889,987.7666666666668
2011-04-18,520006.0,"Carlos Ibañez, Punta Arenas Ap.",-53.00167,-70.83861,986.7083333333334
2011-04-18,530005.0,"Fuentes Martínez, Porvenir Ad.",-53.25361,-70.32611,989.1
2011-04-18,550001.0,"Guardiamarina Zañartu, Pto Williams Ad.",-54.93167,-67.61556,986.7846153846154
2011-04-18,950001.0,"C.M.A. Eduardo Frei Montalva, Antártica ",-62.19194,-58.97972,976.25
2011-04-19,180005.0,"Chacalluta, Arica Ap.",-18.35555,-70.34028,1010.6875
2011-04-19,200006.0,Diego Aracena Iquique Ap.,-20.54917,-70.18111,1009.925
2011-04-19,220002.0,"El Loa, Calama Ad.",-22.49806,-68.8925,777.52
2011-04-19,270001.0,Mataveri  Isla de Pascua Ap.,-27.15889,-109.4325,1013.9
2011-04-19,270008.0,"Desierto de Atacama, Caldera  Ad.",-27.25444,-70.78111,996.1600000000001
2011-04-19,290004.0,"La Florida, La Serena Ad.",-29.91444,-71.20667,1001.6416666666668
2011-04-19,330007.0,"Rodelillo, Ad.",-33.06528,-71.55639,978.75
2011-04-19,330019.0,"Eulogio Sánchez, Tobalaba Ad.",-33.45528,-70.54861,942.125
2011-04-19,330020.0,"Quinta Normal, Santiago",-33.445,-70.68278,955.75
2011-04-19,330021.0,Pudahuel Santiago ,-33.37833,-70.78778,960.9208333333332
2011-04-19,330030.0,"Santo Domingo, Ad.",-33.65611,-71.61333,1010.1357142857142
2011-04-19,330031.0,"Juan Fernández, Estación Meteorológica.",-33.63583,-78.83305,1018.625
2011-04-19,340031.0,"General Freire, Curicó Ad.",-34.96944,-71.21694,989.925
2011-04-19,360019.0,"Carriel Sur, Concepción Ap.",-36.78055,-73.06639,1016.475
2011-04-19,370033.0,"María Dolores, Los Angeles Ad.",-37.39694,-72.42389,1003.45
2011-04-19,380013.0,"Maquehue, Temuco Ad.",-38.76778,-72.63194,1007.075
2011-04-19,400009.0,"Cañal Bajo,  Osorno Ad.",-40.61444,-73.0575,1010.8181818181819
2011-04-19,410005.0,El Tepual  Puerto Montt Ap.,-41.4475,-73.09583,1008.1125000000001
2011-04-19,430001.0,Quellón Ad.,-43.13361,-73.63278,1014.9666666666667
2011-04-19,450001.0,Puerto Aysén Ad.,-45.39944,-72.67722,1010.3333333333334
2011-04-19,450004.0,"Teniente Vidal, Coyhaique Ad.",-45.59083,-72.10222,972.9076923076923
2011-04-19,450005.0,Balmaceda Ad.,-45.91833,-71.67778,947.1
2011-04-19,510005.0,"Teniente Gallardo, Puerto Natales Ad.",-51.66722,-72.52889,989.9333333333334
2011-04-19,520006.0,"Carlos Ibañez, Punta Arenas Ap.",-53.00167,-70.83861,988.2666666666668
2011-04-19,530005.0,"Fuentes Martínez, Porvenir Ad.",-53.25361,-70.32611,989.275
2011-04-19,550001.0,"Guardiamarina Zañartu, Pto Williams Ad.",-54.93167,-67.61556,985.3272727272728
2011-04-19,950001.0,"C.M.A. Eduardo Frei Montalva, Antártica ",-62.19194,-58.97972,977.6875
2011-04-20,180005.0,"Chacalluta, Arica Ap.",-18.35555,-70.34028,1010.25
2011-04-20,200006.0,Diego Aracena Iquique Ap.,-20.54917,-70.18111,1009.725
2011-04-20,220002.0,"El Loa, Calama Ad.",-22.49806,-68.8925,776.8
2011-04-20,270001.0,Mataveri  Isla de Pascua Ap.,-27.15889,-109.4325,1015.5791666666668
2011-04-20,270008.0,"Desierto de Atacama, Caldera  Ad.",-27.25444,-70.78111,994.9799999999999
2011-04-20,290004.0,"La Florida, La Serena Ad.",-29.91444,-71.20667,1000.8625000000001
2011-04-20,330007.0,"Rodelillo, Ad.",-33.06528,-71.55639,977.25
2011-04-20,330019.0,"Eulogio Sánchez, Tobalaba Ad.",-33.45528,-70.54861,941.55
2011-04-20,330020.0,"Quinta Normal, Santiago",-33.445,-70.68278,956.825
2011-04-20,330021.0,Pudahuel Santiago ,-33.37833,-70.78778,961.9125
2011-04-20,330030.0,"Santo Domingo, Ad.",-33.65611,-71.61333,1009.0214285714285
2011-04-20,330031.0,"Juan Fernández, Estación Meteorológica.",-33.63583,-78.83305,1017.275
2011-04-20,340031.0,"General Freire, Curicó Ad.",-34.96944,-71.21694,989.85
2011-04-20,360019.0,"Carriel Sur, Concepción Ap.",-36.78055,-73.06639,1017.9708333333333
2011-04-20,370033.0,"María Dolores, Los Angeles Ad.",-37.39694,-72.42389,1004.2
2011-04-20,380013.0,"Maquehue, Temuco Ad.",-38.76778,-72.63194,1008.0375
2011-04-20,400009.0,"Cañal Bajo,  Osorno Ad.",-40.61444,-73.0575,1008.7090909090908
2011-04-20,410005.0,El Tepual  Puerto Montt Ap.,-41.4475,-73.09583,1005.6166666666667
2011-04-20,430001.0,Quellón Ad.,-43.13361,-73.63278,1012.1999999999999
2011-04-20,450001.0,Puerto Aysén Ad.,-45.39944,-72.67722,1010.6
2011-04-20,450004.0,"Teniente Vidal, Coyhaique Ad.",-45.59083,-72.10222,970.4230769230769
2011-04-20,450005.0,Balmaceda Ad.,-45.91833,-71.67778,946.6600000000001
2011-04-20,510005.0,"Teniente Gallardo, Puerto Natales Ad.",-51.66722,-72.52889,990.2666666666668
2011-04-20,520006.0,"Carlos Ibañez, Punta Arenas Ap.",-53.00167,-70.83861,991.8541666666666
2011-04-20,530005.0,"Fuentes Martínez, Porvenir Ad.",-53.25361,-70.32611,994.24
2011-04-20,550001.0,"Guardiamarina Zañartu, Pto Williams Ad.",-54.93167,-67.61556,995.1818181818181
2011-04-20,950001.0,"C.M.A. Eduardo Frei Montalva, Antártica ",-62.19194,-58.97972,982.525
2011-04-21,180005.0,"Chacalluta, Arica Ap.",-18.35555,-70.34028,1009.8695652173913
2011-04-21,200006.0,Diego Aracena Iquique Ap.,-20.54917,-70.18111,1009.15
2011-04-21,220002.0,"El Loa, Calama Ad.",-22.49806,-68.8925,776.3199999999999
2011-04-21,270001.0,Mataveri  Isla de Pascua Ap.,-27.15889,-109.4325,1017.1291666666666
2011-04-21,270008.0,"Desierto de Atacama, Caldera  Ad.",-27.25444,-70.78111,994.54
2011-04-21,290004.0,"La Florida, La Serena Ad.",-29.91444,-71.20667,999.525
2011-04-21,330007.0,"Rodelillo, Ad.",-33.06528,-71.55639,974.75
2011-04-21,330019.0,"Eulogio Sánchez, Tobalaba Ad.",-33.45528,-70.54861,938.4
2011-04-21,330020.0,"Quinta Normal, Santiago",-33.445,-70.68278,953.5125
2011-04-21,330021.0,Pudahuel Santiago ,-33.37833,-70.78778,958.525
2011-04-21,330030.0,"Santo Domingo, Ad.",-33.65611,-71.61333,1006.1285714285714
2011-04-21,330031.0,"Juan Fernández, Estación Meteorológica.",-33.63583,-78.83305,1006.9
2011-04-21,340031.0,"General Freire, Curicó Ad.",-34.96944,-71.21694,985.075
2011-04-21,360019.0,"Carriel Sur, Concepción Ap.",-36.78055,-73.06639,1009.625
2011-04-21,370033.0,"María Dolores, Los Angeles Ad.",-37.39694,-72.42389,994.3
2011-04-21,380013.0,"Maquehue, Temuco Ad.",-38.76778,-72.63194,995.4375
2011-04-21,400009.0,"Cañal Bajo,  Osorno Ad.",-40.61444,-73.0575,985.2846153846154
2011-04-21,410005.0,El Tepual  Puerto Montt Ap.,-41.4475,-73.09583,987.1291666666666
2011-04-21,430001.0,Quellón Ad.,-43.13361,-73.63278,986.6333333333333
2011-04-21,450001.0,Puerto Aysén Ad.,-45.39944,-72.67722,985.4
2011-04-21,450004.0,"Teniente Vidal, Coyhaique Ad.",-45.59083,-72.10222,949.8615384615385
2011-04-21,450005.0,Balmaceda Ad.,-45.91833,-71.67778,934.0799999999999
2011-04-21,510005.0,"Teniente Gallardo, Puerto Natales Ad.",-51.66722,-72.52889,966.0666666666666
2011-04-21,520006.0,"Carlos Ibañez, Punta Arenas Ap.",-53.00167,-70.83861,973.125
2011-04-21,530005.0,"Fuentes Martínez, Porvenir Ad.",-53.25361,-70.32611,971.825
2011-04-21,550001.0,"Guardiamarina Zañartu, Pto Williams Ad.",-54.93167,-67.61556,977.3545454545455
2011-04-21,950001.0,"C.M.A. Eduardo Frei Montalva, Antártica ",-62.19194,-58.97972,992.9625
2011-04-22,180005.0,"Chacalluta, Arica Ap.",-18.35555,-70.34028,1011.1416666666668
2011-04-22,200006.0,Diego Aracena Iquique Ap.,-20.54917,-70.18111,1010.4875
2011-04-22,220002.0,"El Loa, Calama Ad.",-22.49806,-68.8925,777.6
2011-04-22,270001.0,Mataveri  Isla de Pascua Ap.,-27.15889,-109.4325,1016.5166666666668
2011-04-22,270008.0,"Desierto de Atacama, Caldera  Ad.",-27.25444,-70.78111,997.0799999999999
2011-04-22,290004.0,"La Florida, La Serena Ad.",-29.91444,-71.20667,1003.4208333333332
2011-04-22,330007.0,"Rodelillo, Ad.",-33.06528,-71.55639,981.25
2011-04-22,330019.0,"Eulogio Sánchez, Tobalaba Ad.",-33.45528,-70.54861,945.3
2011-04-22,330020.0,"Quinta Normal, Santiago",-33.445,-70.68278,957.525
2011-04-22,330021.0,Pudahuel Santiago ,-33.37833,-70.78778,962.9333333333334
2011-04-22,330030.0,"Santo Domingo, Ad.",-33.65611,-71.61333,1012.6285714285714
2011-04-22,330031.0,"Juan Fernández, Estación Meteorológica.",-33.63583,-78.83305,1014.6
2011-04-22,340031.0,"General Freire, Curicó Ad.",-34.96944,-71.21694,994.125
2011-04-22,360019.0,"Carriel Sur, Concepción Ap.",-36.78055,-73.06639,1014.5791666666668
2011-04-22,370033.0,"María Dolores, Los Angeles Ad.",-37.39694,-72.42389,
2011-04-22,380013.0,"Maquehue, Temuco Ad.",-38.76778,-72.63194,1000.2875
2011-04-22,400009.0,"Cañal Bajo,  Osorno Ad.",-40.61444,-73.0575,1007.3833333333333
2011-04-22,410005.0,El Tepual  Puerto Montt Ap.,-41.4475,-73.09583,996.8333333333334
2011-04-22,450004.0,"Teniente Vidal, Coyhaique Ad.",-45.59083,-72.10222,961.8615384615385
2011-04-22,450005.0,Balmaceda Ad.,-45.91833,-71.67778,933.0200000000001
2011-04-22,520006.0,"Carlos Ibañez, Punta Arenas Ap.",-53.00167,-70.83861,973.15
2011-04-22,550001.0,"Guardiamarina Zañartu, Pto Williams Ad.",-54.93167,-67.61556,974.3090909090909
2011-04-22,950001.0,"C.M.A. Eduardo Frei Montalva, Antártica ",-62.19194,-58.97972,982.5375
2011-04-23,180005.0,"Chacalluta, Arica Ap.",-18.35555,-70.34028,1011.0166666666668
2011-04-23,200006.0,Diego Aracena Iquique Ap.,-20.54917,-70.18111,1010.4125
2011-04-23,220002.0,"El Loa, Calama Ad.",-22.49806,-68.8925,776.5
2011-04-23,270001.0,Mataveri  Isla de Pascua Ap.,-27.15889,-109.4325,1015.3583333333332
2011-04-23,270008.0,"Desierto de Atacama, Caldera  Ad.",-27.25444,-70.78111,995.36
2011-04-23,290004.0,"La Florida, La Serena Ad.",-29.91444,-71.20667,1001.2624999999999
2011-04-23,330007.0,"Rodelillo, Ad.",-33.06528,-71.55639,978.5
2011-04-23,330019.0,"Eulogio Sánchez, Tobalaba Ad.",-33.45528,-70.54861,944.65
2011-04-23,330020.0,"Quinta Normal, Santiago",-33.445,-70.68278,960.4375
2011-04-23,330021.0,Pudahuel Santiago ,-33.37833,-70.78778,965.4583333333334
2011-04-23,330030.0,"Santo Domingo, Ad.",-33.65611,-71.61333,1011.4428571428572
2011-04-23,330031.0,"Juan Fernández, Estación Meteorológica.",-33.63583,-78.83305,1022.0333333333333
2011-04-23,340031.0,"General Freire, Curicó Ad.",-34.96944,-71.21694,994.0
2011-04-23,360019.0,"Carriel Sur, Concepción Ap.",-36.78055,-73.06639,1024.1375
2011-04-23,370033.0,"María Dolores, Los Angeles Ad.",-37.39694,-72.42389,
2011-04-23,380013.0,"Maquehue, Temuco Ad.",-38.76778,-72.63194,1013.825
2011-04-23,400009.0,"Cañal Bajo,  Osorno Ad.",-40.61444,-73.0575,1014.5181818181819
2011-04-23,410005.0,El Tepual  Puerto Montt Ap.,-41.4475,-73.09583,1009.6833333333334
2011-04-23,450004.0,"Teniente Vidal, Coyhaique Ad.",-45.59083,-72.10222,964.3846153846154
2011-04-23,450005.0,Balmaceda Ad.,-45.91833,-71.67778,941.075
2011-04-23,520006.0,"Carlos Ibañez, Punta Arenas Ap.",-53.00167,-70.83861,977.9916666666667
2011-04-23,550001.0,"Guardiamarina Zañartu, Pto Williams Ad.",-54.93167,-67.61556,974.9333333333334
2011-04-23,950001.0,"C.M.A. Eduardo Frei Montalva, Antártica ",-62.19194,-58.97972,965.15
2011-04-24,180005.0,"Chacalluta, Arica Ap.",-18.35555,-70.34028,1009.525
2011-04-24,200006.0,Diego Aracena Iquique Ap.,-20.54917,-70.18111,1009.0125
2011-04-24,220002.0,"El Loa, Calama Ad.",-22.49806,-68.8925,775.45
2011-04-24,270001.0,Mataveri  Isla de Pascua Ap.,-27.15889,-109.4325,1014.4
2011-04-24,270008.0,"Desierto de Atacama, Caldera  Ad.",-27.25444,-70.78111,993.575
2011-04-24,290004.0,"La Florida, La Serena Ad.",-29.91444,-71.20667,999.1708333333332
2011-04-24,330007.0,"Rodelillo, Ad.",-33.06528,-71.55639,975.5
2011-04-24,330019.0,"Eulogio Sánchez, Tobalaba Ad.",-33.45528,-70.54861,942.175
2011-04-24,330020.0,"Quinta Normal, Santiago",-33.445,-70.68278,957.0
2011-04-24,330021.0,Pudahuel Santiago ,-33.37833,-70.78778,962.0458333333332
2011-04-24,330030.0,"Santo Domingo, Ad.",-33.65611,-71.61333,1008.5714285714286
2011-04-24,330031.0,"Juan Fernández, Estación Meteorológica.",-33.63583,-78.83305,1020.2
2011-04-24,340031.0,"General Freire, Curicó Ad.",-34.96944,-71.21694,991.625
2011-04-24,360019.0,"Carriel Sur, Concepción Ap.",-36.78055,-73.06639,1020.5749999999999
2011-04-24,370033.0,"María Dolores, Los Angeles Ad.",-37.39694,-72.42389,
2011-04-24,380013.0,"Maquehue, Temuco Ad.",-38.76778,-72.63194,1010.425
2011-04-24,400009.0,"Cañal Bajo,  Osorno Ad.",-40.61444,-73.0575,1013.7454545454547
2011-04-24,410005.0,El Tepual  Puerto Montt Ap.,-41.4475,-73.09583,1008.7583333333333
2011-04-24,450004.0,"Teniente Vidal, Coyhaique Ad.",-45.59083,-72.10222,975.0230769230768
2011-04-24,450005.0,Balmaceda Ad.,-45.91833,-71.67778,946.0200000000001
2011-04-24,520006.0,"Carlos Ibañez, Punta Arenas Ap.",-53.00167,-70.83861,983.35
2011-04-24,550001.0,"Guardiamarina Zañartu, Pto Williams Ad.",-54.93167,-67.61556,978.7999999999998
2011-04-24,950001.0,"C.M.A. Eduardo Frei Montalva, Antártica ",-62.19194,-58.97972,969.8125
2011-04-25,180005.0,"Chacalluta, Arica Ap.",-18.35555,-70.34028,1009.0208333333334
2011-04-25,200006.0,Diego Aracena Iquique Ap.,-20.54917,-70.18111,1008.375
2011-04-25,220002.0,"El Loa, Calama Ad.",-22.49806,-68.8925,775.8399999999999
2011-04-25,270001.0,Mataveri  Isla de Pascua Ap.,-27.15889,-109.4325,1011.2333333333332
2011-04-25,270008.0,"Desierto de Atacama, Caldera  Ad.",-27.25444,-70.78111,993.1600000000001
2011-04-25,290004.0,"La Florida, La Serena Ad.",-29.91444,-71.20667,998.0666666666666
2011-04-25,330007.0,"Rodelillo, Ad.",-33.06528,-71.55639,973.5
2011-04-25,330019.0,"Eulogio Sánchez, Tobalaba Ad.",-33.45528,-70.54861,939.075
2011-04-25,330020.0,"Quinta Normal, Santiago",-33.445,-70.68278,954.0125
2011-04-25,330021.0,Pudahuel Santiago ,-33.37833,-70.78778,958.9416666666666
2011-04-25,330030.0,"Santo Domingo, Ad.",-33.65611,-71.61333,1005.3214285714286
2011-04-25,330031.0,"Juan Fernández, Estación Meteorológica.",-33.63583,-78.83305,1017.975
2011-04-25,340031.0,"General Freire, Curicó Ad.",-34.96944,-71.21694,987.625
2011-04-25,360019.0,"Carriel Sur, Concepción Ap.",-36.78055,-73.06639,1016.6916666666666
2011-04-25,370033.0,"María Dolores, Los Angeles Ad.",-37.39694,-72.42389,1003.4000000000001
2011-04-25,380013.0,"Maquehue, Temuco Ad.",-38.76778,-72.63194,1010.5625
2011-04-25,400009.0,"Cañal Bajo,  Osorno Ad.",-40.61444,-73.0575,1014.5272727272727
2011-04-25,410005.0,El Tepual  Puerto Montt Ap.,-41.4475,-73.09583,1012.0041666666666
2011-04-25,430001.0,Quellón Ad.,-43.13361,-73.63278,1018.9
2011-04-25,450001.0,Puerto Aysén Ad.,-45.39944,-72.67722,1014.1
2011-04-25,450004.0,"Teniente Vidal, Coyhaique Ad.",-45.59083,-72.10222,975.376923076923
2011-04-25,450005.0,Balmaceda Ad.,-45.91833,-71.67778,949.0600000000001
2011-04-25,510005.0,"Teniente Gallardo, Puerto Natales Ad.",-51.66722,-72.52889,979.7333333333332
2011-04-25,520006.0,"Carlos Ibañez, Punta Arenas Ap.",-53.00167,-70.83861,984.6541666666667
2011-04-25,530005.0,"Fuentes Martínez, Porvenir Ad.",-53.25361,-70.32611,981.625
2011-04-25,550001.0,"Guardiamarina Zañartu, Pto Williams Ad.",-54.93167,-67.61556,981.4538461538461
2011-04-25,950001.0,"C.M.A. Eduardo Frei Montalva, Antártica ",-62.19194,-58.97972,980.45
2011-04-26,180005.0,"Chacalluta, Arica Ap.",-18.35555,-70.34028,1009.7208333333333
2011-04-26,200006.0,Diego Aracena Iquique Ap.,-20.54917,-70.18111,1009.1375
2011-04-26,220002.0,"El Loa, Calama Ad.",-22.49806,-68.8925,776.9399999999999
2011-04-26,270001.0,Mataveri  Isla de Pascua Ap.,-27.15889,-109.4325,1007.3249999999999
2011-04-26,270008.0,"Desierto de Atacama, Caldera  Ad.",-27.25444,-70.78111,994.64
2011-04-26,290004.0,"La Florida, La Serena Ad.",-29.91444,-71.20667,1000.0458333333332
2011-04-26,330007.0,"Rodelillo, Ad.",-33.06528,-71.55639,977.0
2011-04-26,330019.0,"Eulogio Sánchez, Tobalaba Ad.",-33.45528,-70.54861,941.125
2011-04-26,330020.0,"Quinta Normal, Santiago",-33.445,-70.68278,954.65
2011-04-26,330021.0,Pudahuel Santiago ,-33.37833,-70.78778,959.7916666666666
2011-04-26,330030.0,"Santo Domingo, Ad.",-33.65611,-71.61333,1009.3857142857142
2011-04-26,330031.0,"Juan Fernández, Estación Meteorológica.",-33.63583,-78.83305,1015.425
2011-04-26,340031.0,"General Freire, Curicó Ad.",-34.96944,-71.21694,988.725
2011-04-26,360019.0,"Carriel Sur, Concepción Ap.",-36.78055,-73.06639,1014.8416666666667
2011-04-26,370033.0,"María Dolores, Los Angeles Ad.",-37.39694,-72.42389,1002.0
2011-04-26,380013.0,"Maquehue, Temuco Ad.",-38.76778,-72.63194,1005.7
2011-04-26,400009.0,"Cañal Bajo,  Osorno Ad.",-40.61444,-73.0575,1009.75
2011-04-26,410005.0,El Tepual  Puerto Montt Ap.,-41.4475,-73.09583,1005.7041666666668
2011-04-26,430001.0,Quellón Ad.,-43.13361,-73.63278,1011.0333333333333
2011-04-26,450001.0,Puerto Aysén Ad.,-45.39944,-72.67722,1003.1999999999999
2011-04-26,450004.0,"Teniente Vidal, Coyhaique Ad.",-45.59083,-72.10222,966.6384615384615
2011-04-26,450005.0,Balmaceda Ad.,-45.91833,-71.67778,941.9799999999999
2011-04-26,510005.0,"Teniente Gallardo, Puerto Natales Ad.",-51.66722,-72.52889,980.9666666666667
2011-04-26,520006.0,"Carlos Ibañez, Punta Arenas Ap.",-53.00167,-70.83861,978.7541666666666
2011-04-26,530005.0,"Fuentes Martínez, Porvenir Ad.",-53.25361,-70.32611,980.6
2011-04-26,550001.0,"Guardiamarina Zañartu, Pto Williams Ad.",-54.93167,-67.61556,977.8461538461538
2011-04-26,950001.0,"C.M.A. Eduardo Frei Montalva, Antártica ",-62.19194,-58.97972,972.1375
2011-04-27,180005.0,"Chacalluta, Arica Ap.",-18.35555,-70.34028,1010.4458333333333
2011-04-27,200006.0,Diego Aracena Iquique Ap.,-20.54917,-70.18111,1009.7375000000001
2011-04-27,220002.0,"El Loa, Calama Ad.",-22.49806,-68.8925,777.4
2011-04-27,270001.0,Mataveri  Isla de Pascua Ap.,-27.15889,-109.4325,1007.9375
2011-04-27,270008.0,"Desierto de Atacama, Caldera  Ad.",-27.25444,-70.78111,995.475
2011-04-27,290004.0,"La Florida, La Serena Ad.",-29.91444,-71.20667,1001.3000000000001
2011-04-27,330007.0,"Rodelillo, Ad.",-33.06528,-71.55639,978.75
2011-04-27,330019.0,"Eulogio Sánchez, Tobalaba Ad.",-33.45528,-70.54861,943.25
2011-04-27,330020.0,"Quinta Normal, Santiago",-33.445,-70.68278,956.9625
2011-04-27,330021.0,Pudahuel Santiago ,-33.37833,-70.78778,962.2
2011-04-27,330030.0,"Santo Domingo, Ad.",-33.65611,-71.61333,1011.15
2011-04-27,330031.0,"Juan Fernández, Estación Meteorológica.",-33.63583,-78.83305,1016.975
2011-04-27,340031.0,"General Freire, Curicó Ad.",-34.96944,-71.21694,991.6
2011-04-27,360019.0,"Carriel Sur, Concepción Ap.",-36.78055,-73.06639,1018.5375
2011-04-27,370033.0,"María Dolores, Los Angeles Ad.",-37.39694,-72.42389,1004.95
2011-04-27,380013.0,"Maquehue, Temuco Ad.",-38.76778,-72.63194,1007.6125
2011-04-27,400009.0,"Cañal Bajo,  Osorno Ad.",-40.61444,-73.0575,1011.2583333333333
2011-04-27,410005.0,El Tepual  Puerto Montt Ap.,-41.4475,-73.09583,1006.5041666666666
2011-04-27,430001.0,Quellón Ad.,-43.13361,-73.63278,1017.3666666666667
2011-04-27,450001.0,Puerto Aysén Ad.,-45.39944,-72.67722,1016.3666666666667
2011-04-27,450004.0,"Teniente Vidal, Coyhaique Ad.",-45.59083,-72.10222,978.5923076923077
2011-04-27,450005.0,Balmaceda Ad.,-45.91833,-71.67778,950.82
2011-04-27,510005.0,"Teniente Gallardo, Puerto Natales Ad.",-51.66722,-72.52889,995.7666666666668
2011-04-27,520006.0,"Carlos Ibañez, Punta Arenas Ap.",-53.00167,-70.83861,992.2041666666668
2011-04-27,530005.0,"Fuentes Martínez, Porvenir Ad.",-53.25361,-70.32611,996.9
2011-04-27,550001.0,"Guardiamarina Zañartu, Pto Williams Ad.",-54.93167,-67.61556,993.0999999999999
2011-04-27,950001.0,"C.M.A. Eduardo Frei Montalva, Antártica ",-62.19194,-58.97972,972.5625
2011-04-28,180005.0,"Chacalluta, Arica Ap.",-18.35555,-70.34028,1011.1291666666666
2011-04-28,200006.0,Diego Aracena Iquique Ap.,-20.54917,-70.18111,1010.35
2011-04-28,220002.0,"El Loa, Calama Ad.",-22.49806,-68.8925,777.58
2011-04-28,270001.0,Mataveri  Isla de Pascua Ap.,-27.15889,-109.4325,1010.6541666666667
2011-04-28,270008.0,"Desierto de Atacama, Caldera  Ad.",-27.25444,-70.78111,995.6600000000001
2011-04-28,290004.0,"La Florida, La Serena Ad.",-29.91444,-71.20667,1001.625
2011-04-28,330007.0,"Rodelillo, Ad.",-33.06528,-71.55639,980.75
2011-04-28,330019.0,"Eulogio Sánchez, Tobalaba Ad.",-33.45528,-70.54861,945.25
2011-04-28,330020.0,"Quinta Normal, Santiago",-33.445,-70.68278,959.0
2011-04-28,330021.0,Pudahuel Santiago ,-33.37833,-70.78778,964.0416666666666
2011-04-28,330030.0,"Santo Domingo, Ad.",-33.65611,-71.61333,1012.6357142857142
2011-04-28,330031.0,"Juan Fernández, Estación Meteorológica.",-33.63583,-78.83305,1023.45
2011-04-28,340031.0,"General Freire, Curicó Ad.",-34.96944,-71.21694,994.325
2011-04-28,360019.0,"Carriel Sur, Concepción Ap.",-36.78055,-73.06639,1022.0333333333333
2011-04-28,370033.0,"María Dolores, Los Angeles Ad.",-37.39694,-72.42389,1008.95
2011-04-28,380013.0,"Maquehue, Temuco Ad.",-38.76778,-72.63194,1013.725
2011-04-28,400009.0,"Cañal Bajo,  Osorno Ad.",-40.61444,-73.0575,1021.7363636363636
2011-04-28,410005.0,El Tepual  Puerto Montt Ap.,-41.4475,-73.09583,1017.7291666666666
2011-04-28,430001.0,Quellón Ad.,-43.13361,-73.63278,1029.1333333333334
2011-04-28,430002.0,Futaleufú Ad.,-43.18889,-71.85222,987.8666666666667
2011-04-28,450001.0,Puerto Aysén Ad.,-45.39944,-72.67722,1028.8666666666666
2011-04-28,450004.0,"Teniente Vidal, Coyhaique Ad.",-45.59083,-72.10222,989.2846153846154
2011-04-28,450005.0,Balmaceda Ad.,-45.91833,-71.67778,962.46
2011-04-28,510005.0,"Teniente Gallardo, Puerto Natales Ad.",-51.66722,-72.52889,1007.3333333333334
2011-04-28,520006.0,"Carlos Ibañez, Punta Arenas Ap.",-53.00167,-70.83861,1003.8125
2011-04-28,530005.0,"Fuentes Martínez, Porvenir Ad.",-53.25361,-70.32611,1006.45
2011-04-28,550001.0,"Guardiamarina Zañartu, Pto Williams Ad.",-54.93167,-67.61556,999.2
2011-04-28,950001.0,"C.M.A. Eduardo Frei Montalva, Antártica ",-62.19194,-58.97972,971.025
2011-04-29,180005.0,"Chacalluta, Arica Ap.",-18.35555,-70.34028,1010.3083333333334
2011-04-29,200006.0,Diego Aracena Iquique Ap.,-20.54917,-70.18111,1009.825
2011-04-29,220002.0,"El Loa, Calama Ad.",-22.49806,-68.8925,776.6200000000001
2011-04-29,270001.0,Mataveri  Isla de Pascua Ap.,-27.15889,-109.4325,1014.0791666666668
2011-04-29,270008.0,"Desierto de Atacama, Caldera  Ad.",-27.25444,-70.78111,994.5500000000001
2011-04-29,290004.0,"La Florida, La Serena Ad.",-29.91444,-71.20667,1000.2624999999999
2011-04-29,330007.0,"Rodelillo, Ad.",-33.06528,-71.55639,976.75
2011-04-29,330019.0,"Eulogio Sánchez, Tobalaba Ad.",-33.45528,-70.54861,941.125
2011-04-29,330020.0,"Quinta Normal, Santiago",-33.445,-70.68278,957.375
2011-04-29,330021.0,Pudahuel Santiago ,-33.37833,-70.78778,962.3916666666668
2011-04-29,330030.0,"Santo Domingo, Ad.",-33.65611,-71.61333,1008.8357142857143
2011-04-29,330031.0,"Juan Fernández, Estación Meteorológica.",-33.63583,-78.83305,1022.85
2011-04-29,340031.0,"General Freire, Curicó Ad.",-34.96944,-71.21694,989.9
2011-04-29,360019.0,"Carriel Sur, Concepción Ap.",-36.78055,-73.06639,1019.9875000000001
2011-04-29,370033.0,"María Dolores, Los Angeles Ad.",-37.39694,-72.42389,1006.45
2011-04-29,380013.0,"Maquehue, Temuco Ad.",-38.76778,-72.63194,1013.8125
2011-04-29,400009.0,"Cañal Bajo,  Osorno Ad.",-40.61444,-73.0575,1020.0818181818181
2011-04-29,410005.0,El Tepual  Puerto Montt Ap.,-41.4475,-73.09583,1018.5041666666666
2011-04-29,430001.0,Quellón Ad.,-43.13361,-73.63278,1028.7666666666667
2011-04-29,430002.0,Futaleufú Ad.,-43.18889,-71.85222,989.0
2011-04-29,450001.0,Puerto Aysén Ad.,-45.39944,-72.67722,1030.4333333333334
2011-04-29,450004.0,"Teniente Vidal, Coyhaique Ad.",-45.59083,-72.10222,991.2769230769231
2011-04-29,450005.0,Balmaceda Ad.,-45.91833,-71.67778,966.04
2011-04-29,510005.0,"Teniente Gallardo, Puerto Natales Ad.",-51.66722,-72.52889,1011.9
2011-04-29,520006.0,"Carlos Ibañez, Punta Arenas Ap.",-53.00167,-70.83861,1009.4208333333332
2011-04-29,530005.0,"Fuentes Martínez, Porvenir Ad.",-53.25361,-70.32611,1013.0
2011-04-29,550001.0,"Guardiamarina Zañartu, Pto Williams Ad.",-54.93167,-67.61556,1006.2636363636364
2011-04-29,950001.0,"C.M.A. Eduardo Frei Montalva, Antártica ",-62.19194,-58.97972,969.35
2011-04-30,180005.0,"Chacalluta, Arica Ap.",-18.35555,-70.34028,1009.4250000000001
2011-04-30,200006.0,Diego Aracena Iquique Ap.,-20.54917,-70.18111,1009.0500000000001
2011-04-30,220002.0,"El Loa, Calama Ad.",-22.49806,-68.8925,775.54
2011-04-30,270001.0,Mataveri  Isla de Pascua Ap.,-27.15889,-109.4325,1014.9666666666667
2011-04-30,270008.0,"Desierto de Atacama, Caldera  Ad.",-27.25444,-70.78111,994.7
2011-04-30,290004.0,"La Florida, La Serena Ad.",-29.91444,-71.20667,999.9875000000001
2011-04-30,330007.0,"Rodelillo, Ad.",-33.06528,-71.55639,976.5
2011-04-30,330019.0,"Eulogio Sánchez, Tobalaba Ad.",-33.45528,-70.54861,940.8
2011-04-30,330020.0,"Quinta Normal, Santiago",-33.445,-70.68278,955.2
2011-04-30,330021.0,Pudahuel Santiago ,-33.37833,-70.78778,960.2875
2011-04-30,330030.0,"Santo Domingo, Ad.",-33.65611,-71.61333,1008.8928571428571
2011-04-30,330031.0,"Juan Fernández, Estación Meteorológica.",-33.63583,-78.83305,1019.775
2011-04-30,340031.0,"General Freire, Curicó Ad.",-34.96944,-71.21694,988.925
2011-04-30,360019.0,"Carriel Sur, Concepción Ap.",-36.78055,-73.06639,1016.2458333333334
2011-04-30,370033.0,"María Dolores, Los Angeles Ad.",-37.39694,-72.42389,
2011-04-30,380013.0,"Maquehue, Temuco Ad.",-38.76778,-72.63194,1009.3
2011-04-30,400009.0,"Cañal Bajo,  Osorno Ad.",-40.61444,-73.0575,1017.4818181818181
2011-04-30,410005.0,El Tepual  Puerto Montt Ap.,-41.4475,-73.09583,1014.9250000000001
2011-04-30,450004.0,"Teniente Vidal, Coyhaique Ad.",-45.59083,-72.10222,992.6153846153846
2011-04-30,450005.0,Balmaceda Ad.,-45.91833,-71.67778,966.86
2011-04-30,520006.0,"Carlos Ibañez, Punta Arenas Ap.",-53.00167,-70.83861,1012.9041666666667
2011-04-30,530005.0,"Fuentes Martínez, Porvenir Ad.",-53.25361,-70.32611,1017.7
2011-04-30,550001.0,"Guardiamarina Zañartu, Pto Williams Ad.",-54.93167,-67.61556,1012.8642857142858
2011-04-30,950001.0,"C.M.A. Eduardo Frei Montalva, Antártica ",-62.19194,-58.97972,980.2875
2011-05-01,180005.0,"Chacalluta, Arica Ap.",-18.35555,-70.34028,1008.7791666666667
2011-05-01,200006.0,Diego Aracena Iquique Ap.,-20.54917,-70.18111,1008.3125
2011-05-01,220002.0,"El Loa, Calama Ad.",-22.49806,-68.8925,775.475
2011-05-01,270001.0,Mataveri  Isla de Pascua Ap.,-27.15889,-109.4325,1014.1625
2011-05-01,270008.0,"Desierto de Atacama, Caldera  Ad.",-27.25444,-70.78111,993.6333333333333
2011-05-01,290004.0,"La Florida, La Serena Ad.",-29.91444,-71.20667,999.6125000000001
2011-05-01,330007.0,"Rodelillo, Ad.",-33.06528,-71.55639,978.5
2011-05-01,330019.0,"Eulogio Sánchez, Tobalaba Ad.",-33.45528,-70.54861,940.75
2011-05-01,330020.0,"Quinta Normal, Santiago",-33.445,-70.68278,955.45
2011-05-01,330021.0,Pudahuel Santiago ,-33.37833,-70.78778,960.5666666666666
2011-05-01,330030.0,"Santo Domingo, Ad.",-33.65611,-71.61333,1008.2642857142857
2011-05-01,330031.0,"Juan Fernández, Estación Meteorológica.",-33.63583,-78.83305,1018.35
2011-05-01,340031.0,"General Freire, Curicó Ad.",-34.96944,-71.21694,988.6
2011-05-01,360019.0,"Carriel Sur, Concepción Ap.",-36.78055,-73.06639,1016.5375
2011-05-01,370033.0,"María Dolores, Los Angeles Ad.",-37.39694,-72.42389,
2011-05-01,380013.0,"Maquehue, Temuco Ad.",-38.76778,-72.63194,1009.9875
2011-05-01,400009.0,"Cañal Bajo,  Osorno Ad.",-40.61444,-73.0575,1015.9
2011-05-01,410005.0,El Tepual  Puerto Montt Ap.,-41.4475,-73.09583,1014.5875
2011-05-01,450004.0,"Teniente Vidal, Coyhaique Ad.",-45.59083,-72.10222,987.1538461538462
2011-05-01,450005.0,Balmaceda Ad.,-45.91833,-71.67778,963.3399999999999
2011-05-01,520006.0,"Carlos Ibañez, Punta Arenas Ap.",-53.00167,-70.83861,1006.5958333333333
2011-05-01,530005.0,"Fuentes Martínez, Porvenir Ad.",-53.25361,-70.32611,1006.8
2011-05-01,550001.0,"Guardiamarina Zañartu, Pto Williams Ad.",-54.93167,-67.61556,1000.25
2011-05-01,950001.0,"C.M.A. Eduardo Frei Montalva, Antártica ",-62.19194,-58.97972,980.225
2011-05-02,180005.0,"Chacalluta, Arica Ap.",-18.35555,-70.34028,1008.7791666666667
2011-05-02,200006.0,Diego Aracena Iquique Ap.,-20.54917,-70.18111,1008.5375
2011-05-02,220002.0,"El Loa, Calama Ad.",-22.49806,-68.8925,775.58
2011-05-02,270001.0,Mataveri  Isla de Pascua Ap.,-27.15889,-109.4325,1013.0625
2011-05-02,270008.0,"Desierto de Atacama, Caldera  Ad.",-27.25444,-70.78111,993.6600000000001
2011-05-02,290004.0,"La Florida, La Serena Ad.",-29.91444,-71.20667,998.9041666666667
2011-05-02,330007.0,"Rodelillo, Ad.",-33.06528,-71.55639,975.25
2011-05-02,330019.0,"Eulogio Sánchez, Tobalaba Ad.",-33.45528,-70.54861,940.675
2011-05-02,330020.0,"Quinta Normal, Santiago",-33.445,-70.68278,955.0125
2011-05-02,330021.0,Pudahuel Santiago ,-33.37833,-70.78778,960.0583333333334
2011-05-02,330030.0,"Santo Domingo, Ad.",-33.65611,-71.61333,1007.2285714285715
2011-05-02,330031.0,"Juan Fernández, Estación Meteorológica.",-33.63583,-78.83305,1018.575
2011-05-02,340031.0,"General Freire, Curicó Ad.",-34.96944,-71.21694,988.65
2011-05-02,360019.0,"Carriel Sur, Concepción Ap.",-36.78055,-73.06639,1016.525
2011-05-02,370033.0,"María Dolores, Los Angeles Ad.",-37.39694,-72.42389,1003.55
2011-05-02,380013.0,"Maquehue, Temuco Ad.",-38.76778,-72.63194,1008.225
2011-05-02,400009.0,"Cañal Bajo,  Osorno Ad.",-40.61444,-73.0575,1013.9545454545455
2011-05-02,410005.0,El Tepual  Puerto Montt Ap.,-41.4475,-73.09583,1011.275
2011-05-02,430001.0,Quellón Ad.,-43.13361,-73.63278,1020.9666666666667
2011-05-02,430002.0,Futaleufú Ad.,-43.18889,-71.85222,981.8333333333334
2011-05-02,450001.0,Puerto Aysén Ad.,-45.39944,-72.67722,1022.0666666666666
2011-05-02,450004.0,"Teniente Vidal, Coyhaique Ad.",-45.59083,-72.10222,982.7846153846154
2011-05-02,450005.0,Balmaceda Ad.,-45.91833,-71.67778,958.5
2011-05-02,510005.0,"Teniente Gallardo, Puerto Natales Ad.",-51.66722,-72.52889,1003.1999999999999
2011-05-02,520006.0,"Carlos Ibañez, Punta Arenas Ap.",-53.00167,-70.83861,1004.5500000000001
2011-05-02,530005.0,"Fuentes Martínez, Porvenir Ad.",-53.25361,-70.32611,1003.0
2011-05-02,550001.0,"Guardiamarina Zañartu, Pto Williams Ad.",-54.93167,-67.61556,998.5846153846154
2011-05-02,950001.0,"C.M.A. Eduardo Frei Montalva, Antártica ",-62.19194,-58.97972,985.8625
2011-05-03,180005.0,"Chacalluta, Arica Ap.",-18.35555,-70.34028,1008.0791666666668
2011-05-03,200006.0,Diego Aracena Iquique Ap.,-20.54917,-70.18111,1007.775
2011-05-03,220002.0,"El Loa, Calama Ad.",-22.49806,-68.8925,775.8
2011-05-03,270001.0,Mataveri  Isla de Pascua Ap.,-27.15889,-109.4325,1011.2458333333334
2011-05-03,270008.0,"Desierto de Atacama, Caldera  Ad.",-27.25444,-70.78111,992.6
2011-05-03,290004.0,"La Florida, La Serena Ad.",-29.91444,-71.20667,998.3333333333334
2011-05-03,330007.0,"Rodelillo, Ad.",-33.06528,-71.55639,974.5
2011-05-03,330019.0,"Eulogio Sánchez, Tobalaba Ad.",-33.45528,-70.54861,940.0250000000001
2011-05-03,330020.0,"Quinta Normal, Santiago",-33.445,-70.68278,954.775
2011-05-03,330021.0,Pudahuel Santiago ,-33.37833,-70.78778,959.8125
2011-05-03,330030.0,"Santo Domingo, Ad.",-33.65611,-71.61333,1007.4642857142857
2011-05-03,330031.0,"Juan Fernández, Estación Meteorológica.",-33.63583,-78.83305,1019.875
2011-05-03,340031.0,"General Freire, Curicó Ad.",-34.96944,-71.21694,989.375
2011-05-03,360019.0,"Carriel Sur, Concepción Ap.",-36.78055,-73.06639,1017.8791666666666
2011-05-03,370033.0,"María Dolores, Los Angeles Ad.",-37.39694,-72.42389,1004.75
2011-05-03,380013.0,"Maquehue, Temuco Ad.",-38.76778,-72.63194,1010.1875
2011-05-03,400009.0,"Cañal Bajo,  Osorno Ad.",-40.61444,-73.0575,1011.4454545454545
2011-05-03,410005.0,El Tepual  Puerto Montt Ap.,-41.4475,-73.09583,1011.2166666666667
2011-05-03,430001.0,Quellón Ad.,-43.13361,-73.63278,1017.4333333333334
2011-05-03,430002.0,Futaleufú Ad.,-43.18889,-71.85222,973.7666666666668
2011-05-03,450001.0,Puerto Aysén Ad.,-45.39944,-72.67722,1011.2666666666668
2011-05-03,450004.0,"Teniente Vidal, Coyhaique Ad.",-45.59083,-72.10222,972.9538461538461
2011-05-03,450005.0,Balmaceda Ad.,-45.91833,-71.67778,946.7
2011-05-03,510005.0,"Teniente Gallardo, Puerto Natales Ad.",-51.66722,-72.52889,991.0666666666666
2011-05-03,520006.0,"Carlos Ibañez, Punta Arenas Ap.",-53.00167,-70.83861,988.0583333333334
2011-05-03,530005.0,"Fuentes Martínez, Porvenir Ad.",-53.25361,-70.32611,988.325
2011-05-03,550001.0,"Guardiamarina Zañartu, Pto Williams Ad.",-54.93167,-67.61556,983.2642857142857
2011-05-03,950001.0,"C.M.A. Eduardo Frei Montalva, Antártica ",-62.19194,-58.97972,961.6
2011-05-04,180005.0,"Chacalluta, Arica Ap.",-18.35555,-70.34028,1008.8916666666668
2011-05-04,200006.0,Diego Aracena Iquique Ap.,-20.54917,-70.18111,1008.5625
2011-05-04,220002.0,"El Loa, Calama Ad.",-22.49806,-68.8925,775.54
2011-05-04,270001.0,Mataveri  Isla de Pascua Ap.,-27.15889,-109.4325,1010.6
2011-05-04,270008.0,"Desierto de Atacama, Caldera  Ad.",-27.25444,-70.78111,992.7
2011-05-04,290004.0,"La Florida, La Serena Ad.",-29.91444,-71.20667,997.6374999999999
2011-05-04,330007.0,"Rodelillo, Ad.",-33.06528,-71.55639,972.75
2011-05-04,330019.0,"Eulogio Sánchez, Tobalaba Ad.",-33.45528,-70.54861,938.9
2011-05-04,330020.0,"Quinta Normal, Santiago",-33.445,-70.68278,953.9375
2011-05-04,330021.0,Pudahuel Santiago ,-33.37833,-70.78778,958.8791666666666
2011-05-04,330030.0,"Santo Domingo, Ad.",-33.65611,-71.61333,1004.8714285714286
2011-05-04,330031.0,"Juan Fernández, Estación Meteorológica.",-33.63583,-78.83305,1019.15
2011-05-04,340031.0,"General Freire, Curicó Ad.",-34.96944,-71.21694,988.325
2011-05-04,360019.0,"Carriel Sur, Concepción Ap.",-36.78055,-73.06639,1018.4125
2011-05-04,370033.0,"María Dolores, Los Angeles Ad.",-37.39694,-72.42389,1005.55
2011-05-04,380013.0,"Maquehue, Temuco Ad.",-38.76778,-72.63194,1010.8
2011-05-04,400009.0,"Cañal Bajo,  Osorno Ad.",-40.61444,-73.0575,1009.3000000000001
2011-05-04,410005.0,El Tepual  Puerto Montt Ap.,-41.4475,-73.09583,1009.5916666666667
2011-05-04,430001.0,Quellón Ad.,-43.13361,-73.63278,1015.5
2011-05-04,430002.0,Futaleufú Ad.,-43.18889,-71.85222,969.3333333333334
2011-05-04,450001.0,Puerto Aysén Ad.,-45.39944,-72.67722,1004.8333333333334
2011-05-04,450004.0,"Teniente Vidal, Coyhaique Ad.",-45.59083,-72.10222,967.8538461538462
2011-05-04,450005.0,Balmaceda Ad.,-45.91833,-71.67778,940.7
2011-05-04,510005.0,"Teniente Gallardo, Puerto Natales Ad.",-51.66722,-72.52889,975.6999999999999
2011-05-04,520006.0,"Carlos Ibañez, Punta Arenas Ap.",-53.00167,-70.83861,977.0708333333333
2011-05-04,530005.0,"Fuentes Martínez, Porvenir Ad.",-53.25361,-70.32611,974.975
2011-05-04,550001.0,"Guardiamarina Zañartu, Pto Williams Ad.",-54.93167,-67.61556,970.7615384615384
2011-05-04,950001.0,"C.M.A. Eduardo Frei Montalva, Antártica ",-62.19194,-58.97972,955.1875
2011-05-05,180005.0,"Chacalluta, Arica Ap.",-18.35555,-70.34028,1009.5541666666667
2011-05-05,200006.0,Diego Aracena Iquique Ap.,-20.54917,-70.18111,1008.875
2011-05-05,220002.0,"El Loa, Calama Ad.",-22.49806,-68.8925,776.12
2011-05-05,270001.0,Mataveri  Isla de Pascua Ap.,-27.15889,-109.4325,1011.4166666666666
2011-05-05,270008.0,"Desierto de Atacama, Caldera  Ad.",-27.25444,-70.78111,993.76
2011-05-05,290004.0,"La Florida, La Serena Ad.",-29.91444,-71.20667,998.8125
2011-05-05,330007.0,"Rodelillo, Ad.",-33.06528,-71.55639,976.5
2011-05-05,330019.0,"Eulogio Sánchez, Tobalaba Ad.",-33.45528,-70.54861,939.45
2011-05-05,330020.0,"Quinta Normal, Santiago",-33.445,-70.68278,953.3
2011-05-05,330021.0,Pudahuel Santiago ,-33.37833,-70.78778,958.4083333333333
2011-05-05,330030.0,"Santo Domingo, Ad.",-33.65611,-71.61333,1007.0071428571429
2011-05-05,330031.0,"Juan Fernández, Estación Meteorológica.",-33.63583,-78.83305,1018.45
2011-05-05,340031.0,"General Freire, Curicó Ad.",-34.96944,-71.21694,988.425
2011-05-05,360019.0,"Carriel Sur, Concepción Ap.",-36.78055,-73.06639,1017.35
2011-05-05,370033.0,"María Dolores, Los Angeles Ad.",-37.39694,-72.42389,1003.9
2011-05-05,380013.0,"Maquehue, Temuco Ad.",-38.76778,-72.63194,1010.475
2011-05-05,400009.0,"Cañal Bajo,  Osorno Ad.",-40.61444,-73.0575,1015.1454545454545
2011-05-05,410005.0,El Tepual  Puerto Montt Ap.,-41.4475,-73.09583,1012.4875000000001
2011-05-05,430001.0,Quellón Ad.,-43.13361,-73.63278,1022.0666666666666
2011-05-05,430002.0,Futaleufú Ad.,-43.18889,-71.85222,977.6666666666666
2011-05-05,450001.0,Puerto Aysén Ad.,-45.39944,-72.67722,1016.9
2011-05-05,450004.0,"Teniente Vidal, Coyhaique Ad.",-45.59083,-72.10222,977.5769230769231
2011-05-05,450005.0,Balmaceda Ad.,-45.91833,-71.67778,949.9399999999999
2011-05-05,510005.0,"Teniente Gallardo, Puerto Natales Ad.",-51.66722,-72.52889,997.6333333333333
2011-05-05,520006.0,"Carlos Ibañez, Punta Arenas Ap.",-53.00167,-70.83861,990.5041666666666
2011-05-05,530005.0,"Fuentes Martínez, Porvenir Ad.",-53.25361,-70.32611,995.0333333333333
2011-05-05,550001.0,"Guardiamarina Zañartu, Pto Williams Ad.",-54.93167,-67.61556,990.1533333333333
2011-05-05,950001.0,"C.M.A. Eduardo Frei Montalva, Antártica ",-62.19194,-58.97972,972.6125
2011-05-06,180005.0,"Chacalluta, Arica Ap.",-18.35555,-70.34028,1009.475
2011-05-06,200006.0,Diego Aracena Iquique Ap.,-20.54917,-70.18111,1008.5625
2011-05-06,220002.0,"El Loa, Calama Ad.",-22.49806,-68.8925,776.48
2011-05-06,270001.0,Mataveri  Isla de Pascua Ap.,-27.15889,-109.4325,1012.1583333333333
2011-05-06,270008.0,"Desierto de Atacama, Caldera  Ad.",-27.25444,-70.78111,994.1
2011-05-06,290004.0,"La Florida, La Serena Ad.",-29.91444,-71.20667,1000.0375
2011-05-06,330007.0,"Rodelillo, Ad.",-33.06528,-71.55639,977.25
2011-05-06,330019.0,"Eulogio Sánchez, Tobalaba Ad.",-33.45528,-70.54861,941.175
2011-05-06,330020.0,"Quinta Normal, Santiago",-33.445,-70.68278,955.0125
2011-05-06,330021.0,Pudahuel Santiago ,-33.37833,-70.78778,960.275
2011-05-06,330030.0,"Santo Domingo, Ad.",-33.65611,-71.61333,1009.1071428571429
2011-05-06,330031.0,"Juan Fernández, Estación Meteorológica.",-33.63583,-78.83305,1016.725
2011-05-06,340031.0,"General Freire, Curicó Ad.",-34.96944,-71.21694,989.325
2011-05-06,360019.0,"Carriel Sur, Concepción Ap.",-36.78055,-73.06639,1015.7791666666667
2011-05-06,370033.0,"María Dolores, Los Angeles Ad.",-37.39694,-72.42389,1002.55
2011-05-06,380013.0,"Maquehue, Temuco Ad.",-38.76778,-72.63194,1009.2625
2011-05-06,400009.0,"Cañal Bajo,  Osorno Ad.",-40.61444,-73.0575,1014.7727272727273
2011-05-06,410005.0,El Tepual  Puerto Montt Ap.,-41.4475,-73.09583,1013.1750000000001
2011-05-06,430001.0,Quellón Ad.,-43.13361,-73.63278,1020.3000000000001
2011-05-06,430002.0,Futaleufú Ad.,-43.18889,-71.85222,979.0666666666666
2011-05-06,450001.0,Puerto Aysén Ad.,-45.39944,-72.67722,1013.7666666666668
2011-05-06,450004.0,"Teniente Vidal, Coyhaique Ad.",-45.59083,-72.10222,972.9615384615385
2011-05-06,450005.0,Balmaceda Ad.,-45.91833,-71.67778,947.74
2011-05-06,510005.0,"Teniente Gallardo, Puerto Natales Ad.",-51.66722,-72.52889,980.4
2011-05-06,520006.0,"Carlos Ibañez, Punta Arenas Ap.",-53.00167,-70.83861,987.2708333333334
2011-05-06,530005.0,"Fuentes Martínez, Porvenir Ad.",-53.25361,-70.32611,982.25
2011-05-06,550001.0,"Guardiamarina Zañartu, Pto Williams Ad.",-54.93167,-67.61556,984.3272727272728
2011-05-06,950001.0,"C.M.A. Eduardo Frei Montalva, Antártica ",-62.19194,-58.97972,979.9625
2011-05-07,180005.0,"Chacalluta, Arica Ap.",-18.35555,-70.34028,1009.7875
2011-05-07,200006.0,Diego Aracena Iquique Ap.,-20.54917,-70.18111,1009.2625
2011-05-07,220002.0,"El Loa, Calama Ad.",-22.49806,-68.8925,777.3000000000001
2011-05-07,270001.0,Mataveri  Isla de Pascua Ap.,-27.15889,-109.4325,1013.6875
2011-05-07,270008.0,"Desierto de Atacama, Caldera  Ad.",-27.25444,-70.78111,995.1200000000001
2011-05-07,290004.0,"La Florida, La Serena Ad.",-29.91444,-71.20667,1000.7624999999999
2011-05-07,330007.0,"Rodelillo, Ad.",-33.06528,-71.55639,979.75
2011-05-07,330019.0,"Eulogio Sánchez, Tobalaba Ad.",-33.45528,-70.54861,944.175
2011-05-07,330020.0,"Quinta Normal, Santiago",-33.445,-70.68278,957.0500000000001
2011-05-07,330021.0,Pudahuel Santiago ,-33.37833,-70.78778,962.5458333333332
2011-05-07,330030.0,"Santo Domingo, Ad.",-33.65611,-71.61333,1011.7071428571428
2011-05-07,330031.0,"Juan Fernández, Estación Meteorológica.",-33.63583,-78.83305,1016.875
2011-05-07,340031.0,"General Freire, Curicó Ad.",-34.96944,-71.21694,992.325
2011-05-07,360019.0,"Carriel Sur, Concepción Ap.",-36.78055,-73.06639,1017.9499999999999
2011-05-07,380013.0,"Maquehue, Temuco Ad.",-38.76778,-72.63194,1008.2125
2011-05-07,400009.0,"Cañal Bajo,  Osorno Ad.",-40.61444,-73.0575,1011.5749999999999
2011-05-07,410005.0,El Tepual  Puerto Montt Ap.,-41.4475,-73.09583,1007.6666666666666
2011-05-07,450004.0,"Teniente Vidal, Coyhaique Ad.",-45.59083,-72.10222,970.6307692307693
2011-05-07,450005.0,Balmaceda Ad.,-45.91833,-71.67778,941.8399999999999
2011-05-07,520006.0,"Carlos Ibañez, Punta Arenas Ap.",-53.00167,-70.83861,983.3708333333334
2011-05-07,530005.0,"Fuentes Martínez, Porvenir Ad.",-53.25361,-70.32611,984.1
2011-05-07,550001.0,"Guardiamarina Zañartu, Pto Williams Ad.",-54.93167,-67.61556,982.9133333333334
2011-05-07,950001.0,"C.M.A. Eduardo Frei Montalva, Antártica ",-62.19194,-58.97972,974.4625
2011-05-08,180005.0,"Chacalluta, Arica Ap.",-18.35555,-70.34028,1010.1291666666666
2011-05-08,200006.0,Diego Aracena Iquique Ap.,-20.54917,-70.18111,1009.525
2011-05-08,220002.0,"El Loa, Calama Ad.",-22.49806,-68.8925,776.6666666666666
2011-05-08,270001.0,Mataveri  Isla de Pascua Ap.,-27.15889,-109.4325,1015.3041666666667
2011-05-08,270008.0,"Desierto de Atacama, Caldera  Ad.",-27.25444,-70.78111,994.95
2011-05-08,290004.0,"La Florida, La Serena Ad.",-29.91444,-71.20667,1000.0083333333333
2011-05-08,330007.0,"Rodelillo, Ad.",-33.06528,-71.55639,976.3333333333334
2011-05-08,330019.0,"Eulogio Sánchez, Tobalaba Ad.",-33.45528,-70.54861,940.5333333333333
2011-05-08,330020.0,"Quinta Normal, Santiago",-33.445,-70.68278,956.4625
2011-05-08,330021.0,Pudahuel Santiago ,-33.37833,-70.78778,961.4
2011-05-08,330030.0,"Santo Domingo, Ad.",-33.65611,-71.61333,1008.1538461538462
2011-05-08,330031.0,"Juan Fernández, Estación Meteorológica.",-33.63583,-78.83305,1019.15
2011-05-08,340031.0,"General Freire, Curicó Ad.",-34.96944,-71.21694,988.5333333333333
2011-05-08,360019.0,"Carriel Sur, Concepción Ap.",-36.78055,-73.06639,1018.8958333333334
2011-05-08,380013.0,"Maquehue, Temuco Ad.",-38.76778,-72.63194,1011.0625
2011-05-08,400009.0,"Cañal Bajo,  Osorno Ad.",-40.61444,-73.0575,1015.0727272727272
2011-05-08,410005.0,El Tepual  Puerto Montt Ap.,-41.4475,-73.09583,1013.4083333333333
2011-05-08,450004.0,"Teniente Vidal, Coyhaique Ad.",-45.59083,-72.10222,979.6153846153846
2011-05-08,450005.0,Balmaceda Ad.,-45.91833,-71.67778,953.26
2011-05-08,510005.0,"Teniente Gallardo, Puerto Natales Ad.",-51.66722,-72.52889,995.9
2011-05-08,520006.0,"Carlos Ibañez, Punta Arenas Ap.",-53.00167,-70.83861,995.7875
2011-05-08,550001.0,"Guardiamarina Zañartu, Pto Williams Ad.",-54.93167,-67.61556,992.9857142857143
2011-05-08,950001.0,"C.M.A. Eduardo Frei Montalva, Antártica ",-62.19194,-58.97972,981.0375
2011-05-09,180005.0,"Chacalluta, Arica Ap.",-18.35555,-70.34028,1007.4791666666666
2011-05-09,200006.0,Diego Aracena Iquique Ap.,-20.54917,-70.18111,1006.975
2011-05-09,220002.0,"El Loa, Calama Ad.",-22.49806,-68.8925,776.2333333333332
2011-05-09,270001.0,Mataveri  Isla de Pascua Ap.,-27.15889,-109.4325,1013.025
2011-05-09,270008.0,"Desierto de Atacama, Caldera  Ad.",-27.25444,-70.78111,991.9375
2011-05-09,290004.0,"La Florida, La Serena Ad.",-29.91444,-71.20667,997.4375
2011-05-09,330007.0,"Rodelillo, Ad.",-33.06528,-71.55639,973.3333333333334
2011-05-09,330019.0,"Eulogio Sánchez, Tobalaba Ad.",-33.45528,-70.54861,937.3666666666667
2011-05-09,330020.0,"Quinta Normal, Santiago",-33.445,-70.68278,952.775
2011-05-09,330021.0,Pudahuel Santiago ,-33.37833,-70.78778,957.6999999999999
2011-05-09,330030.0,"Santo Domingo, Ad.",-33.65611,-71.61333,1005.7923076923076
2011-05-09,330031.0,"Juan Fernández, Estación Meteorológica.",-33.63583,-78.83305,1013.775
2011-05-09,340031.0,"General Freire, Curicó Ad.",-34.96944,-71.21694,985.2666666666668
2011-05-09,360019.0,"Carriel Sur, Concepción Ap.",-36.78055,-73.06639,1013.4375
2011-05-09,370033.0,"María Dolores, Los Angeles Ad.",-37.39694,-72.42389,997.8
2011-05-09,380013.0,"Maquehue, Temuco Ad.",-38.76778,-72.63194,1004.15
2011-05-09,400009.0,"Cañal Bajo,  Osorno Ad.",-40.61444,-73.0575,1004.1
2011-05-09,410005.0,El Tepual  Puerto Montt Ap.,-41.4475,-73.09583,1003.0291666666667
2011-05-09,430001.0,Quellón Ad.,-43.13361,-73.63278,1004.85
2011-05-09,430002.0,Futaleufú Ad.,-43.18889,-71.85222,962.8333333333334
2011-05-09,450001.0,Puerto Aysén Ad.,-45.39944,-72.67722,996.4666666666667
2011-05-09,450004.0,"Teniente Vidal, Coyhaique Ad.",-45.59083,-72.10222,959.5538461538462
2011-05-09,450005.0,Balmaceda Ad.,-45.91833,-71.67778,936.0799999999999
2011-05-09,510005.0,"Teniente Gallardo, Puerto Natales Ad.",-51.66722,-72.52889,970.4333333333334
2011-05-09,520006.0,"Carlos Ibañez, Punta Arenas Ap.",-53.00167,-70.83861,981.2125
2011-05-09,530005.0,"Fuentes Martínez, Porvenir Ad.",-53.25361,-70.32611,976.35
2011-05-09,550001.0,"Guardiamarina Zañartu, Pto Williams Ad.",-54.93167,-67.61556,983.1818181818181
2011-05-09,950001.0,"C.M.A. Eduardo Frei Montalva, Antártica ",-62.19194,-58.97972,976.875
2011-05-10,180005.0,"Chacalluta, Arica Ap.",-18.35555,-70.34028,1008.85
2011-05-10,200006.0,Diego Aracena Iquique Ap.,-20.54917,-70.18111,1008.3375
2011-05-10,220002.0,"El Loa, Calama Ad.",-22.49806,-68.8925,776.6666666666666
2011-05-10,270001.0,Mataveri  Isla de Pascua Ap.,-27.15889,-109.4325,1003.8625000000001
2011-05-10,270008.0,"Desierto de Atacama, Caldera  Ad.",-27.25444,-70.78111,994.1857142857143
2011-05-10,290004.0,"La Florida, La Serena Ad.",-29.91444,-71.20667,999.2541666666666
2011-05-10,330007.0,"Rodelillo, Ad.",-33.06528,-71.55639,977.3333333333334
2011-05-10,330019.0,"Eulogio Sánchez, Tobalaba Ad.",-33.45528,-70.54861,940.1666666666666
2011-05-10,330020.0,"Quinta Normal, Santiago",-33.445,-70.68278,953.6625
2011-05-10,330021.0,Pudahuel Santiago ,-33.37833,-70.78778,958.9666666666667
2011-05-10,330030.0,"Santo Domingo, Ad.",-33.65611,-71.61333,1008.0692307692308
2011-05-10,330031.0,"Juan Fernández, Estación Meteorológica.",-33.63583,-78.83305,1011.1
2011-05-10,340031.0,"General Freire, Curicó Ad.",-34.96944,-71.21694,989.2333333333332
2011-05-10,360011.0,"General Bernardo O'Higgins, Chillán Ad.",-36.58583,-72.03667,993.9
2011-05-10,360019.0,"Carriel Sur, Concepción Ap.",-36.78055,-73.06639,1013.9541666666668
2011-05-10,370033.0,"María Dolores, Los Angeles Ad.",-37.39694,-72.42389,1001.0
2011-05-10,380013.0,"Maquehue, Temuco Ad.",-38.76778,-72.63194,1001.7125
2011-05-10,400009.0,"Cañal Bajo,  Osorno Ad.",-40.61444,-73.0575,1005.9090909090909
2011-05-10,410005.0,El Tepual  Puerto Montt Ap.,-41.4475,-73.09583,998.5500000000001
2011-05-10,430001.0,Quellón Ad.,-43.13361,-73.63278,1008.0666666666666
2011-05-10,430002.0,Futaleufú Ad.,-43.18889,-71.85222,965.8333333333334
2011-05-10,450001.0,Puerto Aysén Ad.,-45.39944,-72.67722,1002.2666666666668
2011-05-10,450004.0,"Teniente Vidal, Coyhaique Ad.",-45.59083,-72.10222,962.6615384615385
2011-05-10,450005.0,Balmaceda Ad.,-45.91833,-71.67778,934.82
2011-05-10,510005.0,"Teniente Gallardo, Puerto Natales Ad.",-51.66722,-72.52889,980.7666666666668
2011-05-10,520006.0,"Carlos Ibañez, Punta Arenas Ap.",-53.00167,-70.83861,974.9499999999999
2011-05-10,530005.0,"Fuentes Martínez, Porvenir Ad.",-53.25361,-70.32611,978.175
2011-05-10,550001.0,"Guardiamarina Zañartu, Pto Williams Ad.",-54.93167,-67.61556,973.4363636363636
2011-05-10,950001.0,"C.M.A. Eduardo Frei Montalva, Antártica ",-62.19194,-58.97972,988.2625
2011-05-11,180005.0,"Chacalluta, Arica Ap.",-18.35555,-70.34028,1006.7291666666666
2011-05-11,200006.0,Diego Aracena Iquique Ap.,-20.54917,-70.18111,1005.9125
2011-05-11,220002.0,"El Loa, Calama Ad.",-22.49806,-68.8925,777.025
2011-05-11,270001.0,Mataveri  Isla de Pascua Ap.,-27.15889,-109.4325,1003.2541666666666
2011-05-11,270008.0,"Desierto de Atacama, Caldera  Ad.",-27.25444,-70.78111,991.925
2011-05-11,290004.0,"La Florida, La Serena Ad.",-29.91444,-71.20667,998.8291666666668
2011-05-11,330007.0,"Rodelillo, Ad.",-33.06528,-71.55639,975.0
2011-05-11,330019.0,"Eulogio Sánchez, Tobalaba Ad.",-33.45528,-70.54861,941.7666666666668
2011-05-11,330020.0,"Quinta Normal, Santiago",-33.445,-70.68278,957.45
2011-05-11,330021.0,Pudahuel Santiago ,-33.37833,-70.78778,962.4791666666666
2011-05-11,330030.0,"Santo Domingo, Ad.",-33.65611,-71.61333,1008.1615384615385
2011-05-11,330031.0,"Juan Fernández, Estación Meteorológica.",-33.63583,-78.83305,1013.95
2011-05-11,340031.0,"General Freire, Curicó Ad.",-34.96944,-71.21694,990.5333333333333
2011-05-11,360019.0,"Carriel Sur, Concepción Ap.",-36.78055,-73.06639,1018.6583333333333
2011-05-11,370033.0,"María Dolores, Los Angeles Ad.",-37.39694,-72.42389,1005.3
2011-05-11,380013.0,"Maquehue, Temuco Ad.",-38.76778,-72.63194,1009.175
2011-05-11,400009.0,"Cañal Bajo,  Osorno Ad.",-40.61444,-73.0575,1014.2727272727273
2011-05-11,410005.0,El Tepual  Puerto Montt Ap.,-41.4475,-73.09583,1009.8958333333334
2011-05-11,430001.0,Quellón Ad.,-43.13361,-73.63278,1019.1666666666666
2011-05-11,430002.0,Futaleufú Ad.,-43.18889,-71.85222,979.6
2011-05-11,450001.0,Puerto Aysén Ad.,-45.39944,-72.67722,1018.1333333333333
2011-05-11,450004.0,"Teniente Vidal, Coyhaique Ad.",-45.59083,-72.10222,979.0923076923077
2011-05-11,450005.0,Balmaceda Ad.,-45.91833,-71.67778,951.46
2011-05-11,510005.0,"Teniente Gallardo, Puerto Natales Ad.",-51.66722,-72.52889,997.1333333333333
2011-05-11,520006.0,"Carlos Ibañez, Punta Arenas Ap.",-53.00167,-70.83861,995.4041666666667
2011-05-11,530005.0,"Fuentes Martínez, Porvenir Ad.",-53.25361,-70.32611,997.4200000000001
2011-05-11,550001.0,"Guardiamarina Zañartu, Pto Williams Ad.",-54.93167,-67.61556,997.9000000000001
2011-05-11,950001.0,"C.M.A. Eduardo Frei Montalva, Antártica ",-62.19194,-58.97972,999.6
2011-05-12,180005.0,"Chacalluta, Arica Ap.",-18.35555,-70.34028,1009.4958333333334
2011-05-12,200006.0,Diego Aracena Iquique Ap.,-20.54917,-70.18111,1008.7375000000001
2011-05-12,220002.0,"El Loa, Calama Ad.",-22.49806,-68.8925,777.3333333333334
2011-05-12,270001.0,Mataveri  Isla de Pascua Ap.,-27.15889,-109.4325,1005.4458333333333
2011-05-12,270008.0,"Desierto de Atacama, Caldera  Ad.",-27.25444,-70.78111,993.25
2011-05-12,290004.0,"La Florida, La Serena Ad.",-29.91444,-71.20667,997.5458333333332
2011-05-12,330007.0,"Rodelillo, Ad.",-33.06528,-71.55639,974.3333333333334
2011-05-12,330019.0,"Eulogio Sánchez, Tobalaba Ad.",-33.45528,-70.54861,939.1999999999999
2011-05-12,330020.0,"Quinta Normal, Santiago",-33.445,-70.68278,953.6375
2011-05-12,330021.0,Pudahuel Santiago ,-33.37833,-70.78778,958.7125
2011-05-12,330030.0,"Santo Domingo, Ad.",-33.65611,-71.61333,1005.7
2011-05-12,330031.0,"Juan Fernández, Estación Meteorológica.",-33.63583,-78.83305,1013.225
2011-05-12,340031.0,"General Freire, Curicó Ad.",-34.96944,-71.21694,987.0333333333333
2011-05-12,360019.0,"Carriel Sur, Concepción Ap.",-36.78055,-73.06639,1014.9416666666666
2011-05-12,370033.0,"María Dolores, Los Angeles Ad.",-37.39694,-72.42389,1000.3
2011-05-12,380013.0,"Maquehue, Temuco Ad.",-38.76778,-72.63194,1007.3
2011-05-12,400009.0,"Cañal Bajo,  Osorno Ad.",-40.61444,-73.0575,1008.4090909090909
2011-05-12,410005.0,El Tepual  Puerto Montt Ap.,-41.4475,-73.09583,1005.5500000000001
2011-05-12,430001.0,Quellón Ad.,-43.13361,-73.63278,1010.6666666666666
2011-05-12,430002.0,Futaleufú Ad.,-43.18889,-71.85222,974.0333333333333
2011-05-12,450001.0,Puerto Aysén Ad.,-45.39944,-72.67722,1011.3666666666667
2011-05-12,450004.0,"Teniente Vidal, Coyhaique Ad.",-45.59083,-72.10222,976.7538461538461
2011-05-12,450005.0,Balmaceda Ad.,-45.91833,-71.67778,953.4399999999999
2011-05-12,510005.0,"Teniente Gallardo, Puerto Natales Ad.",-51.66722,-72.52889,999.8000000000001
2011-05-12,520006.0,"Carlos Ibañez, Punta Arenas Ap.",-53.00167,-70.83861,1005.7291666666666
2011-05-12,530005.0,"Fuentes Martínez, Porvenir Ad.",-53.25361,-70.32611,1007.8
2011-05-12,550001.0,"Guardiamarina Zañartu, Pto Williams Ad.",-54.93167,-67.61556,1009.4
2011-05-12,950001.0,"C.M.A. Eduardo Frei Montalva, Antártica ",-62.19194,-58.97972,1003.1375
2011-05-13,180005.0,"Chacalluta, Arica Ap.",-18.35555,-70.34028,1010.8791666666666
2011-05-13,200006.0,Diego Aracena Iquique Ap.,-20.54917,-70.18111,1010.3333333333334
2011-05-13,220002.0,"El Loa, Calama Ad.",-22.49806,-68.8925,777.3933333333333
2011-05-13,270001.0,Mataveri  Isla de Pascua Ap.,-27.15889,-109.4325,1004.5541666666667
2011-05-13,270008.0,"Desierto de Atacama, Caldera  Ad.",-27.25444,-70.78111,994.8666666666667
2011-05-13,290004.0,"La Florida, La Serena Ad.",-29.91444,-71.20667,1000.6416666666668
2011-05-13,330007.0,"Rodelillo, Ad.",-33.06528,-71.55639,977.0
2011-05-13,330019.0,"Eulogio Sánchez, Tobalaba Ad.",-33.45528,-70.54861,941.7666666666668
2011-05-13,330020.0,"Quinta Normal, Santiago",-33.445,-70.68278,956.1
2011-05-13,330021.0,Pudahuel Santiago ,-33.37833,-70.78778,961.1333333333333
2011-05-13,330030.0,"Santo Domingo, Ad.",-33.65611,-71.61333,1009.0999999999999
2011-05-13,330031.0,"Juan Fernández, Estación Meteorológica.",-33.63583,-78.83305,1015.35
2011-05-13,340031.0,"General Freire, Curicó Ad.",-34.96944,-71.21694,989.9333333333334
2011-05-13,360019.0,"Carriel Sur, Concepción Ap.",-36.78055,-73.06639,1017.1166666666667
2011-05-13,370033.0,"María Dolores, Los Angeles Ad.",-37.39694,-72.42389,1004.4
2011-05-13,380013.0,"Maquehue, Temuco Ad.",-38.76778,-72.63194,1007.625
2011-05-13,400009.0,"Cañal Bajo,  Osorno Ad.",-40.61444,-73.0575,1014.1833333333334
2011-05-13,410005.0,El Tepual  Puerto Montt Ap.,-41.4475,-73.09583,1009.3208333333333
2011-05-13,430001.0,Quellón Ad.,-43.13361,-73.63278,1021.5
2011-05-13,430002.0,Futaleufú Ad.,-43.18889,-71.85222,981.45
2011-05-13,450001.0,Puerto Aysén Ad.,-45.39944,-72.67722,1021.45
2011-05-13,450004.0,"Teniente Vidal, Coyhaique Ad.",-45.59083,-72.10222,982.9230769230769
2011-05-13,450005.0,Balmaceda Ad.,-45.91833,-71.67778,957.1600000000001
2011-05-13,510005.0,"Teniente Gallardo, Puerto Natales Ad.",-51.66722,-72.52889,1006.3499999999999
2011-05-13,520006.0,"Carlos Ibañez, Punta Arenas Ap.",-53.00167,-70.83861,1005.3958333333334
2011-05-13,530005.0,"Fuentes Martínez, Porvenir Ad.",-53.25361,-70.32611,1009.25
2011-05-13,550001.0,"Guardiamarina Zañartu, Pto Williams Ad.",-54.93167,-67.61556,1010.0846153846154
2011-05-13,950001.0,"C.M.A. Eduardo Frei Montalva, Antártica ",-62.19194,-58.97972,1006.4875
2011-05-14,180005.0,"Chacalluta, Arica Ap.",-18.35555,-70.34028,1011.1291666666666
2011-05-14,200006.0,Diego Aracena Iquique Ap.,-20.54917,-70.18111,1010.6208333333334
2011-05-14,220002.0,"El Loa, Calama Ad.",-22.49806,-68.8925,777.85
2011-05-14,270001.0,Mataveri  Isla de Pascua Ap.,-27.15889,-109.4325,1009.8625000000001
2011-05-14,270008.0,"Desierto de Atacama, Caldera  Ad.",-27.25444,-70.78111,995.8
2011-05-14,290004.0,"La Florida, La Serena Ad.",-29.91444,-71.20667,1001.1958333333333
2011-05-14,330007.0,"Rodelillo, Ad.",-33.06528,-71.55639,978.0
2011-05-14,330019.0,"Eulogio Sánchez, Tobalaba Ad.",-33.45528,-70.54861,941.9333333333334
2011-05-14,330020.0,"Quinta Normal, Santiago",-33.445,-70.68278,956.0625
2011-05-14,330021.0,Pudahuel Santiago ,-33.37833,-70.78778,961.2583333333333
2011-05-14,330030.0,"Santo Domingo, Ad.",-33.65611,-71.61333,1009.6846153846153
2011-05-14,330031.0,"Juan Fernández, Estación Meteorológica.",-33.63583,-78.83305,1014.6
2011-05-14,340031.0,"General Freire, Curicó Ad.",-34.96944,-71.21694,989.5666666666666
2011-05-14,360019.0,"Carriel Sur, Concepción Ap.",-36.78055,-73.06639,1016.7083333333334
2011-05-14,370033.0,"María Dolores, Los Angeles Ad.",-37.39694,-72.42389,
2011-05-14,380013.0,"Maquehue, Temuco Ad.",-38.76778,-72.63194,1006.5875
2011-05-14,400009.0,"Cañal Bajo,  Osorno Ad.",-40.61444,-73.0575,1010.8461538461538
2011-05-14,410005.0,El Tepual  Puerto Montt Ap.,-41.4475,-73.09583,1008.5333333333333
2011-05-14,450004.0,"Teniente Vidal, Coyhaique Ad.",-45.59083,-72.10222,983.823076923077
2011-05-14,450005.0,Balmaceda Ad.,-45.91833,-71.67778,959.6
2011-05-14,520006.0,"Carlos Ibañez, Punta Arenas Ap.",-53.00167,-70.83861,1012.4833333333332
2011-05-14,530005.0,"Fuentes Martínez, Porvenir Ad.",-53.25361,-70.32611,1015.8
2011-05-14,550001.0,"Guardiamarina Zañartu, Pto Williams Ad.",-54.93167,-67.61556,1016.8307692307692
2011-05-14,950001.0,"C.M.A. Eduardo Frei Montalva, Antártica ",-62.19194,-58.97972,1009.1375
2011-05-15,180005.0,"Chacalluta, Arica Ap.",-18.35555,-70.34028,1012.0541666666667
2011-05-15,200006.0,Diego Aracena Iquique Ap.,-20.54917,-70.18111,1011.4083333333333
2011-05-15,220002.0,"El Loa, Calama Ad.",-22.49806,-68.8925,777.5
2011-05-15,270001.0,Mataveri  Isla de Pascua Ap.,-27.15889,-109.4325,1013.2125
2011-05-15,270008.0,"Desierto de Atacama, Caldera  Ad.",-27.25444,-70.78111,996.8333333333334
2011-05-15,290004.0,"La Florida, La Serena Ad.",-29.91444,-71.20667,1002.7125
2011-05-15,330007.0,"Rodelillo, Ad.",-33.06528,-71.55639,979.3333333333334
2011-05-15,330019.0,"Eulogio Sánchez, Tobalaba Ad.",-33.45528,-70.54861,943.4
2011-05-15,330020.0,"Quinta Normal, Santiago",-33.445,-70.68278,957.7375
2011-05-15,330021.0,Pudahuel Santiago ,-33.37833,-70.78778,962.8833333333333
2011-05-15,330030.0,"Santo Domingo, Ad.",-33.65611,-71.61333,1011.876923076923
2011-05-15,330031.0,"Juan Fernández, Estación Meteorológica.",-33.63583,-78.83305,1014.825
2011-05-15,340031.0,"General Freire, Curicó Ad.",-34.96944,-71.21694,992.0
2011-05-15,360019.0,"Carriel Sur, Concepción Ap.",-36.78055,-73.06639,1018.7041666666668
2011-05-15,370033.0,"María Dolores, Los Angeles Ad.",-37.39694,-72.42389,
2011-05-15,380013.0,"Maquehue, Temuco Ad.",-38.76778,-72.63194,1008.15
2011-05-15,400009.0,"Cañal Bajo,  Osorno Ad.",-40.61444,-73.0575,1012.5538461538462
2011-05-15,410005.0,El Tepual  Puerto Montt Ap.,-41.4475,-73.09583,1008.1583333333333
2011-05-15,450004.0,"Teniente Vidal, Coyhaique Ad.",-45.59083,-72.10222,980.4923076923077
2011-05-15,450005.0,Balmaceda Ad.,-45.91833,-71.67778,956.22
2011-05-15,520006.0,"Carlos Ibañez, Punta Arenas Ap.",-53.00167,-70.83861,1005.3625000000001
2011-05-15,550001.0,"Guardiamarina Zañartu, Pto Williams Ad.",-54.93167,-67.61556,1007.2923076923076
2011-05-15,950001.0,"C.M.A. Eduardo Frei Montalva, Antártica ",-62.19194,-58.97972,1007.65
2011-05-16,180005.0,"Chacalluta, Arica Ap.",-18.35555,-70.34028,1011.5541666666667
2011-05-16,200006.0,Diego Aracena Iquique Ap.,-20.54917,-70.18111,1010.85
2011-05-16,220002.0,"El Loa, Calama Ad.",-22.49806,-68.8925,776.9666666666667
2011-05-16,270001.0,Mataveri  Isla de Pascua Ap.,-27.15889,-109.4325,1014.9833333333332
2011-05-16,270008.0,"Desierto de Atacama, Caldera  Ad.",-27.25444,-70.78111,995.375
2011-05-16,290004.0,"La Florida, La Serena Ad.",-29.91444,-71.20667,1001.4208333333332
2011-05-16,330007.0,"Rodelillo, Ad.",-33.06528,-71.55639,978.0
2011-05-16,330019.0,"Eulogio Sánchez, Tobalaba Ad.",-33.45528,-70.54861,943.3666666666667
2011-05-16,330020.0,"Quinta Normal, Santiago",-33.445,-70.68278,958.5875
2011-05-16,330021.0,Pudahuel Santiago ,-33.37833,-70.78778,963.7791666666667
2011-05-16,330030.0,"Santo Domingo, Ad.",-33.65611,-71.61333,1011.3461538461538
2011-05-16,330031.0,"Juan Fernández, Estación Meteorológica.",-33.63583,-78.83305,1018.6
2011-05-16,340031.0,"General Freire, Curicó Ad.",-34.96944,-71.21694,991.9666666666667
2011-05-16,360019.0,"Carriel Sur, Concepción Ap.",-36.78055,-73.06639,1019.8666666666667
2011-05-16,370033.0,"María Dolores, Los Angeles Ad.",-37.39694,-72.42389,1007.3
2011-05-16,380013.0,"Maquehue, Temuco Ad.",-38.76778,-72.63194,1009.6875
2011-05-16,400009.0,"Cañal Bajo,  Osorno Ad.",-40.61444,-73.0575,1014.0454545454545
2011-05-16,410005.0,El Tepual  Puerto Montt Ap.,-41.4475,-73.09583,1009.9458333333333
2011-05-16,430001.0,Quellón Ad.,-43.13361,-73.63278,1019.1666666666666
2011-05-16,430002.0,Futaleufú Ad.,-43.18889,-71.85222,979.0333333333334
2011-05-16,450001.0,Puerto Aysén Ad.,-45.39944,-72.67722,1018.2666666666668
2011-05-16,450004.0,"Teniente Vidal, Coyhaique Ad.",-45.59083,-72.10222,979.8538461538462
2011-05-16,450005.0,Balmaceda Ad.,-45.91833,-71.67778,954.86
2011-05-16,510005.0,"Teniente Gallardo, Puerto Natales Ad.",-51.66722,-72.52889,1002.8666666666667
2011-05-16,520006.0,"Carlos Ibañez, Punta Arenas Ap.",-53.00167,-70.83861,1005.975
2011-05-16,530005.0,"Fuentes Martínez, Porvenir Ad.",-53.25361,-70.32611,1006.9
2011-05-16,550001.0,"Guardiamarina Zañartu, Pto Williams Ad.",-54.93167,-67.61556,1006.7818181818183
2011-05-16,950001.0,"C.M.A. Eduardo Frei Montalva, Antártica ",-62.19194,-58.97972,996.55
2011-05-17,180005.0,"Chacalluta, Arica Ap.",-18.35555,-70.34028,1011.0749999999999
2011-05-17,200006.0,Diego Aracena Iquique Ap.,-20.54917,-70.18111,1010.4250000000001
2011-05-17,220002.0,"El Loa, Calama Ad.",-22.49806,-68.8925,776.2166666666667
2011-05-17,270001.0,Mataveri  Isla de Pascua Ap.,-27.15889,-109.4325,1015.5708333333333
2011-05-17,270008.0,"Desierto de Atacama, Caldera  Ad.",-27.25444,-70.78111,994.9799999999999
2011-05-17,290004.0,"La Florida, La Serena Ad.",-29.91444,-71.20667,1000.2708333333334
2011-05-17,330007.0,"Rodelillo, Ad.",-33.06528,-71.55639,977.0
2011-05-17,330019.0,"Eulogio Sánchez, Tobalaba Ad.",-33.45528,-70.54861,940.9666666666667
2011-05-17,330020.0,"Quinta Normal, Santiago",-33.445,-70.68278,955.825
2011-05-17,330021.0,Pudahuel Santiago ,-33.37833,-70.78778,960.8833333333333
2011-05-17,330030.0,"Santo Domingo, Ad.",-33.65611,-71.61333,1008.6538461538462
2011-05-17,330031.0,"Juan Fernández, Estación Meteorológica.",-33.63583,-78.83305,1017.8
2011-05-17,340031.0,"General Freire, Curicó Ad.",-34.96944,-71.21694,989.2666666666668
2011-05-17,360019.0,"Carriel Sur, Concepción Ap.",-36.78055,-73.06639,1017.8791666666666
2011-05-17,370033.0,"María Dolores, Los Angeles Ad.",-37.39694,-72.42389,1002.9
2011-05-17,380013.0,"Maquehue, Temuco Ad.",-38.76778,-72.63194,1008.6875
2011-05-17,400009.0,"Cañal Bajo,  Osorno Ad.",-40.61444,-73.0575,1012.6166666666666
2011-05-17,410005.0,El Tepual  Puerto Montt Ap.,-41.4475,-73.09583,1008.8166666666666
2011-05-17,430001.0,Quellón Ad.,-43.13361,-73.63278,1013.6333333333333
2011-05-17,430002.0,Futaleufú Ad.,-43.18889,-71.85222,973.9333333333334
2011-05-17,450001.0,Puerto Aysén Ad.,-45.39944,-72.67722,1009.9
2011-05-17,450004.0,"Teniente Vidal, Coyhaique Ad.",-45.59083,-72.10222,973.6307692307693
2011-05-17,450005.0,Balmaceda Ad.,-45.91833,-71.67778,949.6200000000001
2011-05-17,510005.0,"Teniente Gallardo, Puerto Natales Ad.",-51.66722,-72.52889,979.5333333333333
2011-05-17,520006.0,"Carlos Ibañez, Punta Arenas Ap.",-53.00167,-70.83861,991.5083333333333
2011-05-17,530005.0,"Fuentes Martínez, Porvenir Ad.",-53.25361,-70.32611,987.65
2011-05-17,550001.0,"Guardiamarina Zañartu, Pto Williams Ad.",-54.93167,-67.61556,989.7153846153846
2011-05-17,950001.0,"C.M.A. Eduardo Frei Montalva, Antártica ",-62.19194,-58.97972,987.075
2011-05-18,180005.0,"Chacalluta, Arica Ap.",-18.35555,-70.34028,1011.6999999999999
2011-05-18,200006.0,Diego Aracena Iquique Ap.,-20.54917,-70.18111,1011.1166666666667
2011-05-18,220002.0,"El Loa, Calama Ad.",-22.49806,-68.8925,777.4499999999999
2011-05-18,270001.0,Mataveri  Isla de Pascua Ap.,-27.15889,-109.4325,1015.3208333333333
2011-05-18,270008.0,"Desierto de Atacama, Caldera  Ad.",-27.25444,-70.78111,995.65
2011-05-18,290004.0,"La Florida, La Serena Ad.",-29.91444,-71.20667,1001.6041666666666
2011-05-18,330007.0,"Rodelillo, Ad.",-33.06528,-71.55639,977.6666666666666
2011-05-18,330019.0,"Eulogio Sánchez, Tobalaba Ad.",-33.45528,-70.54861,941.1333333333333
2011-05-18,330020.0,"Quinta Normal, Santiago",-33.445,-70.68278,956.2
2011-05-18,330021.0,Pudahuel Santiago ,-33.37833,-70.78778,961.2083333333334
2011-05-18,330030.0,"Santo Domingo, Ad.",-33.65611,-71.61333,1009.2615384615384
2011-05-18,330031.0,"Juan Fernández, Estación Meteorológica.",-33.63583,-78.83305,1013.875
2011-05-18,340031.0,"General Freire, Curicó Ad.",-34.96944,-71.21694,988.8000000000001
2011-05-18,360019.0,"Carriel Sur, Concepción Ap.",-36.78055,-73.06639,1016.4916666666667
2011-05-18,370033.0,"María Dolores, Los Angeles Ad.",-37.39694,-72.42389,1002.5
2011-05-18,380013.0,"Maquehue, Temuco Ad.",-38.76778,-72.63194,1005.1375
2011-05-18,400009.0,"Cañal Bajo,  Osorno Ad.",-40.61444,-73.0575,1005.5846153846154
2011-05-18,410005.0,El Tepual  Puerto Montt Ap.,-41.4475,-73.09583,1002.0583333333334
2011-05-18,430001.0,Quellón Ad.,-43.13361,-73.63278,1010.6
2011-05-18,430002.0,Futaleufú Ad.,-43.18889,-71.85222,969.5
2011-05-18,450001.0,Puerto Aysén Ad.,-45.39944,-72.67722,1008.2666666666668
2011-05-18,450004.0,"Teniente Vidal, Coyhaique Ad.",-45.59083,-72.10222,970.376923076923
2011-05-18,450005.0,Balmaceda Ad.,-45.91833,-71.67778,944.6600000000001
2011-05-18,510005.0,"Teniente Gallardo, Puerto Natales Ad.",-51.66722,-72.52889,989.1666666666666
2011-05-18,520006.0,"Carlos Ibañez, Punta Arenas Ap.",-53.00167,-70.83861,984.9499999999999
2011-05-18,530005.0,"Fuentes Martínez, Porvenir Ad.",-53.25361,-70.32611,989.725
2011-05-18,550001.0,"Guardiamarina Zañartu, Pto Williams Ad.",-54.93167,-67.61556,986.2923076923076
2011-05-18,950001.0,"C.M.A. Eduardo Frei Montalva, Antártica ",-62.19194,-58.97972,972.6625
2011-05-19,180005.0,"Chacalluta, Arica Ap.",-18.35555,-70.34028,1012.7375000000001
2011-05-19,200006.0,Diego Aracena Iquique Ap.,-20.54917,-70.18111,1012.1708333333332
2011-05-19,220002.0,"El Loa, Calama Ad.",-22.49806,-68.8925,778.0333333333333
2011-05-19,270001.0,Mataveri  Isla de Pascua Ap.,-27.15889,-109.4325,1017.4708333333333
2011-05-19,270008.0,"Desierto de Atacama, Caldera  Ad.",-27.25444,-70.78111,997.25
2011-05-19,290004.0,"La Florida, La Serena Ad.",-29.91444,-71.20667,1002.7624999999999
2011-05-19,330007.0,"Rodelillo, Ad.",-33.06528,-71.55639,980.0
2011-05-19,330019.0,"Eulogio Sánchez, Tobalaba Ad.",-33.45528,-70.54861,943.6333333333333
2011-05-19,330020.0,"Quinta Normal, Santiago",-33.445,-70.68278,956.5875
2011-05-19,330021.0,Pudahuel Santiago ,-33.37833,-70.78778,961.8958333333334
2011-05-19,330030.0,"Santo Domingo, Ad.",-33.65611,-71.61333,1011.1615384615385
2011-05-19,330031.0,"Juan Fernández, Estación Meteorológica.",-33.63583,-78.83305,1010.7
2011-05-19,340031.0,"General Freire, Curicó Ad.",-34.96944,-71.21694,990.8333333333334
2011-05-19,360019.0,"Carriel Sur, Concepción Ap.",-36.78055,-73.06639,1012.8791666666666
2011-05-19,370033.0,"María Dolores, Los Angeles Ad.",-37.39694,-72.42389,998.8
2011-05-19,380013.0,"Maquehue, Temuco Ad.",-38.76778,-72.63194,1001.0375
2011-05-19,400009.0,"Cañal Bajo,  Osorno Ad.",-40.61444,-73.0575,1005.7363636363636
2011-05-19,410005.0,El Tepual  Puerto Montt Ap.,-41.4475,-73.09583,1000.5541666666667
2011-05-19,430001.0,Quellón Ad.,-43.13361,-73.63278,1009.3666666666667
2011-05-19,430002.0,Futaleufú Ad.,-43.18889,-71.85222,967.5
2011-05-19,450001.0,Puerto Aysén Ad.,-45.39944,-72.67722,1005.3333333333334
2011-05-19,450004.0,"Teniente Vidal, Coyhaique Ad.",-45.59083,-72.10222,967.4076923076923
2011-05-19,450005.0,Balmaceda Ad.,-45.91833,-71.67778,942.0799999999999
2011-05-19,510005.0,"Teniente Gallardo, Puerto Natales Ad.",-51.66722,-72.52889,988.0333333333333
2011-05-19,520006.0,"Carlos Ibañez, Punta Arenas Ap.",-53.00167,-70.83861,988.8375
2011-05-19,530005.0,"Fuentes Martínez, Porvenir Ad.",-53.25361,-70.32611,989.74
2011-05-19,550001.0,"Guardiamarina Zañartu, Pto Williams Ad.",-54.93167,-67.61556,987.5636363636364
2011-05-19,950001.0,"C.M.A. Eduardo Frei Montalva, Antártica ",-62.19194,-58.97972,976.2
2011-05-20,180005.0,"Chacalluta, Arica Ap.",-18.35555,-70.34028,1012.0583333333334
2011-05-20,200006.0,Diego Aracena Iquique Ap.,-20.54917,-70.18111,1011.3916666666668
2011-05-20,220002.0,"El Loa, Calama Ad.",-22.49806,-68.8925,777.7833333333333
2011-05-20,270001.0,Mataveri  Isla de Pascua Ap.,-27.15889,-109.4325,1020.125
2011-05-20,270008.0,"Desierto de Atacama, Caldera  Ad.",-27.25444,-70.78111,996.2
2011-05-20,290004.0,"La Florida, La Serena Ad.",-29.91444,-71.20667,1002.3916666666668
2011-05-20,330007.0,"Rodelillo, Ad.",-33.06528,-71.55639,977.6666666666666
2011-05-20,330019.0,"Eulogio Sánchez, Tobalaba Ad.",-33.45528,-70.54861,942.2666666666668
2011-05-20,330020.0,"Quinta Normal, Santiago",-33.445,-70.68278,957.9125
2011-05-20,330021.0,Pudahuel Santiago ,-33.37833,-70.78778,962.9333333333334
2011-05-20,330030.0,"Santo Domingo, Ad.",-33.65611,-71.61333,1010.0076923076923
2011-05-20,330031.0,"Juan Fernández, Estación Meteorológica.",-33.63583,-78.83305,1016.25
2011-05-20,340031.0,"General Freire, Curicó Ad.",-34.96944,-71.21694,990.3333333333334
2011-05-20,360019.0,"Carriel Sur, Concepción Ap.",-36.78055,-73.06639,1019.2916666666666
2011-05-20,370033.0,"María Dolores, Los Angeles Ad.",-37.39694,-72.42389,1005.1
2011-05-20,380013.0,"Maquehue, Temuco Ad.",-38.76778,-72.63194,1010.0625
2011-05-20,390006.0,"Pichoy, Valdivia Ad.",-39.65667,-73.08722,1016.9
2011-05-20,400009.0,"Cañal Bajo,  Osorno Ad.",-40.61444,-73.0575,1013.3
2011-05-20,410005.0,El Tepual  Puerto Montt Ap.,-41.4475,-73.09583,1009.3083333333334
2011-05-20,430001.0,Quellón Ad.,-43.13361,-73.63278,1014.95
2011-05-20,430002.0,Futaleufú Ad.,-43.18889,-71.85222,975.15
2011-05-20,450001.0,Puerto Aysén Ad.,-45.39944,-72.67722,1010.45
2011-05-20,450004.0,"Teniente Vidal, Coyhaique Ad.",-45.59083,-72.10222,971.6538461538462
2011-05-20,450005.0,Balmaceda Ad.,-45.91833,-71.67778,946.6200000000001
2011-05-20,510005.0,"Teniente Gallardo, Puerto Natales Ad.",-51.66722,-72.52889,986.4
2011-05-20,520006.0,"Carlos Ibañez, Punta Arenas Ap.",-53.00167,-70.83861,986.1875
2011-05-20,530005.0,"Fuentes Martínez, Porvenir Ad.",-53.25361,-70.32611,986.975
2011-05-20,550001.0,"Guardiamarina Zañartu, Pto Williams Ad.",-54.93167,-67.61556,985.3
2011-05-20,950001.0,"C.M.A. Eduardo Frei Montalva, Antártica ",-62.19194,-58.97972,976.5124999999999
2011-05-21,180005.0,"Chacalluta, Arica Ap.",-18.35555,-70.34028,1012.2083333333334
2011-05-21,200006.0,Diego Aracena Iquique Ap.,-20.54917,-70.18111,1011.3041666666667
2011-05-21,220002.0,"El Loa, Calama Ad.",-22.49806,-68.8925,778.3000000000001
2011-05-21,270001.0,Mataveri  Isla de Pascua Ap.,-27.15889,-109.4325,1020.6541666666667
2011-05-21,270008.0,"Desierto de Atacama, Caldera  Ad.",-27.25444,-70.78111,996.8399999999999
2011-05-21,290004.0,"La Florida, La Serena Ad.",-29.91444,-71.20667,1002.0124999999999
2011-05-21,330007.0,"Rodelillo, Ad.",-33.06528,-71.55639,978.3333333333334
2011-05-21,330019.0,"Eulogio Sánchez, Tobalaba Ad.",-33.45528,-70.54861,942.4333333333334
2011-05-21,330020.0,"Quinta Normal, Santiago",-33.445,-70.68278,956.2875
2011-05-21,330021.0,Pudahuel Santiago ,-33.37833,-70.78778,961.4250000000001
2011-05-21,330030.0,"Santo Domingo, Ad.",-33.65611,-71.61333,1009.7461538461539
2011-05-21,330031.0,"Juan Fernández, Estación Meteorológica.",-33.63583,-78.83305,1013.9
2011-05-21,340031.0,"General Freire, Curicó Ad.",-34.96944,-71.21694,989.9333333333334
2011-05-21,360019.0,"Carriel Sur, Concepción Ap.",-36.78055,-73.06639,1017.0833333333334
2011-05-21,370033.0,"María Dolores, Los Angeles Ad.",-37.39694,-72.42389,
2011-05-21,380013.0,"Maquehue, Temuco Ad.",-38.76778,-72.63194,1006.075
2011-05-21,390006.0,"Pichoy, Valdivia Ad.",-39.65667,-73.08722,1013.0
2011-05-21,400009.0,"Cañal Bajo,  Osorno Ad.",-40.61444,-73.0575,1007.9090909090909
2011-05-21,410005.0,El Tepual  Puerto Montt Ap.,-41.4475,-73.09583,1003.3249999999999
2011-05-21,450004.0,"Teniente Vidal, Coyhaique Ad.",-45.59083,-72.10222,969.7923076923076
2011-05-21,450005.0,Balmaceda Ad.,-45.91833,-71.67778,943.8399999999999
2011-05-21,520006.0,"Carlos Ibañez, Punta Arenas Ap.",-53.00167,-70.83861,995.9166666666666
2011-05-21,530005.0,"Fuentes Martínez, Porvenir Ad.",-53.25361,-70.32611,999.45
2011-05-21,550001.0,"Guardiamarina Zañartu, Pto Williams Ad.",-54.93167,-67.61556,1000.6166666666667
2011-05-21,950001.0,"C.M.A. Eduardo Frei Montalva, Antártica ",-62.19194,-58.97972,984.175
2011-05-22,180005.0,"Chacalluta, Arica Ap.",-18.35555,-70.34028,1012.8249999999999
2011-05-22,200006.0,Diego Aracena Iquique Ap.,-20.54917,-70.18111,1012.0333333333333
2011-05-22,220002.0,"El Loa, Calama Ad.",-22.49806,-68.8925,778.2333333333332
2011-05-22,270001.0,Mataveri  Isla de Pascua Ap.,-27.15889,-109.4325,1020.7739130434783
2011-05-22,270008.0,"Desierto de Atacama, Caldera  Ad.",-27.25444,-70.78111,996.775
2011-05-22,290004.0,"La Florida, La Serena Ad.",-29.91444,-71.20667,1003.3083333333334
2011-05-22,330007.0,"Rodelillo, Ad.",-33.06528,-71.55639,980.3333333333334
2011-05-22,330019.0,"Eulogio Sánchez, Tobalaba Ad.",-33.45528,-70.54861,944.9333333333334
2011-05-22,330020.0,"Quinta Normal, Santiago",-33.445,-70.68278,958.9250000000001
2011-05-22,330021.0,Pudahuel Santiago ,-33.37833,-70.78778,964.225
2011-05-22,330030.0,"Santo Domingo, Ad.",-33.65611,-71.61333,1012.4846153846154
2011-05-22,330031.0,"Juan Fernández, Estación Meteorológica.",-33.63583,-78.83305,1018.05
2011-05-22,340031.0,"General Freire, Curicó Ad.",-34.96944,-71.21694,994.0
2011-05-22,360019.0,"Carriel Sur, Concepción Ap.",-36.78055,-73.06639,1021.5916666666667
2011-05-22,370033.0,"María Dolores, Los Angeles Ad.",-37.39694,-72.42389,
2011-05-22,380013.0,"Maquehue, Temuco Ad.",-38.76778,-72.63194,1011.8
2011-05-22,390006.0,"Pichoy, Valdivia Ad.",-39.65667,-73.08722,1022.6999999999999
2011-05-22,400009.0,"Cañal Bajo,  Osorno Ad.",-40.61444,-73.0575,1018.0416666666666
2011-05-22,410005.0,El Tepual  Puerto Montt Ap.,-41.4475,-73.09583,1011.8125
2011-05-22,450004.0,"Teniente Vidal, Coyhaique Ad.",-45.59083,-72.10222,976.6538461538462
2011-05-22,450005.0,Balmaceda Ad.,-45.91833,-71.67778,950.4
2011-05-22,520006.0,"Carlos Ibañez, Punta Arenas Ap.",-53.00167,-70.83861,996.0958333333333
2011-05-22,550001.0,"Guardiamarina Zañartu, Pto Williams Ad.",-54.93167,-67.61556,994.7818181818183
2011-05-22,950001.0,"C.M.A. Eduardo Frei Montalva, Antártica ",-62.19194,-58.97972,987.275
2011-05-23,180005.0,"Chacalluta, Arica Ap.",-18.35555,-70.34028,1012.4416666666666
2011-05-23,200006.0,Diego Aracena Iquique Ap.,-20.54917,-70.18111,1011.5749999999999
2011-05-23,220002.0,"El Loa, Calama Ad.",-22.49806,-68.8925,777.8166666666666
2011-05-23,270001.0,Mataveri  Isla de Pascua Ap.,-27.15889,-109.4325,1019.0500000000001
2011-05-23,270008.0,"Desierto de Atacama, Caldera  Ad.",-27.25444,-70.78111,996.4799999999999
2011-05-23,290004.0,"La Florida, La Serena Ad.",-29.91444,-71.20667,1002.0666666666666
2011-05-23,330007.0,"Rodelillo, Ad.",-33.06528,-71.55639,978.6666666666666
2011-05-23,330019.0,"Eulogio Sánchez, Tobalaba Ad.",-33.45528,-70.54861,941.6333333333333
2011-05-23,330020.0,"Quinta Normal, Santiago",-33.445,-70.68278,957.0125
2011-05-23,330021.0,Pudahuel Santiago ,-33.37833,-70.78778,962.0
2011-05-23,330030.0,"Santo Domingo, Ad.",-33.65611,-71.61333,1010.1538461538462
2011-05-23,330031.0,"Juan Fernández, Estación Meteorológica.",-33.63583,-78.83305,1018.7
2011-05-23,340031.0,"General Freire, Curicó Ad.",-34.96944,-71.21694,990.5
2011-05-23,360019.0,"Carriel Sur, Concepción Ap.",-36.78055,-73.06639,1019.3333333333334
2011-05-23,370033.0,"María Dolores, Los Angeles Ad.",-37.39694,-72.42389,1003.6
2011-05-23,380013.0,"Maquehue, Temuco Ad.",-38.76778,-72.63194,1010.9
2011-05-23,390006.0,"Pichoy, Valdivia Ad.",-39.65667,-73.08722,1017.2666666666668
2011-05-23,400009.0,"Cañal Bajo,  Osorno Ad.",-40.61444,-73.0575,1011.9272727272728
2011-05-23,410005.0,El Tepual  Puerto Montt Ap.,-41.4475,-73.09583,1009.6416666666668
2011-05-23,430001.0,Quellón Ad.,-43.13361,-73.63278,1013.3000000000001
2011-05-23,450001.0,Puerto Aysén Ad.,-45.39944,-72.67722,1009.6333333333333
2011-05-23,450004.0,"Teniente Vidal, Coyhaique Ad.",-45.59083,-72.10222,970.5153846153846
2011-05-23,450005.0,Balmaceda Ad.,-45.91833,-71.67778,943.9799999999999
2011-05-23,510005.0,"Teniente Gallardo, Puerto Natales Ad.",-51.66722,-72.52889,984.8000000000001
2011-05-23,520006.0,"Carlos Ibañez, Punta Arenas Ap.",-53.00167,-70.83861,976.1374999999999
2011-05-23,530005.0,"Fuentes Martínez, Porvenir Ad.",-53.25361,-70.32611,978.95
2011-05-23,550001.0,"Guardiamarina Zañartu, Pto Williams Ad.",-54.93167,-67.61556,975.6909090909091
2011-05-23,950001.0,"C.M.A. Eduardo Frei Montalva, Antártica ",-62.19194,-58.97972,975.95
2011-05-24,180005.0,"Chacalluta, Arica Ap.",-18.35555,-70.34028,1012.4583333333334
2011-05-24,200006.0,Diego Aracena Iquique Ap.,-20.54917,-70.18111,1011.7291666666666
2011-05-24,220002.0,"El Loa, Calama Ad.",-22.49806,-68.8925,778.1666666666666
2011-05-24,270001.0,Mataveri  Isla de Pascua Ap.,-27.15889,-109.4325,1015.8625000000001
2011-05-24,270008.0,"Desierto de Atacama, Caldera  Ad.",-27.25444,-70.78111,998.175
2011-05-24,290004.0,"La Florida, La Serena Ad.",-29.91444,-71.20667,1004.3583333333332
2011-05-24,330007.0,"Rodelillo, Ad.",-33.06528,-71.55639,982.6666666666666
2011-05-24,330019.0,"Eulogio Sánchez, Tobalaba Ad.",-33.45528,-70.54861,946.6333333333333
2011-05-24,330020.0,"Quinta Normal, Santiago",-33.445,-70.68278,959.5
2011-05-24,330021.0,Pudahuel Santiago ,-33.37833,-70.78778,967.2791666666667
2011-05-24,330030.0,"Santo Domingo, Ad.",-33.65611,-71.61333,1014.1076923076923
2011-05-24,330031.0,"Juan Fernández, Estación Meteorológica.",-33.63583,-78.83305,1017.175
2011-05-24,340031.0,"General Freire, Curicó Ad.",-34.96944,-71.21694,995.4333333333334
2011-05-24,360019.0,"Carriel Sur, Concepción Ap.",-36.78055,-73.06639,1019.9041666666667
2011-05-24,370033.0,"María Dolores, Los Angeles Ad.",-37.39694,-72.42389,1008.6
2011-05-24,380013.0,"Maquehue, Temuco Ad.",-38.76778,-72.63194,1008.3
2011-05-24,390006.0,"Pichoy, Valdivia Ad.",-39.65667,-73.08722,1016.0333333333333
2011-05-24,400009.0,"Cañal Bajo,  Osorno Ad.",-40.61444,-73.0575,1009.4454545454545
2011-05-24,410005.0,El Tepual  Puerto Montt Ap.,-41.4475,-73.09583,1004.4833333333332
2011-05-24,430001.0,Quellón Ad.,-43.13361,-73.63278,1007.6666666666666
2011-05-24,430002.0,Futaleufú Ad.,-43.18889,-71.85222,966.5666666666666
2011-05-24,450001.0,Puerto Aysén Ad.,-45.39944,-72.67722,1003.5666666666666
2011-05-24,450004.0,"Teniente Vidal, Coyhaique Ad.",-45.59083,-72.10222,966.4461538461538
2011-05-24,450005.0,Balmaceda Ad.,-45.91833,-71.67778,940.4200000000001
2011-05-24,510005.0,"Teniente Gallardo, Puerto Natales Ad.",-51.66722,-72.52889,984.9666666666667
2011-05-24,520006.0,"Carlos Ibañez, Punta Arenas Ap.",-53.00167,-70.83861,986.65
2011-05-24,530005.0,"Fuentes Martínez, Porvenir Ad.",-53.25361,-70.32611,988.65
2011-05-24,550001.0,"Guardiamarina Zañartu, Pto Williams Ad.",-54.93167,-67.61556,988.8272727272728
2011-05-24,950001.0,"C.M.A. Eduardo Frei Montalva, Antártica ",-62.19194,-58.97972,978.8000000000001
2011-05-25,180005.0,"Chacalluta, Arica Ap.",-18.35555,-70.34028,1011.5375
2011-05-25,200006.0,Diego Aracena Iquique Ap.,-20.54917,-70.18111,1010.9625
2011-05-25,220002.0,"El Loa, Calama Ad.",-22.49806,-68.8925,778.4833333333332
2011-05-25,270001.0,Mataveri  Isla de Pascua Ap.,-27.15889,-109.4325,1012.0416666666666
2011-05-25,270008.0,"Desierto de Atacama, Caldera  Ad.",-27.25444,-70.78111,994.35
2011-05-25,290004.0,"La Florida, La Serena Ad.",-29.91444,-71.20667,1001.9041666666667
2011-05-25,330007.0,"Rodelillo, Ad.",-33.06528,-71.55639,977.0
2011-05-25,330019.0,"Eulogio Sánchez, Tobalaba Ad.",-33.45528,-70.54861,943.425
2011-05-25,330020.0,"Quinta Normal, Santiago",-33.445,-70.68278,960.325
2011-05-25,330021.0,Pudahuel Santiago ,-33.37833,-70.78778,965.2833333333333
2011-05-25,330030.0,"Santo Domingo, Ad.",-33.65611,-71.61333,1010.4692307692308
2011-05-25,330031.0,"Juan Fernández, Estación Meteorológica.",-33.63583,-78.83305,1018.45
2011-05-25,340031.0,"General Freire, Curicó Ad.",-34.96944,-71.21694,991.8333333333334
2011-05-25,360019.0,"Carriel Sur, Concepción Ap.",-36.78055,-73.06639,1022.2583333333333
2011-05-25,370033.0,"María Dolores, Los Angeles Ad.",-37.39694,-72.42389,1007.3
2011-05-25,380013.0,"Maquehue, Temuco Ad.",-38.76778,-72.63194,1011.925
2011-05-25,390006.0,"Pichoy, Valdivia Ad.",-39.65667,-73.08722,1019.775
2011-05-25,400009.0,"Cañal Bajo,  Osorno Ad.",-40.61444,-73.0575,1016.0636363636364
2011-05-25,410005.0,El Tepual  Puerto Montt Ap.,-41.4475,-73.09583,1011.9083333333333
2011-05-25,430001.0,Quellón Ad.,-43.13361,-73.63278,1022.4666666666667
2011-05-25,430002.0,Futaleufú Ad.,-43.18889,-71.85222,982.4666666666667
2011-05-25,450001.0,Puerto Aysén Ad.,-45.39944,-72.67722,1022.9
2011-05-25,450004.0,"Teniente Vidal, Coyhaique Ad.",-45.59083,-72.10222,983.6153846153846
2011-05-25,450005.0,Balmaceda Ad.,-45.91833,-71.67778,955.6
2011-05-25,510005.0,"Teniente Gallardo, Puerto Natales Ad.",-51.66722,-72.52889,1001.5
2011-05-25,520006.0,"Carlos Ibañez, Punta Arenas Ap.",-53.00167,-70.83861,997.6916666666666
2011-05-25,530005.0,"Fuentes Martínez, Porvenir Ad.",-53.25361,-70.32611,1003.475
2011-05-25,550001.0,"Guardiamarina Zañartu, Pto Williams Ad.",-54.93167,-67.61556,1000.4923076923077
2011-05-25,950001.0,"C.M.A. Eduardo Frei Montalva, Antártica ",-62.19194,-58.97972,984.65
2011-05-26,180005.0,"Chacalluta, Arica Ap.",-18.35555,-70.34028,1011.5833333333334
2011-05-26,200006.0,Diego Aracena Iquique Ap.,-20.54917,-70.18111,1011.1208333333334
2011-05-26,220002.0,"El Loa, Calama Ad.",-22.49806,-68.8925,778.6166666666667
2011-05-26,270001.0,Mataveri  Isla de Pascua Ap.,-27.15889,-109.4325,1012.1875
2011-05-26,270008.0,"Desierto de Atacama, Caldera  Ad.",-27.25444,-70.78111,996.4
2011-05-26,290004.0,"La Florida, La Serena Ad.",-29.91444,-71.20667,1001.5708333333333
2011-05-26,330007.0,"Rodelillo, Ad.",-33.06528,-71.55639,978.0
2011-05-26,330019.0,"Eulogio Sánchez, Tobalaba Ad.",-33.45528,-70.54861,942.4666666666667
2011-05-26,330020.0,"Quinta Normal, Santiago",-33.445,-70.68278,956.9125
2011-05-26,330021.0,Pudahuel Santiago ,-33.37833,-70.78778,961.9833333333332
2011-05-26,330030.0,"Santo Domingo, Ad.",-33.65611,-71.61333,1010.7230769230769
2011-05-26,330031.0,"Juan Fernández, Estación Meteorológica.",-33.63583,-78.83305,1013.875
2011-05-26,340031.0,"General Freire, Curicó Ad.",-34.96944,-71.21694,990.4
2011-05-26,360019.0,"Carriel Sur, Concepción Ap.",-36.78055,-73.06639,1017.5458333333332
2011-05-26,370033.0,"María Dolores, Los Angeles Ad.",-37.39694,-72.42389,1004.3
2011-05-26,380013.0,"Maquehue, Temuco Ad.",-38.76778,-72.63194,1006.8
2011-05-26,390006.0,"Pichoy, Valdivia Ad.",-39.65667,-73.08722,1015.1
2011-05-26,400009.0,"Cañal Bajo,  Osorno Ad.",-40.61444,-73.0575,1008.7090909090908
2011-05-26,410005.0,El Tepual  Puerto Montt Ap.,-41.4475,-73.09583,1006.1583333333333
2011-05-26,430001.0,Quellón Ad.,-43.13361,-73.63278,1010.2666666666668
2011-05-26,430002.0,Futaleufú Ad.,-43.18889,-71.85222,975.0
2011-05-26,450001.0,Puerto Aysén Ad.,-45.39944,-72.67722,1011.5333333333334
2011-05-26,450004.0,"Teniente Vidal, Coyhaique Ad.",-45.59083,-72.10222,976.9384615384616
2011-05-26,450005.0,Balmaceda Ad.,-45.91833,-71.67778,953.5600000000001
2011-05-26,510005.0,"Teniente Gallardo, Puerto Natales Ad.",-51.66722,-72.52889,989.8000000000001
2011-05-26,520006.0,"Carlos Ibañez, Punta Arenas Ap.",-53.00167,-70.83861,999.8833333333333
2011-05-26,530005.0,"Fuentes Martínez, Porvenir Ad.",-53.25361,-70.32611,998.075
2011-05-26,550001.0,"Guardiamarina Zañartu, Pto Williams Ad.",-54.93167,-67.61556,1000.1076923076923
2011-05-26,950001.0,"C.M.A. Eduardo Frei Montalva, Antártica ",-62.19194,-58.97972,988.775
2011-05-27,180005.0,"Chacalluta, Arica Ap.",-18.35555,-70.34028,1010.9041666666667
2011-05-27,200006.0,Diego Aracena Iquique Ap.,-20.54917,-70.18111,1010.4833333333332
2011-05-27,220002.0,"El Loa, Calama Ad.",-22.49806,-68.8925,777.85
2011-05-27,270001.0,Mataveri  Isla de Pascua Ap.,-27.15889,-109.4325,1013.2666666666668
2011-05-27,270008.0,"Desierto de Atacama, Caldera  Ad.",-27.25444,-70.78111,995.0500000000001
2011-05-27,290004.0,"La Florida, La Serena Ad.",-29.91444,-71.20667,1001.4916666666667
2011-05-27,330007.0,"Rodelillo, Ad.",-33.06528,-71.55639,978.0
2011-05-27,330019.0,"Eulogio Sánchez, Tobalaba Ad.",-33.45528,-70.54861,942.6999999999999
2011-05-27,330020.0,"Quinta Normal, Santiago",-33.445,-70.68278,957.875
2011-05-27,330021.0,Pudahuel Santiago ,-33.37833,-70.78778,963.0708333333333
2011-05-27,330030.0,"Santo Domingo, Ad.",-33.65611,-71.61333,1011.7384615384616
2011-05-27,330031.0,"Juan Fernández, Estación Meteorológica.",-33.63583,-78.83305,1013.725
2011-05-27,340031.0,"General Freire, Curicó Ad.",-34.96944,-71.21694,991.6600000000001
2011-05-27,360019.0,"Carriel Sur, Concepción Ap.",-36.78055,-73.06639,1019.0791666666668
2011-05-27,370033.0,"María Dolores, Los Angeles Ad.",-37.39694,-72.42389,1005.6
2011-05-27,380013.0,"Maquehue, Temuco Ad.",-38.76778,-72.63194,1007.1375
2011-05-27,390006.0,"Pichoy, Valdivia Ad.",-39.65667,-73.08722,1014.6333333333333
2011-05-27,400009.0,"Cañal Bajo,  Osorno Ad.",-40.61444,-73.0575,1009.3181818181819
2011-05-27,410005.0,El Tepual  Puerto Montt Ap.,-41.4475,-73.09583,1004.1208333333334
2011-05-27,430001.0,Quellón Ad.,-43.13361,-73.63278,1011.75
2011-05-27,430002.0,Futaleufú Ad.,-43.18889,-71.85222,973.1
2011-05-27,450001.0,Puerto Aysén Ad.,-45.39944,-72.67722,1009.2
2011-05-27,450004.0,"Teniente Vidal, Coyhaique Ad.",-45.59083,-72.10222,971.9846153846154
2011-05-27,450005.0,Balmaceda Ad.,-45.91833,-71.67778,947.3399999999999
2011-05-27,510005.0,"Teniente Gallardo, Puerto Natales Ad.",-51.66722,-72.52889,990.1500000000001
2011-05-27,520006.0,"Carlos Ibañez, Punta Arenas Ap.",-53.00167,-70.83861,988.4875000000001
2011-05-27,530005.0,"Fuentes Martínez, Porvenir Ad.",-53.25361,-70.32611,991.45
2011-05-27,550001.0,"Guardiamarina Zañartu, Pto Williams Ad.",-54.93167,-67.61556,990.3153846153847
2011-05-27,950001.0,"C.M.A. Eduardo Frei Montalva, Antártica ",-62.19194,-58.97972,984.4125
2011-05-28,180005.0,"Chacalluta, Arica Ap.",-18.35555,-70.34028,1009.6750000000001
2011-05-28,200006.0,Diego Aracena Iquique Ap.,-20.54917,-70.18111,1009.2791666666667
2011-05-28,220002.0,"El Loa, Calama Ad.",-22.49806,-68.8925,776.1333333333333
2011-05-28,270001.0,Mataveri  Isla de Pascua Ap.,-27.15889,-109.4325,1007.3000000000001
2011-05-28,270008.0,"Desierto de Atacama, Caldera  Ad.",-27.25444,-70.78111,992.675
2011-05-28,290004.0,"La Florida, La Serena Ad.",-29.91444,-71.20667,997.8249999999999
2011-05-28,330007.0,"Rodelillo, Ad.",-33.06528,-71.55639,974.0
2011-05-28,330019.0,"Eulogio Sánchez, Tobalaba Ad.",-33.45528,-70.54861,939.9333333333334
2011-05-28,330020.0,"Quinta Normal, Santiago",-33.445,-70.68278,956.1875
2011-05-28,330021.0,Pudahuel Santiago ,-33.37833,-70.78778,961.0833333333334
2011-05-28,330030.0,"Santo Domingo, Ad.",-33.65611,-71.61333,1006.8384615384615
2011-05-28,330031.0,"Juan Fernández, Estación Meteorológica.",-33.63583,-78.83305,1015.65
2011-05-28,340031.0,"General Freire, Curicó Ad.",-34.96944,-71.21694,989.3000000000001
2011-05-28,360019.0,"Carriel Sur, Concepción Ap.",-36.78055,-73.06639,1017.9875000000001
2011-05-28,370033.0,"María Dolores, Los Angeles Ad.",-37.39694,-72.42389,
2011-05-28,380013.0,"Maquehue, Temuco Ad.",-38.76778,-72.63194,1009.1125
2011-05-28,390006.0,"Pichoy, Valdivia Ad.",-39.65667,-73.08722,1018.1999999999999
2011-05-28,400009.0,"Cañal Bajo,  Osorno Ad.",-40.61444,-73.0575,1014.2333333333332
2011-05-28,410005.0,El Tepual  Puerto Montt Ap.,-41.4475,-73.09583,1009.0541666666667
2011-05-28,450004.0,"Teniente Vidal, Coyhaique Ad.",-45.59083,-72.10222,981.5384615384615
2011-05-28,450005.0,Balmaceda Ad.,-45.91833,-71.67778,954.0600000000001
2011-05-28,510005.0,"Teniente Gallardo, Puerto Natales Ad.",-51.66722,-72.52889,1000.6
2011-05-28,520006.0,"Carlos Ibañez, Punta Arenas Ap.",-53.00167,-70.83861,999.0166666666668
2011-05-28,530005.0,"Fuentes Martínez, Porvenir Ad.",-53.25361,-70.32611,1002.75
2011-05-28,550001.0,"Guardiamarina Zañartu, Pto Williams Ad.",-54.93167,-67.61556,1002.5846153846154
2011-05-28,950001.0,"C.M.A. Eduardo Frei Montalva, Antártica ",-62.19194,-58.97972,979.7375
2011-05-29,180005.0,"Chacalluta, Arica Ap.",-18.35555,-70.34028,1007.8666666666667
2011-05-29,200006.0,Diego Aracena Iquique Ap.,-20.54917,-70.18111,1007.3833333333333
2011-05-29,220002.0,"El Loa, Calama Ad.",-22.49806,-68.8925,775.1999999999999
2011-05-29,270001.0,Mataveri  Isla de Pascua Ap.,-27.15889,-109.4325,1004.9166666666666
2011-05-29,270008.0,"Desierto de Atacama, Caldera  Ad.",-27.25444,-70.78111,991.8666666666667
2011-05-29,290004.0,"La Florida, La Serena Ad.",-29.91444,-71.20667,998.6916666666666
2011-05-29,330007.0,"Rodelillo, Ad.",-33.06528,-71.55639,975.0
2011-05-29,330019.0,"Eulogio Sánchez, Tobalaba Ad.",-33.45528,-70.54861,939.3333333333334
2011-05-29,330020.0,"Quinta Normal, Santiago",-33.445,-70.68278,954.2375
2011-05-29,330021.0,Pudahuel Santiago ,-33.37833,-70.78778,959.2875
2011-05-29,330030.0,"Santo Domingo, Ad.",-33.65611,-71.61333,1007.0923076923077
2011-05-29,330031.0,"Juan Fernández, Estación Meteorológica.",-33.63583,-78.83305,1014.65
2011-05-29,340031.0,"General Freire, Curicó Ad.",-34.96944,-71.21694,987.7666666666668
2011-05-29,360019.0,"Carriel Sur, Concepción Ap.",-36.78055,-73.06639,1015.6
2011-05-29,370033.0,"María Dolores, Los Angeles Ad.",-37.39694,-72.42389,
2011-05-29,380013.0,"Maquehue, Temuco Ad.",-38.76778,-72.63194,1006.55
2011-05-29,390006.0,"Pichoy, Valdivia Ad.",-39.65667,-73.08722,1015.9333333333334
2011-05-29,400009.0,"Cañal Bajo,  Osorno Ad.",-40.61444,-73.0575,1012.0461538461539
2011-05-29,410005.0,El Tepual  Puerto Montt Ap.,-41.4475,-73.09583,1008.9833333333332
2011-05-29,450004.0,"Teniente Vidal, Coyhaique Ad.",-45.59083,-72.10222,982.7769230769231
2011-05-29,450005.0,Balmaceda Ad.,-45.91833,-71.67778,957.96
2011-05-29,510005.0,"Teniente Gallardo, Puerto Natales Ad.",-51.66722,-72.52889,1001.2
2011-05-29,520006.0,"Carlos Ibañez, Punta Arenas Ap.",-53.00167,-70.83861,1006.1833333333334
2011-05-29,550001.0,"Guardiamarina Zañartu, Pto Williams Ad.",-54.93167,-67.61556,1007.3384615384615
2011-05-29,950001.0,"C.M.A. Eduardo Frei Montalva, Antártica ",-62.19194,-58.97972,996.65
2011-05-30,180005.0,"Chacalluta, Arica Ap.",-18.35555,-70.34028,1009.375
2011-05-30,200006.0,Diego Aracena Iquique Ap.,-20.54917,-70.18111,1009.025
2011-05-30,220002.0,"El Loa, Calama Ad.",-22.49806,-68.8925,776.5375
2011-05-30,270001.0,Mataveri  Isla de Pascua Ap.,-27.15889,-109.4325,1008.7708333333334
2011-05-30,270008.0,"Desierto de Atacama, Caldera  Ad.",-27.25444,-70.78111,994.3125
2011-05-30,290004.0,"La Florida, La Serena Ad.",-29.91444,-71.20667,999.2083333333334
2011-05-30,330007.0,"Rodelillo, Ad.",-33.06528,-71.55639,977.3333333333334
2011-05-30,330019.0,"Eulogio Sánchez, Tobalaba Ad.",-33.45528,-70.54861,941.6666666666666
2011-05-30,330020.0,"Quinta Normal, Santiago",-33.445,-70.68278,954.5
2011-05-30,330021.0,Pudahuel Santiago ,-33.37833,-70.78778,959.7166666666667
2011-05-30,330030.0,"Santo Domingo, Ad.",-33.65611,-71.61333,1009.3615384615385
2011-05-30,330031.0,"Juan Fernández, Estación Meteorológica.",-33.63583,-78.83305,1014.875
2011-05-30,340031.0,"General Freire, Curicó Ad.",-34.96944,-71.21694,990.1111111111111
2011-05-30,360019.0,"Carriel Sur, Concepción Ap.",-36.78055,-73.06639,1016.0333333333333
2011-05-30,370033.0,"María Dolores, Los Angeles Ad.",-37.39694,-72.42389,1004.9
2011-05-30,380013.0,"Maquehue, Temuco Ad.",-38.76778,-72.63194,1007.1625
2011-05-30,390006.0,"Pichoy, Valdivia Ad.",-39.65667,-73.08722,1017.6333333333333
2011-05-30,400009.0,"Cañal Bajo,  Osorno Ad.",-40.61444,-73.0575,1013.3636363636364
2011-05-30,410005.0,El Tepual  Puerto Montt Ap.,-41.4475,-73.09583,1009.025
2011-05-30,430001.0,Quellón Ad.,-43.13361,-73.63278,1018.0
2011-05-30,430002.0,Futaleufú Ad.,-43.18889,-71.85222,979.8000000000001
2011-05-30,450001.0,Puerto Aysén Ad.,-45.39944,-72.67722,1017.0666666666666
2011-05-30,450004.0,"Teniente Vidal, Coyhaique Ad.",-45.59083,-72.10222,979.3153846153847
2011-05-30,450005.0,Balmaceda Ad.,-45.91833,-71.67778,954.36
2011-05-30,510005.0,"Teniente Gallardo, Puerto Natales Ad.",-51.66722,-72.52889,999.8666666666667
2011-05-30,520006.0,"Carlos Ibañez, Punta Arenas Ap.",-53.00167,-70.83861,999.4166666666666
2011-05-30,530005.0,"Fuentes Martínez, Porvenir Ad.",-53.25361,-70.32611,999.525
2011-05-30,550001.0,"Guardiamarina Zañartu, Pto Williams Ad.",-54.93167,-67.61556,999.6461538461538
2011-05-30,950001.0,"C.M.A. Eduardo Frei Montalva, Antártica ",-62.19194,-58.97972,996.2875
2011-05-31,180005.0,"Chacalluta, Arica Ap.",-18.35555,-70.34028,1009.4541666666668
2011-05-31,200006.0,Diego Aracena Iquique Ap.,-20.54917,-70.18111,1008.7041666666668
2011-05-31,220002.0,"El Loa, Calama Ad.",-22.49806,-68.8925,777.1833333333334
2011-05-31,270001.0,Mataveri  Isla de Pascua Ap.,-27.15889,-109.4325,1010.5666666666666
2011-05-31,270008.0,"Desierto de Atacama, Caldera  Ad.",-27.25444,-70.78111,993.72
2011-05-31,290004.0,"La Florida, La Serena Ad.",-29.91444,-71.20667,999.5875
2011-05-31,330007.0,"Rodelillo, Ad.",-33.06528,-71.55639,976.0
2011-05-31,330019.0,"Eulogio Sánchez, Tobalaba Ad.",-33.45528,-70.54861,939.7666666666668
2011-05-31,330020.0,"Quinta Normal, Santiago",-33.445,-70.68278,955.4625
2011-05-31,330021.0,Pudahuel Santiago ,-33.37833,-70.78778,960.3083333333334
2011-05-31,330030.0,"Santo Domingo, Ad.",-33.65611,-71.61333,1007.823076923077
2011-05-31,330031.0,"Juan Fernández, Estación Meteorológica.",-33.63583,-78.83305,1014.65
2011-05-31,340031.0,"General Freire, Curicó Ad.",-34.96944,-71.21694,987.4625
2011-05-31,360019.0,"Carriel Sur, Concepción Ap.",-36.78055,-73.06639,1016.2833333333333
2011-05-31,370033.0,"María Dolores, Los Angeles Ad.",-37.39694,-72.42389,1002.5
2011-05-31,380013.0,"Maquehue, Temuco Ad.",-38.76778,-72.63194,1008.9625
2011-05-31,390006.0,"Pichoy, Valdivia Ad.",-39.65667,-73.08722,1016.7999999999998
2011-05-31,400009.0,"Cañal Bajo,  Osorno Ad.",-40.61444,-73.0575,1013.0
2011-05-31,410005.0,El Tepual  Puerto Montt Ap.,-41.4475,-73.09583,1010.6916666666666
2011-05-31,430001.0,Quellón Ad.,-43.13361,-73.63278,1019.1333333333333
2011-05-31,430002.0,Futaleufú Ad.,-43.18889,-71.85222,980.0
2011-05-31,450001.0,Puerto Aysén Ad.,-45.39944,-72.67722,1018.6
2011-05-31,450004.0,"Teniente Vidal, Coyhaique Ad.",-45.59083,-72.10222,980.6615384615385
2011-05-31,450005.0,Balmaceda Ad.,-45.91833,-71.67778,954.9799999999999
2011-05-31,510005.0,"Teniente Gallardo, Puerto Natales Ad.",-51.66722,-72.52889,1000.9
2011-05-31,520006.0,"Carlos Ibañez, Punta Arenas Ap.",-53.00167,-70.83861,1003.65
2011-05-31,530005.0,"Fuentes Martínez, Porvenir Ad.",-53.25361,-70.32611,1006.9
2011-05-31,550001.0,"Guardiamarina Zañartu, Pto Williams Ad.",-54.93167,-67.61556,1000.1923076923077
2011-05-31,950001.0,"C.M.A. Eduardo Frei Montalva, Antártica ",-62.19194,-58.97972,989.3625
2011-06-01,180005.0,"Chacalluta, Arica Ap.",-18.35555,-70.34028,1010.6166666666667
2011-06-01,200006.0,Diego Aracena Iquique Ap.,-20.54917,-70.18111,1009.7624999999999
2011-06-01,270001.0,Mataveri  Isla de Pascua Ap.,-27.15889,-109.4325,1010.4208333333332
2011-06-01,270008.0,"Desierto de Atacama, Caldera  Ad.",-27.25444,-70.78111,995.1916666666666
2011-06-01,290004.0,"La Florida, La Serena Ad.",-29.91444,-71.20667,999.7333333333332
2011-06-01,330007.0,"Rodelillo, Ad.",-33.06528,-71.55639,977.3333333333334
2011-06-01,330019.0,"Eulogio Sánchez, Tobalaba Ad.",-33.45528,-70.54861,940.1
2011-06-01,330020.0,"Quinta Normal, Santiago",-33.445,-70.68278,953.675
2011-06-01,330021.0,Pudahuel Santiago ,-33.37833,-70.78778,958.9208333333332
2011-06-01,330030.0,"Santo Domingo, Ad.",-33.65611,-71.61333,1008.1076923076923
2011-06-01,330031.0,"Juan Fernández, Estación Meteorológica.",-33.63583,-78.83305,1008.4
2011-06-01,340031.0,"General Freire, Curicó Ad.",-34.96944,-71.21694,988.4200000000001
2011-06-01,360011.0,"General Bernardo O'Higgins, Chillán Ad.",-36.58583,-72.03667,998.01
2011-06-01,360019.0,"Carriel Sur, Concepción Ap.",-36.78055,-73.06639,1012.6333333333333
2011-06-01,370033.0,"María Dolores, Los Angeles Ad.",-37.39694,-72.42389,1001.4
2011-06-01,380013.0,"Maquehue, Temuco Ad.",-38.76778,-72.63194,1002.025
2011-06-01,390006.0,"Pichoy, Valdivia Ad.",-39.65667,-73.08722,1011.8000000000001
2011-06-01,400009.0,"Cañal Bajo,  Osorno Ad.",-40.61444,-73.0575,1006.7833333333333
2011-06-01,410005.0,El Tepual  Puerto Montt Ap.,-41.4475,-73.09583,1003.3666666666667
2011-06-01,430001.0,Quellón Ad.,-43.13361,-73.63278,1011.7333333333332
2011-06-01,430002.0,Futaleufú Ad.,-43.18889,-71.85222,973.1
2011-06-01,450001.0,Puerto Aysén Ad.,-45.39944,-72.67722,1013.5333333333333
2011-06-01,450004.0,"Teniente Vidal, Coyhaique Ad.",-45.59083,-72.10222,976.2769230769231
2011-06-01,450005.0,Balmaceda Ad.,-45.91833,-71.67778,951.5799999999999
2011-06-01,510005.0,"Teniente Gallardo, Puerto Natales Ad.",-51.66722,-72.52889,1006.5666666666666
2011-06-01,520006.0,"Carlos Ibañez, Punta Arenas Ap.",-53.00167,-70.83861,1002.9166666666666
2011-06-01,530005.0,"Fuentes Martínez, Porvenir Ad.",-53.25361,-70.32611,1006.45
2011-06-01,550001.0,"Guardiamarina Zañartu, Pto Williams Ad.",-54.93167,-67.61556,1003.2
2011-06-01,950001.0,"C.M.A. Eduardo Frei Montalva, Antártica ",-62.19194,-58.97972,985.2
2011-06-02,180005.0,"Chacalluta, Arica Ap.",-18.35555,-70.34028,1011.1583333333333
2011-06-02,200006.0,Diego Aracena Iquique Ap.,-20.54917,-70.18111,1010.5916666666667
2011-06-02,270001.0,Mataveri  Isla de Pascua Ap.,-27.15889,-109.4325,1014.525
2011-06-02,270008.0,"Desierto de Atacama, Caldera  Ad.",-27.25444,-70.78111,996.742857142857
2011-06-02,290004.0,"La Florida, La Serena Ad.",-29.91444,-71.20667,1002.6708333333332
2011-06-02,330007.0,"Rodelillo, Ad.",-33.06528,-71.55639,979.3333333333334
2011-06-02,330019.0,"Eulogio Sánchez, Tobalaba Ad.",-33.45528,-70.54861,943.3666666666667
2011-06-02,330020.0,"Quinta Normal, Santiago",-33.445,-70.68278,957.15
2011-06-02,330021.0,Pudahuel Santiago ,-33.37833,-70.78778,962.4083333333333
2011-06-02,330030.0,"Santo Domingo, Ad.",-33.65611,-71.61333,1010.9846153846154
2011-06-02,330031.0,"Juan Fernández, Estación Meteorológica.",-33.63583,-78.83305,1008.375
2011-06-02,340031.0,"General Freire, Curicó Ad.",-34.96944,-71.21694,991.29
2011-06-02,360011.0,"General Bernardo O'Higgins, Chillán Ad.",-36.58583,-72.03667,1001.1999999999999
2011-06-02,360019.0,"Carriel Sur, Concepción Ap.",-36.78055,-73.06639,1016.0958333333333
2011-06-02,370033.0,"María Dolores, Los Angeles Ad.",-37.39694,-72.42389,1003.9
2011-06-02,380013.0,"Maquehue, Temuco Ad.",-38.76778,-72.63194,1006.275
2011-06-02,390006.0,"Pichoy, Valdivia Ad.",-39.65667,-73.08722,1015.6
2011-06-02,400009.0,"Cañal Bajo,  Osorno Ad.",-40.61444,-73.0575,1011.6583333333333
2011-06-02,410005.0,El Tepual  Puerto Montt Ap.,-41.4475,-73.09583,1007.0375
2011-06-02,430001.0,Quellón Ad.,-43.13361,-73.63278,1017.5333333333333
2011-06-02,430002.0,Futaleufú Ad.,-43.18889,-71.85222,978.5666666666666
2011-06-02,450001.0,Puerto Aysén Ad.,-45.39944,-72.67722,1020.3666666666667
2011-06-02,450004.0,"Teniente Vidal, Coyhaique Ad.",-45.59083,-72.10222,983.4769230769232
2011-06-02,450005.0,Balmaceda Ad.,-45.91833,-71.67778,957.96
2011-06-02,510005.0,"Teniente Gallardo, Puerto Natales Ad.",-51.66722,-72.52889,1012.6
2011-06-02,520006.0,"Carlos Ibañez, Punta Arenas Ap.",-53.00167,-70.83861,1012.5208333333334
2011-06-02,530005.0,"Fuentes Martínez, Porvenir Ad.",-53.25361,-70.32611,1013.9200000000001
2011-06-02,550001.0,"Guardiamarina Zañartu, Pto Williams Ad.",-54.93167,-67.61556,1014.9636363636364
2011-06-02,950001.0,"C.M.A. Eduardo Frei Montalva, Antártica ",-62.19194,-58.97972,998.9875
2011-06-03,180005.0,"Chacalluta, Arica Ap.",-18.35555,-70.34028,1011.35
2011-06-03,200006.0,Diego Aracena Iquique Ap.,-20.54917,-70.18111,1010.7791666666667
2011-06-03,270001.0,Mataveri  Isla de Pascua Ap.,-27.15889,-109.4325,1015.9499999999999
2011-06-03,270008.0,"Desierto de Atacama, Caldera  Ad.",-27.25444,-70.78111,995.6375
2011-06-03,290004.0,"La Florida, La Serena Ad.",-29.91444,-71.20667,1001.6
2011-06-03,330007.0,"Rodelillo, Ad.",-33.06528,-71.55639,978.3333333333334
2011-06-03,330019.0,"Eulogio Sánchez, Tobalaba Ad.",-33.45528,-70.54861,943.0333333333333
2011-06-03,330020.0,"Quinta Normal, Santiago",-33.445,-70.68278,958.4
2011-06-03,330021.0,Pudahuel Santiago ,-33.37833,-70.78778,963.5458333333332
2011-06-03,330030.0,"Santo Domingo, Ad.",-33.65611,-71.61333,1010.7461538461539
2011-06-03,330031.0,"Juan Fernández, Estación Meteorológica.",-33.63583,-78.83305,1011.725
2011-06-03,340031.0,"General Freire, Curicó Ad.",-34.96944,-71.21694,991.18
2011-06-03,360011.0,"General Bernardo O'Higgins, Chillán Ad.",-36.58583,-72.03667,1002.28
2011-06-03,360019.0,"Carriel Sur, Concepción Ap.",-36.78055,-73.06639,1018.3874999999999
2011-06-03,370033.0,"María Dolores, Los Angeles Ad.",-37.39694,-72.42389,1005.2
2011-06-03,380013.0,"Maquehue, Temuco Ad.",-38.76778,-72.63194,1008.6875
2011-06-03,390006.0,"Pichoy, Valdivia Ad.",-39.65667,-73.08722,1016.9333333333334
2011-06-03,400009.0,"Cañal Bajo,  Osorno Ad.",-40.61444,-73.0575,1013.2666666666668
2011-06-03,410005.0,El Tepual  Puerto Montt Ap.,-41.4475,-73.09583,1009.9499999999999
2011-06-03,430001.0,Quellón Ad.,-43.13361,-73.63278,1019.45
2011-06-03,430002.0,Futaleufú Ad.,-43.18889,-71.85222,982.55
2011-06-03,450001.0,Puerto Aysén Ad.,-45.39944,-72.67722,1023.2
2011-06-03,450004.0,"Teniente Vidal, Coyhaique Ad.",-45.59083,-72.10222,985.8461538461538
2011-06-03,450005.0,Balmaceda Ad.,-45.91833,-71.67778,961.28
2011-06-03,510005.0,"Teniente Gallardo, Puerto Natales Ad.",-51.66722,-72.52889,1013.0
2011-06-03,520006.0,"Carlos Ibañez, Punta Arenas Ap.",-53.00167,-70.83861,1015.2541666666666
2011-06-03,530005.0,"Fuentes Martínez, Porvenir Ad.",-53.25361,-70.32611,1016.1500000000001
2011-06-03,550001.0,"Guardiamarina Zañartu, Pto Williams Ad.",-54.93167,-67.61556,1015.7153846153846
2011-06-03,950001.0,"C.M.A. Eduardo Frei Montalva, Antártica ",-62.19194,-58.97972,1001.3625
2011-06-04,180005.0,"Chacalluta, Arica Ap.",-18.35555,-70.34028,1013.25
2011-06-04,200006.0,Diego Aracena Iquique Ap.,-20.54917,-70.18111,1012.7041666666668
2011-06-04,270001.0,Mataveri  Isla de Pascua Ap.,-27.15889,-109.4325,1016.1583333333333
2011-06-04,270008.0,"Desierto de Atacama, Caldera  Ad.",-27.25444,-70.78111,997.8307692307692
2011-06-04,290004.0,"La Florida, La Serena Ad.",-29.91444,-71.20667,1003.65
2011-06-04,330007.0,"Rodelillo, Ad.",-33.06528,-71.55639,980.3333333333334
2011-06-04,330019.0,"Eulogio Sánchez, Tobalaba Ad.",-33.45528,-70.54861,944.4
2011-06-04,330020.0,"Quinta Normal, Santiago",-33.445,-70.68278,958.3375
2011-06-04,330021.0,Pudahuel Santiago ,-33.37833,-70.78778,963.4
2011-06-04,330030.0,"Santo Domingo, Ad.",-33.65611,-71.61333,1012.323076923077
2011-06-04,330031.0,"Juan Fernández, Estación Meteorológica.",-33.63583,-78.83305,1011.05
2011-06-04,340031.0,"General Freire, Curicó Ad.",-34.96944,-71.21694,992.6
2011-06-04,360011.0,"General Bernardo O'Higgins, Chillán Ad.",-36.58583,-72.03667,1001.4200000000001
2011-06-04,360019.0,"Carriel Sur, Concepción Ap.",-36.78055,-73.06639,1016.9125
2011-06-04,370033.0,"María Dolores, Los Angeles Ad.",-37.39694,-72.42389,
2011-06-04,380013.0,"Maquehue, Temuco Ad.",-38.76778,-72.63194,1005.95
2011-06-04,390006.0,"Pichoy, Valdivia Ad.",-39.65667,-73.08722,1013.55
2011-06-04,400009.0,"Cañal Bajo,  Osorno Ad.",-40.61444,-73.0575,1007.9
2011-06-04,410005.0,El Tepual  Puerto Montt Ap.,-41.4475,-73.09583,1004.9958333333334
2011-06-04,450004.0,"Teniente Vidal, Coyhaique Ad.",-45.59083,-72.10222,977.876923076923
2011-06-04,450005.0,Balmaceda Ad.,-45.91833,-71.67778,954.14
2011-06-04,520006.0,"Carlos Ibañez, Punta Arenas Ap.",-53.00167,-70.83861,1007.8541666666666
2011-06-04,530005.0,"Fuentes Martínez, Porvenir Ad.",-53.25361,-70.32611,1006.45
2011-06-04,550001.0,"Guardiamarina Zañartu, Pto Williams Ad.",-54.93167,-67.61556,1005.8615384615385
2011-06-04,950001.0,"C.M.A. Eduardo Frei Montalva, Antártica ",-62.19194,-58.97972,982.1625
2011-06-05,180005.0,"Chacalluta, Arica Ap.",-18.35555,-70.34028,1011.9083333333333
2011-06-05,200006.0,Diego Aracena Iquique Ap.,-20.54917,-70.18111,1011.375
2011-06-05,270001.0,Mataveri  Isla de Pascua Ap.,-27.15889,-109.4325,1016.8625000000001
2011-06-05,270008.0,"Desierto de Atacama, Caldera  Ad.",-27.25444,-70.78111,995.2272727272727
2011-06-05,290004.0,"La Florida, La Serena Ad.",-29.91444,-71.20667,1000.2708333333334
2011-06-05,330007.0,"Rodelillo, Ad.",-33.06528,-71.55639,974.0
2011-06-05,330019.0,"Eulogio Sánchez, Tobalaba Ad.",-33.45528,-70.54861,938.6
2011-06-05,330020.0,"Quinta Normal, Santiago",-33.445,-70.68278,955.175
2011-06-05,330021.0,Pudahuel Santiago ,-33.37833,-70.78778,960.0458333333332
2011-06-05,330030.0,"Santo Domingo, Ad.",-33.65611,-71.61333,1006.2692307692307
2011-06-05,330031.0,"Juan Fernández, Estación Meteorológica.",-33.63583,-78.83305,1005.0
2011-06-05,340031.0,"General Freire, Curicó Ad.",-34.96944,-71.21694,986.18
2011-06-05,360011.0,"General Bernardo O'Higgins, Chillán Ad.",-36.58583,-72.03667,995.8
2011-06-05,360019.0,"Carriel Sur, Concepción Ap.",-36.78055,-73.06639,1013.8166666666666
2011-06-05,370033.0,"María Dolores, Los Angeles Ad.",-37.39694,-72.42389,
2011-06-05,380013.0,"Maquehue, Temuco Ad.",-38.76778,-72.63194,1003.9875
2011-06-05,390006.0,"Pichoy, Valdivia Ad.",-39.65667,-73.08722,1011.275
2011-06-05,400009.0,"Cañal Bajo,  Osorno Ad.",-40.61444,-73.0575,1006.6090909090909
2011-06-05,410005.0,El Tepual  Puerto Montt Ap.,-41.4475,-73.09583,1003.5166666666668
2011-06-05,450004.0,"Teniente Vidal, Coyhaique Ad.",-45.59083,-72.10222,976.8384615384615
2011-06-05,450005.0,Balmaceda Ad.,-45.91833,-71.67778,951.78
2011-06-05,520006.0,"Carlos Ibañez, Punta Arenas Ap.",-53.00167,-70.83861,1008.7458333333334
2011-06-05,530005.0,"Fuentes Martínez, Porvenir Ad.",-53.25361,-70.32611,1009.4666666666667
2011-06-05,550001.0,"Guardiamarina Zañartu, Pto Williams Ad.",-54.93167,-67.61556,1005.9692307692308
2011-06-05,950001.0,"C.M.A. Eduardo Frei Montalva, Antártica ",-62.19194,-58.97972,982.0500000000001
2011-06-06,180005.0,"Chacalluta, Arica Ap.",-18.35555,-70.34028,1012.1625
2011-06-06,200006.0,Diego Aracena Iquique Ap.,-20.54917,-70.18111,1011.7125
2011-06-06,270001.0,Mataveri  Isla de Pascua Ap.,-27.15889,-109.4325,1015.9250000000001
2011-06-06,270008.0,"Desierto de Atacama, Caldera  Ad.",-27.25444,-70.78111,997.8076923076923
2011-06-06,290004.0,"La Florida, La Serena Ad.",-29.91444,-71.20667,1001.6374999999999
2011-06-06,330007.0,"Rodelillo, Ad.",-33.06528,-71.55639,979.6666666666666
2011-06-06,330019.0,"Eulogio Sánchez, Tobalaba Ad.",-33.45528,-70.54861,943.8666666666667
2011-06-06,330020.0,"Quinta Normal, Santiago",-33.445,-70.68278,955.7125
2011-06-06,330021.0,Pudahuel Santiago ,-33.37833,-70.78778,961.0458333333332
2011-06-06,330030.0,"Santo Domingo, Ad.",-33.65611,-71.61333,1009.8692307692307
2011-06-06,330031.0,"Juan Fernández, Estación Meteorológica.",-33.63583,-78.83305,1008.0
2011-06-06,340031.0,"General Freire, Curicó Ad.",-34.96944,-71.21694,990.9
2011-06-06,360011.0,"General Bernardo O'Higgins, Chillán Ad.",-36.58583,-72.03667,1000.6600000000001
2011-06-06,360019.0,"Carriel Sur, Concepción Ap.",-36.78055,-73.06639,1013.5916666666667
2011-06-06,370033.0,"María Dolores, Los Angeles Ad.",-37.39694,-72.42389,1001.9
2011-06-06,380013.0,"Maquehue, Temuco Ad.",-38.76778,-72.63194,1002.7625
2011-06-06,390006.0,"Pichoy, Valdivia Ad.",-39.65667,-73.08722,1010.3333333333334
2011-06-06,400009.0,"Cañal Bajo,  Osorno Ad.",-40.61444,-73.0575,1001.1750000000001
2011-06-06,410005.0,El Tepual  Puerto Montt Ap.,-41.4475,-73.09583,1001.6833333333334
2011-06-06,430001.0,Quellón Ad.,-43.13361,-73.63278,1006.6333333333333
2011-06-06,430002.0,Futaleufú Ad.,-43.18889,-71.85222,969.4666666666667
2011-06-06,450001.0,Puerto Aysén Ad.,-45.39944,-72.67722,1006.0
2011-06-06,450004.0,"Teniente Vidal, Coyhaique Ad.",-45.59083,-72.10222,970.6307692307693
2011-06-06,450005.0,Balmaceda Ad.,-45.91833,-71.67778,947.22
2011-06-06,510005.0,"Teniente Gallardo, Puerto Natales Ad.",-51.66722,-72.52889,993.5666666666666
2011-06-06,520006.0,"Carlos Ibañez, Punta Arenas Ap.",-53.00167,-70.83861,1000.3541666666666
2011-06-06,530005.0,"Fuentes Martínez, Porvenir Ad.",-53.25361,-70.32611,999.625
2011-06-06,550001.0,"Guardiamarina Zañartu, Pto Williams Ad.",-54.93167,-67.61556,1002.5909090909091
2011-06-06,950001.0,"C.M.A. Eduardo Frei Montalva, Antártica ",-62.19194,-58.97972,994.5125
2011-06-07,180005.0,"Chacalluta, Arica Ap.",-18.35555,-70.34028,1011.8041666666667
2011-06-07,200006.0,Diego Aracena Iquique Ap.,-20.54917,-70.18111,1011.3958333333334
2011-06-07,270001.0,Mataveri  Isla de Pascua Ap.,-27.15889,-109.4325,1012.5291666666667
2011-06-07,270008.0,"Desierto de Atacama, Caldera  Ad.",-27.25444,-70.78111,996.4923076923077
2011-06-07,290004.0,"La Florida, La Serena Ad.",-29.91444,-71.20667,1003.4333333333334
2011-06-07,330007.0,"Rodelillo, Ad.",-33.06528,-71.55639,979.6666666666666
2011-06-07,330019.0,"Eulogio Sánchez, Tobalaba Ad.",-33.45528,-70.54861,944.1
2011-06-07,330020.0,"Quinta Normal, Santiago",-33.445,-70.68278,959.25
2011-06-07,330021.0,Pudahuel Santiago ,-33.37833,-70.78778,964.2125
2011-06-07,330030.0,"Santo Domingo, Ad.",-33.65611,-71.61333,1011.1846153846153
2011-06-07,330031.0,"Juan Fernández, Estación Meteorológica.",-33.63583,-78.83305,1010.5
2011-06-07,340031.0,"General Freire, Curicó Ad.",-34.96944,-71.21694,990.28
2011-06-07,360011.0,"General Bernardo O'Higgins, Chillán Ad.",-36.58583,-72.03667,996.8700000000001
2011-06-07,360019.0,"Carriel Sur, Concepción Ap.",-36.78055,-73.06639,1012.6791666666667
2011-06-07,370033.0,"María Dolores, Los Angeles Ad.",-37.39694,-72.42389,996.9
2011-06-07,380013.0,"Maquehue, Temuco Ad.",-38.76778,-72.63194,997.6875
2011-06-07,390006.0,"Pichoy, Valdivia Ad.",-39.65667,-73.08722,1001.6666666666666
2011-06-07,400009.0,"Cañal Bajo,  Osorno Ad.",-40.61444,-73.0575,989.7545454545453
2011-06-07,410005.0,El Tepual  Puerto Montt Ap.,-41.4475,-73.09583,989.6625
2011-06-07,430001.0,Quellón Ad.,-43.13361,-73.63278,990.4
2011-06-07,430002.0,Futaleufú Ad.,-43.18889,-71.85222,952.4
2011-06-07,450001.0,Puerto Aysén Ad.,-45.39944,-72.67722,984.5
2011-06-07,450004.0,"Teniente Vidal, Coyhaique Ad.",-45.59083,-72.10222,950.623076923077
2011-06-07,450005.0,Balmaceda Ad.,-45.91833,-71.67778,928.14
2011-06-07,510005.0,"Teniente Gallardo, Puerto Natales Ad.",-51.66722,-72.52889,975.4
2011-06-07,520006.0,"Carlos Ibañez, Punta Arenas Ap.",-53.00167,-70.83861,986.6166666666667
2011-06-07,530005.0,"Fuentes Martínez, Porvenir Ad.",-53.25361,-70.32611,985.925
2011-06-07,550001.0,"Guardiamarina Zañartu, Pto Williams Ad.",-54.93167,-67.61556,996.5272727272727
2011-06-07,950001.0,"C.M.A. Eduardo Frei Montalva, Antártica ",-62.19194,-58.97972,1006.1125
2011-06-08,180005.0,"Chacalluta, Arica Ap.",-18.35555,-70.34028,1013.6791666666667
2011-06-08,200006.0,Diego Aracena Iquique Ap.,-20.54917,-70.18111,1013.1
2011-06-08,270001.0,Mataveri  Isla de Pascua Ap.,-27.15889,-109.4325,1010.0458333333332
2011-06-08,270008.0,"Desierto de Atacama, Caldera  Ad.",-27.25444,-70.78111,998.2692307692307
2011-06-08,290004.0,"La Florida, La Serena Ad.",-29.91444,-71.20667,1003.9708333333333
2011-06-08,330007.0,"Rodelillo, Ad.",-33.06528,-71.55639,984.0
2011-06-08,330019.0,"Eulogio Sánchez, Tobalaba Ad.",-33.45528,-70.54861,948.4
2011-06-08,330020.0,"Quinta Normal, Santiago",-33.445,-70.68278,960.7
2011-06-08,330021.0,Pudahuel Santiago ,-33.37833,-70.78778,966.0875
2011-06-08,330030.0,"Santo Domingo, Ad.",-33.65611,-71.61333,1015.2692307692307
2011-06-08,330031.0,"Juan Fernández, Estación Meteorológica.",-33.63583,-78.83305,1017.875
2011-06-08,340031.0,"General Freire, Curicó Ad.",-34.96944,-71.21694,996.3299999999999
2011-06-08,360011.0,"General Bernardo O'Higgins, Chillán Ad.",-36.58583,-72.03667,1004.9399999999999
2011-06-08,360019.0,"Carriel Sur, Concepción Ap.",-36.78055,-73.06639,1017.7416666666667
2011-06-08,370033.0,"María Dolores, Los Angeles Ad.",-37.39694,-72.42389,1007.1
2011-06-08,380013.0,"Maquehue, Temuco Ad.",-38.76778,-72.63194,1002.975
2011-06-08,390006.0,"Pichoy, Valdivia Ad.",-39.65667,-73.08722,1014.3333333333334
2011-06-08,400009.0,"Cañal Bajo,  Osorno Ad.",-40.61444,-73.0575,1003.025
2011-06-08,410005.0,El Tepual  Puerto Montt Ap.,-41.4475,-73.09583,998.4208333333332
2011-06-08,430001.0,Quellón Ad.,-43.13361,-73.63278,1006.5333333333333
2011-06-08,430002.0,Futaleufú Ad.,-43.18889,-71.85222,963.2333333333332
2011-06-08,450001.0,Puerto Aysén Ad.,-45.39944,-72.67722,998.1333333333333
2011-06-08,450004.0,"Teniente Vidal, Coyhaique Ad.",-45.59083,-72.10222,960.9769230769232
2011-06-08,450005.0,Balmaceda Ad.,-45.91833,-71.67778,931.74
2011-06-08,510005.0,"Teniente Gallardo, Puerto Natales Ad.",-51.66722,-72.52889,989.5333333333333
2011-06-08,520006.0,"Carlos Ibañez, Punta Arenas Ap.",-53.00167,-70.83861,987.6125000000001
2011-06-08,530005.0,"Fuentes Martínez, Porvenir Ad.",-53.25361,-70.32611,992.925
2011-06-08,550001.0,"Guardiamarina Zañartu, Pto Williams Ad.",-54.93167,-67.61556,998.5181818181819
2011-06-08,950001.0,"C.M.A. Eduardo Frei Montalva, Antártica ",-62.19194,-58.97972,1004.8875
2011-06-09,180005.0,"Chacalluta, Arica Ap.",-18.35555,-70.34028,1012.2416666666667
2011-06-09,200006.0,Diego Aracena Iquique Ap.,-20.54917,-70.18111,1011.5500000000001
2011-06-09,270001.0,Mataveri  Isla de Pascua Ap.,-27.15889,-109.4325,1013.5375
2011-06-09,270008.0,"Desierto de Atacama, Caldera  Ad.",-27.25444,-70.78111,995.3307692307692
2011-06-09,290004.0,"La Florida, La Serena Ad.",-29.91444,-71.20667,1002.8458333333333
2011-06-09,330007.0,"Rodelillo, Ad.",-33.06528,-71.55639,981.6666666666666
2011-06-09,330019.0,"Eulogio Sánchez, Tobalaba Ad.",-33.45528,-70.54861,947.4
2011-06-09,330020.0,"Quinta Normal, Santiago",-33.445,-70.68278,962.825
2011-06-09,330021.0,Pudahuel Santiago ,-33.37833,-70.78778,967.9708333333333
2011-06-09,330030.0,"Santo Domingo, Ad.",-33.65611,-71.61333,1014.6000000000001
2011-06-09,330031.0,"Juan Fernández, Estación Meteorológica.",-33.63583,-78.83305,1020.725
2011-06-09,340031.0,"General Freire, Curicó Ad.",-34.96944,-71.21694,996.2700000000001
2011-06-09,360011.0,"General Bernardo O'Higgins, Chillán Ad.",-36.58583,-72.03667,1006.6
2011-06-09,360019.0,"Carriel Sur, Concepción Ap.",-36.78055,-73.06639,1023.5458333333332
2011-06-09,370033.0,"María Dolores, Los Angeles Ad.",-37.39694,-72.42389,1009.5
2011-06-09,380013.0,"Maquehue, Temuco Ad.",-38.76778,-72.63194,1010.5875
2011-06-09,390006.0,"Pichoy, Valdivia Ad.",-39.65667,-73.08722,1015.6666666666666
2011-06-09,400009.0,"Cañal Bajo,  Osorno Ad.",-40.61444,-73.0575,1004.5083333333333
2011-06-09,410005.0,El Tepual  Puerto Montt Ap.,-41.4475,-73.09583,1005.1083333333332
2011-06-09,430001.0,Quellón Ad.,-43.13361,-73.63278,1006.6
2011-06-09,430002.0,Futaleufú Ad.,-43.18889,-71.85222,968.9333333333334
2011-06-09,450001.0,Puerto Aysén Ad.,-45.39944,-72.67722,1005.4333333333334
2011-06-09,450004.0,"Teniente Vidal, Coyhaique Ad.",-45.59083,-72.10222,969.6384615384615
2011-06-09,450005.0,Balmaceda Ad.,-45.91833,-71.67778,945.2142857142857
2011-06-09,510005.0,"Teniente Gallardo, Puerto Natales Ad.",-51.66722,-72.52889,992.3333333333334
2011-06-09,520006.0,"Carlos Ibañez, Punta Arenas Ap.",-53.00167,-70.83861,999.8874999999999
2011-06-09,530005.0,"Fuentes Martínez, Porvenir Ad.",-53.25361,-70.32611,1001.0
2011-06-09,550001.0,"Guardiamarina Zañartu, Pto Williams Ad.",-54.93167,-67.61556,1004.0363636363636
2011-06-09,950001.0,"C.M.A. Eduardo Frei Montalva, Antártica ",-62.19194,-58.97972,1004.6125
2011-06-10,180005.0,"Chacalluta, Arica Ap.",-18.35555,-70.34028,1010.5083333333333
2011-06-10,200006.0,Diego Aracena Iquique Ap.,-20.54917,-70.18111,1009.7583333333333
2011-06-10,220002.0,"El Loa, Calama Ad.",-22.49806,-68.8925,
2011-06-10,270001.0,Mataveri  Isla de Pascua Ap.,-27.15889,-109.4325,1016.1291666666666
2011-06-10,270008.0,"Desierto de Atacama, Caldera  Ad.",-27.25444,-70.78111,993.125
2011-06-10,290004.0,"La Florida, La Serena Ad.",-29.91444,-71.20667,998.2666666666668
2011-06-10,330007.0,"Rodelillo, Ad.",-33.06528,-71.55639,977.0
2011-06-10,330019.0,"Eulogio Sánchez, Tobalaba Ad.",-33.45528,-70.54861,942.4
2011-06-10,330020.0,"Quinta Normal, Santiago",-33.445,-70.68278,958.5875
2011-06-10,330021.0,Pudahuel Santiago ,-33.37833,-70.78778,963.5041666666666
2011-06-10,330030.0,"Santo Domingo, Ad.",-33.65611,-71.61333,1009.7538461538461
2011-06-10,330031.0,"Juan Fernández, Estación Meteorológica.",-33.63583,-78.83305,1015.85
2011-06-10,340031.0,"General Freire, Curicó Ad.",-34.96944,-71.21694,990.25
2011-06-10,360011.0,"General Bernardo O'Higgins, Chillán Ad.",-36.58583,-72.03667,1001.0600000000001
2011-06-10,360019.0,"Carriel Sur, Concepción Ap.",-36.78055,-73.06639,1018.5041666666666
2011-06-10,370033.0,"María Dolores, Los Angeles Ad.",-37.39694,-72.42389,1002.0
2011-06-10,380013.0,"Maquehue, Temuco Ad.",-38.76778,-72.63194,1005.0625
2011-06-10,390006.0,"Pichoy, Valdivia Ad.",-39.65667,-73.08722,1009.4666666666667
2011-06-10,400009.0,"Cañal Bajo,  Osorno Ad.",-40.61444,-73.0575,999.4090909090909
2011-06-10,410005.0,El Tepual  Puerto Montt Ap.,-41.4475,-73.09583,998.8000000000001
2011-06-10,430001.0,Quellón Ad.,-43.13361,-73.63278,1001.9
2011-06-10,430002.0,Futaleufú Ad.,-43.18889,-71.85222,961.4000000000001
2011-06-10,450001.0,Puerto Aysén Ad.,-45.39944,-72.67722,996.75
2011-06-10,450004.0,"Teniente Vidal, Coyhaique Ad.",-45.59083,-72.10222,960.676923076923
2011-06-10,450005.0,Balmaceda Ad.,-45.91833,-71.67778,936.28
2011-06-10,510005.0,"Teniente Gallardo, Puerto Natales Ad.",-51.66722,-72.52889,975.7
2011-06-10,520006.0,"Carlos Ibañez, Punta Arenas Ap.",-53.00167,-70.83861,982.2458333333334
2011-06-10,530005.0,"Fuentes Martínez, Porvenir Ad.",-53.25361,-70.32611,980.55
2011-06-10,550001.0,"Guardiamarina Zañartu, Pto Williams Ad.",-54.93167,-67.61556,985.8181818181819
2011-06-10,950001.0,"C.M.A. Eduardo Frei Montalva, Antártica ",-62.19194,-58.97972,1000.125
2011-06-11,180005.0,"Chacalluta, Arica Ap.",-18.35555,-70.34028,1008.9416666666666
2011-06-11,200006.0,Diego Aracena Iquique Ap.,-20.54917,-70.18111,1008.3666666666667
2011-06-11,270001.0,Mataveri  Isla de Pascua Ap.,-27.15889,-109.4325,1014.6541666666667
2011-06-11,270008.0,"Desierto de Atacama, Caldera  Ad.",-27.25444,-70.78111,993.1461538461538
2011-06-11,290004.0,"La Florida, La Serena Ad.",-29.91444,-71.20667,998.7791666666667
2011-06-11,330007.0,"Rodelillo, Ad.",-33.06528,-71.55639,976.0
2011-06-11,330019.0,"Eulogio Sánchez, Tobalaba Ad.",-33.45528,-70.54861,941.1666666666666
2011-06-11,330020.0,"Quinta Normal, Santiago",-33.445,-70.68278,955.9375
2011-06-11,330021.0,Pudahuel Santiago ,-33.37833,-70.78778,960.9499999999999
2011-06-11,330030.0,"Santo Domingo, Ad.",-33.65611,-71.61333,1008.4923076923077
2011-06-11,330031.0,"Juan Fernández, Estación Meteorológica.",-33.63583,-78.83305,1013.8
2011-06-11,340031.0,"General Freire, Curicó Ad.",-34.96944,-71.21694,988.51
2011-06-11,360011.0,"General Bernardo O'Higgins, Chillán Ad.",-36.58583,-72.03667,999.8100000000001
2011-06-11,360019.0,"Carriel Sur, Concepción Ap.",-36.78055,-73.06639,1015.6333333333333
2011-06-11,370033.0,"María Dolores, Los Angeles Ad.",-37.39694,-72.42389,
2011-06-11,380013.0,"Maquehue, Temuco Ad.",-38.76778,-72.63194,1004.2
2011-06-11,390006.0,"Pichoy, Valdivia Ad.",-39.65667,-73.08722,1010.1666666666666
2011-06-11,400009.0,"Cañal Bajo,  Osorno Ad.",-40.61444,-73.0575,1000.6090909090909
2011-06-11,410005.0,El Tepual  Puerto Montt Ap.,-41.4475,-73.09583,1001.0416666666666
2011-06-11,450004.0,"Teniente Vidal, Coyhaique Ad.",-45.59083,-72.10222,965.7
2011-06-11,450005.0,Balmaceda Ad.,-45.91833,-71.67778,938.9
2011-06-11,520006.0,"Carlos Ibañez, Punta Arenas Ap.",-53.00167,-70.83861,974.0041666666666
2011-06-11,530005.0,"Fuentes Martínez, Porvenir Ad.",-53.25361,-70.32611,974.5666666666666
2011-06-11,550001.0,"Guardiamarina Zañartu, Pto Williams Ad.",-54.93167,-67.61556,974.9076923076923
2011-06-11,950001.0,"C.M.A. Eduardo Frei Montalva, Antártica ",-62.19194,-58.97972,992.8
2011-06-12,180005.0,"Chacalluta, Arica Ap.",-18.35555,-70.34028,1008.6291666666666
2011-06-12,200006.0,Diego Aracena Iquique Ap.,-20.54917,-70.18111,1007.9458333333333
2011-06-12,220002.0,"El Loa, Calama Ad.",-22.49806,-68.8925,775.3727272727273
2011-06-12,270001.0,Mataveri  Isla de Pascua Ap.,-27.15889,-109.4325,1013.7083333333334
2011-06-12,270008.0,"Desierto de Atacama, Caldera  Ad.",-27.25444,-70.78111,991.4181818181819
2011-06-12,290004.0,"La Florida, La Serena Ad.",-29.91444,-71.20667,998.5375
2011-06-12,330007.0,"Rodelillo, Ad.",-33.06528,-71.55639,977.6666666666666
2011-06-12,330019.0,"Eulogio Sánchez, Tobalaba Ad.",-33.45528,-70.54861,944.3000000000001
2011-06-12,330020.0,"Quinta Normal, Santiago",-33.445,-70.68278,958.9875
2011-06-12,330021.0,Pudahuel Santiago ,-33.37833,-70.78778,964.0625
2011-06-12,330030.0,"Santo Domingo, Ad.",-33.65611,-71.61333,1010.9384615384616
2011-06-12,330031.0,"Juan Fernández, Estación Meteorológica.",-33.63583,-78.83305,1020.025
2011-06-12,340031.0,"General Freire, Curicó Ad.",-34.96944,-71.21694,994.6
2011-06-12,360011.0,"General Bernardo O'Higgins, Chillán Ad.",-36.58583,-72.03667,1006.6299999999999
2011-06-12,360019.0,"Carriel Sur, Concepción Ap.",-36.78055,-73.06639,1022.1
2011-06-12,370033.0,"María Dolores, Los Angeles Ad.",-37.39694,-72.42389,
2011-06-12,380013.0,"Maquehue, Temuco Ad.",-38.76778,-72.63194,1011.075
2011-06-12,390006.0,"Pichoy, Valdivia Ad.",-39.65667,-73.08722,1019.7249999999999
2011-06-12,400009.0,"Cañal Bajo,  Osorno Ad.",-40.61444,-73.0575,1015.2545454545453
2011-06-12,410005.0,El Tepual  Puerto Montt Ap.,-41.4475,-73.09583,1008.7458333333334
2011-06-12,450004.0,"Teniente Vidal, Coyhaique Ad.",-45.59083,-72.10222,979.5846153846154
2011-06-12,450005.0,Balmaceda Ad.,-45.91833,-71.67778,950.8399999999999
2011-06-12,520006.0,"Carlos Ibañez, Punta Arenas Ap.",-53.00167,-70.83861,991.204347826087
2011-06-12,530005.0,"Fuentes Martínez, Porvenir Ad.",-53.25361,-70.32611,997.35
2011-06-12,550001.0,"Guardiamarina Zañartu, Pto Williams Ad.",-54.93167,-67.61556,993.4076923076923
2011-06-12,950001.0,"C.M.A. Eduardo Frei Montalva, Antártica ",-62.19194,-58.97972,987.575
2011-06-13,180005.0,"Chacalluta, Arica Ap.",-18.35555,-70.34028,1008.5583333333334
2011-06-13,200006.0,Diego Aracena Iquique Ap.,-20.54917,-70.18111,1007.6916666666666
2011-06-13,220002.0,"El Loa, Calama Ad.",-22.49806,-68.8925,776.1999999999999
2011-06-13,270001.0,Mataveri  Isla de Pascua Ap.,-27.15889,-109.4325,1016.1583333333333
2011-06-13,270008.0,"Desierto de Atacama, Caldera  Ad.",-27.25444,-70.78111,991.5285714285714
2011-06-13,290004.0,"La Florida, La Serena Ad.",-29.91444,-71.20667,996.0583333333334
2011-06-13,330007.0,"Rodelillo, Ad.",-33.06528,-71.55639,972.3333333333334
2011-06-13,330019.0,"Eulogio Sánchez, Tobalaba Ad.",-33.45528,-70.54861,937.4666666666667
2011-06-13,330020.0,"Quinta Normal, Santiago",-33.445,-70.68278,954.025
2011-06-13,330021.0,Pudahuel Santiago ,-33.37833,-70.78778,958.8041666666667
2011-06-13,330030.0,"Santo Domingo, Ad.",-33.65611,-71.61333,1004.2538461538461
2011-06-13,330031.0,"Juan Fernández, Estación Meteorológica.",-33.63583,-78.83305,1017.425
2011-06-13,340031.0,"General Freire, Curicó Ad.",-34.96944,-71.21694,986.0899999999999
2011-06-13,360011.0,"General Bernardo O'Higgins, Chillán Ad.",-36.58583,-72.03667,996.65
2011-06-13,360019.0,"Carriel Sur, Concepción Ap.",-36.78055,-73.06639,1017.0833333333334
2011-06-13,370033.0,"María Dolores, Los Angeles Ad.",-37.39694,-72.42389,1000.3
2011-06-13,380013.0,"Maquehue, Temuco Ad.",-38.76778,-72.63194,1009.9875
2011-06-13,390006.0,"Pichoy, Valdivia Ad.",-39.65667,-73.08722,1015.3666666666667
2011-06-13,400009.0,"Cañal Bajo,  Osorno Ad.",-40.61444,-73.0575,1007.9454545454545
2011-06-13,410005.0,El Tepual  Puerto Montt Ap.,-41.4475,-73.09583,1011.6291666666666
2011-06-13,430001.0,Quellón Ad.,-43.13361,-73.63278,1015.7333333333332
2011-06-13,430002.0,Futaleufú Ad.,-43.18889,-71.85222,976.2000000000002
2011-06-13,450001.0,Puerto Aysén Ad.,-45.39944,-72.67722,1012.0333333333333
2011-06-13,450004.0,"Teniente Vidal, Coyhaique Ad.",-45.59083,-72.10222,975.2076923076924
2011-06-13,450005.0,Balmaceda Ad.,-45.91833,-71.67778,950.0600000000001
2011-06-13,510005.0,"Teniente Gallardo, Puerto Natales Ad.",-51.66722,-72.52889,991.0666666666666
2011-06-13,520006.0,"Carlos Ibañez, Punta Arenas Ap.",-53.00167,-70.83861,991.3666666666667
2011-06-13,530005.0,"Fuentes Martínez, Porvenir Ad.",-53.25361,-70.32611,991.525
2011-06-13,550001.0,"Guardiamarina Zañartu, Pto Williams Ad.",-54.93167,-67.61556,990.2583333333333
2011-06-13,950001.0,"C.M.A. Eduardo Frei Montalva, Antártica ",-62.19194,-58.97972,993.35
2011-06-14,180005.0,"Chacalluta, Arica Ap.",-18.35555,-70.34028,1009.5458333333332
2011-06-14,200006.0,Diego Aracena Iquique Ap.,-20.54917,-70.18111,1008.7624999999999
2011-06-14,220002.0,"El Loa, Calama Ad.",-22.49806,-68.8925,775.6153846153846
2011-06-14,270001.0,Mataveri  Isla de Pascua Ap.,-27.15889,-109.4325,1019.3416666666667
2011-06-14,270008.0,"Desierto de Atacama, Caldera  Ad.",-27.25444,-70.78111,993.5769230769231
2011-06-14,290004.0,"La Florida, La Serena Ad.",-29.91444,-71.20667,999.2958333333332
2011-06-14,330007.0,"Rodelillo, Ad.",-33.06528,-71.55639,976.3333333333334
2011-06-14,330019.0,"Eulogio Sánchez, Tobalaba Ad.",-33.45528,-70.54861,939.4333333333334
2011-06-14,330020.0,"Quinta Normal, Santiago",-33.445,-70.68278,953.5375
2011-06-14,330021.0,Pudahuel Santiago ,-33.37833,-70.78778,958.6791666666667
2011-06-14,330030.0,"Santo Domingo, Ad.",-33.65611,-71.61333,1007.8461538461538
2011-06-14,330031.0,"Juan Fernández, Estación Meteorológica.",-33.63583,-78.83305,1012.525
2011-06-14,340031.0,"General Freire, Curicó Ad.",-34.96944,-71.21694,987.5600000000001
2011-06-14,360011.0,"General Bernardo O'Higgins, Chillán Ad.",-36.58583,-72.03667,999.0799999999999
2011-06-14,360019.0,"Carriel Sur, Concepción Ap.",-36.78055,-73.06639,1014.3541666666666
2011-06-14,370033.0,"María Dolores, Los Angeles Ad.",-37.39694,-72.42389,1001.4
2011-06-14,380013.0,"Maquehue, Temuco Ad.",-38.76778,-72.63194,1003.75
2011-06-14,390006.0,"Pichoy, Valdivia Ad.",-39.65667,-73.08722,1010.6666666666666
2011-06-14,400009.0,"Cañal Bajo,  Osorno Ad.",-40.61444,-73.0575,1000.6727272727272
2011-06-14,410005.0,El Tepual  Puerto Montt Ap.,-41.4475,-73.09583,1001.5833333333334
2011-06-14,430001.0,Quellón Ad.,-43.13361,-73.63278,1006.4333333333334
2011-06-14,430002.0,Futaleufú Ad.,-43.18889,-71.85222,967.5
2011-06-14,450001.0,Puerto Aysén Ad.,-45.39944,-72.67722,1006.3000000000001
2011-06-14,450004.0,"Teniente Vidal, Coyhaique Ad.",-45.59083,-72.10222,969.2692307692307
2011-06-14,450005.0,Balmaceda Ad.,-45.91833,-71.67778,944.32
2011-06-14,510005.0,"Teniente Gallardo, Puerto Natales Ad.",-51.66722,-72.52889,995.8000000000001
2011-06-14,520006.0,"Carlos Ibañez, Punta Arenas Ap.",-53.00167,-70.83861,997.1666666666666
2011-06-14,530005.0,"Fuentes Martínez, Porvenir Ad.",-53.25361,-70.32611,1000.0250000000001
2011-06-14,550001.0,"Guardiamarina Zañartu, Pto Williams Ad.",-54.93167,-67.61556,998.2181818181817
2011-06-14,950001.0,"C.M.A. Eduardo Frei Montalva, Antártica ",-62.19194,-58.97972,989.85
2011-06-15,180005.0,"Chacalluta, Arica Ap.",-18.35555,-70.34028,1009.3583333333332
2011-06-15,200006.0,Diego Aracena Iquique Ap.,-20.54917,-70.18111,1008.5958333333333
2011-06-15,220002.0,"El Loa, Calama Ad.",-22.49806,-68.8925,776.4
2011-06-15,270001.0,Mataveri  Isla de Pascua Ap.,-27.15889,-109.4325,1021.0458333333332
2011-06-15,270008.0,"Desierto de Atacama, Caldera  Ad.",-27.25444,-70.78111,993.4461538461538
2011-06-15,290004.0,"La Florida, La Serena Ad.",-29.91444,-71.20667,999.5041666666666
2011-06-15,330007.0,"Rodelillo, Ad.",-33.06528,-71.55639,976.0
2011-06-15,330019.0,"Eulogio Sánchez, Tobalaba Ad.",-33.45528,-70.54861,940.0
2011-06-15,330020.0,"Quinta Normal, Santiago",-33.445,-70.68278,954.9375
2011-06-15,330021.0,Pudahuel Santiago ,-33.37833,-70.78778,960.0333333333333
2011-06-15,330030.0,"Santo Domingo, Ad.",-33.65611,-71.61333,1008.0769230769231
2011-06-15,330031.0,"Juan Fernández, Estación Meteorológica.",-33.63583,-78.83305,1010.225
2011-06-15,340031.0,"General Freire, Curicó Ad.",-34.96944,-71.21694,988.49
2011-06-15,360011.0,"General Bernardo O'Higgins, Chillán Ad.",-36.58583,-72.03667,999.1700000000001
2011-06-15,360019.0,"Carriel Sur, Concepción Ap.",-36.78055,-73.06639,1014.4666666666667
2011-06-15,370033.0,"María Dolores, Los Angeles Ad.",-37.39694,-72.42389,1002.2
2011-06-15,380013.0,"Maquehue, Temuco Ad.",-38.76778,-72.63194,1005.3125
2011-06-15,390006.0,"Pichoy, Valdivia Ad.",-39.65667,-73.08722,1011.6333333333333
2011-06-15,400009.0,"Cañal Bajo,  Osorno Ad.",-40.61444,-73.0575,1003.1454545454545
2011-06-15,410005.0,El Tepual  Puerto Montt Ap.,-41.4475,-73.09583,1001.6208333333334
2011-06-15,430001.0,Quellón Ad.,-43.13361,-73.63278,1007.8000000000001
2011-06-15,430002.0,Futaleufú Ad.,-43.18889,-71.85222,967.5
2011-06-15,450001.0,Puerto Aysén Ad.,-45.39944,-72.67722,1005.5333333333333
2011-06-15,450004.0,"Teniente Vidal, Coyhaique Ad.",-45.59083,-72.10222,968.0769230769231
2011-06-15,450005.0,Balmaceda Ad.,-45.91833,-71.67778,943.18
2011-06-15,510005.0,"Teniente Gallardo, Puerto Natales Ad.",-51.66722,-72.52889,990.1333333333332
2011-06-15,520006.0,"Carlos Ibañez, Punta Arenas Ap.",-53.00167,-70.83861,995.1666666666666
2011-06-15,530005.0,"Fuentes Martínez, Porvenir Ad.",-53.25361,-70.32611,995.525
2011-06-15,550001.0,"Guardiamarina Zañartu, Pto Williams Ad.",-54.93167,-67.61556,997.8727272727273
2011-06-15,950001.0,"C.M.A. Eduardo Frei Montalva, Antártica ",-62.19194,-58.97972,995.1
2011-06-16,180005.0,"Chacalluta, Arica Ap.",-18.35555,-70.34028,1010.3249999999999
2011-06-16,200006.0,Diego Aracena Iquique Ap.,-20.54917,-70.18111,1009.5333333333333
2011-06-16,220002.0,"El Loa, Calama Ad.",-22.49806,-68.8925,775.3461538461538
2011-06-16,270001.0,Mataveri  Isla de Pascua Ap.,-27.15889,-109.4325,1021.1666666666666
2011-06-16,270008.0,"Desierto de Atacama, Caldera  Ad.",-27.25444,-70.78111,994.4733333333334
2011-06-16,290004.0,"La Florida, La Serena Ad.",-29.91444,-71.20667,1000.2708333333334
2011-06-16,330007.0,"Rodelillo, Ad.",-33.06528,-71.55639,977.0
2011-06-16,330019.0,"Eulogio Sánchez, Tobalaba Ad.",-33.45528,-70.54861,940.6333333333333
2011-06-16,330020.0,"Quinta Normal, Santiago",-33.445,-70.68278,954.875
2011-06-16,330021.0,Pudahuel Santiago ,-33.37833,-70.78778,960.0708333333333
2011-06-16,330030.0,"Santo Domingo, Ad.",-33.65611,-71.61333,1008.9461538461538
2011-06-16,330031.0,"Juan Fernández, Estación Meteorológica.",-33.63583,-78.83305,1009.125
2011-06-16,340031.0,"General Freire, Curicó Ad.",-34.96944,-71.21694,988.68
2011-06-16,360011.0,"General Bernardo O'Higgins, Chillán Ad.",-36.58583,-72.03667,998.8714285714286
2011-06-16,360019.0,"Carriel Sur, Concepción Ap.",-36.78055,-73.06639,1013.4333333333334
2011-06-16,370033.0,"María Dolores, Los Angeles Ad.",-37.39694,-72.42389,1000.8
2011-06-16,380013.0,"Maquehue, Temuco Ad.",-38.76778,-72.63194,1002.8375
2011-06-16,390006.0,"Pichoy, Valdivia Ad.",-39.65667,-73.08722,1009.6
2011-06-16,400009.0,"Cañal Bajo,  Osorno Ad.",-40.61444,-73.0575,1004.5727272727272
2011-06-16,410005.0,El Tepual  Puerto Montt Ap.,-41.4475,-73.09583,1001.0375
2011-06-16,430001.0,Quellón Ad.,-43.13361,-73.63278,1008.3333333333334
2011-06-16,430002.0,Futaleufú Ad.,-43.18889,-71.85222,969.7666666666668
2011-06-16,450001.0,Puerto Aysén Ad.,-45.39944,-72.67722,1008.8000000000001
2011-06-16,450004.0,"Teniente Vidal, Coyhaique Ad.",-45.59083,-72.10222,971.0692307692308
2011-06-16,450005.0,Balmaceda Ad.,-45.91833,-71.67778,944.72
2011-06-16,510005.0,"Teniente Gallardo, Puerto Natales Ad.",-51.66722,-72.52889,997.4
2011-06-16,520006.0,"Carlos Ibañez, Punta Arenas Ap.",-53.00167,-70.83861,995.5875
2011-06-16,530005.0,"Fuentes Martínez, Porvenir Ad.",-53.25361,-70.32611,998.6999999999999
2011-06-16,550001.0,"Guardiamarina Zañartu, Pto Williams Ad.",-54.93167,-67.61556,999.1636363636363
2011-06-16,950001.0,"C.M.A. Eduardo Frei Montalva, Antártica ",-62.19194,-58.97972,998.5
2011-06-17,180005.0,"Chacalluta, Arica Ap.",-18.35555,-70.34028,1011.3041666666667
2011-06-17,200006.0,Diego Aracena Iquique Ap.,-20.54917,-70.18111,1010.4125
2011-06-17,220002.0,"El Loa, Calama Ad.",-22.49806,-68.8925,776.9764705882353
2011-06-17,270001.0,Mataveri  Isla de Pascua Ap.,-27.15889,-109.4325,1020.6125000000001
2011-06-17,270008.0,"Desierto de Atacama, Caldera  Ad.",-27.25444,-70.78111,995.1785714285714
2011-06-17,290004.0,"La Florida, La Serena Ad.",-29.91444,-71.20667,999.8416666666667
2011-06-17,330007.0,"Rodelillo, Ad.",-33.06528,-71.55639,974.6666666666666
2011-06-17,330019.0,"Eulogio Sánchez, Tobalaba Ad.",-33.45528,-70.54861,938.6
2011-06-17,330020.0,"Quinta Normal, Santiago",-33.445,-70.68278,953.95
2011-06-17,330021.0,Pudahuel Santiago ,-33.37833,-70.78778,958.975
2011-06-17,330030.0,"Santo Domingo, Ad.",-33.65611,-71.61333,1006.5615384615384
2011-06-17,330031.0,"Juan Fernández, Estación Meteorológica.",-33.63583,-78.83305,1001.875
2011-06-17,340031.0,"General Freire, Curicó Ad.",-34.96944,-71.21694,986.0
2011-06-17,360011.0,"General Bernardo O'Higgins, Chillán Ad.",-36.58583,-72.03667,995.3
2011-06-17,360019.0,"Carriel Sur, Concepción Ap.",-36.78055,-73.06639,1010.625
2011-06-17,370033.0,"María Dolores, Los Angeles Ad.",-37.39694,-72.42389,998.0
2011-06-17,380013.0,"Maquehue, Temuco Ad.",-38.76778,-72.63194,999.9875000000001
2011-06-17,390006.0,"Pichoy, Valdivia Ad.",-39.65667,-73.08722,1005.975
2011-06-17,400009.0,"Cañal Bajo,  Osorno Ad.",-40.61444,-73.0575,1000.1714285714286
2011-06-17,410005.0,El Tepual  Puerto Montt Ap.,-41.4475,-73.09583,997.6625
2011-06-17,430001.0,Quellón Ad.,-43.13361,-73.63278,1004.55
2011-06-17,430002.0,Futaleufú Ad.,-43.18889,-71.85222,969.0
2011-06-17,450001.0,Puerto Aysén Ad.,-45.39944,-72.67722,1008.8
2011-06-17,450004.0,"Teniente Vidal, Coyhaique Ad.",-45.59083,-72.10222,972.0384615384615
2011-06-17,450005.0,Balmaceda Ad.,-45.91833,-71.67778,947.24
2011-06-17,510005.0,"Teniente Gallardo, Puerto Natales Ad.",-51.66722,-72.52889,1000.45
2011-06-17,520006.0,"Carlos Ibañez, Punta Arenas Ap.",-53.00167,-70.83861,1004.0708333333333
2011-06-17,530005.0,"Fuentes Martínez, Porvenir Ad.",-53.25361,-70.32611,1005.975
2011-06-17,550001.0,"Guardiamarina Zañartu, Pto Williams Ad.",-54.93167,-67.61556,1007.2230769230769
2011-06-17,950001.0,"C.M.A. Eduardo Frei Montalva, Antártica ",-62.19194,-58.97972,997.375
2011-06-18,180005.0,"Chacalluta, Arica Ap.",-18.35555,-70.34028,1013.7333333333332
2011-06-18,200006.0,Diego Aracena Iquique Ap.,-20.54917,-70.18111,1013.025
2011-06-18,220002.0,"El Loa, Calama Ad.",-22.49806,-68.8925,778.6833333333333
2011-06-18,270001.0,Mataveri  Isla de Pascua Ap.,-27.15889,-109.4325,1023.4708333333333
2011-06-18,270008.0,"Desierto de Atacama, Caldera  Ad.",-27.25444,-70.78111,997.623076923077
2011-06-18,290004.0,"La Florida, La Serena Ad.",-29.91444,-71.20667,1000.1999999999999
2011-06-18,330007.0,"Rodelillo, Ad.",-33.06528,-71.55639,973.0
2011-06-18,330019.0,"Eulogio Sánchez, Tobalaba Ad.",-33.45528,-70.54861,937.7666666666668
2011-06-18,330020.0,"Quinta Normal, Santiago",-33.445,-70.68278,952.65
2011-06-18,330021.0,Pudahuel Santiago ,-33.37833,-70.78778,957.7708333333334
2011-06-18,330030.0,"Santo Domingo, Ad.",-33.65611,-71.61333,1004.0230769230768
2011-06-18,330031.0,"Juan Fernández, Estación Meteorológica.",-33.63583,-78.83305,1000.975
2011-06-18,340031.0,"General Freire, Curicó Ad.",-34.96944,-71.21694,982.61
2011-06-18,360011.0,"General Bernardo O'Higgins, Chillán Ad.",-36.58583,-72.03667,
2011-06-18,360019.0,"Carriel Sur, Concepción Ap.",-36.78055,-73.06639,1004.7583333333333
2011-06-18,370033.0,"María Dolores, Los Angeles Ad.",-37.39694,-72.42389,
2011-06-18,380013.0,"Maquehue, Temuco Ad.",-38.76778,-72.63194,992.975
2011-06-18,390006.0,"Pichoy, Valdivia Ad.",-39.65667,-73.08722,998.1
2011-06-18,400009.0,"Cañal Bajo,  Osorno Ad.",-40.61444,-73.0575,992.6636363636363
2011-06-18,410005.0,El Tepual  Puerto Montt Ap.,-41.4475,-73.09583,989.9166666666666
2011-06-18,450004.0,"Teniente Vidal, Coyhaique Ad.",-45.59083,-72.10222,960.4076923076923
2011-06-18,450005.0,Balmaceda Ad.,-45.91833,-71.67778,937.1200000000001
2011-06-18,520006.0,"Carlos Ibañez, Punta Arenas Ap.",-53.00167,-70.83861,988.9875000000001
2011-06-18,530005.0,"Fuentes Martínez, Porvenir Ad.",-53.25361,-70.32611,988.3000000000001
2011-06-18,550001.0,"Guardiamarina Zañartu, Pto Williams Ad.",-54.93167,-67.61556,990.43
2011-06-18,950001.0,"C.M.A. Eduardo Frei Montalva, Antártica ",-62.19194,-58.97972,1004.375
2011-06-19,180005.0,"Chacalluta, Arica Ap.",-18.35555,-70.34028,1011.75
2011-06-19,200006.0,Diego Aracena Iquique Ap.,-20.54917,-70.18111,1011.0583333333334
2011-06-19,220002.0,"El Loa, Calama Ad.",-22.49806,-68.8925,776.8166666666666
2011-06-19,270001.0,Mataveri  Isla de Pascua Ap.,-27.15889,-109.4325,1022.0708333333333
2011-06-19,270008.0,"Desierto de Atacama, Caldera  Ad.",-27.25444,-70.78111,994.7181818181817
2011-06-19,290004.0,"La Florida, La Serena Ad.",-29.91444,-71.20667,999.525
2011-06-19,330007.0,"Rodelillo, Ad.",-33.06528,-71.55639,971.6666666666666
2011-06-19,330019.0,"Eulogio Sánchez, Tobalaba Ad.",-33.45528,-70.54861,937.7666666666668
2011-06-19,330020.0,"Quinta Normal, Santiago",-33.445,-70.68278,953.25
2011-06-19,330021.0,Pudahuel Santiago ,-33.37833,-70.78778,958.0
2011-06-19,330030.0,"Santo Domingo, Ad.",-33.65611,-71.61333,1003.3615384615385
2011-06-19,330031.0,"Juan Fernández, Estación Meteorológica.",-33.63583,-78.83305,999.15
2011-06-19,340031.0,"General Freire, Curicó Ad.",-34.96944,-71.21694,983.72
2011-06-19,360019.0,"Carriel Sur, Concepción Ap.",-36.78055,-73.06639,1006.5625
2011-06-19,370033.0,"María Dolores, Los Angeles Ad.",-37.39694,-72.42389,
2011-06-19,380013.0,"Maquehue, Temuco Ad.",-38.76778,-72.63194,995.7571428571429
2011-06-19,390006.0,"Pichoy, Valdivia Ad.",-39.65667,-73.08722,1004.875
2011-06-19,400009.0,"Cañal Bajo,  Osorno Ad.",-40.61444,-73.0575,1002.0363636363636
2011-06-19,410005.0,El Tepual  Puerto Montt Ap.,-41.4475,-73.09583,995.375
2011-06-19,450004.0,"Teniente Vidal, Coyhaique Ad.",-45.59083,-72.10222,970.4692307692308
2011-06-19,450005.0,Balmaceda Ad.,-45.91833,-71.67778,947.6999999999999
2011-06-19,520006.0,"Carlos Ibañez, Punta Arenas Ap.",-53.00167,-70.83861,998.8208333333333
2011-06-19,550001.0,"Guardiamarina Zañartu, Pto Williams Ad.",-54.93167,-67.61556,1003.6222222222223
2011-06-19,950001.0,"C.M.A. Eduardo Frei Montalva, Antártica ",-62.19194,-58.97972,1002.0375
2011-06-20,180005.0,"Chacalluta, Arica Ap.",-18.35555,-70.34028,1011.4708333333333
2011-06-20,200006.0,Diego Aracena Iquique Ap.,-20.54917,-70.18111,1011.0083333333333
2011-06-20,220002.0,"El Loa, Calama Ad.",-22.49806,-68.8925,776.3529411764706
2011-06-20,270001.0,Mataveri  Isla de Pascua Ap.,-27.15889,-109.4325,1017.225
2011-06-20,270008.0,"Desierto de Atacama, Caldera  Ad.",-27.25444,-70.78111,994.7692307692307
2011-06-20,290004.0,"La Florida, La Serena Ad.",-29.91444,-71.20667,997.9375
2011-06-20,330007.0,"Rodelillo, Ad.",-33.06528,-71.55639,976.0
2011-06-20,330019.0,"Eulogio Sánchez, Tobalaba Ad.",-33.45528,-70.54861,940.3000000000001
2011-06-20,330020.0,"Quinta Normal, Santiago",-33.445,-70.68278,951.8125
2011-06-20,330021.0,Pudahuel Santiago ,-33.37833,-70.78778,957.5500000000001
2011-06-20,330030.0,"Santo Domingo, Ad.",-33.65611,-71.61333,1007.6615384615385
2011-06-20,330031.0,"Juan Fernández, Estación Meteorológica.",-33.63583,-78.83305,997.9
2011-06-20,340031.0,"General Freire, Curicó Ad.",-34.96944,-71.21694,988.24
2011-06-20,360011.0,"General Bernardo O'Higgins, Chillán Ad.",-36.58583,-72.03667,998.97
2011-06-20,360019.0,"Carriel Sur, Concepción Ap.",-36.78055,-73.06639,1010.7291666666666
2011-06-20,370033.0,"María Dolores, Los Angeles Ad.",-37.39694,-72.42389,1001.8
2011-06-20,380013.0,"Maquehue, Temuco Ad.",-38.76778,-72.63194,1003.1875
2011-06-20,390006.0,"Pichoy, Valdivia Ad.",-39.65667,-73.08722,1015.7666666666668
2011-06-20,400009.0,"Cañal Bajo,  Osorno Ad.",-40.61444,-73.0575,1011.4545454545455
2011-06-20,410005.0,El Tepual  Puerto Montt Ap.,-41.4475,-73.09583,1006.7208333333333
2011-06-20,430001.0,Quellón Ad.,-43.13361,-73.63278,1018.7333333333332
2011-06-20,430002.0,Futaleufú Ad.,-43.18889,-71.85222,978.8333333333334
2011-06-20,450004.0,"Teniente Vidal, Coyhaique Ad.",-45.59083,-72.10222,980.0
2011-06-20,450005.0,Balmaceda Ad.,-45.91833,-71.67778,953.0200000000001
2011-06-20,510005.0,"Teniente Gallardo, Puerto Natales Ad.",-51.66722,-72.52889,995.3333333333334
2011-06-20,520006.0,"Carlos Ibañez, Punta Arenas Ap.",-53.00167,-70.83861,997.4041666666667
2011-06-20,530005.0,"Fuentes Martínez, Porvenir Ad.",-53.25361,-70.32611,995.875
2011-06-20,550001.0,"Guardiamarina Zañartu, Pto Williams Ad.",-54.93167,-67.61556,992.1272727272727
2011-06-20,950001.0,"C.M.A. Eduardo Frei Montalva, Antártica ",-62.19194,-58.97972,987.3875
2011-06-21,180005.0,"Chacalluta, Arica Ap.",-18.35555,-70.34028,1011.35
2011-06-21,200006.0,Diego Aracena Iquique Ap.,-20.54917,-70.18111,1010.9708333333333
2011-06-21,220002.0,"El Loa, Calama Ad.",-22.49806,-68.8925,776.6999999999999
2011-06-21,270001.0,Mataveri  Isla de Pascua Ap.,-27.15889,-109.4325,1013.3416666666667
2011-06-21,270008.0,"Desierto de Atacama, Caldera  Ad.",-27.25444,-70.78111,996.7071428571428
2011-06-21,290004.0,"La Florida, La Serena Ad.",-29.91444,-71.20667,1003.225
2011-06-21,330007.0,"Rodelillo, Ad.",-33.06528,-71.55639,981.6666666666666
2011-06-21,330019.0,"Eulogio Sánchez, Tobalaba Ad.",-33.45528,-70.54861,946.3333333333334
2011-06-21,330020.0,"Quinta Normal, Santiago",-33.445,-70.68278,958.9625
2011-06-21,330021.0,Pudahuel Santiago ,-33.37833,-70.78778,964.5333333333333
2011-06-21,330030.0,"Santo Domingo, Ad.",-33.65611,-71.61333,1012.8846153846154
2011-06-21,330031.0,"Juan Fernández, Estación Meteorológica.",-33.63583,-78.83305,1013.9
2011-06-21,340031.0,"General Freire, Curicó Ad.",-34.96944,-71.21694,995.46
2011-06-21,360011.0,"General Bernardo O'Higgins, Chillán Ad.",-36.58583,-72.03667,1006.61
2011-06-21,360019.0,"Carriel Sur, Concepción Ap.",-36.78055,-73.06639,1020.0958333333333
2011-06-21,370033.0,"María Dolores, Los Angeles Ad.",-37.39694,-72.42389,1009.4
2011-06-21,380013.0,"Maquehue, Temuco Ad.",-38.76778,-72.63194,1010.2875
2011-06-21,390006.0,"Pichoy, Valdivia Ad.",-39.65667,-73.08722,1021.3000000000001
2011-06-21,400009.0,"Cañal Bajo,  Osorno Ad.",-40.61444,-73.0575,1016.7363636363636
2011-06-21,410005.0,El Tepual  Puerto Montt Ap.,-41.4475,-73.09583,1012.6833333333334
2011-06-21,430001.0,Quellón Ad.,-43.13361,-73.63278,1023.0666666666666
2011-06-21,430002.0,Futaleufú Ad.,-43.18889,-71.85222,982.0
2011-06-21,450004.0,"Teniente Vidal, Coyhaique Ad.",-45.59083,-72.10222,983.6384615384615
2011-06-21,450005.0,Balmaceda Ad.,-45.91833,-71.67778,955.25
2011-06-21,510005.0,"Teniente Gallardo, Puerto Natales Ad.",-51.66722,-72.52889,998.5666666666666
2011-06-21,520006.0,"Carlos Ibañez, Punta Arenas Ap.",-53.00167,-70.83861,997.5291666666667
2011-06-21,530005.0,"Fuentes Martínez, Porvenir Ad.",-53.25361,-70.32611,1001.05
2011-06-21,550001.0,"Guardiamarina Zañartu, Pto Williams Ad.",-54.93167,-67.61556,995.5545454545455
2011-06-21,950001.0,"C.M.A. Eduardo Frei Montalva, Antártica ",-62.19194,-58.97972,964.375
2011-06-22,180005.0,"Chacalluta, Arica Ap.",-18.35555,-70.34028,1012.9166666666666
2011-06-22,200006.0,Diego Aracena Iquique Ap.,-20.54917,-70.18111,1012.4250000000001
2011-06-22,220002.0,"El Loa, Calama Ad.",-22.49806,-68.8925,777.8705882352941
2011-06-22,270001.0,Mataveri  Isla de Pascua Ap.,-27.15889,-109.4325,1012.2666666666668
2011-06-22,270008.0,"Desierto de Atacama, Caldera  Ad.",-27.25444,-70.78111,997.188888888889
2011-06-22,290004.0,"La Florida, La Serena Ad.",-29.91444,-71.20667,1004.4541666666668
2011-06-22,330007.0,"Rodelillo, Ad.",-33.06528,-71.55639,983.0
2011-06-22,330019.0,"Eulogio Sánchez, Tobalaba Ad.",-33.45528,-70.54861,947.3000000000001
2011-06-22,330020.0,"Quinta Normal, Santiago",-33.445,-70.68278,961.175
2011-06-22,330021.0,Pudahuel Santiago ,-33.37833,-70.78778,966.4875000000001
2011-06-22,330030.0,"Santo Domingo, Ad.",-33.65611,-71.61333,1015.3153846153847
2011-06-22,330031.0,"Juan Fernández, Estación Meteorológica.",-33.63583,-78.83305,1022.625
2011-06-22,340031.0,"General Freire, Curicó Ad.",-34.96944,-71.21694,996.75
2011-06-22,360011.0,"General Bernardo O'Higgins, Chillán Ad.",-36.58583,-72.03667,1007.6700000000001
2011-06-22,360019.0,"Carriel Sur, Concepción Ap.",-36.78055,-73.06639,1023.2958333333332
2011-06-22,370033.0,"María Dolores, Los Angeles Ad.",-37.39694,-72.42389,1010.3
2011-06-22,380013.0,"Maquehue, Temuco Ad.",-38.76778,-72.63194,1013.3125
2011-06-22,390006.0,"Pichoy, Valdivia Ad.",-39.65667,-73.08722,1021.775
2011-06-22,400009.0,"Cañal Bajo,  Osorno Ad.",-40.61444,-73.0575,1017.6071428571429
2011-06-22,410005.0,El Tepual  Puerto Montt Ap.,-41.4475,-73.09583,1014.4125
2011-06-22,430001.0,Quellón Ad.,-43.13361,-73.63278,1021.8333333333334
2011-06-22,450004.0,"Teniente Vidal, Coyhaique Ad.",-45.59083,-72.10222,978.7923076923076
2011-06-22,450005.0,Balmaceda Ad.,-45.91833,-71.67778,952.54
2011-06-22,510005.0,"Teniente Gallardo, Puerto Natales Ad.",-51.66722,-72.52889,987.2333333333332
2011-06-22,520006.0,"Carlos Ibañez, Punta Arenas Ap.",-53.00167,-70.83861,988.15
2011-06-22,530005.0,"Fuentes Martínez, Porvenir Ad.",-53.25361,-70.32611,985.925
2011-06-22,550001.0,"Guardiamarina Zañartu, Pto Williams Ad.",-54.93167,-67.61556,982.4
2011-06-22,950001.0,"C.M.A. Eduardo Frei Montalva, Antártica ",-62.19194,-58.97972,973.925
2011-06-23,180005.0,"Chacalluta, Arica Ap.",-18.35555,-70.34028,1012.5333333333333
2011-06-23,200006.0,Diego Aracena Iquique Ap.,-20.54917,-70.18111,1011.9416666666666
2011-06-23,220002.0,"El Loa, Calama Ad.",-22.49806,-68.8925,777.364705882353
2011-06-23,270001.0,Mataveri  Isla de Pascua Ap.,-27.15889,-109.4325,1012.875
2011-06-23,270008.0,"Desierto de Atacama, Caldera  Ad.",-27.25444,-70.78111,996.3000000000001
2011-06-23,290004.0,"La Florida, La Serena Ad.",-29.91444,-71.20667,1002.8791666666666
2011-06-23,330007.0,"Rodelillo, Ad.",-33.06528,-71.55639,980.3333333333334
2011-06-23,330019.0,"Eulogio Sánchez, Tobalaba Ad.",-33.45528,-70.54861,944.7666666666668
2011-06-23,330020.0,"Quinta Normal, Santiago",-33.445,-70.68278,961.1875
2011-06-23,330021.0,Pudahuel Santiago ,-33.37833,-70.78778,965.7666666666668
2011-06-23,330030.0,"Santo Domingo, Ad.",-33.65611,-71.61333,1013.3307692307692
2011-06-23,330031.0,"Juan Fernández, Estación Meteorológica.",-33.63583,-78.83305,1022.425
2011-06-23,340031.0,"General Freire, Curicó Ad.",-34.96944,-71.21694,995.1299999999999
2011-06-23,360011.0,"General Bernardo O'Higgins, Chillán Ad.",-36.58583,-72.03667,1006.5111111111112
2011-06-23,360019.0,"Carriel Sur, Concepción Ap.",-36.78055,-73.06639,1023.8791666666666
2011-06-23,370033.0,"María Dolores, Los Angeles Ad.",-37.39694,-72.42389,1009.2
2011-06-23,380013.0,"Maquehue, Temuco Ad.",-38.76778,-72.63194,1012.675
2011-06-23,390006.0,"Pichoy, Valdivia Ad.",-39.65667,-73.08722,1017.4
2011-06-23,400009.0,"Cañal Bajo,  Osorno Ad.",-40.61444,-73.0575,1011.8083333333334
2011-06-23,410005.0,El Tepual  Puerto Montt Ap.,-41.4475,-73.09583,1010.2916666666666
2011-06-23,430001.0,Quellón Ad.,-43.13361,-73.63278,1016.9
2011-06-23,430002.0,Futaleufú Ad.,-43.18889,-71.85222,974.9666666666667
2011-06-23,450004.0,"Teniente Vidal, Coyhaique Ad.",-45.59083,-72.10222,978.3923076923077
2011-06-23,450005.0,Balmaceda Ad.,-45.91833,-71.67778,951.0799999999999
2011-06-23,510005.0,"Teniente Gallardo, Puerto Natales Ad.",-51.66722,-72.52889,1001.4666666666667
2011-06-23,520006.0,"Carlos Ibañez, Punta Arenas Ap.",-53.00167,-70.83861,995.5666666666666
2011-06-23,530005.0,"Fuentes Martínez, Porvenir Ad.",-53.25361,-70.32611,999.0
2011-06-23,550001.0,"Guardiamarina Zañartu, Pto Williams Ad.",-54.93167,-67.61556,992.7363636363636
2011-06-23,950001.0,"C.M.A. Eduardo Frei Montalva, Antártica ",-62.19194,-58.97972,960.3
2011-06-24,180005.0,"Chacalluta, Arica Ap.",-18.35555,-70.34028,1011.5124999999999
2011-06-24,200006.0,Diego Aracena Iquique Ap.,-20.54917,-70.18111,1011.15
2011-06-24,220002.0,"El Loa, Calama Ad.",-22.49806,-68.8925,776.7111111111111
2011-06-24,270001.0,Mataveri  Isla de Pascua Ap.,-27.15889,-109.4325,1013.5333333333333
2011-06-24,270008.0,"Desierto de Atacama, Caldera  Ad.",-27.25444,-70.78111,995.5615384615384
2011-06-24,290004.0,"La Florida, La Serena Ad.",-29.91444,-71.20667,1001.9166666666666
2011-06-24,330007.0,"Rodelillo, Ad.",-33.06528,-71.55639,981.0
2011-06-24,330019.0,"Eulogio Sánchez, Tobalaba Ad.",-33.45528,-70.54861,946.1333333333333
2011-06-24,330020.0,"Quinta Normal, Santiago",-33.445,-70.68278,960.4375
2011-06-24,330021.0,Pudahuel Santiago ,-33.37833,-70.78778,965.6583333333333
2011-06-24,330030.0,"Santo Domingo, Ad.",-33.65611,-71.61333,1014.5538461538462
2011-06-24,330031.0,"Juan Fernández, Estación Meteorológica.",-33.63583,-78.83305,1024.975
2011-06-24,340031.0,"General Freire, Curicó Ad.",-34.96944,-71.21694,996.93
2011-06-24,360011.0,"General Bernardo O'Higgins, Chillán Ad.",-36.58583,-72.03667,1008.3299999999999
2011-06-24,360019.0,"Carriel Sur, Concepción Ap.",-36.78055,-73.06639,1025.6583333333333
2011-06-24,370033.0,"María Dolores, Los Angeles Ad.",-37.39694,-72.42389,1015.1
2011-06-24,380013.0,"Maquehue, Temuco Ad.",-38.76778,-72.63194,1016.8
2011-06-24,390006.0,"Pichoy, Valdivia Ad.",-39.65667,-73.08722,1029.5666666666666
2011-06-24,400009.0,"Cañal Bajo,  Osorno Ad.",-40.61444,-73.0575,1024.8727272727274
2011-06-24,410005.0,El Tepual  Puerto Montt Ap.,-41.4475,-73.09583,1018.8541666666666
2011-06-24,430001.0,Quellón Ad.,-43.13361,-73.63278,1031.1
2011-06-24,430002.0,Futaleufú Ad.,-43.18889,-71.85222,988.9
2011-06-24,450004.0,"Teniente Vidal, Coyhaique Ad.",-45.59083,-72.10222,990.7307692307693
2011-06-24,450005.0,Balmaceda Ad.,-45.91833,-71.67778,963.475
2011-06-24,510005.0,"Teniente Gallardo, Puerto Natales Ad.",-51.66722,-72.52889,1011.05
2011-06-24,520006.0,"Carlos Ibañez, Punta Arenas Ap.",-53.00167,-70.83861,1006.9166666666666
2011-06-24,530005.0,"Fuentes Martínez, Porvenir Ad.",-53.25361,-70.32611,1010.65
2011-06-24,550001.0,"Guardiamarina Zañartu, Pto Williams Ad.",-54.93167,-67.61556,1004.9615384615385
2011-06-24,950001.0,"C.M.A. Eduardo Frei Montalva, Antártica ",-62.19194,-58.97972,976.1875
2011-06-25,180005.0,"Chacalluta, Arica Ap.",-18.35555,-70.34028,1010.7458333333334
2011-06-25,200006.0,Diego Aracena Iquique Ap.,-20.54917,-70.18111,1010.3791666666666
2011-06-25,220002.0,"El Loa, Calama Ad.",-22.49806,-68.8925,776.278947368421
2011-06-25,270001.0,Mataveri  Isla de Pascua Ap.,-27.15889,-109.4325,1015.0958333333333
2011-06-25,270008.0,"Desierto de Atacama, Caldera  Ad.",-27.25444,-70.78111,994.0999999999999
2011-06-25,290004.0,"La Florida, La Serena Ad.",-29.91444,-71.20667,1000.125
2011-06-25,330007.0,"Rodelillo, Ad.",-33.06528,-71.55639,978.6666666666666
2011-06-25,330019.0,"Eulogio Sánchez, Tobalaba Ad.",-33.45528,-70.54861,944.2666666666668
2011-06-25,330020.0,"Quinta Normal, Santiago",-33.445,-70.68278,960.3
2011-06-25,330021.0,Pudahuel Santiago ,-33.37833,-70.78778,965.3874999999999
2011-06-25,330030.0,"Santo Domingo, Ad.",-33.65611,-71.61333,1012.3615384615385
2011-06-25,330031.0,"Juan Fernández, Estación Meteorológica.",-33.63583,-78.83305,1025.825
2011-06-25,340031.0,"General Freire, Curicó Ad.",-34.96944,-71.21694,995.45
2011-06-25,360011.0,"General Bernardo O'Higgins, Chillán Ad.",-36.58583,-72.03667,1006.78
2011-06-25,360019.0,"Carriel Sur, Concepción Ap.",-36.78055,-73.06639,1026.3041666666666
2011-06-25,370033.0,"María Dolores, Los Angeles Ad.",-37.39694,-72.42389,1011.6
2011-06-25,380013.0,"Maquehue, Temuco Ad.",-38.76778,-72.63194,1019.8125
2011-06-25,390006.0,"Pichoy, Valdivia Ad.",-39.65667,-73.08722,1029.425
2011-06-25,400009.0,"Cañal Bajo,  Osorno Ad.",-40.61444,-73.0575,1025.3181818181818
2011-06-25,410005.0,El Tepual  Puerto Montt Ap.,-41.4475,-73.09583,1023.0749999999999
2011-06-25,450004.0,"Teniente Vidal, Coyhaique Ad.",-45.59083,-72.10222,990.0615384615384
2011-06-25,450005.0,Balmaceda Ad.,-45.91833,-71.67778,963.0600000000001
2011-06-25,520006.0,"Carlos Ibañez, Punta Arenas Ap.",-53.00167,-70.83861,1000.7083333333334
2011-06-25,530005.0,"Fuentes Martínez, Porvenir Ad.",-53.25361,-70.32611,1000.85
2011-06-25,550001.0,"Guardiamarina Zañartu, Pto Williams Ad.",-54.93167,-67.61556,998.6999999999999
2011-06-25,950001.0,"C.M.A. Eduardo Frei Montalva, Antártica ",-62.19194,-58.97972,971.6875
2011-06-26,180005.0,"Chacalluta, Arica Ap.",-18.35555,-70.34028,1010.6416666666668
2011-06-26,200006.0,Diego Aracena Iquique Ap.,-20.54917,-70.18111,1010.2041666666668
2011-06-26,220002.0,"El Loa, Calama Ad.",-22.49806,-68.8925,775.5454545454545
2011-06-26,270001.0,Mataveri  Isla de Pascua Ap.,-27.15889,-109.4325,1015.2624999999999
2011-06-26,270008.0,"Desierto de Atacama, Caldera  Ad.",-27.25444,-70.78111,994.6181818181817
2011-06-26,290004.0,"La Florida, La Serena Ad.",-29.91444,-71.20667,999.2833333333333
2011-06-26,330007.0,"Rodelillo, Ad.",-33.06528,-71.55639,974.6666666666666
2011-06-26,330019.0,"Eulogio Sánchez, Tobalaba Ad.",-33.45528,-70.54861,939.7666666666668
2011-06-26,330020.0,"Quinta Normal, Santiago",-33.445,-70.68278,956.1125
2011-06-26,330021.0,Pudahuel Santiago ,-33.37833,-70.78778,961.0791666666668
2011-06-26,330030.0,"Santo Domingo, Ad.",-33.65611,-71.61333,1007.0
2011-06-26,330031.0,"Juan Fernández, Estación Meteorológica.",-33.63583,-78.83305,1022.75
2011-06-26,340031.0,"General Freire, Curicó Ad.",-34.96944,-71.21694,989.51
2011-06-26,360011.0,"General Bernardo O'Higgins, Chillán Ad.",-36.58583,-72.03667,1000.43
2011-06-26,360019.0,"Carriel Sur, Concepción Ap.",-36.78055,-73.06639,1019.4583333333334
2011-06-26,370033.0,"María Dolores, Los Angeles Ad.",-37.39694,-72.42389,1005.6
2011-06-26,380013.0,"Maquehue, Temuco Ad.",-38.76778,-72.63194,1015.1
2011-06-26,390006.0,"Pichoy, Valdivia Ad.",-39.65667,-73.08722,1024.675
2011-06-26,400009.0,"Cañal Bajo,  Osorno Ad.",-40.61444,-73.0575,1019.9181818181819
2011-06-26,410005.0,El Tepual  Puerto Montt Ap.,-41.4475,-73.09583,1018.6333333333333
2011-06-26,450004.0,"Teniente Vidal, Coyhaique Ad.",-45.59083,-72.10222,978.9384615384616
2011-06-26,450005.0,Balmaceda Ad.,-45.91833,-71.67778,952.0200000000001
2011-06-26,520006.0,"Carlos Ibañez, Punta Arenas Ap.",-53.00167,-70.83861,993.2541666666666
2011-06-26,550001.0,"Guardiamarina Zañartu, Pto Williams Ad.",-54.93167,-67.61556,988.3571428571429
2011-06-26,950001.0,"C.M.A. Eduardo Frei Montalva, Antártica ",-62.19194,-58.97972,971.275
2011-06-27,180005.0,"Chacalluta, Arica Ap.",-18.35555,-70.34028,1010.4499999999999
2011-06-27,200006.0,Diego Aracena Iquique Ap.,-20.54917,-70.18111,1009.9583333333334
2011-06-27,220002.0,"El Loa, Calama Ad.",-22.49806,-68.8925,774.6
2011-06-27,270001.0,Mataveri  Isla de Pascua Ap.,-27.15889,-109.4325,1014.8541666666666
2011-06-27,270008.0,"Desierto de Atacama, Caldera  Ad.",-27.25444,-70.78111,994.2538461538461
2011-06-27,290004.0,"La Florida, La Serena Ad.",-29.91444,-71.20667,1000.1666666666666
2011-06-27,330007.0,"Rodelillo, Ad.",-33.06528,-71.55639,977.0
2011-06-27,330019.0,"Eulogio Sánchez, Tobalaba Ad.",-33.45528,-70.54861,940.5666666666666
2011-06-27,330020.0,"Quinta Normal, Santiago",-33.445,-70.68278,954.6625
2011-06-27,330021.0,Pudahuel Santiago ,-33.37833,-70.78778,959.8458333333333
2011-06-27,330030.0,"Santo Domingo, Ad.",-33.65611,-71.61333,1008.9000000000001
2011-06-27,330031.0,"Juan Fernández, Estación Meteorológica.",-33.63583,-78.83305,1020.975
2011-06-27,340031.0,"General Freire, Curicó Ad.",-34.96944,-71.21694,989.96
2011-06-27,360011.0,"General Bernardo O'Higgins, Chillán Ad.",-36.58583,-72.03667,999.7
2011-06-27,360019.0,"Carriel Sur, Concepción Ap.",-36.78055,-73.06639,1016.7583333333333
2011-06-27,370033.0,"María Dolores, Los Angeles Ad.",-37.39694,-72.42389,1003.9
2011-06-27,380013.0,"Maquehue, Temuco Ad.",-38.76778,-72.63194,1010.6375
2011-06-27,390006.0,"Pichoy, Valdivia Ad.",-39.65667,-73.08722,1018.9
2011-06-27,400009.0,"Cañal Bajo,  Osorno Ad.",-40.61444,-73.0575,1014.2
2011-06-27,410005.0,El Tepual  Puerto Montt Ap.,-41.4475,-73.09583,1011.225
2011-06-27,450004.0,"Teniente Vidal, Coyhaique Ad.",-45.59083,-72.10222,979.5692307692308
2011-06-27,450005.0,Balmaceda Ad.,-45.91833,-71.67778,952.1200000000001
2011-06-27,520006.0,"Carlos Ibañez, Punta Arenas Ap.",-53.00167,-70.83861,994.9083333333333
2011-06-27,550001.0,"Guardiamarina Zañartu, Pto Williams Ad.",-54.93167,-67.61556,991.6600000000001
2011-06-27,950001.0,"C.M.A. Eduardo Frei Montalva, Antártica ",-62.19194,-58.97972,968.3375
2011-06-28,180005.0,"Chacalluta, Arica Ap.",-18.35555,-70.34028,1013.1791666666667
2011-06-28,200006.0,Diego Aracena Iquique Ap.,-20.54917,-70.18111,1012.5333333333333
2011-06-28,220002.0,"El Loa, Calama Ad.",-22.49806,-68.8925,774.4117647058823
2011-06-28,270001.0,Mataveri  Isla de Pascua Ap.,-27.15889,-109.4325,1011.0708333333333
2011-06-28,270008.0,"Desierto de Atacama, Caldera  Ad.",-27.25444,-70.78111,998.2
2011-06-28,290004.0,"La Florida, La Serena Ad.",-29.91444,-71.20667,1003.7125
2011-06-28,330007.0,"Rodelillo, Ad.",-33.06528,-71.55639,983.0
2011-06-28,330019.0,"Eulogio Sánchez, Tobalaba Ad.",-33.45528,-70.54861,946.9666666666667
2011-06-28,330020.0,"Quinta Normal, Santiago",-33.445,-70.68278,958.9375
2011-06-28,330021.0,Pudahuel Santiago ,-33.37833,-70.78778,964.4166666666666
2011-06-28,330030.0,"Santo Domingo, Ad.",-33.65611,-71.61333,1014.2307692307693
2011-06-28,330031.0,"Juan Fernández, Estación Meteorológica.",-33.63583,-78.83305,1022.175
2011-06-28,340031.0,"General Freire, Curicó Ad.",-34.96944,-71.21694,995.1899999999999
2011-06-28,360011.0,"General Bernardo O'Higgins, Chillán Ad.",-36.58583,-72.03667,1004.1200000000001
2011-06-28,360019.0,"Carriel Sur, Concepción Ap.",-36.78055,-73.06639,1019.3000000000001
2011-06-28,370033.0,"María Dolores, Los Angeles Ad.",-37.39694,-72.42389,1006.2
2011-06-28,380013.0,"Maquehue, Temuco Ad.",-38.76778,-72.63194,1008.5625
2011-06-28,390006.0,"Pichoy, Valdivia Ad.",-39.65667,-73.08722,1013.8000000000001
2011-06-28,400009.0,"Cañal Bajo,  Osorno Ad.",-40.61444,-73.0575,1007.2272727272727
2011-06-28,410005.0,El Tepual  Puerto Montt Ap.,-41.4475,-73.09583,1005.1999999999999
2011-06-28,430001.0,Quellón Ad.,-43.13361,-73.63278,1007.4
2011-06-28,430002.0,Futaleufú Ad.,-43.18889,-71.85222,963.0
2011-06-28,450001.0,Puerto Aysén Ad.,-45.39944,-72.67722,999.5
2011-06-28,450004.0,"Teniente Vidal, Coyhaique Ad.",-45.59083,-72.10222,964.6692307692308
2011-06-28,450005.0,Balmaceda Ad.,-45.91833,-71.67778,941.64
2011-06-28,510005.0,"Teniente Gallardo, Puerto Natales Ad.",-51.66722,-72.52889,991.9
2011-06-28,520006.0,"Carlos Ibañez, Punta Arenas Ap.",-53.00167,-70.83861,995.1208333333334
2011-06-28,530005.0,"Fuentes Martínez, Porvenir Ad.",-53.25361,-70.32611,993.425
2011-06-28,550001.0,"Guardiamarina Zañartu, Pto Williams Ad.",-54.93167,-67.61556,992.2181818181817
2011-06-28,950001.0,"C.M.A. Eduardo Frei Montalva, Antártica ",-62.19194,-58.97972,968.35
2011-06-29,180005.0,"Chacalluta, Arica Ap.",-18.35555,-70.34028,1011.6333333333333
2011-06-29,200006.0,Diego Aracena Iquique Ap.,-20.54917,-70.18111,1011.4041666666667
2011-06-29,220002.0,"El Loa, Calama Ad.",-22.49806,-68.8925,774.9705882352941
2011-06-29,270001.0,Mataveri  Isla de Pascua Ap.,-27.15889,-109.4325,1007.4083333333333
2011-06-29,270008.0,"Desierto de Atacama, Caldera  Ad.",-27.25444,-70.78111,996.4076923076923
2011-06-29,290004.0,"La Florida, La Serena Ad.",-29.91444,-71.20667,1004.1541666666667
2011-06-29,330007.0,"Rodelillo, Ad.",-33.06528,-71.55639,980.6666666666666
2011-06-29,330019.0,"Eulogio Sánchez, Tobalaba Ad.",-33.45528,-70.54861,944.6333333333333
2011-06-29,330020.0,"Quinta Normal, Santiago",-33.445,-70.68278,960.675
2011-06-29,330021.0,Pudahuel Santiago ,-33.37833,-70.78778,965.6541666666667
2011-06-29,330030.0,"Santo Domingo, Ad.",-33.65611,-71.61333,1012.6076923076923
2011-06-29,330031.0,"Juan Fernández, Estación Meteorológica.",-33.63583,-78.83305,1020.075
2011-06-29,340031.0,"General Freire, Curicó Ad.",-34.96944,-71.21694,990.3
2011-06-29,360011.0,"General Bernardo O'Higgins, Chillán Ad.",-36.58583,-72.03667,997.46
2011-06-29,360019.0,"Carriel Sur, Concepción Ap.",-36.78055,-73.06639,1015.8666666666667
2011-06-29,370033.0,"María Dolores, Los Angeles Ad.",-37.39694,-72.42389,999.6
2011-06-29,380013.0,"Maquehue, Temuco Ad.",-38.76778,-72.63194,1002.525
2011-06-29,390006.0,"Pichoy, Valdivia Ad.",-39.65667,-73.08722,1010.0
2011-06-29,400009.0,"Cañal Bajo,  Osorno Ad.",-40.61444,-73.0575,1004.5181818181819
2011-06-29,410005.0,El Tepual  Puerto Montt Ap.,-41.4475,-73.09583,1000.1708333333332
2011-06-29,430001.0,Quellón Ad.,-43.13361,-73.63278,1007.0
2011-06-29,430002.0,Futaleufú Ad.,-43.18889,-71.85222,962.1666666666666
2011-06-29,450001.0,Puerto Aysén Ad.,-45.39944,-72.67722,1002.7666666666668
2011-06-29,450004.0,"Teniente Vidal, Coyhaique Ad.",-45.59083,-72.10222,963.7846153846154
2011-06-29,450005.0,Balmaceda Ad.,-45.91833,-71.67778,935.775
2011-06-29,510005.0,"Teniente Gallardo, Puerto Natales Ad.",-51.66722,-72.52889,990.2333333333332
2011-06-29,520006.0,"Carlos Ibañez, Punta Arenas Ap.",-53.00167,-70.83861,986.3166666666666
2011-06-29,530005.0,"Fuentes Martínez, Porvenir Ad.",-53.25361,-70.32611,988.65
2011-06-29,550001.0,"Guardiamarina Zañartu, Pto Williams Ad.",-54.93167,-67.61556,986.8714285714286
2011-06-29,950001.0,"C.M.A. Eduardo Frei Montalva, Antártica ",-62.19194,-58.97972,976.0
2011-06-30,180005.0,"Chacalluta, Arica Ap.",-18.35555,-70.34028,1011.6875
2011-06-30,200006.0,Diego Aracena Iquique Ap.,-20.54917,-70.18111,1011.3458333333333
2011-06-30,220002.0,"El Loa, Calama Ad.",-22.49806,-68.8925,775.464705882353
2011-06-30,270001.0,Mataveri  Isla de Pascua Ap.,-27.15889,-109.4325,1012.1708333333332
2011-06-30,270008.0,"Desierto de Atacama, Caldera  Ad.",-27.25444,-70.78111,995.4923076923077
2011-06-30,290004.0,"La Florida, La Serena Ad.",-29.91444,-71.20667,1002.0
2011-06-30,330007.0,"Rodelillo, Ad.",-33.06528,-71.55639,981.6666666666666
2011-06-30,330019.0,"Eulogio Sánchez, Tobalaba Ad.",-33.45528,-70.54861,946.6999999999999
2011-06-30,330020.0,"Quinta Normal, Santiago",-33.445,-70.68278,960.925
2011-06-30,330021.0,Pudahuel Santiago ,-33.37833,-70.78778,966.3416666666667
2011-06-30,330030.0,"Santo Domingo, Ad.",-33.65611,-71.61333,1015.6692307692308
2011-06-30,330031.0,"Juan Fernández, Estación Meteorológica.",-33.63583,-78.83305,1025.125
2011-06-30,340031.0,"General Freire, Curicó Ad.",-34.96944,-71.21694,998.0200000000001
2011-06-30,360011.0,"General Bernardo O'Higgins, Chillán Ad.",-36.58583,-72.03667,1010.2700000000001
2011-06-30,360019.0,"Carriel Sur, Concepción Ap.",-36.78055,-73.06639,1026.4958333333334
2011-06-30,370033.0,"María Dolores, Los Angeles Ad.",-37.39694,-72.42389,1014.5
2011-06-30,380013.0,"Maquehue, Temuco Ad.",-38.76778,-72.63194,1014.5375
2011-06-30,390006.0,"Pichoy, Valdivia Ad.",-39.65667,-73.08722,1024.4666666666667
2011-06-30,400009.0,"Cañal Bajo,  Osorno Ad.",-40.61444,-73.0575,1018.5454545454545
2011-06-30,410005.0,El Tepual  Puerto Montt Ap.,-41.4475,-73.09583,1012.3291666666668
2011-06-30,430001.0,Quellón Ad.,-43.13361,-73.63278,1020.9333333333334
2011-06-30,430002.0,Futaleufú Ad.,-43.18889,-71.85222,977.4
2011-06-30,450001.0,Puerto Aysén Ad.,-45.39944,-72.67722,1018.3666666666667
2011-06-30,450004.0,"Teniente Vidal, Coyhaique Ad.",-45.59083,-72.10222,978.4846153846154
2011-06-30,450005.0,Balmaceda Ad.,-45.91833,-71.67778,950.5799999999999
2011-06-30,510005.0,"Teniente Gallardo, Puerto Natales Ad.",-51.66722,-72.52889,1006.6333333333333
2011-06-30,520006.0,"Carlos Ibañez, Punta Arenas Ap.",-53.00167,-70.83861,1000.0333333333333
2011-06-30,530005.0,"Fuentes Martínez, Porvenir Ad.",-53.25361,-70.32611,1006.425
2011-06-30,550001.0,"Guardiamarina Zañartu, Pto Williams Ad.",-54.93167,-67.61556,1003.0833333333334
2011-06-30,950001.0,"C.M.A. Eduardo Frei Montalva, Antártica ",-62.19194,-58.97972,986.675
2011-07-01,180005.0,"Chacalluta, Arica Ap.",-18.35555,-70.34028,1012.1291666666666
2011-07-01,200006.0,Diego Aracena Iquique Ap.,-20.54917,-70.18111,1011.7333333333332
2011-07-01,220002.0,"El Loa, Calama Ad.",-22.49806,-68.8925,775.7235294117646
2011-07-01,270001.0,Mataveri  Isla de Pascua Ap.,-27.15889,-109.4325,1016.2875
2011-07-01,270008.0,"Desierto de Atacama, Caldera  Ad.",-27.25444,-70.78111,997.2615384615384
2011-07-01,290004.0,"La Florida, La Serena Ad.",-29.91444,-71.20667,1003.1083333333332
2011-07-01,330007.0,"Rodelillo, Ad.",-33.06528,-71.55639,980.6666666666666
2011-07-01,330019.0,"Eulogio Sánchez, Tobalaba Ad.",-33.45528,-70.54861,944.6999999999999
2011-07-01,330020.0,"Quinta Normal, Santiago",-33.445,-70.68278,960.3625
2011-07-01,330021.0,Pudahuel Santiago ,-33.37833,-70.78778,965.5
2011-07-01,330030.0,"Santo Domingo, Ad.",-33.65611,-71.61333,1014.2076923076924
2011-07-01,330031.0,"Juan Fernández, Estación Meteorológica.",-33.63583,-78.83305,1025.8249999999998
2011-07-01,340031.0,"General Freire, Curicó Ad.",-34.96944,-71.21694,995.2299999999999
2011-07-01,360011.0,"General Bernardo O'Higgins, Chillán Ad.",-36.58583,-72.03667,1005.75
2011-07-01,360019.0,"Carriel Sur, Concepción Ap.",-36.78055,-73.06639,1025.6458333333333
2011-07-01,370033.0,"María Dolores, Los Angeles Ad.",-37.39694,-72.42389,1009.9
2011-07-01,380013.0,"Maquehue, Temuco Ad.",-38.76778,-72.63194,1016.2625
2011-07-01,390006.0,"Pichoy, Valdivia Ad.",-39.65667,-73.08722,1025.1333333333334
2011-07-01,400009.0,"Cañal Bajo,  Osorno Ad.",-40.61444,-73.0575,1019.9272727272728
2011-07-01,410005.0,El Tepual  Puerto Montt Ap.,-41.4475,-73.09583,1016.5291666666667
2011-07-01,430001.0,Quellón Ad.,-43.13361,-73.63278,1026.15
2011-07-01,430002.0,Futaleufú Ad.,-43.18889,-71.85222,984.7
2011-07-01,450001.0,Puerto Aysén Ad.,-45.39944,-72.67722,1026.05
2011-07-01,450004.0,"Teniente Vidal, Coyhaique Ad.",-45.59083,-72.10222,987.0769230769231
2011-07-01,450005.0,Balmaceda Ad.,-45.91833,-71.67778,960.3399999999999
2011-07-01,510005.0,"Teniente Gallardo, Puerto Natales Ad.",-51.66722,-72.52889,1016.55
2011-07-01,520006.0,"Carlos Ibañez, Punta Arenas Ap.",-53.00167,-70.83861,1012.15
2011-07-01,530005.0,"Fuentes Martínez, Porvenir Ad.",-53.25361,-70.32611,1015.025
2011-07-01,550001.0,"Guardiamarina Zañartu, Pto Williams Ad.",-54.93167,-67.61556,1015.7818181818183
2011-07-01,950001.0,"C.M.A. Eduardo Frei Montalva, Antártica ",-62.19194,-58.97972,1001.5125
2011-07-02,180005.0,"Chacalluta, Arica Ap.",-18.35555,-70.34028,1012.1958333333333
2011-07-02,200006.0,Diego Aracena Iquique Ap.,-20.54917,-70.18111,1011.6791666666667
2011-07-02,220002.0,"El Loa, Calama Ad.",-22.49806,-68.8925,775.6941176470588
2011-07-02,270001.0,Mataveri  Isla de Pascua Ap.,-27.15889,-109.4325,1018.6750000000001
2011-07-02,270008.0,"Desierto de Atacama, Caldera  Ad.",-27.25444,-70.78111,996.8384615384615
2011-07-02,290004.0,"La Florida, La Serena Ad.",-29.91444,-71.20667,1004.2458333333334
2011-07-02,330007.0,"Rodelillo, Ad.",-33.06528,-71.55639,982.3333333333334
2011-07-02,330019.0,"Eulogio Sánchez, Tobalaba Ad.",-33.45528,-70.54861,946.0333333333333
2011-07-02,330020.0,"Quinta Normal, Santiago",-33.445,-70.68278,960.7375
2011-07-02,330021.0,Pudahuel Santiago ,-33.37833,-70.78778,965.9375
2011-07-02,330030.0,"Santo Domingo, Ad.",-33.65611,-71.61333,1015.1307692307693
2011-07-02,330031.0,"Juan Fernández, Estación Meteorológica.",-33.63583,-78.83305,1025.4
2011-07-02,340031.0,"General Freire, Curicó Ad.",-34.96944,-71.21694,996.28
2011-07-02,360011.0,"General Bernardo O'Higgins, Chillán Ad.",-36.58583,-72.03667,1006.3100000000001
2011-07-02,360019.0,"Carriel Sur, Concepción Ap.",-36.78055,-73.06639,1024.3374999999999
2011-07-02,370033.0,"María Dolores, Los Angeles Ad.",-37.39694,-72.42389,1011.9
2011-07-02,380013.0,"Maquehue, Temuco Ad.",-38.76778,-72.63194,1016.1375
2011-07-02,390006.0,"Pichoy, Valdivia Ad.",-39.65667,-73.08722,1028.1000000000001
2011-07-02,400009.0,"Cañal Bajo,  Osorno Ad.",-40.61444,-73.0575,1024.3727272727274
2011-07-02,410005.0,El Tepual  Puerto Montt Ap.,-41.4475,-73.09583,1020.0958333333333
2011-07-02,450004.0,"Teniente Vidal, Coyhaique Ad.",-45.59083,-72.10222,996.0769230769231
2011-07-02,450005.0,Balmaceda Ad.,-45.91833,-71.67778,968.86
2011-07-02,520006.0,"Carlos Ibañez, Punta Arenas Ap.",-53.00167,-70.83861,1020.9666666666667
2011-07-02,530005.0,"Fuentes Martínez, Porvenir Ad.",-53.25361,-70.32611,1021.9333333333334
2011-07-02,550001.0,"Guardiamarina Zañartu, Pto Williams Ad.",-54.93167,-67.61556,1019.4916666666667
2011-07-02,950001.0,"C.M.A. Eduardo Frei Montalva, Antártica ",-62.19194,-58.97972,1001.425
2011-07-03,180005.0,"Chacalluta, Arica Ap.",-18.35555,-70.34028,1010.7624999999999
2011-07-03,200006.0,Diego Aracena Iquique Ap.,-20.54917,-70.18111,1010.3416666666667
2011-07-03,220002.0,"El Loa, Calama Ad.",-22.49806,-68.8925,775.3181818181819
2011-07-03,270001.0,Mataveri  Isla de Pascua Ap.,-27.15889,-109.4325,1018.7458333333334
2011-07-03,270008.0,"Desierto de Atacama, Caldera  Ad.",-27.25444,-70.78111,994.0727272727272
2011-07-03,290004.0,"La Florida, La Serena Ad.",-29.91444,-71.20667,1000.9208333333332
2011-07-03,330007.0,"Rodelillo, Ad.",-33.06528,-71.55639,976.3333333333334
2011-07-03,330019.0,"Eulogio Sánchez, Tobalaba Ad.",-33.45528,-70.54861,940.0666666666666
2011-07-03,330020.0,"Quinta Normal, Santiago",-33.445,-70.68278,957.2625
2011-07-03,330021.0,Pudahuel Santiago ,-33.37833,-70.78778,962.1041666666666
2011-07-03,330030.0,"Santo Domingo, Ad.",-33.65611,-71.61333,1008.676923076923
2011-07-03,330031.0,"Juan Fernández, Estación Meteorológica.",-33.63583,-78.83305,1020.825
2011-07-03,340031.0,"General Freire, Curicó Ad.",-34.96944,-71.21694,989.21
2011-07-03,360011.0,"General Bernardo O'Higgins, Chillán Ad.",-36.58583,-72.03667,999.01
2011-07-03,360019.0,"Carriel Sur, Concepción Ap.",-36.78055,-73.06639,1019.2125
2011-07-03,370033.0,"María Dolores, Los Angeles Ad.",-37.39694,-72.42389,1005.0
2011-07-03,380013.0,"Maquehue, Temuco Ad.",-38.76778,-72.63194,1013.7125
2011-07-03,390006.0,"Pichoy, Valdivia Ad.",-39.65667,-73.08722,1021.7333333333332
2011-07-03,400009.0,"Cañal Bajo,  Osorno Ad.",-40.61444,-73.0575,1018.7333333333332
2011-07-03,410005.0,El Tepual  Puerto Montt Ap.,-41.4475,-73.09583,1018.7833333333333
2011-07-03,450004.0,"Teniente Vidal, Coyhaique Ad.",-45.59083,-72.10222,989.0
2011-07-03,450005.0,Balmaceda Ad.,-45.91833,-71.67778,964.0799999999999
2011-07-03,520006.0,"Carlos Ibañez, Punta Arenas Ap.",-53.00167,-70.83861,1013.3583333333332
2011-07-03,550001.0,"Guardiamarina Zañartu, Pto Williams Ad.",-54.93167,-67.61556,1010.9333333333334
2011-07-03,950001.0,"C.M.A. Eduardo Frei Montalva, Antártica ",-62.19194,-58.97972,991.8875
2011-07-04,180005.0,"Chacalluta, Arica Ap.",-18.35555,-70.34028,1011.1875
2011-07-04,200006.0,Diego Aracena Iquique Ap.,-20.54917,-70.18111,1010.5791666666668
2011-07-04,220002.0,"El Loa, Calama Ad.",-22.49806,-68.8925,776.4764705882353
2011-07-04,270001.0,Mataveri  Isla de Pascua Ap.,-27.15889,-109.4325,1018.3333333333334
2011-07-04,270008.0,"Desierto de Atacama, Caldera  Ad.",-27.25444,-70.78111,996.0357142857143
2011-07-04,290004.0,"La Florida, La Serena Ad.",-29.91444,-71.20667,1000.8166666666666
2011-07-04,330007.0,"Rodelillo, Ad.",-33.06528,-71.55639,977.6666666666666
2011-07-04,330019.0,"Eulogio Sánchez, Tobalaba Ad.",-33.45528,-70.54861,940.9666666666667
2011-07-04,330020.0,"Quinta Normal, Santiago",-33.445,-70.68278,954.4625
2011-07-04,330021.0,Pudahuel Santiago ,-33.37833,-70.78778,959.6125000000001
2011-07-04,330030.0,"Santo Domingo, Ad.",-33.65611,-71.61333,1009.6615384615385
2011-07-04,330031.0,"Juan Fernández, Estación Meteorológica.",-33.63583,-78.83305,1014.175
2011-07-04,340031.0,"General Freire, Curicó Ad.",-34.96944,-71.21694,989.45
2011-07-04,360011.0,"General Bernardo O'Higgins, Chillán Ad.",-36.58583,-72.03667,999.9888888888888
2011-07-04,360019.0,"Carriel Sur, Concepción Ap.",-36.78055,-73.06639,1014.9083333333333
2011-07-04,370033.0,"María Dolores, Los Angeles Ad.",-37.39694,-72.42389,1003.7
2011-07-04,380013.0,"Maquehue, Temuco Ad.",-38.76778,-72.63194,1005.625
2011-07-04,390006.0,"Pichoy, Valdivia Ad.",-39.65667,-73.08722,1016.1999999999999
2011-07-04,400009.0,"Cañal Bajo,  Osorno Ad.",-40.61444,-73.0575,1012.2416666666667
2011-07-04,410005.0,El Tepual  Puerto Montt Ap.,-41.4475,-73.09583,1009.5749999999999
2011-07-04,430001.0,Quellón Ad.,-43.13361,-73.63278,1019.0333333333333
2011-07-04,430002.0,Futaleufú Ad.,-43.18889,-71.85222,982.6999999999999
2011-07-04,450001.0,Puerto Aysén Ad.,-45.39944,-72.67722,1023.1666666666666
2011-07-04,450004.0,"Teniente Vidal, Coyhaique Ad.",-45.59083,-72.10222,986.5384615384615
2011-07-04,450005.0,Balmaceda Ad.,-45.91833,-71.67778,961.0
2011-07-04,510005.0,"Teniente Gallardo, Puerto Natales Ad.",-51.66722,-72.52889,1011.9666666666667
2011-07-04,520006.0,"Carlos Ibañez, Punta Arenas Ap.",-53.00167,-70.83861,1013.2958333333332
2011-07-04,530005.0,"Fuentes Martínez, Porvenir Ad.",-53.25361,-70.32611,1014.3
2011-07-04,550001.0,"Guardiamarina Zañartu, Pto Williams Ad.",-54.93167,-67.61556,1014.1454545454545
2011-07-04,950001.0,"C.M.A. Eduardo Frei Montalva, Antártica ",-62.19194,-58.97972,991.2625
2011-07-05,180005.0,"Chacalluta, Arica Ap.",-18.35555,-70.34028,1012.1416666666668
2011-07-05,200006.0,Diego Aracena Iquique Ap.,-20.54917,-70.18111,1011.4333333333334
2011-07-05,220002.0,"El Loa, Calama Ad.",-22.49806,-68.8925,777.2705882352941
2011-07-05,270001.0,Mataveri  Isla de Pascua Ap.,-27.15889,-109.4325,1018.2458333333334
2011-07-05,270008.0,"Desierto de Atacama, Caldera  Ad.",-27.25444,-70.78111,996.9785714285715
2011-07-05,290004.0,"La Florida, La Serena Ad.",-29.91444,-71.20667,1003.2458333333334
2011-07-05,330007.0,"Rodelillo, Ad.",-33.06528,-71.55639,980.3333333333334
2011-07-05,330019.0,"Eulogio Sánchez, Tobalaba Ad.",-33.45528,-70.54861,944.4
2011-07-05,330020.0,"Quinta Normal, Santiago",-33.445,-70.68278,958.75
2011-07-05,330021.0,Pudahuel Santiago ,-33.37833,-70.78778,964.125
2011-07-05,330030.0,"Santo Domingo, Ad.",-33.65611,-71.61333,1012.5769230769231
2011-07-05,330031.0,"Juan Fernández, Estación Meteorológica.",-33.63583,-78.83305,1016.0
2011-07-05,340031.0,"General Freire, Curicó Ad.",-34.96944,-71.21694,993.3399999999999
2011-07-05,360011.0,"General Bernardo O'Higgins, Chillán Ad.",-36.58583,-72.03667,1004.5200000000001
2011-07-05,360019.0,"Carriel Sur, Concepción Ap.",-36.78055,-73.06639,1020.4291666666667
2011-07-05,370033.0,"María Dolores, Los Angeles Ad.",-37.39694,-72.42389,1009.3
2011-07-05,380013.0,"Maquehue, Temuco Ad.",-38.76778,-72.63194,1010.375
2011-07-05,390006.0,"Pichoy, Valdivia Ad.",-39.65667,-73.08722,1020.5
2011-07-05,400009.0,"Cañal Bajo,  Osorno Ad.",-40.61444,-73.0575,1015.4909090909091
2011-07-05,410005.0,El Tepual  Puerto Montt Ap.,-41.4475,-73.09583,1011.316
2011-07-05,430001.0,Quellón Ad.,-43.13361,-73.63278,1020.5666666666666
2011-07-05,430002.0,Futaleufú Ad.,-43.18889,-71.85222,980.8333333333334
2011-07-05,450004.0,"Teniente Vidal, Coyhaique Ad.",-45.59083,-72.10222,981.4923076923077
2011-07-05,450005.0,Balmaceda Ad.,-45.91833,-71.67778,956.1600000000001
2011-07-05,510005.0,"Teniente Gallardo, Puerto Natales Ad.",-51.66722,-72.52889,998.7666666666668
2011-07-05,520006.0,"Carlos Ibañez, Punta Arenas Ap.",-53.00167,-70.83861,1004.0124999999999
2011-07-05,530005.0,"Fuentes Martínez, Porvenir Ad.",-53.25361,-70.32611,1002.4
2011-07-05,550001.0,"Guardiamarina Zañartu, Pto Williams Ad.",-54.93167,-67.61556,1003.2545454545456
2011-07-05,950001.0,"C.M.A. Eduardo Frei Montalva, Antártica ",-62.19194,-58.97972,993.525
2011-07-06,180005.0,"Chacalluta, Arica Ap.",-18.35555,-70.34028,1011.9666666666667
2011-07-06,200006.0,Diego Aracena Iquique Ap.,-20.54917,-70.18111,1011.5
2011-07-06,220002.0,"El Loa, Calama Ad.",-22.49806,-68.8925,777.1058823529411
2011-07-06,270001.0,Mataveri  Isla de Pascua Ap.,-27.15889,-109.4325,1017.3291666666668
2011-07-06,270008.0,"Desierto de Atacama, Caldera  Ad.",-27.25444,-70.78111,996.7846153846154
2011-07-06,290004.0,"La Florida, La Serena Ad.",-29.91444,-71.20667,1002.8666666666667
2011-07-06,330007.0,"Rodelillo, Ad.",-33.06528,-71.55639,980.0
2011-07-06,330019.0,"Eulogio Sánchez, Tobalaba Ad.",-33.45528,-70.54861,944.4
2011-07-06,330020.0,"Quinta Normal, Santiago",-33.445,-70.68278,958.65
2011-07-06,330021.0,Pudahuel Santiago ,-33.37833,-70.78778,963.9499999999999
2011-07-06,330030.0,"Santo Domingo, Ad.",-33.65611,-71.61333,1012.8307692307692
2011-07-06,330031.0,"Juan Fernández, Estación Meteorológica.",-33.63583,-78.83305,1019.55
2011-07-06,340031.0,"General Freire, Curicó Ad.",-34.96944,-71.21694,994.36
2011-07-06,360011.0,"General Bernardo O'Higgins, Chillán Ad.",-36.58583,-72.03667,1004.8799999999999
2011-07-06,360019.0,"Carriel Sur, Concepción Ap.",-36.78055,-73.06639,1021.7125
2011-07-06,370033.0,"María Dolores, Los Angeles Ad.",-37.39694,-72.42389,1008.5
2011-07-06,380013.0,"Maquehue, Temuco Ad.",-38.76778,-72.63194,1012.3125
2011-07-06,390006.0,"Pichoy, Valdivia Ad.",-39.65667,-73.08722,1021.8333333333334
2011-07-06,400009.0,"Cañal Bajo,  Osorno Ad.",-40.61444,-73.0575,1017.3454545454545
2011-07-06,410005.0,El Tepual  Puerto Montt Ap.,-41.4475,-73.09583,1013.275
2011-07-06,430001.0,Quellón Ad.,-43.13361,-73.63278,1020.8666666666667
2011-07-06,430002.0,Futaleufú Ad.,-43.18889,-71.85222,978.9333333333334
2011-07-06,450004.0,"Teniente Vidal, Coyhaique Ad.",-45.59083,-72.10222,978.4692307692308
2011-07-06,450005.0,Balmaceda Ad.,-45.91833,-71.67778,951.9399999999999
2011-07-06,510005.0,"Teniente Gallardo, Puerto Natales Ad.",-51.66722,-72.52889,990.7666666666668
2011-07-06,520006.0,"Carlos Ibañez, Punta Arenas Ap.",-53.00167,-70.83861,996.2166666666667
2011-07-06,530005.0,"Fuentes Martínez, Porvenir Ad.",-53.25361,-70.32611,995.775
2011-07-06,550001.0,"Guardiamarina Zañartu, Pto Williams Ad.",-54.93167,-67.61556,996.5363636363636
2011-07-06,950001.0,"C.M.A. Eduardo Frei Montalva, Antártica ",-62.19194,-58.97972,998.8125
2011-07-07,180005.0,"Chacalluta, Arica Ap.",-18.35555,-70.34028,1009.6666666666666
2011-07-07,200006.0,Diego Aracena Iquique Ap.,-20.54917,-70.18111,1009.15
2011-07-07,220002.0,"El Loa, Calama Ad.",-22.49806,-68.8925,774.8588235294118
2011-07-07,270001.0,Mataveri  Isla de Pascua Ap.,-27.15889,-109.4325,1011.9458333333333
2011-07-07,270008.0,"Desierto de Atacama, Caldera  Ad.",-27.25444,-70.78111,993.5461538461539
2011-07-07,290004.0,"La Florida, La Serena Ad.",-29.91444,-71.20667,999.6
2011-07-07,330007.0,"Rodelillo, Ad.",-33.06528,-71.55639,973.6666666666666
2011-07-07,330019.0,"Eulogio Sánchez, Tobalaba Ad.",-33.45528,-70.54861,939.8333333333334
2011-07-07,330020.0,"Quinta Normal, Santiago",-33.445,-70.68278,956.2
2011-07-07,330021.0,Pudahuel Santiago ,-33.37833,-70.78778,961.125
2011-07-07,330030.0,"Santo Domingo, Ad.",-33.65611,-71.61333,1006.1384615384615
2011-07-07,330031.0,"Juan Fernández, Estación Meteorológica.",-33.63583,-78.83305,1017.875
2011-07-07,340031.0,"General Freire, Curicó Ad.",-34.96944,-71.21694,989.11
2011-07-07,360011.0,"General Bernardo O'Higgins, Chillán Ad.",-36.58583,-72.03667,999.53
2011-07-07,360019.0,"Carriel Sur, Concepción Ap.",-36.78055,-73.06639,1018.3666666666667
2011-07-07,370033.0,"María Dolores, Los Angeles Ad.",-37.39694,-72.42389,1002.5
2011-07-07,380013.0,"Maquehue, Temuco Ad.",-38.76778,-72.63194,1011.125
2011-07-07,390006.0,"Pichoy, Valdivia Ad.",-39.65667,-73.08722,1017.7333333333332
2011-07-07,400009.0,"Cañal Bajo,  Osorno Ad.",-40.61444,-73.0575,1013.0727272727272
2011-07-07,410005.0,El Tepual  Puerto Montt Ap.,-41.4475,-73.09583,1011.2666666666668
2011-07-07,430001.0,Quellón Ad.,-43.13361,-73.63278,1016.7333333333332
2011-07-07,430002.0,Futaleufú Ad.,-43.18889,-71.85222,974.6999999999999
2011-07-07,450001.0,Puerto Aysén Ad.,-45.39944,-72.67722,1013.4
2011-07-07,450004.0,"Teniente Vidal, Coyhaique Ad.",-45.59083,-72.10222,975.9307692307692
2011-07-07,450005.0,Balmaceda Ad.,-45.91833,-71.67778,948.8799999999999
2011-07-07,510005.0,"Teniente Gallardo, Puerto Natales Ad.",-51.66722,-72.52889,993.8666666666667
2011-07-07,520006.0,"Carlos Ibañez, Punta Arenas Ap.",-53.00167,-70.83861,992.7208333333333
2011-07-07,530005.0,"Fuentes Martínez, Porvenir Ad.",-53.25361,-70.32611,996.175
2011-07-07,550001.0,"Guardiamarina Zañartu, Pto Williams Ad.",-54.93167,-67.61556,994.7363636363636
2011-07-07,950001.0,"C.M.A. Eduardo Frei Montalva, Antártica ",-62.19194,-58.97972,997.1375
2011-07-08,180005.0,"Chacalluta, Arica Ap.",-18.35555,-70.34028,1010.1916666666666
2011-07-08,200006.0,Diego Aracena Iquique Ap.,-20.54917,-70.18111,1009.6291666666666
2011-07-08,220002.0,"El Loa, Calama Ad.",-22.49806,-68.8925,774.2055555555556
2011-07-08,270001.0,Mataveri  Isla de Pascua Ap.,-27.15889,-109.4325,1010.5791666666668
2011-07-08,270008.0,"Desierto de Atacama, Caldera  Ad.",-27.25444,-70.78111,992.3571428571429
2011-07-08,290004.0,"La Florida, La Serena Ad.",-29.91444,-71.20667,998.0749999999999
2011-07-08,330007.0,"Rodelillo, Ad.",-33.06528,-71.55639,974.3333333333334
2011-07-08,330019.0,"Eulogio Sánchez, Tobalaba Ad.",-33.45528,-70.54861,938.5333333333333
2011-07-08,330020.0,"Quinta Normal, Santiago",-33.445,-70.68278,952.95
2011-07-08,330021.0,Pudahuel Santiago ,-33.37833,-70.78778,957.7541666666666
2011-07-08,330030.0,"Santo Domingo, Ad.",-33.65611,-71.61333,1006.2769230769231
2011-07-08,330031.0,"Juan Fernández, Estación Meteorológica.",-33.63583,-78.83305,1012.15
2011-07-08,340031.0,"General Freire, Curicó Ad.",-34.96944,-71.21694,986.97
2011-07-08,360011.0,"General Bernardo O'Higgins, Chillán Ad.",-36.58583,-72.03667,997.4111111111112
2011-07-08,360019.0,"Carriel Sur, Concepción Ap.",-36.78055,-73.06639,1012.75
2011-07-08,370033.0,"María Dolores, Los Angeles Ad.",-37.39694,-72.42389,999.6
2011-07-08,380013.0,"Maquehue, Temuco Ad.",-38.76778,-72.63194,1003.3125
2011-07-08,390006.0,"Pichoy, Valdivia Ad.",-39.65667,-73.08722,1009.5333333333333
2011-07-08,400009.0,"Cañal Bajo,  Osorno Ad.",-40.61444,-73.0575,1004.3
2011-07-08,410005.0,El Tepual  Puerto Montt Ap.,-41.4475,-73.09583,1002.8916666666668
2011-07-08,430001.0,Quellón Ad.,-43.13361,-73.63278,1006.25
2011-07-08,430002.0,Futaleufú Ad.,-43.18889,-71.85222,964.5
2011-07-08,450001.0,Puerto Aysén Ad.,-45.39944,-72.67722,999.0
2011-07-08,450004.0,"Teniente Vidal, Coyhaique Ad.",-45.59083,-72.10222,962.4538461538461
2011-07-08,450005.0,Balmaceda Ad.,-45.91833,-71.67778,938.86
2011-07-08,510005.0,"Teniente Gallardo, Puerto Natales Ad.",-51.66722,-72.52889,981.15
2011-07-08,520006.0,"Carlos Ibañez, Punta Arenas Ap.",-53.00167,-70.83861,989.2166666666667
2011-07-08,530005.0,"Fuentes Martínez, Porvenir Ad.",-53.25361,-70.32611,989.5666666666666
2011-07-08,550001.0,"Guardiamarina Zañartu, Pto Williams Ad.",-54.93167,-67.61556,991.9454545454545
2011-07-08,950001.0,"C.M.A. Eduardo Frei Montalva, Antártica ",-62.19194,-58.97972,997.1375
2011-07-09,180005.0,"Chacalluta, Arica Ap.",-18.35555,-70.34028,1011.3833333333333
2011-07-09,200006.0,Diego Aracena Iquique Ap.,-20.54917,-70.18111,1010.8416666666667
2011-07-09,220002.0,"El Loa, Calama Ad.",-22.49806,-68.8925,775.5699999999999
2011-07-09,270001.0,Mataveri  Isla de Pascua Ap.,-27.15889,-109.4325,1013.3666666666667
2011-07-09,270008.0,"Desierto de Atacama, Caldera  Ad.",-27.25444,-70.78111,996.5
2011-07-09,290004.0,"La Florida, La Serena Ad.",-29.91444,-71.20667,1002.6583333333333
2011-07-09,330007.0,"Rodelillo, Ad.",-33.06528,-71.55639,980.6666666666666
2011-07-09,330019.0,"Eulogio Sánchez, Tobalaba Ad.",-33.45528,-70.54861,944.7333333333332
2011-07-09,330020.0,"Quinta Normal, Santiago",-33.445,-70.68278,957.0125
2011-07-09,330021.0,Pudahuel Santiago ,-33.37833,-70.78778,964.6791666666667
2011-07-09,330030.0,"Santo Domingo, Ad.",-33.65611,-71.61333,1011.7538461538461
2011-07-09,330031.0,"Juan Fernández, Estación Meteorológica.",-33.63583,-78.83305,1011.8
2011-07-09,340031.0,"General Freire, Curicó Ad.",-34.96944,-71.21694,992.9399999999999
2011-07-09,360011.0,"General Bernardo O'Higgins, Chillán Ad.",-36.58583,-72.03667,1002.8666666666666
2011-07-09,360019.0,"Carriel Sur, Concepción Ap.",-36.78055,-73.06639,1015.6791666666667
2011-07-09,370033.0,"María Dolores, Los Angeles Ad.",-37.39694,-72.42389,1004.9
2011-07-09,380013.0,"Maquehue, Temuco Ad.",-38.76778,-72.63194,1003.4625
2011-07-09,390006.0,"Pichoy, Valdivia Ad.",-39.65667,-73.08722,1011.5
2011-07-09,400009.0,"Cañal Bajo,  Osorno Ad.",-40.61444,-73.0575,1004.7545454545453
2011-07-09,410005.0,El Tepual  Puerto Montt Ap.,-41.4475,-73.09583,999.2375000000001
2011-07-09,450004.0,"Teniente Vidal, Coyhaique Ad.",-45.59083,-72.10222,965.7846153846154
2011-07-09,450005.0,Balmaceda Ad.,-45.91833,-71.67778,937.76
2011-07-09,520006.0,"Carlos Ibañez, Punta Arenas Ap.",-53.00167,-70.83861,981.1333333333333
2011-07-09,530005.0,"Fuentes Martínez, Porvenir Ad.",-53.25361,-70.32611,989.9
2011-07-09,550001.0,"Guardiamarina Zañartu, Pto Williams Ad.",-54.93167,-67.61556,984.4
2011-07-09,950001.0,"C.M.A. Eduardo Frei Montalva, Antártica ",-62.19194,-58.97972,997.9
2011-07-10,180005.0,"Chacalluta, Arica Ap.",-18.35555,-70.34028,1009.2541666666666
2011-07-10,200006.0,Diego Aracena Iquique Ap.,-20.54917,-70.18111,1008.4375
2011-07-10,220002.0,"El Loa, Calama Ad.",-22.49806,-68.8925,777.2727272727273
2011-07-10,270001.0,Mataveri  Isla de Pascua Ap.,-27.15889,-109.4325,1013.9499999999999
2011-07-10,270008.0,"Desierto de Atacama, Caldera  Ad.",-27.25444,-70.78111,992.3818181818183
2011-07-10,290004.0,"La Florida, La Serena Ad.",-29.91444,-71.20667,999.1208333333334
2011-07-10,330007.0,"Rodelillo, Ad.",-33.06528,-71.55639,974.0
2011-07-10,330019.0,"Eulogio Sánchez, Tobalaba Ad.",-33.45528,-70.54861,937.9666666666667
2011-07-10,330020.0,"Quinta Normal, Santiago",-33.445,-70.68278,955.375
2011-07-10,330021.0,Pudahuel Santiago ,-33.37833,-70.78778,960.2458333333334
2011-07-10,330030.0,"Santo Domingo, Ad.",-33.65611,-71.61333,1006.0769230769231
2011-07-10,330031.0,"Juan Fernández, Estación Meteorológica.",-33.63583,-78.83305,1007.075
2011-07-10,340031.0,"General Freire, Curicó Ad.",-34.96944,-71.21694,985.5899999999999
2011-07-10,360011.0,"General Bernardo O'Higgins, Chillán Ad.",-36.58583,-72.03667,995.1200000000001
2011-07-10,360019.0,"Carriel Sur, Concepción Ap.",-36.78055,-73.06639,1014.2708333333334
2011-07-10,370033.0,"María Dolores, Los Angeles Ad.",-37.39694,-72.42389,997.7
2011-07-10,380013.0,"Maquehue, Temuco Ad.",-38.76778,-72.63194,1003.2875
2011-07-10,390006.0,"Pichoy, Valdivia Ad.",-39.65667,-73.08722,1007.7666666666668
2011-07-10,400009.0,"Cañal Bajo,  Osorno Ad.",-40.61444,-73.0575,1002.7454545454547
2011-07-10,410005.0,El Tepual  Puerto Montt Ap.,-41.4475,-73.09583,1000.9375
2011-07-10,450004.0,"Teniente Vidal, Coyhaique Ad.",-45.59083,-72.10222,970.9538461538461
2011-07-10,450005.0,Balmaceda Ad.,-45.91833,-71.67778,945.26
2011-07-10,520006.0,"Carlos Ibañez, Punta Arenas Ap.",-53.00167,-70.83861,992.875
2011-07-10,530005.0,"Fuentes Martínez, Porvenir Ad.",-53.25361,-70.32611,996.95
2011-07-10,550001.0,"Guardiamarina Zañartu, Pto Williams Ad.",-54.93167,-67.61556,997.9692307692308
2011-07-10,950001.0,"C.M.A. Eduardo Frei Montalva, Antártica ",-62.19194,-58.97972,1001.5375
2011-07-11,180005.0,"Chacalluta, Arica Ap.",-18.35555,-70.34028,1013.0458333333332
2011-07-11,200006.0,Diego Aracena Iquique Ap.,-20.54917,-70.18111,1012.65
2011-07-11,220002.0,"El Loa, Calama Ad.",-22.49806,-68.8925,779.9222222222222
2011-07-11,270001.0,Mataveri  Isla de Pascua Ap.,-27.15889,-109.4325,1014.2333333333332
2011-07-11,270008.0,"Desierto de Atacama, Caldera  Ad.",-27.25444,-70.78111,998.4615384615385
2011-07-11,290004.0,"La Florida, La Serena Ad.",-29.91444,-71.20667,1002.8166666666666
2011-07-11,330007.0,"Rodelillo, Ad.",-33.06528,-71.55639,981.0
2011-07-11,330019.0,"Eulogio Sánchez, Tobalaba Ad.",-33.45528,-70.54861,944.9666666666667
2011-07-11,330020.0,"Quinta Normal, Santiago",-33.445,-70.68278,956.2375
2011-07-11,330021.0,Pudahuel Santiago ,-33.37833,-70.78778,962.125
2011-07-11,330030.0,"Santo Domingo, Ad.",-33.65611,-71.61333,1011.3923076923077
2011-07-11,330031.0,"Juan Fernández, Estación Meteorológica.",-33.63583,-78.83305,1008.15
2011-07-11,340031.0,"General Freire, Curicó Ad.",-34.96944,-71.21694,991.4799999999999
2011-07-11,360011.0,"General Bernardo O'Higgins, Chillán Ad.",-36.58583,-72.03667,998.0899999999999
2011-07-11,360019.0,"Carriel Sur, Concepción Ap.",-36.78055,-73.06639,1011.875
2011-07-11,370033.0,"María Dolores, Los Angeles Ad.",-37.39694,-72.42389,999.9
2011-07-11,380013.0,"Maquehue, Temuco Ad.",-38.76778,-72.63194,999.075
2011-07-11,390006.0,"Pichoy, Valdivia Ad.",-39.65667,-73.08722,1007.8000000000001
2011-07-11,400009.0,"Cañal Bajo,  Osorno Ad.",-40.61444,-73.0575,1001.0416666666666
2011-07-11,410005.0,El Tepual  Puerto Montt Ap.,-41.4475,-73.09583,995.1916666666666
2011-07-11,430001.0,Quellón Ad.,-43.13361,-73.63278,1000.1333333333333
2011-07-11,430002.0,Futaleufú Ad.,-43.18889,-71.85222,961.7333333333332
2011-07-11,450001.0,Puerto Aysén Ad.,-45.39944,-72.67722,997.3666666666667
2011-07-11,450004.0,"Teniente Vidal, Coyhaique Ad.",-45.59083,-72.10222,962.9923076923077
2011-07-11,450005.0,Balmaceda Ad.,-45.91833,-71.67778,938.8799999999999
2011-07-11,510005.0,"Teniente Gallardo, Puerto Natales Ad.",-51.66722,-72.52889,986.6999999999999
2011-07-11,520006.0,"Carlos Ibañez, Punta Arenas Ap.",-53.00167,-70.83861,990.3791666666666
2011-07-11,530005.0,"Fuentes Martínez, Porvenir Ad.",-53.25361,-70.32611,991.775
2011-07-11,550001.0,"Guardiamarina Zañartu, Pto Williams Ad.",-54.93167,-67.61556,993.5923076923077
2011-07-11,950001.0,"C.M.A. Eduardo Frei Montalva, Antártica ",-62.19194,-58.97972,996.3875
2011-07-12,180005.0,"Chacalluta, Arica Ap.",-18.35555,-70.34028,1012.4583333333334
2011-07-12,200006.0,Diego Aracena Iquique Ap.,-20.54917,-70.18111,1011.8791666666666
2011-07-12,220002.0,"El Loa, Calama Ad.",-22.49806,-68.8925,778.7176470588236
2011-07-12,270001.0,Mataveri  Isla de Pascua Ap.,-27.15889,-109.4325,1015.8916666666668
2011-07-12,270008.0,"Desierto de Atacama, Caldera  Ad.",-27.25444,-70.78111,996.1071428571429
2011-07-12,290004.0,"La Florida, La Serena Ad.",-29.91444,-71.20667,1003.7624999999999
2011-07-12,330007.0,"Rodelillo, Ad.",-33.06528,-71.55639,980.3333333333334
2011-07-12,330019.0,"Eulogio Sánchez, Tobalaba Ad.",-33.45528,-70.54861,945.1999999999999
2011-07-12,330020.0,"Quinta Normal, Santiago",-33.445,-70.68278,959.825
2011-07-12,330021.0,Pudahuel Santiago ,-33.37833,-70.78778,966.1541666666667
2011-07-12,330030.0,"Santo Domingo, Ad.",-33.65611,-71.61333,1013.3384615384615
2011-07-12,330031.0,"Juan Fernández, Estación Meteorológica.",-33.63583,-78.83305,1015.65
2011-07-12,340031.0,"General Freire, Curicó Ad.",-34.96944,-71.21694,993.9200000000001
2011-07-12,360011.0,"General Bernardo O'Higgins, Chillán Ad.",-36.58583,-72.03667,1004.78
2011-07-12,360019.0,"Carriel Sur, Concepción Ap.",-36.78055,-73.06639,1020.4666666666667
2011-07-12,370033.0,"María Dolores, Los Angeles Ad.",-37.39694,-72.42389,1007.6
2011-07-12,380013.0,"Maquehue, Temuco Ad.",-38.76778,-72.63194,1008.85
2011-07-12,390006.0,"Pichoy, Valdivia Ad.",-39.65667,-73.08722,1015.7333333333332
2011-07-12,400009.0,"Cañal Bajo,  Osorno Ad.",-40.61444,-73.0575,1009.4727272727273
2011-07-12,410005.0,El Tepual  Puerto Montt Ap.,-41.4475,-73.09583,1004.6208333333334
2011-07-12,430001.0,Quellón Ad.,-43.13361,-73.63278,1009.0333333333333
2011-07-12,430002.0,Futaleufú Ad.,-43.18889,-71.85222,970.0
2011-07-12,450001.0,Puerto Aysén Ad.,-45.39944,-72.67722,1005.2666666666668
2011-07-12,450004.0,"Teniente Vidal, Coyhaique Ad.",-45.59083,-72.10222,968.8
2011-07-12,450005.0,Balmaceda Ad.,-45.91833,-71.67778,942.0600000000001
2011-07-12,510005.0,"Teniente Gallardo, Puerto Natales Ad.",-51.66722,-72.52889,988.0333333333333
2011-07-12,520006.0,"Carlos Ibañez, Punta Arenas Ap.",-53.00167,-70.83861,991.4250000000001
2011-07-12,530005.0,"Fuentes Martínez, Porvenir Ad.",-53.25361,-70.32611,993.0600000000001
2011-07-12,550001.0,"Guardiamarina Zañartu, Pto Williams Ad.",-54.93167,-67.61556,994.2846153846154
2011-07-12,950001.0,"C.M.A. Eduardo Frei Montalva, Antártica ",-62.19194,-58.97972,986.7875
2011-07-13,180005.0,"Chacalluta, Arica Ap.",-18.35555,-70.34028,1011.6458333333334
2011-07-13,200006.0,Diego Aracena Iquique Ap.,-20.54917,-70.18111,1010.8625000000001
2011-07-13,220002.0,"El Loa, Calama Ad.",-22.49806,-68.8925,776.7176470588236
2011-07-13,270001.0,Mataveri  Isla de Pascua Ap.,-27.15889,-109.4325,1017.6708333333332
2011-07-13,270008.0,"Desierto de Atacama, Caldera  Ad.",-27.25444,-70.78111,995.1714285714286
2011-07-13,290004.0,"La Florida, La Serena Ad.",-29.91444,-71.20667,999.9375
2011-07-13,330007.0,"Rodelillo, Ad.",-33.06528,-71.55639,975.6666666666666
2011-07-13,330019.0,"Eulogio Sánchez, Tobalaba Ad.",-33.45528,-70.54861,939.5
2011-07-13,330020.0,"Quinta Normal, Santiago",-33.445,-70.68278,955.475
2011-07-13,330021.0,Pudahuel Santiago ,-33.37833,-70.78778,960.4666666666667
2011-07-13,330030.0,"Santo Domingo, Ad.",-33.65611,-71.61333,1007.9692307692308
2011-07-13,330031.0,"Juan Fernández, Estación Meteorológica.",-33.63583,-78.83305,1009.875
2011-07-13,340031.0,"General Freire, Curicó Ad.",-34.96944,-71.21694,987.4799999999999
2011-07-13,360011.0,"General Bernardo O'Higgins, Chillán Ad.",-36.58583,-72.03667,997.3299999999999
2011-07-13,360019.0,"Carriel Sur, Concepción Ap.",-36.78055,-73.06639,1014.6458333333334
2011-07-13,370033.0,"María Dolores, Los Angeles Ad.",-37.39694,-72.42389,997.9
2011-07-13,380013.0,"Maquehue, Temuco Ad.",-38.76778,-72.63194,1001.9875
2011-07-13,390006.0,"Pichoy, Valdivia Ad.",-39.65667,-73.08722,1003.1333333333333
2011-07-13,400009.0,"Cañal Bajo,  Osorno Ad.",-40.61444,-73.0575,996.6916666666666
2011-07-13,410005.0,El Tepual  Puerto Montt Ap.,-41.4475,-73.09583,996.2791666666667
2011-07-13,430001.0,Quellón Ad.,-43.13361,-73.63278,996.0
2011-07-13,430002.0,Futaleufú Ad.,-43.18889,-71.85222,958.8000000000001
2011-07-13,450001.0,Puerto Aysén Ad.,-45.39944,-72.67722,992.8333333333334
2011-07-13,450004.0,"Teniente Vidal, Coyhaique Ad.",-45.59083,-72.10222,959.0230769230768
2011-07-13,450005.0,Balmaceda Ad.,-45.91833,-71.67778,935.4
2011-07-13,510005.0,"Teniente Gallardo, Puerto Natales Ad.",-51.66722,-72.52889,983.5666666666666
2011-07-13,520006.0,"Carlos Ibañez, Punta Arenas Ap.",-53.00167,-70.83861,989.1
2011-07-13,530005.0,"Fuentes Martínez, Porvenir Ad.",-53.25361,-70.32611,990.5
2011-07-13,550001.0,"Guardiamarina Zañartu, Pto Williams Ad.",-54.93167,-67.61556,993.6307692307693
2011-07-13,950001.0,"C.M.A. Eduardo Frei Montalva, Antártica ",-62.19194,-58.97972,986.375
2011-07-14,180005.0,"Chacalluta, Arica Ap.",-18.35555,-70.34028,1013.125
2011-07-14,200006.0,Diego Aracena Iquique Ap.,-20.54917,-70.18111,1012.5791666666668
2011-07-14,220002.0,"El Loa, Calama Ad.",-22.49806,-68.8925,776.5941176470589
2011-07-14,270001.0,Mataveri  Isla de Pascua Ap.,-27.15889,-109.4325,1016.9833333333332
2011-07-14,270008.0,"Desierto de Atacama, Caldera  Ad.",-27.25444,-70.78111,997.1214285714286
2011-07-14,290004.0,"La Florida, La Serena Ad.",-29.91444,-71.20667,1002.5708333333333
2011-07-14,330007.0,"Rodelillo, Ad.",-33.06528,-71.55639,975.3333333333334
2011-07-14,330019.0,"Eulogio Sánchez, Tobalaba Ad.",-33.45528,-70.54861,938.4
2011-07-14,330020.0,"Quinta Normal, Santiago",-33.445,-70.68278,954.1
2011-07-14,330021.0,Pudahuel Santiago ,-33.37833,-70.78778,959.1166666666667
2011-07-14,330030.0,"Santo Domingo, Ad.",-33.65611,-71.61333,1006.0307692307692
2011-07-14,330031.0,"Juan Fernández, Estación Meteorológica.",-33.63583,-78.83305,1004.25
2011-07-14,340031.0,"General Freire, Curicó Ad.",-34.96944,-71.21694,983.3
2011-07-14,360011.0,"General Bernardo O'Higgins, Chillán Ad.",-36.58583,-72.03667,990.5600000000001
2011-07-14,360019.0,"Carriel Sur, Concepción Ap.",-36.78055,-73.06639,1005.4833333333332
2011-07-14,370033.0,"María Dolores, Los Angeles Ad.",-37.39694,-72.42389,991.3
2011-07-14,380013.0,"Maquehue, Temuco Ad.",-38.76778,-72.63194,993.125
2011-07-14,390006.0,"Pichoy, Valdivia Ad.",-39.65667,-73.08722,999.3000000000001
2011-07-14,400009.0,"Cañal Bajo,  Osorno Ad.",-40.61444,-73.0575,994.2333333333332
2011-07-14,410005.0,El Tepual  Puerto Montt Ap.,-41.4475,-73.09583,990.4375
2011-07-14,430001.0,Quellón Ad.,-43.13361,-73.63278,997.2666666666668
2011-07-14,430002.0,Futaleufú Ad.,-43.18889,-71.85222,958.9
2011-07-14,450001.0,Puerto Aysén Ad.,-45.39944,-72.67722,997.2666666666668
2011-07-14,450004.0,"Teniente Vidal, Coyhaique Ad.",-45.59083,-72.10222,960.1461538461538
2011-07-14,450005.0,Balmaceda Ad.,-45.91833,-71.67778,934.6200000000001
2011-07-14,510005.0,"Teniente Gallardo, Puerto Natales Ad.",-51.66722,-72.52889,981.6666666666666
2011-07-14,520006.0,"Carlos Ibañez, Punta Arenas Ap.",-53.00167,-70.83861,982.9
2011-07-14,530005.0,"Fuentes Martínez, Porvenir Ad.",-53.25361,-70.32611,982.025
2011-07-14,550001.0,"Guardiamarina Zañartu, Pto Williams Ad.",-54.93167,-67.61556,985.9882352941177
2011-07-14,950001.0,"C.M.A. Eduardo Frei Montalva, Antártica ",-62.19194,-58.97972,983.15
2011-07-15,180005.0,"Chacalluta, Arica Ap.",-18.35555,-70.34028,1015.1541666666667
2011-07-15,200006.0,Diego Aracena Iquique Ap.,-20.54917,-70.18111,1014.6666666666666
2011-07-15,220002.0,"El Loa, Calama Ad.",-22.49806,-68.8925,777.855
2011-07-15,270001.0,Mataveri  Isla de Pascua Ap.,-27.15889,-109.4325,1015.225
2011-07-15,270008.0,"Desierto de Atacama, Caldera  Ad.",-27.25444,-70.78111,999.6266666666667
2011-07-15,290004.0,"La Florida, La Serena Ad.",-29.91444,-71.20667,1004.2125
2011-07-15,330007.0,"Rodelillo, Ad.",-33.06528,-71.55639,979.6666666666666
2011-07-15,330019.0,"Eulogio Sánchez, Tobalaba Ad.",-33.45528,-70.54861,943.6
2011-07-15,330020.0,"Quinta Normal, Santiago",-33.445,-70.68278,959.5875
2011-07-15,330021.0,Pudahuel Santiago ,-33.37833,-70.78778,962.6999999999999
2011-07-15,330030.0,"Santo Domingo, Ad.",-33.65611,-71.61333,1011.3
2011-07-15,330031.0,"Juan Fernández, Estación Meteorológica.",-33.63583,-78.83305,1013.45
2011-07-15,340031.0,"General Freire, Curicó Ad.",-34.96944,-71.21694,990.8399999999999
2011-07-15,360011.0,"General Bernardo O'Higgins, Chillán Ad.",-36.58583,-72.03667,999.51
2011-07-15,360019.0,"Carriel Sur, Concepción Ap.",-36.78055,-73.06639,1013.6708333333332
2011-07-15,370033.0,"María Dolores, Los Angeles Ad.",-37.39694,-72.42389,1001.9
2011-07-15,380013.0,"Maquehue, Temuco Ad.",-38.76778,-72.63194,1000.275
2011-07-15,390006.0,"Pichoy, Valdivia Ad.",-39.65667,-73.08722,1010.2333333333332
2011-07-15,400009.0,"Cañal Bajo,  Osorno Ad.",-40.61444,-73.0575,1004.1999999999999
2011-07-15,410005.0,El Tepual  Puerto Montt Ap.,-41.4475,-73.09583,996.525
2011-07-15,430001.0,Quellón Ad.,-43.13361,-73.63278,1005.1
2011-07-15,450001.0,Puerto Aysén Ad.,-45.39944,-72.67722,1000.75
2011-07-15,450004.0,"Teniente Vidal, Coyhaique Ad.",-45.59083,-72.10222,963.7076923076924
2011-07-15,450005.0,Balmaceda Ad.,-45.91833,-71.67778,937.1600000000001
2011-07-15,510005.0,"Teniente Gallardo, Puerto Natales Ad.",-51.66722,-72.52889,989.2
2011-07-15,520006.0,"Carlos Ibañez, Punta Arenas Ap.",-53.00167,-70.83861,987.7083333333334
2011-07-15,530005.0,"Fuentes Martínez, Porvenir Ad.",-53.25361,-70.32611,991.15
2011-07-15,550001.0,"Guardiamarina Zañartu, Pto Williams Ad.",-54.93167,-67.61556,991.0428571428572
2011-07-15,950001.0,"C.M.A. Eduardo Frei Montalva, Antártica ",-62.19194,-58.97972,983.0875
2011-07-16,180005.0,"Chacalluta, Arica Ap.",-18.35555,-70.34028,1015.0124999999999
2011-07-16,200006.0,Diego Aracena Iquique Ap.,-20.54917,-70.18111,1014.6374999999999
2011-07-16,220002.0,"El Loa, Calama Ad.",-22.49806,-68.8925,778.1882352941177
2011-07-16,270001.0,Mataveri  Isla de Pascua Ap.,-27.15889,-109.4325,1016.1833333333334
2011-07-16,270008.0,"Desierto de Atacama, Caldera  Ad.",-27.25444,-70.78111,999.9714285714286
2011-07-16,290004.0,"La Florida, La Serena Ad.",-29.91444,-71.20667,1008.0666666666666
2011-07-16,330007.0,"Rodelillo, Ad.",-33.06528,-71.55639,985.3333333333334
2011-07-16,330019.0,"Eulogio Sánchez, Tobalaba Ad.",-33.45528,-70.54861,949.2333333333332
2011-07-16,330020.0,"Quinta Normal, Santiago",-33.445,-70.68278,963.1625
2011-07-16,330021.0,Pudahuel Santiago ,-33.37833,-70.78778,968.6374999999999
2011-07-16,330030.0,"Santo Domingo, Ad.",-33.65611,-71.61333,1017.6153846153846
2011-07-16,330031.0,"Juan Fernández, Estación Meteorológica.",-33.63583,-78.83305,1020.825
2011-07-16,340031.0,"General Freire, Curicó Ad.",-34.96944,-71.21694,997.8100000000001
2011-07-16,360011.0,"General Bernardo O'Higgins, Chillán Ad.",-36.58583,-72.03667,1006.8299999999999
2011-07-16,360019.0,"Carriel Sur, Concepción Ap.",-36.78055,-73.06639,1020.7833333333333
2011-07-16,370033.0,"María Dolores, Los Angeles Ad.",-37.39694,-72.42389,1007.3
2011-07-16,380013.0,"Maquehue, Temuco Ad.",-38.76778,-72.63194,1007.4875
2011-07-16,390006.0,"Pichoy, Valdivia Ad.",-39.65667,-73.08722,1017.2666666666668
2011-07-16,400009.0,"Cañal Bajo,  Osorno Ad.",-40.61444,-73.0575,1011.5363636363636
2011-07-16,410005.0,El Tepual  Puerto Montt Ap.,-41.4475,-73.09583,1004.6041666666666
2011-07-16,450004.0,"Teniente Vidal, Coyhaique Ad.",-45.59083,-72.10222,978.5615384615384
2011-07-16,450005.0,Balmaceda Ad.,-45.91833,-71.67778,950.32
2011-07-16,520006.0,"Carlos Ibañez, Punta Arenas Ap.",-53.00167,-70.83861,1006.7666666666668
2011-07-16,550001.0,"Guardiamarina Zañartu, Pto Williams Ad.",-54.93167,-67.61556,1009.7538461538461
2011-07-16,950001.0,"C.M.A. Eduardo Frei Montalva, Antártica ",-62.19194,-58.97972,986.0625
2011-07-17,180005.0,"Chacalluta, Arica Ap.",-18.35555,-70.34028,1014.0416666666666
2011-07-17,200006.0,Diego Aracena Iquique Ap.,-20.54917,-70.18111,1013.6083333333332
2011-07-17,220002.0,"El Loa, Calama Ad.",-22.49806,-68.8925,778.2083333333334
2011-07-17,270001.0,Mataveri  Isla de Pascua Ap.,-27.15889,-109.4325,1018.0958333333333
2011-07-17,270008.0,"Desierto de Atacama, Caldera  Ad.",-27.25444,-70.78111,999.2818181818183
2011-07-17,290004.0,"La Florida, La Serena Ad.",-29.91444,-71.20667,1005.9
2011-07-17,330007.0,"Rodelillo, Ad.",-33.06528,-71.55639,984.0
2011-07-17,330019.0,"Eulogio Sánchez, Tobalaba Ad.",-33.45528,-70.54861,947.4
2011-07-17,330020.0,"Quinta Normal, Santiago",-33.445,-70.68278,962.2375
2011-07-17,330021.0,Pudahuel Santiago ,-33.37833,-70.78778,967.4625
2011-07-17,330030.0,"Santo Domingo, Ad.",-33.65611,-71.61333,1016.4461538461538
2011-07-17,330031.0,"Juan Fernández, Estación Meteorológica.",-33.63583,-78.83305,1022.25
2011-07-17,340031.0,"General Freire, Curicó Ad.",-34.96944,-71.21694,995.65
2011-07-17,360011.0,"General Bernardo O'Higgins, Chillán Ad.",-36.58583,-72.03667,1006.35
2011-07-17,360019.0,"Carriel Sur, Concepción Ap.",-36.78055,-73.06639,1022.0875
2011-07-17,370033.0,"María Dolores, Los Angeles Ad.",-37.39694,-72.42389,1010.2
2011-07-17,380013.0,"Maquehue, Temuco Ad.",-38.76778,-72.63194,1011.325
2011-07-17,390006.0,"Pichoy, Valdivia Ad.",-39.65667,-73.08722,1021.9
2011-07-17,400009.0,"Cañal Bajo,  Osorno Ad.",-40.61444,-73.0575,1017.7416666666667
2011-07-17,410005.0,El Tepual  Puerto Montt Ap.,-41.4475,-73.09583,1013.2416666666667
2011-07-17,450004.0,"Teniente Vidal, Coyhaique Ad.",-45.59083,-72.10222,990.8923076923077
2011-07-17,450005.0,Balmaceda Ad.,-45.91833,-71.67778,964.26
2011-07-17,520006.0,"Carlos Ibañez, Punta Arenas Ap.",-53.00167,-70.83861,1011.4041666666667
2011-07-17,550001.0,"Guardiamarina Zañartu, Pto Williams Ad.",-54.93167,-67.61556,1006.6214285714286
2011-07-17,950001.0,"C.M.A. Eduardo Frei Montalva, Antártica ",-62.19194,-58.97972,977.2875
2011-07-18,180005.0,"Chacalluta, Arica Ap.",-18.35555,-70.34028,1012.6166666666667
2011-07-18,200006.0,Diego Aracena Iquique Ap.,-20.54917,-70.18111,1012.1708333333332
2011-07-18,220002.0,"El Loa, Calama Ad.",-22.49806,-68.8925,777.9833333333332
2011-07-18,270001.0,Mataveri  Isla de Pascua Ap.,-27.15889,-109.4325,1021.1708333333332
2011-07-18,270008.0,"Desierto de Atacama, Caldera  Ad.",-27.25444,-70.78111,995.9000000000001
2011-07-18,290004.0,"La Florida, La Serena Ad.",-29.91444,-71.20667,1005.0458333333332
2011-07-18,330007.0,"Rodelillo, Ad.",-33.06528,-71.55639,982.3333333333334
2011-07-18,330019.0,"Eulogio Sánchez, Tobalaba Ad.",-33.45528,-70.54861,946.6
2011-07-18,330020.0,"Quinta Normal, Santiago",-33.445,-70.68278,962.575
2011-07-18,330021.0,Pudahuel Santiago ,-33.37833,-70.78778,967.7208333333333
2011-07-18,330030.0,"Santo Domingo, Ad.",-33.65611,-71.61333,1015.8307692307692
2011-07-18,330031.0,"Juan Fernández, Estación Meteorológica.",-33.63583,-78.83305,1023.325
2011-07-18,340031.0,"General Freire, Curicó Ad.",-34.96944,-71.21694,997.39
2011-07-18,360011.0,"General Bernardo O'Higgins, Chillán Ad.",-36.58583,-72.03667,1008.79
2011-07-18,360019.0,"Carriel Sur, Concepción Ap.",-36.78055,-73.06639,1026.0166666666667
2011-07-18,370033.0,"María Dolores, Los Angeles Ad.",-37.39694,-72.42389,1013.1
2011-07-18,380013.0,"Maquehue, Temuco Ad.",-38.76778,-72.63194,1016.2125
2011-07-18,390006.0,"Pichoy, Valdivia Ad.",-39.65667,-73.08722,1025.2
2011-07-18,400009.0,"Cañal Bajo,  Osorno Ad.",-40.61444,-73.0575,1020.6181818181817
2011-07-18,410005.0,El Tepual  Puerto Montt Ap.,-41.4475,-73.09583,1017.7375000000001
2011-07-18,430001.0,Quellón Ad.,-43.13361,-73.63278,1026.2333333333333
2011-07-18,430002.0,Futaleufú Ad.,-43.18889,-71.85222,986.5
2011-07-18,450001.0,Puerto Aysén Ad.,-45.39944,-72.67722,1026.9666666666667
2011-07-18,450004.0,"Teniente Vidal, Coyhaique Ad.",-45.59083,-72.10222,988.5846153846154
2011-07-18,450005.0,Balmaceda Ad.,-45.91833,-71.67778,960.3818181818183
2011-07-18,510005.0,"Teniente Gallardo, Puerto Natales Ad.",-51.66722,-72.52889,1006.9666666666667
2011-07-18,520006.0,"Carlos Ibañez, Punta Arenas Ap.",-53.00167,-70.83861,1010.2875
2011-07-18,530005.0,"Fuentes Martínez, Porvenir Ad.",-53.25361,-70.32611,1010.05
2011-07-18,550001.0,"Guardiamarina Zañartu, Pto Williams Ad.",-54.93167,-67.61556,1006.9214285714286
2011-07-18,950001.0,"C.M.A. Eduardo Frei Montalva, Antártica ",-62.19194,-58.97972,996.2625
2011-07-19,180005.0,"Chacalluta, Arica Ap.",-18.35555,-70.34028,1009.9499999999999
2011-07-19,200006.0,Diego Aracena Iquique Ap.,-20.54917,-70.18111,1009.1625
2011-07-19,220002.0,"El Loa, Calama Ad.",-22.49806,-68.8925,774.6823529411765
2011-07-19,270001.0,Mataveri  Isla de Pascua Ap.,-27.15889,-109.4325,1020.2375000000001
2011-07-19,270008.0,"Desierto de Atacama, Caldera  Ad.",-27.25444,-70.78111,992.9571428571428
2011-07-19,290004.0,"La Florida, La Serena Ad.",-29.91444,-71.20667,997.9625
2011-07-19,330007.0,"Rodelillo, Ad.",-33.06528,-71.55639,975.0
2011-07-19,330019.0,"Eulogio Sánchez, Tobalaba Ad.",-33.45528,-70.54861,938.4333333333334
2011-07-19,330020.0,"Quinta Normal, Santiago",-33.445,-70.68278,955.1125
2011-07-19,330021.0,Pudahuel Santiago ,-33.37833,-70.78778,960.1083333333332
2011-07-19,330030.0,"Santo Domingo, Ad.",-33.65611,-71.61333,1008.0615384615384
2011-07-19,330031.0,"Juan Fernández, Estación Meteorológica.",-33.63583,-78.83305,1017.9
2011-07-19,340031.0,"General Freire, Curicó Ad.",-34.96944,-71.21694,988.1600000000001
2011-07-19,360011.0,"General Bernardo O'Higgins, Chillán Ad.",-36.58583,-72.03667,998.7
2011-07-19,360019.0,"Carriel Sur, Concepción Ap.",-36.78055,-73.06639,1018.2166666666667
2011-07-19,370033.0,"María Dolores, Los Angeles Ad.",-37.39694,-72.42389,1002.4
2011-07-19,380013.0,"Maquehue, Temuco Ad.",-38.76778,-72.63194,1009.9125
2011-07-19,390006.0,"Pichoy, Valdivia Ad.",-39.65667,-73.08722,1015.8000000000001
2011-07-19,400009.0,"Cañal Bajo,  Osorno Ad.",-40.61444,-73.0575,1011.3249999999999
2011-07-19,410005.0,El Tepual  Puerto Montt Ap.,-41.4475,-73.09583,1010.4
2011-07-19,430001.0,Quellón Ad.,-43.13361,-73.63278,1014.1999999999999
2011-07-19,430002.0,Futaleufú Ad.,-43.18889,-71.85222,975.5333333333333
2011-07-19,450001.0,Puerto Aysén Ad.,-45.39944,-72.67722,1012.7333333333332
2011-07-19,450004.0,"Teniente Vidal, Coyhaique Ad.",-45.59083,-72.10222,976.9538461538461
2011-07-19,450005.0,Balmaceda Ad.,-45.91833,-71.67778,954.2888888888889
2011-07-19,510005.0,"Teniente Gallardo, Puerto Natales Ad.",-51.66722,-72.52889,990.7666666666668
2011-07-19,520006.0,"Carlos Ibañez, Punta Arenas Ap.",-53.00167,-70.83861,998.2416666666667
2011-07-19,530005.0,"Fuentes Martínez, Porvenir Ad.",-53.25361,-70.32611,997.225
2011-07-19,550001.0,"Guardiamarina Zañartu, Pto Williams Ad.",-54.93167,-67.61556,997.0999999999999
2011-07-19,950001.0,"C.M.A. Eduardo Frei Montalva, Antártica ",-62.19194,-58.97972,978.3
2011-07-20,180005.0,"Chacalluta, Arica Ap.",-18.35555,-70.34028,1013.3375
2011-07-20,200006.0,Diego Aracena Iquique Ap.,-20.54917,-70.18111,1012.8333333333334
2011-07-20,220002.0,"El Loa, Calama Ad.",-22.49806,-68.8925,776.0705882352942
2011-07-20,270001.0,Mataveri  Isla de Pascua Ap.,-27.15889,-109.4325,1016.1958333333333
2011-07-20,270008.0,"Desierto de Atacama, Caldera  Ad.",-27.25444,-70.78111,999.2307692307693
2011-07-20,290004.0,"La Florida, La Serena Ad.",-29.91444,-71.20667,1004.7791666666667
2011-07-20,330007.0,"Rodelillo, Ad.",-33.06528,-71.55639,985.0
2011-07-20,330019.0,"Eulogio Sánchez, Tobalaba Ad.",-33.45528,-70.54861,948.4
2011-07-20,330020.0,"Quinta Normal, Santiago",-33.445,-70.68278,959.8375
2011-07-20,330021.0,Pudahuel Santiago ,-33.37833,-70.78778,965.3833333333333
2011-07-20,330030.0,"Santo Domingo, Ad.",-33.65611,-71.61333,1016.4076923076923
2011-07-20,330031.0,"Juan Fernández, Estación Meteorológica.",-33.63583,-78.83305,1019.675
2011-07-20,340031.0,"General Freire, Curicó Ad.",-34.96944,-71.21694,997.22
2011-07-20,360011.0,"General Bernardo O'Higgins, Chillán Ad.",-36.58583,-72.03667,1007.7700000000001
2011-07-20,360019.0,"Carriel Sur, Concepción Ap.",-36.78055,-73.06639,1021.3958333333334
2011-07-20,370033.0,"María Dolores, Los Angeles Ad.",-37.39694,-72.42389,1010.3
2011-07-20,380013.0,"Maquehue, Temuco Ad.",-38.76778,-72.63194,1009.175
2011-07-20,390006.0,"Pichoy, Valdivia Ad.",-39.65667,-73.08722,1016.9
2011-07-20,400009.0,"Cañal Bajo,  Osorno Ad.",-40.61444,-73.0575,1010.0818181818181
2011-07-20,410005.0,El Tepual  Puerto Montt Ap.,-41.4475,-73.09583,1004.6416666666668
2011-07-20,430001.0,Quellón Ad.,-43.13361,-73.63278,1006.5
2011-07-20,430002.0,Futaleufú Ad.,-43.18889,-71.85222,967.9666666666667
2011-07-20,450001.0,Puerto Aysén Ad.,-45.39944,-72.67722,1001.4333333333334
2011-07-20,450004.0,"Teniente Vidal, Coyhaique Ad.",-45.59083,-72.10222,965.1846153846153
2011-07-20,450005.0,Balmaceda Ad.,-45.91833,-71.67778,940.4294117647058
2011-07-20,510005.0,"Teniente Gallardo, Puerto Natales Ad.",-51.66722,-72.52889,977.8666666666667
2011-07-20,520006.0,"Carlos Ibañez, Punta Arenas Ap.",-53.00167,-70.83861,981.9375
2011-07-20,530005.0,"Fuentes Martínez, Porvenir Ad.",-53.25361,-70.32611,982.1
2011-07-20,550001.0,"Guardiamarina Zañartu, Pto Williams Ad.",-54.93167,-67.61556,982.2384615384616
2011-07-20,950001.0,"C.M.A. Eduardo Frei Montalva, Antártica ",-62.19194,-58.97972,980.625
2011-07-21,180005.0,"Chacalluta, Arica Ap.",-18.35555,-70.34028,1011.2333333333332
2011-07-21,200006.0,Diego Aracena Iquique Ap.,-20.54917,-70.18111,1010.7541666666666
2011-07-21,220002.0,"El Loa, Calama Ad.",-22.49806,-68.8925,776.6588235294118
2011-07-21,270001.0,Mataveri  Isla de Pascua Ap.,-27.15889,-109.4325,1012.8166666666666
2011-07-21,270008.0,"Desierto de Atacama, Caldera  Ad.",-27.25444,-70.78111,993.25
2011-07-21,290004.0,"La Florida, La Serena Ad.",-29.91444,-71.20667,1002.7083333333334
2011-07-21,330007.0,"Rodelillo, Ad.",-33.06528,-71.55639,982.0
2011-07-21,330019.0,"Eulogio Sánchez, Tobalaba Ad.",-33.45528,-70.54861,946.6999999999999
2011-07-21,330020.0,"Quinta Normal, Santiago",-33.445,-70.68278,963.175
2011-07-21,330021.0,Pudahuel Santiago ,-33.37833,-70.78778,968.2875
2011-07-21,330030.0,"Santo Domingo, Ad.",-33.65611,-71.61333,1014.5615384615384
2011-07-21,330031.0,"Juan Fernández, Estación Meteorológica.",-33.63583,-78.83305,1021.725
2011-07-21,340031.0,"General Freire, Curicó Ad.",-34.96944,-71.21694,996.1600000000001
2011-07-21,360011.0,"General Bernardo O'Higgins, Chillán Ad.",-36.58583,-72.03667,1008.0899999999999
2011-07-21,360019.0,"Carriel Sur, Concepción Ap.",-36.78055,-73.06639,1024.3583333333333
2011-07-21,370033.0,"María Dolores, Los Angeles Ad.",-37.39694,-72.42389,1010.4
2011-07-21,380013.0,"Maquehue, Temuco Ad.",-38.76778,-72.63194,1011.4875
2011-07-21,390006.0,"Pichoy, Valdivia Ad.",-39.65667,-73.08722,1018.175
2011-07-21,400009.0,"Cañal Bajo,  Osorno Ad.",-40.61444,-73.0575,1011.1
2011-07-21,410005.0,El Tepual  Puerto Montt Ap.,-41.4475,-73.09583,1005.2666666666668
2011-07-21,430001.0,Quellón Ad.,-43.13361,-73.63278,1013.9333333333334
2011-07-21,430002.0,Futaleufú Ad.,-43.18889,-71.85222,971.1
2011-07-21,450001.0,Puerto Aysén Ad.,-45.39944,-72.67722,1007.5
2011-07-21,450004.0,"Teniente Vidal, Coyhaique Ad.",-45.59083,-72.10222,969.5230769230768
2011-07-21,450005.0,Balmaceda Ad.,-45.91833,-71.67778,941.1600000000001
2011-07-21,510005.0,"Teniente Gallardo, Puerto Natales Ad.",-51.66722,-72.52889,985.1333333333333
2011-07-21,520006.0,"Carlos Ibañez, Punta Arenas Ap.",-53.00167,-70.83861,980.9958333333334
2011-07-21,530005.0,"Fuentes Martínez, Porvenir Ad.",-53.25361,-70.32611,983.8
2011-07-21,550001.0,"Guardiamarina Zañartu, Pto Williams Ad.",-54.93167,-67.61556,979.5999999999999
2011-07-21,950001.0,"C.M.A. Eduardo Frei Montalva, Antártica ",-62.19194,-58.97972,977.5375
2011-07-22,180005.0,"Chacalluta, Arica Ap.",-18.35555,-70.34028,1010.3541666666666
2011-07-22,200006.0,Diego Aracena Iquique Ap.,-20.54917,-70.18111,1009.9541666666668
2011-07-22,220002.0,"El Loa, Calama Ad.",-22.49806,-68.8925,776.9666666666667
2011-07-22,270001.0,Mataveri  Isla de Pascua Ap.,-27.15889,-109.4325,1010.775
2011-07-22,270008.0,"Desierto de Atacama, Caldera  Ad.",-27.25444,-70.78111,993.7230769230769
2011-07-22,290004.0,"La Florida, La Serena Ad.",-29.91444,-71.20667,998.3708333333334
2011-07-22,330007.0,"Rodelillo, Ad.",-33.06528,-71.55639,975.3333333333334
2011-07-22,330019.0,"Eulogio Sánchez, Tobalaba Ad.",-33.45528,-70.54861,940.8000000000001
2011-07-22,330020.0,"Quinta Normal, Santiago",-33.445,-70.68278,956.7375
2011-07-22,330021.0,Pudahuel Santiago ,-33.37833,-70.78778,961.6583333333333
2011-07-22,330030.0,"Santo Domingo, Ad.",-33.65611,-71.61333,1007.5461538461539
2011-07-22,330031.0,"Juan Fernández, Estación Meteorológica.",-33.63583,-78.83305,1017.725
2011-07-22,340031.0,"General Freire, Curicó Ad.",-34.96944,-71.21694,989.8
2011-07-22,360011.0,"General Bernardo O'Higgins, Chillán Ad.",-36.58583,-72.03667,1000.14
2011-07-22,360019.0,"Carriel Sur, Concepción Ap.",-36.78055,-73.06639,1019.3874999999999
2011-07-22,370033.0,"María Dolores, Los Angeles Ad.",-37.39694,-72.42389,1003.2
2011-07-22,380013.0,"Maquehue, Temuco Ad.",-38.76778,-72.63194,1009.8
2011-07-22,390006.0,"Pichoy, Valdivia Ad.",-39.65667,-73.08722,1015.2666666666668
2011-07-22,400009.0,"Cañal Bajo,  Osorno Ad.",-40.61444,-73.0575,1010.0909090909091
2011-07-22,410005.0,El Tepual  Puerto Montt Ap.,-41.4475,-73.09583,1006.9708333333333
2011-07-22,430001.0,Quellón Ad.,-43.13361,-73.63278,1010.1500000000001
2011-07-22,430002.0,Futaleufú Ad.,-43.18889,-71.85222,968.85
2011-07-22,450001.0,Puerto Aysén Ad.,-45.39944,-72.67722,1002.45
2011-07-22,450004.0,"Teniente Vidal, Coyhaique Ad.",-45.59083,-72.10222,968.0076923076923
2011-07-22,450005.0,Balmaceda Ad.,-45.91833,-71.67778,942.5799999999999
2011-07-22,510005.0,"Teniente Gallardo, Puerto Natales Ad.",-51.66722,-72.52889,978.5999999999999
2011-07-22,520006.0,"Carlos Ibañez, Punta Arenas Ap.",-53.00167,-70.83861,983.7541666666666
2011-07-22,530005.0,"Fuentes Martínez, Porvenir Ad.",-53.25361,-70.32611,982.025
2011-07-22,550001.0,"Guardiamarina Zañartu, Pto Williams Ad.",-54.93167,-67.61556,981.8076923076923
2011-07-23,180005.0,"Chacalluta, Arica Ap.",-18.35555,-70.34028,1009.9166666666666
2011-07-23,200006.0,Diego Aracena Iquique Ap.,-20.54917,-70.18111,1009.475
2011-07-23,220002.0,"El Loa, Calama Ad.",-22.49806,-68.8925,777.0588235294117
2011-07-23,270001.0,Mataveri  Isla de Pascua Ap.,-27.15889,-109.4325,1013.75
2011-07-23,270008.0,"Desierto de Atacama, Caldera  Ad.",-27.25444,-70.78111,993.6714285714286
2011-07-23,290004.0,"La Florida, La Serena Ad.",-29.91444,-71.20667,999.4875000000001
2011-07-23,330007.0,"Rodelillo, Ad.",-33.06528,-71.55639,975.3333333333334
2011-07-23,330019.0,"Eulogio Sánchez, Tobalaba Ad.",-33.45528,-70.54861,939.9
2011-07-23,330020.0,"Quinta Normal, Santiago",-33.445,-70.68278,955.0
2011-07-23,330021.0,Pudahuel Santiago ,-33.37833,-70.78778,959.9916666666667
2011-07-23,330030.0,"Santo Domingo, Ad.",-33.65611,-71.61333,1007.1615384615385
2011-07-23,330031.0,"Juan Fernández, Estación Meteorológica.",-33.63583,-78.83305,1014.225
2011-07-23,340031.0,"General Freire, Curicó Ad.",-34.96944,-71.21694,988.04
2011-07-23,360011.0,"General Bernardo O'Higgins, Chillán Ad.",-36.58583,-72.03667,998.32
2011-07-23,360019.0,"Carriel Sur, Concepción Ap.",-36.78055,-73.06639,1016.4541666666668
2011-07-23,370033.0,"María Dolores, Los Angeles Ad.",-37.39694,-72.42389,1002.1
2011-07-23,380013.0,"Maquehue, Temuco Ad.",-38.76778,-72.63194,1006.75
2011-07-23,390006.0,"Pichoy, Valdivia Ad.",-39.65667,-73.08722,1013.1333333333333
2011-07-23,400009.0,"Cañal Bajo,  Osorno Ad.",-40.61444,-73.0575,1008.8181818181819
2011-07-23,410005.0,El Tepual  Puerto Montt Ap.,-41.4475,-73.09583,1004.8375
2011-07-23,450004.0,"Teniente Vidal, Coyhaique Ad.",-45.59083,-72.10222,974.7384615384616
2011-07-23,450005.0,Balmaceda Ad.,-45.91833,-71.67778,948.5
2011-07-23,510005.0,"Teniente Gallardo, Puerto Natales Ad.",-51.66722,-72.52889,992.9
2011-07-23,520006.0,"Carlos Ibañez, Punta Arenas Ap.",-53.00167,-70.83861,985.7166666666667
2011-07-23,530005.0,"Fuentes Martínez, Porvenir Ad.",-53.25361,-70.32611,989.2
2011-07-23,550001.0,"Guardiamarina Zañartu, Pto Williams Ad.",-54.93167,-67.61556,985.0538461538462
2011-07-24,180005.0,"Chacalluta, Arica Ap.",-18.35555,-70.34028,1011.3125
2011-07-24,200006.0,Diego Aracena Iquique Ap.,-20.54917,-70.18111,1010.775
2011-07-24,220002.0,"El Loa, Calama Ad.",-22.49806,-68.8925,777.6272727272727
2011-07-24,270001.0,Mataveri  Isla de Pascua Ap.,-27.15889,-109.4325,1014.7375000000001
2011-07-24,270008.0,"Desierto de Atacama, Caldera  Ad.",-27.25444,-70.78111,996.7454545454547
2011-07-24,290004.0,"La Florida, La Serena Ad.",-29.91444,-71.20667,1001.2166666666667
2011-07-24,330007.0,"Rodelillo, Ad.",-33.06528,-71.55639,977.6666666666666
2011-07-24,330019.0,"Eulogio Sánchez, Tobalaba Ad.",-33.45528,-70.54861,940.6333333333332
2011-07-24,330020.0,"Quinta Normal, Santiago",-33.445,-70.68278,954.4250000000001
2011-07-24,330021.0,Pudahuel Santiago ,-33.37833,-70.78778,959.5416666666666
2011-07-24,330030.0,"Santo Domingo, Ad.",-33.65611,-71.61333,1009.2846153846154
2011-07-24,330031.0,"Juan Fernández, Estación Meteorológica.",-33.63583,-78.83305,1008.3499999999999
2011-07-24,340031.0,"General Freire, Curicó Ad.",-34.96944,-71.21694,988.78
2011-07-24,360011.0,"General Bernardo O'Higgins, Chillán Ad.",-36.58583,-72.03667,998.72
2011-07-24,360019.0,"Carriel Sur, Concepción Ap.",-36.78055,-73.06639,1012.7208333333333
2011-07-24,370033.0,"María Dolores, Los Angeles Ad.",-37.39694,-72.42389,999.6
2011-07-24,380013.0,"Maquehue, Temuco Ad.",-38.76778,-72.63194,1000.7625
2011-07-24,390006.0,"Pichoy, Valdivia Ad.",-39.65667,-73.08722,1006.0333333333333
2011-07-24,400009.0,"Cañal Bajo,  Osorno Ad.",-40.61444,-73.0575,1000.2583333333333
2011-07-24,410005.0,El Tepual  Puerto Montt Ap.,-41.4475,-73.09583,997.1333333333333
2011-07-24,450004.0,"Teniente Vidal, Coyhaique Ad.",-45.59083,-72.10222,963.7692307692307
2011-07-24,450005.0,Balmaceda Ad.,-45.91833,-71.67778,940.18
2011-07-24,520006.0,"Carlos Ibañez, Punta Arenas Ap.",-53.00167,-70.83861,993.7708333333334
2011-07-24,550001.0,"Guardiamarina Zañartu, Pto Williams Ad.",-54.93167,-67.61556,996.8384615384615
2011-07-25,180005.0,"Chacalluta, Arica Ap.",-18.35555,-70.34028,1012.5
2011-07-25,200006.0,Diego Aracena Iquique Ap.,-20.54917,-70.18111,1012.1416666666668
2011-07-25,220002.0,"El Loa, Calama Ad.",-22.49806,-68.8925,777.3176470588235
2011-07-25,270001.0,Mataveri  Isla de Pascua Ap.,-27.15889,-109.4325,1011.8083333333334
2011-07-25,270008.0,"Desierto de Atacama, Caldera  Ad.",-27.25444,-70.78111,996.6833333333334
2011-07-25,290004.0,"La Florida, La Serena Ad.",-29.91444,-71.20667,1005.6083333333332
2011-07-25,330007.0,"Rodelillo, Ad.",-33.06528,-71.55639,985.3333333333334
2011-07-25,330019.0,"Eulogio Sánchez, Tobalaba Ad.",-33.45528,-70.54861,949.9
2011-07-25,330020.0,"Quinta Normal, Santiago",-33.445,-70.68278,962.05
2011-07-25,330021.0,Pudahuel Santiago ,-33.37833,-70.78778,967.3666666666667
2011-07-25,330030.0,"Santo Domingo, Ad.",-33.65611,-71.61333,1016.7846153846154
2011-07-25,330031.0,"Juan Fernández, Estación Meteorológica.",-33.63583,-78.83305,1019.0
2011-07-25,340031.0,"General Freire, Curicó Ad.",-34.96944,-71.21694,998.5899999999999
2011-07-25,360011.0,"General Bernardo O'Higgins, Chillán Ad.",-36.58583,-72.03667,1007.5555555555555
2011-07-25,360019.0,"Carriel Sur, Concepción Ap.",-36.78055,-73.06639,1019.1041666666666
2011-07-25,370033.0,"María Dolores, Los Angeles Ad.",-37.39694,-72.42389,1009.7
2011-07-25,380013.0,"Maquehue, Temuco Ad.",-38.76778,-72.63194,1005.6125
2011-07-25,390006.0,"Pichoy, Valdivia Ad.",-39.65667,-73.08722,1016.7666666666668
2011-07-25,400009.0,"Cañal Bajo,  Osorno Ad.",-40.61444,-73.0575,1010.0818181818181
2011-07-25,410005.0,El Tepual  Puerto Montt Ap.,-41.4475,-73.09583,1000.8166666666666
2011-07-25,430001.0,Quellón Ad.,-43.13361,-73.63278,1011.6666666666666
2011-07-25,450001.0,Puerto Aysén Ad.,-45.39944,-72.67722,1007.6666666666666
2011-07-25,450004.0,"Teniente Vidal, Coyhaique Ad.",-45.59083,-72.10222,969.876923076923
2011-07-25,450005.0,Balmaceda Ad.,-45.91833,-71.67778,943.0071428571429
2011-07-25,510005.0,"Teniente Gallardo, Puerto Natales Ad.",-51.66722,-72.52889,997.7666666666668
2011-07-25,520006.0,"Carlos Ibañez, Punta Arenas Ap.",-53.00167,-70.83861,997.9041666666667
2011-07-25,530005.0,"Fuentes Martínez, Porvenir Ad.",-53.25361,-70.32611,1001.25
2011-07-25,550001.0,"Guardiamarina Zañartu, Pto Williams Ad.",-54.93167,-67.61556,1007.4153846153846
2011-07-25,950001.0,"C.M.A. Eduardo Frei Montalva, Antártica ",-62.19194,-58.97972,1004.2
2011-07-26,180005.0,"Chacalluta, Arica Ap.",-18.35555,-70.34028,1009.1166666666667
2011-07-26,200006.0,Diego Aracena Iquique Ap.,-20.54917,-70.18111,1008.44
2011-07-26,220002.0,"El Loa, Calama Ad.",-22.49806,-68.8925,775.1882352941177
2011-07-26,270001.0,Mataveri  Isla de Pascua Ap.,-27.15889,-109.4325,1005.5416666666666
2011-07-26,270008.0,"Desierto de Atacama, Caldera  Ad.",-27.25444,-70.78111,991.8214285714286
2011-07-26,290004.0,"La Florida, La Serena Ad.",-29.91444,-71.20667,998.5416666666666
2011-07-26,330007.0,"Rodelillo, Ad.",-33.06528,-71.55639,975.0
2011-07-26,330019.0,"Eulogio Sánchez, Tobalaba Ad.",-33.45528,-70.54861,939.9666666666667
2011-07-26,330020.0,"Quinta Normal, Santiago",-33.445,-70.68278,957.9125
2011-07-26,330021.0,Pudahuel Santiago ,-33.37833,-70.78778,962.7208333333333
2011-07-26,330030.0,"Santo Domingo, Ad.",-33.65611,-71.61333,1007.876923076923
2011-07-26,330031.0,"Juan Fernández, Estación Meteorológica.",-33.63583,-78.83305,1018.125
2011-07-26,340031.0,"General Freire, Curicó Ad.",-34.96944,-71.21694,989.4399999999999
2011-07-26,360011.0,"General Bernardo O'Higgins, Chillán Ad.",-36.58583,-72.03667,999.6700000000001
2011-07-26,360019.0,"Carriel Sur, Concepción Ap.",-36.78055,-73.06639,1020.6041666666666
2011-07-26,370033.0,"María Dolores, Los Angeles Ad.",-37.39694,-72.42389,1002.9
2011-07-26,380013.0,"Maquehue, Temuco Ad.",-38.76778,-72.63194,1010.4875
2011-07-26,390006.0,"Pichoy, Valdivia Ad.",-39.65667,-73.08722,1013.1333333333333
2011-07-26,400009.0,"Cañal Bajo,  Osorno Ad.",-40.61444,-73.0575,1007.9090909090909
2011-07-26,410005.0,El Tepual  Puerto Montt Ap.,-41.4475,-73.09583,1006.8249999999999
2011-07-26,430001.0,Quellón Ad.,-43.13361,-73.63278,1006.6999999999999
2011-07-26,430002.0,Futaleufú Ad.,-43.18889,-71.85222,969.2333333333332
2011-07-26,450001.0,Puerto Aysén Ad.,-45.39944,-72.67722,1005.6
2011-07-26,450004.0,"Teniente Vidal, Coyhaique Ad.",-45.59083,-72.10222,971.6923076923077
2011-07-26,450005.0,Balmaceda Ad.,-45.91833,-71.67778,947.0615384615384
2011-07-26,510005.0,"Teniente Gallardo, Puerto Natales Ad.",-51.66722,-72.52889,1000.5
2011-07-26,520006.0,"Carlos Ibañez, Punta Arenas Ap.",-53.00167,-70.83861,1009.0666666666666
2011-07-26,530005.0,"Fuentes Martínez, Porvenir Ad.",-53.25361,-70.32611,1011.1
2011-07-26,550001.0,"Guardiamarina Zañartu, Pto Williams Ad.",-54.93167,-67.61556,1015.8384615384615
2011-07-26,950001.0,"C.M.A. Eduardo Frei Montalva, Antártica ",-62.19194,-58.97972,1004.2
2011-07-27,180005.0,"Chacalluta, Arica Ap.",-18.35555,-70.34028,1010.5375
2011-07-27,200006.0,Diego Aracena Iquique Ap.,-20.54917,-70.18111,1009.8375
2011-07-27,220002.0,"El Loa, Calama Ad.",-22.49806,-68.8925,775.7176470588236
2011-07-27,270001.0,Mataveri  Isla de Pascua Ap.,-27.15889,-109.4325,1003.4166666666666
2011-07-27,270008.0,"Desierto de Atacama, Caldera  Ad.",-27.25444,-70.78111,994.7142857142857
2011-07-27,290004.0,"La Florida, La Serena Ad.",-29.91444,-71.20667,999.2208333333333
2011-07-27,330007.0,"Rodelillo, Ad.",-33.06528,-71.55639,977.3333333333334
2011-07-27,330019.0,"Eulogio Sánchez, Tobalaba Ad.",-33.45528,-70.54861,941.1666666666666
2011-07-27,330020.0,"Quinta Normal, Santiago",-33.445,-70.68278,955.1625
2011-07-27,330021.0,Pudahuel Santiago ,-33.37833,-70.78778,960.4333333333334
2011-07-27,330030.0,"Santo Domingo, Ad.",-33.65611,-71.61333,1009.2923076923076
2011-07-27,330031.0,"Juan Fernández, Estación Meteorológica.",-33.63583,-78.83305,1013.625
2011-07-27,340031.0,"General Freire, Curicó Ad.",-34.96944,-71.21694,989.85
2011-07-27,360011.0,"General Bernardo O'Higgins, Chillán Ad.",-36.58583,-72.03667,999.0899999999999
2011-07-27,360019.0,"Carriel Sur, Concepción Ap.",-36.78055,-73.06639,1015.0791666666668
2011-07-27,370033.0,"María Dolores, Los Angeles Ad.",-37.39694,-72.42389,1000.9
2011-07-27,380013.0,"Maquehue, Temuco Ad.",-38.76778,-72.63194,1002.1625
2011-07-27,390006.0,"Pichoy, Valdivia Ad.",-39.65667,-73.08722,1009.2333333333332
2011-07-27,400009.0,"Cañal Bajo,  Osorno Ad.",-40.61444,-73.0575,1002.6909090909091
2011-07-27,410005.0,El Tepual  Puerto Montt Ap.,-41.4475,-73.09583,997.1083333333332
2011-07-27,430001.0,Quellón Ad.,-43.13361,-73.63278,1002.1
2011-07-27,430002.0,Futaleufú Ad.,-43.18889,-71.85222,964.4666666666667
2011-07-27,450001.0,Puerto Aysén Ad.,-45.39944,-72.67722,1001.3666666666667
2011-07-27,450004.0,"Teniente Vidal, Coyhaique Ad.",-45.59083,-72.10222,965.9846153846154
2011-07-27,450005.0,Balmaceda Ad.,-45.91833,-71.67778,940.3799999999999
2011-07-27,510005.0,"Teniente Gallardo, Puerto Natales Ad.",-51.66722,-72.52889,1003.9666666666667
2011-07-27,520006.0,"Carlos Ibañez, Punta Arenas Ap.",-53.00167,-70.83861,1008.8166666666666
2011-07-27,530005.0,"Fuentes Martínez, Porvenir Ad.",-53.25361,-70.32611,1012.35
2011-07-27,550001.0,"Guardiamarina Zañartu, Pto Williams Ad.",-54.93167,-67.61556,1019.4461538461538
2011-07-27,950001.0,"C.M.A. Eduardo Frei Montalva, Antártica ",-62.19194,-58.97972,1014.25
2011-07-28,180005.0,"Chacalluta, Arica Ap.",-18.35555,-70.34028,1012.1708333333332
2011-07-28,200006.0,Diego Aracena Iquique Ap.,-20.54917,-70.18111,1011.7708333333334
2011-07-28,220002.0,"El Loa, Calama Ad.",-22.49806,-68.8925,776.6411764705882
2011-07-28,270001.0,Mataveri  Isla de Pascua Ap.,-27.15889,-109.4325,1009.2208333333333
2011-07-28,270008.0,"Desierto de Atacama, Caldera  Ad.",-27.25444,-70.78111,996.5
2011-07-28,290004.0,"La Florida, La Serena Ad.",-29.91444,-71.20667,1002.8833333333333
2011-07-28,330007.0,"Rodelillo, Ad.",-33.06528,-71.55639,979.0
2011-07-28,330019.0,"Eulogio Sánchez, Tobalaba Ad.",-33.45528,-70.54861,942.6
2011-07-28,330020.0,"Quinta Normal, Santiago",-33.445,-70.68278,957.6125
2011-07-28,330021.0,Pudahuel Santiago ,-33.37833,-70.78778,962.7541666666666
2011-07-28,330030.0,"Santo Domingo, Ad.",-33.65611,-71.61333,1010.9769230769232
2011-07-28,330031.0,"Juan Fernández, Estación Meteorológica.",-33.63583,-78.83305,1015.5333333333333
2011-07-28,340031.0,"General Freire, Curicó Ad.",-34.96944,-71.21694,990.3700000000001
2011-07-28,360011.0,"General Bernardo O'Higgins, Chillán Ad.",-36.58583,-72.03667,1000.5600000000001
2011-07-28,360019.0,"Carriel Sur, Concepción Ap.",-36.78055,-73.06639,1016.6166666666667
2011-07-28,370033.0,"María Dolores, Los Angeles Ad.",-37.39694,-72.42389,1002.7
2011-07-28,380013.0,"Maquehue, Temuco Ad.",-38.76778,-72.63194,1004.725
2011-07-28,390006.0,"Pichoy, Valdivia Ad.",-39.65667,-73.08722,1013.2666666666668
2011-07-28,400009.0,"Cañal Bajo,  Osorno Ad.",-40.61444,-73.0575,1008.3
2011-07-28,410005.0,El Tepual  Puerto Montt Ap.,-41.4475,-73.09583,1002.5541666666667
2011-07-28,430001.0,Quellón Ad.,-43.13361,-73.63278,1013.0666666666666
2011-07-28,430002.0,Futaleufú Ad.,-43.18889,-71.85222,975.1
2011-07-28,450001.0,Puerto Aysén Ad.,-45.39944,-72.67722,1019.2666666666668
2011-07-28,450004.0,"Teniente Vidal, Coyhaique Ad.",-45.59083,-72.10222,982.9538461538461
2011-07-28,450005.0,Balmaceda Ad.,-45.91833,-71.67778,955.4799999999999
2011-07-28,510005.0,"Teniente Gallardo, Puerto Natales Ad.",-51.66722,-72.52889,1022.1666666666666
2011-07-28,520006.0,"Carlos Ibañez, Punta Arenas Ap.",-53.00167,-70.83861,1022.975
2011-07-28,530005.0,"Fuentes Martínez, Porvenir Ad.",-53.25361,-70.32611,1025.16
2011-07-28,550001.0,"Guardiamarina Zañartu, Pto Williams Ad.",-54.93167,-67.61556,1027.8307692307692
2011-07-28,950001.0,"C.M.A. Eduardo Frei Montalva, Antártica ",-62.19194,-58.97972,1018.1200000000001
2011-07-29,180005.0,"Chacalluta, Arica Ap.",-18.35555,-70.34028,1011.3833333333333
2011-07-29,200006.0,Diego Aracena Iquique Ap.,-20.54917,-70.18111,1010.7583333333333
2011-07-29,220002.0,"El Loa, Calama Ad.",-22.49806,-68.8925,775.0882352941177
2011-07-29,270001.0,Mataveri  Isla de Pascua Ap.,-27.15889,-109.4325,1013.8249999999999
2011-07-29,270008.0,"Desierto de Atacama, Caldera  Ad.",-27.25444,-70.78111,995.0692307692308
2011-07-29,290004.0,"La Florida, La Serena Ad.",-29.91444,-71.20667,1001.1041666666666
2011-07-29,330007.0,"Rodelillo, Ad.",-33.06528,-71.55639,976.8
2011-07-29,330019.0,"Eulogio Sánchez, Tobalaba Ad.",-33.45528,-70.54861,940.54
2011-07-29,330020.0,"Quinta Normal, Santiago",-33.445,-70.68278,956.375
2011-07-29,330021.0,Pudahuel Santiago ,-33.37833,-70.78778,961.3541666666666
2011-07-29,330030.0,"Santo Domingo, Ad.",-33.65611,-71.61333,1009.3615384615385
2011-07-29,330031.0,"Juan Fernández, Estación Meteorológica.",-33.63583,-78.83305,1016.8
2011-07-29,340031.0,"General Freire, Curicó Ad.",-34.96944,-71.21694,989.8700000000001
2011-07-29,360011.0,"General Bernardo O'Higgins, Chillán Ad.",-36.58583,-72.03667,1001.75
2011-07-29,360019.0,"Carriel Sur, Concepción Ap.",-36.78055,-73.06639,1018.4625
2011-07-29,370033.0,"María Dolores, Los Angeles Ad.",-37.39694,-72.42389,1004.2
2011-07-29,380013.0,"Maquehue, Temuco Ad.",-38.76778,-72.63194,1008.675
2011-07-29,390006.0,"Pichoy, Valdivia Ad.",-39.65667,-73.08722,1018.0333333333333
2011-07-29,400009.0,"Cañal Bajo,  Osorno Ad.",-40.61444,-73.0575,1014.7454545454547
2011-07-29,410005.0,El Tepual  Puerto Montt Ap.,-41.4475,-73.09583,1010.7958333333332
2011-07-29,430001.0,Quellón Ad.,-43.13361,-73.63278,1023.05
2011-07-29,430002.0,Futaleufú Ad.,-43.18889,-71.85222,985.6500000000001
2011-07-29,450004.0,"Teniente Vidal, Coyhaique Ad.",-45.59083,-72.10222,991.4307692307692
2011-07-29,450005.0,Balmaceda Ad.,-45.91833,-71.67778,966.0666666666666
2011-07-29,510005.0,"Teniente Gallardo, Puerto Natales Ad.",-51.66722,-72.52889,1020.1500000000001
2011-07-29,520006.0,"Carlos Ibañez, Punta Arenas Ap.",-53.00167,-70.83861,1022.1541666666667
2011-07-29,530005.0,"Fuentes Martínez, Porvenir Ad.",-53.25361,-70.32611,1020.35
2011-07-29,550001.0,"Guardiamarina Zañartu, Pto Williams Ad.",-54.93167,-67.61556,1017.6923076923077
2011-07-29,950001.0,"C.M.A. Eduardo Frei Montalva, Antártica ",-62.19194,-58.97972,1006.5600000000001
2011-07-30,180005.0,"Chacalluta, Arica Ap.",-18.35555,-70.34028,1011.4916666666667
2011-07-30,200006.0,Diego Aracena Iquique Ap.,-20.54917,-70.18111,1011.0041666666666
2011-07-30,220002.0,"El Loa, Calama Ad.",-22.49806,-68.8925,773.9411764705883
2011-07-30,270001.0,Mataveri  Isla de Pascua Ap.,-27.15889,-109.4325,1015.0333333333333
2011-07-30,270008.0,"Desierto de Atacama, Caldera  Ad.",-27.25444,-70.78111,994.725
2011-07-30,290004.0,"La Florida, La Serena Ad.",-29.91444,-71.20667,999.6750000000001
2011-07-30,330007.0,"Rodelillo, Ad.",-33.06528,-71.55639,976.2
2011-07-30,330019.0,"Eulogio Sánchez, Tobalaba Ad.",-33.45528,-70.54861,939.6700000000001
2011-07-30,330020.0,"Quinta Normal, Santiago",-33.445,-70.68278,954.0
2011-07-30,330021.0,Pudahuel Santiago ,-33.37833,-70.78778,959.1875
2011-07-30,330030.0,"Santo Domingo, Ad.",-33.65611,-71.61333,1008.2076923076924
2011-07-30,330031.0,"Juan Fernández, Estación Meteorológica.",-33.63583,-78.83305,1014.8
2011-07-30,340031.0,"General Freire, Curicó Ad.",-34.96944,-71.21694,988.57
2011-07-30,360011.0,"General Bernardo O'Higgins, Chillán Ad.",-36.58583,-72.03667,998.72
2011-07-30,360019.0,"Carriel Sur, Concepción Ap.",-36.78055,-73.06639,1015.4250000000001
2011-07-30,370033.0,"María Dolores, Los Angeles Ad.",-37.39694,-72.42389,1002.2
2011-07-30,380013.0,"Maquehue, Temuco Ad.",-38.76778,-72.63194,1006.6875
2011-07-30,390006.0,"Pichoy, Valdivia Ad.",-39.65667,-73.08722,1017.0
2011-07-30,400009.0,"Cañal Bajo,  Osorno Ad.",-40.61444,-73.0575,1014.0636363636364
2011-07-30,410005.0,El Tepual  Puerto Montt Ap.,-41.4475,-73.09583,1011.8249999999999
2011-07-30,450004.0,"Teniente Vidal, Coyhaique Ad.",-45.59083,-72.10222,986.4000000000001
2011-07-30,450005.0,Balmaceda Ad.,-45.91833,-71.67778,960.8399999999999
2011-07-30,520006.0,"Carlos Ibañez, Punta Arenas Ap.",-53.00167,-70.83861,1013.0583333333334
2011-07-30,530005.0,"Fuentes Martínez, Porvenir Ad.",-53.25361,-70.32611,1013.0999999999999
2011-07-30,550001.0,"Guardiamarina Zañartu, Pto Williams Ad.",-54.93167,-67.61556,1014.5466666666667
2011-07-30,950001.0,"C.M.A. Eduardo Frei Montalva, Antártica ",-62.19194,-58.97972,1013.32
2011-07-31,180005.0,"Chacalluta, Arica Ap.",-18.35555,-70.34028,1014.9208333333332
2011-07-31,200006.0,Diego Aracena Iquique Ap.,-20.54917,-70.18111,1014.7041666666668
2011-07-31,220002.0,"El Loa, Calama Ad.",-22.49806,-68.8925,774.9181818181819
2011-07-31,270001.0,Mataveri  Isla de Pascua Ap.,-27.15889,-109.4325,1015.8916666666668
2011-07-31,270008.0,"Desierto de Atacama, Caldera  Ad.",-27.25444,-70.78111,1000.5454545454545
2011-07-31,290004.0,"La Florida, La Serena Ad.",-29.91444,-71.20667,1003.5083333333333
2011-07-31,330007.0,"Rodelillo, Ad.",-33.06528,-71.55639,981.8
2011-07-31,330019.0,"Eulogio Sánchez, Tobalaba Ad.",-33.45528,-70.54861,945.22
2011-07-31,330020.0,"Quinta Normal, Santiago",-33.445,-70.68278,958.1625
2011-07-31,330021.0,Pudahuel Santiago ,-33.37833,-70.78778,963.7041666666668
2011-07-31,330030.0,"Santo Domingo, Ad.",-33.65611,-71.61333,1013.676923076923
2011-07-31,330031.0,"Juan Fernández, Estación Meteorológica.",-33.63583,-78.83305,1020.95
2011-07-31,340031.0,"General Freire, Curicó Ad.",-34.96944,-71.21694,993.89
2011-07-31,360011.0,"General Bernardo O'Higgins, Chillán Ad.",-36.58583,-72.03667,1003.7299999999999
2011-07-31,360019.0,"Carriel Sur, Concepción Ap.",-36.78055,-73.06639,1020.475
2011-07-31,370033.0,"María Dolores, Los Angeles Ad.",-37.39694,-72.42389,1006.9
2011-07-31,380013.0,"Maquehue, Temuco Ad.",-38.76778,-72.63194,1011.0625
2011-07-31,390006.0,"Pichoy, Valdivia Ad.",-39.65667,-73.08722,1021.1333333333333
2011-07-31,400009.0,"Cañal Bajo,  Osorno Ad.",-40.61444,-73.0575,1016.9916666666667
2011-07-31,410005.0,El Tepual  Puerto Montt Ap.,-41.4475,-73.09583,1013.275
2011-07-31,450004.0,"Teniente Vidal, Coyhaique Ad.",-45.59083,-72.10222,981.1384615384615
2011-07-31,450005.0,Balmaceda Ad.,-45.91833,-71.67778,952.9250000000001
2011-07-31,520006.0,"Carlos Ibañez, Punta Arenas Ap.",-53.00167,-70.83861,996.5083333333333
2011-07-31,550001.0,"Guardiamarina Zañartu, Pto Williams Ad.",-54.93167,-67.61556,994.4230769230769
2011-07-31,950001.0,"C.M.A. Eduardo Frei Montalva, Antártica ",-62.19194,-58.97972,1004.78
2011-08-01,180005.0,"Chacalluta, Arica Ap.",-18.35555,-70.34028,1015.6833333333334
2011-08-01,200006.0,Diego Aracena Iquique Ap.,-20.54917,-70.18111,1015.3791666666666
2011-08-01,220002.0,"El Loa, Calama Ad.",-22.49806,-68.8925,776.575
2011-08-01,270001.0,Mataveri  Isla de Pascua Ap.,-27.15889,-109.4325,1015.5583333333334
2011-08-01,270008.0,"Desierto de Atacama, Caldera  Ad.",-27.25444,-70.78111,1002.58
2011-08-01,290004.0,"La Florida, La Serena Ad.",-29.91444,-71.20667,1010.5208333333334
2011-08-01,330007.0,"Rodelillo, Ad.",-33.06528,-71.55639,987.1
2011-08-01,330019.0,"Eulogio Sánchez, Tobalaba Ad.",-33.45528,-70.54861,950.65
2011-08-01,330020.0,"Quinta Normal, Santiago",-33.445,-70.68278,965.6375
2011-08-01,330021.0,Pudahuel Santiago ,-33.37833,-70.78778,970.3208333333333
2011-08-01,330030.0,"Santo Domingo, Ad.",-33.65611,-71.61333,1019.7538461538461
2011-08-01,330031.0,"Juan Fernández, Estación Meteorológica.",-33.63583,-78.83305,1024.225
2011-08-01,340031.0,"General Freire, Curicó Ad.",-34.96944,-71.21694,999.8399999999999
2011-08-01,360011.0,"General Bernardo O'Higgins, Chillán Ad.",-36.58583,-72.03667,1010.47
2011-08-01,360019.0,"Carriel Sur, Concepción Ap.",-36.78055,-73.06639,1026.3708333333334
2011-08-01,370033.0,"María Dolores, Los Angeles Ad.",-37.39694,-72.42389,1012.9
2011-08-01,380013.0,"Maquehue, Temuco Ad.",-38.76778,-72.63194,1015.075
2011-08-01,390006.0,"Pichoy, Valdivia Ad.",-39.65667,-73.08722,1020.9
2011-08-01,400009.0,"Cañal Bajo,  Osorno Ad.",-40.61444,-73.0575,1014.9909090909091
2011-08-01,410005.0,El Tepual  Puerto Montt Ap.,-41.4475,-73.09583,1011.6083333333332
2011-08-01,430001.0,Quellón Ad.,-43.13361,-73.63278,1012.5333333333333
2011-08-01,430002.0,Futaleufú Ad.,-43.18889,-71.85222,974.0
2011-08-01,450001.0,Puerto Aysén Ad.,-45.39944,-72.67722,1009.8333333333334
2011-08-01,450004.0,"Teniente Vidal, Coyhaique Ad.",-45.59083,-72.10222,973.7692307692307
2011-08-01,450005.0,Balmaceda Ad.,-45.91833,-71.67778,947.5
2011-08-01,520006.0,"Carlos Ibañez, Punta Arenas Ap.",-53.00167,-70.83861,988.1374999999999
2011-08-01,530005.0,"Fuentes Martínez, Porvenir Ad.",-53.25361,-70.32611,989.8
2011-08-01,550001.0,"Guardiamarina Zañartu, Pto Williams Ad.",-54.93167,-67.61556,991.0307692307692
2011-08-01,950001.0,"C.M.A. Eduardo Frei Montalva, Antártica ",-62.19194,-58.97972,1003.4
2011-08-02,180005.0,"Chacalluta, Arica Ap.",-18.35555,-70.34028,1013.1125000000001
2011-08-02,200006.0,Diego Aracena Iquique Ap.,-20.54917,-70.18111,1012.4916666666667
2011-08-02,220002.0,"El Loa, Calama Ad.",-22.49806,-68.8925,777.1647058823529
2011-08-02,270001.0,Mataveri  Isla de Pascua Ap.,-27.15889,-109.4325,1014.4291666666667
2011-08-02,270008.0,"Desierto de Atacama, Caldera  Ad.",-27.25444,-70.78111,999.0214285714285
2011-08-02,290004.0,"La Florida, La Serena Ad.",-29.91444,-71.20667,1007.3708333333334
2011-08-02,330007.0,"Rodelillo, Ad.",-33.06528,-71.55639,985.6
2011-08-02,330019.0,"Eulogio Sánchez, Tobalaba Ad.",-33.45528,-70.54861,949.8700000000001
2011-08-02,330020.0,"Quinta Normal, Santiago",-33.445,-70.68278,963.7125
2011-08-02,330021.0,Pudahuel Santiago ,-33.37833,-70.78778,968.9916666666667
2011-08-02,330030.0,"Santo Domingo, Ad.",-33.65611,-71.61333,1017.9384615384616
2011-08-02,330031.0,"Juan Fernández, Estación Meteorológica.",-33.63583,-78.83305,1023.1500000000001
2011-08-02,340031.0,"General Freire, Curicó Ad.",-34.96944,-71.21694,998.82
2011-08-02,360011.0,"General Bernardo O'Higgins, Chillán Ad.",-36.58583,-72.03667,1009.26
2011-08-02,360019.0,"Carriel Sur, Concepción Ap.",-36.78055,-73.06639,1023.4958333333334
2011-08-02,370033.0,"María Dolores, Los Angeles Ad.",-37.39694,-72.42389,1011.9
2011-08-02,380013.0,"Maquehue, Temuco Ad.",-38.76778,-72.63194,1011.6125
2011-08-02,390006.0,"Pichoy, Valdivia Ad.",-39.65667,-73.08722,1022.4
2011-08-02,400009.0,"Cañal Bajo,  Osorno Ad.",-40.61444,-73.0575,1017.2636363636364
2011-08-02,410005.0,El Tepual  Puerto Montt Ap.,-41.4475,-73.09583,1010.6333333333333
2011-08-02,430001.0,Quellón Ad.,-43.13361,-73.63278,1021.7666666666668
2011-08-02,430002.0,Futaleufú Ad.,-43.18889,-71.85222,977.9333333333334
2011-08-02,450001.0,Puerto Aysén Ad.,-45.39944,-72.67722,1017.6333333333333
2011-08-02,450004.0,"Teniente Vidal, Coyhaique Ad.",-45.59083,-72.10222,978.9230769230769
2011-08-02,450005.0,Balmaceda Ad.,-45.91833,-71.67778,951.4083333333333
2011-08-02,520006.0,"Carlos Ibañez, Punta Arenas Ap.",-53.00167,-70.83861,1000.25
2011-08-02,530005.0,"Fuentes Martínez, Porvenir Ad.",-53.25361,-70.32611,1006.875
2011-08-02,550001.0,"Guardiamarina Zañartu, Pto Williams Ad.",-54.93167,-67.61556,1009.876923076923
2011-08-02,950001.0,"C.M.A. Eduardo Frei Montalva, Antártica ",-62.19194,-58.97972,1005.8799999999999
2011-08-03,180005.0,"Chacalluta, Arica Ap.",-18.35555,-70.34028,1009.9833333333332
2011-08-03,200006.0,Diego Aracena Iquique Ap.,-20.54917,-70.18111,1009.2958333333332
2011-08-03,220002.0,"El Loa, Calama Ad.",-22.49806,-68.8925,775.7235294117646
2011-08-03,270001.0,Mataveri  Isla de Pascua Ap.,-27.15889,-109.4325,1013.2833333333333
2011-08-03,270008.0,"Desierto de Atacama, Caldera  Ad.",-27.25444,-70.78111,992.3307692307692
2011-08-03,290004.0,"La Florida, La Serena Ad.",-29.91444,-71.20667,1002.7208333333333
2011-08-03,330007.0,"Rodelillo, Ad.",-33.06528,-71.55639,979.9
2011-08-03,330019.0,"Eulogio Sánchez, Tobalaba Ad.",-33.45528,-70.54861,945.29
2011-08-03,330020.0,"Quinta Normal, Santiago",-33.445,-70.68278,962.9625
2011-08-03,330021.0,Pudahuel Santiago ,-33.37833,-70.78778,967.8249999999999
2011-08-03,330030.0,"Santo Domingo, Ad.",-33.65611,-71.61333,1013.2230769230769
2011-08-03,330031.0,"Juan Fernández, Estación Meteorológica.",-33.63583,-78.83305,1023.0
2011-08-03,340031.0,"General Freire, Curicó Ad.",-34.96944,-71.21694,994.5600000000001
2011-08-03,360011.0,"General Bernardo O'Higgins, Chillán Ad.",-36.58583,-72.03667,1005.76
2011-08-03,360019.0,"Carriel Sur, Concepción Ap.",-36.78055,-73.06639,1025.4166666666667
2011-08-03,370033.0,"María Dolores, Los Angeles Ad.",-37.39694,-72.42389,1008.7
2011-08-03,380013.0,"Maquehue, Temuco Ad.",-38.76778,-72.63194,1016.0125
2011-08-03,390006.0,"Pichoy, Valdivia Ad.",-39.65667,-73.08722,1020.8333333333334
2011-08-03,400009.0,"Cañal Bajo,  Osorno Ad.",-40.61444,-73.0575,1016.6818181818181
2011-08-03,410005.0,El Tepual  Puerto Montt Ap.,-41.4475,-73.09583,1015.4291666666667
2011-08-03,430001.0,Quellón Ad.,-43.13361,-73.63278,1020.3000000000001
2011-08-03,430002.0,Futaleufú Ad.,-43.18889,-71.85222,980.7666666666668
2011-08-03,450004.0,"Teniente Vidal, Coyhaique Ad.",-45.59083,-72.10222,984.2153846153846
2011-08-03,450005.0,Balmaceda Ad.,-45.91833,-71.67778,958.9200000000001
2011-08-03,510005.0,"Teniente Gallardo, Puerto Natales Ad.",-51.66722,-72.52889,1006.1333333333333
2011-08-03,520006.0,"Carlos Ibañez, Punta Arenas Ap.",-53.00167,-70.83861,1011.0791666666668
2011-08-03,530005.0,"Fuentes Martínez, Porvenir Ad.",-53.25361,-70.32611,1010.7
2011-08-03,550001.0,"Guardiamarina Zañartu, Pto Williams Ad.",-54.93167,-67.61556,1008.6307692307693
2011-08-03,950001.0,"C.M.A. Eduardo Frei Montalva, Antártica ",-62.19194,-58.97972,1005.8399999999999
2011-08-04,180005.0,"Chacalluta, Arica Ap.",-18.35555,-70.34028,1010.8208333333333
2011-08-04,200006.0,Diego Aracena Iquique Ap.,-20.54917,-70.18111,1010.1541666666667
2011-08-04,220002.0,"El Loa, Calama Ad.",-22.49806,-68.8925,776.4058823529411
2011-08-04,270001.0,Mataveri  Isla de Pascua Ap.,-27.15889,-109.4325,1012.9416666666666
2011-08-04,270008.0,"Desierto de Atacama, Caldera  Ad.",-27.25444,-70.78111,995.1846153846153
2011-08-04,290004.0,"La Florida, La Serena Ad.",-29.91444,-71.20667,999.4166666666666
2011-08-04,330007.0,"Rodelillo, Ad.",-33.06528,-71.55639,978.5
2011-08-04,330019.0,"Eulogio Sánchez, Tobalaba Ad.",-33.45528,-70.54861,942.0200000000001
2011-08-04,330020.0,"Quinta Normal, Santiago",-33.445,-70.68278,956.125
2011-08-04,330021.0,Pudahuel Santiago ,-33.37833,-70.78778,961.2583333333333
2011-08-04,330030.0,"Santo Domingo, Ad.",-33.65611,-71.61333,1010.0769230769231
2011-08-04,330031.0,"Juan Fernández, Estación Meteorológica.",-33.63583,-78.83305,1013.825
2011-08-04,340031.0,"General Freire, Curicó Ad.",-34.96944,-71.21694,989.65
2011-08-04,360011.0,"General Bernardo O'Higgins, Chillán Ad.",-36.58583,-72.03667,997.72
2011-08-04,360019.0,"Carriel Sur, Concepción Ap.",-36.78055,-73.06639,1014.525
2011-08-04,370033.0,"María Dolores, Los Angeles Ad.",-37.39694,-72.42389,999.1
2011-08-04,380013.0,"Maquehue, Temuco Ad.",-38.76778,-72.63194,1002.6625
2011-08-04,390006.0,"Pichoy, Valdivia Ad.",-39.65667,-73.08722,1006.5666666666666
2011-08-04,400009.0,"Cañal Bajo,  Osorno Ad.",-40.61444,-73.0575,1000.6090909090909
2011-08-04,410005.0,El Tepual  Puerto Montt Ap.,-41.4475,-73.09583,998.8458333333333
2011-08-04,430001.0,Quellón Ad.,-43.13361,-73.63278,1001.9333333333334
2011-08-04,430002.0,Futaleufú Ad.,-43.18889,-71.85222,963.3666666666667
2011-08-04,450001.0,Puerto Aysén Ad.,-45.39944,-72.67722,1002.3000000000001
2011-08-04,450004.0,"Teniente Vidal, Coyhaique Ad.",-45.59083,-72.10222,967.5076923076923
2011-08-04,450005.0,Balmaceda Ad.,-45.91833,-71.67778,942.4399999999999
2011-08-04,510005.0,"Teniente Gallardo, Puerto Natales Ad.",-51.66722,-72.52889,989.9333333333334
2011-08-04,520006.0,"Carlos Ibañez, Punta Arenas Ap.",-53.00167,-70.83861,995.6750000000001
2011-08-04,530005.0,"Fuentes Martínez, Porvenir Ad.",-53.25361,-70.32611,993.8
2011-08-04,550001.0,"Guardiamarina Zañartu, Pto Williams Ad.",-54.93167,-67.61556,996.3076923076923
2011-08-04,950001.0,"C.M.A. Eduardo Frei Montalva, Antártica ",-62.19194,-58.97972,1005.3
2011-08-05,180005.0,"Chacalluta, Arica Ap.",-18.35555,-70.34028,1011.7583333333333
2011-08-05,200006.0,Diego Aracena Iquique Ap.,-20.54917,-70.18111,1011.1083333333332
2011-08-05,220002.0,"El Loa, Calama Ad.",-22.49806,-68.8925,777.6823529411765
2011-08-05,270001.0,Mataveri  Isla de Pascua Ap.,-27.15889,-109.4325,1013.7125
2011-08-05,270008.0,"Desierto de Atacama, Caldera  Ad.",-27.25444,-70.78111,996.2230769230769
2011-08-05,290004.0,"La Florida, La Serena Ad.",-29.91444,-71.20667,1003.0500000000001
2011-08-05,330007.0,"Rodelillo, Ad.",-33.06528,-71.55639,981.2
2011-08-05,330019.0,"Eulogio Sánchez, Tobalaba Ad.",-33.45528,-70.54861,945.95
2011-08-05,330020.0,"Quinta Normal, Santiago",-33.445,-70.68278,959.95
2011-08-05,330021.0,Pudahuel Santiago ,-33.37833,-70.78778,965.2916666666666
2011-08-05,330030.0,"Santo Domingo, Ad.",-33.65611,-71.61333,1013.2769230769231
2011-08-05,330031.0,"Juan Fernández, Estación Meteorológica.",-33.63583,-78.83305,1014.6
2011-08-05,340031.0,"General Freire, Curicó Ad.",-34.96944,-71.21694,993.95
2011-08-05,360011.0,"General Bernardo O'Higgins, Chillán Ad.",-36.58583,-72.03667,1003.03
2011-08-05,360019.0,"Carriel Sur, Concepción Ap.",-36.78055,-73.06639,1016.3958333333334
2011-08-05,370033.0,"María Dolores, Los Angeles Ad.",-37.39694,-72.42389,1004.8
2011-08-05,380013.0,"Maquehue, Temuco Ad.",-38.76778,-72.63194,1002.175
2011-08-05,390006.0,"Pichoy, Valdivia Ad.",-39.65667,-73.08722,1010.075
2011-08-05,400009.0,"Cañal Bajo,  Osorno Ad.",-40.61444,-73.0575,1004.7272727272727
2011-08-05,410005.0,El Tepual  Puerto Montt Ap.,-41.4475,-73.09583,996.2833333333333
2011-08-05,430001.0,Quellón Ad.,-43.13361,-73.63278,1004.4
2011-08-05,430002.0,Futaleufú Ad.,-43.18889,-71.85222,962.2
2011-08-05,450001.0,Puerto Aysén Ad.,-45.39944,-72.67722,998.6
2011-08-05,450004.0,"Teniente Vidal, Coyhaique Ad.",-45.59083,-72.10222,962.8846153846154
2011-08-05,450005.0,Balmaceda Ad.,-45.91833,-71.67778,938.8666666666667
2011-08-05,510005.0,"Teniente Gallardo, Puerto Natales Ad.",-51.66722,-72.52889,992.4
2011-08-05,520006.0,"Carlos Ibañez, Punta Arenas Ap.",-53.00167,-70.83861,994.9666666666667
2011-08-05,530005.0,"Fuentes Martínez, Porvenir Ad.",-53.25361,-70.32611,999.35
2011-08-05,550001.0,"Guardiamarina Zañartu, Pto Williams Ad.",-54.93167,-67.61556,1009.4499999999999
2011-08-05,950001.0,"C.M.A. Eduardo Frei Montalva, Antártica ",-62.19194,-58.97972,1010.9200000000001
2011-08-06,180005.0,"Chacalluta, Arica Ap.",-18.35555,-70.34028,1010.6333333333333
2011-08-06,200006.0,Diego Aracena Iquique Ap.,-20.54917,-70.18111,1009.85
2011-08-06,220002.0,"El Loa, Calama Ad.",-22.49806,-68.8925,777.3352941176471
2011-08-06,270001.0,Mataveri  Isla de Pascua Ap.,-27.15889,-109.4325,1012.4375
2011-08-06,270008.0,"Desierto de Atacama, Caldera  Ad.",-27.25444,-70.78111,993.4769230769232
2011-08-06,290004.0,"La Florida, La Serena Ad.",-29.91444,-71.20667,1000.1374999999999
2011-08-06,330007.0,"Rodelillo, Ad.",-33.06528,-71.55639,978.3
2011-08-06,330019.0,"Eulogio Sánchez, Tobalaba Ad.",-33.45528,-70.54861,943.7299999999999
2011-08-06,330020.0,"Quinta Normal, Santiago",-33.445,-70.68278,958.1375
2011-08-06,330021.0,Pudahuel Santiago ,-33.37833,-70.78778,963.2875
2011-08-06,330030.0,"Santo Domingo, Ad.",-33.65611,-71.61333,1010.4615384615385
2011-08-06,330031.0,"Juan Fernández, Estación Meteorológica.",-33.63583,-78.83305,1012.575
2011-08-06,340031.0,"General Freire, Curicó Ad.",-34.96944,-71.21694,990.5600000000001
2011-08-06,360011.0,"General Bernardo O'Higgins, Chillán Ad.",-36.58583,-72.03667,1000.24
2011-08-06,360019.0,"Carriel Sur, Concepción Ap.",-36.78055,-73.06639,1014.9041666666667
2011-08-06,370033.0,"María Dolores, Los Angeles Ad.",-37.39694,-72.42389,1002.5
2011-08-06,380013.0,"Maquehue, Temuco Ad.",-38.76778,-72.63194,1003.3875
2011-08-06,390006.0,"Pichoy, Valdivia Ad.",-39.65667,-73.08722,1013.2333333333332
2011-08-06,400009.0,"Cañal Bajo,  Osorno Ad.",-40.61444,-73.0575,1007.9545454545455
2011-08-06,410005.0,El Tepual  Puerto Montt Ap.,-41.4475,-73.09583,1002.7958333333332
2011-08-06,450004.0,"Teniente Vidal, Coyhaique Ad.",-45.59083,-72.10222,975.6153846153846
2011-08-06,450005.0,Balmaceda Ad.,-45.91833,-71.67778,949.9166666666666
2011-08-06,510005.0,"Teniente Gallardo, Puerto Natales Ad.",-51.66722,-72.52889,1014.7
2011-08-06,520006.0,"Carlos Ibañez, Punta Arenas Ap.",-53.00167,-70.83861,1017.475
2011-08-06,550001.0,"Guardiamarina Zañartu, Pto Williams Ad.",-54.93167,-67.61556,1025.8307692307692
2011-08-06,950001.0,"C.M.A. Eduardo Frei Montalva, Antártica ",-62.19194,-58.97972,1008.4
2011-08-07,180005.0,"Chacalluta, Arica Ap.",-18.35555,-70.34028,1011.125
2011-08-07,200006.0,Diego Aracena Iquique Ap.,-20.54917,-70.18111,1010.3708333333334
2011-08-07,220002.0,"El Loa, Calama Ad.",-22.49806,-68.8925,777.2769230769231
2011-08-07,270001.0,Mataveri  Isla de Pascua Ap.,-27.15889,-109.4325,1010.8625000000001
2011-08-07,270008.0,"Desierto de Atacama, Caldera  Ad.",-27.25444,-70.78111,994.4727272727273
2011-08-07,290004.0,"La Florida, La Serena Ad.",-29.91444,-71.20667,999.1208333333334
2011-08-07,330007.0,"Rodelillo, Ad.",-33.06528,-71.55639,976.3
2011-08-07,330019.0,"Eulogio Sánchez, Tobalaba Ad.",-33.45528,-70.54861,941.9200000000001
2011-08-07,330020.0,"Quinta Normal, Santiago",-33.445,-70.68278,956.4125
2011-08-07,330021.0,Pudahuel Santiago ,-33.37833,-70.78778,961.5541666666667
2011-08-07,330030.0,"Santo Domingo, Ad.",-33.65611,-71.61333,1008.2153846153846
2011-08-07,330031.0,"Juan Fernández, Estación Meteorológica.",-33.63583,-78.83305,1010.625
2011-08-07,340031.0,"General Freire, Curicó Ad.",-34.96944,-71.21694,989.2
2011-08-07,360011.0,"General Bernardo O'Higgins, Chillán Ad.",-36.58583,-72.03667,999.14
2011-08-07,360019.0,"Carriel Sur, Concepción Ap.",-36.78055,-73.06639,1016.1166666666667
2011-08-07,370033.0,"María Dolores, Los Angeles Ad.",-37.39694,-72.42389,1002.5
2011-08-07,380013.0,"Maquehue, Temuco Ad.",-38.76778,-72.63194,1006.275
2011-08-07,390006.0,"Pichoy, Valdivia Ad.",-39.65667,-73.08722,1013.9666666666667
2011-08-07,400009.0,"Cañal Bajo,  Osorno Ad.",-40.61444,-73.0575,1010.2272727272727
2011-08-07,410005.0,El Tepual  Puerto Montt Ap.,-41.4475,-73.09583,1007.4125
2011-08-07,450004.0,"Teniente Vidal, Coyhaique Ad.",-45.59083,-72.10222,983.0999999999999
2011-08-07,450005.0,Balmaceda Ad.,-45.91833,-71.67778,957.6583333333333
2011-08-07,520006.0,"Carlos Ibañez, Punta Arenas Ap.",-53.00167,-70.83861,1024.8208333333334
2011-08-07,550001.0,"Guardiamarina Zañartu, Pto Williams Ad.",-54.93167,-67.61556,1029.4384615384615
2011-08-07,950001.0,"C.M.A. Eduardo Frei Montalva, Antártica ",-62.19194,-58.97972,1015.9
2011-08-08,180005.0,"Chacalluta, Arica Ap.",-18.35555,-70.34028,1011.6875
2011-08-08,200006.0,Diego Aracena Iquique Ap.,-20.54917,-70.18111,1011.0041666666666
2011-08-08,220002.0,"El Loa, Calama Ad.",-22.49806,-68.8925,778.8823529411765
2011-08-08,270001.0,Mataveri  Isla de Pascua Ap.,-27.15889,-109.4325,1010.6875
2011-08-08,270008.0,"Desierto de Atacama, Caldera  Ad.",-27.25444,-70.78111,995.8538461538462
2011-08-08,290004.0,"La Florida, La Serena Ad.",-29.91444,-71.20667,1002.3041666666667
2011-08-08,330007.0,"Rodelillo, Ad.",-33.06528,-71.55639,980.0
2011-08-08,330019.0,"Eulogio Sánchez, Tobalaba Ad.",-33.45528,-70.54861,943.7700000000001
2011-08-08,330020.0,"Quinta Normal, Santiago",-33.445,-70.68278,957.35
2011-08-08,330021.0,Pudahuel Santiago ,-33.37833,-70.78778,962.4833333333332
2011-08-08,330030.0,"Santo Domingo, Ad.",-33.65611,-71.61333,1011.1307692307693
2011-08-08,330031.0,"Juan Fernández, Estación Meteorológica.",-33.63583,-78.83305,1005.7249999999999
2011-08-08,340031.0,"General Freire, Curicó Ad.",-34.96944,-71.21694,990.85
2011-08-08,360011.0,"General Bernardo O'Higgins, Chillán Ad.",-36.58583,-72.03667,998.9200000000001
2011-08-08,360019.0,"Carriel Sur, Concepción Ap.",-36.78055,-73.06639,1014.8249999999999
2011-08-08,370033.0,"María Dolores, Los Angeles Ad.",-37.39694,-72.42389,1000.5
2011-08-08,380013.0,"Maquehue, Temuco Ad.",-38.76778,-72.63194,1004.1
2011-08-08,390006.0,"Pichoy, Valdivia Ad.",-39.65667,-73.08722,1007.6999999999999
2011-08-08,400009.0,"Cañal Bajo,  Osorno Ad.",-40.61444,-73.0575,1001.9909090909091
2011-08-08,410005.0,El Tepual  Puerto Montt Ap.,-41.4475,-73.09583,1000.6333333333333
2011-08-08,430001.0,Quellón Ad.,-43.13361,-73.63278,1001.8666666666667
2011-08-08,430002.0,Futaleufú Ad.,-43.18889,-71.85222,970.2333333333332
2011-08-08,450001.0,Puerto Aysén Ad.,-45.39944,-72.67722,1007.6
2011-08-08,450004.0,"Teniente Vidal, Coyhaique Ad.",-45.59083,-72.10222,975.9538461538461
2011-08-08,450005.0,Balmaceda Ad.,-45.91833,-71.67778,951.6
2011-08-08,510005.0,"Teniente Gallardo, Puerto Natales Ad.",-51.66722,-72.52889,1002.4333333333334
2011-08-08,520006.0,"Carlos Ibañez, Punta Arenas Ap.",-53.00167,-70.83861,1018.5958333333333
2011-08-08,530005.0,"Fuentes Martínez, Porvenir Ad.",-53.25361,-70.32611,1018.425
2011-08-08,550001.0,"Guardiamarina Zañartu, Pto Williams Ad.",-54.93167,-67.61556,1025.3923076923077
2011-08-08,950001.0,"C.M.A. Eduardo Frei Montalva, Antártica ",-62.19194,-58.97972,1019.6600000000001
2011-08-09,180005.0,"Chacalluta, Arica Ap.",-18.35555,-70.34028,1010.8625000000001
2011-08-09,200006.0,Diego Aracena Iquique Ap.,-20.54917,-70.18111,1010.0375
2011-08-09,220002.0,"El Loa, Calama Ad.",-22.49806,-68.8925,777.9411764705883
2011-08-09,270001.0,Mataveri  Isla de Pascua Ap.,-27.15889,-109.4325,1011.0333333333333
2011-08-09,270008.0,"Desierto de Atacama, Caldera  Ad.",-27.25444,-70.78111,994.4357142857143
2011-08-09,290004.0,"La Florida, La Serena Ad.",-29.91444,-71.20667,1001.225
2011-08-09,330007.0,"Rodelillo, Ad.",-33.06528,-71.55639,978.1
2011-08-09,330019.0,"Eulogio Sánchez, Tobalaba Ad.",-33.45528,-70.54861,942.25
2011-08-09,330020.0,"Quinta Normal, Santiago",-33.445,-70.68278,957.025
2011-08-09,330021.0,Pudahuel Santiago ,-33.37833,-70.78778,962.0916666666667
2011-08-09,330030.0,"Santo Domingo, Ad.",-33.65611,-71.61333,1009.8538461538462
2011-08-09,330031.0,"Juan Fernández, Estación Meteorológica.",-33.63583,-78.83305,1007.575
2011-08-09,340031.0,"General Freire, Curicó Ad.",-34.96944,-71.21694,989.4200000000001
2011-08-09,360011.0,"General Bernardo O'Higgins, Chillán Ad.",-36.58583,-72.03667,997.8700000000001
2011-08-09,360019.0,"Carriel Sur, Concepción Ap.",-36.78055,-73.06639,1013.3249999999999
2011-08-09,370033.0,"María Dolores, Los Angeles Ad.",-37.39694,-72.42389,998.7
2011-08-09,380013.0,"Maquehue, Temuco Ad.",-38.76778,-72.63194,999.3625
2011-08-09,390006.0,"Pichoy, Valdivia Ad.",-39.65667,-73.08722,1006.6666666666666
2011-08-09,400009.0,"Cañal Bajo,  Osorno Ad.",-40.61444,-73.0575,1001.2
2011-08-09,410005.0,El Tepual  Puerto Montt Ap.,-41.4475,-73.09583,995.3708333333334
2011-08-09,430001.0,Quellón Ad.,-43.13361,-73.63278,1001.4333333333334
2011-08-09,430002.0,Futaleufú Ad.,-43.18889,-71.85222,964.4333333333334
2011-08-09,450001.0,Puerto Aysén Ad.,-45.39944,-72.67722,999.7666666666668
2011-08-09,450004.0,"Teniente Vidal, Coyhaique Ad.",-45.59083,-72.10222,963.9307692307692
2011-08-09,450005.0,Balmaceda Ad.,-45.91833,-71.67778,939.54
2011-08-09,510005.0,"Teniente Gallardo, Puerto Natales Ad.",-51.66722,-72.52889,984.9
2011-08-09,520006.0,"Carlos Ibañez, Punta Arenas Ap.",-53.00167,-70.83861,994.2041666666668
2011-08-09,530005.0,"Fuentes Martínez, Porvenir Ad.",-53.25361,-70.32611,992.375
2011-08-09,550001.0,"Guardiamarina Zañartu, Pto Williams Ad.",-54.93167,-67.61556,997.3692307692307
2011-08-09,950001.0,"C.M.A. Eduardo Frei Montalva, Antártica ",-62.19194,-58.97972,1013.9
2011-08-10,180005.0,"Chacalluta, Arica Ap.",-18.35555,-70.34028,1011.5500000000001
2011-08-10,200006.0,Diego Aracena Iquique Ap.,-20.54917,-70.18111,1010.8041666666667
2011-08-10,220002.0,"El Loa, Calama Ad.",-22.49806,-68.8925,777.0588235294117
2011-08-10,270001.0,Mataveri  Isla de Pascua Ap.,-27.15889,-109.4325,1010.8833333333333
2011-08-10,270008.0,"Desierto de Atacama, Caldera  Ad.",-27.25444,-70.78111,994.7230769230769
2011-08-10,290004.0,"La Florida, La Serena Ad.",-29.91444,-71.20667,1000.5708333333333
2011-08-10,330007.0,"Rodelillo, Ad.",-33.06528,-71.55639,978.2
2011-08-10,330019.0,"Eulogio Sánchez, Tobalaba Ad.",-33.45528,-70.54861,943.24
2011-08-10,330020.0,"Quinta Normal, Santiago",-33.445,-70.68278,957.7375
2011-08-10,330021.0,Pudahuel Santiago ,-33.37833,-70.78778,962.775
2011-08-10,330030.0,"Santo Domingo, Ad.",-33.65611,-71.61333,1010.3538461538462
2011-08-10,330031.0,"Juan Fernández, Estación Meteorológica.",-33.63583,-78.83305,1012.475
2011-08-10,340031.0,"General Freire, Curicó Ad.",-34.96944,-71.21694,990.74
2011-08-10,360011.0,"General Bernardo O'Higgins, Chillán Ad.",-36.58583,-72.03667,1000.95
2011-08-10,360019.0,"Carriel Sur, Concepción Ap.",-36.78055,-73.06639,1016.3833333333333
2011-08-10,370033.0,"María Dolores, Los Angeles Ad.",-37.39694,-72.42389,1002.9
2011-08-10,380013.0,"Maquehue, Temuco Ad.",-38.76778,-72.63194,1003.8125
2011-08-10,390006.0,"Pichoy, Valdivia Ad.",-39.65667,-73.08722,1009.4666666666667
2011-08-10,400009.0,"Cañal Bajo,  Osorno Ad.",-40.61444,-73.0575,1002.6454545454545
2011-08-10,410005.0,El Tepual  Puerto Montt Ap.,-41.4475,-73.09583,998.6125000000001
2011-08-10,430001.0,Quellón Ad.,-43.13361,-73.63278,1001.35
2011-08-10,430002.0,Futaleufú Ad.,-43.18889,-71.85222,962.5666666666666
2011-08-10,450001.0,Puerto Aysén Ad.,-45.39944,-72.67722,997.9
2011-08-10,450004.0,"Teniente Vidal, Coyhaique Ad.",-45.59083,-72.10222,962.4076923076923
2011-08-10,450005.0,Balmaceda Ad.,-45.91833,-71.67778,938.1
2011-08-10,510005.0,"Teniente Gallardo, Puerto Natales Ad.",-51.66722,-72.52889,981.6
2011-08-10,520006.0,"Carlos Ibañez, Punta Arenas Ap.",-53.00167,-70.83861,984.4666666666667
2011-08-10,530005.0,"Fuentes Martínez, Porvenir Ad.",-53.25361,-70.32611,985.72
2011-08-10,550001.0,"Guardiamarina Zañartu, Pto Williams Ad.",-54.93167,-67.61556,984.0846153846154
2011-08-10,950001.0,"C.M.A. Eduardo Frei Montalva, Antártica ",-62.19194,-58.97972,980.76
2011-08-11,180005.0,"Chacalluta, Arica Ap.",-18.35555,-70.34028,1010.8333333333334
2011-08-11,200006.0,Diego Aracena Iquique Ap.,-20.54917,-70.18111,1009.9666666666667
2011-08-11,220002.0,"El Loa, Calama Ad.",-22.49806,-68.8925,775.9588235294117
2011-08-11,270001.0,Mataveri  Isla de Pascua Ap.,-27.15889,-109.4325,1015.8791666666666
2011-08-11,270008.0,"Desierto de Atacama, Caldera  Ad.",-27.25444,-70.78111,994.3923076923077
2011-08-11,290004.0,"La Florida, La Serena Ad.",-29.91444,-71.20667,1000.2333333333332
2011-08-11,330007.0,"Rodelillo, Ad.",-33.06528,-71.55639,977.4
2011-08-11,330019.0,"Eulogio Sánchez, Tobalaba Ad.",-33.45528,-70.54861,942.04
2011-08-11,330020.0,"Quinta Normal, Santiago",-33.445,-70.68278,956.825
2011-08-11,330021.0,Pudahuel Santiago ,-33.37833,-70.78778,961.9083333333333
2011-08-11,330030.0,"Santo Domingo, Ad.",-33.65611,-71.61333,1009.8
2011-08-11,330031.0,"Juan Fernández, Estación Meteorológica.",-33.63583,-78.83305,1011.0
2011-08-11,340031.0,"General Freire, Curicó Ad.",-34.96944,-71.21694,989.2
2011-08-11,360011.0,"General Bernardo O'Higgins, Chillán Ad.",-36.58583,-72.03667,997.2700000000001
2011-08-11,360019.0,"Carriel Sur, Concepción Ap.",-36.78055,-73.06639,1013.3541666666666
2011-08-11,370033.0,"María Dolores, Los Angeles Ad.",-37.39694,-72.42389,999.0
2011-08-11,380013.0,"Maquehue, Temuco Ad.",-38.76778,-72.63194,999.7125
2011-08-11,390006.0,"Pichoy, Valdivia Ad.",-39.65667,-73.08722,1006.5
2011-08-11,400009.0,"Cañal Bajo,  Osorno Ad.",-40.61444,-73.0575,999.7363636363636
2011-08-11,410005.0,El Tepual  Puerto Montt Ap.,-41.4475,-73.09583,994.6750000000001
2011-08-11,430001.0,Quellón Ad.,-43.13361,-73.63278,999.1500000000001
2011-08-11,430002.0,Futaleufú Ad.,-43.18889,-71.85222,960.1666666666666
2011-08-11,450001.0,Puerto Aysén Ad.,-45.39944,-72.67722,995.6999999999999
2011-08-11,450004.0,"Teniente Vidal, Coyhaique Ad.",-45.59083,-72.10222,960.5769230769231
2011-08-11,450005.0,Balmaceda Ad.,-45.91833,-71.67778,935.0857142857143
2011-08-11,510005.0,"Teniente Gallardo, Puerto Natales Ad.",-51.66722,-72.52889,983.9666666666667
2011-08-11,520006.0,"Carlos Ibañez, Punta Arenas Ap.",-53.00167,-70.83861,984.525
2011-08-11,530005.0,"Fuentes Martínez, Porvenir Ad.",-53.25361,-70.32611,986.45
2011-08-11,550001.0,"Guardiamarina Zañartu, Pto Williams Ad.",-54.93167,-67.61556,985.2230769230769
2011-08-11,950001.0,"C.M.A. Eduardo Frei Montalva, Antártica ",-62.19194,-58.97972,970.8399999999999
2011-08-12,180005.0,"Chacalluta, Arica Ap.",-18.35555,-70.34028,1011.1791666666667
2011-08-12,200006.0,Diego Aracena Iquique Ap.,-20.54917,-70.18111,1010.6416666666668
2011-08-12,220002.0,"El Loa, Calama Ad.",-22.49806,-68.8925,775.9823529411764
2011-08-12,270001.0,Mataveri  Isla de Pascua Ap.,-27.15889,-109.4325,1018.4499999999999
2011-08-12,270008.0,"Desierto de Atacama, Caldera  Ad.",-27.25444,-70.78111,995.4538461538461
2011-08-12,290004.0,"La Florida, La Serena Ad.",-29.91444,-71.20667,1001.6875
2011-08-12,330007.0,"Rodelillo, Ad.",-33.06528,-71.55639,979.7
2011-08-12,330019.0,"Eulogio Sánchez, Tobalaba Ad.",-33.45528,-70.54861,943.6600000000001
2011-08-12,330020.0,"Quinta Normal, Santiago",-33.445,-70.68278,957.7375
2011-08-12,330021.0,Pudahuel Santiago ,-33.37833,-70.78778,962.9875000000001
2011-08-12,330030.0,"Santo Domingo, Ad.",-33.65611,-71.61333,1011.8923076923077
2011-08-12,330031.0,"Juan Fernández, Estación Meteorológica.",-33.63583,-78.83305,1015.85
2011-08-12,340031.0,"General Freire, Curicó Ad.",-34.96944,-71.21694,992.85
2011-08-12,360011.0,"General Bernardo O'Higgins, Chillán Ad.",-36.58583,-72.03667,1002.24
2011-08-12,360019.0,"Carriel Sur, Concepción Ap.",-36.78055,-73.06639,1017.3166666666666
2011-08-12,370033.0,"María Dolores, Los Angeles Ad.",-37.39694,-72.42389,1004.9
2011-08-12,380013.0,"Maquehue, Temuco Ad.",-38.76778,-72.63194,1005.35
2011-08-12,390006.0,"Pichoy, Valdivia Ad.",-39.65667,-73.08722,1015.7666666666668
2011-08-12,400009.0,"Cañal Bajo,  Osorno Ad.",-40.61444,-73.0575,1010.3818181818183
2011-08-12,410005.0,El Tepual  Puerto Montt Ap.,-41.4475,-73.09583,1003.0166666666668
2011-08-12,430001.0,Quellón Ad.,-43.13361,-73.63278,1012.2
2011-08-12,430002.0,Futaleufú Ad.,-43.18889,-71.85222,971.45
2011-08-12,450001.0,Puerto Aysén Ad.,-45.39944,-72.67722,1009.1500000000001
2011-08-12,450004.0,"Teniente Vidal, Coyhaique Ad.",-45.59083,-72.10222,970.6153846153846
2011-08-12,450005.0,Balmaceda Ad.,-45.91833,-71.67778,941.68
2011-08-12,510005.0,"Teniente Gallardo, Puerto Natales Ad.",-51.66722,-72.52889,997.4000000000001
2011-08-12,520006.0,"Carlos Ibañez, Punta Arenas Ap.",-53.00167,-70.83861,995.4583333333334
2011-08-12,530005.0,"Fuentes Martínez, Porvenir Ad.",-53.25361,-70.32611,1000.65
2011-08-12,550001.0,"Guardiamarina Zañartu, Pto Williams Ad.",-54.93167,-67.61556,1001.0
2011-08-12,950001.0,"C.M.A. Eduardo Frei Montalva, Antártica ",-62.19194,-58.97972,989.18
2011-08-13,180005.0,"Chacalluta, Arica Ap.",-18.35555,-70.34028,1011.1541666666667
2011-08-13,200006.0,Diego Aracena Iquique Ap.,-20.54917,-70.18111,1010.5333333333333
2011-08-13,220002.0,"El Loa, Calama Ad.",-22.49806,-68.8925,775.9411764705883
2011-08-13,270001.0,Mataveri  Isla de Pascua Ap.,-27.15889,-109.4325,1020.6541666666667
2011-08-13,270008.0,"Desierto de Atacama, Caldera  Ad.",-27.25444,-70.78111,994.0999999999999
2011-08-13,290004.0,"La Florida, La Serena Ad.",-29.91444,-71.20667,1000.5583333333334
2011-08-13,330007.0,"Rodelillo, Ad.",-33.06528,-71.55639,978.4
2011-08-13,330019.0,"Eulogio Sánchez, Tobalaba Ad.",-33.45528,-70.54861,943.55
2011-08-13,330020.0,"Quinta Normal, Santiago",-33.445,-70.68278,959.275
2011-08-13,330021.0,Pudahuel Santiago ,-33.37833,-70.78778,964.2208333333333
2011-08-13,330030.0,"Santo Domingo, Ad.",-33.65611,-71.61333,1011.5769230769231
2011-08-13,330031.0,"Juan Fernández, Estación Meteorológica.",-33.63583,-78.83305,1020.6500000000001
2011-08-13,340031.0,"General Freire, Curicó Ad.",-34.96944,-71.21694,993.6700000000001
2011-08-13,360011.0,"General Bernardo O'Higgins, Chillán Ad.",-36.58583,-72.03667,1005.7
2011-08-13,360019.0,"Carriel Sur, Concepción Ap.",-36.78055,-73.06639,1023.0749999999999
2011-08-13,370033.0,"María Dolores, Los Angeles Ad.",-37.39694,-72.42389,1009.6
2011-08-13,380013.0,"Maquehue, Temuco Ad.",-38.76778,-72.63194,1012.6875
2011-08-13,390006.0,"Pichoy, Valdivia Ad.",-39.65667,-73.08722,1021.8666666666667
2011-08-13,400009.0,"Cañal Bajo,  Osorno Ad.",-40.61444,-73.0575,1016.7636363636364
2011-08-13,410005.0,El Tepual  Puerto Montt Ap.,-41.4475,-73.09583,1011.5291666666667
2011-08-13,450004.0,"Teniente Vidal, Coyhaique Ad.",-45.59083,-72.10222,980.1692307692308
2011-08-13,450005.0,Balmaceda Ad.,-45.91833,-71.67778,954.5
2011-08-13,520006.0,"Carlos Ibañez, Punta Arenas Ap.",-53.00167,-70.83861,1009.0375
2011-08-13,530005.0,"Fuentes Martínez, Porvenir Ad.",-53.25361,-70.32611,1011.5
2011-08-13,550001.0,"Guardiamarina Zañartu, Pto Williams Ad.",-54.93167,-67.61556,1011.7357142857143
2011-08-13,950001.0,"C.M.A. Eduardo Frei Montalva, Antártica ",-62.19194,-58.97972,994.4799999999999
2011-08-14,180005.0,"Chacalluta, Arica Ap.",-18.35555,-70.34028,1010.9625
2011-08-14,200006.0,Diego Aracena Iquique Ap.,-20.54917,-70.18111,1010.2791666666667
2011-08-14,220002.0,"El Loa, Calama Ad.",-22.49806,-68.8925,774.5636363636364
2011-08-14,270001.0,Mataveri  Isla de Pascua Ap.,-27.15889,-109.4325,1020.6916666666666
2011-08-14,270008.0,"Desierto de Atacama, Caldera  Ad.",-27.25444,-70.78111,994.4181818181819
2011-08-14,290004.0,"La Florida, La Serena Ad.",-29.91444,-71.20667,999.2083333333334
2011-08-14,330007.0,"Rodelillo, Ad.",-33.06528,-71.55639,975.5
2011-08-14,330019.0,"Eulogio Sánchez, Tobalaba Ad.",-33.45528,-70.54861,938.5200000000001
2011-08-14,330020.0,"Quinta Normal, Santiago",-33.445,-70.68278,954.25
2011-08-14,330021.0,Pudahuel Santiago ,-33.37833,-70.78778,959.1625
2011-08-14,330030.0,"Santo Domingo, Ad.",-33.65611,-71.61333,1007.6923076923077
2011-08-14,330031.0,"Juan Fernández, Estación Meteorológica.",-33.63583,-78.83305,1017.0
2011-08-14,340031.0,"General Freire, Curicó Ad.",-34.96944,-71.21694,987.9799999999999
2011-08-14,360011.0,"General Bernardo O'Higgins, Chillán Ad.",-36.58583,-72.03667,998.4799999999999
2011-08-14,360019.0,"Carriel Sur, Concepción Ap.",-36.78055,-73.06639,1016.7916666666666
2011-08-14,370033.0,"María Dolores, Los Angeles Ad.",-37.39694,-72.42389,1002.6
2011-08-14,380013.0,"Maquehue, Temuco Ad.",-38.76778,-72.63194,1008.1375
2011-08-14,390006.0,"Pichoy, Valdivia Ad.",-39.65667,-73.08722,1015.1
2011-08-14,400009.0,"Cañal Bajo,  Osorno Ad.",-40.61444,-73.0575,1010.8545454545455
2011-08-14,410005.0,El Tepual  Puerto Montt Ap.,-41.4475,-73.09583,1009.3458333333333
2011-08-14,450004.0,"Teniente Vidal, Coyhaique Ad.",-45.59083,-72.10222,977.1846153846153
2011-08-14,450005.0,Balmaceda Ad.,-45.91833,-71.67778,951.28
2011-08-14,520006.0,"Carlos Ibañez, Punta Arenas Ap.",-53.00167,-70.83861,1003.6583333333333
2011-08-14,550001.0,"Guardiamarina Zañartu, Pto Williams Ad.",-54.93167,-67.61556,1005.0
2011-08-14,950001.0,"C.M.A. Eduardo Frei Montalva, Antártica ",-62.19194,-58.97972,998.8399999999999
2011-08-15,180005.0,"Chacalluta, Arica Ap.",-18.35555,-70.34028,1011.8916666666668
2011-08-15,200006.0,Diego Aracena Iquique Ap.,-20.54917,-70.18111,1011.1333333333333
2011-08-15,220002.0,"El Loa, Calama Ad.",-22.49806,-68.8925,776.0176470588235
2011-08-15,270001.0,Mataveri  Isla de Pascua Ap.,-27.15889,-109.4325,1018.3916666666668
2011-08-15,270008.0,"Desierto de Atacama, Caldera  Ad.",-27.25444,-70.78111,996.4461538461538
2011-08-15,290004.0,"La Florida, La Serena Ad.",-29.91444,-71.20667,1001.2458333333334
2011-08-15,330007.0,"Rodelillo, Ad.",-33.06528,-71.55639,977.2
2011-08-15,330019.0,"Eulogio Sánchez, Tobalaba Ad.",-33.45528,-70.54861,948.8799999999999
2011-08-15,330020.0,"Quinta Normal, Santiago",-33.445,-70.68278,954.5375
2011-08-15,330021.0,Pudahuel Santiago ,-33.37833,-70.78778,960.5041666666666
2011-08-15,330030.0,"Santo Domingo, Ad.",-33.65611,-71.61333,1008.8307692307692
2011-08-15,330031.0,"Juan Fernández, Estación Meteorológica.",-33.63583,-78.83305,1007.325
2011-08-15,340031.0,"General Freire, Curicó Ad.",-34.96944,-71.21694,989.1899999999999
2011-08-15,360011.0,"General Bernardo O'Higgins, Chillán Ad.",-36.58583,-72.03667,998.3799999999999
2011-08-15,360019.0,"Carriel Sur, Concepción Ap.",-36.78055,-73.06639,1014.3208333333333
2011-08-15,370033.0,"María Dolores, Los Angeles Ad.",-37.39694,-72.42389,1001.5
2011-08-15,380013.0,"Maquehue, Temuco Ad.",-38.76778,-72.63194,1004.3
2011-08-15,390006.0,"Pichoy, Valdivia Ad.",-39.65667,-73.08722,1012.8666666666667
2011-08-15,400009.0,"Cañal Bajo,  Osorno Ad.",-40.61444,-73.0575,1008.1545454545455
2011-08-15,410005.0,El Tepual  Puerto Montt Ap.,-41.4475,-73.09583,1004.6333333333333
2011-08-15,450004.0,"Teniente Vidal, Coyhaique Ad.",-45.59083,-72.10222,975.623076923077
2011-08-15,450005.0,Balmaceda Ad.,-45.91833,-71.67778,950.0200000000001
2011-08-15,520006.0,"Carlos Ibañez, Punta Arenas Ap.",-53.00167,-70.83861,1001.5166666666668
2011-08-15,530005.0,"Fuentes Martínez, Porvenir Ad.",-53.25361,-70.32611,1003.7
2011-08-15,550001.0,"Guardiamarina Zañartu, Pto Williams Ad.",-54.93167,-67.61556,1005.0153846153846
2011-08-15,950001.0,"C.M.A. Eduardo Frei Montalva, Antártica ",-62.19194,-58.97972,1002.28
2011-08-16,180005.0,"Chacalluta, Arica Ap.",-18.35555,-70.34028,1014.2583333333333
2011-08-16,200006.0,Diego Aracena Iquique Ap.,-20.54917,-70.18111,1013.9
2011-08-16,220002.0,"El Loa, Calama Ad.",-22.49806,-68.8925,778.2470588235294
2011-08-16,270001.0,Mataveri  Isla de Pascua Ap.,-27.15889,-109.4325,1014.4958333333334
2011-08-16,270008.0,"Desierto de Atacama, Caldera  Ad.",-27.25444,-70.78111,999.85
2011-08-16,290004.0,"La Florida, La Serena Ad.",-29.91444,-71.20667,1006.8541666666666
2011-08-16,330007.0,"Rodelillo, Ad.",-33.06528,-71.55639,983.8
2011-08-16,330019.0,"Eulogio Sánchez, Tobalaba Ad.",-33.45528,-70.54861,947.0899999999999
2011-08-16,330020.0,"Quinta Normal, Santiago",-33.445,-70.68278,959.7
2011-08-16,330021.0,Pudahuel Santiago ,-33.37833,-70.78778,965.0374999999999
2011-08-16,330030.0,"Santo Domingo, Ad.",-33.65611,-71.61333,1014.376923076923
2011-08-16,330031.0,"Juan Fernández, Estación Meteorológica.",-33.63583,-78.83305,1011.525
2011-08-16,340031.0,"General Freire, Curicó Ad.",-34.96944,-71.21694,994.15
2011-08-16,360011.0,"General Bernardo O'Higgins, Chillán Ad.",-36.58583,-72.03667,1000.1200000000001
2011-08-16,360019.0,"Carriel Sur, Concepción Ap.",-36.78055,-73.06639,1013.8666666666667
2011-08-16,370033.0,"María Dolores, Los Angeles Ad.",-37.39694,-72.42389,1001.6
2011-08-16,380013.0,"Maquehue, Temuco Ad.",-38.76778,-72.63194,1000.8625
2011-08-16,390006.0,"Pichoy, Valdivia Ad.",-39.65667,-73.08722,1008.1999999999999
2011-08-16,400009.0,"Cañal Bajo,  Osorno Ad.",-40.61444,-73.0575,1001.7272727272727
2011-08-16,410005.0,El Tepual  Puerto Montt Ap.,-41.4475,-73.09583,998.1208333333334
2011-08-16,430001.0,Quellón Ad.,-43.13361,-73.63278,1001.6
2011-08-16,430002.0,Futaleufú Ad.,-43.18889,-71.85222,966.2333333333332
2011-08-16,450001.0,Puerto Aysén Ad.,-45.39944,-72.67722,1006.0
2011-08-16,450004.0,"Teniente Vidal, Coyhaique Ad.",-45.59083,-72.10222,973.5923076923077
2011-08-16,450005.0,Balmaceda Ad.,-45.91833,-71.67778,949.1
2011-08-16,510005.0,"Teniente Gallardo, Puerto Natales Ad.",-51.66722,-72.52889,1004.8000000000001
2011-08-16,520006.0,"Carlos Ibañez, Punta Arenas Ap.",-53.00167,-70.83861,1007.5458333333332
2011-08-16,530005.0,"Fuentes Martínez, Porvenir Ad.",-53.25361,-70.32611,1009.825
2011-08-16,550001.0,"Guardiamarina Zañartu, Pto Williams Ad.",-54.93167,-67.61556,1010.2230769230769
2011-08-16,950001.0,"C.M.A. Eduardo Frei Montalva, Antártica ",-62.19194,-58.97972,1002.0200000000001
2011-08-17,180005.0,"Chacalluta, Arica Ap.",-18.35555,-70.34028,1012.9541666666668
2011-08-17,200006.0,Diego Aracena Iquique Ap.,-20.54917,-70.18111,1012.3249999999999
2011-08-17,220002.0,"El Loa, Calama Ad.",-22.49806,-68.8925,777.5157894736842
2011-08-17,270001.0,Mataveri  Isla de Pascua Ap.,-27.15889,-109.4325,1011.5916666666667
2011-08-17,270008.0,"Desierto de Atacama, Caldera  Ad.",-27.25444,-70.78111,996.376923076923
2011-08-17,290004.0,"La Florida, La Serena Ad.",-29.91444,-71.20667,1004.4916666666667
2011-08-17,330007.0,"Rodelillo, Ad.",-33.06528,-71.55639,981.0
2011-08-17,330019.0,"Eulogio Sánchez, Tobalaba Ad.",-33.45528,-70.54861,944.57
2011-08-17,330020.0,"Quinta Normal, Santiago",-33.445,-70.68278,960.675
2011-08-17,330021.0,Pudahuel Santiago ,-33.37833,-70.78778,965.6458333333334
2011-08-17,330030.0,"Santo Domingo, Ad.",-33.65611,-71.61333,1013.6076923076923
2011-08-17,330031.0,"Juan Fernández, Estación Meteorológica.",-33.63583,-78.83305,1014.625
2011-08-17,340031.0,"General Freire, Curicó Ad.",-34.96944,-71.21694,991.6899999999999
2011-08-17,360011.0,"General Bernardo O'Higgins, Chillán Ad.",-36.58583,-72.03667,999.4
2011-08-17,360019.0,"Carriel Sur, Concepción Ap.",-36.78055,-73.06639,1015.7125
2011-08-17,370033.0,"María Dolores, Los Angeles Ad.",-37.39694,-72.42389,1001.1
2011-08-17,380013.0,"Maquehue, Temuco Ad.",-38.76778,-72.63194,1003.2375
2011-08-17,390006.0,"Pichoy, Valdivia Ad.",-39.65667,-73.08722,1010.7666666666668
2011-08-17,400009.0,"Cañal Bajo,  Osorno Ad.",-40.61444,-73.0575,1006.0083333333333
2011-08-17,410005.0,El Tepual  Puerto Montt Ap.,-41.4475,-73.09583,1001.0625
2011-08-17,430001.0,Quellón Ad.,-43.13361,-73.63278,1010.3
2011-08-17,430002.0,Futaleufú Ad.,-43.18889,-71.85222,970.5666666666666
2011-08-17,450001.0,Puerto Aysén Ad.,-45.39944,-72.67722,1011.6999999999999
2011-08-17,450004.0,"Teniente Vidal, Coyhaique Ad.",-45.59083,-72.10222,975.2153846153846
2011-08-17,450005.0,Balmaceda Ad.,-45.91833,-71.67778,948.6200000000001
2011-08-17,510005.0,"Teniente Gallardo, Puerto Natales Ad.",-51.66722,-72.52889,1006.1333333333333
2011-08-17,520006.0,"Carlos Ibañez, Punta Arenas Ap.",-53.00167,-70.83861,1006.35
2011-08-17,530005.0,"Fuentes Martínez, Porvenir Ad.",-53.25361,-70.32611,1007.1600000000001
2011-08-17,550001.0,"Guardiamarina Zañartu, Pto Williams Ad.",-54.93167,-67.61556,1002.4769230769232
2011-08-17,950001.0,"C.M.A. Eduardo Frei Montalva, Antártica ",-62.19194,-58.97972,985.9
2011-08-18,180005.0,"Chacalluta, Arica Ap.",-18.35555,-70.34028,1012.9208333333332
2011-08-18,200006.0,Diego Aracena Iquique Ap.,-20.54917,-70.18111,1012.4
2011-08-18,220002.0,"El Loa, Calama Ad.",-22.49806,-68.8925,776.4764705882353
2011-08-18,270001.0,Mataveri  Isla de Pascua Ap.,-27.15889,-109.4325,1013.4333333333334
2011-08-18,270008.0,"Desierto de Atacama, Caldera  Ad.",-27.25444,-70.78111,997.2785714285714
2011-08-18,290004.0,"La Florida, La Serena Ad.",-29.91444,-71.20667,1003.0041666666666
2011-08-18,330007.0,"Rodelillo, Ad.",-33.06528,-71.55639,979.7
2011-08-18,330019.0,"Eulogio Sánchez, Tobalaba Ad.",-33.45528,-70.54861,944.49
2011-08-18,330020.0,"Quinta Normal, Santiago",-33.445,-70.68278,958.2375
2011-08-18,330021.0,Pudahuel Santiago ,-33.37833,-70.78778,963.4208333333332
2011-08-18,330030.0,"Santo Domingo, Ad.",-33.65611,-71.61333,1012.0692307692308
2011-08-18,330031.0,"Juan Fernández, Estación Meteorológica.",-33.63583,-78.83305,1016.375
2011-08-18,340031.0,"General Freire, Curicó Ad.",-34.96944,-71.21694,992.61
2011-08-18,360011.0,"General Bernardo O'Higgins, Chillán Ad.",-36.58583,-72.03667,1003.65
2011-08-18,360019.0,"Carriel Sur, Concepción Ap.",-36.78055,-73.06639,1019.65
2011-08-18,370033.0,"María Dolores, Los Angeles Ad.",-37.39694,-72.42389,1008.0
2011-08-18,380013.0,"Maquehue, Temuco Ad.",-38.76778,-72.63194,1010.4875
2011-08-18,390006.0,"Pichoy, Valdivia Ad.",-39.65667,-73.08722,1022.7666666666668
2011-08-18,400009.0,"Cañal Bajo,  Osorno Ad.",-40.61444,-73.0575,1017.13125
2011-08-18,410005.0,El Tepual  Puerto Montt Ap.,-41.4475,-73.09583,1013.0333333333333
2011-08-18,430001.0,Quellón Ad.,-43.13361,-73.63278,1025.4
2011-08-18,430002.0,Futaleufú Ad.,-43.18889,-71.85222,984.0333333333333
2011-08-18,450001.0,Puerto Aysén Ad.,-45.39944,-72.67722,1026.5666666666666
2011-08-18,450004.0,"Teniente Vidal, Coyhaique Ad.",-45.59083,-72.10222,987.0846153846154
2011-08-18,450005.0,Balmaceda Ad.,-45.91833,-71.67778,961.75
2011-08-18,510005.0,"Teniente Gallardo, Puerto Natales Ad.",-51.66722,-72.52889,1013.3666666666667
2011-08-18,520006.0,"Carlos Ibañez, Punta Arenas Ap.",-53.00167,-70.83861,1007.9291666666667
2011-08-18,530005.0,"Fuentes Martínez, Porvenir Ad.",-53.25361,-70.32611,1010.525
2011-08-18,550001.0,"Guardiamarina Zañartu, Pto Williams Ad.",-54.93167,-67.61556,1006.8692307692309
2011-08-18,950001.0,"C.M.A. Eduardo Frei Montalva, Antártica ",-62.19194,-58.97972,981.9399999999999
2011-08-19,180005.0,"Chacalluta, Arica Ap.",-18.35555,-70.34028,1012.9208333333332
2011-08-19,200006.0,Diego Aracena Iquique Ap.,-20.54917,-70.18111,1012.3833333333333
2011-08-19,220002.0,"El Loa, Calama Ad.",-22.49806,-68.8925,775.9882352941177
2011-08-19,270001.0,Mataveri  Isla de Pascua Ap.,-27.15889,-109.4325,1015.9041666666667
2011-08-19,270008.0,"Desierto de Atacama, Caldera  Ad.",-27.25444,-70.78111,997.7615384615384
2011-08-19,290004.0,"La Florida, La Serena Ad.",-29.91444,-71.20667,1004.6333333333333
2011-08-19,330007.0,"Rodelillo, Ad.",-33.06528,-71.55639,983.1
2011-08-19,330019.0,"Eulogio Sánchez, Tobalaba Ad.",-33.45528,-70.54861,947.4
2011-08-19,330020.0,"Quinta Normal, Santiago",-33.445,-70.68278,961.9625
2011-08-19,330021.0,Pudahuel Santiago ,-33.37833,-70.78778,967.2708333333334
2011-08-19,330030.0,"Santo Domingo, Ad.",-33.65611,-71.61333,1015.9692307692308
2011-08-19,330031.0,"Juan Fernández, Estación Meteorológica.",-33.63583,-78.83305,1026.4
2011-08-19,340031.0,"General Freire, Curicó Ad.",-34.96944,-71.21694,997.5899999999999
2011-08-19,360011.0,"General Bernardo O'Higgins, Chillán Ad.",-36.58583,-72.03667,1008.4200000000001
2011-08-19,360019.0,"Carriel Sur, Concepción Ap.",-36.78055,-73.06639,1025.5833333333333
2011-08-19,370033.0,"María Dolores, Los Angeles Ad.",-37.39694,-72.42389,1013.5
2011-08-19,380013.0,"Maquehue, Temuco Ad.",-38.76778,-72.63194,1017.4625
2011-08-19,390006.0,"Pichoy, Valdivia Ad.",-39.65667,-73.08722,1028.6000000000001
2011-08-19,400009.0,"Cañal Bajo,  Osorno Ad.",-40.61444,-73.0575,1024.8999999999999
2011-08-19,410005.0,El Tepual  Puerto Montt Ap.,-41.4475,-73.09583,1020.8166666666666
2011-08-19,430001.0,Quellón Ad.,-43.13361,-73.63278,1031.65
2011-08-19,430002.0,Futaleufú Ad.,-43.18889,-71.85222,989.1
2011-08-19,450001.0,Puerto Aysén Ad.,-45.39944,-72.67722,1031.65
2011-08-19,450004.0,"Teniente Vidal, Coyhaique Ad.",-45.59083,-72.10222,992.176923076923
2011-08-19,450005.0,Balmaceda Ad.,-45.91833,-71.67778,966.2833333333333
2011-08-19,510005.0,"Teniente Gallardo, Puerto Natales Ad.",-51.66722,-72.52889,1020.85
2011-08-19,520006.0,"Carlos Ibañez, Punta Arenas Ap.",-53.00167,-70.83861,1017.7958333333332
2011-08-19,530005.0,"Fuentes Martínez, Porvenir Ad.",-53.25361,-70.32611,1020.475
2011-08-19,550001.0,"Guardiamarina Zañartu, Pto Williams Ad.",-54.93167,-67.61556,1021.1076923076923
2011-08-19,950001.0,"C.M.A. Eduardo Frei Montalva, Antártica ",-62.19194,-58.97972,1007.3799999999999
2011-08-20,180005.0,"Chacalluta, Arica Ap.",-18.35555,-70.34028,1012.5458333333332
2011-08-20,200006.0,Diego Aracena Iquique Ap.,-20.54917,-70.18111,1012.0041666666666
2011-08-20,220002.0,"El Loa, Calama Ad.",-22.49806,-68.8925,775.6235294117647
2011-08-20,270001.0,Mataveri  Isla de Pascua Ap.,-27.15889,-109.4325,1017.2624999999999
2011-08-20,270008.0,"Desierto de Atacama, Caldera  Ad.",-27.25444,-70.78111,996.4785714285715
2011-08-20,290004.0,"La Florida, La Serena Ad.",-29.91444,-71.20667,1001.7916666666666
2011-08-20,330007.0,"Rodelillo, Ad.",-33.06528,-71.55639,977.8
2011-08-20,330019.0,"Eulogio Sánchez, Tobalaba Ad.",-33.45528,-70.54861,942.0600000000001
2011-08-20,330020.0,"Quinta Normal, Santiago",-33.445,-70.68278,958.375
2011-08-20,330021.0,Pudahuel Santiago ,-33.37833,-70.78778,963.35
2011-08-20,330030.0,"Santo Domingo, Ad.",-33.65611,-71.61333,1010.6538461538462
2011-08-20,330031.0,"Juan Fernández, Estación Meteorológica.",-33.63583,-78.83305,1023.8000000000001
2011-08-20,340031.0,"General Freire, Curicó Ad.",-34.96944,-71.21694,990.76
2011-08-20,360011.0,"General Bernardo O'Higgins, Chillán Ad.",-36.58583,-72.03667,1001.14
2011-08-20,360019.0,"Carriel Sur, Concepción Ap.",-36.78055,-73.06639,1020.4958333333334
2011-08-20,370033.0,"María Dolores, Los Angeles Ad.",-37.39694,-72.42389,1006.0
2011-08-20,380013.0,"Maquehue, Temuco Ad.",-38.76778,-72.63194,1014.775
2011-08-20,390006.0,"Pichoy, Valdivia Ad.",-39.65667,-73.08722,1023.5
2011-08-20,400009.0,"Cañal Bajo,  Osorno Ad.",-40.61444,-73.0575,1020.8818181818183
2011-08-20,410005.0,El Tepual  Puerto Montt Ap.,-41.4475,-73.09583,1019.6458333333334
2011-08-20,450004.0,"Teniente Vidal, Coyhaique Ad.",-45.59083,-72.10222,994.1461538461538
2011-08-20,450005.0,Balmaceda Ad.,-45.91833,-71.67778,968.2666666666668
2011-08-20,510005.0,"Teniente Gallardo, Puerto Natales Ad.",-51.66722,-72.52889,1019.1
2011-08-20,520006.0,"Carlos Ibañez, Punta Arenas Ap.",-53.00167,-70.83861,1022.7333333333332
2011-08-20,530005.0,"Fuentes Martínez, Porvenir Ad.",-53.25361,-70.32611,1023.35
2011-08-20,550001.0,"Guardiamarina Zañartu, Pto Williams Ad.",-54.93167,-67.61556,1022.1071428571429
2011-08-20,950001.0,"C.M.A. Eduardo Frei Montalva, Antártica ",-62.19194,-58.97972,1011.3799999999999
2011-08-21,180005.0,"Chacalluta, Arica Ap.",-18.35555,-70.34028,1013.8291666666668
2011-08-21,200006.0,Diego Aracena Iquique Ap.,-20.54917,-70.18111,1013.3958333333334
2011-08-21,220002.0,"El Loa, Calama Ad.",-22.49806,-68.8925,775.4846153846154
2011-08-21,270001.0,Mataveri  Isla de Pascua Ap.,-27.15889,-109.4325,1018.6916666666666
2011-08-21,270008.0,"Desierto de Atacama, Caldera  Ad.",-27.25444,-70.78111,998.6923076923077
2011-08-21,290004.0,"La Florida, La Serena Ad.",-29.91444,-71.20667,1003.5041666666666
2011-08-21,330007.0,"Rodelillo, Ad.",-33.06528,-71.55639,980.0
2011-08-21,330019.0,"Eulogio Sánchez, Tobalaba Ad.",-33.45528,-70.54861,943.2909090909092
2011-08-21,330020.0,"Quinta Normal, Santiago",-33.445,-70.68278,957.7875
2011-08-21,330021.0,Pudahuel Santiago ,-33.37833,-70.78778,962.9291666666667
2011-08-21,330030.0,"Santo Domingo, Ad.",-33.65611,-71.61333,1012.1928571428572
2011-08-21,330031.0,"Juan Fernández, Estación Meteorológica.",-33.63583,-78.83305,1021.2750000000001
2011-08-21,340031.0,"General Freire, Curicó Ad.",-34.96944,-71.21694,991.8272727272728
2011-08-21,360011.0,"General Bernardo O'Higgins, Chillán Ad.",-36.58583,-72.03667,1003.2454545454547
2011-08-21,360019.0,"Carriel Sur, Concepción Ap.",-36.78055,-73.06639,1018.8791666666666
2011-08-21,370033.0,"María Dolores, Los Angeles Ad.",-37.39694,-72.42389,1006.2
2011-08-21,380013.0,"Maquehue, Temuco Ad.",-38.76778,-72.63194,1010.2625
2011-08-21,390006.0,"Pichoy, Valdivia Ad.",-39.65667,-73.08722,1020.275
2011-08-21,400009.0,"Cañal Bajo,  Osorno Ad.",-40.61444,-73.0575,1016.2636363636364
2011-08-21,410005.0,El Tepual  Puerto Montt Ap.,-41.4475,-73.09583,1014.0875
2011-08-21,450004.0,"Teniente Vidal, Coyhaique Ad.",-45.59083,-72.10222,987.4923076923077
2011-08-21,450005.0,Balmaceda Ad.,-45.91833,-71.67778,961.9384615384616
2011-08-21,520006.0,"Carlos Ibañez, Punta Arenas Ap.",-53.00167,-70.83861,1016.0041666666666
2011-08-21,550001.0,"Guardiamarina Zañartu, Pto Williams Ad.",-54.93167,-67.61556,1014.7461538461539
2011-08-21,950001.0,"C.M.A. Eduardo Frei Montalva, Antártica ",-62.19194,-58.97972,1001.54
2011-08-22,180005.0,"Chacalluta, Arica Ap.",-18.35555,-70.34028,1014.5375
2011-08-22,200006.0,Diego Aracena Iquique Ap.,-20.54917,-70.18111,1014.25
2011-08-22,220002.0,"El Loa, Calama Ad.",-22.49806,-68.8925,777.0529411764705
2011-08-22,270001.0,Mataveri  Isla de Pascua Ap.,-27.15889,-109.4325,1019.725
2011-08-22,270008.0,"Desierto de Atacama, Caldera  Ad.",-27.25444,-70.78111,1000.025
2011-08-22,290004.0,"La Florida, La Serena Ad.",-29.91444,-71.20667,1006.5458333333332
2011-08-22,330007.0,"Rodelillo, Ad.",-33.06528,-71.55639,984.2727272727273
2011-08-22,330019.0,"Eulogio Sánchez, Tobalaba Ad.",-33.45528,-70.54861,947.5818181818181
2011-08-22,330020.0,"Quinta Normal, Santiago",-33.445,-70.68278,961.275
2011-08-22,330021.0,Pudahuel Santiago ,-33.37833,-70.78778,966.4708333333333
2011-08-22,330030.0,"Santo Domingo, Ad.",-33.65611,-71.61333,1016.3928571428571
2011-08-22,330031.0,"Juan Fernández, Estación Meteorológica.",-33.63583,-78.83305,1021.575
2011-08-22,340031.0,"General Freire, Curicó Ad.",-34.96944,-71.21694,996.2454545454547
2011-08-22,360011.0,"General Bernardo O'Higgins, Chillán Ad.",-36.58583,-72.03667,1006.6909090909091
2011-08-22,360019.0,"Carriel Sur, Concepción Ap.",-36.78055,-73.06639,1022.1999999999999
2011-08-22,370033.0,"María Dolores, Los Angeles Ad.",-37.39694,-72.42389,1009.7
2011-08-22,380013.0,"Maquehue, Temuco Ad.",-38.76778,-72.63194,1011.15
2011-08-22,390006.0,"Pichoy, Valdivia Ad.",-39.65667,-73.08722,1019.5
2011-08-22,400009.0,"Cañal Bajo,  Osorno Ad.",-40.61444,-73.0575,1013.3181818181819
2011-08-22,410005.0,El Tepual  Puerto Montt Ap.,-41.4475,-73.09583,1009.9166666666666
2011-08-22,430001.0,Quellón Ad.,-43.13361,-73.63278,1015.5333333333333
2011-08-22,430002.0,Futaleufú Ad.,-43.18889,-71.85222,
2011-08-22,450001.0,Puerto Aysén Ad.,-45.39944,-72.67722,1014.4333333333334
2011-08-22,450004.0,"Teniente Vidal, Coyhaique Ad.",-45.59083,-72.10222,977.5153846153846
2011-08-22,450005.0,Balmaceda Ad.,-45.91833,-71.67778,951.14
2011-08-22,510005.0,"Teniente Gallardo, Puerto Natales Ad.",-51.66722,-72.52889,993.9333333333334
2011-08-22,520006.0,"Carlos Ibañez, Punta Arenas Ap.",-53.00167,-70.83861,998.9583333333334
2011-08-22,530005.0,"Fuentes Martínez, Porvenir Ad.",-53.25361,-70.32611,998.7
2011-08-22,550001.0,"Guardiamarina Zañartu, Pto Williams Ad.",-54.93167,-67.61556,998.176923076923
2011-08-22,950001.0,"C.M.A. Eduardo Frei Montalva, Antártica ",-62.19194,-58.97972,998.32
2011-08-23,180005.0,"Chacalluta, Arica Ap.",-18.35555,-70.34028,1011.8708333333334
2011-08-23,200006.0,Diego Aracena Iquique Ap.,-20.54917,-70.18111,1011.275
2011-08-23,220002.0,"El Loa, Calama Ad.",-22.49806,-68.8925,775.7411764705882
2011-08-23,270001.0,Mataveri  Isla de Pascua Ap.,-27.15889,-109.4325,1020.2791666666667
2011-08-23,270008.0,"Desierto de Atacama, Caldera  Ad.",-27.25444,-70.78111,994.4461538461538
2011-08-23,290004.0,"La Florida, La Serena Ad.",-29.91444,-71.20667,1000.2875
2011-08-23,330007.0,"Rodelillo, Ad.",-33.06528,-71.55639,974.9090909090909
2011-08-23,330019.0,"Eulogio Sánchez, Tobalaba Ad.",-33.45528,-70.54861,939.4909090909091
2011-08-23,330020.0,"Quinta Normal, Santiago",-33.445,-70.68278,957.125
2011-08-23,330021.0,Pudahuel Santiago ,-33.37833,-70.78778,961.9458333333333
2011-08-23,330030.0,"Santo Domingo, Ad.",-33.65611,-71.61333,1007.5
2011-08-23,330031.0,"Juan Fernández, Estación Meteorológica.",-33.63583,-78.83305,1015.05
2011-08-23,340031.0,"General Freire, Curicó Ad.",-34.96944,-71.21694,987.9727272727273
2011-08-23,360011.0,"General Bernardo O'Higgins, Chillán Ad.",-36.58583,-72.03667,998.9727272727273
2011-08-23,360019.0,"Carriel Sur, Concepción Ap.",-36.78055,-73.06639,1017.9583333333334
2011-08-23,370033.0,"María Dolores, Los Angeles Ad.",-37.39694,-72.42389,1003.65
2011-08-23,380013.0,"Maquehue, Temuco Ad.",-38.76778,-72.63194,1007.875
2011-08-23,390006.0,"Pichoy, Valdivia Ad.",-39.65667,-73.08722,1015.95
2011-08-23,400009.0,"Cañal Bajo,  Osorno Ad.",-40.61444,-73.0575,1012.4181818181819
2011-08-23,410005.0,El Tepual  Puerto Montt Ap.,-41.4475,-73.09583,1008.9291666666667
2011-08-23,430001.0,Quellón Ad.,-43.13361,-73.63278,1018.7333333333332
2011-08-23,430002.0,Futaleufú Ad.,-43.18889,-71.85222,977.0333333333333
2011-08-23,450004.0,"Teniente Vidal, Coyhaique Ad.",-45.59083,-72.10222,979.1538461538462
2011-08-23,450005.0,Balmaceda Ad.,-45.91833,-71.67778,952.3545454545455
2011-08-23,510005.0,"Teniente Gallardo, Puerto Natales Ad.",-51.66722,-72.52889,997.3333333333334
2011-08-23,520006.0,"Carlos Ibañez, Punta Arenas Ap.",-53.00167,-70.83861,997.4458333333333
2011-08-23,530005.0,"Fuentes Martínez, Porvenir Ad.",-53.25361,-70.32611,998.425
2011-08-23,550001.0,"Guardiamarina Zañartu, Pto Williams Ad.",-54.93167,-67.61556,996.6461538461538
2011-08-23,950001.0,"C.M.A. Eduardo Frei Montalva, Antártica ",-62.19194,-58.97972,985.5625
2011-08-24,180005.0,"Chacalluta, Arica Ap.",-18.35555,-70.34028,1013.8291666666668
2011-08-24,200006.0,Diego Aracena Iquique Ap.,-20.54917,-70.18111,1013.2875
2011-08-24,220002.0,"El Loa, Calama Ad.",-22.49806,-68.8925,777.3058823529412
2011-08-24,270001.0,Mataveri  Isla de Pascua Ap.,-27.15889,-109.4325,1019.9333333333334
2011-08-24,270008.0,"Desierto de Atacama, Caldera  Ad.",-27.25444,-70.78111,999.4714285714286
2011-08-24,290004.0,"La Florida, La Serena Ad.",-29.91444,-71.20667,1004.1083333333332
2011-08-24,330007.0,"Rodelillo, Ad.",-33.06528,-71.55639,982.0833333333334
2011-08-24,330019.0,"Eulogio Sánchez, Tobalaba Ad.",-33.45528,-70.54861,945.7363636363636
2011-08-24,330020.0,"Quinta Normal, Santiago",-33.445,-70.68278,957.1125
2011-08-24,330021.0,Pudahuel Santiago ,-33.37833,-70.78778,962.65
2011-08-24,330030.0,"Santo Domingo, Ad.",-33.65611,-71.61333,1012.6428571428571
2011-08-24,330031.0,"Juan Fernández, Estación Meteorológica.",-33.63583,-78.83305,1019.9
2011-08-24,340031.0,"General Freire, Curicó Ad.",-34.96944,-71.21694,993.8909090909091
2011-08-24,360011.0,"General Bernardo O'Higgins, Chillán Ad.",-36.58583,-72.03667,1004.0363636363636
2011-08-24,360019.0,"Carriel Sur, Concepción Ap.",-36.78055,-73.06639,1019.0749999999999
2011-08-24,370033.0,"María Dolores, Los Angeles Ad.",-37.39694,-72.42389,1008.2
2011-08-24,380013.0,"Maquehue, Temuco Ad.",-38.76778,-72.63194,1009.9375
2011-08-24,390006.0,"Pichoy, Valdivia Ad.",-39.65667,-73.08722,1020.1600000000001
2011-08-24,400009.0,"Cañal Bajo,  Osorno Ad.",-40.61444,-73.0575,1016.1909090909091
2011-08-24,410005.0,El Tepual  Puerto Montt Ap.,-41.4475,-73.09583,1011.1708333333332
2011-08-24,430001.0,Quellón Ad.,-43.13361,-73.63278,1022.1666666666666
2011-08-24,430002.0,Futaleufú Ad.,-43.18889,-71.85222,980.6
2011-08-24,450001.0,Puerto Aysén Ad.,-45.39944,-72.67722,1021.9333333333334
2011-08-24,450004.0,"Teniente Vidal, Coyhaique Ad.",-45.59083,-72.10222,983.676923076923
2011-08-24,450005.0,Balmaceda Ad.,-45.91833,-71.67778,957.1846153846153
2011-08-24,510005.0,"Teniente Gallardo, Puerto Natales Ad.",-51.66722,-72.52889,1007.1666666666666
2011-08-24,520006.0,"Carlos Ibañez, Punta Arenas Ap.",-53.00167,-70.83861,1005.0458333333332
2011-08-24,530005.0,"Fuentes Martínez, Porvenir Ad.",-53.25361,-70.32611,1007.5333333333333
2011-08-24,550001.0,"Guardiamarina Zañartu, Pto Williams Ad.",-54.93167,-67.61556,1004.84375
2011-08-24,950001.0,"C.M.A. Eduardo Frei Montalva, Antártica ",-62.19194,-58.97972,978.5
2011-08-25,180005.0,"Chacalluta, Arica Ap.",-18.35555,-70.34028,1012.0208333333334
2011-08-25,200006.0,Diego Aracena Iquique Ap.,-20.54917,-70.18111,1011.4458333333333
2011-08-25,220002.0,"El Loa, Calama Ad.",-22.49806,-68.8925,777.7647058823529
2011-08-25,270001.0,Mataveri  Isla de Pascua Ap.,-27.15889,-109.4325,1018.5291666666667
2011-08-25,270008.0,"Desierto de Atacama, Caldera  Ad.",-27.25444,-70.78111,994.7230769230769
2011-08-25,290004.0,"La Florida, La Serena Ad.",-29.91444,-71.20667,1002.6999999999999
2011-08-25,330007.0,"Rodelillo, Ad.",-33.06528,-71.55639,977.7272727272727
2011-08-25,330019.0,"Eulogio Sánchez, Tobalaba Ad.",-33.45528,-70.54861,942.8636363636364
2011-08-25,330020.0,"Quinta Normal, Santiago",-33.445,-70.68278,959.6
2011-08-25,330021.0,Pudahuel Santiago ,-33.37833,-70.78778,964.5124999999999
2011-08-25,330030.0,"Santo Domingo, Ad.",-33.65611,-71.61333,1010.6928571428572
2011-08-25,330031.0,"Juan Fernández, Estación Meteorológica.",-33.63583,-78.83305,1014.9
2011-08-25,340031.0,"General Freire, Curicó Ad.",-34.96944,-71.21694,990.9818181818181
2011-08-25,360011.0,"General Bernardo O'Higgins, Chillán Ad.",-36.58583,-72.03667,1001.1454545454545
2011-08-25,360019.0,"Carriel Sur, Concepción Ap.",-36.78055,-73.06639,1019.7541666666666
2011-08-25,370033.0,"María Dolores, Los Angeles Ad.",-37.39694,-72.42389,1004.85
2011-08-25,380013.0,"Maquehue, Temuco Ad.",-38.76778,-72.63194,1008.7625
2011-08-25,390006.0,"Pichoy, Valdivia Ad.",-39.65667,-73.08722,1014.325
2011-08-25,400009.0,"Cañal Bajo,  Osorno Ad.",-40.61444,-73.0575,1009.5727272727272
2011-08-25,410005.0,El Tepual  Puerto Montt Ap.,-41.4475,-73.09583,1007.1625
2011-08-25,430001.0,Quellón Ad.,-43.13361,-73.63278,1011.6999999999999
2011-08-25,430002.0,Futaleufú Ad.,-43.18889,-71.85222,976.0666666666666
2011-08-25,450001.0,Puerto Aysén Ad.,-45.39944,-72.67722,1015.1333333333333
2011-08-25,450004.0,"Teniente Vidal, Coyhaique Ad.",-45.59083,-72.10222,978.3615384615385
2011-08-25,450005.0,Balmaceda Ad.,-45.91833,-71.67778,953.4454545454545
2011-08-25,510005.0,"Teniente Gallardo, Puerto Natales Ad.",-51.66722,-72.52889,1007.3333333333334
2011-08-25,520006.0,"Carlos Ibañez, Punta Arenas Ap.",-53.00167,-70.83861,1010.9291666666667
2011-08-25,530005.0,"Fuentes Martínez, Porvenir Ad.",-53.25361,-70.32611,1011.9000000000001
2011-08-25,550001.0,"Guardiamarina Zañartu, Pto Williams Ad.",-54.93167,-67.61556,1012.323076923077
2011-08-25,950001.0,"C.M.A. Eduardo Frei Montalva, Antártica ",-62.19194,-58.97972,987.125
2011-08-26,180005.0,"Chacalluta, Arica Ap.",-18.35555,-70.34028,1012.5708333333333
2011-08-26,200006.0,Diego Aracena Iquique Ap.,-20.54917,-70.18111,1011.8874999999999
2011-08-26,220002.0,"El Loa, Calama Ad.",-22.49806,-68.8925,778.064705882353
2011-08-26,270001.0,Mataveri  Isla de Pascua Ap.,-27.15889,-109.4325,1016.8166666666666
2011-08-26,270008.0,"Desierto de Atacama, Caldera  Ad.",-27.25444,-70.78111,995.95
2011-08-26,290004.0,"La Florida, La Serena Ad.",-29.91444,-71.20667,1000.2833333333333
2011-08-26,330007.0,"Rodelillo, Ad.",-33.06528,-71.55639,975.4545454545455
2011-08-26,330019.0,"Eulogio Sánchez, Tobalaba Ad.",-33.45528,-70.54861,938.2909090909092
2011-08-26,330020.0,"Quinta Normal, Santiago",-33.445,-70.68278,953.2625
2011-08-26,330021.0,Pudahuel Santiago ,-33.37833,-70.78778,958.4083333333333
2011-08-26,330030.0,"Santo Domingo, Ad.",-33.65611,-71.61333,1007.15
2011-08-26,330031.0,"Juan Fernández, Estación Meteorológica.",-33.63583,-78.83305,1005.85
2011-08-26,340031.0,"General Freire, Curicó Ad.",-34.96944,-71.21694,986.0
2011-08-26,360011.0,"General Bernardo O'Higgins, Chillán Ad.",-36.58583,-72.03667,995.2818181818183
2011-08-26,360019.0,"Carriel Sur, Concepción Ap.",-36.78055,-73.06639,1010.3666666666667
2011-08-26,370033.0,"María Dolores, Los Angeles Ad.",-37.39694,-72.42389,996.5
2011-08-26,380013.0,"Maquehue, Temuco Ad.",-38.76778,-72.63194,999.175
2011-08-26,390006.0,"Pichoy, Valdivia Ad.",-39.65667,-73.08722,1004.2
2011-08-26,400009.0,"Cañal Bajo,  Osorno Ad.",-40.61444,-73.0575,998.6363636363636
2011-08-26,410005.0,El Tepual  Puerto Montt Ap.,-41.4475,-73.09583,996.2916666666666
2011-08-26,430001.0,Quellón Ad.,-43.13361,-73.63278,1001.6333333333333
2011-08-26,430002.0,Futaleufú Ad.,-43.18889,-71.85222,965.75
2011-08-26,450001.0,Puerto Aysén Ad.,-45.39944,-72.67722,1003.8333333333334
2011-08-26,450004.0,"Teniente Vidal, Coyhaique Ad.",-45.59083,-72.10222,968.4076923076923
2011-08-26,450005.0,Balmaceda Ad.,-45.91833,-71.67778,943.0909090909091
2011-08-26,510005.0,"Teniente Gallardo, Puerto Natales Ad.",-51.66722,-72.52889,995.5666666666666
2011-08-26,520006.0,"Carlos Ibañez, Punta Arenas Ap.",-53.00167,-70.83861,1001.9666666666667
2011-08-26,530005.0,"Fuentes Martínez, Porvenir Ad.",-53.25361,-70.32611,1001.1
2011-08-26,550001.0,"Guardiamarina Zañartu, Pto Williams Ad.",-54.93167,-67.61556,1006.3538461538462
2011-08-26,950001.0,"C.M.A. Eduardo Frei Montalva, Antártica ",-62.19194,-58.97972,1000.675
2011-08-27,180005.0,"Chacalluta, Arica Ap.",-18.35555,-70.34028,1014.5166666666668
2011-08-27,200006.0,Diego Aracena Iquique Ap.,-20.54917,-70.18111,1014.125
2011-08-27,220002.0,"El Loa, Calama Ad.",-22.49806,-68.8925,778.375
2011-08-27,270001.0,Mataveri  Isla de Pascua Ap.,-27.15889,-109.4325,1017.3166666666666
2011-08-27,270008.0,"Desierto de Atacama, Caldera  Ad.",-27.25444,-70.78111,998.9571428571428
2011-08-27,290004.0,"La Florida, La Serena Ad.",-29.91444,-71.20667,1005.1541666666667
2011-08-27,330007.0,"Rodelillo, Ad.",-33.06528,-71.55639,982.1818181818181
2011-08-27,330019.0,"Eulogio Sánchez, Tobalaba Ad.",-33.45528,-70.54861,946.4090909090909
2011-08-27,330020.0,"Quinta Normal, Santiago",-33.445,-70.68278,959.3000000000001
2011-08-27,330021.0,Pudahuel Santiago ,-33.37833,-70.78778,964.5916666666667
2011-08-27,330030.0,"Santo Domingo, Ad.",-33.65611,-71.61333,1013.8571428571429
2011-08-27,330031.0,"Juan Fernández, Estación Meteorológica.",-33.63583,-78.83305,1013.775
2011-08-27,340031.0,"General Freire, Curicó Ad.",-34.96944,-71.21694,994.1636363636363
2011-08-27,360011.0,"General Bernardo O'Higgins, Chillán Ad.",-36.58583,-72.03667,1003.2272727272727
2011-08-27,360019.0,"Carriel Sur, Concepción Ap.",-36.78055,-73.06639,1016.8125
2011-08-27,370033.0,"María Dolores, Los Angeles Ad.",-37.39694,-72.42389,1005.7
2011-08-27,380013.0,"Maquehue, Temuco Ad.",-38.76778,-72.63194,1004.4375
2011-08-27,390006.0,"Pichoy, Valdivia Ad.",-39.65667,-73.08722,1014.65
2011-08-27,400009.0,"Cañal Bajo,  Osorno Ad.",-40.61444,-73.0575,1009.0909090909091
2011-08-27,410005.0,El Tepual  Puerto Montt Ap.,-41.4475,-73.09583,1002.1083333333332
2011-08-27,450004.0,"Teniente Vidal, Coyhaique Ad.",-45.59083,-72.10222,972.0615384615384
2011-08-27,450005.0,Balmaceda Ad.,-45.91833,-71.67778,944.4799999999999
2011-08-27,520006.0,"Carlos Ibañez, Punta Arenas Ap.",-53.00167,-70.83861,996.0833333333334
2011-08-27,530005.0,"Fuentes Martínez, Porvenir Ad.",-53.25361,-70.32611,997.2
2011-08-27,550001.0,"Guardiamarina Zañartu, Pto Williams Ad.",-54.93167,-67.61556,998.4076923076923
2011-08-27,950001.0,"C.M.A. Eduardo Frei Montalva, Antártica ",-62.19194,-58.97972,1003.6875
2011-08-28,180005.0,"Chacalluta, Arica Ap.",-18.35555,-70.34028,1013.3000000000001
2011-08-28,200006.0,Diego Aracena Iquique Ap.,-20.54917,-70.18111,1012.4416666666666
2011-08-28,220002.0,"El Loa, Calama Ad.",-22.49806,-68.8925,777.5083333333333
2011-08-28,270001.0,Mataveri  Isla de Pascua Ap.,-27.15889,-109.4325,1016.8541666666666
2011-08-28,270008.0,"Desierto de Atacama, Caldera  Ad.",-27.25444,-70.78111,998.0
2011-08-28,290004.0,"La Florida, La Serena Ad.",-29.91444,-71.20667,1004.0791666666668
2011-08-28,330007.0,"Rodelillo, Ad.",-33.06528,-71.55639,979.7272727272727
2011-08-28,330019.0,"Eulogio Sánchez, Tobalaba Ad.",-33.45528,-70.54861,943.4272727272728
2011-08-28,330020.0,"Quinta Normal, Santiago",-33.445,-70.68278,957.675
2011-08-28,330021.0,Pudahuel Santiago ,-33.37833,-70.78778,962.7708333333334
2011-08-28,330030.0,"Santo Domingo, Ad.",-33.65611,-71.61333,1010.9714285714286
2011-08-28,330031.0,"Juan Fernández, Estación Meteorológica.",-33.63583,-78.83305,1010.95
2011-08-28,340031.0,"General Freire, Curicó Ad.",-34.96944,-71.21694,989.9090909090909
2011-08-28,360011.0,"General Bernardo O'Higgins, Chillán Ad.",-36.58583,-72.03667,997.0909090909091
2011-08-28,360019.0,"Carriel Sur, Concepción Ap.",-36.78055,-73.06639,1013.2583333333333
2011-08-28,370033.0,"María Dolores, Los Angeles Ad.",-37.39694,-72.42389,998.6500000000001
2011-08-28,380013.0,"Maquehue, Temuco Ad.",-38.76778,-72.63194,1000.875
2011-08-28,390006.0,"Pichoy, Valdivia Ad.",-39.65667,-73.08722,1004.125
2011-08-28,400009.0,"Cañal Bajo,  Osorno Ad.",-40.61444,-73.0575,997.6909090909091
2011-08-28,410005.0,El Tepual  Puerto Montt Ap.,-41.4475,-73.09583,996.1166666666667
2011-08-28,450004.0,"Teniente Vidal, Coyhaique Ad.",-45.59083,-72.10222,967.4769230769232
2011-08-28,450005.0,Balmaceda Ad.,-45.91833,-71.67778,943.3090909090909
2011-08-28,520006.0,"Carlos Ibañez, Punta Arenas Ap.",-53.00167,-70.83861,997.0291666666667
2011-08-28,550001.0,"Guardiamarina Zañartu, Pto Williams Ad.",-54.93167,-67.61556,997.8615384615385
2011-08-28,950001.0,"C.M.A. Eduardo Frei Montalva, Antártica ",-62.19194,-58.97972,1001.55
2011-08-29,180005.0,"Chacalluta, Arica Ap.",-18.35555,-70.34028,1012.6833333333334
2011-08-29,200006.0,Diego Aracena Iquique Ap.,-20.54917,-70.18111,1012.1083333333332
2011-08-29,220002.0,"El Loa, Calama Ad.",-22.49806,-68.8925,777.4882352941177
2011-08-29,270001.0,Mataveri  Isla de Pascua Ap.,-27.15889,-109.4325,1011.8666666666667
2011-08-29,270008.0,"Desierto de Atacama, Caldera  Ad.",-27.25444,-70.78111,998.0384615384615
2011-08-29,290004.0,"La Florida, La Serena Ad.",-29.91444,-71.20667,1005.8375
2011-08-29,330007.0,"Rodelillo, Ad.",-33.06528,-71.55639,984.9090909090909
2011-08-29,330019.0,"Eulogio Sánchez, Tobalaba Ad.",-33.45528,-70.54861,948.9909090909091
2011-08-29,330020.0,"Quinta Normal, Santiago",-33.445,-70.68278,962.65
2011-08-29,330021.0,Pudahuel Santiago ,-33.37833,-70.78778,968.0458333333332
2011-08-29,330030.0,"Santo Domingo, Ad.",-33.65611,-71.61333,1017.1285714285714
2011-08-29,330031.0,"Juan Fernández, Estación Meteorológica.",-33.63583,-78.83305,1020.05
2011-08-29,340031.0,"General Freire, Curicó Ad.",-34.96944,-71.21694,998.1727272727272
2011-08-29,360011.0,"General Bernardo O'Higgins, Chillán Ad.",-36.58583,-72.03667,1007.3090909090909
2011-08-29,360019.0,"Carriel Sur, Concepción Ap.",-36.78055,-73.06639,1020.3791666666666
2011-08-29,370033.0,"María Dolores, Los Angeles Ad.",-37.39694,-72.42389,1007.25
2011-08-29,380013.0,"Maquehue, Temuco Ad.",-38.76778,-72.63194,1005.9125
2011-08-29,390006.0,"Pichoy, Valdivia Ad.",-39.65667,-73.08722,1016.325
2011-08-29,400009.0,"Cañal Bajo,  Osorno Ad.",-40.61444,-73.0575,1010.5818181818181
2011-08-29,410005.0,El Tepual  Puerto Montt Ap.,-41.4475,-73.09583,1000.6
2011-08-29,430001.0,Quellón Ad.,-43.13361,-73.63278,1006.6
2011-08-29,430002.0,Futaleufú Ad.,-43.18889,-71.85222,966.5666666666666
2011-08-29,450001.0,Puerto Aysén Ad.,-45.39944,-72.67722,1003.1
2011-08-29,450004.0,"Teniente Vidal, Coyhaique Ad.",-45.59083,-72.10222,966.5999999999999
2011-08-29,450005.0,Balmaceda Ad.,-45.91833,-71.67778,940.1545454545455
2011-08-29,510005.0,"Teniente Gallardo, Puerto Natales Ad.",-51.66722,-72.52889,992.5666666666666
2011-08-29,520006.0,"Carlos Ibañez, Punta Arenas Ap.",-53.00167,-70.83861,996.1666666666666
2011-08-29,530005.0,"Fuentes Martínez, Porvenir Ad.",-53.25361,-70.32611,997.875
2011-08-29,550001.0,"Guardiamarina Zañartu, Pto Williams Ad.",-54.93167,-67.61556,1000.4923076923077
2011-08-29,950001.0,"C.M.A. Eduardo Frei Montalva, Antártica ",-62.19194,-58.97972,1003.05
2011-08-30,180005.0,"Chacalluta, Arica Ap.",-18.35555,-70.34028,1010.5208333333334
2011-08-30,200006.0,Diego Aracena Iquique Ap.,-20.54917,-70.18111,1009.5
2011-08-30,220002.0,"El Loa, Calama Ad.",-22.49806,-68.8925,776.9176470588236
2011-08-30,270001.0,Mataveri  Isla de Pascua Ap.,-27.15889,-109.4325,1011.9458333333333
2011-08-30,270008.0,"Desierto de Atacama, Caldera  Ad.",-27.25444,-70.78111,993.123076923077
2011-08-30,290004.0,"La Florida, La Serena Ad.",-29.91444,-71.20667,1002.1666666666666
2011-08-30,330007.0,"Rodelillo, Ad.",-33.06528,-71.55639,981.0
2011-08-30,330019.0,"Eulogio Sánchez, Tobalaba Ad.",-33.45528,-70.54861,946.4727272727273
2011-08-30,330020.0,"Quinta Normal, Santiago",-33.445,-70.68278,963.1875
2011-08-30,330021.0,Pudahuel Santiago ,-33.37833,-70.78778,968.1304347826087
2011-08-30,330030.0,"Santo Domingo, Ad.",-33.65611,-71.61333,1014.1357142857142
2011-08-30,330031.0,"Juan Fernández, Estación Meteorológica.",-33.63583,-78.83305,1022.075
2011-08-30,340031.0,"General Freire, Curicó Ad.",-34.96944,-71.21694,996.6727272727272
2011-08-30,360011.0,"General Bernardo O'Higgins, Chillán Ad.",-36.58583,-72.03667,1008.5181818181819
2011-08-30,360019.0,"Carriel Sur, Concepción Ap.",-36.78055,-73.06639,1026.4541666666667
2011-08-30,370033.0,"María Dolores, Los Angeles Ad.",-37.39694,-72.42389,1013.55
2011-08-30,380013.0,"Maquehue, Temuco Ad.",-38.76778,-72.63194,1016.6875
2011-08-30,390006.0,"Pichoy, Valdivia Ad.",-39.65667,-73.08722,1025.06
2011-08-30,400009.0,"Cañal Bajo,  Osorno Ad.",-40.61444,-73.0575,1021.2727272727273
2011-08-30,410005.0,El Tepual  Puerto Montt Ap.,-41.4475,-73.09583,1016.5875
2011-08-30,430001.0,Quellón Ad.,-43.13361,-73.63278,1026.15
2011-08-30,430002.0,Futaleufú Ad.,-43.18889,-71.85222,983.9666666666667
2011-08-30,450001.0,Puerto Aysén Ad.,-45.39944,-72.67722,1024.2
2011-08-30,450004.0,"Teniente Vidal, Coyhaique Ad.",-45.59083,-72.10222,985.9846153846154
2011-08-30,450005.0,Balmaceda Ad.,-45.91833,-71.67778,958.6
2011-08-30,510005.0,"Teniente Gallardo, Puerto Natales Ad.",-51.66722,-72.52889,1009.6999999999999
2011-08-30,520006.0,"Carlos Ibañez, Punta Arenas Ap.",-53.00167,-70.83861,1008.6041666666666
2011-08-30,530005.0,"Fuentes Martínez, Porvenir Ad.",-53.25361,-70.32611,1013.125
2011-08-30,550001.0,"Guardiamarina Zañartu, Pto Williams Ad.",-54.93167,-67.61556,1012.3846153846154
2011-08-30,950001.0,"C.M.A. Eduardo Frei Montalva, Antártica ",-62.19194,-58.97972,1002.8125
2011-08-31,180005.0,"Chacalluta, Arica Ap.",-18.35555,-70.34028,1009.8208333333333
2011-08-31,200006.0,Diego Aracena Iquique Ap.,-20.54917,-70.18111,1008.7958333333332
2011-08-31,220002.0,"El Loa, Calama Ad.",-22.49806,-68.8925,776.9294117647058
2011-08-31,270001.0,Mataveri  Isla de Pascua Ap.,-27.15889,-109.4325,1014.8333333333334
2011-08-31,270008.0,"Desierto de Atacama, Caldera  Ad.",-27.25444,-70.78111,992.7142857142857
2011-08-31,290004.0,"La Florida, La Serena Ad.",-29.91444,-71.20667,997.3208333333333
2011-08-31,330007.0,"Rodelillo, Ad.",-33.06528,-71.55639,973.8181818181819
2011-08-31,330019.0,"Eulogio Sánchez, Tobalaba Ad.",-33.45528,-70.54861,939.3727272727273
2011-08-31,330020.0,"Quinta Normal, Santiago",-33.445,-70.68278,955.6125
2011-08-31,330021.0,Pudahuel Santiago ,-33.37833,-70.78778,960.3708333333334
2011-08-31,330030.0,"Santo Domingo, Ad.",-33.65611,-71.61333,1005.8071428571429
2011-08-31,330031.0,"Juan Fernández, Estación Meteorológica.",-33.63583,-78.83305,1013.525
2011-08-31,340031.0,"General Freire, Curicó Ad.",-34.96944,-71.21694,986.8181818181819
2011-08-31,360011.0,"General Bernardo O'Higgins, Chillán Ad.",-36.58583,-72.03667,997.1454545454545
2011-08-31,360019.0,"Carriel Sur, Concepción Ap.",-36.78055,-73.06639,1016.2375000000001
2011-08-31,370033.0,"María Dolores, Los Angeles Ad.",-37.39694,-72.42389,1001.45
2011-08-31,380013.0,"Maquehue, Temuco Ad.",-38.76778,-72.63194,1007.5375
2011-08-31,390006.0,"Pichoy, Valdivia Ad.",-39.65667,-73.08722,1012.675
2011-08-31,400009.0,"Cañal Bajo,  Osorno Ad.",-40.61444,-73.0575,1008.3909090909091
2011-08-31,410005.0,El Tepual  Puerto Montt Ap.,-41.4475,-73.09583,1007.625
2011-08-31,430001.0,Quellón Ad.,-43.13361,-73.63278,1013.4
2011-08-31,430002.0,Futaleufú Ad.,-43.18889,-71.85222,978.6999999999999
2011-08-31,450001.0,Puerto Aysén Ad.,-45.39944,-72.67722,1016.3666666666667
2011-08-31,450004.0,"Teniente Vidal, Coyhaique Ad.",-45.59083,-72.10222,980.946153846154
2011-08-31,450005.0,Balmaceda Ad.,-45.91833,-71.67778,955.5272727272727
2011-08-31,510005.0,"Teniente Gallardo, Puerto Natales Ad.",-51.66722,-72.52889,1001.1666666666666
2011-08-31,520006.0,"Carlos Ibañez, Punta Arenas Ap.",-53.00167,-70.83861,1009.2291666666666
2011-08-31,530005.0,"Fuentes Martínez, Porvenir Ad.",-53.25361,-70.32611,1012.3
2011-08-31,550001.0,"Guardiamarina Zañartu, Pto Williams Ad.",-54.93167,-67.61556,1013.1538461538462
2011-08-31,950001.0,"C.M.A. Eduardo Frei Montalva, Antártica ",-62.19194,-58.97972,1003.0875
2011-09-01,180005.0,"Chacalluta, Arica Ap.",-18.35555,-70.34028,1011.9208333333332
2011-09-01,200006.0,Diego Aracena Iquique Ap.,-20.54917,-70.18111,1011.1583333333333
2011-09-01,220002.0,"El Loa, Calama Ad.",-22.49806,-68.8925,777.6882352941176
2011-09-01,270001.0,Mataveri  Isla de Pascua Ap.,-27.15889,-109.4325,1017.8666666666667
2011-09-01,270008.0,"Desierto de Atacama, Caldera  Ad.",-27.25444,-70.78111,996.1466666666668
2011-09-01,290004.0,"La Florida, La Serena Ad.",-29.91444,-71.20667,1000.775
2011-09-01,330007.0,"Rodelillo, Ad.",-33.06528,-71.55639,978.0833333333334
2011-09-01,330019.0,"Eulogio Sánchez, Tobalaba Ad.",-33.45528,-70.54861,940.9909090909091
2011-09-01,330020.0,"Quinta Normal, Santiago",-33.445,-70.68278,954.3875
2011-09-01,330021.0,Pudahuel Santiago ,-33.37833,-70.78778,959.375
2011-09-01,330030.0,"Santo Domingo, Ad.",-33.65611,-71.61333,1009.3285714285714
2011-09-01,330031.0,"Juan Fernández, Estación Meteorológica.",-33.63583,-78.83305,1009.425
2011-09-01,340031.0,"General Freire, Curicó Ad.",-34.96944,-71.21694,988.1454545454545
2011-09-01,360011.0,"General Bernardo O'Higgins, Chillán Ad.",-36.58583,-72.03667,998.4545454545455
2011-09-01,360019.0,"Carriel Sur, Concepción Ap.",-36.78055,-73.06639,1014.3458333333333
2011-09-01,370033.0,"María Dolores, Los Angeles Ad.",-37.39694,-72.42389,1001.45
2011-09-01,380013.0,"Maquehue, Temuco Ad.",-38.76778,-72.63194,1002.5
2011-09-01,390006.0,"Pichoy, Valdivia Ad.",-39.65667,-73.08722,1010.65
2011-09-01,400009.0,"Cañal Bajo,  Osorno Ad.",-40.61444,-73.0575,1005.1909090909091
2011-09-01,410005.0,El Tepual  Puerto Montt Ap.,-41.4475,-73.09583,1000.2875
2011-09-01,430001.0,Quellón Ad.,-43.13361,-73.63278,1006.9
2011-09-01,430002.0,Futaleufú Ad.,-43.18889,-71.85222,969.1666666666666
2011-09-01,450001.0,Puerto Aysén Ad.,-45.39944,-72.67722,1007.0333333333333
2011-09-01,450004.0,"Teniente Vidal, Coyhaique Ad.",-45.59083,-72.10222,970.7769230769231
2011-09-01,450005.0,Balmaceda Ad.,-45.91833,-71.67778,945.2363636363636
2011-09-01,510005.0,"Teniente Gallardo, Puerto Natales Ad.",-51.66722,-72.52889,988.6
2011-09-01,520006.0,"Carlos Ibañez, Punta Arenas Ap.",-53.00167,-70.83861,993.1208333333334
2011-09-01,530005.0,"Fuentes Martínez, Porvenir Ad.",-53.25361,-70.32611,992.375
2011-09-01,550001.0,"Guardiamarina Zañartu, Pto Williams Ad.",-54.93167,-67.61556,994.3384615384615
2011-09-01,950001.0,"C.M.A. Eduardo Frei Montalva, Antártica ",-62.19194,-58.97972,999.325
2011-09-02,180005.0,"Chacalluta, Arica Ap.",-18.35555,-70.34028,1012.3291666666668
2011-09-02,200006.0,Diego Aracena Iquique Ap.,-20.54917,-70.18111,1011.5625
2011-09-02,220002.0,"El Loa, Calama Ad.",-22.49806,-68.8925,777.2058823529412
2011-09-02,270001.0,Mataveri  Isla de Pascua Ap.,-27.15889,-109.4325,1021.3291666666668
2011-09-02,270008.0,"Desierto de Atacama, Caldera  Ad.",-27.25444,-70.78111,996.5500000000001
2011-09-02,290004.0,"La Florida, La Serena Ad.",-29.91444,-71.20667,1002.0791666666668
2011-09-02,330007.0,"Rodelillo, Ad.",-33.06528,-71.55639,978.9166666666666
2011-09-02,330019.0,"Eulogio Sánchez, Tobalaba Ad.",-33.45528,-70.54861,942.0181818181819
2011-09-02,330020.0,"Quinta Normal, Santiago",-33.445,-70.68278,956.7125
2011-09-02,330021.0,Pudahuel Santiago ,-33.37833,-70.78778,961.8208333333333
2011-09-02,330030.0,"Santo Domingo, Ad.",-33.65611,-71.61333,1010.4285714285714
2011-09-02,330031.0,"Juan Fernández, Estación Meteorológica.",-33.63583,-78.83305,1009.0
2011-09-02,340031.0,"General Freire, Curicó Ad.",-34.96944,-71.21694,990.1545454545455
2011-09-02,360011.0,"General Bernardo O'Higgins, Chillán Ad.",-36.58583,-72.03667,998.3090909090909
2011-09-02,360019.0,"Carriel Sur, Concepción Ap.",-36.78055,-73.06639,1013.6666666666666
2011-09-02,370033.0,"María Dolores, Los Angeles Ad.",-37.39694,-72.42389,1000.0
2011-09-02,380013.0,"Maquehue, Temuco Ad.",-38.76778,-72.63194,1001.7375
2011-09-02,390006.0,"Pichoy, Valdivia Ad.",-39.65667,-73.08722,1007.0
2011-09-02,400009.0,"Cañal Bajo,  Osorno Ad.",-40.61444,-73.0575,1000.9909090909091
2011-09-02,410005.0,El Tepual  Puerto Montt Ap.,-41.4475,-73.09583,998.5208333333334
2011-09-02,430001.0,Quellón Ad.,-43.13361,-73.63278,1001.4333333333334
2011-09-02,430002.0,Futaleufú Ad.,-43.18889,-71.85222,964.9
2011-09-02,450001.0,Puerto Aysén Ad.,-45.39944,-72.67722,1000.4
2011-09-02,450004.0,"Teniente Vidal, Coyhaique Ad.",-45.59083,-72.10222,964.9461538461538
2011-09-02,450005.0,Balmaceda Ad.,-45.91833,-71.67778,940.0846153846154
2011-09-02,510005.0,"Teniente Gallardo, Puerto Natales Ad.",-51.66722,-72.52889,984.1666666666666
2011-09-02,520006.0,"Carlos Ibañez, Punta Arenas Ap.",-53.00167,-70.83861,989.8375
2011-09-02,530005.0,"Fuentes Martínez, Porvenir Ad.",-53.25361,-70.32611,989.55
2011-09-02,550001.0,"Guardiamarina Zañartu, Pto Williams Ad.",-54.93167,-67.61556,992.2307692307693
2011-09-02,950001.0,"C.M.A. Eduardo Frei Montalva, Antártica ",-62.19194,-58.97972,987.375
2011-09-03,180005.0,"Chacalluta, Arica Ap.",-18.35555,-70.34028,1013.4708333333333
2011-09-03,200006.0,Diego Aracena Iquique Ap.,-20.54917,-70.18111,1012.8249999999999
2011-09-03,220002.0,"El Loa, Calama Ad.",-22.49806,-68.8925,777.09375
2011-09-03,270001.0,Mataveri  Isla de Pascua Ap.,-27.15889,-109.4325,1022.5
2011-09-03,270008.0,"Desierto de Atacama, Caldera  Ad.",-27.25444,-70.78111,997.9076923076923
2011-09-03,290004.0,"La Florida, La Serena Ad.",-29.91444,-71.20667,1003.7916666666666
2011-09-03,330007.0,"Rodelillo, Ad.",-33.06528,-71.55639,980.5
2011-09-03,330019.0,"Eulogio Sánchez, Tobalaba Ad.",-33.45528,-70.54861,944.4545454545455
2011-09-03,330020.0,"Quinta Normal, Santiago",-33.445,-70.68278,958.7625
2011-09-03,330021.0,Pudahuel Santiago ,-33.37833,-70.78778,963.8416666666667
2011-09-03,330030.0,"Santo Domingo, Ad.",-33.65611,-71.61333,1012.7714285714285
2011-09-03,330031.0,"Juan Fernández, Estación Meteorológica.",-33.63583,-78.83305,1016.0
2011-09-03,340031.0,"General Freire, Curicó Ad.",-34.96944,-71.21694,992.8090909090909
2011-09-03,360011.0,"General Bernardo O'Higgins, Chillán Ad.",-36.58583,-72.03667,1003.3090909090909
2011-09-03,360019.0,"Carriel Sur, Concepción Ap.",-36.78055,-73.06639,1018.2624999999999
2011-09-03,370033.0,"María Dolores, Los Angeles Ad.",-37.39694,-72.42389,1005.75
2011-09-03,380013.0,"Maquehue, Temuco Ad.",-38.76778,-72.63194,1006.0375
2011-09-03,390006.0,"Pichoy, Valdivia Ad.",-39.65667,-73.08722,1015.4
2011-09-03,400009.0,"Cañal Bajo,  Osorno Ad.",-40.61444,-73.0575,1010.0272727272727
2011-09-03,410005.0,El Tepual  Puerto Montt Ap.,-41.4475,-73.09583,1003.5916666666667
2011-09-03,450004.0,"Teniente Vidal, Coyhaique Ad.",-45.59083,-72.10222,968.8076923076923
2011-09-03,450005.0,Balmaceda Ad.,-45.91833,-71.67778,943.0181818181819
2011-09-03,520006.0,"Carlos Ibañez, Punta Arenas Ap.",-53.00167,-70.83861,982.9458333333333
2011-09-03,530005.0,"Fuentes Martínez, Porvenir Ad.",-53.25361,-70.32611,984.6
2011-09-03,550001.0,"Guardiamarina Zañartu, Pto Williams Ad.",-54.93167,-67.61556,982.5769230769231
2011-09-03,950001.0,"C.M.A. Eduardo Frei Montalva, Antártica ",-62.19194,-58.97972,991.7
2011-09-04,180005.0,"Chacalluta, Arica Ap.",-18.35555,-70.34028,1014.8541666666666
2011-09-04,200006.0,Diego Aracena Iquique Ap.,-20.54917,-70.18111,1014.225
2011-09-04,220002.0,"El Loa, Calama Ad.",-22.49806,-68.8925,777.2384615384616
2011-09-04,270001.0,Mataveri  Isla de Pascua Ap.,-27.15889,-109.4325,1021.3958333333334
2011-09-04,270008.0,"Desierto de Atacama, Caldera  Ad.",-27.25444,-70.78111,999.8916666666668
2011-09-04,290004.0,"La Florida, La Serena Ad.",-29.91444,-71.20667,1007.1958333333333
2011-09-04,330007.0,"Rodelillo, Ad.",-33.06528,-71.55639,985.6666666666666
2011-09-04,330019.0,"Eulogio Sánchez, Tobalaba Ad.",-33.45528,-70.54861,949.4
2011-09-04,330020.0,"Quinta Normal, Santiago",-33.445,-70.68278,963.075
2011-09-04,330021.0,Pudahuel Santiago ,-33.37833,-70.78778,968.4666666666667
2011-09-04,330030.0,"Santo Domingo, Ad.",-33.65611,-71.61333,1018.2642857142857
2011-09-04,330031.0,"Juan Fernández, Estación Meteorológica.",-33.63583,-78.83305,1023.875
2011-09-04,340031.0,"General Freire, Curicó Ad.",-34.96944,-71.21694,998.5909090909091
2011-09-04,360011.0,"General Bernardo O'Higgins, Chillán Ad.",-36.58583,-72.03667,1008.6727272727272
2011-09-04,360019.0,"Carriel Sur, Concepción Ap.",-36.78055,-73.06639,1023.8958333333334
2011-09-04,370033.0,"María Dolores, Los Angeles Ad.",-37.39694,-72.42389,1010.6
2011-09-04,380013.0,"Maquehue, Temuco Ad.",-38.76778,-72.63194,1011.6875
2011-09-04,390006.0,"Pichoy, Valdivia Ad.",-39.65667,-73.08722,1020.025
2011-09-04,400009.0,"Cañal Bajo,  Osorno Ad.",-40.61444,-73.0575,1014.1545454545455
2011-09-04,410005.0,El Tepual  Puerto Montt Ap.,-41.4475,-73.09583,1008.6583333333333
2011-09-04,450004.0,"Teniente Vidal, Coyhaique Ad.",-45.59083,-72.10222,970.0076923076923
2011-09-04,450005.0,Balmaceda Ad.,-45.91833,-71.67778,943.0181818181819
2011-09-04,520006.0,"Carlos Ibañez, Punta Arenas Ap.",-53.00167,-70.83861,982.975
2011-09-04,550001.0,"Guardiamarina Zañartu, Pto Williams Ad.",-54.93167,-67.61556,984.7846153846154
2011-09-04,950001.0,"C.M.A. Eduardo Frei Montalva, Antártica ",-62.19194,-58.97972,990.8
2011-09-05,180005.0,"Chacalluta, Arica Ap.",-18.35555,-70.34028,1014.0333333333333
2011-09-05,200006.0,Diego Aracena Iquique Ap.,-20.54917,-70.18111,1013.5875
2011-09-05,220002.0,"El Loa, Calama Ad.",-22.49806,-68.8925,777.3470588235294
2011-09-05,270001.0,Mataveri  Isla de Pascua Ap.,-27.15889,-109.4325,1020.0291666666667
2011-09-05,270008.0,"Desierto de Atacama, Caldera  Ad.",-27.25444,-70.78111,997.2692307692307
2011-09-05,290004.0,"La Florida, La Serena Ad.",-29.91444,-71.20667,1004.3666666666667
2011-09-05,330007.0,"Rodelillo, Ad.",-33.06528,-71.55639,982.5
2011-09-05,330019.0,"Eulogio Sánchez, Tobalaba Ad.",-33.45528,-70.54861,947.6454545454545
2011-09-05,330020.0,"Quinta Normal, Santiago",-33.445,-70.68278,963.4875
2011-09-05,330021.0,Pudahuel Santiago ,-33.37833,-70.78778,968.5333333333333
2011-09-05,330030.0,"Santo Domingo, Ad.",-33.65611,-71.61333,1016.5500000000001
2011-09-05,330031.0,"Juan Fernández, Estación Meteorológica.",-33.63583,-78.83305,1026.575
2011-09-05,340031.0,"General Freire, Curicó Ad.",-34.96944,-71.21694,997.5727272727272
2011-09-05,360011.0,"General Bernardo O'Higgins, Chillán Ad.",-36.58583,-72.03667,1009.4181818181819
2011-09-05,360019.0,"Carriel Sur, Concepción Ap.",-36.78055,-73.06639,1027.7375
2011-09-05,370033.0,"María Dolores, Los Angeles Ad.",-37.39694,-72.42389,1013.8
2011-09-05,380013.0,"Maquehue, Temuco Ad.",-38.76778,-72.63194,1014.6375
2011-09-05,390006.0,"Pichoy, Valdivia Ad.",-39.65667,-73.08722,1023.3
2011-09-05,400009.0,"Cañal Bajo,  Osorno Ad.",-40.61444,-73.0575,1017.8818181818183
2011-09-05,410005.0,El Tepual  Puerto Montt Ap.,-41.4475,-73.09583,1012.6166666666667
2011-09-05,430001.0,Quellón Ad.,-43.13361,-73.63278,1021.5333333333333
2011-09-05,450001.0,Puerto Aysén Ad.,-45.39944,-72.67722,1016.4666666666667
2011-09-05,450004.0,"Teniente Vidal, Coyhaique Ad.",-45.59083,-72.10222,976.6538461538462
2011-09-05,450005.0,Balmaceda Ad.,-45.91833,-71.67778,949.0999999999999
2011-09-05,510005.0,"Teniente Gallardo, Puerto Natales Ad.",-51.66722,-72.52889,996.6666666666666
2011-09-05,520006.0,"Carlos Ibañez, Punta Arenas Ap.",-53.00167,-70.83861,994.4708333333333
2011-09-05,530005.0,"Fuentes Martínez, Porvenir Ad.",-53.25361,-70.32611,997.325
2011-09-05,550001.0,"Guardiamarina Zañartu, Pto Williams Ad.",-54.93167,-67.61556,995.6714285714286
2011-09-05,950001.0,"C.M.A. Eduardo Frei Montalva, Antártica ",-62.19194,-58.97972,995.3
2011-09-06,180005.0,"Chacalluta, Arica Ap.",-18.35555,-70.34028,1013.0666666666666
2011-09-06,200006.0,Diego Aracena Iquique Ap.,-20.54917,-70.18111,1012.6916666666666
2011-09-06,220002.0,"El Loa, Calama Ad.",-22.49806,-68.8925,777.1470588235294
2011-09-06,270001.0,Mataveri  Isla de Pascua Ap.,-27.15889,-109.4325,1019.2708333333334
2011-09-06,270008.0,"Desierto de Atacama, Caldera  Ad.",-27.25444,-70.78111,997.5153846153846
2011-09-06,290004.0,"La Florida, La Serena Ad.",-29.91444,-71.20667,1002.3041666666667
2011-09-06,330007.0,"Rodelillo, Ad.",-33.06528,-71.55639,980.1666666666666
2011-09-06,330019.0,"Eulogio Sánchez, Tobalaba Ad.",-33.45528,-70.54861,944.3454545454545
2011-09-06,330020.0,"Quinta Normal, Santiago",-33.445,-70.68278,959.0375
2011-09-06,330021.0,Pudahuel Santiago ,-33.37833,-70.78778,964.1125000000001
2011-09-06,330030.0,"Santo Domingo, Ad.",-33.65611,-71.61333,1012.8642857142858
2011-09-06,330031.0,"Juan Fernández, Estación Meteorológica.",-33.63583,-78.83305,1022.85
2011-09-06,340031.0,"General Freire, Curicó Ad.",-34.96944,-71.21694,993.9727272727273
2011-09-06,360011.0,"General Bernardo O'Higgins, Chillán Ad.",-36.58583,-72.03667,1005.1636363636363
2011-09-06,360019.0,"Carriel Sur, Concepción Ap.",-36.78055,-73.06639,1022.9916666666667
2011-09-06,370033.0,"María Dolores, Los Angeles Ad.",-37.39694,-72.42389,1008.65
2011-09-06,380013.0,"Maquehue, Temuco Ad.",-38.76778,-72.63194,1013.2125
2011-09-06,390006.0,"Pichoy, Valdivia Ad.",-39.65667,-73.08722,1019.05
2011-09-06,400009.0,"Cañal Bajo,  Osorno Ad.",-40.61444,-73.0575,1016.0909090909091
2011-09-06,410005.0,El Tepual  Puerto Montt Ap.,-41.4475,-73.09583,1012.5583333333334
2011-09-06,430001.0,Quellón Ad.,-43.13361,-73.63278,1019.9333333333334
2011-09-06,450001.0,Puerto Aysén Ad.,-45.39944,-72.67722,1016.9666666666667
2011-09-06,450004.0,"Teniente Vidal, Coyhaique Ad.",-45.59083,-72.10222,977.9153846153846
2011-09-06,450005.0,Balmaceda Ad.,-45.91833,-71.67778,950.5454545454545
2011-09-06,510005.0,"Teniente Gallardo, Puerto Natales Ad.",-51.66722,-72.52889,991.1999999999999
2011-09-06,520006.0,"Carlos Ibañez, Punta Arenas Ap.",-53.00167,-70.83861,995.9083333333333
2011-09-06,530005.0,"Fuentes Martínez, Porvenir Ad.",-53.25361,-70.32611,995.5
2011-09-06,550001.0,"Guardiamarina Zañartu, Pto Williams Ad.",-54.93167,-67.61556,997.323076923077
2011-09-06,950001.0,"C.M.A. Eduardo Frei Montalva, Antártica ",-62.19194,-58.97972,989.7125
2011-09-07,180005.0,"Chacalluta, Arica Ap.",-18.35555,-70.34028,1014.3708333333334
2011-09-07,200006.0,Diego Aracena Iquique Ap.,-20.54917,-70.18111,1014.3208333333333
2011-09-07,220002.0,"El Loa, Calama Ad.",-22.49806,-68.8925,777.2705882352941
2011-09-07,270001.0,Mataveri  Isla de Pascua Ap.,-27.15889,-109.4325,1020.6708333333332
2011-09-07,270008.0,"Desierto de Atacama, Caldera  Ad.",-27.25444,-70.78111,999.53125
2011-09-07,290004.0,"La Florida, La Serena Ad.",-29.91444,-71.20667,1005.1416666666668
2011-09-07,330007.0,"Rodelillo, Ad.",-33.06528,-71.55639,983.1666666666666
2011-09-07,330019.0,"Eulogio Sánchez, Tobalaba Ad.",-33.45528,-70.54861,946.6727272727272
2011-09-07,330020.0,"Quinta Normal, Santiago",-33.445,-70.68278,960.5625
2011-09-07,330021.0,Pudahuel Santiago ,-33.37833,-70.78778,965.8625000000001
2011-09-07,330030.0,"Santo Domingo, Ad.",-33.65611,-71.61333,1015.5285714285714
2011-09-07,330031.0,"Juan Fernández, Estación Meteorológica.",-33.63583,-78.83305,1022.15
2011-09-07,340031.0,"General Freire, Curicó Ad.",-34.96944,-71.21694,996.0909090909091
2011-09-07,360011.0,"General Bernardo O'Higgins, Chillán Ad.",-36.58583,-72.03667,1006.9
2011-09-07,360019.0,"Carriel Sur, Concepción Ap.",-36.78055,-73.06639,1023.8458333333333
2011-09-07,370033.0,"María Dolores, Los Angeles Ad.",-37.39694,-72.42389,1010.45
2011-09-07,380013.0,"Maquehue, Temuco Ad.",-38.76778,-72.63194,1013.75
2011-09-07,390006.0,"Pichoy, Valdivia Ad.",-39.65667,-73.08722,1021.95
2011-09-07,400009.0,"Cañal Bajo,  Osorno Ad.",-40.61444,-73.0575,1016.2454545454547
2011-09-07,410005.0,El Tepual  Puerto Montt Ap.,-41.4475,-73.09583,1012.2375000000001
2011-09-07,430001.0,Quellón Ad.,-43.13361,-73.63278,1018.4
2011-09-07,450001.0,Puerto Aysén Ad.,-45.39944,-72.67722,1014.3333333333334
2011-09-07,450004.0,"Teniente Vidal, Coyhaique Ad.",-45.59083,-72.10222,976.6307692307693
2011-09-07,450005.0,Balmaceda Ad.,-45.91833,-71.67778,950.1545454545455
2011-09-07,510005.0,"Teniente Gallardo, Puerto Natales Ad.",-51.66722,-72.52889,1000.6666666666666
2011-09-07,520006.0,"Carlos Ibañez, Punta Arenas Ap.",-53.00167,-70.83861,1001.5
2011-09-07,530005.0,"Fuentes Martínez, Porvenir Ad.",-53.25361,-70.32611,1004.75
2011-09-07,550001.0,"Guardiamarina Zañartu, Pto Williams Ad.",-54.93167,-67.61556,1006.0384615384615
2011-09-07,950001.0,"C.M.A. Eduardo Frei Montalva, Antártica ",-62.19194,-58.97972,987.6875
2011-09-08,180005.0,"Chacalluta, Arica Ap.",-18.35555,-70.34028,1014.2875
2011-09-08,200006.0,Diego Aracena Iquique Ap.,-20.54917,-70.18111,1013.7416666666667
2011-09-08,220002.0,"El Loa, Calama Ad.",-22.49806,-68.8925,776.7294117647059
2011-09-08,270001.0,Mataveri  Isla de Pascua Ap.,-27.15889,-109.4325,1021.8666666666667
2011-09-08,270008.0,"Desierto de Atacama, Caldera  Ad.",-27.25444,-70.78111,997.9142857142857
2011-09-08,290004.0,"La Florida, La Serena Ad.",-29.91444,-71.20667,1005.5749999999999
2011-09-08,330007.0,"Rodelillo, Ad.",-33.06528,-71.55639,982.8333333333334
2011-09-08,330019.0,"Eulogio Sánchez, Tobalaba Ad.",-33.45528,-70.54861,947.1090909090909
2011-09-08,330020.0,"Quinta Normal, Santiago",-33.445,-70.68278,962.7125
2011-09-08,330021.0,Pudahuel Santiago ,-33.37833,-70.78778,967.7875
2011-09-08,330030.0,"Santo Domingo, Ad.",-33.65611,-71.61333,1015.5500000000001
2011-09-08,330031.0,"Juan Fernández, Estación Meteorológica.",-33.63583,-78.83305,1020.75
2011-09-08,340031.0,"General Freire, Curicó Ad.",-34.96944,-71.21694,995.6
2011-09-08,360011.0,"General Bernardo O'Higgins, Chillán Ad.",-36.58583,-72.03667,1005.6181818181817
2011-09-08,360019.0,"Carriel Sur, Concepción Ap.",-36.78055,-73.06639,1022.5208333333334
2011-09-08,370033.0,"María Dolores, Los Angeles Ad.",-37.39694,-72.42389,1008.05
2011-09-08,380013.0,"Maquehue, Temuco Ad.",-38.76778,-72.63194,1009.8375
2011-09-08,390006.0,"Pichoy, Valdivia Ad.",-39.65667,-73.08722,1013.975
2011-09-08,400009.0,"Cañal Bajo,  Osorno Ad.",-40.61444,-73.0575,1008.1818181818181
2011-09-08,410005.0,El Tepual  Puerto Montt Ap.,-41.4475,-73.09583,1005.3249999999999
2011-09-08,430001.0,Quellón Ad.,-43.13361,-73.63278,1012.5
2011-09-08,450001.0,Puerto Aysén Ad.,-45.39944,-72.67722,1007.6333333333333
2011-09-08,450004.0,"Teniente Vidal, Coyhaique Ad.",-45.59083,-72.10222,970.9076923076923
2011-09-08,450005.0,Balmaceda Ad.,-45.91833,-71.67778,943.4090909090909
2011-09-08,510005.0,"Teniente Gallardo, Puerto Natales Ad.",-51.66722,-72.52889,989.1
2011-09-08,520006.0,"Carlos Ibañez, Punta Arenas Ap.",-53.00167,-70.83861,995.6500000000001
2011-09-08,530005.0,"Fuentes Martínez, Porvenir Ad.",-53.25361,-70.32611,994.425
2011-09-08,550001.0,"Guardiamarina Zañartu, Pto Williams Ad.",-54.93167,-67.61556,999.71
2011-09-08,950001.0,"C.M.A. Eduardo Frei Montalva, Antártica ",-62.19194,-58.97972,991.15
2011-09-09,180005.0,"Chacalluta, Arica Ap.",-18.35555,-70.34028,1014.0208333333334
2011-09-09,200006.0,Diego Aracena Iquique Ap.,-20.54917,-70.18111,1013.3833333333333
2011-09-09,220002.0,"El Loa, Calama Ad.",-22.49806,-68.8925,777.3117647058823
2011-09-09,270001.0,Mataveri  Isla de Pascua Ap.,-27.15889,-109.4325,1019.5208333333334
2011-09-09,270008.0,"Desierto de Atacama, Caldera  Ad.",-27.25444,-70.78111,996.1461538461538
2011-09-09,290004.0,"La Florida, La Serena Ad.",-29.91444,-71.20667,1003.0
2011-09-09,330007.0,"Rodelillo, Ad.",-33.06528,-71.55639,981.3333333333334
2011-09-09,330019.0,"Eulogio Sánchez, Tobalaba Ad.",-33.45528,-70.54861,945.4272727272728
2011-09-09,330020.0,"Quinta Normal, Santiago",-33.445,-70.68278,960.3125
2011-09-09,330021.0,Pudahuel Santiago ,-33.37833,-70.78778,965.4416666666666
2011-09-09,330030.0,"Santo Domingo, Ad.",-33.65611,-71.61333,1013.8357142857142
2011-09-09,330031.0,"Juan Fernández, Estación Meteorológica.",-33.63583,-78.83305,1019.175
2011-09-09,340031.0,"General Freire, Curicó Ad.",-34.96944,-71.21694,993.3272727272728
2011-09-09,360011.0,"General Bernardo O'Higgins, Chillán Ad.",-36.58583,-72.03667,1001.9454545454545
2011-09-09,360019.0,"Carriel Sur, Concepción Ap.",-36.78055,-73.06639,1018.5291666666667
2011-09-09,370033.0,"María Dolores, Los Angeles Ad.",-37.39694,-72.42389,1002.75
2011-09-09,380013.0,"Maquehue, Temuco Ad.",-38.76778,-72.63194,1004.1
2011-09-09,390006.0,"Pichoy, Valdivia Ad.",-39.65667,-73.08722,1009.0500000000001
2011-09-09,400009.0,"Cañal Bajo,  Osorno Ad.",-40.61444,-73.0575,1000.9272727272728
2011-09-09,410005.0,El Tepual  Puerto Montt Ap.,-41.4475,-73.09583,997.9958333333334
2011-09-09,430001.0,Quellón Ad.,-43.13361,-73.63278,999.0
2011-09-09,450001.0,Puerto Aysén Ad.,-45.39944,-72.67722,1001.5
2011-09-09,450004.0,"Teniente Vidal, Coyhaique Ad.",-45.59083,-72.10222,967.4846153846154
2011-09-09,450005.0,Balmaceda Ad.,-45.91833,-71.67778,942.0363636363636
2011-09-09,510005.0,"Teniente Gallardo, Puerto Natales Ad.",-51.66722,-72.52889,992.6666666666666
2011-09-09,520006.0,"Carlos Ibañez, Punta Arenas Ap.",-53.00167,-70.83861,993.5749999999999
2011-09-09,530005.0,"Fuentes Martínez, Porvenir Ad.",-53.25361,-70.32611,994.7
2011-09-09,550001.0,"Guardiamarina Zañartu, Pto Williams Ad.",-54.93167,-67.61556,995.175
2011-09-09,950001.0,"C.M.A. Eduardo Frei Montalva, Antártica ",-62.19194,-58.97972,991.45
2011-09-10,180005.0,"Chacalluta, Arica Ap.",-18.35555,-70.34028,1014.625
2011-09-10,200006.0,Diego Aracena Iquique Ap.,-20.54917,-70.18111,1013.8083333333334
2011-09-10,220002.0,"El Loa, Calama Ad.",-22.49806,-68.8925,778.875
2011-09-10,270001.0,Mataveri  Isla de Pascua Ap.,-27.15889,-109.4325,1016.0208333333334
2011-09-10,270008.0,"Desierto de Atacama, Caldera  Ad.",-27.25444,-70.78111,998.6857142857143
2011-09-10,290004.0,"La Florida, La Serena Ad.",-29.91444,-71.20667,1004.5708333333333
2011-09-10,330007.0,"Rodelillo, Ad.",-33.06528,-71.55639,983.5
2011-09-10,330019.0,"Eulogio Sánchez, Tobalaba Ad.",-33.45528,-70.54861,948.1909090909091
2011-09-10,330020.0,"Quinta Normal, Santiago",-33.445,-70.68278,962.5375
2011-09-10,330021.0,Pudahuel Santiago ,-33.37833,-70.78778,967.8083333333334
2011-09-10,330030.0,"Santo Domingo, Ad.",-33.65611,-71.61333,1016.2785714285714
2011-09-10,330031.0,"Juan Fernández, Estación Meteorológica.",-33.63583,-78.83305,1025.05
2011-09-10,340031.0,"General Freire, Curicó Ad.",-34.96944,-71.21694,998.6181818181817
2011-09-10,360011.0,"General Bernardo O'Higgins, Chillán Ad.",-36.58583,-72.03667,1010.3090909090909
2011-09-10,360019.0,"Carriel Sur, Concepción Ap.",-36.78055,-73.06639,1026.5583333333334
2011-09-10,370033.0,"María Dolores, Los Angeles Ad.",-37.39694,-72.42389,1015.0
2011-09-10,380013.0,"Maquehue, Temuco Ad.",-38.76778,-72.63194,1015.2875
2011-09-10,390006.0,"Pichoy, Valdivia Ad.",-39.65667,-73.08722,1023.45
2011-09-10,400009.0,"Cañal Bajo,  Osorno Ad.",-40.61444,-73.0575,1020.5818181818181
2011-09-10,410005.0,El Tepual  Puerto Montt Ap.,-41.4475,-73.09583,1013.5333333333333
2011-09-10,450004.0,"Teniente Vidal, Coyhaique Ad.",-45.59083,-72.10222,979.9538461538461
2011-09-10,450005.0,Balmaceda Ad.,-45.91833,-71.67778,954.8363636363637
2011-09-10,510005.0,"Teniente Gallardo, Puerto Natales Ad.",-51.66722,-72.52889,999.6
2011-09-10,520006.0,"Carlos Ibañez, Punta Arenas Ap.",-53.00167,-70.83861,1000.4208333333332
2011-09-10,530005.0,"Fuentes Martínez, Porvenir Ad.",-53.25361,-70.32611,1003.5
2011-09-10,550001.0,"Guardiamarina Zañartu, Pto Williams Ad.",-54.93167,-67.61556,
2011-09-10,950001.0,"C.M.A. Eduardo Frei Montalva, Antártica ",-62.19194,-58.97972,990.6625
2011-09-11,180005.0,"Chacalluta, Arica Ap.",-18.35555,-70.34028,1013.3458333333333
2011-09-11,200006.0,Diego Aracena Iquique Ap.,-20.54917,-70.18111,1012.4958333333334
2011-09-11,220002.0,"El Loa, Calama Ad.",-22.49806,-68.8925,778.125
2011-09-11,270001.0,Mataveri  Isla de Pascua Ap.,-27.15889,-109.4325,1013.6541666666667
2011-09-11,270008.0,"Desierto de Atacama, Caldera  Ad.",-27.25444,-70.78111,995.0916666666667
2011-09-11,290004.0,"La Florida, La Serena Ad.",-29.91444,-71.20667,1001.0458333333332
2011-09-11,330007.0,"Rodelillo, Ad.",-33.06528,-71.55639,980.5833333333334
2011-09-11,330019.0,"Eulogio Sánchez, Tobalaba Ad.",-33.45528,-70.54861,947.3727272727273
2011-09-11,330020.0,"Quinta Normal, Santiago",-33.445,-70.68278,962.375
2011-09-11,330021.0,Pudahuel Santiago ,-33.37833,-70.78778,967.3958333333334
2011-09-11,330030.0,"Santo Domingo, Ad.",-33.65611,-71.61333,1014.0071428571429
2011-09-11,330031.0,"Juan Fernández, Estación Meteorológica.",-33.63583,-78.83305,1025.15
2011-09-11,340031.0,"General Freire, Curicó Ad.",-34.96944,-71.21694,996.5545454545455
2011-09-11,360011.0,"General Bernardo O'Higgins, Chillán Ad.",-36.58583,-72.03667,1008.2727272727273
2011-09-11,360019.0,"Carriel Sur, Concepción Ap.",-36.78055,-73.06639,1026.2541666666668
2011-09-11,370033.0,"María Dolores, Los Angeles Ad.",-37.39694,-72.42389,1012.35
2011-09-11,380013.0,"Maquehue, Temuco Ad.",-38.76778,-72.63194,1015.0375
2011-09-11,390006.0,"Pichoy, Valdivia Ad.",-39.65667,-73.08722,1019.825
2011-09-11,400009.0,"Cañal Bajo,  Osorno Ad.",-40.61444,-73.0575,1013.2
2011-09-11,410005.0,El Tepual  Puerto Montt Ap.,-41.4475,-73.09583,1009.5666666666666
2011-09-11,450004.0,"Teniente Vidal, Coyhaique Ad.",-45.59083,-72.10222,972.5
2011-09-11,450005.0,Balmaceda Ad.,-45.91833,-71.67778,945.5545454545455
2011-09-11,520006.0,"Carlos Ibañez, Punta Arenas Ap.",-53.00167,-70.83861,984.5
2011-09-11,550001.0,"Guardiamarina Zañartu, Pto Williams Ad.",-54.93167,-67.61556,
2011-09-11,950001.0,"C.M.A. Eduardo Frei Montalva, Antártica ",-62.19194,-58.97972,989.0
2011-09-12,180005.0,"Chacalluta, Arica Ap.",-18.35555,-70.34028,1010.9333333333334
2011-09-12,200006.0,Diego Aracena Iquique Ap.,-20.54917,-70.18111,1010.15
2011-09-12,220002.0,"El Loa, Calama Ad.",-22.49806,-68.8925,776.8352941176471
2011-09-12,270001.0,Mataveri  Isla de Pascua Ap.,-27.15889,-109.4325,1012.5916666666667
2011-09-12,270008.0,"Desierto de Atacama, Caldera  Ad.",-27.25444,-70.78111,993.6785714285714
2011-09-12,290004.0,"La Florida, La Serena Ad.",-29.91444,-71.20667,998.475
2011-09-12,330007.0,"Rodelillo, Ad.",-33.06528,-71.55639,975.5
2011-09-12,330019.0,"Eulogio Sánchez, Tobalaba Ad.",-33.45528,-70.54861,942.5363636363636
2011-09-12,330020.0,"Quinta Normal, Santiago",-33.445,-70.68278,958.625
2011-09-12,330021.0,Pudahuel Santiago ,-33.37833,-70.78778,963.4375
2011-09-12,330030.0,"Santo Domingo, Ad.",-33.65611,-71.61333,1009.3285714285714
2011-09-12,330031.0,"Juan Fernández, Estación Meteorológica.",-33.63583,-78.83305,1023.625
2011-09-12,340031.0,"General Freire, Curicó Ad.",-34.96944,-71.21694,992.1181818181817
2011-09-12,360011.0,"General Bernardo O'Higgins, Chillán Ad.",-36.58583,-72.03667,1004.3727272727273
2011-09-12,360019.0,"Carriel Sur, Concepción Ap.",-36.78055,-73.06639,1023.7333333333332
2011-09-12,370033.0,"María Dolores, Los Angeles Ad.",-37.39694,-72.42389,1010.35
2011-09-12,380013.0,"Maquehue, Temuco Ad.",-38.76778,-72.63194,1014.575
2011-09-12,390006.0,"Pichoy, Valdivia Ad.",-39.65667,-73.08722,1024.225
2011-09-12,400009.0,"Cañal Bajo,  Osorno Ad.",-40.61444,-73.0575,1020.0272727272727
2011-09-12,410005.0,El Tepual  Puerto Montt Ap.,-41.4475,-73.09583,1015.0208333333334
2011-09-12,430001.0,Quellón Ad.,-43.13361,-73.63278,1025.3
2011-09-12,430002.0,Futaleufú Ad.,-43.18889,-71.85222,982.3666666666667
2011-09-12,450001.0,Puerto Aysén Ad.,-45.39944,-72.67722,1021.9333333333334
2011-09-12,450004.0,"Teniente Vidal, Coyhaique Ad.",-45.59083,-72.10222,983.0999999999999
2011-09-12,450005.0,Balmaceda Ad.,-45.91833,-71.67778,954.4727272727273
2011-09-12,510005.0,"Teniente Gallardo, Puerto Natales Ad.",-51.66722,-72.52889,996.4666666666667
2011-09-12,520006.0,"Carlos Ibañez, Punta Arenas Ap.",-53.00167,-70.83861,990.1833333333334
2011-09-12,530005.0,"Fuentes Martínez, Porvenir Ad.",-53.25361,-70.32611,997.025
2011-09-12,550001.0,"Guardiamarina Zañartu, Pto Williams Ad.",-54.93167,-67.61556,991.29
2011-09-12,950001.0,"C.M.A. Eduardo Frei Montalva, Antártica ",-62.19194,-58.97972,976.75
2011-09-13,180005.0,"Chacalluta, Arica Ap.",-18.35555,-70.34028,1011.0958333333333
2011-09-13,200006.0,Diego Aracena Iquique Ap.,-20.54917,-70.18111,1010.2041666666668
2011-09-13,220002.0,"El Loa, Calama Ad.",-22.49806,-68.8925,777.2058823529412
2011-09-13,270001.0,Mataveri  Isla de Pascua Ap.,-27.15889,-109.4325,1016.0124999999999
2011-09-13,270008.0,"Desierto de Atacama, Caldera  Ad.",-27.25444,-70.78111,994.3153846153847
2011-09-13,290004.0,"La Florida, La Serena Ad.",-29.91444,-71.20667,999.2833333333333
2011-09-13,330007.0,"Rodelillo, Ad.",-33.06528,-71.55639,975.4166666666666
2011-09-13,330019.0,"Eulogio Sánchez, Tobalaba Ad.",-33.45528,-70.54861,938.9909090909091
2011-09-13,330020.0,"Quinta Normal, Santiago",-33.445,-70.68278,953.9
2011-09-13,330021.0,Pudahuel Santiago ,-33.37833,-70.78778,958.7875
2011-09-13,330030.0,"Santo Domingo, Ad.",-33.65611,-71.61333,1006.5714285714286
2011-09-13,330031.0,"Juan Fernández, Estación Meteorológica.",-33.63583,-78.83305,1019.7
2011-09-13,340031.0,"General Freire, Curicó Ad.",-34.96944,-71.21694,987.6818181818181
2011-09-13,360011.0,"General Bernardo O'Higgins, Chillán Ad.",-36.58583,-72.03667,997.9090909090909
2011-09-13,360019.0,"Carriel Sur, Concepción Ap.",-36.78055,-73.06639,1017.3666666666667
2011-09-13,370033.0,"María Dolores, Los Angeles Ad.",-37.39694,-72.42389,1004.3
2011-09-13,380013.0,"Maquehue, Temuco Ad.",-38.76778,-72.63194,1010.8375
2011-09-13,390006.0,"Pichoy, Valdivia Ad.",-39.65667,-73.08722,1018.725
2011-09-13,400009.0,"Cañal Bajo,  Osorno Ad.",-40.61444,-73.0575,1015.3636363636364
2011-09-13,410005.0,El Tepual  Puerto Montt Ap.,-41.4475,-73.09583,1014.2166666666667
2011-09-13,430001.0,Quellón Ad.,-43.13361,-73.63278,1023.4666666666667
2011-09-13,430002.0,Futaleufú Ad.,-43.18889,-71.85222,983.4333333333334
2011-09-13,450001.0,Puerto Aysén Ad.,-45.39944,-72.67722,1023.7666666666668
2011-09-13,450004.0,"Teniente Vidal, Coyhaique Ad.",-45.59083,-72.10222,984.4384615384616
2011-09-13,450005.0,Balmaceda Ad.,-45.91833,-71.67778,958.4545454545455
2011-09-13,510005.0,"Teniente Gallardo, Puerto Natales Ad.",-51.66722,-72.52889,1003.2333333333332
2011-09-13,520006.0,"Carlos Ibañez, Punta Arenas Ap.",-53.00167,-70.83861,1003.5166666666668
2011-09-13,530005.0,"Fuentes Martínez, Porvenir Ad.",-53.25361,-70.32611,1005.9
2011-09-13,550001.0,"Guardiamarina Zañartu, Pto Williams Ad.",-54.93167,-67.61556,1004.8666666666666
2011-09-13,950001.0,"C.M.A. Eduardo Frei Montalva, Antártica ",-62.19194,-58.97972,987.3125
2011-09-14,180005.0,"Chacalluta, Arica Ap.",-18.35555,-70.34028,1012.0291666666667
2011-09-14,200006.0,Diego Aracena Iquique Ap.,-20.54917,-70.18111,1011.2624999999999
2011-09-14,220002.0,"El Loa, Calama Ad.",-22.49806,-68.8925,777.3764705882353
2011-09-14,270001.0,Mataveri  Isla de Pascua Ap.,-27.15889,-109.4325,1015.8125
2011-09-14,270008.0,"Desierto de Atacama, Caldera  Ad.",-27.25444,-70.78111,996.0538461538462
2011-09-14,290004.0,"La Florida, La Serena Ad.",-29.91444,-71.20667,1001.7166666666667
2011-09-14,330007.0,"Rodelillo, Ad.",-33.06528,-71.55639,978.8333333333334
2011-09-14,330019.0,"Eulogio Sánchez, Tobalaba Ad.",-33.45528,-70.54861,941.9545454545455
2011-09-14,330020.0,"Quinta Normal, Santiago",-33.445,-70.68278,955.9875
2011-09-14,330021.0,Pudahuel Santiago ,-33.37833,-70.78778,960.6541666666667
2011-09-14,330030.0,"Santo Domingo, Ad.",-33.65611,-71.61333,1010.5857142857143
2011-09-14,330031.0,"Juan Fernández, Estación Meteorológica.",-33.63583,-78.83305,1014.25
2011-09-14,340031.0,"General Freire, Curicó Ad.",-34.96944,-71.21694,990.3181818181819
2011-09-14,360011.0,"General Bernardo O'Higgins, Chillán Ad.",-36.58583,-72.03667,999.7909090909092
2011-09-14,360019.0,"Carriel Sur, Concepción Ap.",-36.78055,-73.06639,1015.1958333333333
2011-09-14,370033.0,"María Dolores, Los Angeles Ad.",-37.39694,-72.42389,1001.8
2011-09-14,380013.0,"Maquehue, Temuco Ad.",-38.76778,-72.63194,1004.425
2011-09-14,390006.0,"Pichoy, Valdivia Ad.",-39.65667,-73.08722,1012.175
2011-09-14,400009.0,"Cañal Bajo,  Osorno Ad.",-40.61444,-73.0575,1006.8818181818183
2011-09-14,410005.0,El Tepual  Puerto Montt Ap.,-41.4475,-73.09583,1004.5124999999999
2011-09-14,430001.0,Quellón Ad.,-43.13361,-73.63278,1010.5333333333333
2011-09-14,430002.0,Futaleufú Ad.,-43.18889,-71.85222,971.8000000000001
2011-09-14,450001.0,Puerto Aysén Ad.,-45.39944,-72.67722,1008.8666666666667
2011-09-14,450004.0,"Teniente Vidal, Coyhaique Ad.",-45.59083,-72.10222,970.3846153846154
2011-09-14,450005.0,Balmaceda Ad.,-45.91833,-71.67778,945.5636363636364
2011-09-14,510005.0,"Teniente Gallardo, Puerto Natales Ad.",-51.66722,-72.52889,985.9
2011-09-14,520006.0,"Carlos Ibañez, Punta Arenas Ap.",-53.00167,-70.83861,990.6916666666666
2011-09-14,530005.0,"Fuentes Martínez, Porvenir Ad.",-53.25361,-70.32611,989.575
2011-09-14,550001.0,"Guardiamarina Zañartu, Pto Williams Ad.",-54.93167,-67.61556,990.188888888889
2011-09-14,950001.0,"C.M.A. Eduardo Frei Montalva, Antártica ",-62.19194,-58.97972,996.6375
2011-09-15,180005.0,"Chacalluta, Arica Ap.",-18.35555,-70.34028,1011.3666666666667
2011-09-15,200006.0,Diego Aracena Iquique Ap.,-20.54917,-70.18111,1010.5749999999999
2011-09-15,220002.0,"El Loa, Calama Ad.",-22.49806,-68.8925,777.3117647058823
2011-09-15,270001.0,Mataveri  Isla de Pascua Ap.,-27.15889,-109.4325,1015.475
2011-09-15,270008.0,"Desierto de Atacama, Caldera  Ad.",-27.25444,-70.78111,995.9000000000001
2011-09-15,290004.0,"La Florida, La Serena Ad.",-29.91444,-71.20667,1001.2458333333334
2011-09-15,330007.0,"Rodelillo, Ad.",-33.06528,-71.55639,977.5833333333334
2011-09-15,330019.0,"Eulogio Sánchez, Tobalaba Ad.",-33.45528,-70.54861,940.7909090909092
2011-09-15,330020.0,"Quinta Normal, Santiago",-33.445,-70.68278,955.9625
2011-09-15,330021.0,Pudahuel Santiago ,-33.37833,-70.78778,960.9541666666668
2011-09-15,330030.0,"Santo Domingo, Ad.",-33.65611,-71.61333,1009.3214285714286
2011-09-15,330031.0,"Juan Fernández, Estación Meteorológica.",-33.63583,-78.83305,1010.15
2011-09-15,340031.0,"General Freire, Curicó Ad.",-34.96944,-71.21694,987.9636363636364
2011-09-15,360011.0,"General Bernardo O'Higgins, Chillán Ad.",-36.58583,-72.03667,998.1272727272727
2011-09-15,360019.0,"Carriel Sur, Concepción Ap.",-36.78055,-73.06639,1015.0791666666668
2011-09-15,370033.0,"María Dolores, Los Angeles Ad.",-37.39694,-72.42389,1001.45
2011-09-15,380013.0,"Maquehue, Temuco Ad.",-38.76778,-72.63194,1002.1374999999999
2011-09-15,390006.0,"Pichoy, Valdivia Ad.",-39.65667,-73.08722,1007.975
2011-09-15,400009.0,"Cañal Bajo,  Osorno Ad.",-40.61444,-73.0575,1001.7818181818183
2011-09-15,410005.0,El Tepual  Puerto Montt Ap.,-41.4475,-73.09583,998.2624999999999
2011-09-15,430001.0,Quellón Ad.,-43.13361,-73.63278,1000.3333333333334
2011-09-15,430002.0,Futaleufú Ad.,-43.18889,-71.85222,963.5333333333333
2011-09-15,450001.0,Puerto Aysén Ad.,-45.39944,-72.67722,997.6666666666666
2011-09-15,450004.0,"Teniente Vidal, Coyhaique Ad.",-45.59083,-72.10222,961.8538461538462
2011-09-15,450005.0,Balmaceda Ad.,-45.91833,-71.67778,948.3090909090909
2011-09-15,510005.0,"Teniente Gallardo, Puerto Natales Ad.",-51.66722,-72.52889,977.9666666666667
2011-09-15,520006.0,"Carlos Ibañez, Punta Arenas Ap.",-53.00167,-70.83861,983.0375
2011-09-15,530005.0,"Fuentes Martínez, Porvenir Ad.",-53.25361,-70.32611,982.475
2011-09-15,550001.0,"Guardiamarina Zañartu, Pto Williams Ad.",-54.93167,-67.61556,986.7222222222222
2011-09-15,950001.0,"C.M.A. Eduardo Frei Montalva, Antártica ",-62.19194,-58.97972,985.2625
2011-09-16,180005.0,"Chacalluta, Arica Ap.",-18.35555,-70.34028,1013.025
2011-09-16,200006.0,Diego Aracena Iquique Ap.,-20.54917,-70.18111,1012.3416666666667
2011-09-16,220002.0,"El Loa, Calama Ad.",-22.49806,-68.8925,777.6588235294118
2011-09-16,270001.0,Mataveri  Isla de Pascua Ap.,-27.15889,-109.4325,1014.6416666666668
2011-09-16,270008.0,"Desierto de Atacama, Caldera  Ad.",-27.25444,-70.78111,997.5714285714286
2011-09-16,290004.0,"La Florida, La Serena Ad.",-29.91444,-71.20667,1003.8416666666667
2011-09-16,330007.0,"Rodelillo, Ad.",-33.06528,-71.55639,982.3333333333334
2011-09-16,330019.0,"Eulogio Sánchez, Tobalaba Ad.",-33.45528,-70.54861,947.1454545454545
2011-09-16,330020.0,"Quinta Normal, Santiago",-33.445,-70.68278,960.3
2011-09-16,330021.0,Pudahuel Santiago ,-33.37833,-70.78778,965.725
2011-09-16,330030.0,"Santo Domingo, Ad.",-33.65611,-71.61333,1014.6214285714286
2011-09-16,330031.0,"Juan Fernández, Estación Meteorológica.",-33.63583,-78.83305,1020.8
2011-09-16,340031.0,"General Freire, Curicó Ad.",-34.96944,-71.21694,997.2636363636364
2011-09-16,360011.0,"General Bernardo O'Higgins, Chillán Ad.",-36.58583,-72.03667,1008.2818181818183
2011-09-16,360019.0,"Carriel Sur, Concepción Ap.",-36.78055,-73.06639,1021.0041666666666
2011-09-16,370033.0,"María Dolores, Los Angeles Ad.",-37.39694,-72.42389,1011.1
2011-09-16,380013.0,"Maquehue, Temuco Ad.",-38.76778,-72.63194,1008.1875
2011-09-16,390006.0,"Pichoy, Valdivia Ad.",-39.65667,-73.08722,1021.4
2011-09-16,400009.0,"Cañal Bajo,  Osorno Ad.",-40.61444,-73.0575,1016.3181818181819
2011-09-16,410005.0,El Tepual  Puerto Montt Ap.,-41.4475,-73.09583,1006.4708333333333
2011-09-16,430001.0,Quellón Ad.,-43.13361,-73.63278,1016.8666666666667
2011-09-16,430002.0,Futaleufú Ad.,-43.18889,-71.85222,975.3333333333334
2011-09-16,450001.0,Puerto Aysén Ad.,-45.39944,-72.67722,1013.5333333333333
2011-09-16,450004.0,"Teniente Vidal, Coyhaique Ad.",-45.59083,-72.10222,975.9615384615385
2011-09-16,450005.0,Balmaceda Ad.,-45.91833,-71.67778,947.6909090909091
2011-09-16,510005.0,"Teniente Gallardo, Puerto Natales Ad.",-51.66722,-72.52889,981.9666666666667
2011-09-16,520006.0,"Carlos Ibañez, Punta Arenas Ap.",-53.00167,-70.83861,980.9250000000001
2011-09-16,530005.0,"Fuentes Martínez, Porvenir Ad.",-53.25361,-70.32611,983.05
2011-09-16,550001.0,"Guardiamarina Zañartu, Pto Williams Ad.",-54.93167,-67.61556,980.9875
2011-09-16,950001.0,"C.M.A. Eduardo Frei Montalva, Antártica ",-62.19194,-58.97972,976.0125
2011-09-17,180005.0,"Chacalluta, Arica Ap.",-18.35555,-70.34028,1012.125
2011-09-17,200006.0,Diego Aracena Iquique Ap.,-20.54917,-70.18111,1011.5375
2011-09-17,220002.0,"El Loa, Calama Ad.",-22.49806,-68.8925,777.2266666666667
2011-09-17,270001.0,Mataveri  Isla de Pascua Ap.,-27.15889,-109.4325,1011.4791666666666
2011-09-17,270008.0,"Desierto de Atacama, Caldera  Ad.",-27.25444,-70.78111,995.4166666666666
2011-09-17,290004.0,"La Florida, La Serena Ad.",-29.91444,-71.20667,1001.1041666666666
2011-09-17,330007.0,"Rodelillo, Ad.",-33.06528,-71.55639,977.4166666666666
2011-09-17,330019.0,"Eulogio Sánchez, Tobalaba Ad.",-33.45528,-70.54861,942.125
2011-09-17,330020.0,"Quinta Normal, Santiago",-33.445,-70.68278,958.5375
2011-09-17,330021.0,Pudahuel Santiago ,-33.37833,-70.78778,963.3666666666667
2011-09-17,330030.0,"Santo Domingo, Ad.",-33.65611,-71.61333,1010.4571428571428
2011-09-17,330031.0,"Juan Fernández, Estación Meteorológica.",-33.63583,-78.83305,1024.725
2011-09-17,340031.0,"General Freire, Curicó Ad.",-34.96944,-71.21694,991.3363636363637
2011-09-17,360011.0,"General Bernardo O'Higgins, Chillán Ad.",-36.58583,-72.03667,1001.8272727272728
2011-09-17,360019.0,"Carriel Sur, Concepción Ap.",-36.78055,-73.06639,1022.8833333333333
2011-09-17,370033.0,"María Dolores, Los Angeles Ad.",-37.39694,-72.42389,1008.15
2011-09-17,380013.0,"Maquehue, Temuco Ad.",-38.76778,-72.63194,1016.9875
2011-09-17,390006.0,"Pichoy, Valdivia Ad.",-39.65667,-73.08722,1025.025
2011-09-17,400009.0,"Cañal Bajo,  Osorno Ad.",-40.61444,-73.0575,1021.7909090909092
2011-09-17,410005.0,El Tepual  Puerto Montt Ap.,-41.4475,-73.09583,1019.5583333333334
2011-09-17,450004.0,"Teniente Vidal, Coyhaique Ad.",-45.59083,-72.10222,988.4615384615385
2011-09-17,450005.0,Balmaceda Ad.,-45.91833,-71.67778,962.2818181818183
2011-09-17,520006.0,"Carlos Ibañez, Punta Arenas Ap.",-53.00167,-70.83861,996.6083333333332
2011-09-17,530005.0,"Fuentes Martínez, Porvenir Ad.",-53.25361,-70.32611,1001.2
2011-09-17,550001.0,"Guardiamarina Zañartu, Pto Williams Ad.",-54.93167,-67.61556,997.6999999999999
2011-09-17,950001.0,"C.M.A. Eduardo Frei Montalva, Antártica ",-62.19194,-58.97972,970.775
2011-09-18,180005.0,"Chacalluta, Arica Ap.",-18.35555,-70.34028,1013.5916666666667
2011-09-18,200006.0,Diego Aracena Iquique Ap.,-20.54917,-70.18111,1012.8874999999999
2011-09-18,220002.0,"El Loa, Calama Ad.",-22.49806,-68.8925,777.85
2011-09-18,270001.0,Mataveri  Isla de Pascua Ap.,-27.15889,-109.4325,1008.6
2011-09-18,270008.0,"Desierto de Atacama, Caldera  Ad.",-27.25444,-70.78111,998.3416666666667
2011-09-18,290004.0,"La Florida, La Serena Ad.",-29.91444,-71.20667,1003.2583333333333
2011-09-18,330007.0,"Rodelillo, Ad.",-33.06528,-71.55639,980.8333333333334
2011-09-18,330019.0,"Eulogio Sánchez, Tobalaba Ad.",-33.45528,-70.54861,943.7916666666666
2011-09-18,330020.0,"Quinta Normal, Santiago",-33.445,-70.68278,957.4375
2011-09-18,330021.0,Pudahuel Santiago ,-33.37833,-70.78778,962.525
2011-09-18,330030.0,"Santo Domingo, Ad.",-33.65611,-71.61333,1012.7857142857143
2011-09-18,330031.0,"Juan Fernández, Estación Meteorológica.",-33.63583,-78.83305,1022.425
2011-09-18,340031.0,"General Freire, Curicó Ad.",-34.96944,-71.21694,991.7363636363636
2011-09-18,360011.0,"General Bernardo O'Higgins, Chillán Ad.",-36.58583,-72.03667,1002.5727272727272
2011-09-18,360019.0,"Carriel Sur, Concepción Ap.",-36.78055,-73.06639,1018.4041666666667
2011-09-18,370033.0,"María Dolores, Los Angeles Ad.",-37.39694,-72.42389,1005.0999999999999
2011-09-18,380013.0,"Maquehue, Temuco Ad.",-38.76778,-72.63194,1009.575
2011-09-18,390006.0,"Pichoy, Valdivia Ad.",-39.65667,-73.08722,1019.225
2011-09-18,400009.0,"Cañal Bajo,  Osorno Ad.",-40.61444,-73.0575,1015.7090909090908
2011-09-18,410005.0,El Tepual  Puerto Montt Ap.,-41.4475,-73.09583,1013.6208333333334
2011-09-18,450004.0,"Teniente Vidal, Coyhaique Ad.",-45.59083,-72.10222,982.6538461538462
2011-09-18,450005.0,Balmaceda Ad.,-45.91833,-71.67778,956.3636363636364
2011-09-18,520006.0,"Carlos Ibañez, Punta Arenas Ap.",-53.00167,-70.83861,993.5
2011-09-18,550001.0,"Guardiamarina Zañartu, Pto Williams Ad.",-54.93167,-67.61556,
2011-09-18,950001.0,"C.M.A. Eduardo Frei Montalva, Antártica ",-62.19194,-58.97972,974.8625
2011-09-19,180005.0,"Chacalluta, Arica Ap.",-18.35555,-70.34028,1012.4375
2011-09-19,200006.0,Diego Aracena Iquique Ap.,-20.54917,-70.18111,1011.8958333333334
2011-09-19,220002.0,"El Loa, Calama Ad.",-22.49806,-68.8925,777.5
2011-09-19,270001.0,Mataveri  Isla de Pascua Ap.,-27.15889,-109.4325,1008.5
2011-09-19,270008.0,"Desierto de Atacama, Caldera  Ad.",-27.25444,-70.78111,996.5769230769231
2011-09-19,290004.0,"La Florida, La Serena Ad.",-29.91444,-71.20667,1002.85
2011-09-19,330007.0,"Rodelillo, Ad.",-33.06528,-71.55639,979.0
2011-09-19,330019.0,"Eulogio Sánchez, Tobalaba Ad.",-33.45528,-70.54861,943.8916666666668
2011-09-19,330020.0,"Quinta Normal, Santiago",-33.445,-70.68278,959.15
2011-09-19,330021.0,Pudahuel Santiago ,-33.37833,-70.78778,964.2541666666666
2011-09-19,330030.0,"Santo Domingo, Ad.",-33.65611,-71.61333,1012.1142857142858
2011-09-19,330031.0,"Juan Fernández, Estación Meteorológica.",-33.63583,-78.83305,1022.625
2011-09-19,340031.0,"General Freire, Curicó Ad.",-34.96944,-71.21694,992.775
2011-09-19,360011.0,"General Bernardo O'Higgins, Chillán Ad.",-36.58583,-72.03667,1004.0583333333334
2011-09-19,360019.0,"Carriel Sur, Concepción Ap.",-36.78055,-73.06639,1021.2083333333334
2011-09-19,370033.0,"María Dolores, Los Angeles Ad.",-37.39694,-72.42389,1009.1500000000001
2011-09-19,380013.0,"Maquehue, Temuco Ad.",-38.76778,-72.63194,1012.7
2011-09-19,390006.0,"Pichoy, Valdivia Ad.",-39.65667,-73.08722,1021.6
2011-09-19,400009.0,"Cañal Bajo,  Osorno Ad.",-40.61444,-73.0575,1017.6090909090909
2011-09-19,410005.0,El Tepual  Puerto Montt Ap.,-41.4475,-73.09583,1014.5916666666667
2011-09-19,450004.0,"Teniente Vidal, Coyhaique Ad.",-45.59083,-72.10222,985.2461538461539
2011-09-19,450005.0,Balmaceda Ad.,-45.91833,-71.67778,958.5090909090909
2011-09-19,520006.0,"Carlos Ibañez, Punta Arenas Ap.",-53.00167,-70.83861,1008.9041666666667
2011-09-19,550001.0,"Guardiamarina Zañartu, Pto Williams Ad.",-54.93167,-67.61556,1010.6
2011-09-19,950001.0,"C.M.A. Eduardo Frei Montalva, Antártica ",-62.19194,-58.97972,982.1
2011-09-20,180005.0,"Chacalluta, Arica Ap.",-18.35555,-70.34028,1011.4875000000001
2011-09-20,200006.0,Diego Aracena Iquique Ap.,-20.54917,-70.18111,1010.6999999999999
2011-09-20,220002.0,"El Loa, Calama Ad.",-22.49806,-68.8925,777.1117647058824
2011-09-20,270001.0,Mataveri  Isla de Pascua Ap.,-27.15889,-109.4325,1008.6166666666667
2011-09-20,270008.0,"Desierto de Atacama, Caldera  Ad.",-27.25444,-70.78111,995.8153846153847
2011-09-20,290004.0,"La Florida, La Serena Ad.",-29.91444,-71.20667,1000.9916666666667
2011-09-20,330007.0,"Rodelillo, Ad.",-33.06528,-71.55639,976.75
2011-09-20,330019.0,"Eulogio Sánchez, Tobalaba Ad.",-33.45528,-70.54861,941.3583333333332
2011-09-20,330020.0,"Quinta Normal, Santiago",-33.445,-70.68278,956.175
2011-09-20,330021.0,Pudahuel Santiago ,-33.37833,-70.78778,961.1583333333333
2011-09-20,330030.0,"Santo Domingo, Ad.",-33.65611,-71.61333,1009.7714285714285
2011-09-20,330031.0,"Juan Fernández, Estación Meteorológica.",-33.63583,-78.83305,1019.925
2011-09-20,340031.0,"General Freire, Curicó Ad.",-34.96944,-71.21694,989.35
2011-09-20,360011.0,"General Bernardo O'Higgins, Chillán Ad.",-36.58583,-72.03667,1000.0416666666666
2011-09-20,360019.0,"Carriel Sur, Concepción Ap.",-36.78055,-73.06639,1018.1208333333334
2011-09-20,370033.0,"María Dolores, Los Angeles Ad.",-37.39694,-72.42389,1004.5
2011-09-20,380013.0,"Maquehue, Temuco Ad.",-38.76778,-72.63194,1009.25
2011-09-20,390006.0,"Pichoy, Valdivia Ad.",-39.65667,-73.08722,1016.725
2011-09-20,400009.0,"Cañal Bajo,  Osorno Ad.",-40.61444,-73.0575,1013.0
2011-09-20,410005.0,El Tepual  Puerto Montt Ap.,-41.4475,-73.09583,1010.5625
2011-09-20,430001.0,Quellón Ad.,-43.13361,-73.63278,1018.5
2011-09-20,430002.0,Futaleufú Ad.,-43.18889,-71.85222,977.1999999999999
2011-09-20,450001.0,Puerto Aysén Ad.,-45.39944,-72.67722,1016.1666666666666
2011-09-20,450004.0,"Teniente Vidal, Coyhaique Ad.",-45.59083,-72.10222,978.3307692307692
2011-09-20,450005.0,Balmaceda Ad.,-45.91833,-71.67778,952.5272727272727
2011-09-20,510005.0,"Teniente Gallardo, Puerto Natales Ad.",-51.66722,-72.52889,1004.8000000000001
2011-09-20,520006.0,"Carlos Ibañez, Punta Arenas Ap.",-53.00167,-70.83861,1008.6125000000001
2011-09-20,530005.0,"Fuentes Martínez, Porvenir Ad.",-53.25361,-70.32611,1007.475
2011-09-20,550001.0,"Guardiamarina Zañartu, Pto Williams Ad.",-54.93167,-67.61556,1006.6636363636363
2011-09-20,950001.0,"C.M.A. Eduardo Frei Montalva, Antártica ",-62.19194,-58.97972,994.6875
2011-09-21,180005.0,"Chacalluta, Arica Ap.",-18.35555,-70.34028,1011.3958333333334
2011-09-21,200006.0,Diego Aracena Iquique Ap.,-20.54917,-70.18111,1010.6958333333333
2011-09-21,220002.0,"El Loa, Calama Ad.",-22.49806,-68.8925,776.5764705882352
2011-09-21,270001.0,Mataveri  Isla de Pascua Ap.,-27.15889,-109.4325,1006.8625000000001
2011-09-21,270008.0,"Desierto de Atacama, Caldera  Ad.",-27.25444,-70.78111,995.5076923076923
2011-09-21,290004.0,"La Florida, La Serena Ad.",-29.91444,-71.20667,1000.4708333333333
2011-09-21,330007.0,"Rodelillo, Ad.",-33.06528,-71.55639,976.6666666666666
2011-09-21,330019.0,"Eulogio Sánchez, Tobalaba Ad.",-33.45528,-70.54861,939.5749999999999
2011-09-21,330020.0,"Quinta Normal, Santiago",-33.445,-70.68278,954.625
2011-09-21,330021.0,Pudahuel Santiago ,-33.37833,-70.78778,959.5416666666666
2011-09-21,330030.0,"Santo Domingo, Ad.",-33.65611,-71.61333,1008.4499999999999
2011-09-21,330031.0,"Juan Fernández, Estación Meteorológica.",-33.63583,-78.83305,1017.175
2011-09-21,340031.0,"General Freire, Curicó Ad.",-34.96944,-71.21694,987.0916666666667
2011-09-21,360011.0,"General Bernardo O'Higgins, Chillán Ad.",-36.58583,-72.03667,997.3000000000001
2011-09-21,360019.0,"Carriel Sur, Concepción Ap.",-36.78055,-73.06639,1015.7375000000001
2011-09-21,370033.0,"María Dolores, Los Angeles Ad.",-37.39694,-72.42389,1001.95
2011-09-21,380013.0,"Maquehue, Temuco Ad.",-38.76778,-72.63194,1006.725
2011-09-21,390006.0,"Pichoy, Valdivia Ad.",-39.65667,-73.08722,1014.6
2011-09-21,400009.0,"Cañal Bajo,  Osorno Ad.",-40.61444,-73.0575,1011.2636363636364
2011-09-21,410005.0,El Tepual  Puerto Montt Ap.,-41.4475,-73.09583,1008.6374999999999
2011-09-21,430001.0,Quellón Ad.,-43.13361,-73.63278,1017.9333333333334
2011-09-21,430002.0,Futaleufú Ad.,-43.18889,-71.85222,976.6
2011-09-21,450001.0,Puerto Aysén Ad.,-45.39944,-72.67722,1017.9
2011-09-21,450004.0,"Teniente Vidal, Coyhaique Ad.",-45.59083,-72.10222,982.8076923076923
2011-09-21,450005.0,Balmaceda Ad.,-45.91833,-71.67778,957.7181818181817
2011-09-21,510005.0,"Teniente Gallardo, Puerto Natales Ad.",-51.66722,-72.52889,1016.1666666666666
2011-09-21,520006.0,"Carlos Ibañez, Punta Arenas Ap.",-53.00167,-70.83861,1016.8583333333332
2011-09-21,530005.0,"Fuentes Martínez, Porvenir Ad.",-53.25361,-70.32611,1021.1
2011-09-21,550001.0,"Guardiamarina Zañartu, Pto Williams Ad.",-54.93167,-67.61556,1020.8799999999999
2011-09-21,950001.0,"C.M.A. Eduardo Frei Montalva, Antártica ",-62.19194,-58.97972,1000.7375
2011-09-22,180005.0,"Chacalluta, Arica Ap.",-18.35555,-70.34028,1012.1708333333332
2011-09-22,200006.0,Diego Aracena Iquique Ap.,-20.54917,-70.18111,1011.4208333333332
2011-09-22,220002.0,"El Loa, Calama Ad.",-22.49806,-68.8925,777.364705882353
2011-09-22,270001.0,Mataveri  Isla de Pascua Ap.,-27.15889,-109.4325,1009.5458333333332
2011-09-22,270008.0,"Desierto de Atacama, Caldera  Ad.",-27.25444,-70.78111,996.7857142857143
2011-09-22,290004.0,"La Florida, La Serena Ad.",-29.91444,-71.20667,1002.6750000000001
2011-09-22,330007.0,"Rodelillo, Ad.",-33.06528,-71.55639,981.25
2011-09-22,330019.0,"Eulogio Sánchez, Tobalaba Ad.",-33.45528,-70.54861,945.4
2011-09-22,330020.0,"Quinta Normal, Santiago",-33.445,-70.68278,958.4
2011-09-22,330021.0,Pudahuel Santiago ,-33.37833,-70.78778,963.6875
2011-09-22,330030.0,"Santo Domingo, Ad.",-33.65611,-71.61333,1013.6357142857142
2011-09-22,330031.0,"Juan Fernández, Estación Meteorológica.",-33.63583,-78.83305,1019.375
2011-09-22,340031.0,"General Freire, Curicó Ad.",-34.96944,-71.21694,994.4583333333334
2011-09-22,360011.0,"General Bernardo O'Higgins, Chillán Ad.",-36.58583,-72.03667,1005.6
2011-09-22,360019.0,"Carriel Sur, Concepción Ap.",-36.78055,-73.06639,1019.7208333333333
2011-09-22,370033.0,"María Dolores, Los Angeles Ad.",-37.39694,-72.42389,1007.55
2011-09-22,380013.0,"Maquehue, Temuco Ad.",-38.76778,-72.63194,1008.675
2011-09-22,390006.0,"Pichoy, Valdivia Ad.",-39.65667,-73.08722,1019.4
2011-09-22,400009.0,"Cañal Bajo,  Osorno Ad.",-40.61444,-73.0575,1014.6272727272727
2011-09-22,410005.0,El Tepual  Puerto Montt Ap.,-41.4475,-73.09583,1009.7666666666668
2011-09-22,430001.0,Quellón Ad.,-43.13361,-73.63278,1019.4
2011-09-22,430002.0,Futaleufú Ad.,-43.18889,-71.85222,980.6333333333333
2011-09-22,450001.0,Puerto Aysén Ad.,-45.39944,-72.67722,1021.8333333333334
2011-09-22,450004.0,"Teniente Vidal, Coyhaique Ad.",-45.59083,-72.10222,985.3846153846154
2011-09-22,450005.0,Balmaceda Ad.,-45.91833,-71.67778,960.225
2011-09-22,510005.0,"Teniente Gallardo, Puerto Natales Ad.",-51.66722,-72.52889,1014.6333333333333
2011-09-22,520006.0,"Carlos Ibañez, Punta Arenas Ap.",-53.00167,-70.83861,1019.1125000000001
2011-09-22,530005.0,"Fuentes Martínez, Porvenir Ad.",-53.25361,-70.32611,1018.975
2011-09-22,550001.0,"Guardiamarina Zañartu, Pto Williams Ad.",-54.93167,-67.61556,1019.89
2011-09-22,950001.0,"C.M.A. Eduardo Frei Montalva, Antártica ",-62.19194,-58.97972,994.0375
2011-09-23,180005.0,"Chacalluta, Arica Ap.",-18.35555,-70.34028,1012.1374999999999
2011-09-23,200006.0,Diego Aracena Iquique Ap.,-20.54917,-70.18111,1011.5583333333334
2011-09-23,220002.0,"El Loa, Calama Ad.",-22.49806,-68.8925,777.6529411764706
2011-09-23,270001.0,Mataveri  Isla de Pascua Ap.,-27.15889,-109.4325,1014.6958333333333
2011-09-23,270008.0,"Desierto de Atacama, Caldera  Ad.",-27.25444,-70.78111,995.9769230769232
2011-09-23,290004.0,"La Florida, La Serena Ad.",-29.91444,-71.20667,1001.8666666666667
2011-09-23,330007.0,"Rodelillo, Ad.",-33.06528,-71.55639,978.5833333333334
2011-09-23,330019.0,"Eulogio Sánchez, Tobalaba Ad.",-33.45528,-70.54861,943.5833333333334
2011-09-23,330020.0,"Quinta Normal, Santiago",-33.445,-70.68278,958.8
2011-09-23,330021.0,Pudahuel Santiago ,-33.37833,-70.78778,963.7583333333333
2011-09-23,330030.0,"Santo Domingo, Ad.",-33.65611,-71.61333,1011.1357142857142
2011-09-23,330031.0,"Juan Fernández, Estación Meteorológica.",-33.63583,-78.83305,1020.025
2011-09-23,340031.0,"General Freire, Curicó Ad.",-34.96944,-71.21694,992.1583333333333
2011-09-23,360011.0,"General Bernardo O'Higgins, Chillán Ad.",-36.58583,-72.03667,1003.0416666666666
2011-09-23,360019.0,"Carriel Sur, Concepción Ap.",-36.78055,-73.06639,1021.4
2011-09-23,370033.0,"María Dolores, Los Angeles Ad.",-37.39694,-72.42389,1007.05
2011-09-23,380013.0,"Maquehue, Temuco Ad.",-38.76778,-72.63194,1011.1375
2011-09-23,390006.0,"Pichoy, Valdivia Ad.",-39.65667,-73.08722,1017.9
2011-09-23,400009.0,"Cañal Bajo,  Osorno Ad.",-40.61444,-73.0575,1012.3909090909091
2011-09-23,410005.0,El Tepual  Puerto Montt Ap.,-41.4475,-73.09583,1009.9
2011-09-23,430001.0,Quellón Ad.,-43.13361,-73.63278,1015.4333333333334
2011-09-23,430002.0,Futaleufú Ad.,-43.18889,-71.85222,976.0
2011-09-23,450001.0,Puerto Aysén Ad.,-45.39944,-72.67722,1013.3333333333334
2011-09-23,450004.0,"Teniente Vidal, Coyhaique Ad.",-45.59083,-72.10222,975.7769230769231
2011-09-23,450005.0,Balmaceda Ad.,-45.91833,-71.67778,951.4363636363636
2011-09-23,510005.0,"Teniente Gallardo, Puerto Natales Ad.",-51.66722,-72.52889,996.75
2011-09-23,520006.0,"Carlos Ibañez, Punta Arenas Ap.",-53.00167,-70.83861,1006.6958333333333
2011-09-23,530005.0,"Fuentes Martínez, Porvenir Ad.",-53.25361,-70.32611,1003.375
2011-09-23,550001.0,"Guardiamarina Zañartu, Pto Williams Ad.",-54.93167,-67.61556,1010.2333333333333
2011-09-23,950001.0,"C.M.A. Eduardo Frei Montalva, Antártica ",-62.19194,-58.97972,998.7375
2011-09-24,180005.0,"Chacalluta, Arica Ap.",-18.35555,-70.34028,1011.4
2011-09-24,200006.0,Diego Aracena Iquique Ap.,-20.54917,-70.18111,1010.6291666666666
2011-09-24,220002.0,"El Loa, Calama Ad.",-22.49806,-68.8925,777.1266666666667
2011-09-24,270001.0,Mataveri  Isla de Pascua Ap.,-27.15889,-109.4325,1010.6333333333333
2011-09-24,270008.0,"Desierto de Atacama, Caldera  Ad.",-27.25444,-70.78111,994.7166666666667
2011-09-24,290004.0,"La Florida, La Serena Ad.",-29.91444,-71.20667,999.8375
2011-09-24,330007.0,"Rodelillo, Ad.",-33.06528,-71.55639,976.4166666666666
2011-09-24,330019.0,"Eulogio Sánchez, Tobalaba Ad.",-33.45528,-70.54861,941.875
2011-09-24,330020.0,"Quinta Normal, Santiago",-33.445,-70.68278,956.7
2011-09-24,330021.0,Pudahuel Santiago ,-33.37833,-70.78778,961.6458333333334
2011-09-24,330030.0,"Santo Domingo, Ad.",-33.65611,-71.61333,1009.4428571428571
2011-09-24,330031.0,"Juan Fernández, Estación Meteorológica.",-33.63583,-78.83305,1017.9
2011-09-24,340031.0,"General Freire, Curicó Ad.",-34.96944,-71.21694,990.5333333333333
2011-09-24,360011.0,"General Bernardo O'Higgins, Chillán Ad.",-36.58583,-72.03667,1001.4083333333333
2011-09-24,360019.0,"Carriel Sur, Concepción Ap.",-36.78055,-73.06639,1019.4333333333334
2011-09-24,370033.0,"María Dolores, Los Angeles Ad.",-37.39694,-72.42389,1006.05
2011-09-24,380013.0,"Maquehue, Temuco Ad.",-38.76778,-72.63194,1008.4125
2011-09-24,390006.0,"Pichoy, Valdivia Ad.",-39.65667,-73.08722,1016.7750000000001
2011-09-24,400009.0,"Cañal Bajo,  Osorno Ad.",-40.61444,-73.0575,1011.4727272727273
2011-09-24,410005.0,El Tepual  Puerto Montt Ap.,-41.4475,-73.09583,1006.1916666666666
2011-09-24,450004.0,"Teniente Vidal, Coyhaique Ad.",-45.59083,-72.10222,970.9076923076923
2011-09-24,450005.0,Balmaceda Ad.,-45.91833,-71.67778,944.7090909090908
2011-09-24,520006.0,"Carlos Ibañez, Punta Arenas Ap.",-53.00167,-70.83861,983.2458333333334
2011-09-24,530005.0,"Fuentes Martínez, Porvenir Ad.",-53.25361,-70.32611,982.9
2011-09-24,550001.0,"Guardiamarina Zañartu, Pto Williams Ad.",-54.93167,-67.61556,987.65
2011-09-24,950001.0,"C.M.A. Eduardo Frei Montalva, Antártica ",-62.19194,-58.97972,984.5625
2011-09-25,180005.0,"Chacalluta, Arica Ap.",-18.35555,-70.34028,1011.1833333333334
2011-09-25,200006.0,Diego Aracena Iquique Ap.,-20.54917,-70.18111,1010.5333333333333
2011-09-25,220002.0,"El Loa, Calama Ad.",-22.49806,-68.8925,777.0833333333334
2011-09-25,270001.0,Mataveri  Isla de Pascua Ap.,-27.15889,-109.4325,1005.1999999999999
2011-09-25,270008.0,"Desierto de Atacama, Caldera  Ad.",-27.25444,-70.78111,995.3833333333333
2011-09-25,290004.0,"La Florida, La Serena Ad.",-29.91444,-71.20667,1000.3625000000001
2011-09-25,330007.0,"Rodelillo, Ad.",-33.06528,-71.55639,977.1666666666666
2011-09-25,330019.0,"Eulogio Sánchez, Tobalaba Ad.",-33.45528,-70.54861,943.2333333333332
2011-09-25,330020.0,"Quinta Normal, Santiago",-33.445,-70.68278,957.1125
2011-09-25,330021.0,Pudahuel Santiago ,-33.37833,-70.78778,962.15
2011-09-25,330030.0,"Santo Domingo, Ad.",-33.65611,-71.61333,1009.65
2011-09-25,330031.0,"Juan Fernández, Estación Meteorológica.",-33.63583,-78.83305,1018.85
2011-09-25,340031.0,"General Freire, Curicó Ad.",-34.96944,-71.21694,991.7833333333333
2011-09-25,360011.0,"General Bernardo O'Higgins, Chillán Ad.",-36.58583,-72.03667,1002.775
2011-09-25,360019.0,"Carriel Sur, Concepción Ap.",-36.78055,-73.06639,1020.2416666666667
2011-09-25,370033.0,"María Dolores, Los Angeles Ad.",-37.39694,-72.42389,1008.4000000000001
2011-09-25,380013.0,"Maquehue, Temuco Ad.",-38.76778,-72.63194,1011.4625
2011-09-25,390006.0,"Pichoy, Valdivia Ad.",-39.65667,-73.08722,1021.3
2011-09-25,400009.0,"Cañal Bajo,  Osorno Ad.",-40.61444,-73.0575,1016.0818181818181
2011-09-25,410005.0,El Tepual  Puerto Montt Ap.,-41.4475,-73.09583,1011.4291666666667
2011-09-25,450004.0,"Teniente Vidal, Coyhaique Ad.",-45.59083,-72.10222,978.4076923076923
2011-09-25,450005.0,Balmaceda Ad.,-45.91833,-71.67778,950.6818181818181
2011-09-25,520006.0,"Carlos Ibañez, Punta Arenas Ap.",-53.00167,-70.83861,992.3208333333333
2011-09-25,550001.0,"Guardiamarina Zañartu, Pto Williams Ad.",-54.93167,-67.61556,990.75
2011-09-25,950001.0,"C.M.A. Eduardo Frei Montalva, Antártica ",-62.19194,-58.97972,975.6125
2011-09-26,180005.0,"Chacalluta, Arica Ap.",-18.35555,-70.34028,1010.4916666666667
2011-09-26,200006.0,Diego Aracena Iquique Ap.,-20.54917,-70.18111,1009.6374999999999
2011-09-26,220002.0,"El Loa, Calama Ad.",-22.49806,-68.8925,776.9470588235295
2011-09-26,270001.0,Mataveri  Isla de Pascua Ap.,-27.15889,-109.4325,1003.625
2011-09-26,270008.0,"Desierto de Atacama, Caldera  Ad.",-27.25444,-70.78111,993.8692307692307
2011-09-26,290004.0,"La Florida, La Serena Ad.",-29.91444,-71.20667,998.5791666666668
2011-09-26,330007.0,"Rodelillo, Ad.",-33.06528,-71.55639,974.6666666666666
2011-09-26,330019.0,"Eulogio Sánchez, Tobalaba Ad.",-33.45528,-70.54861,941.1
2011-09-26,330020.0,"Quinta Normal, Santiago",-33.445,-70.68278,955.95
2011-09-26,330021.0,Pudahuel Santiago ,-33.37833,-70.78778,960.9708333333333
2011-09-26,330030.0,"Santo Domingo, Ad.",-33.65611,-71.61333,1006.7214285714286
2011-09-26,330031.0,"Juan Fernández, Estación Meteorológica.",-33.63583,-78.83305,1015.375
2011-09-26,340031.0,"General Freire, Curicó Ad.",-34.96944,-71.21694,988.3916666666668
2011-09-26,360011.0,"General Bernardo O'Higgins, Chillán Ad.",-36.58583,-72.03667,999.5749999999999
2011-09-26,360019.0,"Carriel Sur, Concepción Ap.",-36.78055,-73.06639,1016.7291666666666
2011-09-26,370033.0,"María Dolores, Los Angeles Ad.",-37.39694,-72.42389,1002.35
2011-09-26,380013.0,"Maquehue, Temuco Ad.",-38.76778,-72.63194,1008.575
2011-09-26,390006.0,"Pichoy, Valdivia Ad.",-39.65667,-73.08722,1015.05
2011-09-26,400009.0,"Cañal Bajo,  Osorno Ad.",-40.61444,-73.0575,1011.2090909090908
2011-09-26,410005.0,El Tepual  Puerto Montt Ap.,-41.4475,-73.09583,1010.4541666666668
2011-09-26,430001.0,Quellón Ad.,-43.13361,-73.63278,1018.1999999999999
2011-09-26,430002.0,Futaleufú Ad.,-43.18889,-71.85222,982.1333333333333
2011-09-26,450001.0,Puerto Aysén Ad.,-45.39944,-72.67722,1022.1999999999999
2011-09-26,450004.0,"Teniente Vidal, Coyhaique Ad.",-45.59083,-72.10222,984.8692307692307
2011-09-26,450005.0,Balmaceda Ad.,-45.91833,-71.67778,959.9909090909091
2011-09-26,510005.0,"Teniente Gallardo, Puerto Natales Ad.",-51.66722,-72.52889,1013.7666666666668
2011-09-26,520006.0,"Carlos Ibañez, Punta Arenas Ap.",-53.00167,-70.83861,1013.4833333333332
2011-09-26,530005.0,"Fuentes Martínez, Porvenir Ad.",-53.25361,-70.32611,1016.15
2011-09-26,550001.0,"Guardiamarina Zañartu, Pto Williams Ad.",-54.93167,-67.61556,1013.6666666666666
2011-09-26,950001.0,"C.M.A. Eduardo Frei Montalva, Antártica ",-62.19194,-58.97972,984.225
2011-09-27,180005.0,"Chacalluta, Arica Ap.",-18.35555,-70.34028,1011.4583333333334
2011-09-27,200006.0,Diego Aracena Iquique Ap.,-20.54917,-70.18111,1010.7333333333332
2011-09-27,220002.0,"El Loa, Calama Ad.",-22.49806,-68.8925,777.1999999999999
2011-09-27,270001.0,Mataveri  Isla de Pascua Ap.,-27.15889,-109.4325,1009.9250000000001
2011-09-27,270008.0,"Desierto de Atacama, Caldera  Ad.",-27.25444,-70.78111,995.4666666666667
2011-09-27,290004.0,"La Florida, La Serena Ad.",-29.91444,-71.20667,1000.3291666666668
2011-09-27,330007.0,"Rodelillo, Ad.",-33.06528,-71.55639,976.6666666666666
2011-09-27,330019.0,"Eulogio Sánchez, Tobalaba Ad.",-33.45528,-70.54861,940.6583333333333
2011-09-27,330020.0,"Quinta Normal, Santiago",-33.445,-70.68278,954.6625
2011-09-27,330021.0,Pudahuel Santiago ,-33.37833,-70.78778,959.6541666666667
2011-09-27,330030.0,"Santo Domingo, Ad.",-33.65611,-71.61333,1008.4571428571428
2011-09-27,330031.0,"Juan Fernández, Estación Meteorológica.",-33.63583,-78.83305,1012.8249999999999
2011-09-27,340031.0,"General Freire, Curicó Ad.",-34.96944,-71.21694,987.4
2011-09-27,360011.0,"General Bernardo O'Higgins, Chillán Ad.",-36.58583,-72.03667,998.75
2011-09-27,360019.0,"Carriel Sur, Concepción Ap.",-36.78055,-73.06639,1015.0666666666666
2011-09-27,370033.0,"María Dolores, Los Angeles Ad.",-37.39694,-72.42389,1001.6
2011-09-27,380013.0,"Maquehue, Temuco Ad.",-38.76778,-72.63194,1004.325
2011-09-27,390006.0,"Pichoy, Valdivia Ad.",-39.65667,-73.08722,1012.75
2011-09-27,400009.0,"Cañal Bajo,  Osorno Ad.",-40.61444,-73.0575,1007.7272727272727
2011-09-27,410005.0,El Tepual  Puerto Montt Ap.,-41.4475,-73.09583,1003.6583333333333
2011-09-27,430001.0,Quellón Ad.,-43.13361,-73.63278,1010.5333333333333
2011-09-27,430002.0,Futaleufú Ad.,-43.18889,-71.85222,972.1
2011-09-27,450001.0,Puerto Aysén Ad.,-45.39944,-72.67722,1010.6
2011-09-27,450004.0,"Teniente Vidal, Coyhaique Ad.",-45.59083,-72.10222,975.2461538461539
2011-09-27,450005.0,Balmaceda Ad.,-45.91833,-71.67778,950.0181818181819
2011-09-27,510005.0,"Teniente Gallardo, Puerto Natales Ad.",-51.66722,-72.52889,1002.8666666666668
2011-09-27,520006.0,"Carlos Ibañez, Punta Arenas Ap.",-53.00167,-70.83861,1008.9416666666666
2011-09-27,530005.0,"Fuentes Martínez, Porvenir Ad.",-53.25361,-70.32611,1008.25
2011-09-27,550001.0,"Guardiamarina Zañartu, Pto Williams Ad.",-54.93167,-67.61556,1012.8700000000001
2011-09-27,950001.0,"C.M.A. Eduardo Frei Montalva, Antártica ",-62.19194,-58.97972,987.7375
2011-09-28,180005.0,"Chacalluta, Arica Ap.",-18.35555,-70.34028,1011.3874999999999
2011-09-28,200006.0,Diego Aracena Iquique Ap.,-20.54917,-70.18111,1010.7166666666667
2011-09-28,220002.0,"El Loa, Calama Ad.",-22.49806,-68.8925,776.9764705882353
2011-09-28,270001.0,Mataveri  Isla de Pascua Ap.,-27.15889,-109.4325,1012.7458333333334
2011-09-28,270008.0,"Desierto de Atacama, Caldera  Ad.",-27.25444,-70.78111,995.5076923076923
2011-09-28,290004.0,"La Florida, La Serena Ad.",-29.91444,-71.20667,1002.1458333333334
2011-09-28,330007.0,"Rodelillo, Ad.",-33.06528,-71.55639,979.5833333333334
2011-09-28,330019.0,"Eulogio Sánchez, Tobalaba Ad.",-33.45528,-70.54861,902.1916666666666
2011-09-28,330020.0,"Quinta Normal, Santiago",-33.445,-70.68278,957.5875
2011-09-28,330021.0,Pudahuel Santiago ,-33.37833,-70.78778,962.6666666666666
2011-09-28,330030.0,"Santo Domingo, Ad.",-33.65611,-71.61333,1011.8071428571428
2011-09-28,330031.0,"Juan Fernández, Estación Meteorológica.",-33.63583,-78.83305,1015.95
2011-09-28,340031.0,"General Freire, Curicó Ad.",-34.96944,-71.21694,992.3416666666667
2011-09-28,360011.0,"General Bernardo O'Higgins, Chillán Ad.",-36.58583,-72.03667,1002.2083333333334
2011-09-28,360019.0,"Carriel Sur, Concepción Ap.",-36.78055,-73.06639,1017.2208333333333
2011-09-28,370033.0,"María Dolores, Los Angeles Ad.",-37.39694,-72.42389,1004.4000000000001
2011-09-28,380013.0,"Maquehue, Temuco Ad.",-38.76778,-72.63194,1005.0875
2011-09-28,390006.0,"Pichoy, Valdivia Ad.",-39.65667,-73.08722,1014.125
2011-09-28,400009.0,"Cañal Bajo,  Osorno Ad.",-40.61444,-73.0575,1008.4545454545455
2011-09-28,410005.0,El Tepual  Puerto Montt Ap.,-41.4475,-73.09583,1002.9208333333332
2011-09-28,430001.0,Quellón Ad.,-43.13361,-73.63278,1009.9333333333334
2011-09-28,430002.0,Futaleufú Ad.,-43.18889,-71.85222,970.425
2011-09-28,450001.0,Puerto Aysén Ad.,-45.39944,-72.67722,1008.5333333333333
2011-09-28,450004.0,"Teniente Vidal, Coyhaique Ad.",-45.59083,-72.10222,972.3307692307692
2011-09-28,450005.0,Balmaceda Ad.,-45.91833,-71.67778,946.8307692307692
2011-09-28,510005.0,"Teniente Gallardo, Puerto Natales Ad.",-51.66722,-72.52889,1001.5666666666666
2011-09-28,520006.0,"Carlos Ibañez, Punta Arenas Ap.",-53.00167,-70.83861,1005.7583333333333
2011-09-28,530005.0,"Fuentes Martínez, Porvenir Ad.",-53.25361,-70.32611,1007.275
2011-09-28,550001.0,"Guardiamarina Zañartu, Pto Williams Ad.",-54.93167,-67.61556,1011.85
2011-09-28,950001.0,"C.M.A. Eduardo Frei Montalva, Antártica ",-62.19194,-58.97972,999.3874999999999
2011-09-29,180005.0,"Chacalluta, Arica Ap.",-18.35555,-70.34028,1009.8958333333334
2011-09-29,200006.0,Diego Aracena Iquique Ap.,-20.54917,-70.18111,1009.1541666666667
2011-09-29,220002.0,"El Loa, Calama Ad.",-22.49806,-68.8925,775.4411764705883
2011-09-29,270001.0,Mataveri  Isla de Pascua Ap.,-27.15889,-109.4325,1012.5166666666668
2011-09-29,270008.0,"Desierto de Atacama, Caldera  Ad.",-27.25444,-70.78111,992.5153846153846
2011-09-29,290004.0,"La Florida, La Serena Ad.",-29.91444,-71.20667,998.4583333333334
2011-09-29,330007.0,"Rodelillo, Ad.",-33.06528,-71.55639,975.3333333333334
2011-09-29,330019.0,"Eulogio Sánchez, Tobalaba Ad.",-33.45528,-70.54861,941.125
2011-09-29,330020.0,"Quinta Normal, Santiago",-33.445,-70.68278,957.2625
2011-09-29,330021.0,Pudahuel Santiago ,-33.37833,-70.78778,962.1916666666666
2011-09-29,330030.0,"Santo Domingo, Ad.",-33.65611,-71.61333,1008.3571428571429
2011-09-29,330031.0,"Juan Fernández, Estación Meteorológica.",-33.63583,-78.83305,1019.475
2011-09-29,340031.0,"General Freire, Curicó Ad.",-34.96944,-71.21694,990.35
2011-09-29,360011.0,"General Bernardo O'Higgins, Chillán Ad.",-36.58583,-72.03667,1002.3583333333332
2011-09-29,360019.0,"Carriel Sur, Concepción Ap.",-36.78055,-73.06639,1020.9833333333332
2011-09-29,370033.0,"María Dolores, Los Angeles Ad.",-37.39694,-72.42389,1007.8
2011-09-29,380013.0,"Maquehue, Temuco Ad.",-38.76778,-72.63194,1010.7375
2011-09-29,390006.0,"Pichoy, Valdivia Ad.",-39.65667,-73.08722,1019.275
2011-09-29,400009.0,"Cañal Bajo,  Osorno Ad.",-40.61444,-73.0575,1013.9636363636364
2011-09-29,410005.0,El Tepual  Puerto Montt Ap.,-41.4475,-73.09583,1008.4958333333334
2011-09-29,430001.0,Quellón Ad.,-43.13361,-73.63278,1014.9000000000001
2011-09-29,430002.0,Futaleufú Ad.,-43.18889,-71.85222,974.1333333333333
2011-09-29,450001.0,Puerto Aysén Ad.,-45.39944,-72.67722,1011.9666666666667
2011-09-29,450004.0,"Teniente Vidal, Coyhaique Ad.",-45.59083,-72.10222,974.9153846153846
2011-09-29,450005.0,Balmaceda Ad.,-45.91833,-71.67778,950.7142857142857
2011-09-29,510005.0,"Teniente Gallardo, Puerto Natales Ad.",-51.66722,-72.52889,1002.3000000000001
2011-09-29,520006.0,"Carlos Ibañez, Punta Arenas Ap.",-53.00167,-70.83861,1006.5749999999999
2011-09-29,530005.0,"Fuentes Martínez, Porvenir Ad.",-53.25361,-70.32611,1008.05
2011-09-29,550001.0,"Guardiamarina Zañartu, Pto Williams Ad.",-54.93167,-67.61556,1009.32
2011-09-29,950001.0,"C.M.A. Eduardo Frei Montalva, Antártica ",-62.19194,-58.97972,990.9250000000001
2011-09-30,180005.0,"Chacalluta, Arica Ap.",-18.35555,-70.34028,1009.975
2011-09-30,200006.0,Diego Aracena Iquique Ap.,-20.54917,-70.18111,1009.3583333333332
2011-09-30,220002.0,"El Loa, Calama Ad.",-22.49806,-68.8925,775.535294117647
2011-09-30,270001.0,Mataveri  Isla de Pascua Ap.,-27.15889,-109.4325,1009.5
2011-09-30,270008.0,"Desierto de Atacama, Caldera  Ad.",-27.25444,-70.78111,994.6166666666667
2011-09-30,290004.0,"La Florida, La Serena Ad.",-29.91444,-71.20667,998.4708333333333
2011-09-30,330007.0,"Rodelillo, Ad.",-33.06528,-71.55639,975.8333333333334
2011-09-30,330019.0,"Eulogio Sánchez, Tobalaba Ad.",-33.45528,-70.54861,940.1636363636363
2011-09-30,330020.0,"Quinta Normal, Santiago",-33.445,-70.68278,953.8
2011-09-30,330021.0,Pudahuel Santiago ,-33.37833,-70.78778,958.8958333333334
2011-09-30,330030.0,"Santo Domingo, Ad.",-33.65611,-71.61333,1007.4
2011-09-30,330031.0,"Juan Fernández, Estación Meteorológica.",-33.63583,-78.83305,1017.65
2011-09-30,340031.0,"General Freire, Curicó Ad.",-34.96944,-71.21694,988.5166666666668
2011-09-30,360011.0,"General Bernardo O'Higgins, Chillán Ad.",-36.58583,-72.03667,1000.1750000000001
2011-09-30,360019.0,"Carriel Sur, Concepción Ap.",-36.78055,-73.06639,1017.0124999999999
2011-09-30,370033.0,"María Dolores, Los Angeles Ad.",-37.39694,-72.42389,1003.25
2011-09-30,380013.0,"Maquehue, Temuco Ad.",-38.76778,-72.63194,1007.6875
2011-09-30,390006.0,"Pichoy, Valdivia Ad.",-39.65667,-73.08722,1015.0
2011-09-30,400009.0,"Cañal Bajo,  Osorno Ad.",-40.61444,-73.0575,1009.9727272727273
2011-09-30,410005.0,El Tepual  Puerto Montt Ap.,-41.4475,-73.09583,1007.8041666666667
2011-09-30,430001.0,Quellón Ad.,-43.13361,-73.63278,1015.35
2011-09-30,430002.0,Futaleufú Ad.,-43.18889,-71.85222,974.7333333333332
2011-09-30,450001.0,Puerto Aysén Ad.,-45.39944,-72.67722,1014.3000000000001
2011-09-30,450004.0,"Teniente Vidal, Coyhaique Ad.",-45.59083,-72.10222,976.3307692307692
2011-09-30,450005.0,Balmaceda Ad.,-45.91833,-71.67778,951.2090909090908
2011-09-30,510005.0,"Teniente Gallardo, Puerto Natales Ad.",-51.66722,-72.52889,1004.0
2011-09-30,520006.0,"Carlos Ibañez, Punta Arenas Ap.",-53.00167,-70.83861,1007.5958333333333
2011-09-30,530005.0,"Fuentes Martínez, Porvenir Ad.",-53.25361,-70.32611,1009.475
2011-09-30,550001.0,"Guardiamarina Zañartu, Pto Williams Ad.",-54.93167,-67.61556,1012.875
2011-09-30,950001.0,"C.M.A. Eduardo Frei Montalva, Antártica ",-62.19194,-58.97972,997.65
2011-10-01,180005.0,"Chacalluta, Arica Ap.",-18.35555,-70.34028,1010.5208333333334
2011-10-01,200006.0,Diego Aracena Iquique Ap.,-20.54917,-70.18111,1009.9291666666667
2011-10-01,220002.0,"El Loa, Calama Ad.",-22.49806,-68.8925,776.36
2011-10-01,270001.0,Mataveri  Isla de Pascua Ap.,-27.15889,-109.4325,1010.4208333333332
2011-10-01,270008.0,"Desierto de Atacama, Caldera  Ad.",-27.25444,-70.78111,994.9857142857143
2011-10-01,290004.0,"La Florida, La Serena Ad.",-29.91444,-71.20667,1000.5666666666666
2011-10-01,330007.0,"Rodelillo, Ad.",-33.06528,-71.55639,978.3333333333334
2011-10-01,330019.0,"Eulogio Sánchez, Tobalaba Ad.",-33.45528,-70.54861,942.625
2011-10-01,330020.0,"Quinta Normal, Santiago",-33.445,-70.68278,957.4625
2011-10-01,330021.0,Pudahuel Santiago ,-33.37833,-70.78778,962.5291666666667
2011-10-01,330030.0,"Santo Domingo, Ad.",-33.65611,-71.61333,1010.7214285714286
2011-10-01,330031.0,"Juan Fernández, Estación Meteorológica.",-33.63583,-78.83305,1019.475
2011-10-01,340031.0,"General Freire, Curicó Ad.",-34.96944,-71.21694,992.2833333333333
2011-10-01,360011.0,"General Bernardo O'Higgins, Chillán Ad.",-36.58583,-72.03667,1003.9666666666667
2011-10-01,360019.0,"Carriel Sur, Concepción Ap.",-36.78055,-73.06639,1020.8583333333332
2011-10-01,370033.0,"María Dolores, Los Angeles Ad.",-37.39694,-72.42389,1008.25
2011-10-01,380013.0,"Maquehue, Temuco Ad.",-38.76778,-72.63194,1010.275
2011-10-01,390006.0,"Pichoy, Valdivia Ad.",-39.65667,-73.08722,1020.05
2011-10-01,400009.0,"Cañal Bajo,  Osorno Ad.",-40.61444,-73.0575,1014.6363636363636
2011-10-01,410005.0,El Tepual  Puerto Montt Ap.,-41.4475,-73.09583,1008.9625
2011-10-01,450004.0,"Teniente Vidal, Coyhaique Ad.",-45.59083,-72.10222,978.4692307692308
2011-10-01,450005.0,Balmaceda Ad.,-45.91833,-71.67778,952.3090909090909
2011-10-01,520006.0,"Carlos Ibañez, Punta Arenas Ap.",-53.00167,-70.83861,1010.8458333333333
2011-10-01,530005.0,"Fuentes Martínez, Porvenir Ad.",-53.25361,-70.32611,1001.1
2011-10-01,550001.0,"Guardiamarina Zañartu, Pto Williams Ad.",-54.93167,-67.61556,1014.55
2011-10-01,950001.0,"C.M.A. Eduardo Frei Montalva, Antártica ",-62.19194,-58.97972,995.7
2011-10-02,180005.0,"Chacalluta, Arica Ap.",-18.35555,-70.34028,1010.9
2011-10-02,200006.0,Diego Aracena Iquique Ap.,-20.54917,-70.18111,1010.3249999999999
2011-10-02,220002.0,"El Loa, Calama Ad.",-22.49806,-68.8925,775.8333333333334
2011-10-02,270001.0,Mataveri  Isla de Pascua Ap.,-27.15889,-109.4325,1012.9541666666668
2011-10-02,270008.0,"Desierto de Atacama, Caldera  Ad.",-27.25444,-70.78111,993.975
2011-10-02,290004.0,"La Florida, La Serena Ad.",-29.91444,-71.20667,998.4541666666668
2011-10-02,330007.0,"Rodelillo, Ad.",-33.06528,-71.55639,973.0833333333334
2011-10-02,330019.0,"Eulogio Sánchez, Tobalaba Ad.",-33.45528,-70.54861,939.1583333333333
2011-10-02,330020.0,"Quinta Normal, Santiago",-33.445,-70.68278,955.8125
2011-10-02,330021.0,Pudahuel Santiago ,-33.37833,-70.78778,960.525
2011-10-02,330030.0,"Santo Domingo, Ad.",-33.65611,-71.61333,1005.9285714285714
2011-10-02,330031.0,"Juan Fernández, Estación Meteorológica.",-33.63583,-78.83305,1018.35
2011-10-02,340031.0,"General Freire, Curicó Ad.",-34.96944,-71.21694,987.6666666666666
2011-10-02,360011.0,"General Bernardo O'Higgins, Chillán Ad.",-36.58583,-72.03667,998.875
2011-10-02,360019.0,"Carriel Sur, Concepción Ap.",-36.78055,-73.06639,1018.9916666666667
2011-10-02,370033.0,"María Dolores, Los Angeles Ad.",-37.39694,-72.42389,1005.5
2011-10-02,380013.0,"Maquehue, Temuco Ad.",-38.76778,-72.63194,1011.6
2011-10-02,390006.0,"Pichoy, Valdivia Ad.",-39.65667,-73.08722,1018.95
2011-10-02,400009.0,"Cañal Bajo,  Osorno Ad.",-40.61444,-73.0575,1015.3272727272728
2011-10-02,410005.0,El Tepual  Puerto Montt Ap.,-41.4475,-73.09583,1013.5124999999999
2011-10-02,450004.0,"Teniente Vidal, Coyhaique Ad.",-45.59083,-72.10222,984.8153846153847
2011-10-02,450005.0,Balmaceda Ad.,-45.91833,-71.67778,959.2818181818183
2011-10-02,520006.0,"Carlos Ibañez, Punta Arenas Ap.",-53.00167,-70.83861,1014.9833333333332
2011-10-02,550001.0,"Guardiamarina Zañartu, Pto Williams Ad.",-54.93167,-67.61556,
2011-10-02,950001.0,"C.M.A. Eduardo Frei Montalva, Antártica ",-62.19194,-58.97972,999.825
2011-10-03,180005.0,"Chacalluta, Arica Ap.",-18.35555,-70.34028,1012.1291666666666
2011-10-03,200006.0,Diego Aracena Iquique Ap.,-20.54917,-70.18111,1011.4041666666667
2011-10-03,220002.0,"El Loa, Calama Ad.",-22.49806,-68.8925,777.8058823529411
2011-10-03,270001.0,Mataveri  Isla de Pascua Ap.,-27.15889,-109.4325,1013.5375
2011-10-03,270008.0,"Desierto de Atacama, Caldera  Ad.",-27.25444,-70.78111,996.6384615384615
2011-10-03,290004.0,"La Florida, La Serena Ad.",-29.91444,-71.20667,1001.0041666666666
2011-10-03,330007.0,"Rodelillo, Ad.",-33.06528,-71.55639,978.5
2011-10-03,330019.0,"Eulogio Sánchez, Tobalaba Ad.",-33.45528,-70.54861,941.1083333333332
2011-10-03,330020.0,"Quinta Normal, Santiago",-33.445,-70.68278,953.6125
2011-10-03,330021.0,Pudahuel Santiago ,-33.37833,-70.78778,958.65
2011-10-03,330030.0,"Santo Domingo, Ad.",-33.65611,-71.61333,1009.3214285714286
2011-10-03,330031.0,"Juan Fernández, Estación Meteorológica.",-33.63583,-78.83305,1013.25
2011-10-03,340031.0,"General Freire, Curicó Ad.",-34.96944,-71.21694,989.4416666666666
2011-10-03,360011.0,"General Bernardo O'Higgins, Chillán Ad.",-36.58583,-72.03667,997.85
2011-10-03,360019.0,"Carriel Sur, Concepción Ap.",-36.78055,-73.06639,1013.4
2011-10-03,370033.0,"María Dolores, Los Angeles Ad.",-37.39694,-72.42389,999.8499999999999
2011-10-03,380013.0,"Maquehue, Temuco Ad.",-38.76778,-72.63194,1002.7
2011-10-03,390006.0,"Pichoy, Valdivia Ad.",-39.65667,-73.08722,1011.0
2011-10-03,400009.0,"Cañal Bajo,  Osorno Ad.",-40.61444,-73.0575,1005.7181818181817
2011-10-03,410005.0,El Tepual  Puerto Montt Ap.,-41.4475,-73.09583,1003.3833333333333
2011-10-03,430001.0,Quellón Ad.,-43.13361,-73.63278,1009.6333333333333
2011-10-03,430002.0,Futaleufú Ad.,-43.18889,-71.85222,971.6999999999999
2011-10-03,450001.0,Puerto Aysén Ad.,-45.39944,-72.67722,1011.0
2011-10-03,450004.0,"Teniente Vidal, Coyhaique Ad.",-45.59083,-72.10222,974.7923076923076
2011-10-03,450005.0,Balmaceda Ad.,-45.91833,-71.67778,950.4272727272728
2011-10-03,510005.0,"Teniente Gallardo, Puerto Natales Ad.",-51.66722,-72.52889,1006.3333333333334
2011-10-03,520006.0,"Carlos Ibañez, Punta Arenas Ap.",-53.00167,-70.83861,1013.3666666666667
2011-10-03,530005.0,"Fuentes Martínez, Porvenir Ad.",-53.25361,-70.32611,1013.7333333333332
2011-10-03,550001.0,"Guardiamarina Zañartu, Pto Williams Ad.",-54.93167,-67.61556,1015.7299999999999
2011-10-03,950001.0,"C.M.A. Eduardo Frei Montalva, Antártica ",-62.19194,-58.97972,999.5875
2011-10-04,180005.0,"Chacalluta, Arica Ap.",-18.35555,-70.34028,1011.7333333333332
2011-10-04,200006.0,Diego Aracena Iquique Ap.,-20.54917,-70.18111,1011.0625
2011-10-04,220002.0,"El Loa, Calama Ad.",-22.49806,-68.8925,777.5941176470589
2011-10-04,270001.0,Mataveri  Isla de Pascua Ap.,-27.15889,-109.4325,1013.5833333333334
2011-10-04,270008.0,"Desierto de Atacama, Caldera  Ad.",-27.25444,-70.78111,995.9153846153846
2011-10-04,290004.0,"La Florida, La Serena Ad.",-29.91444,-71.20667,1002.7458333333334
2011-10-04,330007.0,"Rodelillo, Ad.",-33.06528,-71.55639,979.4166666666666
2011-10-04,330019.0,"Eulogio Sánchez, Tobalaba Ad.",-33.45528,-70.54861,943.3583333333332
2011-10-04,330020.0,"Quinta Normal, Santiago",-33.445,-70.68278,958.1375
2011-10-04,330021.0,Pudahuel Santiago ,-33.37833,-70.78778,963.125
2011-10-04,330030.0,"Santo Domingo, Ad.",-33.65611,-71.61333,1011.25
2011-10-04,330031.0,"Juan Fernández, Estación Meteorológica.",-33.63583,-78.83305,1013.7
2011-10-04,340031.0,"General Freire, Curicó Ad.",-34.96944,-71.21694,991.8249999999999
2011-10-04,360011.0,"General Bernardo O'Higgins, Chillán Ad.",-36.58583,-72.03667,1003.0
2011-10-04,360019.0,"Carriel Sur, Concepción Ap.",-36.78055,-73.06639,1018.6916666666666
2011-10-04,370033.0,"María Dolores, Los Angeles Ad.",-37.39694,-72.42389,1006.0
2011-10-04,380013.0,"Maquehue, Temuco Ad.",-38.76778,-72.63194,1007.825
2011-10-04,390006.0,"Pichoy, Valdivia Ad.",-39.65667,-73.08722,1016.075
2011-10-04,400009.0,"Cañal Bajo,  Osorno Ad.",-40.61444,-73.0575,1010.5727272727272
2011-10-04,410005.0,El Tepual  Puerto Montt Ap.,-41.4475,-73.09583,1005.9958333333334
2011-10-04,430001.0,Quellón Ad.,-43.13361,-73.63278,1011.9
2011-10-04,430002.0,Futaleufú Ad.,-43.18889,-71.85222,972.8666666666667
2011-10-04,450001.0,Puerto Aysén Ad.,-45.39944,-72.67722,1011.0666666666666
2011-10-04,450004.0,"Teniente Vidal, Coyhaique Ad.",-45.59083,-72.10222,974.123076923077
2011-10-04,450005.0,Balmaceda Ad.,-45.91833,-71.67778,948.8692307692307
2011-10-04,510005.0,"Teniente Gallardo, Puerto Natales Ad.",-51.66722,-72.52889,1000.05
2011-10-04,520006.0,"Carlos Ibañez, Punta Arenas Ap.",-53.00167,-70.83861,1005.1374999999999
2011-10-04,530005.0,"Fuentes Martínez, Porvenir Ad.",-53.25361,-70.32611,1005.9
2011-10-04,550001.0,"Guardiamarina Zañartu, Pto Williams Ad.",-54.93167,-67.61556,1009.8799999999999
2011-10-04,950001.0,"C.M.A. Eduardo Frei Montalva, Antártica ",-62.19194,-58.97972,1002.9625
2011-10-05,180005.0,"Chacalluta, Arica Ap.",-18.35555,-70.34028,1010.5583333333334
2011-10-05,200006.0,Diego Aracena Iquique Ap.,-20.54917,-70.18111,1009.8416666666667
2011-10-05,220002.0,"El Loa, Calama Ad.",-22.49806,-68.8925,775.7117647058824
2011-10-05,270001.0,Mataveri  Isla de Pascua Ap.,-27.15889,-109.4325,1015.9625
2011-10-05,270008.0,"Desierto de Atacama, Caldera  Ad.",-27.25444,-70.78111,993.9153846153846
2011-10-05,290004.0,"La Florida, La Serena Ad.",-29.91444,-71.20667,999.6083333333332
2011-10-05,330007.0,"Rodelillo, Ad.",-33.06528,-71.55639,975.0
2011-10-05,330019.0,"Eulogio Sánchez, Tobalaba Ad.",-33.45528,-70.54861,939.3083333333334
2011-10-05,330020.0,"Quinta Normal, Santiago",-33.445,-70.68278,955.1
2011-10-05,330021.0,Pudahuel Santiago ,-33.37833,-70.78778,959.9166666666666
2011-10-05,330030.0,"Santo Domingo, Ad.",-33.65611,-71.61333,1007.4357142857143
2011-10-05,330031.0,"Juan Fernández, Estación Meteorológica.",-33.63583,-78.83305,1011.3
2011-10-05,340031.0,"General Freire, Curicó Ad.",-34.96944,-71.21694,987.2833333333333
2011-10-05,360011.0,"General Bernardo O'Higgins, Chillán Ad.",-36.58583,-72.03667,997.9250000000001
2011-10-05,360019.0,"Carriel Sur, Concepción Ap.",-36.78055,-73.06639,1016.2708333333334
2011-10-05,370033.0,"María Dolores, Los Angeles Ad.",-37.39694,-72.42389,1002.45
2011-10-05,380013.0,"Maquehue, Temuco Ad.",-38.76778,-72.63194,1005.55
2011-10-05,390006.0,"Pichoy, Valdivia Ad.",-39.65667,-73.08722,1011.9749999999999
2011-10-05,400009.0,"Cañal Bajo,  Osorno Ad.",-40.61444,-73.0575,1007.3636363636364
2011-10-05,410005.0,El Tepual  Puerto Montt Ap.,-41.4475,-73.09583,1004.6916666666666
2011-10-05,430001.0,Quellón Ad.,-43.13361,-73.63278,1011.9
2011-10-05,430002.0,Futaleufú Ad.,-43.18889,-71.85222,973.3333333333334
2011-10-05,450001.0,Puerto Aysén Ad.,-45.39944,-72.67722,1011.1333333333333
2011-10-05,450004.0,"Teniente Vidal, Coyhaique Ad.",-45.59083,-72.10222,975.4599999999999
2011-10-05,450005.0,Balmaceda Ad.,-45.91833,-71.67778,949.9642857142857
2011-10-05,510005.0,"Teniente Gallardo, Puerto Natales Ad.",-51.66722,-72.52889,1002.3666666666667
2011-10-05,520006.0,"Carlos Ibañez, Punta Arenas Ap.",-53.00167,-70.83861,1007.3125
2011-10-05,530005.0,"Fuentes Martínez, Porvenir Ad.",-53.25361,-70.32611,1010.1
2011-10-05,550001.0,"Guardiamarina Zañartu, Pto Williams Ad.",-54.93167,-67.61556,1013.1299999999999
2011-10-05,950001.0,"C.M.A. Eduardo Frei Montalva, Antártica ",-62.19194,-58.97972,1004.7
2011-10-06,180005.0,"Chacalluta, Arica Ap.",-18.35555,-70.34028,1011.4666666666667
2011-10-06,200006.0,Diego Aracena Iquique Ap.,-20.54917,-70.18111,1010.9541666666668
2011-10-06,220002.0,"El Loa, Calama Ad.",-22.49806,-68.8925,775.6588235294118
2011-10-06,270001.0,Mataveri  Isla de Pascua Ap.,-27.15889,-109.4325,1016.508695652174
2011-10-06,270008.0,"Desierto de Atacama, Caldera  Ad.",-27.25444,-70.78111,995.9857142857143
2011-10-06,290004.0,"La Florida, La Serena Ad.",-29.91444,-71.20667,1001.025
2011-10-06,330007.0,"Rodelillo, Ad.",-33.06528,-71.55639,978.25
2011-10-06,330019.0,"Eulogio Sánchez, Tobalaba Ad.",-33.45528,-70.54861,942.4499999999999
2011-10-06,330020.0,"Quinta Normal, Santiago",-33.445,-70.68278,955.9
2011-10-06,330021.0,Pudahuel Santiago ,-33.37833,-70.78778,961.4541666666668
2011-10-06,330030.0,"Santo Domingo, Ad.",-33.65611,-71.61333,1010.4857142857143
2011-10-06,330031.0,"Juan Fernández, Estación Meteorológica.",-33.63583,-78.83305,1016.0
2011-10-06,340031.0,"General Freire, Curicó Ad.",-34.96944,-71.21694,990.25
2011-10-06,360011.0,"General Bernardo O'Higgins, Chillán Ad.",-36.58583,-72.03667,1000.2583333333333
2011-10-06,360019.0,"Carriel Sur, Concepción Ap.",-36.78055,-73.06639,1015.8791666666666
2011-10-06,370033.0,"María Dolores, Los Angeles Ad.",-37.39694,-72.42389,1002.3
2011-10-06,380013.0,"Maquehue, Temuco Ad.",-38.76778,-72.63194,1004.25
2011-10-06,390006.0,"Pichoy, Valdivia Ad.",-39.65667,-73.08722,1014.175
2011-10-06,400009.0,"Cañal Bajo,  Osorno Ad.",-40.61444,-73.0575,1009.2636363636364
2011-10-06,410005.0,El Tepual  Puerto Montt Ap.,-41.4475,-73.09583,1003.85
2011-10-06,430001.0,Quellón Ad.,-43.13361,-73.63278,1013.5666666666666
2011-10-06,430002.0,Futaleufú Ad.,-43.18889,-71.85222,971.8333333333334
2011-10-06,450001.0,Puerto Aysén Ad.,-45.39944,-72.67722,1012.4333333333334
2011-10-06,450004.0,"Teniente Vidal, Coyhaique Ad.",-45.59083,-72.10222,976.0153846153846
2011-10-06,450005.0,Balmaceda Ad.,-45.91833,-71.67778,950.3818181818183
2011-10-06,510005.0,"Teniente Gallardo, Puerto Natales Ad.",-51.66722,-72.52889,1006.0
2011-10-06,520006.0,"Carlos Ibañez, Punta Arenas Ap.",-53.00167,-70.83861,1011.7416666666667
2011-10-06,530005.0,"Fuentes Martínez, Porvenir Ad.",-53.25361,-70.32611,1014.5
2011-10-06,550001.0,"Guardiamarina Zañartu, Pto Williams Ad.",-54.93167,-67.61556,1015.82
2011-10-06,950001.0,"C.M.A. Eduardo Frei Montalva, Antártica ",-62.19194,-58.97972,1006.1
2011-10-07,180005.0,"Chacalluta, Arica Ap.",-18.35555,-70.34028,1011.9791666666666
2011-10-07,200006.0,Diego Aracena Iquique Ap.,-20.54917,-70.18111,1011.4375
2011-10-07,220002.0,"El Loa, Calama Ad.",-22.49806,-68.8925,775.9941176470588
2011-10-07,270001.0,Mataveri  Isla de Pascua Ap.,-27.15889,-109.4325,1017.8708333333334
2011-10-07,270008.0,"Desierto de Atacama, Caldera  Ad.",-27.25444,-70.78111,996.2928571428572
2011-10-07,290004.0,"La Florida, La Serena Ad.",-29.91444,-71.20667,1002.0958333333333
2011-10-07,330007.0,"Rodelillo, Ad.",-33.06528,-71.55639,980.4166666666666
2011-10-07,330019.0,"Eulogio Sánchez, Tobalaba Ad.",-33.45528,-70.54861,943.8833333333333
2011-10-07,330020.0,"Quinta Normal, Santiago",-33.445,-70.68278,957.95
2011-10-07,330021.0,Pudahuel Santiago ,-33.37833,-70.78778,963.0291666666667
2011-10-07,330030.0,"Santo Domingo, Ad.",-33.65611,-71.61333,1012.7285714285715
2011-10-07,330031.0,"Juan Fernández, Estación Meteorológica.",-33.63583,-78.83305,1021.825
2011-10-07,340031.0,"General Freire, Curicó Ad.",-34.96944,-71.21694,992.4833333333332
2011-10-07,360011.0,"General Bernardo O'Higgins, Chillán Ad.",-36.58583,-72.03667,1002.6750000000001
2011-10-07,360019.0,"Carriel Sur, Concepción Ap.",-36.78055,-73.06639,1020.5875
2011-10-07,370033.0,"María Dolores, Los Angeles Ad.",-37.39694,-72.42389,1006.55
2011-10-07,380013.0,"Maquehue, Temuco Ad.",-38.76778,-72.63194,1010.7
2011-10-07,390006.0,"Pichoy, Valdivia Ad.",-39.65667,-73.08722,1020.075
2011-10-07,400009.0,"Cañal Bajo,  Osorno Ad.",-40.61444,-73.0575,1016.5181818181819
2011-10-07,410005.0,El Tepual  Puerto Montt Ap.,-41.4475,-73.09583,1012.8458333333333
2011-10-07,430001.0,Quellón Ad.,-43.13361,-73.63278,1023.8666666666667
2011-10-07,430002.0,Futaleufú Ad.,-43.18889,-71.85222,982.2666666666668
2011-10-07,450001.0,Puerto Aysén Ad.,-45.39944,-72.67722,1024.5
2011-10-07,450004.0,"Teniente Vidal, Coyhaique Ad.",-45.59083,-72.10222,986.4846153846154
2011-10-07,450005.0,Balmaceda Ad.,-45.91833,-71.67778,961.0727272727272
2011-10-07,510005.0,"Teniente Gallardo, Puerto Natales Ad.",-51.66722,-72.52889,1014.0333333333333
2011-10-07,520006.0,"Carlos Ibañez, Punta Arenas Ap.",-53.00167,-70.83861,1016.1958333333333
2011-10-07,530005.0,"Fuentes Martínez, Porvenir Ad.",-53.25361,-70.32611,1018.2
2011-10-07,550001.0,"Guardiamarina Zañartu, Pto Williams Ad.",-54.93167,-67.61556,1018.9444444444445
2011-10-07,950001.0,"C.M.A. Eduardo Frei Montalva, Antártica ",-62.19194,-58.97972,1006.25
2011-10-08,180005.0,"Chacalluta, Arica Ap.",-18.35555,-70.34028,1011.8958333333334
2011-10-08,200006.0,Diego Aracena Iquique Ap.,-20.54917,-70.18111,1011.2375000000001
2011-10-08,220002.0,"El Loa, Calama Ad.",-22.49806,-68.8925,776.28125
2011-10-08,270001.0,Mataveri  Isla de Pascua Ap.,-27.15889,-109.4325,1020.6916666666666
2011-10-08,270008.0,"Desierto de Atacama, Caldera  Ad.",-27.25444,-70.78111,996.2692307692307
2011-10-08,290004.0,"La Florida, La Serena Ad.",-29.91444,-71.20667,1003.0416666666666
2011-10-08,330007.0,"Rodelillo, Ad.",-33.06528,-71.55639,982.0833333333334
2011-10-08,330019.0,"Eulogio Sánchez, Tobalaba Ad.",-33.45528,-70.54861,945.7333333333332
2011-10-08,330020.0,"Quinta Normal, Santiago",-33.445,-70.68278,960.0375
2011-10-08,330021.0,Pudahuel Santiago ,-33.37833,-70.78778,965.0666666666666
2011-10-08,330030.0,"Santo Domingo, Ad.",-33.65611,-71.61333,1014.7214285714286
2011-10-08,330031.0,"Juan Fernández, Estación Meteorológica.",-33.63583,-78.83305,1023.175
2011-10-08,340031.0,"General Freire, Curicó Ad.",-34.96944,-71.21694,994.8416666666667
2011-10-08,360011.0,"General Bernardo O'Higgins, Chillán Ad.",-36.58583,-72.03667,1006.0333333333333
2011-10-08,360019.0,"Carriel Sur, Concepción Ap.",-36.78055,-73.06639,1021.9541666666668
2011-10-08,370033.0,"María Dolores, Los Angeles Ad.",-37.39694,-72.42389,1009.15
2011-10-08,380013.0,"Maquehue, Temuco Ad.",-38.76778,-72.63194,1011.7375000000001
2011-10-08,390006.0,"Pichoy, Valdivia Ad.",-39.65667,-73.08722,1020.825
2011-10-08,400009.0,"Cañal Bajo,  Osorno Ad.",-40.61444,-73.0575,1016.3272727272728
2011-10-08,410005.0,El Tepual  Puerto Montt Ap.,-41.4475,-73.09583,1013.1750000000001
2011-10-08,450004.0,"Teniente Vidal, Coyhaique Ad.",-45.59083,-72.10222,984.1153846153846
2011-10-08,450005.0,Balmaceda Ad.,-45.91833,-71.67778,958.8
2011-10-08,510005.0,"Teniente Gallardo, Puerto Natales Ad.",-51.66722,-72.52889,1004.6
2011-10-08,520006.0,"Carlos Ibañez, Punta Arenas Ap.",-53.00167,-70.83861,1008.8916666666668
2011-10-08,530005.0,"Fuentes Martínez, Porvenir Ad.",-53.25361,-70.32611,1010.7
2011-10-08,550001.0,"Guardiamarina Zañartu, Pto Williams Ad.",-54.93167,-67.61556,1011.7
2011-10-08,950001.0,"C.M.A. Eduardo Frei Montalva, Antártica ",-62.19194,-58.97972,1001.35
2011-10-09,180005.0,"Chacalluta, Arica Ap.",-18.35555,-70.34028,1010.9791666666666
2011-10-09,200006.0,Diego Aracena Iquique Ap.,-20.54917,-70.18111,1010.2708333333334
2011-10-09,220002.0,"El Loa, Calama Ad.",-22.49806,-68.8925,775.9666666666667
2011-10-09,270001.0,Mataveri  Isla de Pascua Ap.,-27.15889,-109.4325,1022.025
2011-10-09,270008.0,"Desierto de Atacama, Caldera  Ad.",-27.25444,-70.78111,995.0666666666666
2011-10-09,290004.0,"La Florida, La Serena Ad.",-29.91444,-71.20667,999.3791666666666
2011-10-09,330007.0,"Rodelillo, Ad.",-33.06528,-71.55639,975.9166666666666
2011-10-09,330019.0,"Eulogio Sánchez, Tobalaba Ad.",-33.45528,-70.54861,939.8916666666668
2011-10-09,330020.0,"Quinta Normal, Santiago",-33.445,-70.68278,956.275
2011-10-09,330021.0,Pudahuel Santiago ,-33.37833,-70.78778,961.1208333333334
2011-10-09,330030.0,"Santo Domingo, Ad.",-33.65611,-71.61333,1008.4142857142857
2011-10-09,330031.0,"Juan Fernández, Estación Meteorológica.",-33.63583,-78.83305,1018.0999999999999
2011-10-09,340031.0,"General Freire, Curicó Ad.",-34.96944,-71.21694,988.375
2011-10-09,360011.0,"General Bernardo O'Higgins, Chillán Ad.",-36.58583,-72.03667,999.9499999999999
2011-10-09,360019.0,"Carriel Sur, Concepción Ap.",-36.78055,-73.06639,1018.8625000000001
2011-10-09,370033.0,"María Dolores, Los Angeles Ad.",-37.39694,-72.42389,1004.05
2011-10-09,380013.0,"Maquehue, Temuco Ad.",-38.76778,-72.63194,1009.5125
2011-10-09,390006.0,"Pichoy, Valdivia Ad.",-39.65667,-73.08722,1015.45
2011-10-09,400009.0,"Cañal Bajo,  Osorno Ad.",-40.61444,-73.0575,1009.9272727272728
2011-10-09,410005.0,El Tepual  Puerto Montt Ap.,-41.4475,-73.09583,1008.5416666666666
2011-10-09,450004.0,"Teniente Vidal, Coyhaique Ad.",-45.59083,-72.10222,973.0999999999999
2011-10-09,450005.0,Balmaceda Ad.,-45.91833,-71.67778,947.7181818181817
2011-10-09,520006.0,"Carlos Ibañez, Punta Arenas Ap.",-53.00167,-70.83861,994.6083333333332
2011-10-09,550001.0,"Guardiamarina Zañartu, Pto Williams Ad.",-54.93167,-67.61556,
2011-10-09,950001.0,"C.M.A. Eduardo Frei Montalva, Antártica ",-62.19194,-58.97972,993.0
2011-10-10,180005.0,"Chacalluta, Arica Ap.",-18.35555,-70.34028,1011.3375
2011-10-10,200006.0,Diego Aracena Iquique Ap.,-20.54917,-70.18111,1010.5291666666667
2011-10-10,220002.0,"El Loa, Calama Ad.",-22.49806,-68.8925,777.0058823529412
2011-10-10,270001.0,Mataveri  Isla de Pascua Ap.,-27.15889,-109.4325,1022.2666666666668
2011-10-10,270008.0,"Desierto de Atacama, Caldera  Ad.",-27.25444,-70.78111,996.0230769230768
2011-10-10,290004.0,"La Florida, La Serena Ad.",-29.91444,-71.20667,1002.0916666666667
2011-10-10,330007.0,"Rodelillo, Ad.",-33.06528,-71.55639,979.25
2011-10-10,330019.0,"Eulogio Sánchez, Tobalaba Ad.",-33.45528,-70.54861,942.7166666666667
2011-10-10,330020.0,"Quinta Normal, Santiago",-33.445,-70.68278,956.5
2011-10-10,330021.0,Pudahuel Santiago ,-33.37833,-70.78778,961.6791666666667
2011-10-10,330030.0,"Santo Domingo, Ad.",-33.65611,-71.61333,1011.2857142857143
2011-10-10,330031.0,"Juan Fernández, Estación Meteorológica.",-33.63583,-78.83305,1019.575
2011-10-10,340031.0,"General Freire, Curicó Ad.",-34.96944,-71.21694,991.4583333333334
2011-10-10,360011.0,"General Bernardo O'Higgins, Chillán Ad.",-36.58583,-72.03667,1002.2083333333334
2011-10-10,360019.0,"Carriel Sur, Concepción Ap.",-36.78055,-73.06639,1018.7458333333334
2011-10-10,370033.0,"María Dolores, Los Angeles Ad.",-37.39694,-72.42389,1006.8
2011-10-10,380013.0,"Maquehue, Temuco Ad.",-38.76778,-72.63194,1008.8375
2011-10-10,390006.0,"Pichoy, Valdivia Ad.",-39.65667,-73.08722,1018.6
2011-10-10,400009.0,"Cañal Bajo,  Osorno Ad.",-40.61444,-73.0575,1013.7454545454547
2011-10-10,410005.0,El Tepual  Puerto Montt Ap.,-41.4475,-73.09583,1008.5083333333333
2011-10-10,450004.0,"Teniente Vidal, Coyhaique Ad.",-45.59083,-72.10222,974.9923076923077
2011-10-10,450005.0,Balmaceda Ad.,-45.91833,-71.67778,948.3090909090909
2011-10-10,520006.0,"Carlos Ibañez, Punta Arenas Ap.",-53.00167,-70.83861,993.9833333333332
2011-10-10,550001.0,"Guardiamarina Zañartu, Pto Williams Ad.",-54.93167,-67.61556,994.4399999999999
2011-10-10,950001.0,"C.M.A. Eduardo Frei Montalva, Antártica ",-62.19194,-58.97972,981.2875
2011-10-11,180005.0,"Chacalluta, Arica Ap.",-18.35555,-70.34028,1012.8583333333332
2011-10-11,200006.0,Diego Aracena Iquique Ap.,-20.54917,-70.18111,1012.2833333333333
2011-10-11,220002.0,"El Loa, Calama Ad.",-22.49806,-68.8925,776.4705882352941
2011-10-11,270001.0,Mataveri  Isla de Pascua Ap.,-27.15889,-109.4325,1022.9041666666667
2011-10-11,270008.0,"Desierto de Atacama, Caldera  Ad.",-27.25444,-70.78111,997.3538461538462
2011-10-11,290004.0,"La Florida, La Serena Ad.",-29.91444,-71.20667,1001.9250000000001
2011-10-11,330007.0,"Rodelillo, Ad.",-33.06528,-71.55639,979.0
2011-10-11,330019.0,"Eulogio Sánchez, Tobalaba Ad.",-33.45528,-70.54861,941.7666666666668
2011-10-11,330020.0,"Quinta Normal, Santiago",-33.445,-70.68278,956.25
2011-10-11,330021.0,Pudahuel Santiago ,-33.37833,-70.78778,961.3291666666668
2011-10-11,330030.0,"Santo Domingo, Ad.",-33.65611,-71.61333,1010.9857142857144
2011-10-11,330031.0,"Juan Fernández, Estación Meteorológica.",-33.63583,-78.83305,1017.5
2011-10-11,340031.0,"General Freire, Curicó Ad.",-34.96944,-71.21694,990.2333333333332
2011-10-11,360011.0,"General Bernardo O'Higgins, Chillán Ad.",-36.58583,-72.03667,999.275
2011-10-11,360019.0,"Carriel Sur, Concepción Ap.",-36.78055,-73.06639,1017.1708333333332
2011-10-11,370033.0,"María Dolores, Los Angeles Ad.",-37.39694,-72.42389,1002.9
2011-10-11,380013.0,"Maquehue, Temuco Ad.",-38.76778,-72.63194,1005.95
2011-10-11,390006.0,"Pichoy, Valdivia Ad.",-39.65667,-73.08722,1011.525
2011-10-11,400009.0,"Cañal Bajo,  Osorno Ad.",-40.61444,-73.0575,1005.8727272727273
2011-10-11,410005.0,El Tepual  Puerto Montt Ap.,-41.4475,-73.09583,1003.8958333333334
2011-10-11,430001.0,Quellón Ad.,-43.13361,-73.63278,1009.4333333333334
2011-10-11,430002.0,Futaleufú Ad.,-43.18889,-71.85222,971.2333333333332
2011-10-11,450001.0,Puerto Aysén Ad.,-45.39944,-72.67722,1011.0
2011-10-11,450004.0,"Teniente Vidal, Coyhaique Ad.",-45.59083,-72.10222,975.7384615384616
2011-10-11,450005.0,Balmaceda Ad.,-45.91833,-71.67778,950.3076923076923
2011-10-11,510005.0,"Teniente Gallardo, Puerto Natales Ad.",-51.66722,-72.52889,1003.6333333333333
2011-10-11,520006.0,"Carlos Ibañez, Punta Arenas Ap.",-53.00167,-70.83861,1004.75
2011-10-11,530005.0,"Fuentes Martínez, Porvenir Ad.",-53.25361,-70.32611,1006.875
2011-10-11,550001.0,"Guardiamarina Zañartu, Pto Williams Ad.",-54.93167,-67.61556,1005.4555555555556
2011-10-11,950001.0,"C.M.A. Eduardo Frei Montalva, Antártica ",-62.19194,-58.97972,983.6375
2011-10-12,180005.0,"Chacalluta, Arica Ap.",-18.35555,-70.34028,1013.1374999999999
2011-10-12,200006.0,Diego Aracena Iquique Ap.,-20.54917,-70.18111,1012.475
2011-10-12,220002.0,"El Loa, Calama Ad.",-22.49806,-68.8925,775.6941176470588
2011-10-12,270001.0,Mataveri  Isla de Pascua Ap.,-27.15889,-109.4325,1023.275
2011-10-12,270008.0,"Desierto de Atacama, Caldera  Ad.",-27.25444,-70.78111,997.2538461538461
2011-10-12,290004.0,"La Florida, La Serena Ad.",-29.91444,-71.20667,1003.3166666666666
2011-10-12,330007.0,"Rodelillo, Ad.",-33.06528,-71.55639,979.0
2011-10-12,330019.0,"Eulogio Sánchez, Tobalaba Ad.",-33.45528,-70.54861,941.9333333333334
2011-10-12,330020.0,"Quinta Normal, Santiago",-33.445,-70.68278,957.6
2011-10-12,330021.0,Pudahuel Santiago ,-33.37833,-70.78778,962.5833333333334
2011-10-12,330030.0,"Santo Domingo, Ad.",-33.65611,-71.61333,1011.3642857142858
2011-10-12,330031.0,"Juan Fernández, Estación Meteorológica.",-33.63583,-78.83305,1015.65
2011-10-12,340031.0,"General Freire, Curicó Ad.",-34.96944,-71.21694,990.3333333333334
2011-10-12,360011.0,"General Bernardo O'Higgins, Chillán Ad.",-36.58583,-72.03667,1000.4833333333332
2011-10-12,360019.0,"Carriel Sur, Concepción Ap.",-36.78055,-73.06639,1016.8708333333334
2011-10-12,370033.0,"María Dolores, Los Angeles Ad.",-37.39694,-72.42389,1003.0
2011-10-12,380013.0,"Maquehue, Temuco Ad.",-38.76778,-72.63194,1005.5
2011-10-12,390006.0,"Pichoy, Valdivia Ad.",-39.65667,-73.08722,1013.925
2011-10-12,400009.0,"Cañal Bajo,  Osorno Ad.",-40.61444,-73.0575,1009.7272727272727
2011-10-12,410005.0,El Tepual  Puerto Montt Ap.,-41.4475,-73.09583,1005.7583333333333
2011-10-12,430001.0,Quellón Ad.,-43.13361,-73.63278,1017.0
2011-10-12,430002.0,Futaleufú Ad.,-43.18889,-71.85222,976.1999999999999
2011-10-12,450001.0,Puerto Aysén Ad.,-45.39944,-72.67722,1016.8000000000001
2011-10-12,450004.0,"Teniente Vidal, Coyhaique Ad.",-45.59083,-72.10222,979.2769230769231
2011-10-12,450005.0,Balmaceda Ad.,-45.91833,-71.67778,954.1
2011-10-12,510005.0,"Teniente Gallardo, Puerto Natales Ad.",-51.66722,-72.52889,1004.8666666666667
2011-10-12,520006.0,"Carlos Ibañez, Punta Arenas Ap.",-53.00167,-70.83861,1006.1958333333333
2011-10-12,530005.0,"Fuentes Martínez, Porvenir Ad.",-53.25361,-70.32611,1006.725
2011-10-12,550001.0,"Guardiamarina Zañartu, Pto Williams Ad.",-54.93167,-67.61556,1003.7222222222222
2011-10-12,950001.0,"C.M.A. Eduardo Frei Montalva, Antártica ",-62.19194,-58.97972,981.4
2011-10-13,180005.0,"Chacalluta, Arica Ap.",-18.35555,-70.34028,1012.6166666666667
2011-10-13,200006.0,Diego Aracena Iquique Ap.,-20.54917,-70.18111,1011.9791666666666
2011-10-13,220002.0,"El Loa, Calama Ad.",-22.49806,-68.8925,775.7823529411764
2011-10-13,270001.0,Mataveri  Isla de Pascua Ap.,-27.15889,-109.4325,1022.5666666666666
2011-10-13,270008.0,"Desierto de Atacama, Caldera  Ad.",-27.25444,-70.78111,995.6
2011-10-13,290004.0,"La Florida, La Serena Ad.",-29.91444,-71.20667,1000.625
2011-10-13,330007.0,"Rodelillo, Ad.",-33.06528,-71.55639,976.0
2011-10-13,330019.0,"Eulogio Sánchez, Tobalaba Ad.",-33.45528,-70.54861,939.6
2011-10-13,330020.0,"Quinta Normal, Santiago",-33.445,-70.68278,954.85
2011-10-13,330021.0,Pudahuel Santiago ,-33.37833,-70.78778,959.8916666666668
2011-10-13,330030.0,"Santo Domingo, Ad.",-33.65611,-71.61333,1008.7142857142857
2011-10-13,330031.0,"Juan Fernández, Estación Meteorológica.",-33.63583,-78.83305,1013.225
2011-10-13,340031.0,"General Freire, Curicó Ad.",-34.96944,-71.21694,988.0749999999999
2011-10-13,360011.0,"General Bernardo O'Higgins, Chillán Ad.",-36.58583,-72.03667,999.3916666666668
2011-10-13,360019.0,"Carriel Sur, Concepción Ap.",-36.78055,-73.06639,1016.6416666666668
2011-10-13,370033.0,"María Dolores, Los Angeles Ad.",-37.39694,-72.42389,1003.5
2011-10-13,380013.0,"Maquehue, Temuco Ad.",-38.76778,-72.63194,1007.5875
2011-10-13,390006.0,"Pichoy, Valdivia Ad.",-39.65667,-73.08722,1016.6
2011-10-13,400009.0,"Cañal Bajo,  Osorno Ad.",-40.61444,-73.0575,1013.0818181818181
2011-10-13,410005.0,El Tepual  Puerto Montt Ap.,-41.4475,-73.09583,1011.1958333333333
2011-10-13,430001.0,Quellón Ad.,-43.13361,-73.63278,1020.7333333333332
2011-10-13,430002.0,Futaleufú Ad.,-43.18889,-71.85222,978.8666666666667
2011-10-13,450001.0,Puerto Aysén Ad.,-45.39944,-72.67722,1018.5666666666666
2011-10-13,450004.0,"Teniente Vidal, Coyhaique Ad.",-45.59083,-72.10222,978.3923076923077
2011-10-13,450005.0,Balmaceda Ad.,-45.91833,-71.67778,952.0545454545455
2011-10-13,510005.0,"Teniente Gallardo, Puerto Natales Ad.",-51.66722,-72.52889,992.0
2011-10-13,520006.0,"Carlos Ibañez, Punta Arenas Ap.",-53.00167,-70.83861,994.0333333333333
2011-10-13,530005.0,"Fuentes Martínez, Porvenir Ad.",-53.25361,-70.32611,994.18
2011-10-13,550001.0,"Guardiamarina Zañartu, Pto Williams Ad.",-54.93167,-67.61556,984.4444444444445
2011-10-13,950001.0,"C.M.A. Eduardo Frei Montalva, Antártica ",-62.19194,-58.97972,969.0625
2011-10-14,180005.0,"Chacalluta, Arica Ap.",-18.35555,-70.34028,1014.1
2011-10-14,200006.0,Diego Aracena Iquique Ap.,-20.54917,-70.18111,1013.6291666666666
2011-10-14,220002.0,"El Loa, Calama Ad.",-22.49806,-68.8925,776.4058823529411
2011-10-14,270001.0,Mataveri  Isla de Pascua Ap.,-27.15889,-109.4325,1020.9625
2011-10-14,270008.0,"Desierto de Atacama, Caldera  Ad.",-27.25444,-70.78111,998.15
2011-10-14,290004.0,"La Florida, La Serena Ad.",-29.91444,-71.20667,1003.9916666666667
2011-10-14,330007.0,"Rodelillo, Ad.",-33.06528,-71.55639,983.0
2011-10-14,330019.0,"Eulogio Sánchez, Tobalaba Ad.",-33.45528,-70.54861,946.225
2011-10-14,330020.0,"Quinta Normal, Santiago",-33.445,-70.68278,958.375
2011-10-14,330021.0,Pudahuel Santiago ,-33.37833,-70.78778,963.9333333333334
2011-10-14,330030.0,"Santo Domingo, Ad.",-33.65611,-71.61333,1014.592857142857
2011-10-14,330031.0,"Juan Fernández, Estación Meteorológica.",-33.63583,-78.83305,1020.475
2011-10-14,340031.0,"General Freire, Curicó Ad.",-34.96944,-71.21694,993.9166666666666
2011-10-14,360011.0,"General Bernardo O'Higgins, Chillán Ad.",-36.58583,-72.03667,1003.8666666666667
2011-10-14,360019.0,"Carriel Sur, Concepción Ap.",-36.78055,-73.06639,1019.5166666666668
2011-10-14,370033.0,"María Dolores, Los Angeles Ad.",-37.39694,-72.42389,1007.3
2011-10-14,380013.0,"Maquehue, Temuco Ad.",-38.76778,-72.63194,1009.25
2011-10-14,390006.0,"Pichoy, Valdivia Ad.",-39.65667,-73.08722,1019.0
2011-10-14,400009.0,"Cañal Bajo,  Osorno Ad.",-40.61444,-73.0575,1013.9636363636364
2011-10-14,410005.0,El Tepual  Puerto Montt Ap.,-41.4475,-73.09583,1009.5291666666667
2011-10-14,430001.0,Quellón Ad.,-43.13361,-73.63278,1017.1
2011-10-14,430002.0,Futaleufú Ad.,-43.18889,-71.85222,974.7333333333332
2011-10-14,450001.0,Puerto Aysén Ad.,-45.39944,-72.67722,1012.8333333333334
2011-10-14,450004.0,"Teniente Vidal, Coyhaique Ad.",-45.59083,-72.10222,975.3615384615385
2011-10-14,450005.0,Balmaceda Ad.,-45.91833,-71.67778,948.5083333333333
2011-10-14,510005.0,"Teniente Gallardo, Puerto Natales Ad.",-51.66722,-72.52889,1000.1333333333333
2011-10-14,520006.0,"Carlos Ibañez, Punta Arenas Ap.",-53.00167,-70.83861,995.9166666666666
2011-10-14,530005.0,"Fuentes Martínez, Porvenir Ad.",-53.25361,-70.32611,1000.575
2011-10-14,550001.0,"Guardiamarina Zañartu, Pto Williams Ad.",-54.93167,-67.61556,997.2333333333333
2011-10-14,950001.0,"C.M.A. Eduardo Frei Montalva, Antártica ",-62.19194,-58.97972,968.3375
2011-10-15,180005.0,"Chacalluta, Arica Ap.",-18.35555,-70.34028,1012.9875000000001
2011-10-15,200006.0,Diego Aracena Iquique Ap.,-20.54917,-70.18111,1012.2624999999999
2011-10-15,220002.0,"El Loa, Calama Ad.",-22.49806,-68.8925,775.0666666666667
2011-10-15,270001.0,Mataveri  Isla de Pascua Ap.,-27.15889,-109.4325,1020.4291666666667
2011-10-15,270008.0,"Desierto de Atacama, Caldera  Ad.",-27.25444,-70.78111,996.6083333333332
2011-10-15,290004.0,"La Florida, La Serena Ad.",-29.91444,-71.20667,1003.3125
2011-10-15,330007.0,"Rodelillo, Ad.",-33.06528,-71.55639,980.5833333333334
2011-10-15,330019.0,"Eulogio Sánchez, Tobalaba Ad.",-33.45528,-70.54861,945.0
2011-10-15,330020.0,"Quinta Normal, Santiago",-33.445,-70.68278,960.5875
2011-10-15,330021.0,Pudahuel Santiago ,-33.37833,-70.78778,965.6999999999999
2011-10-15,330030.0,"Santo Domingo, Ad.",-33.65611,-71.61333,1013.6357142857142
2011-10-15,330031.0,"Juan Fernández, Estación Meteorológica.",-33.63583,-78.83305,1022.7
2011-10-15,340031.0,"General Freire, Curicó Ad.",-34.96944,-71.21694,993.6083333333332
2011-10-15,360011.0,"General Bernardo O'Higgins, Chillán Ad.",-36.58583,-72.03667,1004.6666666666666
2011-10-15,360019.0,"Carriel Sur, Concepción Ap.",-36.78055,-73.06639,1022.8000000000001
2011-10-15,370033.0,"María Dolores, Los Angeles Ad.",-37.39694,-72.42389,1008.25
2011-10-15,380013.0,"Maquehue, Temuco Ad.",-38.76778,-72.63194,1011.1375
2011-10-15,390006.0,"Pichoy, Valdivia Ad.",-39.65667,-73.08722,1017.825
2011-10-15,400009.0,"Cañal Bajo,  Osorno Ad.",-40.61444,-73.0575,1012.1636363636363
2011-10-15,410005.0,El Tepual  Puerto Montt Ap.,-41.4475,-73.09583,1008.3333333333334
2011-10-15,450004.0,"Teniente Vidal, Coyhaique Ad.",-45.59083,-72.10222,972.5384615384615
2011-10-15,450005.0,Balmaceda Ad.,-45.91833,-71.67778,944.6454545454545
2011-10-15,520006.0,"Carlos Ibañez, Punta Arenas Ap.",-53.00167,-70.83861,997.1374999999999
2011-10-15,530005.0,"Fuentes Martínez, Porvenir Ad.",-53.25361,-70.32611,998.0666666666666
2011-10-15,550001.0,"Guardiamarina Zañartu, Pto Williams Ad.",-54.93167,-67.61556,996.9
2011-10-15,950001.0,"C.M.A. Eduardo Frei Montalva, Antártica ",-62.19194,-58.97972,983.1875
2011-10-16,180005.0,"Chacalluta, Arica Ap.",-18.35555,-70.34028,1012.4333333333334
2011-10-16,200006.0,Diego Aracena Iquique Ap.,-20.54917,-70.18111,1011.7125
2011-10-16,220002.0,"El Loa, Calama Ad.",-22.49806,-68.8925,775.1
2011-10-16,270001.0,Mataveri  Isla de Pascua Ap.,-27.15889,-109.4325,1021.1374999999999
2011-10-16,270008.0,"Desierto de Atacama, Caldera  Ad.",-27.25444,-70.78111,995.5
2011-10-16,290004.0,"La Florida, La Serena Ad.",-29.91444,-71.20667,1000.75
2011-10-16,330007.0,"Rodelillo, Ad.",-33.06528,-71.55639,977.1666666666666
2011-10-16,330019.0,"Eulogio Sánchez, Tobalaba Ad.",-33.45528,-70.54861,942.4499999999999
2011-10-16,330020.0,"Quinta Normal, Santiago",-33.445,-70.68278,957.575
2011-10-16,330021.0,Pudahuel Santiago ,-33.37833,-70.78778,962.6291666666666
2011-10-16,330030.0,"Santo Domingo, Ad.",-33.65611,-71.61333,1009.9214285714286
2011-10-16,330031.0,"Juan Fernández, Estación Meteorológica.",-33.63583,-78.83305,1020.975
2011-10-16,340031.0,"General Freire, Curicó Ad.",-34.96944,-71.21694,991.6416666666668
2011-10-16,360011.0,"General Bernardo O'Higgins, Chillán Ad.",-36.58583,-72.03667,1002.4166666666666
2011-10-16,360019.0,"Carriel Sur, Concepción Ap.",-36.78055,-73.06639,1020.8416666666667
2011-10-16,370033.0,"María Dolores, Los Angeles Ad.",-37.39694,-72.42389,1007.5999999999999
2011-10-16,380013.0,"Maquehue, Temuco Ad.",-38.76778,-72.63194,1011.3375
2011-10-16,390006.0,"Pichoy, Valdivia Ad.",-39.65667,-73.08722,1019.825
2011-10-16,400009.0,"Cañal Bajo,  Osorno Ad.",-40.61444,-73.0575,1015.7
2011-10-16,410005.0,El Tepual  Puerto Montt Ap.,-41.4475,-73.09583,1012.5208333333334
2011-10-16,450004.0,"Teniente Vidal, Coyhaique Ad.",-45.59083,-72.10222,980.7846153846154
2011-10-16,450005.0,Balmaceda Ad.,-45.91833,-71.67778,953.6545454545455
2011-10-16,520006.0,"Carlos Ibañez, Punta Arenas Ap.",-53.00167,-70.83861,996.4375
2011-10-16,550001.0,"Guardiamarina Zañartu, Pto Williams Ad.",-54.93167,-67.61556,
2011-10-16,950001.0,"C.M.A. Eduardo Frei Montalva, Antártica ",-62.19194,-58.97972,979.6
2011-10-17,180005.0,"Chacalluta, Arica Ap.",-18.35555,-70.34028,1013.6541666666667
2011-10-17,200006.0,Diego Aracena Iquique Ap.,-20.54917,-70.18111,1012.8416666666667
2011-10-17,220002.0,"El Loa, Calama Ad.",-22.49806,-68.8925,777.4
2011-10-17,270001.0,Mataveri  Isla de Pascua Ap.,-27.15889,-109.4325,1020.1541666666667
2011-10-17,270008.0,"Desierto de Atacama, Caldera  Ad.",-27.25444,-70.78111,997.2166666666667
2011-10-17,290004.0,"La Florida, La Serena Ad.",-29.91444,-71.20667,1002.4416666666666
2011-10-17,330007.0,"Rodelillo, Ad.",-33.06528,-71.55639,979.0
2011-10-17,330019.0,"Eulogio Sánchez, Tobalaba Ad.",-33.45528,-70.54861,943.0416666666666
2011-10-17,330020.0,"Quinta Normal, Santiago",-33.445,-70.68278,956.775
2011-10-17,330021.0,Pudahuel Santiago ,-33.37833,-70.78778,961.9458333333333
2011-10-17,330030.0,"Santo Domingo, Ad.",-33.65611,-71.61333,1010.8357142857143
2011-10-17,330031.0,"Juan Fernández, Estación Meteorológica.",-33.63583,-78.83305,1018.55
2011-10-17,340031.0,"General Freire, Curicó Ad.",-34.96944,-71.21694,991.3833333333333
2011-10-17,360011.0,"General Bernardo O'Higgins, Chillán Ad.",-36.58583,-72.03667,1002.9833333333332
2011-10-17,360019.0,"Carriel Sur, Concepción Ap.",-36.78055,-73.06639,1019.6208333333334
2011-10-17,370033.0,"María Dolores, Los Angeles Ad.",-37.39694,-72.42389,1006.4
2011-10-17,380013.0,"Maquehue, Temuco Ad.",-38.76778,-72.63194,1010.05
2011-10-17,390006.0,"Pichoy, Valdivia Ad.",-39.65667,-73.08722,1018.6
2011-10-17,400009.0,"Cañal Bajo,  Osorno Ad.",-40.61444,-73.0575,1014.4909090909091
2011-10-17,410005.0,El Tepual  Puerto Montt Ap.,-41.4475,-73.09583,1011.3333333333334
2011-10-17,430001.0,Quellón Ad.,-43.13361,-73.63278,1020.7333333333332
2011-10-17,430002.0,Futaleufú Ad.,-43.18889,-71.85222,979.1333333333333
2011-10-17,450001.0,Puerto Aysén Ad.,-45.39944,-72.67722,1019.5666666666666
2011-10-17,450004.0,"Teniente Vidal, Coyhaique Ad.",-45.59083,-72.10222,981.4769230769232
2011-10-17,450005.0,Balmaceda Ad.,-45.91833,-71.67778,954.8545454545455
2011-10-17,510005.0,"Teniente Gallardo, Puerto Natales Ad.",-51.66722,-72.52889,1001.1333333333333
2011-10-17,520006.0,"Carlos Ibañez, Punta Arenas Ap.",-53.00167,-70.83861,1001.7333333333332
2011-10-17,530005.0,"Fuentes Martínez, Porvenir Ad.",-53.25361,-70.32611,1004.175
2011-10-17,550001.0,"Guardiamarina Zañartu, Pto Williams Ad.",-54.93167,-67.61556,1002.2222222222222
2011-10-17,950001.0,"C.M.A. Eduardo Frei Montalva, Antártica ",-62.19194,-58.97972,980.275
2011-10-18,180005.0,"Chacalluta, Arica Ap.",-18.35555,-70.34028,1014.5500000000001
2011-10-18,200006.0,Diego Aracena Iquique Ap.,-20.54917,-70.18111,1013.7208333333333
2011-10-18,220002.0,"El Loa, Calama Ad.",-22.49806,-68.8925,778.3176470588235
2011-10-18,270001.0,Mataveri  Isla de Pascua Ap.,-27.15889,-109.4325,1018.1416666666668
2011-10-18,270008.0,"Desierto de Atacama, Caldera  Ad.",-27.25444,-70.78111,998.9083333333333
2011-10-18,290004.0,"La Florida, La Serena Ad.",-29.91444,-71.20667,1004.1333333333333
2011-10-18,330007.0,"Rodelillo, Ad.",-33.06528,-71.55639,981.4166666666666
2011-10-18,330019.0,"Eulogio Sánchez, Tobalaba Ad.",-33.45528,-70.54861,945.5583333333334
2011-10-18,330020.0,"Quinta Normal, Santiago",-33.445,-70.68278,958.9625
2011-10-18,330021.0,Pudahuel Santiago ,-33.37833,-70.78778,964.1208333333334
2011-10-18,330030.0,"Santo Domingo, Ad.",-33.65611,-71.61333,1013.0500000000001
2011-10-18,330031.0,"Juan Fernández, Estación Meteorológica.",-33.63583,-78.83305,1020.775
2011-10-18,340031.0,"General Freire, Curicó Ad.",-34.96944,-71.21694,993.9333333333334
2011-10-18,360011.0,"General Bernardo O'Higgins, Chillán Ad.",-36.58583,-72.03667,1004.8416666666667
2011-10-18,360019.0,"Carriel Sur, Concepción Ap.",-36.78055,-73.06639,1021.8541666666666
2011-10-18,370033.0,"María Dolores, Los Angeles Ad.",-37.39694,-72.42389,1008.9000000000001
2011-10-18,380013.0,"Maquehue, Temuco Ad.",-38.76778,-72.63194,1012.0
2011-10-18,390006.0,"Pichoy, Valdivia Ad.",-39.65667,-73.08722,1021.525
2011-10-18,400009.0,"Cañal Bajo,  Osorno Ad.",-40.61444,-73.0575,1016.3727272727273
2011-10-18,410005.0,El Tepual  Puerto Montt Ap.,-41.4475,-73.09583,1012.725
2011-10-18,430001.0,Quellón Ad.,-43.13361,-73.63278,1020.7666666666668
2011-10-18,430002.0,Futaleufú Ad.,-43.18889,-71.85222,979.6999999999999
2011-10-18,450001.0,Puerto Aysén Ad.,-45.39944,-72.67722,1017.6999999999999
2011-10-18,450004.0,"Teniente Vidal, Coyhaique Ad.",-45.59083,-72.10222,978.8615384615385
2011-10-18,450005.0,Balmaceda Ad.,-45.91833,-71.67778,951.3249999999999
2011-10-18,510005.0,"Teniente Gallardo, Puerto Natales Ad.",-51.66722,-72.52889,985.8000000000001
2011-10-18,520006.0,"Carlos Ibañez, Punta Arenas Ap.",-53.00167,-70.83861,992.6875
2011-10-18,530005.0,"Fuentes Martínez, Porvenir Ad.",-53.25361,-70.32611,988.975
2011-10-18,550001.0,"Guardiamarina Zañartu, Pto Williams Ad.",-54.93167,-67.61556,992.2333333333333
2011-10-18,950001.0,"C.M.A. Eduardo Frei Montalva, Antártica ",-62.19194,-58.97972,985.4375
2011-10-19,180005.0,"Chacalluta, Arica Ap.",-18.35555,-70.34028,1013.3166666666666
2011-10-19,200006.0,Diego Aracena Iquique Ap.,-20.54917,-70.18111,1012.2916666666666
2011-10-19,220002.0,"El Loa, Calama Ad.",-22.49806,-68.8925,778.2352941176471
2011-10-19,270001.0,Mataveri  Isla de Pascua Ap.,-27.15889,-109.4325,1017.3874999999999
2011-10-19,270008.0,"Desierto de Atacama, Caldera  Ad.",-27.25444,-70.78111,997.1384615384615
2011-10-19,290004.0,"La Florida, La Serena Ad.",-29.91444,-71.20667,1003.3000000000001
2011-10-19,330007.0,"Rodelillo, Ad.",-33.06528,-71.55639,979.25
2011-10-19,330019.0,"Eulogio Sánchez, Tobalaba Ad.",-33.45528,-70.54861,943.8333333333334
2011-10-19,330020.0,"Quinta Normal, Santiago",-33.445,-70.68278,959.1
2011-10-19,330021.0,Pudahuel Santiago ,-33.37833,-70.78778,964.1
2011-10-19,330030.0,"Santo Domingo, Ad.",-33.65611,-71.61333,1011.6
2011-10-19,330031.0,"Juan Fernández, Estación Meteorológica.",-33.63583,-78.83305,1022.15
2011-10-19,340031.0,"General Freire, Curicó Ad.",-34.96944,-71.21694,991.875
2011-10-19,360011.0,"General Bernardo O'Higgins, Chillán Ad.",-36.58583,-72.03667,1002.9250000000001
2011-10-19,360019.0,"Carriel Sur, Concepción Ap.",-36.78055,-73.06639,1021.9625
2011-10-19,370033.0,"María Dolores, Los Angeles Ad.",-37.39694,-72.42389,1007.8499999999999
2011-10-19,380013.0,"Maquehue, Temuco Ad.",-38.76778,-72.63194,1012.975
2011-10-19,390006.0,"Pichoy, Valdivia Ad.",-39.65667,-73.08722,1020.725
2011-10-19,400009.0,"Cañal Bajo,  Osorno Ad.",-40.61444,-73.0575,1015.0272727272727
2011-10-19,410005.0,El Tepual  Puerto Montt Ap.,-41.4475,-73.09583,1011.4666666666667
2011-10-19,430001.0,Quellón Ad.,-43.13361,-73.63278,1015.2999999999998
2011-10-19,430002.0,Futaleufú Ad.,-43.18889,-71.85222,973.5666666666666
2011-10-19,450001.0,Puerto Aysén Ad.,-45.39944,-72.67722,1008.4666666666667
2011-10-19,450004.0,"Teniente Vidal, Coyhaique Ad.",-45.59083,-72.10222,973.5692307692308
2011-10-19,450005.0,Balmaceda Ad.,-45.91833,-71.67778,946.5545454545455
2011-10-19,510005.0,"Teniente Gallardo, Puerto Natales Ad.",-51.66722,-72.52889,987.1
2011-10-19,520006.0,"Carlos Ibañez, Punta Arenas Ap.",-53.00167,-70.83861,984.5875
2011-10-19,530005.0,"Fuentes Martínez, Porvenir Ad.",-53.25361,-70.32611,987.8
2011-10-19,550001.0,"Guardiamarina Zañartu, Pto Williams Ad.",-54.93167,-67.61556,983.5777777777779
2011-10-19,950001.0,"C.M.A. Eduardo Frei Montalva, Antártica ",-62.19194,-58.97972,969.3625
2011-10-20,180005.0,"Chacalluta, Arica Ap.",-18.35555,-70.34028,1013.2333333333332
2011-10-20,200006.0,Diego Aracena Iquique Ap.,-20.54917,-70.18111,1012.1791666666667
2011-10-20,220002.0,"El Loa, Calama Ad.",-22.49806,-68.8925,778.1588235294118
2011-10-20,270001.0,Mataveri  Isla de Pascua Ap.,-27.15889,-109.4325,1018.8583333333332
2011-10-20,270008.0,"Desierto de Atacama, Caldera  Ad.",-27.25444,-70.78111,997.5500000000001
2011-10-20,290004.0,"La Florida, La Serena Ad.",-29.91444,-71.20667,1002.3125
2011-10-20,330007.0,"Rodelillo, Ad.",-33.06528,-71.55639,977.9166666666666
2011-10-20,330019.0,"Eulogio Sánchez, Tobalaba Ad.",-33.45528,-70.54861,941.7583333333333
2011-10-20,330020.0,"Quinta Normal, Santiago",-33.445,-70.68278,956.55
2011-10-20,330021.0,Pudahuel Santiago ,-33.37833,-70.78778,961.4875000000001
2011-10-20,330030.0,"Santo Domingo, Ad.",-33.65611,-71.61333,1009.9785714285715
2011-10-20,330031.0,"Juan Fernández, Estación Meteorológica.",-33.63583,-78.83305,1020.8
2011-10-20,340031.0,"General Freire, Curicó Ad.",-34.96944,-71.21694,989.5
2011-10-20,360011.0,"General Bernardo O'Higgins, Chillán Ad.",-36.58583,-72.03667,1000.9333333333334
2011-10-20,360019.0,"Carriel Sur, Concepción Ap.",-36.78055,-73.06639,1019.375
2011-10-20,370033.0,"María Dolores, Los Angeles Ad.",-37.39694,-72.42389,1004.5083333333333
2011-10-20,380013.0,"Maquehue, Temuco Ad.",-38.76778,-72.63194,1010.8875
2011-10-20,390006.0,"Pichoy, Valdivia Ad.",-39.65667,-73.08722,1017.775
2011-10-20,400009.0,"Cañal Bajo,  Osorno Ad.",-40.61444,-73.0575,1013.7727272727273
2011-10-20,410005.0,El Tepual  Puerto Montt Ap.,-41.4475,-73.09583,1010.5
2011-10-20,430001.0,Quellón Ad.,-43.13361,-73.63278,1020.4333333333334
2011-10-20,430002.0,Futaleufú Ad.,-43.18889,-71.85222,977.2666666666668
2011-10-20,450001.0,Puerto Aysén Ad.,-45.39944,-72.67722,1018.3000000000001
2011-10-20,450004.0,"Teniente Vidal, Coyhaique Ad.",-45.59083,-72.10222,978.9846153846154
2011-10-20,450005.0,Balmaceda Ad.,-45.91833,-71.67778,951.9545454545455
2011-10-20,510005.0,"Teniente Gallardo, Puerto Natales Ad.",-51.66722,-72.52889,987.6
2011-10-20,520006.0,"Carlos Ibañez, Punta Arenas Ap.",-53.00167,-70.83861,987.3916666666668
2011-10-20,530005.0,"Fuentes Martínez, Porvenir Ad.",-53.25361,-70.32611,987.15
2011-10-20,550001.0,"Guardiamarina Zañartu, Pto Williams Ad.",-54.93167,-67.61556,984.1444444444444
2011-10-20,950001.0,"C.M.A. Eduardo Frei Montalva, Antártica ",-62.19194,-58.97972,966.1375
2011-10-21,180005.0,"Chacalluta, Arica Ap.",-18.35555,-70.34028,1012.9958333333334
2011-10-21,200006.0,Diego Aracena Iquique Ap.,-20.54917,-70.18111,1012.0708333333333
2011-10-21,220002.0,"El Loa, Calama Ad.",-22.49806,-68.8925,777.3882352941176
2011-10-21,270001.0,Mataveri  Isla de Pascua Ap.,-27.15889,-109.4325,1018.9833333333332
2011-10-21,270008.0,"Desierto de Atacama, Caldera  Ad.",-27.25444,-70.78111,996.8166666666666
2011-10-21,290004.0,"La Florida, La Serena Ad.",-29.91444,-71.20667,1001.8416666666667
2011-10-21,330007.0,"Rodelillo, Ad.",-33.06528,-71.55639,977.75
2011-10-21,330019.0,"Eulogio Sánchez, Tobalaba Ad.",-33.45528,-70.54861,941.4333333333334
2011-10-21,330020.0,"Quinta Normal, Santiago",-33.445,-70.68278,956.05
2011-10-21,330021.0,Pudahuel Santiago ,-33.37833,-70.78778,961.125
2011-10-21,330030.0,"Santo Domingo, Ad.",-33.65611,-71.61333,1009.9357142857143
2011-10-21,330031.0,"Juan Fernández, Estación Meteorológica.",-33.63583,-78.83305,1019.425
2011-10-21,340031.0,"General Freire, Curicó Ad.",-34.96944,-71.21694,990.0916666666667
2011-10-21,360011.0,"General Bernardo O'Higgins, Chillán Ad.",-36.58583,-72.03667,1002.2833333333333
2011-10-21,360019.0,"Carriel Sur, Concepción Ap.",-36.78055,-73.06639,1018.8375
2011-10-21,370033.0,"María Dolores, Los Angeles Ad.",-37.39694,-72.42389,1006.2636363636364
2011-10-21,380013.0,"Maquehue, Temuco Ad.",-38.76778,-72.63194,1010.7125
2011-10-21,390006.0,"Pichoy, Valdivia Ad.",-39.65667,-73.08722,1020.6
2011-10-21,400009.0,"Cañal Bajo,  Osorno Ad.",-40.61444,-73.0575,1016.8
2011-10-21,410005.0,El Tepual  Puerto Montt Ap.,-41.4475,-73.09583,1011.9958333333334
2011-10-21,430001.0,Quellón Ad.,-43.13361,-73.63278,1020.9
2011-10-21,430002.0,Futaleufú Ad.,-43.18889,-71.85222,977.8
2011-10-21,450001.0,Puerto Aysén Ad.,-45.39944,-72.67722,1017.4666666666667
2011-10-21,450004.0,"Teniente Vidal, Coyhaique Ad.",-45.59083,-72.10222,979.8692307692307
2011-10-21,450005.0,Balmaceda Ad.,-45.91833,-71.67778,952.1545454545455
2011-10-21,510005.0,"Teniente Gallardo, Puerto Natales Ad.",-51.66722,-72.52889,995.1333333333333
2011-10-21,520006.0,"Carlos Ibañez, Punta Arenas Ap.",-53.00167,-70.83861,991.4583333333334
2011-10-21,530005.0,"Fuentes Martínez, Porvenir Ad.",-53.25361,-70.32611,992.6200000000001
2011-10-21,550001.0,"Guardiamarina Zañartu, Pto Williams Ad.",-54.93167,-67.61556,988.811111111111
2011-10-21,950001.0,"C.M.A. Eduardo Frei Montalva, Antártica ",-62.19194,-58.97972,964.8375
2011-10-22,180005.0,"Chacalluta, Arica Ap.",-18.35555,-70.34028,1011.8041666666667
2011-10-22,200006.0,Diego Aracena Iquique Ap.,-20.54917,-70.18111,1010.9125
2011-10-22,220002.0,"El Loa, Calama Ad.",-22.49806,-68.8925,776.6375
2011-10-22,270001.0,Mataveri  Isla de Pascua Ap.,-27.15889,-109.4325,1013.7125
2011-10-22,270008.0,"Desierto de Atacama, Caldera  Ad.",-27.25444,-70.78111,995.4250000000001
2011-10-22,290004.0,"La Florida, La Serena Ad.",-29.91444,-71.20667,1001.3708333333334
2011-10-22,330007.0,"Rodelillo, Ad.",-33.06528,-71.55639,977.0833333333334
2011-10-22,330019.0,"Eulogio Sánchez, Tobalaba Ad.",-33.45528,-70.54861,940.6666666666666
2011-10-22,330020.0,"Quinta Normal, Santiago",-33.445,-70.68278,955.35
2011-10-22,330021.0,Pudahuel Santiago ,-33.37833,-70.78778,960.4250000000001
2011-10-22,330030.0,"Santo Domingo, Ad.",-33.65611,-71.61333,1009.092857142857
2011-10-22,330031.0,"Juan Fernández, Estación Meteorológica.",-33.63583,-78.83305,1019.575
2011-10-22,340031.0,"General Freire, Curicó Ad.",-34.96944,-71.21694,988.85
2011-10-22,360011.0,"General Bernardo O'Higgins, Chillán Ad.",-36.58583,-72.03667,999.775
2011-10-22,360019.0,"Carriel Sur, Concepción Ap.",-36.78055,-73.06639,1018.4666666666667
2011-10-22,370033.0,"María Dolores, Los Angeles Ad.",-37.39694,-72.42389,1004.5
2011-10-22,380013.0,"Maquehue, Temuco Ad.",-38.76778,-72.63194,1010.35
2011-10-22,390006.0,"Pichoy, Valdivia Ad.",-39.65667,-73.08722,1018.75
2011-10-22,400009.0,"Cañal Bajo,  Osorno Ad.",-40.61444,-73.0575,1015.4
2011-10-22,410005.0,El Tepual  Puerto Montt Ap.,-41.4475,-73.09583,1013.8000000000001
2011-10-22,450004.0,"Teniente Vidal, Coyhaique Ad.",-45.59083,-72.10222,983.9076923076923
2011-10-22,450005.0,Balmaceda Ad.,-45.91833,-71.67778,956.9583333333334
2011-10-22,520006.0,"Carlos Ibañez, Punta Arenas Ap.",-53.00167,-70.83861,1000.125
2011-10-22,530005.0,"Fuentes Martínez, Porvenir Ad.",-53.25361,-70.32611,1003.4
2011-10-22,550001.0,"Guardiamarina Zañartu, Pto Williams Ad.",-54.93167,-67.61556,999.0999999999999
2011-10-22,950001.0,"C.M.A. Eduardo Frei Montalva, Antártica ",-62.19194,-58.97972,970.3875
2011-10-23,180005.0,"Chacalluta, Arica Ap.",-18.35555,-70.34028,1012.2208333333333
2011-10-23,200006.0,Diego Aracena Iquique Ap.,-20.54917,-70.18111,1011.5041666666666
2011-10-23,220002.0,"El Loa, Calama Ad.",-22.49806,-68.8925,777.2076923076924
2011-10-23,270001.0,Mataveri  Isla de Pascua Ap.,-27.15889,-109.4325,1006.5333333333333
2011-10-23,270008.0,"Desierto de Atacama, Caldera  Ad.",-27.25444,-70.78111,996.1166666666667
2011-10-23,290004.0,"La Florida, La Serena Ad.",-29.91444,-71.20667,1001.8916666666668
2011-10-23,330007.0,"Rodelillo, Ad.",-33.06528,-71.55639,978.8333333333334
2011-10-23,330019.0,"Eulogio Sánchez, Tobalaba Ad.",-33.45528,-70.54861,941.3583333333332
2011-10-23,330020.0,"Quinta Normal, Santiago",-33.445,-70.68278,955.4625
2011-10-23,330021.0,Pudahuel Santiago ,-33.37833,-70.78778,960.5875
2011-10-23,330030.0,"Santo Domingo, Ad.",-33.65611,-71.61333,1010.4499999999999
2011-10-23,330031.0,"Juan Fernández, Estación Meteorológica.",-33.63583,-78.83305,1018.625
2011-10-23,340031.0,"General Freire, Curicó Ad.",-34.96944,-71.21694,988.5916666666667
2011-10-23,360011.0,"General Bernardo O'Higgins, Chillán Ad.",-36.58583,-72.03667,999.1999999999999
2011-10-23,360019.0,"Carriel Sur, Concepción Ap.",-36.78055,-73.06639,1016.5791666666668
2011-10-23,370033.0,"María Dolores, Los Angeles Ad.",-37.39694,-72.42389,1003.6727272727272
2011-10-23,380013.0,"Maquehue, Temuco Ad.",-38.76778,-72.63194,1007.6
2011-10-23,390006.0,"Pichoy, Valdivia Ad.",-39.65667,-73.08722,1017.0
2011-10-23,400009.0,"Cañal Bajo,  Osorno Ad.",-40.61444,-73.0575,1013.2090909090908
2011-10-23,410005.0,El Tepual  Puerto Montt Ap.,-41.4475,-73.09583,1010.0541666666667
2011-10-23,450004.0,"Teniente Vidal, Coyhaique Ad.",-45.59083,-72.10222,979.5230769230768
2011-10-23,450005.0,Balmaceda Ad.,-45.91833,-71.67778,952.1333333333333
2011-10-23,520006.0,"Carlos Ibañez, Punta Arenas Ap.",-53.00167,-70.83861,994.2166666666667
2011-10-23,550001.0,"Guardiamarina Zañartu, Pto Williams Ad.",-54.93167,-67.61556,
2011-10-23,950001.0,"C.M.A. Eduardo Frei Montalva, Antártica ",-62.19194,-58.97972,965.975
2011-10-24,180005.0,"Chacalluta, Arica Ap.",-18.35555,-70.34028,1012.8666666666667
2011-10-24,200006.0,Diego Aracena Iquique Ap.,-20.54917,-70.18111,1011.9166666666666
2011-10-24,220002.0,"El Loa, Calama Ad.",-22.49806,-68.8925,777.8888888888889
2011-10-24,270001.0,Mataveri  Isla de Pascua Ap.,-27.15889,-109.4325,1008.8083333333334
2011-10-24,270008.0,"Desierto de Atacama, Caldera  Ad.",-27.25444,-70.78111,997.2285714285715
2011-10-24,290004.0,"La Florida, La Serena Ad.",-29.91444,-71.20667,1004.1875
2011-10-24,330007.0,"Rodelillo, Ad.",-33.06528,-71.55639,982.0
2011-10-24,330019.0,"Eulogio Sánchez, Tobalaba Ad.",-33.45528,-70.54861,946.0666666666666
2011-10-24,330020.0,"Quinta Normal, Santiago",-33.445,-70.68278,959.75
2011-10-24,330021.0,Pudahuel Santiago ,-33.37833,-70.78778,965.1541666666667
2011-10-24,330030.0,"Santo Domingo, Ad.",-33.65611,-71.61333,1014.4714285714286
2011-10-24,330031.0,"Juan Fernández, Estación Meteorológica.",-33.63583,-78.83305,1024.05
2011-10-24,340031.0,"General Freire, Curicó Ad.",-34.96944,-71.21694,994.5833333333334
2011-10-24,360011.0,"General Bernardo O'Higgins, Chillán Ad.",-36.58583,-72.03667,1005.6833333333334
2011-10-24,360019.0,"Carriel Sur, Concepción Ap.",-36.78055,-73.06639,1021.5791666666668
2011-10-24,370033.0,"María Dolores, Los Angeles Ad.",-37.39694,-72.42389,1009.6
2011-10-24,380013.0,"Maquehue, Temuco Ad.",-38.76778,-72.63194,1012.8
2011-10-24,390006.0,"Pichoy, Valdivia Ad.",-39.65667,-73.08722,1023.3
2011-10-24,400009.0,"Cañal Bajo,  Osorno Ad.",-40.61444,-73.0575,1019.2181818181817
2011-10-24,410005.0,El Tepual  Puerto Montt Ap.,-41.4475,-73.09583,1014.9458333333333
2011-10-24,430001.0,Quellón Ad.,-43.13361,-73.63278,1025.3666666666668
2011-10-24,430002.0,Futaleufú Ad.,-43.18889,-71.85222,983.1
2011-10-24,450001.0,Puerto Aysén Ad.,-45.39944,-72.67722,1024.1333333333334
2011-10-24,450004.0,"Teniente Vidal, Coyhaique Ad.",-45.59083,-72.10222,985.6384615384615
2011-10-24,450005.0,Balmaceda Ad.,-45.91833,-71.67778,959.2545454545453
2011-10-24,510005.0,"Teniente Gallardo, Puerto Natales Ad.",-51.66722,-72.52889,1007.7333333333332
2011-10-24,520006.0,"Carlos Ibañez, Punta Arenas Ap.",-53.00167,-70.83861,1003.1
2011-10-24,530005.0,"Fuentes Martínez, Porvenir Ad.",-53.25361,-70.32611,1007.575
2011-10-24,550001.0,"Guardiamarina Zañartu, Pto Williams Ad.",-54.93167,-67.61556,1002.8666666666666
2011-10-24,950001.0,"C.M.A. Eduardo Frei Montalva, Antártica ",-62.19194,-58.97972,968.575
2011-10-25,180005.0,"Chacalluta, Arica Ap.",-18.35555,-70.34028,1011.3166666666666
2011-10-25,200006.0,Diego Aracena Iquique Ap.,-20.54917,-70.18111,1010.5333333333333
2011-10-25,220002.0,"El Loa, Calama Ad.",-22.49806,-68.8925,776.161111111111
2011-10-25,270001.0,Mataveri  Isla de Pascua Ap.,-27.15889,-109.4325,1015.35
2011-10-25,270008.0,"Desierto de Atacama, Caldera  Ad.",-27.25444,-70.78111,994.6928571428572
2011-10-25,290004.0,"La Florida, La Serena Ad.",-29.91444,-71.20667,999.9833333333332
2011-10-25,330007.0,"Rodelillo, Ad.",-33.06528,-71.55639,976.1111111111111
2011-10-25,330019.0,"Eulogio Sánchez, Tobalaba Ad.",-33.45528,-70.54861,940.8666666666667
2011-10-25,330020.0,"Quinta Normal, Santiago",-33.445,-70.68278,957.0875
2011-10-25,330021.0,Pudahuel Santiago ,-33.37833,-70.78778,962.025
2011-10-25,330030.0,"Santo Domingo, Ad.",-33.65611,-71.61333,1009.1071428571429
2011-10-25,330031.0,"Juan Fernández, Estación Meteorológica.",-33.63583,-78.83305,1022.85
2011-10-25,340031.0,"General Freire, Curicó Ad.",-34.96944,-71.21694,989.625
2011-10-25,360011.0,"General Bernardo O'Higgins, Chillán Ad.",-36.58583,-72.03667,1000.8249999999999
2011-10-25,360019.0,"Carriel Sur, Concepción Ap.",-36.78055,-73.06639,1020.4375
2011-10-25,370033.0,"María Dolores, Los Angeles Ad.",-37.39694,-72.42389,1005.9399999999999
2011-10-25,380013.0,"Maquehue, Temuco Ad.",-38.76778,-72.63194,1012.425
2011-10-25,390006.0,"Pichoy, Valdivia Ad.",-39.65667,-73.08722,1020.025
2011-10-25,400009.0,"Cañal Bajo,  Osorno Ad.",-40.61444,-73.0575,1016.7636363636364
2011-10-25,410005.0,El Tepual  Puerto Montt Ap.,-41.4475,-73.09583,1015.8208333333333
2011-10-25,430001.0,Quellón Ad.,-43.13361,-73.63278,1025.9666666666665
2011-10-25,430002.0,Futaleufú Ad.,-43.18889,-71.85222,984.4666666666667
2011-10-25,450001.0,Puerto Aysén Ad.,-45.39944,-72.67722,1025.9666666666667
2011-10-25,450004.0,"Teniente Vidal, Coyhaique Ad.",-45.59083,-72.10222,986.4461538461538
2011-10-25,450005.0,Balmaceda Ad.,-45.91833,-71.67778,960.8545454545455
2011-10-25,510005.0,"Teniente Gallardo, Puerto Natales Ad.",-51.66722,-72.52889,1007.3666666666668
2011-10-25,520006.0,"Carlos Ibañez, Punta Arenas Ap.",-53.00167,-70.83861,1006.5541666666667
2011-10-25,530005.0,"Fuentes Martínez, Porvenir Ad.",-53.25361,-70.32611,1008.525
2011-10-25,550001.0,"Guardiamarina Zañartu, Pto Williams Ad.",-54.93167,-67.61556,1002.9666666666667
2011-10-25,950001.0,"C.M.A. Eduardo Frei Montalva, Antártica ",-62.19194,-58.97972,979.4625
2011-10-26,180005.0,"Chacalluta, Arica Ap.",-18.35555,-70.34028,1009.8874999999999
2011-10-26,200006.0,Diego Aracena Iquique Ap.,-20.54917,-70.18111,1009.0875
2011-10-26,220002.0,"El Loa, Calama Ad.",-22.49806,-68.8925,773.9705882352941
2011-10-26,270001.0,Mataveri  Isla de Pascua Ap.,-27.15889,-109.4325,1017.8833333333333
2011-10-26,270008.0,"Desierto de Atacama, Caldera  Ad.",-27.25444,-70.78111,992.7428571428571
2011-10-26,290004.0,"La Florida, La Serena Ad.",-29.91444,-71.20667,997.8041666666667
2011-10-26,330007.0,"Rodelillo, Ad.",-33.06528,-71.55639,974.1818181818181
2011-10-26,330019.0,"Eulogio Sánchez, Tobalaba Ad.",-33.45528,-70.54861,938.2923076923076
2011-10-26,330020.0,"Quinta Normal, Santiago",-33.445,-70.68278,953.4125
2011-10-26,330021.0,Pudahuel Santiago ,-33.37833,-70.78778,958.4666666666667
2011-10-26,330030.0,"Santo Domingo, Ad.",-33.65611,-71.61333,1006.7857142857143
2011-10-26,330031.0,"Juan Fernández, Estación Meteorológica.",-33.63583,-78.83305,1017.075
2011-10-26,340031.0,"General Freire, Curicó Ad.",-34.96944,-71.21694,985.4333333333334
2011-10-26,360011.0,"General Bernardo O'Higgins, Chillán Ad.",-36.58583,-72.03667,995.8166666666666
2011-10-26,360019.0,"Carriel Sur, Concepción Ap.",-36.78055,-73.06639,1014.6708333333332
2011-10-26,370033.0,"María Dolores, Los Angeles Ad.",-37.39694,-72.42389,999.5200000000001
2011-10-26,380013.0,"Maquehue, Temuco Ad.",-38.76778,-72.63194,1004.5625
2011-10-26,390006.0,"Pichoy, Valdivia Ad.",-39.65667,-73.08722,1011.775
2011-10-26,400009.0,"Cañal Bajo,  Osorno Ad.",-40.61444,-73.0575,1008.4181818181819
2011-10-26,410005.0,El Tepual  Puerto Montt Ap.,-41.4475,-73.09583,1007.5416666666666
2011-10-26,430001.0,Quellón Ad.,-43.13361,-73.63278,1016.7333333333332
2011-10-26,430002.0,Futaleufú Ad.,-43.18889,-71.85222,976.7333333333332
2011-10-26,450001.0,Puerto Aysén Ad.,-45.39944,-72.67722,1017.2333333333332
2011-10-26,450004.0,"Teniente Vidal, Coyhaique Ad.",-45.59083,-72.10222,979.8923076923077
2011-10-26,450005.0,Balmaceda Ad.,-45.91833,-71.67778,954.8909090909091
2011-10-26,510005.0,"Teniente Gallardo, Puerto Natales Ad.",-51.66722,-72.52889,1001.7333333333332
2011-10-26,520006.0,"Carlos Ibañez, Punta Arenas Ap.",-53.00167,-70.83861,1006.4250000000001
2011-10-26,530005.0,"Fuentes Martínez, Porvenir Ad.",-53.25361,-70.32611,1006.1833333333334
2011-10-26,550001.0,"Guardiamarina Zañartu, Pto Williams Ad.",-54.93167,-67.61556,1005.3222222222222
2011-10-26,950001.0,"C.M.A. Eduardo Frei Montalva, Antártica ",-62.19194,-58.97972,986.9375
2011-10-27,180005.0,"Chacalluta, Arica Ap.",-18.35555,-70.34028,1009.0541666666667
2011-10-27,200006.0,Diego Aracena Iquique Ap.,-20.54917,-70.18111,1008.5500000000001
2011-10-27,220002.0,"El Loa, Calama Ad.",-22.49806,-68.8925,774.0588235294117
2011-10-27,270001.0,Mataveri  Isla de Pascua Ap.,-27.15889,-109.4325,1018.2125
2011-10-27,270008.0,"Desierto de Atacama, Caldera  Ad.",-27.25444,-70.78111,993.6071428571429
2011-10-27,290004.0,"La Florida, La Serena Ad.",-29.91444,-71.20667,999.2375000000001
2011-10-27,330007.0,"Rodelillo, Ad.",-33.06528,-71.55639,976.75
2011-10-27,330019.0,"Eulogio Sánchez, Tobalaba Ad.",-33.45528,-70.54861,939.7384615384616
2011-10-27,330020.0,"Quinta Normal, Santiago",-33.445,-70.68278,954.0625
2011-10-27,330021.0,Pudahuel Santiago ,-33.37833,-70.78778,958.7833333333333
2011-10-27,330030.0,"Santo Domingo, Ad.",-33.65611,-71.61333,1008.9214285714286
2011-10-27,330031.0,"Juan Fernández, Estación Meteorológica.",-33.63583,-78.83305,1014.025
2011-10-27,340031.0,"General Freire, Curicó Ad.",-34.96944,-71.21694,988.1
2011-10-27,360011.0,"General Bernardo O'Higgins, Chillán Ad.",-36.58583,-72.03667,998.775
2011-10-27,360019.0,"Carriel Sur, Concepción Ap.",-36.78055,-73.06639,1014.9499999999999
2011-10-27,370033.0,"María Dolores, Los Angeles Ad.",-37.39694,-72.42389,1001.5461538461539
2011-10-27,380013.0,"Maquehue, Temuco Ad.",-38.76778,-72.63194,1003.4875
2011-10-27,390006.0,"Pichoy, Valdivia Ad.",-39.65667,-73.08722,1012.775
2011-10-27,400009.0,"Cañal Bajo,  Osorno Ad.",-40.61444,-73.0575,1007.0818181818181
2011-10-27,410005.0,El Tepual  Puerto Montt Ap.,-41.4475,-73.09583,1002.5708333333333
2011-10-27,430001.0,Quellón Ad.,-43.13361,-73.63278,1011.1
2011-10-27,430002.0,Futaleufú Ad.,-43.18889,-71.85222,969.1666666666666
2011-10-27,450001.0,Puerto Aysén Ad.,-45.39944,-72.67722,1009.9
2011-10-27,450004.0,"Teniente Vidal, Coyhaique Ad.",-45.59083,-72.10222,973.6071428571429
2011-10-27,450005.0,Balmaceda Ad.,-45.91833,-71.67778,947.8199999999999
2011-10-27,510005.0,"Teniente Gallardo, Puerto Natales Ad.",-51.66722,-72.52889,994.6
2011-10-27,520006.0,"Carlos Ibañez, Punta Arenas Ap.",-53.00167,-70.83861,997.3458333333333
2011-10-27,530005.0,"Fuentes Martínez, Porvenir Ad.",-53.25361,-70.32611,998.5799999999999
2011-10-27,550001.0,"Guardiamarina Zañartu, Pto Williams Ad.",-54.93167,-67.61556,997.1222222222223
2011-10-27,950001.0,"C.M.A. Eduardo Frei Montalva, Antártica ",-62.19194,-58.97972,985.675
2011-10-28,180005.0,"Chacalluta, Arica Ap.",-18.35555,-70.34028,1009.2083333333334
2011-10-28,200006.0,Diego Aracena Iquique Ap.,-20.54917,-70.18111,1008.3583333333332
2011-10-28,220002.0,"El Loa, Calama Ad.",-22.49806,-68.8925,774.5999999999999
2011-10-28,270001.0,Mataveri  Isla de Pascua Ap.,-27.15889,-109.4325,1018.9708333333333
2011-10-28,270008.0,"Desierto de Atacama, Caldera  Ad.",-27.25444,-70.78111,993.5642857142857
2011-10-28,290004.0,"La Florida, La Serena Ad.",-29.91444,-71.20667,999.0541666666667
2011-10-28,330007.0,"Rodelillo, Ad.",-33.06528,-71.55639,976.3333333333334
2011-10-28,330019.0,"Eulogio Sánchez, Tobalaba Ad.",-33.45528,-70.54861,940.4153846153846
2011-10-28,330020.0,"Quinta Normal, Santiago",-33.445,-70.68278,955.05
2011-10-28,330021.0,Pudahuel Santiago ,-33.37833,-70.78778,960.2333333333332
2011-10-28,330030.0,"Santo Domingo, Ad.",-33.65611,-71.61333,1008.35
2011-10-28,330031.0,"Juan Fernández, Estación Meteorológica.",-33.63583,-78.83305,1015.55
2011-10-28,340031.0,"General Freire, Curicó Ad.",-34.96944,-71.21694,989.2583333333333
2011-10-28,360011.0,"General Bernardo O'Higgins, Chillán Ad.",-36.58583,-72.03667,1001.0833333333334
2011-10-28,360019.0,"Carriel Sur, Concepción Ap.",-36.78055,-73.06639,1018.3166666666666
2011-10-28,370033.0,"María Dolores, Los Angeles Ad.",-37.39694,-72.42389,1005.6600000000001
2011-10-28,380013.0,"Maquehue, Temuco Ad.",-38.76778,-72.63194,1008.9125
2011-10-28,390006.0,"Pichoy, Valdivia Ad.",-39.65667,-73.08722,1018.5
2011-10-28,400009.0,"Cañal Bajo,  Osorno Ad.",-40.61444,-73.0575,1014.0500000000001
2011-10-28,410005.0,El Tepual  Puerto Montt Ap.,-41.4475,-73.09583,1009.4208333333332
2011-10-28,430001.0,Quellón Ad.,-43.13361,-73.63278,1018.4
2011-10-28,430002.0,Futaleufú Ad.,-43.18889,-71.85222,976.6
2011-10-28,450001.0,Puerto Aysén Ad.,-45.39944,-72.67722,1016.3333333333334
2011-10-28,450004.0,"Teniente Vidal, Coyhaique Ad.",-45.59083,-72.10222,978.1538461538462
2011-10-28,450005.0,Balmaceda Ad.,-45.91833,-71.67778,950.9266666666666
2011-10-28,510005.0,"Teniente Gallardo, Puerto Natales Ad.",-51.66722,-72.52889,999.2333333333332
2011-10-28,520006.0,"Carlos Ibañez, Punta Arenas Ap.",-53.00167,-70.83861,998.4375
2011-10-28,530005.0,"Fuentes Martínez, Porvenir Ad.",-53.25361,-70.32611,1000.5
2011-10-28,550001.0,"Guardiamarina Zañartu, Pto Williams Ad.",-54.93167,-67.61556,995.0375
2011-10-28,950001.0,"C.M.A. Eduardo Frei Montalva, Antártica ",-62.19194,-58.97972,986.9875
2011-10-29,180005.0,"Chacalluta, Arica Ap.",-18.35555,-70.34028,1010.2958333333332
2011-10-29,200006.0,Diego Aracena Iquique Ap.,-20.54917,-70.18111,1009.6666666666666
2011-10-29,220002.0,"El Loa, Calama Ad.",-22.49806,-68.8925,775.80625
2011-10-29,270001.0,Mataveri  Isla de Pascua Ap.,-27.15889,-109.4325,1019.9666666666667
2011-10-29,270008.0,"Desierto de Atacama, Caldera  Ad.",-27.25444,-70.78111,994.6692307692308
2011-10-29,290004.0,"La Florida, La Serena Ad.",-29.91444,-71.20667,999.6916666666666
2011-10-29,330007.0,"Rodelillo, Ad.",-33.06528,-71.55639,976.5833333333334
2011-10-29,330019.0,"Eulogio Sánchez, Tobalaba Ad.",-33.45528,-70.54861,941.4615384615385
2011-10-29,330020.0,"Quinta Normal, Santiago",-33.445,-70.68278,956.0125
2011-10-29,330021.0,Pudahuel Santiago ,-33.37833,-70.78778,961.1666666666666
2011-10-29,330030.0,"Santo Domingo, Ad.",-33.65611,-71.61333,1008.7928571428572
2011-10-29,330031.0,"Juan Fernández, Estación Meteorológica.",-33.63583,-78.83305,1021.025
2011-10-29,340031.0,"General Freire, Curicó Ad.",-34.96944,-71.21694,990.3166666666666
2011-10-29,360011.0,"General Bernardo O'Higgins, Chillán Ad.",-36.58583,-72.03667,1002.4583333333334
2011-10-29,360019.0,"Carriel Sur, Concepción Ap.",-36.78055,-73.06639,1019.7083333333334
2011-10-29,370033.0,"María Dolores, Los Angeles Ad.",-37.39694,-72.42389,1006.6818181818181
2011-10-29,380013.0,"Maquehue, Temuco Ad.",-38.76778,-72.63194,1011.7625
2011-10-29,390006.0,"Pichoy, Valdivia Ad.",-39.65667,-73.08722,1021.0999999999999
2011-10-29,400009.0,"Cañal Bajo,  Osorno Ad.",-40.61444,-73.0575,1017.6428571428571
2011-10-29,410005.0,El Tepual  Puerto Montt Ap.,-41.4475,-73.09583,1014.8249999999999
2011-10-29,450004.0,"Teniente Vidal, Coyhaique Ad.",-45.59083,-72.10222,984.5769230769231
2011-10-29,450005.0,Balmaceda Ad.,-45.91833,-71.67778,957.3846153846154
2011-10-29,520006.0,"Carlos Ibañez, Punta Arenas Ap.",-53.00167,-70.83861,1004.6791666666667
2011-10-29,530005.0,"Fuentes Martínez, Porvenir Ad.",-53.25361,-70.32611,1004.6
2011-10-29,550001.0,"Guardiamarina Zañartu, Pto Williams Ad.",-54.93167,-67.61556,1000.1700000000001
2011-10-29,950001.0,"C.M.A. Eduardo Frei Montalva, Antártica ",-62.19194,-58.97972,982.2
2011-10-30,180005.0,"Chacalluta, Arica Ap.",-18.35555,-70.34028,1009.6541666666667
2011-10-30,200006.0,Diego Aracena Iquique Ap.,-20.54917,-70.18111,1008.9250000000001
2011-10-30,220002.0,"El Loa, Calama Ad.",-22.49806,-68.8925,774.8461538461538
2011-10-30,270001.0,Mataveri  Isla de Pascua Ap.,-27.15889,-109.4325,1017.3416666666667
2011-10-30,270008.0,"Desierto de Atacama, Caldera  Ad.",-27.25444,-70.78111,993.1999999999999
2011-10-30,290004.0,"La Florida, La Serena Ad.",-29.91444,-71.20667,998.9125
2011-10-30,330007.0,"Rodelillo, Ad.",-33.06528,-71.55639,975.0
2011-10-30,330019.0,"Eulogio Sánchez, Tobalaba Ad.",-33.45528,-70.54861,938.875
2011-10-30,330020.0,"Quinta Normal, Santiago",-33.445,-70.68278,954.025
2011-10-30,330021.0,Pudahuel Santiago ,-33.37833,-70.78778,958.9304347826088
2011-10-30,330030.0,"Santo Domingo, Ad.",-33.65611,-71.61333,1006.9714285714286
2011-10-30,330031.0,"Juan Fernández, Estación Meteorológica.",-33.63583,-78.83305,1019.0
2011-10-30,340031.0,"General Freire, Curicó Ad.",-34.96944,-71.21694,986.0166666666668
2011-10-30,360011.0,"General Bernardo O'Higgins, Chillán Ad.",-36.58583,-72.03667,996.3166666666666
2011-10-30,360019.0,"Carriel Sur, Concepción Ap.",-36.78055,-73.06639,1015.525
2011-10-30,370033.0,"María Dolores, Los Angeles Ad.",-37.39694,-72.42389,1001.7416666666667
2011-10-30,380013.0,"Maquehue, Temuco Ad.",-38.76778,-72.63194,1007.8375
2011-10-30,390006.0,"Pichoy, Valdivia Ad.",-39.65667,-73.08722,1016.86
2011-10-30,400009.0,"Cañal Bajo,  Osorno Ad.",-40.61444,-73.0575,1013.5
2011-10-30,410005.0,El Tepual  Puerto Montt Ap.,-41.4475,-73.09583,1012.1833333333334
2011-10-30,450004.0,"Teniente Vidal, Coyhaique Ad.",-45.59083,-72.10222,983.0923076923077
2011-10-30,450005.0,Balmaceda Ad.,-45.91833,-71.67778,958.8249999999999
2011-10-30,520006.0,"Carlos Ibañez, Punta Arenas Ap.",-53.00167,-70.83861,1006.7541666666666
2011-10-30,550001.0,"Guardiamarina Zañartu, Pto Williams Ad.",-54.93167,-67.61556,1004.05
2011-10-30,950001.0,"C.M.A. Eduardo Frei Montalva, Antártica ",-62.19194,-58.97972,976.375
2011-10-31,180005.0,"Chacalluta, Arica Ap.",-18.35555,-70.34028,1009.5291666666667
2011-10-31,200006.0,Diego Aracena Iquique Ap.,-20.54917,-70.18111,1008.8291666666668
2011-10-31,220002.0,"El Loa, Calama Ad.",-22.49806,-68.8925,775.3352941176471
2011-10-31,270001.0,Mataveri  Isla de Pascua Ap.,-27.15889,-109.4325,1012.85
2011-10-31,270008.0,"Desierto de Atacama, Caldera  Ad.",-27.25444,-70.78111,993.6785714285714
2011-10-31,290004.0,"La Florida, La Serena Ad.",-29.91444,-71.20667,999.1416666666668
2011-10-31,330007.0,"Rodelillo, Ad.",-33.06528,-71.55639,976.0833333333334
2011-10-31,330019.0,"Eulogio Sánchez, Tobalaba Ad.",-33.45528,-70.54861,938.4166666666666
2011-10-31,330020.0,"Quinta Normal, Santiago",-33.445,-70.68278,952.8625
2011-10-31,330021.0,Pudahuel Santiago ,-33.37833,-70.78778,957.9291666666667
2011-10-31,330030.0,"Santo Domingo, Ad.",-33.65611,-71.61333,1007.592857142857
2011-10-31,330031.0,"Juan Fernández, Estación Meteorológica.",-33.63583,-78.83305,1014.65
2011-10-31,340031.0,"General Freire, Curicó Ad.",-34.96944,-71.21694,985.525
2011-10-31,360011.0,"General Bernardo O'Higgins, Chillán Ad.",-36.58583,-72.03667,994.8916666666668
2011-10-31,360019.0,"Carriel Sur, Concepción Ap.",-36.78055,-73.06639,1013.0166666666668
2011-10-31,370033.0,"María Dolores, Los Angeles Ad.",-37.39694,-72.42389,998.0799999999999
2011-10-31,380013.0,"Maquehue, Temuco Ad.",-38.76778,-72.63194,1001.775
2011-10-31,390006.0,"Pichoy, Valdivia Ad.",-39.65667,-73.08722,1009.475
2011-10-31,400009.0,"Cañal Bajo,  Osorno Ad.",-40.61444,-73.0575,1005.4818181818181
2011-10-31,410005.0,El Tepual  Puerto Montt Ap.,-41.4475,-73.09583,1004.0875
2011-10-31,450001.0,Puerto Aysén Ad.,-45.39944,-72.67722,1011.7
2011-10-31,450004.0,"Teniente Vidal, Coyhaique Ad.",-45.59083,-72.10222,975.0769230769231
2011-10-31,450005.0,Balmaceda Ad.,-45.91833,-71.67778,950.6384615384615
2011-10-31,520006.0,"Carlos Ibañez, Punta Arenas Ap.",-53.00167,-70.83861,998.9708333333333
2011-10-31,550001.0,"Guardiamarina Zañartu, Pto Williams Ad.",-54.93167,-67.61556,993.7833333333333
2011-10-31,950001.0,"C.M.A. Eduardo Frei Montalva, Antártica ",-62.19194,-58.97972,971.4375
2011-11-01,180005.0,"Chacalluta, Arica Ap.",-18.35555,-70.34028,1009.6999999999999
2011-11-01,200006.0,Diego Aracena Iquique Ap.,-20.54917,-70.18111,1008.9666666666667
2011-11-01,220002.0,"El Loa, Calama Ad.",-22.49806,-68.8925,776.1058823529411
2011-11-01,270001.0,Mataveri  Isla de Pascua Ap.,-27.15889,-109.4325,1011.7833333333333
2011-11-01,270008.0,"Desierto de Atacama, Caldera  Ad.",-27.25444,-70.78111,994.5571428571428
2011-11-01,290004.0,"La Florida, La Serena Ad.",-29.91444,-71.20667,1000.7083333333334
2011-11-01,330007.0,"Rodelillo, Ad.",-33.06528,-71.55639,978.9166666666666
2011-11-01,330019.0,"Eulogio Sánchez, Tobalaba Ad.",-33.45528,-70.54861,942.7833333333333
2011-11-01,330020.0,"Quinta Normal, Santiago",-33.445,-70.68278,955.6
2011-11-01,330021.0,Pudahuel Santiago ,-33.37833,-70.78778,960.9833333333332
2011-11-01,330030.0,"Santo Domingo, Ad.",-33.65611,-71.61333,1010.8071428571428
2011-11-01,330031.0,"Juan Fernández, Estación Meteorológica.",-33.63583,-78.83305,1015.25
2011-11-01,340031.0,"General Freire, Curicó Ad.",-34.96944,-71.21694,991.3583333333332
2011-11-01,360011.0,"General Bernardo O'Higgins, Chillán Ad.",-36.58583,-72.03667,1002.0583333333334
2011-11-01,360019.0,"Carriel Sur, Concepción Ap.",-36.78055,-73.06639,1016.4041666666667
2011-11-01,370033.0,"María Dolores, Los Angeles Ad.",-37.39694,-72.42389,1004.5899999999999
2011-11-01,380013.0,"Maquehue, Temuco Ad.",-38.76778,-72.63194,1004.825
2011-11-01,390006.0,"Pichoy, Valdivia Ad.",-39.65667,-73.08722,1015.05
2011-11-01,400009.0,"Cañal Bajo,  Osorno Ad.",-40.61444,-73.0575,1009.4272727272728
2011-11-01,410005.0,El Tepual  Puerto Montt Ap.,-41.4475,-73.09583,1003.75
2011-11-01,450001.0,Puerto Aysén Ad.,-45.39944,-72.67722,1010.5666666666666
2011-11-01,450004.0,"Teniente Vidal, Coyhaique Ad.",-45.59083,-72.10222,972.9153846153846
2011-11-01,450005.0,Balmaceda Ad.,-45.91833,-71.67778,947.5916666666667
2011-11-01,520006.0,"Carlos Ibañez, Punta Arenas Ap.",-53.00167,-70.83861,997.5
2011-11-01,550001.0,"Guardiamarina Zañartu, Pto Williams Ad.",-54.93167,-67.61556,996.8
2011-11-01,950001.0,"C.M.A. Eduardo Frei Montalva, Antártica ",-62.19194,-58.97972,982.45
2011-11-02,180005.0,"Chacalluta, Arica Ap.",-18.35555,-70.34028,1009.9375
2011-11-02,200006.0,Diego Aracena Iquique Ap.,-20.54917,-70.18111,1009.25
2011-11-02,220002.0,"El Loa, Calama Ad.",-22.49806,-68.8925,775.8941176470589
2011-11-02,270001.0,Mataveri  Isla de Pascua Ap.,-27.15889,-109.4325,1014.2333333333332
2011-11-02,270008.0,"Desierto de Atacama, Caldera  Ad.",-27.25444,-70.78111,994.5428571428572
2011-11-02,290004.0,"La Florida, La Serena Ad.",-29.91444,-71.20667,999.6458333333334
2011-11-02,330007.0,"Rodelillo, Ad.",-33.06528,-71.55639,976.0833333333334
2011-11-02,330019.0,"Eulogio Sánchez, Tobalaba Ad.",-33.45528,-70.54861,940.4916666666667
2011-11-02,330020.0,"Quinta Normal, Santiago",-33.445,-70.68278,955.4125
2011-11-02,330021.0,Pudahuel Santiago ,-33.37833,-70.78778,960.4958333333334
2011-11-02,330030.0,"Santo Domingo, Ad.",-33.65611,-71.61333,1008.5571428571428
2011-11-02,330031.0,"Juan Fernández, Estación Meteorológica.",-33.63583,-78.83305,1017.475
2011-11-02,340031.0,"General Freire, Curicó Ad.",-34.96944,-71.21694,989.0666666666666
2011-11-02,360011.0,"General Bernardo O'Higgins, Chillán Ad.",-36.58583,-72.03667,1000.4416666666666
2011-11-02,360019.0,"Carriel Sur, Concepción Ap.",-36.78055,-73.06639,1018.7291666666666
2011-11-02,370033.0,"María Dolores, Los Angeles Ad.",-37.39694,-72.42389,1004.6600000000001
2011-11-02,380013.0,"Maquehue, Temuco Ad.",-38.76778,-72.63194,1009.225
2011-11-02,390006.0,"Pichoy, Valdivia Ad.",-39.65667,-73.08722,1017.275
2011-11-02,400009.0,"Cañal Bajo,  Osorno Ad.",-40.61444,-73.0575,1012.2909090909092
2011-11-02,410005.0,El Tepual  Puerto Montt Ap.,-41.4475,-73.09583,1008.5875
2011-11-02,430001.0,Quellón Ad.,-43.13361,-73.63278,1014.5333333333333
2011-11-02,430002.0,Futaleufú Ad.,-43.18889,-71.85222,973.9
2011-11-02,450001.0,Puerto Aysén Ad.,-45.39944,-72.67722,1011.1
2011-11-02,450004.0,"Teniente Vidal, Coyhaique Ad.",-45.59083,-72.10222,973.9307692307692
2011-11-02,450005.0,Balmaceda Ad.,-45.91833,-71.67778,947.376923076923
2011-11-02,510005.0,"Teniente Gallardo, Puerto Natales Ad.",-51.66722,-72.52889,989.45
2011-11-02,520006.0,"Carlos Ibañez, Punta Arenas Ap.",-53.00167,-70.83861,990.2541666666666
2011-11-02,530005.0,"Fuentes Martínez, Porvenir Ad.",-53.25361,-70.32611,990.85
2011-11-02,550001.0,"Guardiamarina Zañartu, Pto Williams Ad.",-54.93167,-67.61556,988.9
2011-11-02,950001.0,"C.M.A. Eduardo Frei Montalva, Antártica ",-62.19194,-58.97972,988.8875
2011-11-03,180005.0,"Chacalluta, Arica Ap.",-18.35555,-70.34028,1010.7458333333334
2011-11-03,200006.0,Diego Aracena Iquique Ap.,-20.54917,-70.18111,1009.9916666666667
2011-11-03,220002.0,"El Loa, Calama Ad.",-22.49806,-68.8925,776.1058823529411
2011-11-03,270001.0,Mataveri  Isla de Pascua Ap.,-27.15889,-109.4325,1014.2458333333334
2011-11-03,270008.0,"Desierto de Atacama, Caldera  Ad.",-27.25444,-70.78111,995.2142857142857
2011-11-03,290004.0,"La Florida, La Serena Ad.",-29.91444,-71.20667,1000.025
2011-11-03,330007.0,"Rodelillo, Ad.",-33.06528,-71.55639,976.9166666666666
2011-11-03,330019.0,"Eulogio Sánchez, Tobalaba Ad.",-33.45528,-70.54861,940.5749999999999
2011-11-03,330020.0,"Quinta Normal, Santiago",-33.445,-70.68278,955.05
2011-11-03,330021.0,Pudahuel Santiago ,-33.37833,-70.78778,959.9416666666666
2011-11-03,330030.0,"Santo Domingo, Ad.",-33.65611,-71.61333,1008.7642857142857
2011-11-03,330031.0,"Juan Fernández, Estación Meteorológica.",-33.63583,-78.83305,1018.525
2011-11-03,340031.0,"General Freire, Curicó Ad.",-34.96944,-71.21694,988.4
2011-11-03,360011.0,"General Bernardo O'Higgins, Chillán Ad.",-36.58583,-72.03667,998.9333333333334
2011-11-03,360019.0,"Carriel Sur, Concepción Ap.",-36.78055,-73.06639,1017.5083333333333
2011-11-03,370033.0,"María Dolores, Los Angeles Ad.",-37.39694,-72.42389,1002.8100000000001
2011-11-03,380013.0,"Maquehue, Temuco Ad.",-38.76778,-72.63194,1008.1875
2011-11-03,390006.0,"Pichoy, Valdivia Ad.",-39.65667,-73.08722,1016.5
2011-11-03,400009.0,"Cañal Bajo,  Osorno Ad.",-40.61444,-73.0575,1012.8272727272728
2011-11-03,410005.0,El Tepual  Puerto Montt Ap.,-41.4475,-73.09583,1010.0583333333334
2011-11-03,430001.0,Quellón Ad.,-43.13361,-73.63278,1019.1
2011-11-03,430002.0,Futaleufú Ad.,-43.18889,-71.85222,977.8666666666667
2011-11-03,450001.0,Puerto Aysén Ad.,-45.39944,-72.67722,1016.5
2011-11-03,450004.0,"Teniente Vidal, Coyhaique Ad.",-45.59083,-72.10222,979.0692307692308
2011-11-03,450005.0,Balmaceda Ad.,-45.91833,-71.67778,953.225
2011-11-03,510005.0,"Teniente Gallardo, Puerto Natales Ad.",-51.66722,-72.52889,992.6
2011-11-03,520006.0,"Carlos Ibañez, Punta Arenas Ap.",-53.00167,-70.83861,992.5875
2011-11-03,530005.0,"Fuentes Martínez, Porvenir Ad.",-53.25361,-70.32611,995.0600000000001
2011-11-03,550001.0,"Guardiamarina Zañartu, Pto Williams Ad.",-54.93167,-67.61556,994.7666666666667
2011-11-03,950001.0,"C.M.A. Eduardo Frei Montalva, Antártica ",-62.19194,-58.97972,977.6875
2011-11-04,180005.0,"Chacalluta, Arica Ap.",-18.35555,-70.34028,1010.625
2011-11-04,200006.0,Diego Aracena Iquique Ap.,-20.54917,-70.18111,1010.0083333333333
2011-11-04,220002.0,"El Loa, Calama Ad.",-22.49806,-68.8925,776.3588235294118
2011-11-04,270001.0,Mataveri  Isla de Pascua Ap.,-27.15889,-109.4325,1011.2416666666667
2011-11-04,270008.0,"Desierto de Atacama, Caldera  Ad.",-27.25444,-70.78111,994.9076923076923
2011-11-04,290004.0,"La Florida, La Serena Ad.",-29.91444,-71.20667,1000.3916666666668
2011-11-04,330007.0,"Rodelillo, Ad.",-33.06528,-71.55639,977.5
2011-11-04,330019.0,"Eulogio Sánchez, Tobalaba Ad.",-33.45528,-70.54861,941.6999999999999
2011-11-04,330020.0,"Quinta Normal, Santiago",-33.445,-70.68278,956.2875
2011-11-04,330021.0,Pudahuel Santiago ,-33.37833,-70.78778,961.3041666666667
2011-11-04,330030.0,"Santo Domingo, Ad.",-33.65611,-71.61333,1009.9499999999999
2011-11-04,330031.0,"Juan Fernández, Estación Meteorológica.",-33.63583,-78.83305,1020.075
2011-11-04,340031.0,"General Freire, Curicó Ad.",-34.96944,-71.21694,989.8166666666666
2011-11-04,360011.0,"General Bernardo O'Higgins, Chillán Ad.",-36.58583,-72.03667,1000.85
2011-11-04,360019.0,"Carriel Sur, Concepción Ap.",-36.78055,-73.06639,1018.8166666666666
2011-11-04,370033.0,"María Dolores, Los Angeles Ad.",-37.39694,-72.42389,1005.08125
2011-11-04,380013.0,"Maquehue, Temuco Ad.",-38.76778,-72.63194,1009.45
2011-11-04,390006.0,"Pichoy, Valdivia Ad.",-39.65667,-73.08722,1018.14
2011-11-04,400009.0,"Cañal Bajo,  Osorno Ad.",-40.61444,-73.0575,1014.7181818181817
2011-11-04,410005.0,El Tepual  Puerto Montt Ap.,-41.4475,-73.09583,1011.1166666666667
2011-11-04,430001.0,Quellón Ad.,-43.13361,-73.63278,1020.4
2011-11-04,430002.0,Futaleufú Ad.,-43.18889,-71.85222,978.6999999999999
2011-11-04,450001.0,Puerto Aysén Ad.,-45.39944,-72.67722,1019.0
2011-11-04,450004.0,"Teniente Vidal, Coyhaique Ad.",-45.59083,-72.10222,981.1153846153846
2011-11-04,450005.0,Balmaceda Ad.,-45.91833,-71.67778,954.6090909090909
2011-11-04,510005.0,"Teniente Gallardo, Puerto Natales Ad.",-51.66722,-72.52889,999.175
2011-11-04,520006.0,"Carlos Ibañez, Punta Arenas Ap.",-53.00167,-70.83861,1000.0375
2011-11-04,530005.0,"Fuentes Martínez, Porvenir Ad.",-53.25361,-70.32611,1003.6
2011-11-04,550001.0,"Guardiamarina Zañartu, Pto Williams Ad.",-54.93167,-67.61556,1003.275
2011-11-04,950001.0,"C.M.A. Eduardo Frei Montalva, Antártica ",-62.19194,-58.97972,986.125
2011-11-05,180005.0,"Chacalluta, Arica Ap.",-18.35555,-70.34028,1009.2916666666666
2011-11-05,200006.0,Diego Aracena Iquique Ap.,-20.54917,-70.18111,1008.7541666666666
2011-11-05,220002.0,"El Loa, Calama Ad.",-22.49806,-68.8925,776.0176470588235
2011-11-05,270001.0,Mataveri  Isla de Pascua Ap.,-27.15889,-109.4325,1010.9041666666667
2011-11-05,270008.0,"Desierto de Atacama, Caldera  Ad.",-27.25444,-70.78111,993.4214285714286
2011-11-05,290004.0,"La Florida, La Serena Ad.",-29.91444,-71.20667,998.6
2011-11-05,330007.0,"Rodelillo, Ad.",-33.06528,-71.55639,974.5833333333334
2011-11-05,330019.0,"Eulogio Sánchez, Tobalaba Ad.",-33.45528,-70.54861,939.8083333333334
2011-11-05,330020.0,"Quinta Normal, Santiago",-33.445,-70.68278,954.7125
2011-11-05,330021.0,Pudahuel Santiago ,-33.37833,-70.78778,959.7208333333333
2011-11-05,330030.0,"Santo Domingo, Ad.",-33.65611,-71.61333,1006.9499999999999
2011-11-05,330031.0,"Juan Fernández, Estación Meteorológica.",-33.63583,-78.83305,1018.475
2011-11-05,340031.0,"General Freire, Curicó Ad.",-34.96944,-71.21694,988.0916666666667
2011-11-05,360011.0,"General Bernardo O'Higgins, Chillán Ad.",-36.58583,-72.03667,999.7166666666667
2011-11-05,360019.0,"Carriel Sur, Concepción Ap.",-36.78055,-73.06639,1017.7333333333332
2011-11-05,370033.0,"María Dolores, Los Angeles Ad.",-37.39694,-72.42389,1003.9799999999999
2011-11-05,380013.0,"Maquehue, Temuco Ad.",-38.76778,-72.63194,1009.35
2011-11-05,390006.0,"Pichoy, Valdivia Ad.",-39.65667,-73.08722,1017.25
2011-11-05,400009.0,"Cañal Bajo,  Osorno Ad.",-40.61444,-73.0575,1012.9727272727273
2011-11-05,410005.0,El Tepual  Puerto Montt Ap.,-41.4475,-73.09583,1010.4375
2011-11-05,450004.0,"Teniente Vidal, Coyhaique Ad.",-45.59083,-72.10222,979.5230769230768
2011-11-05,450005.0,Balmaceda Ad.,-45.91833,-71.67778,953.9090909090909
2011-11-05,520006.0,"Carlos Ibañez, Punta Arenas Ap.",-53.00167,-70.83861,1001.4416666666666
2011-11-05,530005.0,"Fuentes Martínez, Porvenir Ad.",-53.25361,-70.32611,1005.6
2011-11-05,550001.0,"Guardiamarina Zañartu, Pto Williams Ad.",-54.93167,-67.61556,
2011-11-05,950001.0,"C.M.A. Eduardo Frei Montalva, Antártica ",-62.19194,-58.97972,997.85
2011-11-06,180005.0,"Chacalluta, Arica Ap.",-18.35555,-70.34028,1009.4583333333334
2011-11-06,200006.0,Diego Aracena Iquique Ap.,-20.54917,-70.18111,1008.7583333333333
2011-11-06,220002.0,"El Loa, Calama Ad.",-22.49806,-68.8925,775.6461538461538
2011-11-06,270001.0,Mataveri  Isla de Pascua Ap.,-27.15889,-109.4325,1012.3375
2011-11-06,270008.0,"Desierto de Atacama, Caldera  Ad.",-27.25444,-70.78111,993.9000000000001
2011-11-06,290004.0,"La Florida, La Serena Ad.",-29.91444,-71.20667,998.3041666666667
2011-11-06,330007.0,"Rodelillo, Ad.",-33.06528,-71.55639,974.75
2011-11-06,330019.0,"Eulogio Sánchez, Tobalaba Ad.",-33.45528,-70.54861,938.3416666666667
2011-11-06,330020.0,"Quinta Normal, Santiago",-33.445,-70.68278,952.025
2011-11-06,330021.0,Pudahuel Santiago ,-33.37833,-70.78778,957.0333333333333
2011-11-06,330030.0,"Santo Domingo, Ad.",-33.65611,-71.61333,1005.9714285714286
2011-11-06,330031.0,"Juan Fernández, Estación Meteorológica.",-33.63583,-78.83305,1014.45
2011-11-06,340031.0,"General Freire, Curicó Ad.",-34.96944,-71.21694,985.7166666666667
2011-11-06,360011.0,"General Bernardo O'Higgins, Chillán Ad.",-36.58583,-72.03667,996.6416666666668
2011-11-06,360019.0,"Carriel Sur, Concepción Ap.",-36.78055,-73.06639,1013.4458333333333
2011-11-06,370033.0,"María Dolores, Los Angeles Ad.",-37.39694,-72.42389,999.6
2011-11-06,380013.0,"Maquehue, Temuco Ad.",-38.76778,-72.63194,1004.55
2011-11-06,390006.0,"Pichoy, Valdivia Ad.",-39.65667,-73.08722,1011.425
2011-11-06,400009.0,"Cañal Bajo,  Osorno Ad.",-40.61444,-73.0575,1006.5545454545455
2011-11-06,410005.0,El Tepual  Puerto Montt Ap.,-41.4475,-73.09583,1004.9125
2011-11-06,450004.0,"Teniente Vidal, Coyhaique Ad.",-45.59083,-72.10222,972.7846153846154
2011-11-06,450005.0,Balmaceda Ad.,-45.91833,-71.67778,947.4636363636364
2011-11-06,520006.0,"Carlos Ibañez, Punta Arenas Ap.",-53.00167,-70.83861,998.1166666666667
2011-11-06,550001.0,"Guardiamarina Zañartu, Pto Williams Ad.",-54.93167,-67.61556,
2011-11-06,950001.0,"C.M.A. Eduardo Frei Montalva, Antártica ",-62.19194,-58.97972,988.925
2011-11-07,180005.0,"Chacalluta, Arica Ap.",-18.35555,-70.34028,1009.5
2011-11-07,200006.0,Diego Aracena Iquique Ap.,-20.54917,-70.18111,1008.8458333333333
2011-11-07,220002.0,"El Loa, Calama Ad.",-22.49806,-68.8925,775.8411764705882
2011-11-07,270001.0,Mataveri  Isla de Pascua Ap.,-27.15889,-109.4325,1016.7083333333334
2011-11-07,270008.0,"Desierto de Atacama, Caldera  Ad.",-27.25444,-70.78111,993.8785714285714
2011-11-07,290004.0,"La Florida, La Serena Ad.",-29.91444,-71.20667,999.1416666666668
2011-11-07,330007.0,"Rodelillo, Ad.",-33.06528,-71.55639,975.1666666666666
2011-11-07,330019.0,"Eulogio Sánchez, Tobalaba Ad.",-33.45528,-70.54861,939.1833333333334
2011-11-07,330020.0,"Quinta Normal, Santiago",-33.445,-70.68278,953.5875
2011-11-07,330021.0,Pudahuel Santiago ,-33.37833,-70.78778,958.6125000000001
2011-11-07,330030.0,"Santo Domingo, Ad.",-33.65611,-71.61333,1007.1071428571429
2011-11-07,330031.0,"Juan Fernández, Estación Meteorológica.",-33.63583,-78.83305,1013.075
2011-11-07,340031.0,"General Freire, Curicó Ad.",-34.96944,-71.21694,986.9
2011-11-07,360011.0,"General Bernardo O'Higgins, Chillán Ad.",-36.58583,-72.03667,996.3416666666667
2011-11-07,360019.0,"Carriel Sur, Concepción Ap.",-36.78055,-73.06639,1014.4375
2011-11-07,370033.0,"María Dolores, Los Angeles Ad.",-37.39694,-72.42389,1000.1299999999999
2011-11-07,380013.0,"Maquehue, Temuco Ad.",-38.76778,-72.63194,1004.125
2011-11-07,390006.0,"Pichoy, Valdivia Ad.",-39.65667,-73.08722,1011.425
2011-11-07,400009.0,"Cañal Bajo,  Osorno Ad.",-40.61444,-73.0575,1006.7363636363636
2011-11-07,410005.0,El Tepual  Puerto Montt Ap.,-41.4475,-73.09583,1003.3125
2011-11-07,430001.0,Quellón Ad.,-43.13361,-73.63278,1012.7333333333332
2011-11-07,430002.0,Futaleufú Ad.,-43.18889,-71.85222,970.1666666666666
2011-11-07,450001.0,Puerto Aysén Ad.,-45.39944,-72.67722,1011.9333333333334
2011-11-07,450004.0,"Teniente Vidal, Coyhaique Ad.",-45.59083,-72.10222,973.8076923076923
2011-11-07,450005.0,Balmaceda Ad.,-45.91833,-71.67778,949.0636363636364
2011-11-07,510005.0,"Teniente Gallardo, Puerto Natales Ad.",-51.66722,-72.52889,1002.9
2011-11-07,520006.0,"Carlos Ibañez, Punta Arenas Ap.",-53.00167,-70.83861,1006.1374999999999
2011-11-07,530005.0,"Fuentes Martínez, Porvenir Ad.",-53.25361,-70.32611,1007.4399999999999
2011-11-07,550001.0,"Guardiamarina Zañartu, Pto Williams Ad.",-54.93167,-67.61556,1008.8777777777777
2011-11-07,950001.0,"C.M.A. Eduardo Frei Montalva, Antártica ",-62.19194,-58.97972,997.4
2011-11-08,180005.0,"Chacalluta, Arica Ap.",-18.35555,-70.34028,1010.3666666666667
2011-11-08,200006.0,Diego Aracena Iquique Ap.,-20.54917,-70.18111,1009.6583333333333
2011-11-08,220002.0,"El Loa, Calama Ad.",-22.49806,-68.8925,775.3529411764706
2011-11-08,270001.0,Mataveri  Isla de Pascua Ap.,-27.15889,-109.4325,1018.725
2011-11-08,270008.0,"Desierto de Atacama, Caldera  Ad.",-27.25444,-70.78111,994.9333333333333
2011-11-08,290004.0,"La Florida, La Serena Ad.",-29.91444,-71.20667,1000.1125000000001
2011-11-08,330007.0,"Rodelillo, Ad.",-33.06528,-71.55639,978.0
2011-11-08,330019.0,"Eulogio Sánchez, Tobalaba Ad.",-33.45528,-70.54861,941.4833333333332
2011-11-08,330020.0,"Quinta Normal, Santiago",-33.445,-70.68278,954.2
2011-11-08,330021.0,Pudahuel Santiago ,-33.37833,-70.78778,959.4208333333332
2011-11-08,330030.0,"Santo Domingo, Ad.",-33.65611,-71.61333,1008.75
2011-11-08,330031.0,"Juan Fernández, Estación Meteorológica.",-33.63583,-78.83305,1010.65
2011-11-08,340031.0,"General Freire, Curicó Ad.",-34.96944,-71.21694,987.775
2011-11-08,360011.0,"General Bernardo O'Higgins, Chillán Ad.",-36.58583,-72.03667,995.3916666666668
2011-11-08,360019.0,"Carriel Sur, Concepción Ap.",-36.78055,-73.06639,1011.7791666666667
2011-11-08,370033.0,"María Dolores, Los Angeles Ad.",-37.39694,-72.42389,996.95
2011-11-08,380013.0,"Maquehue, Temuco Ad.",-38.76778,-72.63194,999.375
2011-11-08,390006.0,"Pichoy, Valdivia Ad.",-39.65667,-73.08722,1004.825
2011-11-08,400009.0,"Cañal Bajo,  Osorno Ad.",-40.61444,-73.0575,999.6833333333334
2011-11-08,410005.0,El Tepual  Puerto Montt Ap.,-41.4475,-73.09583,997.8208333333333
2011-11-08,430001.0,Quellón Ad.,-43.13361,-73.63278,1003.1333333333333
2011-11-08,430002.0,Futaleufú Ad.,-43.18889,-71.85222,963.6999999999999
2011-11-08,450001.0,Puerto Aysén Ad.,-45.39944,-72.67722,1001.8666666666667
2011-11-08,450004.0,"Teniente Vidal, Coyhaique Ad.",-45.59083,-72.10222,965.0846153846154
2011-11-08,450005.0,Balmaceda Ad.,-45.91833,-71.67778,940.6636363636363
2011-11-08,510005.0,"Teniente Gallardo, Puerto Natales Ad.",-51.66722,-72.52889,988.7333333333332
2011-11-08,520006.0,"Carlos Ibañez, Punta Arenas Ap.",-53.00167,-70.83861,994.8041666666667
2011-11-08,530005.0,"Fuentes Martínez, Porvenir Ad.",-53.25361,-70.32611,993.1
2011-11-08,550001.0,"Guardiamarina Zañartu, Pto Williams Ad.",-54.93167,-67.61556,996.3727272727273
2011-11-08,950001.0,"C.M.A. Eduardo Frei Montalva, Antártica ",-62.19194,-58.97972,995.1625
2011-11-09,180005.0,"Chacalluta, Arica Ap.",-18.35555,-70.34028,1010.5
2011-11-09,200006.0,Diego Aracena Iquique Ap.,-20.54917,-70.18111,1010.0083333333333
2011-11-09,220002.0,"El Loa, Calama Ad.",-22.49806,-68.8925,776.0411764705883
2011-11-09,270001.0,Mataveri  Isla de Pascua Ap.,-27.15889,-109.4325,1019.375
2011-11-09,270008.0,"Desierto de Atacama, Caldera  Ad.",-27.25444,-70.78111,994.65
2011-11-09,290004.0,"La Florida, La Serena Ad.",-29.91444,-71.20667,1001.4166666666666
2011-11-09,330007.0,"Rodelillo, Ad.",-33.06528,-71.55639,980.8333333333334
2011-11-09,330019.0,"Eulogio Sánchez, Tobalaba Ad.",-33.45528,-70.54861,945.5416666666666
2011-11-09,330020.0,"Quinta Normal, Santiago",-33.445,-70.68278,959.3
2011-11-09,330021.0,Pudahuel Santiago ,-33.37833,-70.78778,964.5749999999999
2011-11-09,330030.0,"Santo Domingo, Ad.",-33.65611,-71.61333,1013.3000000000001
2011-11-09,330031.0,"Juan Fernández, Estación Meteorológica.",-33.63583,-78.83305,1020.2
2011-11-09,340031.0,"General Freire, Curicó Ad.",-34.96944,-71.21694,995.2416666666667
2011-11-09,360011.0,"General Bernardo O'Higgins, Chillán Ad.",-36.58583,-72.03667,1005.7416666666667
2011-11-09,360019.0,"Carriel Sur, Concepción Ap.",-36.78055,-73.06639,1019.9708333333333
2011-11-09,370033.0,"María Dolores, Los Angeles Ad.",-37.39694,-72.42389,1008.4799999999999
2011-11-09,380013.0,"Maquehue, Temuco Ad.",-38.76778,-72.63194,1006.6
2011-11-09,390006.0,"Pichoy, Valdivia Ad.",-39.65667,-73.08722,1017.9
2011-11-09,400009.0,"Cañal Bajo,  Osorno Ad.",-40.61444,-73.0575,1010.31875
2011-11-09,410005.0,El Tepual  Puerto Montt Ap.,-41.4475,-73.09583,1004.1333333333333
2011-11-09,430001.0,Quellón Ad.,-43.13361,-73.63278,1014.8666666666667
2011-11-09,430002.0,Futaleufú Ad.,-43.18889,-71.85222,971.6666666666666
2011-11-09,450001.0,Puerto Aysén Ad.,-45.39944,-72.67722,1012.1999999999999
2011-11-09,450004.0,"Teniente Vidal, Coyhaique Ad.",-45.59083,-72.10222,974.5461538461539
2011-11-09,450005.0,Balmaceda Ad.,-45.91833,-71.67778,947.2181818181817
2011-11-09,510005.0,"Teniente Gallardo, Puerto Natales Ad.",-51.66722,-72.52889,999.975
2011-11-09,520006.0,"Carlos Ibañez, Punta Arenas Ap.",-53.00167,-70.83861,997.6833333333334
2011-11-09,530005.0,"Fuentes Martínez, Porvenir Ad.",-53.25361,-70.32611,999.76
2011-11-09,550001.0,"Guardiamarina Zañartu, Pto Williams Ad.",-54.93167,-67.61556,1001.2222222222222
2011-11-09,950001.0,"C.M.A. Eduardo Frei Montalva, Antártica ",-62.19194,-58.97972,989.5
2011-11-10,180005.0,"Chacalluta, Arica Ap.",-18.35555,-70.34028,1010.3083333333334
2011-11-10,200006.0,Diego Aracena Iquique Ap.,-20.54917,-70.18111,1009.6041666666666
2011-11-10,220002.0,"El Loa, Calama Ad.",-22.49806,-68.8925,775.2764705882354
2011-11-10,270001.0,Mataveri  Isla de Pascua Ap.,-27.15889,-109.4325,1019.6708333333332
2011-11-10,270008.0,"Desierto de Atacama, Caldera  Ad.",-27.25444,-70.78111,992.9785714285715
2011-11-10,290004.0,"La Florida, La Serena Ad.",-29.91444,-71.20667,997.5708333333333
2011-11-10,330007.0,"Rodelillo, Ad.",-33.06528,-71.55639,974.4166666666666
2011-11-10,330019.0,"Eulogio Sánchez, Tobalaba Ad.",-33.45528,-70.54861,939.4833333333332
2011-11-10,330020.0,"Quinta Normal, Santiago",-33.445,-70.68278,955.825
2011-11-10,330021.0,Pudahuel Santiago ,-33.37833,-70.78778,960.6916666666666
2011-11-10,330030.0,"Santo Domingo, Ad.",-33.65611,-71.61333,1006.8642857142858
2011-11-10,330031.0,"Juan Fernández, Estación Meteorológica.",-33.63583,-78.83305,1021.4
2011-11-10,340031.0,"General Freire, Curicó Ad.",-34.96944,-71.21694,988.2666666666668
2011-11-10,360011.0,"General Bernardo O'Higgins, Chillán Ad.",-36.58583,-72.03667,1000.3083333333334
2011-11-10,360019.0,"Carriel Sur, Concepción Ap.",-36.78055,-73.06639,1021.0041666666666
2011-11-10,370033.0,"María Dolores, Los Angeles Ad.",-37.39694,-72.42389,1005.89
2011-11-10,380013.0,"Maquehue, Temuco Ad.",-38.76778,-72.63194,1013.525
2011-11-10,390006.0,"Pichoy, Valdivia Ad.",-39.65667,-73.08722,1022.1142857142858
2011-11-10,400009.0,"Cañal Bajo,  Osorno Ad.",-40.61444,-73.0575,1017.229411764706
2011-11-10,410005.0,El Tepual  Puerto Montt Ap.,-41.4475,-73.09583,1014.1041666666666
2011-11-10,430001.0,Quellón Ad.,-43.13361,-73.63278,1021.5
2011-11-10,430002.0,Futaleufú Ad.,-43.18889,-71.85222,979.0
2011-11-10,450001.0,Puerto Aysén Ad.,-45.39944,-72.67722,1017.8000000000001
2011-11-10,450004.0,"Teniente Vidal, Coyhaique Ad.",-45.59083,-72.10222,979.323076923077
2011-11-10,450005.0,Balmaceda Ad.,-45.91833,-71.67778,952.2363636363636
2011-11-10,510005.0,"Teniente Gallardo, Puerto Natales Ad.",-51.66722,-72.52889,997.3666666666667
2011-11-10,520006.0,"Carlos Ibañez, Punta Arenas Ap.",-53.00167,-70.83861,998.1708333333332
2011-11-10,530005.0,"Fuentes Martínez, Porvenir Ad.",-53.25361,-70.32611,1000.2
2011-11-10,550001.0,"Guardiamarina Zañartu, Pto Williams Ad.",-54.93167,-67.61556,997.7555555555555
2011-11-10,950001.0,"C.M.A. Eduardo Frei Montalva, Antártica ",-62.19194,-58.97972,978.55
2011-11-11,180005.0,"Chacalluta, Arica Ap.",-18.35555,-70.34028,1009.8708333333334
2011-11-11,200006.0,Diego Aracena Iquique Ap.,-20.54917,-70.18111,1009.2375000000001
2011-11-11,220002.0,"El Loa, Calama Ad.",-22.49806,-68.8925,775.6176470588235
2011-11-11,270001.0,Mataveri  Isla de Pascua Ap.,-27.15889,-109.4325,1018.7375000000001
2011-11-11,270008.0,"Desierto de Atacama, Caldera  Ad.",-27.25444,-70.78111,993.2933333333333
2011-11-11,290004.0,"La Florida, La Serena Ad.",-29.91444,-71.20667,998.9833333333332
2011-11-11,330007.0,"Rodelillo, Ad.",-33.06528,-71.55639,975.75
2011-11-11,330019.0,"Eulogio Sánchez, Tobalaba Ad.",-33.45528,-70.54861,938.6
2011-11-11,330020.0,"Quinta Normal, Santiago",-33.445,-70.68278,952.9625
2011-11-11,330021.0,Pudahuel Santiago ,-33.37833,-70.78778,957.9375
2011-11-11,330030.0,"Santo Domingo, Ad.",-33.65611,-71.61333,1007.2928571428572
2011-11-11,330031.0,"Juan Fernández, Estación Meteorológica.",-33.63583,-78.83305,1017.675
2011-11-11,340031.0,"General Freire, Curicó Ad.",-34.96944,-71.21694,986.1750000000001
2011-11-11,360011.0,"General Bernardo O'Higgins, Chillán Ad.",-36.58583,-72.03667,996.9833333333332
2011-11-11,360019.0,"Carriel Sur, Concepción Ap.",-36.78055,-73.06639,1015.3708333333334
2011-11-11,370033.0,"María Dolores, Los Angeles Ad.",-37.39694,-72.42389,1001.78
2011-11-11,380013.0,"Maquehue, Temuco Ad.",-38.76778,-72.63194,1007.8125
2011-11-11,390006.0,"Pichoy, Valdivia Ad.",-39.65667,-73.08722,1015.65
2011-11-11,400009.0,"Cañal Bajo,  Osorno Ad.",-40.61444,-73.0575,1012.7230769230769
2011-11-11,410005.0,El Tepual  Puerto Montt Ap.,-41.4475,-73.09583,1010.4458333333333
2011-11-11,430001.0,Quellón Ad.,-43.13361,-73.63278,1019.2999999999998
2011-11-11,430002.0,Futaleufú Ad.,-43.18889,-71.85222,977.8666666666667
2011-11-11,450001.0,Puerto Aysén Ad.,-45.39944,-72.67722,1017.1666666666666
2011-11-11,450004.0,"Teniente Vidal, Coyhaique Ad.",-45.59083,-72.10222,978.9615384615385
2011-11-11,450005.0,Balmaceda Ad.,-45.91833,-71.67778,952.2818181818183
2011-11-11,510005.0,"Teniente Gallardo, Puerto Natales Ad.",-51.66722,-72.52889,989.675
2011-11-11,520006.0,"Carlos Ibañez, Punta Arenas Ap.",-53.00167,-70.83861,995.5124999999999
2011-11-11,530005.0,"Fuentes Martínez, Porvenir Ad.",-53.25361,-70.32611,992.5
2011-11-11,550001.0,"Guardiamarina Zañartu, Pto Williams Ad.",-54.93167,-67.61556,991.3
2011-11-11,950001.0,"C.M.A. Eduardo Frei Montalva, Antártica ",-62.19194,-58.97972,975.375
2011-11-12,180005.0,"Chacalluta, Arica Ap.",-18.35555,-70.34028,1011.225
2011-11-12,200006.0,Diego Aracena Iquique Ap.,-20.54917,-70.18111,1010.3708333333334
2011-11-12,220002.0,"El Loa, Calama Ad.",-22.49806,-68.8925,776.3125
2011-11-12,270001.0,Mataveri  Isla de Pascua Ap.,-27.15889,-109.4325,1017.275
2011-11-12,270008.0,"Desierto de Atacama, Caldera  Ad.",-27.25444,-70.78111,995.0
2011-11-12,290004.0,"La Florida, La Serena Ad.",-29.91444,-71.20667,1000.4583333333334
2011-11-12,330007.0,"Rodelillo, Ad.",-33.06528,-71.55639,977.6666666666666
2011-11-12,330019.0,"Eulogio Sánchez, Tobalaba Ad.",-33.45528,-70.54861,939.8666666666667
2011-11-12,330020.0,"Quinta Normal, Santiago",-33.445,-70.68278,953.4875
2011-11-12,330021.0,Pudahuel Santiago ,-33.37833,-70.78778,958.5666666666666
2011-11-12,330030.0,"Santo Domingo, Ad.",-33.65611,-71.61333,1008.8571428571429
2011-11-12,330031.0,"Juan Fernández, Estación Meteorológica.",-33.63583,-78.83305,1015.775
2011-11-12,340031.0,"General Freire, Curicó Ad.",-34.96944,-71.21694,987.625
2011-11-12,360011.0,"General Bernardo O'Higgins, Chillán Ad.",-36.58583,-72.03667,996.4166666666666
2011-11-12,360019.0,"Carriel Sur, Concepción Ap.",-36.78055,-73.06639,1013.6541666666667
2011-11-12,370033.0,"María Dolores, Los Angeles Ad.",-37.39694,-72.42389,999.49
2011-11-12,380013.0,"Maquehue, Temuco Ad.",-38.76778,-72.63194,1004.25
2011-11-12,390006.0,"Pichoy, Valdivia Ad.",-39.65667,-73.08722,1012.025
2011-11-12,400009.0,"Cañal Bajo,  Osorno Ad.",-40.61444,-73.0575,1008.6181818181817
2011-11-12,410005.0,El Tepual  Puerto Montt Ap.,-41.4475,-73.09583,1006.0958333333333
2011-11-12,450004.0,"Teniente Vidal, Coyhaique Ad.",-45.59083,-72.10222,974.5999999999999
2011-11-12,450005.0,Balmaceda Ad.,-45.91833,-71.67778,948.6090909090909
2011-11-12,510005.0,"Teniente Gallardo, Puerto Natales Ad.",-51.66722,-72.52889,986.1
2011-11-12,520006.0,"Carlos Ibañez, Punta Arenas Ap.",-53.00167,-70.83861,987.4291666666667
2011-11-12,530005.0,"Fuentes Martínez, Porvenir Ad.",-53.25361,-70.32611,989.3499999999999
2011-11-12,550001.0,"Guardiamarina Zañartu, Pto Williams Ad.",-54.93167,-67.61556,986.3
2011-11-12,950001.0,"C.M.A. Eduardo Frei Montalva, Antártica ",-62.19194,-58.97972,957.95
2011-11-13,180005.0,"Chacalluta, Arica Ap.",-18.35555,-70.34028,1010.8625000000001
2011-11-13,200006.0,Diego Aracena Iquique Ap.,-20.54917,-70.18111,1010.4333333333334
2011-11-13,220002.0,"El Loa, Calama Ad.",-22.49806,-68.8925,775.9000000000001
2011-11-13,270001.0,Mataveri  Isla de Pascua Ap.,-27.15889,-109.4325,1016.6958333333333
2011-11-13,270008.0,"Desierto de Atacama, Caldera  Ad.",-27.25444,-70.78111,995.0916666666667
2011-11-13,290004.0,"La Florida, La Serena Ad.",-29.91444,-71.20667,1002.5749999999999
2011-11-13,330007.0,"Rodelillo, Ad.",-33.06528,-71.55639,979.1666666666666
2011-11-13,330019.0,"Eulogio Sánchez, Tobalaba Ad.",-33.45528,-70.54861,943.6999999999999
2011-11-13,330020.0,"Quinta Normal, Santiago",-33.445,-70.68278,957.6625
2011-11-13,330021.0,Pudahuel Santiago ,-33.37833,-70.78778,962.9208333333332
2011-11-13,330030.0,"Santo Domingo, Ad.",-33.65611,-71.61333,1011.5357142857143
2011-11-13,330031.0,"Juan Fernández, Estación Meteorológica.",-33.63583,-78.83305,1018.05
2011-11-13,340031.0,"General Freire, Curicó Ad.",-34.96944,-71.21694,992.2916666666666
2011-11-13,360011.0,"General Bernardo O'Higgins, Chillán Ad.",-36.58583,-72.03667,1002.9
2011-11-13,360019.0,"Carriel Sur, Concepción Ap.",-36.78055,-73.06639,1019.0208333333334
2011-11-13,370033.0,"María Dolores, Los Angeles Ad.",-37.39694,-72.42389,1006.2700000000001
2011-11-13,380013.0,"Maquehue, Temuco Ad.",-38.76778,-72.63194,1008.75
2011-11-13,390006.0,"Pichoy, Valdivia Ad.",-39.65667,-73.08722,1018.075
2011-11-13,400009.0,"Cañal Bajo,  Osorno Ad.",-40.61444,-73.0575,1013.4545454545455
2011-11-13,410005.0,El Tepual  Puerto Montt Ap.,-41.4475,-73.09583,1009.2458333333334
2011-11-13,450004.0,"Teniente Vidal, Coyhaique Ad.",-45.59083,-72.10222,974.9230769230769
2011-11-13,450005.0,Balmaceda Ad.,-45.91833,-71.67778,948.9333333333334
2011-11-13,510005.0,"Teniente Gallardo, Puerto Natales Ad.",-51.66722,-72.52889,994.6
2011-11-13,520006.0,"Carlos Ibañez, Punta Arenas Ap.",-53.00167,-70.83861,989.1708333333332
2011-11-13,550001.0,"Guardiamarina Zañartu, Pto Williams Ad.",-54.93167,-67.61556,
2011-11-13,950001.0,"C.M.A. Eduardo Frei Montalva, Antártica ",-62.19194,-58.97972,968.9125
2011-11-14,180005.0,"Chacalluta, Arica Ap.",-18.35555,-70.34028,1009.7208333333333
2011-11-14,200006.0,Diego Aracena Iquique Ap.,-20.54917,-70.18111,1009.0541666666667
2011-11-14,220002.0,"El Loa, Calama Ad.",-22.49806,-68.8925,775.2117647058824
2011-11-14,270001.0,Mataveri  Isla de Pascua Ap.,-27.15889,-109.4325,1015.5416666666666
2011-11-14,270008.0,"Desierto de Atacama, Caldera  Ad.",-27.25444,-70.78111,993.2230769230769
2011-11-14,290004.0,"La Florida, La Serena Ad.",-29.91444,-71.20667,998.9666666666667
2011-11-14,330007.0,"Rodelillo, Ad.",-33.06528,-71.55639,974.75
2011-11-14,330019.0,"Eulogio Sánchez, Tobalaba Ad.",-33.45528,-70.54861,939.6666666666666
2011-11-14,330020.0,"Quinta Normal, Santiago",-33.445,-70.68278,954.975
2011-11-14,330021.0,Pudahuel Santiago ,-33.37833,-70.78778,959.8874999999999
2011-11-14,330030.0,"Santo Domingo, Ad.",-33.65611,-71.61333,1007.1928571428572
2011-11-14,330031.0,"Juan Fernández, Estación Meteorológica.",-33.63583,-78.83305,1018.325
2011-11-14,340031.0,"General Freire, Curicó Ad.",-34.96944,-71.21694,986.9333333333334
2011-11-14,360011.0,"General Bernardo O'Higgins, Chillán Ad.",-36.58583,-72.03667,998.1416666666668
2011-11-14,360019.0,"Carriel Sur, Concepción Ap.",-36.78055,-73.06639,1016.8166666666666
2011-11-14,370033.0,"María Dolores, Los Angeles Ad.",-37.39694,-72.42389,1002.35
2011-11-14,380013.0,"Maquehue, Temuco Ad.",-38.76778,-72.63194,1008.7375
2011-11-14,390006.0,"Pichoy, Valdivia Ad.",-39.65667,-73.08722,1015.95
2011-11-14,400009.0,"Cañal Bajo,  Osorno Ad.",-40.61444,-73.0575,1012.6583333333333
2011-11-14,410005.0,El Tepual  Puerto Montt Ap.,-41.4475,-73.09583,1010.8416666666667
2011-11-14,430001.0,Quellón Ad.,-43.13361,-73.63278,1020.0333333333333
2011-11-14,430002.0,Futaleufú Ad.,-43.18889,-71.85222,978.6
2011-11-14,450001.0,Puerto Aysén Ad.,-45.39944,-72.67722,1017.1
2011-11-14,450004.0,"Teniente Vidal, Coyhaique Ad.",-45.59083,-72.10222,979.8538461538462
2011-11-14,450005.0,Balmaceda Ad.,-45.91833,-71.67778,953.2454545454547
2011-11-14,510005.0,"Teniente Gallardo, Puerto Natales Ad.",-51.66722,-72.52889,998.45
2011-11-14,520006.0,"Carlos Ibañez, Punta Arenas Ap.",-53.00167,-70.83861,997.15
2011-11-14,530005.0,"Fuentes Martínez, Porvenir Ad.",-53.25361,-70.32611,998.9
2011-11-14,550001.0,"Guardiamarina Zañartu, Pto Williams Ad.",-54.93167,-67.61556,998.0411764705883
2011-11-14,950001.0,"C.M.A. Eduardo Frei Montalva, Antártica ",-62.19194,-58.97972,980.5375
2011-11-15,180005.0,"Chacalluta, Arica Ap.",-18.35555,-70.34028,1010.2416666666667
2011-11-15,200006.0,Diego Aracena Iquique Ap.,-20.54917,-70.18111,1009.6708333333332
2011-11-15,220002.0,"El Loa, Calama Ad.",-22.49806,-68.8925,775.1823529411765
2011-11-15,270001.0,Mataveri  Isla de Pascua Ap.,-27.15889,-109.4325,1014.0041666666666
2011-11-15,270008.0,"Desierto de Atacama, Caldera  Ad.",-27.25444,-70.78111,993.9571428571428
2011-11-15,290004.0,"La Florida, La Serena Ad.",-29.91444,-71.20667,999.3666666666667
2011-11-15,330007.0,"Rodelillo, Ad.",-33.06528,-71.55639,976.1666666666666
2011-11-15,330019.0,"Eulogio Sánchez, Tobalaba Ad.",-33.45528,-70.54861,939.0500000000001
2011-11-15,330020.0,"Quinta Normal, Santiago",-33.445,-70.68278,953.1125
2011-11-15,330021.0,Pudahuel Santiago ,-33.37833,-70.78778,958.1208333333334
2011-11-15,330030.0,"Santo Domingo, Ad.",-33.65611,-71.61333,1008.0571428571428
2011-11-15,330031.0,"Juan Fernández, Estación Meteorológica.",-33.63583,-78.83305,1017.675
2011-11-15,340031.0,"General Freire, Curicó Ad.",-34.96944,-71.21694,985.7833333333333
2011-11-15,360011.0,"General Bernardo O'Higgins, Chillán Ad.",-36.58583,-72.03667,995.8666666666667
2011-11-15,360019.0,"Carriel Sur, Concepción Ap.",-36.78055,-73.06639,1013.6791666666667
2011-11-15,370033.0,"María Dolores, Los Angeles Ad.",-37.39694,-72.42389,999.9100000000001
2011-11-15,380013.0,"Maquehue, Temuco Ad.",-38.76778,-72.63194,1004.8875
2011-11-15,390006.0,"Pichoy, Valdivia Ad.",-39.65667,-73.08722,1013.525
2011-11-15,400009.0,"Cañal Bajo,  Osorno Ad.",-40.61444,-73.0575,1011.0235294117648
2011-11-15,410005.0,El Tepual  Puerto Montt Ap.,-41.4475,-73.09583,1008.9291666666667
2011-11-15,430001.0,Quellón Ad.,-43.13361,-73.63278,1019.8333333333334
2011-11-15,430002.0,Futaleufú Ad.,-43.18889,-71.85222,978.6333333333333
2011-11-15,450001.0,Puerto Aysén Ad.,-45.39944,-72.67722,1020.9333333333334
2011-11-15,450004.0,"Teniente Vidal, Coyhaique Ad.",-45.59083,-72.10222,982.0230769230768
2011-11-15,450005.0,Balmaceda Ad.,-45.91833,-71.67778,955.8
2011-11-15,510005.0,"Teniente Gallardo, Puerto Natales Ad.",-51.66722,-72.52889,1000.1999999999999
2011-11-15,520006.0,"Carlos Ibañez, Punta Arenas Ap.",-53.00167,-70.83861,999.8708333333334
2011-11-15,530005.0,"Fuentes Martínez, Porvenir Ad.",-53.25361,-70.32611,1001.05
2011-11-15,550001.0,"Guardiamarina Zañartu, Pto Williams Ad.",-54.93167,-67.61556,996.9100000000001
2011-11-15,950001.0,"C.M.A. Eduardo Frei Montalva, Antártica ",-62.19194,-58.97972,986.95
2011-11-16,180005.0,"Chacalluta, Arica Ap.",-18.35555,-70.34028,1009.7666666666668
2011-11-16,200006.0,Diego Aracena Iquique Ap.,-20.54917,-70.18111,1009.0833333333334
2011-11-16,220002.0,"El Loa, Calama Ad.",-22.49806,-68.8925,775.7117647058824
2011-11-16,270001.0,Mataveri  Isla de Pascua Ap.,-27.15889,-109.4325,1013.975
2011-11-16,270008.0,"Desierto de Atacama, Caldera  Ad.",-27.25444,-70.78111,994.0142857142857
2011-11-16,290004.0,"La Florida, La Serena Ad.",-29.91444,-71.20667,1000.0625
2011-11-16,330007.0,"Rodelillo, Ad.",-33.06528,-71.55639,977.5833333333334
2011-11-16,330019.0,"Eulogio Sánchez, Tobalaba Ad.",-33.45528,-70.54861,940.3833333333333
2011-11-16,330020.0,"Quinta Normal, Santiago",-33.445,-70.68278,954.1125
2011-11-16,330021.0,Pudahuel Santiago ,-33.37833,-70.78778,959.2375000000001
2011-11-16,330030.0,"Santo Domingo, Ad.",-33.65611,-71.61333,1009.1071428571429
2011-11-16,330031.0,"Juan Fernández, Estación Meteorológica.",-33.63583,-78.83305,1016.725
2011-11-16,340031.0,"General Freire, Curicó Ad.",-34.96944,-71.21694,988.1
2011-11-16,360011.0,"General Bernardo O'Higgins, Chillán Ad.",-36.58583,-72.03667,996.6153846153846
2011-11-16,360019.0,"Carriel Sur, Concepción Ap.",-36.78055,-73.06639,1013.4875000000001
2011-11-16,370033.0,"María Dolores, Los Angeles Ad.",-37.39694,-72.42389,999.43
2011-11-16,380013.0,"Maquehue, Temuco Ad.",-38.76778,-72.63194,1002.5875
2011-11-16,390006.0,"Pichoy, Valdivia Ad.",-39.65667,-73.08722,1010.86
2011-11-16,400009.0,"Cañal Bajo,  Osorno Ad.",-40.61444,-73.0575,1006.4454545454545
2011-11-16,410005.0,El Tepual  Puerto Montt Ap.,-41.4475,-73.09583,1005.0208333333334
2011-11-16,430001.0,Quellón Ad.,-43.13361,-73.63278,1014.1666666666666
2011-11-16,430002.0,Futaleufú Ad.,-43.18889,-71.85222,973.45
2011-11-16,450001.0,Puerto Aysén Ad.,-45.39944,-72.67722,1015.4333333333334
2011-11-16,450004.0,"Teniente Vidal, Coyhaique Ad.",-45.59083,-72.10222,977.7230769230769
2011-11-16,450005.0,Balmaceda Ad.,-45.91833,-71.67778,953.4384615384616
2011-11-16,510005.0,"Teniente Gallardo, Puerto Natales Ad.",-51.66722,-72.52889,1005.075
2011-11-16,520006.0,"Carlos Ibañez, Punta Arenas Ap.",-53.00167,-70.83861,1006.5666666666666
2011-11-16,530005.0,"Fuentes Martínez, Porvenir Ad.",-53.25361,-70.32611,1009.45
2011-11-16,550001.0,"Guardiamarina Zañartu, Pto Williams Ad.",-54.93167,-67.61556,1009.6777777777778
2011-11-16,950001.0,"C.M.A. Eduardo Frei Montalva, Antártica ",-62.19194,-58.97972,987.05
2011-11-17,180005.0,"Chacalluta, Arica Ap.",-18.35555,-70.34028,1009.4833333333332
2011-11-17,200006.0,Diego Aracena Iquique Ap.,-20.54917,-70.18111,1008.8083333333334
2011-11-17,220002.0,"El Loa, Calama Ad.",-22.49806,-68.8925,775.7882352941176
2011-11-17,270001.0,Mataveri  Isla de Pascua Ap.,-27.15889,-109.4325,1015.6291666666666
2011-11-17,270008.0,"Desierto de Atacama, Caldera  Ad.",-27.25444,-70.78111,993.2307692307693
2011-11-17,290004.0,"La Florida, La Serena Ad.",-29.91444,-71.20667,999.4416666666666
2011-11-17,330007.0,"Rodelillo, Ad.",-33.06528,-71.55639,976.5
2011-11-17,330019.0,"Eulogio Sánchez, Tobalaba Ad.",-33.45528,-70.54861,940.5083333333333
2011-11-17,330020.0,"Quinta Normal, Santiago",-33.445,-70.68278,954.9125
2011-11-17,330021.0,Pudahuel Santiago ,-33.37833,-70.78778,960.0166666666668
2011-11-17,330030.0,"Santo Domingo, Ad.",-33.65611,-71.61333,1008.842857142857
2011-11-17,330031.0,"Juan Fernández, Estación Meteorológica.",-33.63583,-78.83305,1015.4000000000001
2011-11-17,340031.0,"General Freire, Curicó Ad.",-34.96944,-71.21694,987.8615384615385
2011-11-17,360011.0,"General Bernardo O'Higgins, Chillán Ad.",-36.58583,-72.03667,998.5615384615384
2011-11-17,360019.0,"Carriel Sur, Concepción Ap.",-36.78055,-73.06639,1015.6541666666667
2011-11-17,370033.0,"María Dolores, Los Angeles Ad.",-37.39694,-72.42389,1002.43
2011-11-17,380013.0,"Maquehue, Temuco Ad.",-38.76778,-72.63194,1004.55
2011-11-17,390006.0,"Pichoy, Valdivia Ad.",-39.65667,-73.08722,1012.5799999999999
2011-11-17,400009.0,"Cañal Bajo,  Osorno Ad.",-40.61444,-73.0575,1007.275
2011-11-17,410005.0,El Tepual  Puerto Montt Ap.,-41.4475,-73.09583,1003.5916666666667
2011-11-17,430001.0,Quellón Ad.,-43.13361,-73.63278,1011.6
2011-11-17,430002.0,Futaleufú Ad.,-43.18889,-71.85222,968.2666666666667
2011-11-17,450001.0,Puerto Aysén Ad.,-45.39944,-72.67722,1008.5666666666666
2011-11-17,450004.0,"Teniente Vidal, Coyhaique Ad.",-45.59083,-72.10222,971.0461538461539
2011-11-17,450005.0,Balmaceda Ad.,-45.91833,-71.67778,946.3583333333332
2011-11-17,510005.0,"Teniente Gallardo, Puerto Natales Ad.",-51.66722,-72.52889,993.8666666666668
2011-11-17,520006.0,"Carlos Ibañez, Punta Arenas Ap.",-53.00167,-70.83861,999.475
2011-11-17,530005.0,"Fuentes Martínez, Porvenir Ad.",-53.25361,-70.32611,997.55
2011-11-17,550001.0,"Guardiamarina Zañartu, Pto Williams Ad.",-54.93167,-67.61556,999.8100000000001
2011-11-17,950001.0,"C.M.A. Eduardo Frei Montalva, Antártica ",-62.19194,-58.97972,1004.8875
2011-11-18,180005.0,"Chacalluta, Arica Ap.",-18.35555,-70.34028,1010.775
2011-11-18,200006.0,Diego Aracena Iquique Ap.,-20.54917,-70.18111,1010.2208333333333
2011-11-18,220002.0,"El Loa, Calama Ad.",-22.49806,-68.8925,775.9000000000001
2011-11-18,270001.0,Mataveri  Isla de Pascua Ap.,-27.15889,-109.4325,1015.9208333333332
2011-11-18,270008.0,"Desierto de Atacama, Caldera  Ad.",-27.25444,-70.78111,994.3
2011-11-18,290004.0,"La Florida, La Serena Ad.",-29.91444,-71.20667,999.9125
2011-11-18,330007.0,"Rodelillo, Ad.",-33.06528,-71.55639,977.9166666666666
2011-11-18,330019.0,"Eulogio Sánchez, Tobalaba Ad.",-33.45528,-70.54861,941.525
2011-11-18,330020.0,"Quinta Normal, Santiago",-33.445,-70.68278,954.7375
2011-11-18,330021.0,Pudahuel Santiago ,-33.37833,-70.78778,959.9083333333333
2011-11-18,330030.0,"Santo Domingo, Ad.",-33.65611,-71.61333,1009.7785714285714
2011-11-18,330031.0,"Juan Fernández, Estación Meteorológica.",-33.63583,-78.83305,1014.325
2011-11-18,340031.0,"General Freire, Curicó Ad.",-34.96944,-71.21694,989.6461538461538
2011-11-18,360011.0,"General Bernardo O'Higgins, Chillán Ad.",-36.58583,-72.03667,1000.5307692307692
2011-11-18,360019.0,"Carriel Sur, Concepción Ap.",-36.78055,-73.06639,1015.7708333333334
2011-11-18,370033.0,"María Dolores, Los Angeles Ad.",-37.39694,-72.42389,1003.32
2011-11-18,380013.0,"Maquehue, Temuco Ad.",-38.76778,-72.63194,1005.3875
2011-11-18,390006.0,"Pichoy, Valdivia Ad.",-39.65667,-73.08722,1014.3
2011-11-18,400009.0,"Cañal Bajo,  Osorno Ad.",-40.61444,-73.0575,1009.4666666666667
2011-11-18,410005.0,El Tepual  Puerto Montt Ap.,-41.4475,-73.09583,1004.9791666666666
2011-11-18,430001.0,Quellón Ad.,-43.13361,-73.63278,1012.9666666666667
2011-11-18,430002.0,Futaleufú Ad.,-43.18889,-71.85222,969.6875
2011-11-18,450001.0,Puerto Aysén Ad.,-45.39944,-72.67722,1007.8000000000001
2011-11-18,450004.0,"Teniente Vidal, Coyhaique Ad.",-45.59083,-72.10222,971.2307692307693
2011-11-18,450005.0,Balmaceda Ad.,-45.91833,-71.67778,943.4363636363636
2011-11-18,510005.0,"Teniente Gallardo, Puerto Natales Ad.",-51.66722,-72.52889,987.7750000000001
2011-11-18,520006.0,"Carlos Ibañez, Punta Arenas Ap.",-53.00167,-70.83861,985.8333333333334
2011-11-18,530005.0,"Fuentes Martínez, Porvenir Ad.",-53.25361,-70.32611,986.3499999999999
2011-11-18,550001.0,"Guardiamarina Zañartu, Pto Williams Ad.",-54.93167,-67.61556,983.6142857142858
2011-11-18,950001.0,"C.M.A. Eduardo Frei Montalva, Antártica ",-62.19194,-58.97972,992.4125
2011-11-19,180005.0,"Chacalluta, Arica Ap.",-18.35555,-70.34028,1011.3625000000001
2011-11-19,200006.0,Diego Aracena Iquique Ap.,-20.54917,-70.18111,1010.9250000000001
2011-11-19,220002.0,"El Loa, Calama Ad.",-22.49806,-68.8925,776.2625
2011-11-19,270001.0,Mataveri  Isla de Pascua Ap.,-27.15889,-109.4325,1015.1916666666666
2011-11-19,270008.0,"Desierto de Atacama, Caldera  Ad.",-27.25444,-70.78111,996.1916666666666
2011-11-19,290004.0,"La Florida, La Serena Ad.",-29.91444,-71.20667,1001.7791666666667
2011-11-19,330007.0,"Rodelillo, Ad.",-33.06528,-71.55639,979.6666666666666
2011-11-19,330019.0,"Eulogio Sánchez, Tobalaba Ad.",-33.45528,-70.54861,943.2333333333332
2011-11-19,330020.0,"Quinta Normal, Santiago",-33.445,-70.68278,956.0125
2011-11-19,330021.0,Pudahuel Santiago ,-33.37833,-70.78778,961.3333333333334
2011-11-19,330030.0,"Santo Domingo, Ad.",-33.65611,-71.61333,1011.4857142857143
2011-11-19,330031.0,"Juan Fernández, Estación Meteorológica.",-33.63583,-78.83305,1015.95
2011-11-19,340031.0,"General Freire, Curicó Ad.",-34.96944,-71.21694,990.3538461538462
2011-11-19,360011.0,"General Bernardo O'Higgins, Chillán Ad.",-36.58583,-72.03667,1000.6076923076923
2011-11-19,360019.0,"Carriel Sur, Concepción Ap.",-36.78055,-73.06639,1017.0625
2011-11-19,370033.0,"María Dolores, Los Angeles Ad.",-37.39694,-72.42389,1004.3399999999999
2011-11-19,380013.0,"Maquehue, Temuco Ad.",-38.76778,-72.63194,1007.25
2011-11-19,390006.0,"Pichoy, Valdivia Ad.",-39.65667,-73.08722,1015.95
2011-11-19,400009.0,"Cañal Bajo,  Osorno Ad.",-40.61444,-73.0575,1011.3909090909091
2011-11-19,410005.0,El Tepual  Puerto Montt Ap.,-41.4475,-73.09583,1007.8416666666667
2011-11-19,430002.0,Futaleufú Ad.,-43.18889,-71.85222,
2011-11-19,450004.0,"Teniente Vidal, Coyhaique Ad.",-45.59083,-72.10222,975.2538461538461
2011-11-19,450005.0,Balmaceda Ad.,-45.91833,-71.67778,948.9230769230769
2011-11-19,520006.0,"Carlos Ibañez, Punta Arenas Ap.",-53.00167,-70.83861,994.7291666666666
2011-11-19,530005.0,"Fuentes Martínez, Porvenir Ad.",-53.25361,-70.32611,997.5
2011-11-19,550001.0,"Guardiamarina Zañartu, Pto Williams Ad.",-54.93167,-67.61556,
2011-11-19,950001.0,"C.M.A. Eduardo Frei Montalva, Antártica ",-62.19194,-58.97972,970.8625
2011-11-20,180005.0,"Chacalluta, Arica Ap.",-18.35555,-70.34028,1011.8000000000001
2011-11-20,200006.0,Diego Aracena Iquique Ap.,-20.54917,-70.18111,1011.1083333333332
2011-11-20,220002.0,"El Loa, Calama Ad.",-22.49806,-68.8925,776.7384615384616
2011-11-20,270001.0,Mataveri  Isla de Pascua Ap.,-27.15889,-109.4325,1015.3541666666666
2011-11-20,270008.0,"Desierto de Atacama, Caldera  Ad.",-27.25444,-70.78111,997.275
2011-11-20,290004.0,"La Florida, La Serena Ad.",-29.91444,-71.20667,1002.5666666666666
2011-11-20,330007.0,"Rodelillo, Ad.",-33.06528,-71.55639,980.9166666666666
2011-11-20,330019.0,"Eulogio Sánchez, Tobalaba Ad.",-33.45528,-70.54861,944.35
2011-11-20,330020.0,"Quinta Normal, Santiago",-33.445,-70.68278,957.4875
2011-11-20,330021.0,Pudahuel Santiago ,-33.37833,-70.78778,962.7833333333333
2011-11-20,330030.0,"Santo Domingo, Ad.",-33.65611,-71.61333,1012.6928571428572
2011-11-20,330031.0,"Juan Fernández, Estación Meteorológica.",-33.63583,-78.83305,1019.05
2011-11-20,340031.0,"General Freire, Curicó Ad.",-34.96944,-71.21694,992.0615384615384
2011-11-20,360011.0,"General Bernardo O'Higgins, Chillán Ad.",-36.58583,-72.03667,1002.1384615384615
2011-11-20,360019.0,"Carriel Sur, Concepción Ap.",-36.78055,-73.06639,1018.7458333333334
2011-11-20,370033.0,"María Dolores, Los Angeles Ad.",-37.39694,-72.42389,1005.8
2011-11-20,380013.0,"Maquehue, Temuco Ad.",-38.76778,-72.63194,1008.45
2011-11-20,390006.0,"Pichoy, Valdivia Ad.",-39.65667,-73.08722,1016.775
2011-11-20,400009.0,"Cañal Bajo,  Osorno Ad.",-40.61444,-73.0575,1010.3636363636364
2011-11-20,410005.0,El Tepual  Puerto Montt Ap.,-41.4475,-73.09583,1006.6666666666666
2011-11-20,450004.0,"Teniente Vidal, Coyhaique Ad.",-45.59083,-72.10222,967.7538461538461
2011-11-20,450005.0,Balmaceda Ad.,-45.91833,-71.67778,941.5090909090909
2011-11-20,510005.0,"Teniente Gallardo, Puerto Natales Ad.",-51.66722,-72.52889,987.1
2011-11-20,520006.0,"Carlos Ibañez, Punta Arenas Ap.",-53.00167,-70.83861,986.6374999999999
2011-11-20,550001.0,"Guardiamarina Zañartu, Pto Williams Ad.",-54.93167,-67.61556,
2011-11-20,950001.0,"C.M.A. Eduardo Frei Montalva, Antártica ",-62.19194,-58.97972,986.9
2011-11-21,180005.0,"Chacalluta, Arica Ap.",-18.35555,-70.34028,1010.4791666666666
2011-11-21,200006.0,Diego Aracena Iquique Ap.,-20.54917,-70.18111,1009.7583333333333
2011-11-21,220002.0,"El Loa, Calama Ad.",-22.49806,-68.8925,776.8130434782609
2011-11-21,270001.0,Mataveri  Isla de Pascua Ap.,-27.15889,-109.4325,1015.0208333333334
2011-11-21,270008.0,"Desierto de Atacama, Caldera  Ad.",-27.25444,-70.78111,994.3214285714286
2011-11-21,290004.0,"La Florida, La Serena Ad.",-29.91444,-71.20667,1000.6458333333334
2011-11-21,330007.0,"Rodelillo, Ad.",-33.06528,-71.55639,977.5
2011-11-21,330019.0,"Eulogio Sánchez, Tobalaba Ad.",-33.45528,-70.54861,942.5692307692308
2011-11-21,330020.0,"Quinta Normal, Santiago",-33.445,-70.68278,958.4625
2011-11-21,330021.0,Pudahuel Santiago ,-33.37833,-70.78778,963.3291666666668
2011-11-21,330030.0,"Santo Domingo, Ad.",-33.65611,-71.61333,1009.9785714285715
2011-11-21,330031.0,"Juan Fernández, Estación Meteorológica.",-33.63583,-78.83305,1018.925
2011-11-21,340031.0,"General Freire, Curicó Ad.",-34.96944,-71.21694,991.0461538461539
2011-11-21,360011.0,"General Bernardo O'Higgins, Chillán Ad.",-36.58583,-72.03667,1002.9923076923077
2011-11-21,360019.0,"Carriel Sur, Concepción Ap.",-36.78055,-73.06639,1021.0791666666668
2011-11-21,370033.0,"María Dolores, Los Angeles Ad.",-37.39694,-72.42389,1006.6200000000001
2011-11-21,380013.0,"Maquehue, Temuco Ad.",-38.76778,-72.63194,1010.05
2011-11-21,390006.0,"Pichoy, Valdivia Ad.",-39.65667,-73.08722,1016.925
2011-11-21,400009.0,"Cañal Bajo,  Osorno Ad.",-40.61444,-73.0575,1010.4454545454545
2011-11-21,410005.0,El Tepual  Puerto Montt Ap.,-41.4475,-73.09583,1005.4250000000001
2011-11-21,430001.0,Quellón Ad.,-43.13361,-73.63278,1008.0666666666666
2011-11-21,450001.0,Puerto Aysén Ad.,-45.39944,-72.67722,1007.3000000000001
2011-11-21,450004.0,"Teniente Vidal, Coyhaique Ad.",-45.59083,-72.10222,970.9461538461538
2011-11-21,450005.0,Balmaceda Ad.,-45.91833,-71.67778,947.0727272727272
2011-11-21,510005.0,"Teniente Gallardo, Puerto Natales Ad.",-51.66722,-72.52889,995.075
2011-11-21,520006.0,"Carlos Ibañez, Punta Arenas Ap.",-53.00167,-70.83861,994.1
2011-11-21,530005.0,"Fuentes Martínez, Porvenir Ad.",-53.25361,-70.32611,997.725
2011-11-21,550001.0,"Guardiamarina Zañartu, Pto Williams Ad.",-54.93167,-67.61556,994.4214285714286
2011-11-21,950001.0,"C.M.A. Eduardo Frei Montalva, Antártica ",-62.19194,-58.97972,991.0
2011-11-22,180005.0,"Chacalluta, Arica Ap.",-18.35555,-70.34028,1010.5291666666667
2011-11-22,200006.0,Diego Aracena Iquique Ap.,-20.54917,-70.18111,1009.9208333333332
2011-11-22,220002.0,"El Loa, Calama Ad.",-22.49806,-68.8925,776.1647058823529
2011-11-22,270001.0,Mataveri  Isla de Pascua Ap.,-27.15889,-109.4325,1016.0625
2011-11-22,270008.0,"Desierto de Atacama, Caldera  Ad.",-27.25444,-70.78111,994.9250000000001
2011-11-22,290004.0,"La Florida, La Serena Ad.",-29.91444,-71.20667,998.1791666666667
2011-11-22,330007.0,"Rodelillo, Ad.",-33.06528,-71.55639,974.6923076923077
2011-11-22,330019.0,"Eulogio Sánchez, Tobalaba Ad.",-33.45528,-70.54861,938.8
2011-11-22,330020.0,"Quinta Normal, Santiago",-33.445,-70.68278,953.3875
2011-11-22,330021.0,Pudahuel Santiago ,-33.37833,-70.78778,958.4083333333333
2011-11-22,330030.0,"Santo Domingo, Ad.",-33.65611,-71.61333,1006.1642857142857
2011-11-22,330031.0,"Juan Fernández, Estación Meteorológica.",-33.63583,-78.83305,1014.15
2011-11-22,340031.0,"General Freire, Curicó Ad.",-34.96944,-71.21694,985.9923076923077
2011-11-22,360011.0,"General Bernardo O'Higgins, Chillán Ad.",-36.58583,-72.03667,997.5538461538462
2011-11-22,360019.0,"Carriel Sur, Concepción Ap.",-36.78055,-73.06639,1015.6125000000001
2011-11-22,370033.0,"María Dolores, Los Angeles Ad.",-37.39694,-72.42389,1000.4
2011-11-22,380013.0,"Maquehue, Temuco Ad.",-38.76778,-72.63194,1005.0875
2011-11-22,390006.0,"Pichoy, Valdivia Ad.",-39.65667,-73.08722,1011.1
2011-11-22,400009.0,"Cañal Bajo,  Osorno Ad.",-40.61444,-73.0575,1005.0666666666666
2011-11-22,410005.0,El Tepual  Puerto Montt Ap.,-41.4475,-73.09583,1002.7416666666667
2011-11-22,430001.0,Quellón Ad.,-43.13361,-73.63278,1006.5333333333333
2011-11-22,450001.0,Puerto Aysén Ad.,-45.39944,-72.67722,1003.3333333333334
2011-11-22,450004.0,"Teniente Vidal, Coyhaique Ad.",-45.59083,-72.10222,966.0384615384615
2011-11-22,450005.0,Balmaceda Ad.,-45.91833,-71.67778,941.9090909090909
2011-11-22,510005.0,"Teniente Gallardo, Puerto Natales Ad.",-51.66722,-72.52889,993.3333333333334
2011-11-22,520006.0,"Carlos Ibañez, Punta Arenas Ap.",-53.00167,-70.83861,999.7583333333333
2011-11-22,530005.0,"Fuentes Martínez, Porvenir Ad.",-53.25361,-70.32611,1000.025
2011-11-22,550001.0,"Guardiamarina Zañartu, Pto Williams Ad.",-54.93167,-67.61556,1003.2555555555555
2011-11-22,950001.0,"C.M.A. Eduardo Frei Montalva, Antártica ",-62.19194,-58.97972,991.7375
2011-11-23,180005.0,"Chacalluta, Arica Ap.",-18.35555,-70.34028,1012.3375
2011-11-23,200006.0,Diego Aracena Iquique Ap.,-20.54917,-70.18111,1011.9708333333333
2011-11-23,220002.0,"El Loa, Calama Ad.",-22.49806,-68.8925,777.4823529411765
2011-11-23,270001.0,Mataveri  Isla de Pascua Ap.,-27.15889,-109.4325,1016.4833333333332
2011-11-23,270008.0,"Desierto de Atacama, Caldera  Ad.",-27.25444,-70.78111,997.2153846153846
2011-11-23,290004.0,"La Florida, La Serena Ad.",-29.91444,-71.20667,1002.5749999999999
2011-11-23,330007.0,"Rodelillo, Ad.",-33.06528,-71.55639,980.2307692307693
2011-11-23,330019.0,"Eulogio Sánchez, Tobalaba Ad.",-33.45528,-70.54861,943.9000000000001
2011-11-23,330020.0,"Quinta Normal, Santiago",-33.445,-70.68278,957.4375
2011-11-23,330021.0,Pudahuel Santiago ,-33.37833,-70.78778,962.6958333333333
2011-11-23,330030.0,"Santo Domingo, Ad.",-33.65611,-71.61333,1012.2
2011-11-23,330031.0,"Juan Fernández, Estación Meteorológica.",-33.63583,-78.83305,1016.175
2011-11-23,340031.0,"General Freire, Curicó Ad.",-34.96944,-71.21694,991.5999999999999
2011-11-23,360011.0,"General Bernardo O'Higgins, Chillán Ad.",-36.58583,-72.03667,1002.0181818181819
2011-11-23,360019.0,"Carriel Sur, Concepción Ap.",-36.78055,-73.06639,1017.875
2011-11-23,370033.0,"María Dolores, Los Angeles Ad.",-37.39694,-72.42389,1005.46
2011-11-23,380013.0,"Maquehue, Temuco Ad.",-38.76778,-72.63194,1005.1375
2011-11-23,390006.0,"Pichoy, Valdivia Ad.",-39.65667,-73.08722,1015.025
2011-11-23,400009.0,"Cañal Bajo,  Osorno Ad.",-40.61444,-73.0575,1008.8153846153847
2011-11-23,410005.0,El Tepual  Puerto Montt Ap.,-41.4475,-73.09583,1002.1750000000001
2011-11-23,430001.0,Quellón Ad.,-43.13361,-73.63278,1010.9
2011-11-23,450001.0,Puerto Aysén Ad.,-45.39944,-72.67722,1004.5333333333333
2011-11-23,450004.0,"Teniente Vidal, Coyhaique Ad.",-45.59083,-72.10222,966.4769230769232
2011-11-23,450005.0,Balmaceda Ad.,-45.91833,-71.67778,939.6454545454545
2011-11-23,510005.0,"Teniente Gallardo, Puerto Natales Ad.",-51.66722,-72.52889,982.375
2011-11-23,520006.0,"Carlos Ibañez, Punta Arenas Ap.",-53.00167,-70.83861,988.4
2011-11-23,530005.0,"Fuentes Martínez, Porvenir Ad.",-53.25361,-70.32611,988.225
2011-11-23,550001.0,"Guardiamarina Zañartu, Pto Williams Ad.",-54.93167,-67.61556,990.7555555555555
2011-11-23,950001.0,"C.M.A. Eduardo Frei Montalva, Antártica ",-62.19194,-58.97972,988.8875
2011-11-24,180005.0,"Chacalluta, Arica Ap.",-18.35555,-70.34028,1011.875
2011-11-24,200006.0,Diego Aracena Iquique Ap.,-20.54917,-70.18111,1011.3208333333333
2011-11-24,220002.0,"El Loa, Calama Ad.",-22.49806,-68.8925,776.5058823529412
2011-11-24,270001.0,Mataveri  Isla de Pascua Ap.,-27.15889,-109.4325,1017.2333333333332
2011-11-24,270008.0,"Desierto de Atacama, Caldera  Ad.",-27.25444,-70.78111,995.6928571428572
2011-11-24,290004.0,"La Florida, La Serena Ad.",-29.91444,-71.20667,1000.9458333333333
2011-11-24,330007.0,"Rodelillo, Ad.",-33.06528,-71.55639,977.8461538461538
2011-11-24,330019.0,"Eulogio Sánchez, Tobalaba Ad.",-33.45528,-70.54861,942.1615384615385
2011-11-24,330020.0,"Quinta Normal, Santiago",-33.445,-70.68278,957.1625
2011-11-24,330021.0,Pudahuel Santiago ,-33.37833,-70.78778,962.0708333333333
2011-11-24,330030.0,"Santo Domingo, Ad.",-33.65611,-71.61333,1010.0
2011-11-24,330031.0,"Juan Fernández, Estación Meteorológica.",-33.63583,-78.83305,1018.75
2011-11-24,340031.0,"General Freire, Curicó Ad.",-34.96944,-71.21694,990.0769230769231
2011-11-24,360011.0,"General Bernardo O'Higgins, Chillán Ad.",-36.58583,-72.03667,1001.24
2011-11-24,360019.0,"Carriel Sur, Concepción Ap.",-36.78055,-73.06639,1019.6416666666668
2011-11-24,370033.0,"María Dolores, Los Angeles Ad.",-37.39694,-72.42389,1005.46
2011-11-24,380013.0,"Maquehue, Temuco Ad.",-38.76778,-72.63194,1009.2375
2011-11-24,390006.0,"Pichoy, Valdivia Ad.",-39.65667,-73.08722,1016.7
2011-11-24,400009.0,"Cañal Bajo,  Osorno Ad.",-40.61444,-73.0575,1010.8384615384615
2011-11-24,410005.0,El Tepual  Puerto Montt Ap.,-41.4475,-73.09583,1006.2083333333334
2011-11-24,430001.0,Quellón Ad.,-43.13361,-73.63278,1011.7666666666668
2011-11-24,450001.0,Puerto Aysén Ad.,-45.39944,-72.67722,1004.0999999999999
2011-11-24,450004.0,"Teniente Vidal, Coyhaique Ad.",-45.59083,-72.10222,967.6307692307693
2011-11-24,450005.0,Balmaceda Ad.,-45.91833,-71.67778,941.1818181818181
2011-11-24,510005.0,"Teniente Gallardo, Puerto Natales Ad.",-51.66722,-72.52889,977.6666666666666
2011-11-24,520006.0,"Carlos Ibañez, Punta Arenas Ap.",-53.00167,-70.83861,979.35
2011-11-24,530005.0,"Fuentes Martínez, Porvenir Ad.",-53.25361,-70.32611,980.125
2011-11-24,550001.0,"Guardiamarina Zañartu, Pto Williams Ad.",-54.93167,-67.61556,981.89
2011-11-24,950001.0,"C.M.A. Eduardo Frei Montalva, Antártica ",-62.19194,-58.97972,988.125
2011-11-25,180005.0,"Chacalluta, Arica Ap.",-18.35555,-70.34028,1010.9
2011-11-25,200006.0,Diego Aracena Iquique Ap.,-20.54917,-70.18111,1010.3000000000001
2011-11-25,220002.0,"El Loa, Calama Ad.",-22.49806,-68.8925,775.8823529411765
2011-11-25,270001.0,Mataveri  Isla de Pascua Ap.,-27.15889,-109.4325,1017.8874999999999
2011-11-25,270008.0,"Desierto de Atacama, Caldera  Ad.",-27.25444,-70.78111,994.2461538461539
2011-11-25,290004.0,"La Florida, La Serena Ad.",-29.91444,-71.20667,999.5833333333334
2011-11-25,330007.0,"Rodelillo, Ad.",-33.06528,-71.55639,975.0833333333334
2011-11-25,330019.0,"Eulogio Sánchez, Tobalaba Ad.",-33.45528,-70.54861,939.6923076923077
2011-11-25,330020.0,"Quinta Normal, Santiago",-33.445,-70.68278,954.8875
2011-11-25,330021.0,Pudahuel Santiago ,-33.37833,-70.78778,959.8166666666666
2011-11-25,330030.0,"Santo Domingo, Ad.",-33.65611,-71.61333,1006.9428571428572
2011-11-25,330031.0,"Juan Fernández, Estación Meteorológica.",-33.63583,-78.83305,1019.0
2011-11-25,340031.0,"General Freire, Curicó Ad.",-34.96944,-71.21694,987.5692307692308
2011-11-25,360011.0,"General Bernardo O'Higgins, Chillán Ad.",-36.58583,-72.03667,1000.1
2011-11-25,360019.0,"Carriel Sur, Concepción Ap.",-36.78055,-73.06639,1018.3541666666666
2011-11-25,370033.0,"María Dolores, Los Angeles Ad.",-37.39694,-72.42389,1005.29
2011-11-25,380013.0,"Maquehue, Temuco Ad.",-38.76778,-72.63194,1010.3875
2011-11-25,390006.0,"Pichoy, Valdivia Ad.",-39.65667,-73.08722,1019.025
2011-11-25,400009.0,"Cañal Bajo,  Osorno Ad.",-40.61444,-73.0575,1014.3545454545455
2011-11-25,410005.0,El Tepual  Puerto Montt Ap.,-41.4475,-73.09583,1009.9875000000001
2011-11-25,430001.0,Quellón Ad.,-43.13361,-73.63278,1016.8666666666667
2011-11-25,450004.0,"Teniente Vidal, Coyhaique Ad.",-45.59083,-72.10222,973.7538461538461
2011-11-25,450005.0,Balmaceda Ad.,-45.91833,-71.67778,945.2818181818183
2011-11-25,510005.0,"Teniente Gallardo, Puerto Natales Ad.",-51.66722,-72.52889,983.22
2011-11-25,520006.0,"Carlos Ibañez, Punta Arenas Ap.",-53.00167,-70.83861,982.7125
2011-11-25,530005.0,"Fuentes Martínez, Porvenir Ad.",-53.25361,-70.32611,983.95
2011-11-25,550001.0,"Guardiamarina Zañartu, Pto Williams Ad.",-54.93167,-67.61556,984.3125
2011-11-25,950001.0,"C.M.A. Eduardo Frei Montalva, Antártica ",-62.19194,-58.97972,983.5375
2011-11-26,180005.0,"Chacalluta, Arica Ap.",-18.35555,-70.34028,1009.9291666666667
2011-11-26,200006.0,Diego Aracena Iquique Ap.,-20.54917,-70.18111,1009.1750000000001
2011-11-26,220002.0,"El Loa, Calama Ad.",-22.49806,-68.8925,774.98125
2011-11-26,270001.0,Mataveri  Isla de Pascua Ap.,-27.15889,-109.4325,1017.0666666666666
2011-11-26,270008.0,"Desierto de Atacama, Caldera  Ad.",-27.25444,-70.78111,993.6333333333333
2011-11-26,290004.0,"La Florida, La Serena Ad.",-29.91444,-71.20667,998.4541666666668
2011-11-26,330007.0,"Rodelillo, Ad.",-33.06528,-71.55639,974.6923076923077
2011-11-26,330019.0,"Eulogio Sánchez, Tobalaba Ad.",-33.45528,-70.54861,928.9666666666667
2011-11-26,330020.0,"Quinta Normal, Santiago",-33.445,-70.68278,951.7125
2011-11-26,330021.0,Pudahuel Santiago ,-33.37833,-70.78778,956.6875
2011-11-26,330030.0,"Santo Domingo, Ad.",-33.65611,-71.61333,1005.8142857142857
2011-11-26,330031.0,"Juan Fernández, Estación Meteorológica.",-33.63583,-78.83305,1015.25
2011-11-26,340031.0,"General Freire, Curicó Ad.",-34.96944,-71.21694,983.9461538461538
2011-11-26,360011.0,"General Bernardo O'Higgins, Chillán Ad.",-36.58583,-72.03667,995.93
2011-11-26,360019.0,"Carriel Sur, Concepción Ap.",-36.78055,-73.06639,1013.0749999999999
2011-11-26,370033.0,"María Dolores, Los Angeles Ad.",-37.39694,-72.42389,998.35
2011-11-26,380013.0,"Maquehue, Temuco Ad.",-38.76778,-72.63194,1004.975
2011-11-26,390006.0,"Pichoy, Valdivia Ad.",-39.65667,-73.08722,1010.725
2011-11-26,400009.0,"Cañal Bajo,  Osorno Ad.",-40.61444,-73.0575,1006.4090909090909
2011-11-26,410005.0,El Tepual  Puerto Montt Ap.,-41.4475,-73.09583,1006.4625
2011-11-26,450004.0,"Teniente Vidal, Coyhaique Ad.",-45.59083,-72.10222,974.6923076923077
2011-11-26,450005.0,Balmaceda Ad.,-45.91833,-71.67778,947.375
2011-11-26,510005.0,"Teniente Gallardo, Puerto Natales Ad.",-51.66722,-72.52889,987.7
2011-11-26,520006.0,"Carlos Ibañez, Punta Arenas Ap.",-53.00167,-70.83861,992.6666666666666
2011-11-26,530005.0,"Fuentes Martínez, Porvenir Ad.",-53.25361,-70.32611,996.0
2011-11-26,550001.0,"Guardiamarina Zañartu, Pto Williams Ad.",-54.93167,-67.61556,
2011-11-26,950001.0,"C.M.A. Eduardo Frei Montalva, Antártica ",-62.19194,-58.97972,985.6
2011-11-27,180005.0,"Chacalluta, Arica Ap.",-18.35555,-70.34028,1009.9166666666666
2011-11-27,200006.0,Diego Aracena Iquique Ap.,-20.54917,-70.18111,1009.3916666666668
2011-11-27,220002.0,"El Loa, Calama Ad.",-22.49806,-68.8925,775.2846153846154
2011-11-27,270001.0,Mataveri  Isla de Pascua Ap.,-27.15889,-109.4325,1014.6625
2011-11-27,270008.0,"Desierto de Atacama, Caldera  Ad.",-27.25444,-70.78111,994.8000000000001
2011-11-27,290004.0,"La Florida, La Serena Ad.",-29.91444,-71.20667,1000.625
2011-11-27,330007.0,"Rodelillo, Ad.",-33.06528,-71.55639,978.3846153846154
2011-11-27,330019.0,"Eulogio Sánchez, Tobalaba Ad.",-33.45528,-70.54861,941.5692307692308
2011-11-27,330020.0,"Quinta Normal, Santiago",-33.445,-70.68278,954.9875
2011-11-27,330021.0,Pudahuel Santiago ,-33.37833,-70.78778,960.2375000000001
2011-11-27,330030.0,"Santo Domingo, Ad.",-33.65611,-71.61333,1010.3928571428571
2011-11-27,330031.0,"Juan Fernández, Estación Meteorológica.",-33.63583,-78.83305,1015.1
2011-11-27,340031.0,"General Freire, Curicó Ad.",-34.96944,-71.21694,989.3384615384615
2011-11-27,360011.0,"General Bernardo O'Higgins, Chillán Ad.",-36.58583,-72.03667,1000.72
2011-11-27,360019.0,"Carriel Sur, Concepción Ap.",-36.78055,-73.06639,1016.0875
2011-11-27,370033.0,"María Dolores, Los Angeles Ad.",-37.39694,-72.42389,1003.7090909090908
2011-11-27,380013.0,"Maquehue, Temuco Ad.",-38.76778,-72.63194,1005.4
2011-11-27,390006.0,"Pichoy, Valdivia Ad.",-39.65667,-73.08722,1013.4200000000001
2011-11-27,400009.0,"Cañal Bajo,  Osorno Ad.",-40.61444,-73.0575,1008.0454545454545
2011-11-27,410005.0,El Tepual  Puerto Montt Ap.,-41.4475,-73.09583,1002.8874999999999
2011-11-27,450004.0,"Teniente Vidal, Coyhaique Ad.",-45.59083,-72.10222,969.4923076923077
2011-11-27,450005.0,Balmaceda Ad.,-45.91833,-71.67778,943.0181818181819
2011-11-27,510005.0,"Teniente Gallardo, Puerto Natales Ad.",-51.66722,-72.52889,989.5
2011-11-27,520006.0,"Carlos Ibañez, Punta Arenas Ap.",-53.00167,-70.83861,987.4458333333333
2011-11-27,550001.0,"Guardiamarina Zañartu, Pto Williams Ad.",-54.93167,-67.61556,990.9
2011-11-27,950001.0,"C.M.A. Eduardo Frei Montalva, Antártica ",-62.19194,-58.97972,985.2
2011-11-28,180005.0,"Chacalluta, Arica Ap.",-18.35555,-70.34028,1009.3833333333333
2011-11-28,200006.0,Diego Aracena Iquique Ap.,-20.54917,-70.18111,1008.6750000000001
2011-11-28,220002.0,"El Loa, Calama Ad.",-22.49806,-68.8925,775.5235294117647
2011-11-28,270001.0,Mataveri  Isla de Pascua Ap.,-27.15889,-109.4325,1011.1916666666666
2011-11-28,270008.0,"Desierto de Atacama, Caldera  Ad.",-27.25444,-70.78111,993.5642857142857
2011-11-28,290004.0,"La Florida, La Serena Ad.",-29.91444,-71.20667,999.0666666666666
2011-11-28,330007.0,"Rodelillo, Ad.",-33.06528,-71.55639,975.6428571428571
2011-11-28,330019.0,"Eulogio Sánchez, Tobalaba Ad.",-33.45528,-70.54861,940.3833333333333
2011-11-28,330020.0,"Quinta Normal, Santiago",-33.445,-70.68278,955.4375
2011-11-28,330021.0,Pudahuel Santiago ,-33.37833,-70.78778,960.4166666666666
2011-11-28,330030.0,"Santo Domingo, Ad.",-33.65611,-71.61333,1007.6642857142857
2011-11-28,330031.0,"Juan Fernández, Estación Meteorológica.",-33.63583,-78.83305,1017.45
2011-11-28,340031.0,"General Freire, Curicó Ad.",-34.96944,-71.21694,988.3923076923077
2011-11-28,360011.0,"General Bernardo O'Higgins, Chillán Ad.",-36.58583,-72.03667,999.46
2011-11-28,360019.0,"Carriel Sur, Concepción Ap.",-36.78055,-73.06639,1018.4875000000001
2011-11-28,370033.0,"María Dolores, Los Angeles Ad.",-37.39694,-72.42389,1004.82
2011-11-28,380013.0,"Maquehue, Temuco Ad.",-38.76778,-72.63194,1009.1375
2011-11-28,390006.0,"Pichoy, Valdivia Ad.",-39.65667,-73.08722,1017.725
2011-11-28,400009.0,"Cañal Bajo,  Osorno Ad.",-40.61444,-73.0575,1013.89
2011-11-28,410005.0,El Tepual  Puerto Montt Ap.,-41.4475,-73.09583,1009.9916666666667
2011-11-28,430001.0,Quellón Ad.,-43.13361,-73.63278,1018.6
2011-11-28,450001.0,Puerto Aysén Ad.,-45.39944,-72.67722,1017.2333333333332
2011-11-28,450004.0,"Teniente Vidal, Coyhaique Ad.",-45.59083,-72.10222,979.1615384615385
2011-11-28,450005.0,Balmaceda Ad.,-45.91833,-71.67778,951.9272727272728
2011-11-28,510005.0,"Teniente Gallardo, Puerto Natales Ad.",-51.66722,-72.52889,999.925
2011-11-28,520006.0,"Carlos Ibañez, Punta Arenas Ap.",-53.00167,-70.83861,997.1
2011-11-28,530005.0,"Fuentes Martínez, Porvenir Ad.",-53.25361,-70.32611,999.7
2011-11-28,550001.0,"Guardiamarina Zañartu, Pto Williams Ad.",-54.93167,-67.61556,996.8909090909091
2011-11-28,950001.0,"C.M.A. Eduardo Frei Montalva, Antártica ",-62.19194,-58.97972,984.675
2011-11-29,180005.0,"Chacalluta, Arica Ap.",-18.35555,-70.34028,1009.4708333333333
2011-11-29,200006.0,Diego Aracena Iquique Ap.,-20.54917,-70.18111,1008.725
2011-11-29,220002.0,"El Loa, Calama Ad.",-22.49806,-68.8925,775.664705882353
2011-11-29,270001.0,Mataveri  Isla de Pascua Ap.,-27.15889,-109.4325,1009.5083333333333
2011-11-29,270008.0,"Desierto de Atacama, Caldera  Ad.",-27.25444,-70.78111,992.6153846153846
2011-11-29,290004.0,"La Florida, La Serena Ad.",-29.91444,-71.20667,997.8375
2011-11-29,330007.0,"Rodelillo, Ad.",-33.06528,-71.55639,973.7692307692307
2011-11-29,330019.0,"Eulogio Sánchez, Tobalaba Ad.",-33.45528,-70.54861,939.2692307692307
2011-11-29,330020.0,"Quinta Normal, Santiago",-33.445,-70.68278,953.5875
2011-11-29,330021.0,Pudahuel Santiago ,-33.37833,-70.78778,958.6291666666666
2011-11-29,330030.0,"Santo Domingo, Ad.",-33.65611,-71.61333,1005.6428571428571
2011-11-29,330031.0,"Juan Fernández, Estación Meteorológica.",-33.63583,-78.83305,1019.3
2011-11-29,340031.0,"General Freire, Curicó Ad.",-34.96944,-71.21694,987.2461538461539
2011-11-29,360011.0,"General Bernardo O'Higgins, Chillán Ad.",-36.58583,-72.03667,999.01
2011-11-29,360019.0,"Carriel Sur, Concepción Ap.",-36.78055,-73.06639,1017.4958333333334
2011-11-29,370033.0,"María Dolores, Los Angeles Ad.",-37.39694,-72.42389,1004.78
2011-11-29,380013.0,"Maquehue, Temuco Ad.",-38.76778,-72.63194,1010.5875
2011-11-29,390006.0,"Pichoy, Valdivia Ad.",-39.65667,-73.08722,1020.8
2011-11-29,400009.0,"Cañal Bajo,  Osorno Ad.",-40.61444,-73.0575,1017.5666666666666
2011-11-29,410005.0,El Tepual  Puerto Montt Ap.,-41.4475,-73.09583,1014.2333333333332
2011-11-29,430001.0,Quellón Ad.,-43.13361,-73.63278,1025.3999999999999
2011-11-29,450001.0,Puerto Aysén Ad.,-45.39944,-72.67722,1024.8
2011-11-29,450004.0,"Teniente Vidal, Coyhaique Ad.",-45.59083,-72.10222,986.1692307692308
2011-11-29,450005.0,Balmaceda Ad.,-45.91833,-71.67778,959.2909090909092
2011-11-29,510005.0,"Teniente Gallardo, Puerto Natales Ad.",-51.66722,-72.52889,1009.0666666666666
2011-11-29,520006.0,"Carlos Ibañez, Punta Arenas Ap.",-53.00167,-70.83861,1006.6999999999999
2011-11-29,530005.0,"Fuentes Martínez, Porvenir Ad.",-53.25361,-70.32611,1007.925
2011-11-29,550001.0,"Guardiamarina Zañartu, Pto Williams Ad.",-54.93167,-67.61556,1003.55
2011-11-29,950001.0,"C.M.A. Eduardo Frei Montalva, Antártica ",-62.19194,-58.97972,985.1375
2011-11-30,180005.0,"Chacalluta, Arica Ap.",-18.35555,-70.34028,1009.1083333333332
2011-11-30,200006.0,Diego Aracena Iquique Ap.,-20.54917,-70.18111,1008.4250000000001
2011-11-30,220002.0,"El Loa, Calama Ad.",-22.49806,-68.8925,775.3764705882353
2011-11-30,270001.0,Mataveri  Isla de Pascua Ap.,-27.15889,-109.4325,1011.3208333333333
2011-11-30,270008.0,"Desierto de Atacama, Caldera  Ad.",-27.25444,-70.78111,992.4857142857143
2011-11-30,290004.0,"La Florida, La Serena Ad.",-29.91444,-71.20667,997.9125
2011-11-30,330007.0,"Rodelillo, Ad.",-33.06528,-71.55639,974.2307692307693
2011-11-30,330019.0,"Eulogio Sánchez, Tobalaba Ad.",-33.45528,-70.54861,941.7153846153846
2011-11-30,330020.0,"Quinta Normal, Santiago",-33.445,-70.68278,951.6625
2011-11-30,330021.0,Pudahuel Santiago ,-33.37833,-70.78778,956.6
2011-11-30,330030.0,"Santo Domingo, Ad.",-33.65611,-71.61333,1005.1071428571429
2011-11-30,330031.0,"Juan Fernández, Estación Meteorológica.",-33.63583,-78.83305,1016.325
2011-11-30,340031.0,"General Freire, Curicó Ad.",-34.96944,-71.21694,983.9923076923077
2011-11-30,360011.0,"General Bernardo O'Higgins, Chillán Ad.",-36.58583,-72.03667,994.22
2011-11-30,360019.0,"Carriel Sur, Concepción Ap.",-36.78055,-73.06639,1013.0833333333334
2011-11-30,370033.0,"María Dolores, Los Angeles Ad.",-37.39694,-72.42389,998.8399999999999
2011-11-30,380013.0,"Maquehue, Temuco Ad.",-38.76778,-72.63194,1006.225
2011-11-30,390006.0,"Pichoy, Valdivia Ad.",-39.65667,-73.08722,1013.9749999999999
2011-11-30,400009.0,"Cañal Bajo,  Osorno Ad.",-40.61444,-73.0575,1011.8545454545455
2011-11-30,410005.0,El Tepual  Puerto Montt Ap.,-41.4475,-73.09583,1012.1
2011-11-30,430001.0,Quellón Ad.,-43.13361,-73.63278,1021.1
2011-11-30,450001.0,Puerto Aysén Ad.,-45.39944,-72.67722,1021.8666666666667
2011-11-30,450004.0,"Teniente Vidal, Coyhaique Ad.",-45.59083,-72.10222,982.8846153846154
2011-11-30,450005.0,Balmaceda Ad.,-45.91833,-71.67778,956.7090909090908
2011-11-30,510005.0,"Teniente Gallardo, Puerto Natales Ad.",-51.66722,-72.52889,1007.3
2011-11-30,520006.0,"Carlos Ibañez, Punta Arenas Ap.",-53.00167,-70.83861,1004.2416666666667
2011-11-30,530005.0,"Fuentes Martínez, Porvenir Ad.",-53.25361,-70.32611,1006.3
2011-11-30,550001.0,"Guardiamarina Zañartu, Pto Williams Ad.",-54.93167,-67.61556,1004.9777777777776
2011-11-30,950001.0,"C.M.A. Eduardo Frei Montalva, Antártica ",-62.19194,-58.97972,965.7125
2011-12-01,180005.0,"Chacalluta, Arica Ap.",-18.35555,-70.34028,1008.9208333333332
2011-12-01,200006.0,Diego Aracena Iquique Ap.,-20.54917,-70.18111,1008.1041666666666
2011-12-01,220002.0,"El Loa, Calama Ad.",-22.49806,-68.8925,775.8111111111111
2011-12-01,270001.0,Mataveri  Isla de Pascua Ap.,-27.15889,-109.4325,1012.8249999999999
2011-12-01,270008.0,"Desierto de Atacama, Caldera  Ad.",-27.25444,-70.78111,993.2923076923076
2011-12-01,290004.0,"La Florida, La Serena Ad.",-29.91444,-71.20667,998.1875
2011-12-01,330007.0,"Rodelillo, Ad.",-33.06528,-71.55639,975.6923076923077
2011-12-01,330019.0,"Eulogio Sánchez, Tobalaba Ad.",-33.45528,-70.54861,938.5307692307692
2011-12-01,330020.0,"Quinta Normal, Santiago",-33.445,-70.68278,952.2125
2011-12-01,330021.0,Pudahuel Santiago ,-33.37833,-70.78778,957.1833333333334
2011-12-01,330030.0,"Santo Domingo, Ad.",-33.65611,-71.61333,1006.6857142857143
2011-12-01,330031.0,"Juan Fernández, Estación Meteorológica.",-33.63583,-78.83305,1011.925
2011-12-01,340031.0,"General Freire, Curicó Ad.",-34.96944,-71.21694,985.1076923076923
2011-12-01,360011.0,"General Bernardo O'Higgins, Chillán Ad.",-36.58583,-72.03667,994.64
2011-12-01,360019.0,"Carriel Sur, Concepción Ap.",-36.78055,-73.06639,1011.7416666666667
2011-12-01,370033.0,"María Dolores, Los Angeles Ad.",-37.39694,-72.42389,997.03
2011-12-01,380013.0,"Maquehue, Temuco Ad.",-38.76778,-72.63194,999.9625
2011-12-01,390006.0,"Pichoy, Valdivia Ad.",-39.65667,-73.08722,1007.95
2011-12-01,400009.0,"Cañal Bajo,  Osorno Ad.",-40.61444,-73.0575,1002.5545454545455
2011-12-01,410005.0,El Tepual  Puerto Montt Ap.,-41.4475,-73.09583,1001.3583333333332
2011-12-01,430001.0,Quellón Ad.,-43.13361,-73.63278,1008.8333333333334
2011-12-01,450001.0,Puerto Aysén Ad.,-45.39944,-72.67722,1010.3000000000001
2011-12-01,450004.0,"Teniente Vidal, Coyhaique Ad.",-45.59083,-72.10222,973.6153846153846
2011-12-01,450005.0,Balmaceda Ad.,-45.91833,-71.67778,950.2363636363636
2011-12-01,510005.0,"Teniente Gallardo, Puerto Natales Ad.",-51.66722,-72.52889,1003.7666666666668
2011-12-01,520006.0,"Carlos Ibañez, Punta Arenas Ap.",-53.00167,-70.83861,1004.1875
2011-12-01,530005.0,"Fuentes Martínez, Porvenir Ad.",-53.25361,-70.32611,1004.4615384615385
2011-12-01,550001.0,"Guardiamarina Zañartu, Pto Williams Ad.",-54.93167,-67.61556,1001.8181818181819
2011-12-01,950001.0,"C.M.A. Eduardo Frei Montalva, Antártica ",-62.19194,-58.97972,973.9625
2011-12-02,180005.0,"Chacalluta, Arica Ap.",-18.35555,-70.34028,1011.6125000000001
2011-12-02,200006.0,Diego Aracena Iquique Ap.,-20.54917,-70.18111,1011.1
2011-12-02,220002.0,"El Loa, Calama Ad.",-22.49806,-68.8925,777.464705882353
2011-12-02,270001.0,Mataveri  Isla de Pascua Ap.,-27.15889,-109.4325,1015.7875
2011-12-02,270008.0,"Desierto de Atacama, Caldera  Ad.",-27.25444,-70.78111,996.0214285714285
2011-12-02,290004.0,"La Florida, La Serena Ad.",-29.91444,-71.20667,1001.4916666666667
2011-12-02,330007.0,"Rodelillo, Ad.",-33.06528,-71.55639,979.1538461538462
2011-12-02,330019.0,"Eulogio Sánchez, Tobalaba Ad.",-33.45528,-70.54861,942.0999999999999
2011-12-02,330020.0,"Quinta Normal, Santiago",-33.445,-70.68278,955.725
2011-12-02,330021.0,Pudahuel Santiago ,-33.37833,-70.78778,960.8583333333332
2011-12-02,330030.0,"Santo Domingo, Ad.",-33.65611,-71.61333,1010.6642857142857
2011-12-02,330031.0,"Juan Fernández, Estación Meteorológica.",-33.63583,-78.83305,1013.35
2011-12-02,340031.0,"General Freire, Curicó Ad.",-34.96944,-71.21694,989.5615384615384
2011-12-02,360011.0,"General Bernardo O'Higgins, Chillán Ad.",-36.58583,-72.03667,997.14
2011-12-02,360019.0,"Carriel Sur, Concepción Ap.",-36.78055,-73.06639,1016.3333333333334
2011-12-02,370033.0,"María Dolores, Los Angeles Ad.",-37.39694,-72.42389,1003.32
2011-12-02,380013.0,"Maquehue, Temuco Ad.",-38.76778,-72.63194,1004.2125
2011-12-02,390006.0,"Pichoy, Valdivia Ad.",-39.65667,-73.08722,1013.925
2011-12-02,400009.0,"Cañal Bajo,  Osorno Ad.",-40.61444,-73.0575,1008.4636363636364
2011-12-02,410005.0,El Tepual  Puerto Montt Ap.,-41.4475,-73.09583,1002.9583333333334
2011-12-02,430001.0,Quellón Ad.,-43.13361,-73.63278,1011.5333333333333
2011-12-02,450001.0,Puerto Aysén Ad.,-45.39944,-72.67722,1009.3666666666667
2011-12-02,450004.0,"Teniente Vidal, Coyhaique Ad.",-45.59083,-72.10222,972.2615384615384
2011-12-02,450005.0,Balmaceda Ad.,-45.91833,-71.67778,946.4818181818181
2011-12-02,510005.0,"Teniente Gallardo, Puerto Natales Ad.",-51.66722,-72.52889,998.0
2011-12-02,520006.0,"Carlos Ibañez, Punta Arenas Ap.",-53.00167,-70.83861,1003.4708333333333
2011-12-02,530005.0,"Fuentes Martínez, Porvenir Ad.",-53.25361,-70.32611,1004.0818181818181
2011-12-02,550001.0,"Guardiamarina Zañartu, Pto Williams Ad.",-54.93167,-67.61556,1005.0625
2011-12-02,950001.0,"C.M.A. Eduardo Frei Montalva, Antártica ",-62.19194,-58.97972,982.5875
2011-12-03,180005.0,"Chacalluta, Arica Ap.",-18.35555,-70.34028,1009.9958333333334
2011-12-03,200006.0,Diego Aracena Iquique Ap.,-20.54917,-70.18111,1009.1583333333333
2011-12-03,220002.0,"El Loa, Calama Ad.",-22.49806,-68.8925,776.1555555555556
2011-12-03,270001.0,Mataveri  Isla de Pascua Ap.,-27.15889,-109.4325,1016.7458333333334
2011-12-03,270008.0,"Desierto de Atacama, Caldera  Ad.",-27.25444,-70.78111,994.7785714285714
2011-12-03,290004.0,"La Florida, La Serena Ad.",-29.91444,-71.20667,1000.5625
2011-12-03,330007.0,"Rodelillo, Ad.",-33.06528,-71.55639,977.1538461538462
2011-12-03,330019.0,"Eulogio Sánchez, Tobalaba Ad.",-33.45528,-70.54861,941.1923076923077
2011-12-03,330020.0,"Quinta Normal, Santiago",-33.445,-70.68278,956.075
2011-12-03,330021.0,Pudahuel Santiago ,-33.37833,-70.78778,961.0916666666667
2011-12-03,330030.0,"Santo Domingo, Ad.",-33.65611,-71.61333,1009.3642857142858
2011-12-03,330031.0,"Juan Fernández, Estación Meteorológica.",-33.63583,-78.83305,1014.15
2011-12-03,340031.0,"General Freire, Curicó Ad.",-34.96944,-71.21694,988.9230769230769
2011-12-03,360011.0,"General Bernardo O'Higgins, Chillán Ad.",-36.58583,-72.03667,1000.3
2011-12-03,360019.0,"Carriel Sur, Concepción Ap.",-36.78055,-73.06639,1016.5208333333334
2011-12-03,370033.0,"María Dolores, Los Angeles Ad.",-37.39694,-72.42389,1003.5600000000001
2011-12-03,380013.0,"Maquehue, Temuco Ad.",-38.76778,-72.63194,1004.475
2011-12-03,390006.0,"Pichoy, Valdivia Ad.",-39.65667,-73.08722,1012.4
2011-12-03,400009.0,"Cañal Bajo,  Osorno Ad.",-40.61444,-73.0575,1006.5
2011-12-03,410005.0,El Tepual  Puerto Montt Ap.,-41.4475,-73.09583,1002.2624999999999
2011-12-03,450004.0,"Teniente Vidal, Coyhaique Ad.",-45.59083,-72.10222,973.0
2011-12-03,450005.0,Balmaceda Ad.,-45.91833,-71.67778,948.0500000000001
2011-12-03,510005.0,"Teniente Gallardo, Puerto Natales Ad.",-51.66722,-72.52889,996.95
2011-12-03,520006.0,"Carlos Ibañez, Punta Arenas Ap.",-53.00167,-70.83861,1000.4375
2011-12-03,530005.0,"Fuentes Martínez, Porvenir Ad.",-53.25361,-70.32611,1001.825
2011-12-03,550001.0,"Guardiamarina Zañartu, Pto Williams Ad.",-54.93167,-67.61556,1003.14
2011-12-03,950001.0,"C.M.A. Eduardo Frei Montalva, Antártica ",-62.19194,-58.97972,996.9125
2011-12-04,180005.0,"Chacalluta, Arica Ap.",-18.35555,-70.34028,1009.1625
2011-12-04,200006.0,Diego Aracena Iquique Ap.,-20.54917,-70.18111,1008.5375
2011-12-04,220002.0,"El Loa, Calama Ad.",-22.49806,-68.8925,774.5384615384615
2011-12-04,270001.0,Mataveri  Isla de Pascua Ap.,-27.15889,-109.4325,1016.3333333333334
2011-12-04,270008.0,"Desierto de Atacama, Caldera  Ad.",-27.25444,-70.78111,992.9583333333334
2011-12-04,290004.0,"La Florida, La Serena Ad.",-29.91444,-71.20667,998.5875
2011-12-04,330007.0,"Rodelillo, Ad.",-33.06528,-71.55639,975.0769230769231
2011-12-04,330019.0,"Eulogio Sánchez, Tobalaba Ad.",-33.45528,-70.54861,939.1384615384615
2011-12-04,330020.0,"Quinta Normal, Santiago",-33.445,-70.68278,954.1375
2011-12-04,330021.0,Pudahuel Santiago ,-33.37833,-70.78778,959.0791666666668
2011-12-04,330030.0,"Santo Domingo, Ad.",-33.65611,-71.61333,1006.9142857142857
2011-12-04,330031.0,"Juan Fernández, Estación Meteorológica.",-33.63583,-78.83305,1016.85
2011-12-04,340031.0,"General Freire, Curicó Ad.",-34.96944,-71.21694,986.8384615384615
2011-12-04,360011.0,"General Bernardo O'Higgins, Chillán Ad.",-36.58583,-72.03667,998.64
2011-12-04,360019.0,"Carriel Sur, Concepción Ap.",-36.78055,-73.06639,1016.2708333333334
2011-12-04,370033.0,"María Dolores, Los Angeles Ad.",-37.39694,-72.42389,1002.53
2011-12-04,380013.0,"Maquehue, Temuco Ad.",-38.76778,-72.63194,1007.025
2011-12-04,390006.0,"Pichoy, Valdivia Ad.",-39.65667,-73.08722,1015.525
2011-12-04,400009.0,"Cañal Bajo,  Osorno Ad.",-40.61444,-73.0575,1011.3909090909091
2011-12-04,410005.0,El Tepual  Puerto Montt Ap.,-41.4475,-73.09583,1007.6791666666667
2011-12-04,450004.0,"Teniente Vidal, Coyhaique Ad.",-45.59083,-72.10222,978.2384615384616
2011-12-04,450005.0,Balmaceda Ad.,-45.91833,-71.67778,951.6727272727272
2011-12-04,510005.0,"Teniente Gallardo, Puerto Natales Ad.",-51.66722,-72.52889,997.9
2011-12-04,520006.0,"Carlos Ibañez, Punta Arenas Ap.",-53.00167,-70.83861,999.9541666666668
2011-12-04,550001.0,"Guardiamarina Zañartu, Pto Williams Ad.",-54.93167,-67.61556,1001.15
2011-12-04,950001.0,"C.M.A. Eduardo Frei Montalva, Antártica ",-62.19194,-58.97972,997.275
2011-12-05,180005.0,"Chacalluta, Arica Ap.",-18.35555,-70.34028,1008.5833333333334
2011-12-05,200006.0,Diego Aracena Iquique Ap.,-20.54917,-70.18111,1007.9541666666668
2011-12-05,220002.0,"El Loa, Calama Ad.",-22.49806,-68.8925,773.6999999999999
2011-12-05,270001.0,Mataveri  Isla de Pascua Ap.,-27.15889,-109.4325,1014.6666666666666
2011-12-05,270008.0,"Desierto de Atacama, Caldera  Ad.",-27.25444,-70.78111,993.0333333333333
2011-12-05,290004.0,"La Florida, La Serena Ad.",-29.91444,-71.20667,997.9625
2011-12-05,330007.0,"Rodelillo, Ad.",-33.06528,-71.55639,974.0
2011-12-05,330019.0,"Eulogio Sánchez, Tobalaba Ad.",-33.45528,-70.54861,938.2461538461538
2011-12-05,330020.0,"Quinta Normal, Santiago",-33.445,-70.68278,952.575
2011-12-05,330021.0,Pudahuel Santiago ,-33.37833,-70.78778,957.5583333333334
2011-12-05,330030.0,"Santo Domingo, Ad.",-33.65611,-71.61333,1006.0428571428572
2011-12-05,330031.0,"Juan Fernández, Estación Meteorológica.",-33.63583,-78.83305,1017.275
2011-12-05,340031.0,"General Freire, Curicó Ad.",-34.96944,-71.21694,985.023076923077
2011-12-05,360011.0,"General Bernardo O'Higgins, Chillán Ad.",-36.58583,-72.03667,995.72
2011-12-05,360019.0,"Carriel Sur, Concepción Ap.",-36.78055,-73.06639,1013.8249999999999
2011-12-05,370033.0,"María Dolores, Los Angeles Ad.",-37.39694,-72.42389,1000.61
2011-12-05,380013.0,"Maquehue, Temuco Ad.",-38.76778,-72.63194,1006.35
2011-12-05,390006.0,"Pichoy, Valdivia Ad.",-39.65667,-73.08722,1015.6200000000001
2011-12-05,400009.0,"Cañal Bajo,  Osorno Ad.",-40.61444,-73.0575,1012.3454545454545
2011-12-05,410005.0,El Tepual  Puerto Montt Ap.,-41.4475,-73.09583,1009.4791666666666
2011-12-05,430001.0,Quellón Ad.,-43.13361,-73.63278,1019.4
2011-12-05,450001.0,Puerto Aysén Ad.,-45.39944,-72.67722,1018.0666666666666
2011-12-05,450004.0,"Teniente Vidal, Coyhaique Ad.",-45.59083,-72.10222,980.5153846153846
2011-12-05,450005.0,Balmaceda Ad.,-45.91833,-71.67778,954.3181818181819
2011-12-05,510005.0,"Teniente Gallardo, Puerto Natales Ad.",-51.66722,-72.52889,1003.0200000000001
2011-12-05,520006.0,"Carlos Ibañez, Punta Arenas Ap.",-53.00167,-70.83861,1001.6125000000001
2011-12-05,530005.0,"Fuentes Martínez, Porvenir Ad.",-53.25361,-70.32611,1004.7272727272727
2011-12-05,550001.0,"Guardiamarina Zañartu, Pto Williams Ad.",-54.93167,-67.61556,1003.85
2011-12-05,950001.0,"C.M.A. Eduardo Frei Montalva, Antártica ",-62.19194,-58.97972,991.8375
2011-12-06,180005.0,"Chacalluta, Arica Ap.",-18.35555,-70.34028,1008.9833333333332
2011-12-06,200006.0,Diego Aracena Iquique Ap.,-20.54917,-70.18111,1008.4291666666667
2011-12-06,220002.0,"El Loa, Calama Ad.",-22.49806,-68.8925,774.5705882352942
2011-12-06,270001.0,Mataveri  Isla de Pascua Ap.,-27.15889,-109.4325,1015.225
2011-12-06,270008.0,"Desierto de Atacama, Caldera  Ad.",-27.25444,-70.78111,995.5461538461539
2011-12-06,290004.0,"La Florida, La Serena Ad.",-29.91444,-71.20667,998.8874999999999
2011-12-06,330007.0,"Rodelillo, Ad.",-33.06528,-71.55639,976.0
2011-12-06,330019.0,"Eulogio Sánchez, Tobalaba Ad.",-33.45528,-70.54861,938.7384615384616
2011-12-06,330020.0,"Quinta Normal, Santiago",-33.445,-70.68278,952.4625
2011-12-06,330021.0,Pudahuel Santiago ,-33.37833,-70.78778,957.5458333333332
2011-12-06,330030.0,"Santo Domingo, Ad.",-33.65611,-71.61333,1006.842857142857
2011-12-06,330031.0,"Juan Fernández, Estación Meteorológica.",-33.63583,-78.83305,1016.35
2011-12-06,340031.0,"General Freire, Curicó Ad.",-34.96944,-71.21694,985.0
2011-12-06,360011.0,"General Bernardo O'Higgins, Chillán Ad.",-36.58583,-72.03667,994.4
2011-12-06,360019.0,"Carriel Sur, Concepción Ap.",-36.78055,-73.06639,1012.4291666666667
2011-12-06,370033.0,"María Dolores, Los Angeles Ad.",-37.39694,-72.42389,998.2
2011-12-06,380013.0,"Maquehue, Temuco Ad.",-38.76778,-72.63194,1003.975
2011-12-06,390006.0,"Pichoy, Valdivia Ad.",-39.65667,-73.08722,1012.325
2011-12-06,400009.0,"Cañal Bajo,  Osorno Ad.",-40.61444,-73.0575,1009.5181818181819
2011-12-06,410005.0,El Tepual  Puerto Montt Ap.,-41.4475,-73.09583,1007.6999999999999
2011-12-06,430001.0,Quellón Ad.,-43.13361,-73.63278,1016.8666666666667
2011-12-06,450001.0,Puerto Aysén Ad.,-45.39944,-72.67722,1015.1
2011-12-06,450004.0,"Teniente Vidal, Coyhaique Ad.",-45.59083,-72.10222,977.0461538461539
2011-12-06,450005.0,Balmaceda Ad.,-45.91833,-71.67778,951.0727272727272
2011-12-06,510005.0,"Teniente Gallardo, Puerto Natales Ad.",-51.66722,-72.52889,989.5727272727272
2011-12-06,520006.0,"Carlos Ibañez, Punta Arenas Ap.",-53.00167,-70.83861,995.3166666666666
2011-12-06,530005.0,"Fuentes Martínez, Porvenir Ad.",-53.25361,-70.32611,991.0545454545455
2011-12-06,550001.0,"Guardiamarina Zañartu, Pto Williams Ad.",-54.93167,-67.61556,989.5999999999999
2011-12-06,950001.0,"C.M.A. Eduardo Frei Montalva, Antártica ",-62.19194,-58.97972,987.1750000000001
2011-12-07,180005.0,"Chacalluta, Arica Ap.",-18.35555,-70.34028,1009.9916666666667
2011-12-07,200006.0,Diego Aracena Iquique Ap.,-20.54917,-70.18111,1009.3791666666666
2011-12-07,220002.0,"El Loa, Calama Ad.",-22.49806,-68.8925,775.8352941176471
2011-12-07,270001.0,Mataveri  Isla de Pascua Ap.,-27.15889,-109.4325,1016.375
2011-12-07,270008.0,"Desierto de Atacama, Caldera  Ad.",-27.25444,-70.78111,995.775
2011-12-07,290004.0,"La Florida, La Serena Ad.",-29.91444,-71.20667,1000.1416666666668
2011-12-07,330007.0,"Rodelillo, Ad.",-33.06528,-71.55639,977.4615384615385
2011-12-07,330019.0,"Eulogio Sánchez, Tobalaba Ad.",-33.45528,-70.54861,941.15
2011-12-07,330020.0,"Quinta Normal, Santiago",-33.445,-70.68278,955.0625
2011-12-07,330021.0,Pudahuel Santiago ,-33.37833,-70.78778,960.225
2011-12-07,330030.0,"Santo Domingo, Ad.",-33.65611,-71.61333,1009.2071428571428
2011-12-07,330031.0,"Juan Fernández, Estación Meteorológica.",-33.63583,-78.83305,1018.025
2011-12-07,340031.0,"General Freire, Curicó Ad.",-34.96944,-71.21694,988.0230769230768
2011-12-07,360011.0,"General Bernardo O'Higgins, Chillán Ad.",-36.58583,-72.03667,997.36
2011-12-07,360019.0,"Carriel Sur, Concepción Ap.",-36.78055,-73.06639,1015.2125
2011-12-07,370033.0,"María Dolores, Los Angeles Ad.",-37.39694,-72.42389,1001.6700000000001
2011-12-07,380013.0,"Maquehue, Temuco Ad.",-38.76778,-72.63194,1006.4125
2011-12-07,390006.0,"Pichoy, Valdivia Ad.",-39.65667,-73.08722,1015.65
2011-12-07,400009.0,"Cañal Bajo,  Osorno Ad.",-40.61444,-73.0575,1012.8181818181819
2011-12-07,410005.0,El Tepual  Puerto Montt Ap.,-41.4475,-73.09583,1009.5833333333334
2011-12-07,430001.0,Quellón Ad.,-43.13361,-73.63278,1020.5
2011-12-07,450001.0,Puerto Aysén Ad.,-45.39944,-72.67722,1021.7666666666668
2011-12-07,450004.0,"Teniente Vidal, Coyhaique Ad.",-45.59083,-72.10222,982.5615384615384
2011-12-07,450005.0,Balmaceda Ad.,-45.91833,-71.67778,958.0090909090909
2011-12-07,510005.0,"Teniente Gallardo, Puerto Natales Ad.",-51.66722,-72.52889,1007.68
2011-12-07,520006.0,"Carlos Ibañez, Punta Arenas Ap.",-53.00167,-70.83861,1003.1208333333334
2011-12-07,530005.0,"Fuentes Martínez, Porvenir Ad.",-53.25361,-70.32611,1007.2727272727273
2011-12-07,550001.0,"Guardiamarina Zañartu, Pto Williams Ad.",-54.93167,-67.61556,1001.7
2011-12-07,950001.0,"C.M.A. Eduardo Frei Montalva, Antártica ",-62.19194,-58.97972,966.1375
2011-12-08,180005.0,"Chacalluta, Arica Ap.",-18.35555,-70.34028,1009.5041666666666
2011-12-08,200006.0,Diego Aracena Iquique Ap.,-20.54917,-70.18111,1008.6833333333334
2011-12-08,220002.0,"El Loa, Calama Ad.",-22.49806,-68.8925,775.7294117647059
2011-12-08,270001.0,Mataveri  Isla de Pascua Ap.,-27.15889,-109.4325,1017.1875
2011-12-08,270008.0,"Desierto de Atacama, Caldera  Ad.",-27.25444,-70.78111,995.2875
2011-12-08,290004.0,"La Florida, La Serena Ad.",-29.91444,-71.20667,999.3249999999999
2011-12-08,330007.0,"Rodelillo, Ad.",-33.06528,-71.55639,975.6923076923077
2011-12-08,330019.0,"Eulogio Sánchez, Tobalaba Ad.",-33.45528,-70.54861,939.1384615384615
2011-12-08,330020.0,"Quinta Normal, Santiago",-33.445,-70.68278,953.875
2011-12-08,330021.0,Pudahuel Santiago ,-33.37833,-70.78778,958.8458333333333
2011-12-08,330030.0,"Santo Domingo, Ad.",-33.65611,-71.61333,1007.3857142857142
2011-12-08,330031.0,"Juan Fernández, Estación Meteorológica.",-33.63583,-78.83305,1017.5250000000001
2011-12-08,340031.0,"General Freire, Curicó Ad.",-34.96944,-71.21694,985.7384615384616
2011-12-08,360011.0,"General Bernardo O'Higgins, Chillán Ad.",-36.58583,-72.03667,996.36
2011-12-08,360019.0,"Carriel Sur, Concepción Ap.",-36.78055,-73.06639,1014.7833333333333
2011-12-08,370033.0,"María Dolores, Los Angeles Ad.",-37.39694,-72.42389,1000.36
2011-12-08,380013.0,"Maquehue, Temuco Ad.",-38.76778,-72.63194,1006.2375
2011-12-08,390006.0,"Pichoy, Valdivia Ad.",-39.65667,-73.08722,1013.275
2011-12-08,400009.0,"Cañal Bajo,  Osorno Ad.",-40.61444,-73.0575,1009.8818181818183
2011-12-08,410005.0,El Tepual  Puerto Montt Ap.,-41.4475,-73.09583,1008.0749999999999
2011-12-08,450004.0,"Teniente Vidal, Coyhaique Ad.",-45.59083,-72.10222,978.2461538461539
2011-12-08,450005.0,Balmaceda Ad.,-45.91833,-71.67778,953.9636363636364
2011-12-08,510005.0,"Teniente Gallardo, Puerto Natales Ad.",-51.66722,-72.52889,
2011-12-08,520006.0,"Carlos Ibañez, Punta Arenas Ap.",-53.00167,-70.83861,1007.6458333333334
2011-12-08,550001.0,"Guardiamarina Zañartu, Pto Williams Ad.",-54.93167,-67.61556,1005.3
2011-12-08,950001.0,"C.M.A. Eduardo Frei Montalva, Antártica ",-62.19194,-58.97972,979.6
2011-12-09,180005.0,"Chacalluta, Arica Ap.",-18.35555,-70.34028,1008.7791666666667
2011-12-09,200006.0,Diego Aracena Iquique Ap.,-20.54917,-70.18111,1008.0375
2011-12-09,220002.0,"El Loa, Calama Ad.",-22.49806,-68.8925,774.9058823529411
2011-12-09,270001.0,Mataveri  Isla de Pascua Ap.,-27.15889,-109.4325,1018.1
2011-12-09,270008.0,"Desierto de Atacama, Caldera  Ad.",-27.25444,-70.78111,995.0166666666668
2011-12-09,290004.0,"La Florida, La Serena Ad.",-29.91444,-71.20667,997.8874999999999
2011-12-09,330007.0,"Rodelillo, Ad.",-33.06528,-71.55639,974.6666666666666
2011-12-09,330019.0,"Eulogio Sánchez, Tobalaba Ad.",-33.45528,-70.54861,937.8692307692307
2011-12-09,330020.0,"Quinta Normal, Santiago",-33.445,-70.68278,952.45
2011-12-09,330021.0,Pudahuel Santiago ,-33.37833,-70.78778,957.3833333333333
2011-12-09,330030.0,"Santo Domingo, Ad.",-33.65611,-71.61333,1006.1357142857142
2011-12-09,330031.0,"Juan Fernández, Estación Meteorológica.",-33.63583,-78.83305,1015.375
2011-12-09,340031.0,"General Freire, Curicó Ad.",-34.96944,-71.21694,984.176923076923
2011-12-09,360011.0,"General Bernardo O'Higgins, Chillán Ad.",-36.58583,-72.03667,995.39
2011-12-09,360019.0,"Carriel Sur, Concepción Ap.",-36.78055,-73.06639,1012.5333333333333
2011-12-09,370033.0,"María Dolores, Los Angeles Ad.",-37.39694,-72.42389,998.6600000000001
2011-12-09,380013.0,"Maquehue, Temuco Ad.",-38.76778,-72.63194,1003.9125
2011-12-09,390006.0,"Pichoy, Valdivia Ad.",-39.65667,-73.08722,1011.125
2011-12-09,400009.0,"Cañal Bajo,  Osorno Ad.",-40.61444,-73.0575,1006.7
2011-12-09,410005.0,El Tepual  Puerto Montt Ap.,-41.4475,-73.09583,1004.6625
2011-12-09,430001.0,Quellón Ad.,-43.13361,-73.63278,1012.0666666666666
2011-12-09,450004.0,"Teniente Vidal, Coyhaique Ad.",-45.59083,-72.10222,971.6384615384615
2011-12-09,450005.0,Balmaceda Ad.,-45.91833,-71.67778,945.9727272727273
2011-12-09,510005.0,"Teniente Gallardo, Puerto Natales Ad.",-51.66722,-72.52889,988.8
2011-12-09,520006.0,"Carlos Ibañez, Punta Arenas Ap.",-53.00167,-70.83861,997.0333333333333
2011-12-09,530005.0,"Fuentes Martínez, Porvenir Ad.",-53.25361,-70.32611,993.6454545454545
2011-12-09,550001.0,"Guardiamarina Zañartu, Pto Williams Ad.",-54.93167,-67.61556,995.4333333333333
2011-12-09,950001.0,"C.M.A. Eduardo Frei Montalva, Antártica ",-62.19194,-58.97972,985.3625
2011-12-10,180005.0,"Chacalluta, Arica Ap.",-18.35555,-70.34028,1010.1333333333333
2011-12-10,200006.0,Diego Aracena Iquique Ap.,-20.54917,-70.18111,1009.4250000000001
2011-12-10,220002.0,"El Loa, Calama Ad.",-22.49806,-68.8925,775.7
2011-12-10,270001.0,Mataveri  Isla de Pascua Ap.,-27.15889,-109.4325,1018.0541666666667
2011-12-10,270008.0,"Desierto de Atacama, Caldera  Ad.",-27.25444,-70.78111,996.4250000000001
2011-12-10,290004.0,"La Florida, La Serena Ad.",-29.91444,-71.20667,999.9458333333333
2011-12-10,330007.0,"Rodelillo, Ad.",-33.06528,-71.55639,976.5384615384615
2011-12-10,330019.0,"Eulogio Sánchez, Tobalaba Ad.",-33.45528,-70.54861,940.5692307692308
2011-12-10,330020.0,"Quinta Normal, Santiago",-33.445,-70.68278,954.3
2011-12-10,330021.0,Pudahuel Santiago ,-33.37833,-70.78778,959.375
2011-12-10,330030.0,"Santo Domingo, Ad.",-33.65611,-71.61333,1008.6357142857142
2011-12-10,330031.0,"Juan Fernández, Estación Meteorológica.",-33.63583,-78.83305,1016.575
2011-12-10,340031.0,"General Freire, Curicó Ad.",-34.96944,-71.21694,987.6076923076923
2011-12-10,360011.0,"General Bernardo O'Higgins, Chillán Ad.",-36.58583,-72.03667,999.6700000000001
2011-12-10,360019.0,"Carriel Sur, Concepción Ap.",-36.78055,-73.06639,1015.4291666666667
2011-12-10,370033.0,"María Dolores, Los Angeles Ad.",-37.39694,-72.42389,1002.76
2011-12-10,380013.0,"Maquehue, Temuco Ad.",-38.76778,-72.63194,1005.1
2011-12-10,390006.0,"Pichoy, Valdivia Ad.",-39.65667,-73.08722,1014.85
2011-12-10,400009.0,"Cañal Bajo,  Osorno Ad.",-40.61444,-73.0575,1009.3909090909091
2011-12-10,410005.0,El Tepual  Puerto Montt Ap.,-41.4475,-73.09583,1004.3208333333333
2011-12-10,450004.0,"Teniente Vidal, Coyhaique Ad.",-45.59083,-72.10222,970.4846153846154
2011-12-10,450005.0,Balmaceda Ad.,-45.91833,-71.67778,942.9416666666666
2011-12-10,510005.0,"Teniente Gallardo, Puerto Natales Ad.",-51.66722,-72.52889,
2011-12-10,520006.0,"Carlos Ibañez, Punta Arenas Ap.",-53.00167,-70.83861,984.5208333333334
2011-12-10,530005.0,"Fuentes Martínez, Porvenir Ad.",-53.25361,-70.32611,984.575
2011-12-10,550001.0,"Guardiamarina Zañartu, Pto Williams Ad.",-54.93167,-67.61556,982.6600000000001
2011-12-10,950001.0,"C.M.A. Eduardo Frei Montalva, Antártica ",-62.19194,-58.97972,977.65
2011-12-11,180005.0,"Chacalluta, Arica Ap.",-18.35555,-70.34028,1009.9791666666666
2011-12-11,200006.0,Diego Aracena Iquique Ap.,-20.54917,-70.18111,1009.2791666666667
2011-12-11,220002.0,"El Loa, Calama Ad.",-22.49806,-68.8925,775.4666666666667
2011-12-11,270001.0,Mataveri  Isla de Pascua Ap.,-27.15889,-109.4325,1016.375
2011-12-11,270008.0,"Desierto de Atacama, Caldera  Ad.",-27.25444,-70.78111,995.9333333333334
2011-12-11,290004.0,"La Florida, La Serena Ad.",-29.91444,-71.20667,1000.0749999999999
2011-12-11,330007.0,"Rodelillo, Ad.",-33.06528,-71.55639,976.1538461538462
2011-12-11,330019.0,"Eulogio Sánchez, Tobalaba Ad.",-33.45528,-70.54861,940.6923076923077
2011-12-11,330020.0,"Quinta Normal, Santiago",-33.445,-70.68278,955.175
2011-12-11,330021.0,Pudahuel Santiago ,-33.37833,-70.78778,960.1541666666667
2011-12-11,330030.0,"Santo Domingo, Ad.",-33.65611,-71.61333,1007.9285714285714
2011-12-11,330031.0,"Juan Fernández, Estación Meteorológica.",-33.63583,-78.83305,1019.55
2011-12-11,340031.0,"General Freire, Curicó Ad.",-34.96944,-71.21694,988.7769230769231
2011-12-11,360011.0,"General Bernardo O'Higgins, Chillán Ad.",-36.58583,-72.03667,1001.36
2011-12-11,360019.0,"Carriel Sur, Concepción Ap.",-36.78055,-73.06639,1018.7624999999999
2011-12-11,370033.0,"María Dolores, Los Angeles Ad.",-37.39694,-72.42389,1006.01
2011-12-11,380013.0,"Maquehue, Temuco Ad.",-38.76778,-72.63194,1010.0875
2011-12-11,390006.0,"Pichoy, Valdivia Ad.",-39.65667,-73.08722,1019.15
2011-12-11,400009.0,"Cañal Bajo,  Osorno Ad.",-40.61444,-73.0575,1013.6333333333333
2011-12-11,410005.0,El Tepual  Puerto Montt Ap.,-41.4475,-73.09583,1009.6666666666666
2011-12-11,450004.0,"Teniente Vidal, Coyhaique Ad.",-45.59083,-72.10222,977.3461538461538
2011-12-11,450005.0,Balmaceda Ad.,-45.91833,-71.67778,950.8363636363637
2011-12-11,510005.0,"Teniente Gallardo, Puerto Natales Ad.",-51.66722,-72.52889,994.1
2011-12-11,520006.0,"Carlos Ibañez, Punta Arenas Ap.",-53.00167,-70.83861,993.0375
2011-12-11,550001.0,"Guardiamarina Zañartu, Pto Williams Ad.",-54.93167,-67.61556,
2011-12-11,950001.0,"C.M.A. Eduardo Frei Montalva, Antártica ",-62.19194,-58.97972,967.4625
2011-12-12,180005.0,"Chacalluta, Arica Ap.",-18.35555,-70.34028,1008.9791666666666
2011-12-12,200006.0,Diego Aracena Iquique Ap.,-20.54917,-70.18111,1008.1916666666666
2011-12-12,220002.0,"El Loa, Calama Ad.",-22.49806,-68.8925,775.161111111111
2011-12-12,270001.0,Mataveri  Isla de Pascua Ap.,-27.15889,-109.4325,1013.4043478260869
2011-12-12,270008.0,"Desierto de Atacama, Caldera  Ad.",-27.25444,-70.78111,991.0142857142857
2011-12-12,290004.0,"La Florida, La Serena Ad.",-29.91444,-71.20667,997.5583333333334
2011-12-12,330007.0,"Rodelillo, Ad.",-33.06528,-71.55639,974.3846153846154
2011-12-12,330019.0,"Eulogio Sánchez, Tobalaba Ad.",-33.45528,-70.54861,896.7538461538461
2011-12-12,330020.0,"Quinta Normal, Santiago",-33.445,-70.68278,953.2375
2011-12-12,330021.0,Pudahuel Santiago ,-33.37833,-70.78778,958.1999999999999
2011-12-12,330030.0,"Santo Domingo, Ad.",-33.65611,-71.61333,1006.1357142857142
2011-12-12,330031.0,"Juan Fernández, Estación Meteorológica.",-33.63583,-78.83305,1018.25
2011-12-12,340031.0,"General Freire, Curicó Ad.",-34.96944,-71.21694,986.0076923076923
2011-12-12,360011.0,"General Bernardo O'Higgins, Chillán Ad.",-36.58583,-72.03667,996.72
2011-12-12,360019.0,"Carriel Sur, Concepción Ap.",-36.78055,-73.06639,1015.5041666666666
2011-12-12,370033.0,"María Dolores, Los Angeles Ad.",-37.39694,-72.42389,1001.43
2011-12-12,380013.0,"Maquehue, Temuco Ad.",-38.76778,-72.63194,1007.875
2011-12-12,390006.0,"Pichoy, Valdivia Ad.",-39.65667,-73.08722,1015.75
2011-12-12,400009.0,"Cañal Bajo,  Osorno Ad.",-40.61444,-73.0575,1012.8545454545455
2011-12-12,410005.0,El Tepual  Puerto Montt Ap.,-41.4475,-73.09583,1011.3458333333333
2011-12-12,430001.0,Quellón Ad.,-43.13361,-73.63278,1021.6666666666666
2011-12-12,430002.0,Futaleufú Ad.,-43.18889,-71.85222,978.4799999999999
2011-12-12,450004.0,"Teniente Vidal, Coyhaique Ad.",-45.59083,-72.10222,982.2076923076924
2011-12-12,450005.0,Balmaceda Ad.,-45.91833,-71.67778,956.6636363636363
2011-12-12,510005.0,"Teniente Gallardo, Puerto Natales Ad.",-51.66722,-72.52889,1002.43
2011-12-12,520006.0,"Carlos Ibañez, Punta Arenas Ap.",-53.00167,-70.83861,1001.4416666666666
2011-12-12,530005.0,"Fuentes Martínez, Porvenir Ad.",-53.25361,-70.32611,1004.4
2011-12-12,550001.0,"Guardiamarina Zañartu, Pto Williams Ad.",-54.93167,-67.61556,996.05
2011-12-12,950001.0,"C.M.A. Eduardo Frei Montalva, Antártica ",-62.19194,-58.97972,972.425
2011-12-13,180005.0,"Chacalluta, Arica Ap.",-18.35555,-70.34028,1009.7791666666667
2011-12-13,200006.0,Diego Aracena Iquique Ap.,-20.54917,-70.18111,1009.0083333333333
2011-12-13,220002.0,"El Loa, Calama Ad.",-22.49806,-68.8925,775.5764705882352
2011-12-13,270001.0,Mataveri  Isla de Pascua Ap.,-27.15889,-109.4325,1010.3000000000001
2011-12-13,270008.0,"Desierto de Atacama, Caldera  Ad.",-27.25444,-70.78111,994.4923076923077
2011-12-13,290004.0,"La Florida, La Serena Ad.",-29.91444,-71.20667,998.8666666666667
2011-12-13,330007.0,"Rodelillo, Ad.",-33.06528,-71.55639,975.9230769230769
2011-12-13,330019.0,"Eulogio Sánchez, Tobalaba Ad.",-33.45528,-70.54861,939.3615384615385
2011-12-13,330020.0,"Quinta Normal, Santiago",-33.445,-70.68278,953.0375
2011-12-13,330021.0,Pudahuel Santiago ,-33.37833,-70.78778,958.025
2011-12-13,330030.0,"Santo Domingo, Ad.",-33.65611,-71.61333,1010.1071428571429
2011-12-13,330031.0,"Juan Fernández, Estación Meteorológica.",-33.63583,-78.83305,1016.725
2011-12-13,340031.0,"General Freire, Curicó Ad.",-34.96944,-71.21694,985.676923076923
2011-12-13,360011.0,"General Bernardo O'Higgins, Chillán Ad.",-36.58583,-72.03667,995.6
2011-12-13,360019.0,"Carriel Sur, Concepción Ap.",-36.78055,-73.06639,1013.0583333333334
2011-12-13,370033.0,"María Dolores, Los Angeles Ad.",-37.39694,-72.42389,999.2299999999999
2011-12-13,380013.0,"Maquehue, Temuco Ad.",-38.76778,-72.63194,1003.925
2011-12-13,390006.0,"Pichoy, Valdivia Ad.",-39.65667,-73.08722,1013.1
2011-12-13,400009.0,"Cañal Bajo,  Osorno Ad.",-40.61444,-73.0575,1010.5090909090909
2011-12-13,410005.0,El Tepual  Puerto Montt Ap.,-41.4475,-73.09583,1007.9875000000001
2011-12-13,430001.0,Quellón Ad.,-43.13361,-73.63278,1017.6666666666666
2011-12-13,450004.0,"Teniente Vidal, Coyhaique Ad.",-45.59083,-72.10222,980.6307692307693
2011-12-13,450005.0,Balmaceda Ad.,-45.91833,-71.67778,955.6454545454545
2011-12-13,510005.0,"Teniente Gallardo, Puerto Natales Ad.",-51.66722,-72.52889,1004.9100000000001
2011-12-13,520006.0,"Carlos Ibañez, Punta Arenas Ap.",-53.00167,-70.83861,1006.6791666666667
2011-12-13,530005.0,"Fuentes Martínez, Porvenir Ad.",-53.25361,-70.32611,1007.9153846153846
2011-12-13,550001.0,"Guardiamarina Zañartu, Pto Williams Ad.",-54.93167,-67.61556,1005.9090909090909
2011-12-13,950001.0,"C.M.A. Eduardo Frei Montalva, Antártica ",-62.19194,-58.97972,979.45
2011-12-14,180005.0,"Chacalluta, Arica Ap.",-18.35555,-70.34028,1009.5875
2011-12-14,200006.0,Diego Aracena Iquique Ap.,-20.54917,-70.18111,1008.7666666666668
2011-12-14,220002.0,"El Loa, Calama Ad.",-22.49806,-68.8925,774.9117647058823
2011-12-14,270001.0,Mataveri  Isla de Pascua Ap.,-27.15889,-109.4325,1009.3833333333333
2011-12-14,270008.0,"Desierto de Atacama, Caldera  Ad.",-27.25444,-70.78111,993.4
2011-12-14,290004.0,"La Florida, La Serena Ad.",-29.91444,-71.20667,999.4541666666668
2011-12-14,330007.0,"Rodelillo, Ad.",-33.06528,-71.55639,976.2307692307693
2011-12-14,330019.0,"Eulogio Sánchez, Tobalaba Ad.",-33.45528,-70.54861,938.9615384615385
2011-12-14,330020.0,"Quinta Normal, Santiago",-33.445,-70.68278,953.125
2011-12-14,330021.0,Pudahuel Santiago ,-33.37833,-70.78778,958.1625
2011-12-14,330030.0,"Santo Domingo, Ad.",-33.65611,-71.61333,1007.8000000000001
2011-12-14,330031.0,"Juan Fernández, Estación Meteorológica.",-33.63583,-78.83305,1015.625
2011-12-14,340031.0,"General Freire, Curicó Ad.",-34.96944,-71.21694,985.7769230769231
2011-12-14,360011.0,"General Bernardo O'Higgins, Chillán Ad.",-36.58583,-72.03667,994.4799999999999
2011-12-14,360019.0,"Carriel Sur, Concepción Ap.",-36.78055,-73.06639,1012.9458333333333
2011-12-14,370033.0,"María Dolores, Los Angeles Ad.",-37.39694,-72.42389,997.89
2011-12-14,380013.0,"Maquehue, Temuco Ad.",-38.76778,-72.63194,1003.0125
2011-12-14,390006.0,"Pichoy, Valdivia Ad.",-39.65667,-73.08722,1010.65
2011-12-14,400009.0,"Cañal Bajo,  Osorno Ad.",-40.61444,-73.0575,1008.0818181818181
2011-12-14,410005.0,El Tepual  Puerto Montt Ap.,-41.4475,-73.09583,1006.3375
2011-12-14,430001.0,Quellón Ad.,-43.13361,-73.63278,1015.4333333333334
2011-12-14,450004.0,"Teniente Vidal, Coyhaique Ad.",-45.59083,-72.10222,980.3384615384615
2011-12-14,450005.0,Balmaceda Ad.,-45.91833,-71.67778,956.5454545454545
2011-12-14,510005.0,"Teniente Gallardo, Puerto Natales Ad.",-51.66722,-72.52889,1009.3090909090909
2011-12-14,520006.0,"Carlos Ibañez, Punta Arenas Ap.",-53.00167,-70.83861,1010.7041666666668
2011-12-14,530005.0,"Fuentes Martínez, Porvenir Ad.",-53.25361,-70.32611,1013.2181818181817
2011-12-14,550001.0,"Guardiamarina Zañartu, Pto Williams Ad.",-54.93167,-67.61556,1012.6222222222223
2011-12-14,950001.0,"C.M.A. Eduardo Frei Montalva, Antártica ",-62.19194,-58.97972,991.125
2011-12-15,180005.0,"Chacalluta, Arica Ap.",-18.35555,-70.34028,1008.7375000000001
2011-12-15,200006.0,Diego Aracena Iquique Ap.,-20.54917,-70.18111,1008.0500000000001
2011-12-15,220002.0,"El Loa, Calama Ad.",-22.49806,-68.8925,774.7157894736843
2011-12-15,270001.0,Mataveri  Isla de Pascua Ap.,-27.15889,-109.4325,1009.7041666666668
2011-12-15,270008.0,"Desierto de Atacama, Caldera  Ad.",-27.25444,-70.78111,992.8357142857143
2011-12-15,290004.0,"La Florida, La Serena Ad.",-29.91444,-71.20667,998.75
2011-12-15,330007.0,"Rodelillo, Ad.",-33.06528,-71.55639,975.9230769230769
2011-12-15,330019.0,"Eulogio Sánchez, Tobalaba Ad.",-33.45528,-70.54861,938.3153846153847
2011-12-15,330020.0,"Quinta Normal, Santiago",-33.445,-70.68278,953.05
2011-12-15,330021.0,Pudahuel Santiago ,-33.37833,-70.78778,958.0333333333333
2011-12-15,330030.0,"Santo Domingo, Ad.",-33.65611,-71.61333,1007.5
2011-12-15,330031.0,"Juan Fernández, Estación Meteorológica.",-33.63583,-78.83305,1014.3
2011-12-15,340031.0,"General Freire, Curicó Ad.",-34.96944,-71.21694,986.3461538461538
2011-12-15,360011.0,"General Bernardo O'Higgins, Chillán Ad.",-36.58583,-72.03667,995.9799999999999
2011-12-15,360019.0,"Carriel Sur, Concepción Ap.",-36.78055,-73.06639,1012.8625000000001
2011-12-15,370033.0,"María Dolores, Los Angeles Ad.",-37.39694,-72.42389,998.32
2011-12-15,380013.0,"Maquehue, Temuco Ad.",-38.76778,-72.63194,1001.6625
2011-12-15,390006.0,"Pichoy, Valdivia Ad.",-39.65667,-73.08722,1008.75
2011-12-15,400009.0,"Cañal Bajo,  Osorno Ad.",-40.61444,-73.0575,1005.4
2011-12-15,410005.0,El Tepual  Puerto Montt Ap.,-41.4475,-73.09583,1003.3416666666667
2011-12-15,430001.0,Quellón Ad.,-43.13361,-73.63278,1012.6999999999999
2011-12-15,450004.0,"Teniente Vidal, Coyhaique Ad.",-45.59083,-72.10222,976.0307692307692
2011-12-15,450005.0,Balmaceda Ad.,-45.91833,-71.67778,952.4307692307692
2011-12-15,510005.0,"Teniente Gallardo, Puerto Natales Ad.",-51.66722,-72.52889,1004.0444444444444
2011-12-15,520006.0,"Carlos Ibañez, Punta Arenas Ap.",-53.00167,-70.83861,1008.9916666666667
2011-12-15,530005.0,"Fuentes Martínez, Porvenir Ad.",-53.25361,-70.32611,1008.6
2011-12-15,550001.0,"Guardiamarina Zañartu, Pto Williams Ad.",-54.93167,-67.61556,1010.5
2011-12-15,950001.0,"C.M.A. Eduardo Frei Montalva, Antártica ",-62.19194,-58.97972,1000.4125
2011-12-16,180005.0,"Chacalluta, Arica Ap.",-18.35555,-70.34028,1010.4083333333333
2011-12-16,200006.0,Diego Aracena Iquique Ap.,-20.54917,-70.18111,1009.6625
2011-12-16,220002.0,"El Loa, Calama Ad.",-22.49806,-68.8925,775.8705882352941
2011-12-16,270001.0,Mataveri  Isla de Pascua Ap.,-27.15889,-109.4325,1012.3625000000001
2011-12-16,270008.0,"Desierto de Atacama, Caldera  Ad.",-27.25444,-70.78111,994.4666666666667
2011-12-16,290004.0,"La Florida, La Serena Ad.",-29.91444,-71.20667,1000.4875000000001
2011-12-16,330007.0,"Rodelillo, Ad.",-33.06528,-71.55639,978.2307692307693
2011-12-16,330019.0,"Eulogio Sánchez, Tobalaba Ad.",-33.45528,-70.54861,941.4230769230769
2011-12-16,330020.0,"Quinta Normal, Santiago",-33.445,-70.68278,955.225
2011-12-16,330021.0,Pudahuel Santiago ,-33.37833,-70.78778,960.2333333333332
2011-12-16,330030.0,"Santo Domingo, Ad.",-33.65611,-71.61333,1009.6428571428571
2011-12-16,330031.0,"Juan Fernández, Estación Meteorológica.",-33.63583,-78.83305,1016.45
2011-12-16,340031.0,"General Freire, Curicó Ad.",-34.96944,-71.21694,988.9000000000001
2011-12-16,360011.0,"General Bernardo O'Higgins, Chillán Ad.",-36.58583,-72.03667,998.4100000000001
2011-12-16,360019.0,"Carriel Sur, Concepción Ap.",-36.78055,-73.06639,1015.4291666666667
2011-12-16,370033.0,"María Dolores, Los Angeles Ad.",-37.39694,-72.42389,1001.1166666666667
2011-12-16,380013.0,"Maquehue, Temuco Ad.",-38.76778,-72.63194,1005.1125
2011-12-16,390006.0,"Pichoy, Valdivia Ad.",-39.65667,-73.08722,1013.175
2011-12-16,400009.0,"Cañal Bajo,  Osorno Ad.",-40.61444,-73.0575,1009.6727272727272
2011-12-16,410005.0,El Tepual  Puerto Montt Ap.,-41.4475,-73.09583,1006.0375
2011-12-16,430001.0,Quellón Ad.,-43.13361,-73.63278,1016.9666666666667
2011-12-16,450004.0,"Teniente Vidal, Coyhaique Ad.",-45.59083,-72.10222,977.3538461538462
2011-12-16,450005.0,Balmaceda Ad.,-45.91833,-71.67778,951.8727272727273
2011-12-16,510005.0,"Teniente Gallardo, Puerto Natales Ad.",-51.66722,-72.52889,999.6299999999999
2011-12-16,520006.0,"Carlos Ibañez, Punta Arenas Ap.",-53.00167,-70.83861,1001.6750000000001
2011-12-16,530005.0,"Fuentes Martínez, Porvenir Ad.",-53.25361,-70.32611,1003.2545454545453
2011-12-16,550001.0,"Guardiamarina Zañartu, Pto Williams Ad.",-54.93167,-67.61556,1001.9875
2011-12-16,950001.0,"C.M.A. Eduardo Frei Montalva, Antártica ",-62.19194,-58.97972,985.925
2011-12-17,180005.0,"Chacalluta, Arica Ap.",-18.35555,-70.34028,1011.1541666666667
2011-12-17,200006.0,Diego Aracena Iquique Ap.,-20.54917,-70.18111,1010.3708333333334
2011-12-17,220002.0,"El Loa, Calama Ad.",-22.49806,-68.8925,777.18125
2011-12-17,270001.0,Mataveri  Isla de Pascua Ap.,-27.15889,-109.4325,1015.4625
2011-12-17,270008.0,"Desierto de Atacama, Caldera  Ad.",-27.25444,-70.78111,996.1333333333333
2011-12-17,290004.0,"La Florida, La Serena Ad.",-29.91444,-71.20667,1001.6083333333332
2011-12-17,330007.0,"Rodelillo, Ad.",-33.06528,-71.55639,978.7692307692307
2011-12-17,330019.0,"Eulogio Sánchez, Tobalaba Ad.",-33.45528,-70.54861,934.4076923076923
2011-12-17,330020.0,"Quinta Normal, Santiago",-33.445,-70.68278,956.2625
2011-12-17,330021.0,Pudahuel Santiago ,-33.37833,-70.78778,961.3208333333333
2011-12-17,330030.0,"Santo Domingo, Ad.",-33.65611,-71.61333,1010.342857142857
2011-12-17,330031.0,"Juan Fernández, Estación Meteorológica.",-33.63583,-78.83305,1018.25
2011-12-17,340031.0,"General Freire, Curicó Ad.",-34.96944,-71.21694,989.1923076923077
2011-12-17,360011.0,"General Bernardo O'Higgins, Chillán Ad.",-36.58583,-72.03667,999.5899999999999
2011-12-17,360019.0,"Carriel Sur, Concepción Ap.",-36.78055,-73.06639,1016.8583333333332
2011-12-17,370033.0,"María Dolores, Los Angeles Ad.",-37.39694,-72.42389,1003.3
2011-12-17,380013.0,"Maquehue, Temuco Ad.",-38.76778,-72.63194,1008.1
2011-12-17,390006.0,"Pichoy, Valdivia Ad.",-39.65667,-73.08722,1016.3
2011-12-17,400009.0,"Cañal Bajo,  Osorno Ad.",-40.61444,-73.0575,1011.9727272727273
2011-12-17,410005.0,El Tepual  Puerto Montt Ap.,-41.4475,-73.09583,1008.2416666666667
2011-12-17,450004.0,"Teniente Vidal, Coyhaique Ad.",-45.59083,-72.10222,975.0615384615384
2011-12-17,450005.0,Balmaceda Ad.,-45.91833,-71.67778,948.6333333333333
2011-12-17,510005.0,"Teniente Gallardo, Puerto Natales Ad.",-51.66722,-72.52889,
2011-12-17,520006.0,"Carlos Ibañez, Punta Arenas Ap.",-53.00167,-70.83861,1001.6666666666666
2011-12-17,530005.0,"Fuentes Martínez, Porvenir Ad.",-53.25361,-70.32611,1002.76
2011-12-17,550001.0,"Guardiamarina Zañartu, Pto Williams Ad.",-54.93167,-67.61556,1004.45
2011-12-17,950001.0,"C.M.A. Eduardo Frei Montalva, Antártica ",-62.19194,-58.97972,992.325
2011-12-18,180005.0,"Chacalluta, Arica Ap.",-18.35555,-70.34028,1010.2916666666666
2011-12-18,200006.0,Diego Aracena Iquique Ap.,-20.54917,-70.18111,1009.4458333333333
2011-12-18,220002.0,"El Loa, Calama Ad.",-22.49806,-68.8925,775.775
2011-12-18,270001.0,Mataveri  Isla de Pascua Ap.,-27.15889,-109.4325,1017.6
2011-12-18,270008.0,"Desierto de Atacama, Caldera  Ad.",-27.25444,-70.78111,994.2416666666667
2011-12-18,290004.0,"La Florida, La Serena Ad.",-29.91444,-71.20667,1000.2708333333334
2011-12-18,330007.0,"Rodelillo, Ad.",-33.06528,-71.55639,976.0
2011-12-18,330019.0,"Eulogio Sánchez, Tobalaba Ad.",-33.45528,-70.54861,940.6615384615385
2011-12-18,330020.0,"Quinta Normal, Santiago",-33.445,-70.68278,955.5
2011-12-18,330021.0,Pudahuel Santiago ,-33.37833,-70.78778,960.4291666666667
2011-12-18,330030.0,"Santo Domingo, Ad.",-33.65611,-71.61333,1007.7928571428572
2011-12-18,330031.0,"Juan Fernández, Estación Meteorológica.",-33.63583,-78.83305,1017.9
2011-12-18,340031.0,"General Freire, Curicó Ad.",-34.96944,-71.21694,987.5076923076923
2011-12-18,360011.0,"General Bernardo O'Higgins, Chillán Ad.",-36.58583,-72.03667,998.46
2011-12-18,360019.0,"Carriel Sur, Concepción Ap.",-36.78055,-73.06639,1016.6999999999999
2011-12-18,370033.0,"María Dolores, Los Angeles Ad.",-37.39694,-72.42389,1003.2
2011-12-18,380013.0,"Maquehue, Temuco Ad.",-38.76778,-72.63194,1008.0125
2011-12-18,390006.0,"Pichoy, Valdivia Ad.",-39.65667,-73.08722,1015.8
2011-12-18,400009.0,"Cañal Bajo,  Osorno Ad.",-40.61444,-73.0575,1011.0
2011-12-18,410005.0,El Tepual  Puerto Montt Ap.,-41.4475,-73.09583,1008.1541666666667
2011-12-18,450004.0,"Teniente Vidal, Coyhaique Ad.",-45.59083,-72.10222,976.3307692307692
2011-12-18,450005.0,Balmaceda Ad.,-45.91833,-71.67778,949.8636363636364
2011-12-18,510005.0,"Teniente Gallardo, Puerto Natales Ad.",-51.66722,-72.52889,989.85
2011-12-18,520006.0,"Carlos Ibañez, Punta Arenas Ap.",-53.00167,-70.83861,994.4958333333334
2011-12-18,550001.0,"Guardiamarina Zañartu, Pto Williams Ad.",-54.93167,-67.61556,997.45
2011-12-18,950001.0,"C.M.A. Eduardo Frei Montalva, Antártica ",-62.19194,-58.97972,992.5625
2011-12-19,180005.0,"Chacalluta, Arica Ap.",-18.35555,-70.34028,1009.2624999999999
2011-12-19,200006.0,Diego Aracena Iquique Ap.,-20.54917,-70.18111,1008.3333333333334
2011-12-19,220002.0,"El Loa, Calama Ad.",-22.49806,-68.8925,775.6764705882352
2011-12-19,270001.0,Mataveri  Isla de Pascua Ap.,-27.15889,-109.4325,1016.8695652173913
2011-12-19,270008.0,"Desierto de Atacama, Caldera  Ad.",-27.25444,-70.78111,992.7307692307693
2011-12-19,290004.0,"La Florida, La Serena Ad.",-29.91444,-71.20667,998.2083333333334
2011-12-19,330007.0,"Rodelillo, Ad.",-33.06528,-71.55639,974.8461538461538
2011-12-19,330019.0,"Eulogio Sánchez, Tobalaba Ad.",-33.45528,-70.54861,938.9846153846154
2011-12-19,330020.0,"Quinta Normal, Santiago",-33.445,-70.68278,952.95
2011-12-19,330021.0,Pudahuel Santiago ,-33.37833,-70.78778,957.9375
2011-12-19,330030.0,"Santo Domingo, Ad.",-33.65611,-71.61333,1006.3571428571429
2011-12-19,330031.0,"Juan Fernández, Estación Meteorológica.",-33.63583,-78.83305,1015.45
2011-12-19,340031.0,"General Freire, Curicó Ad.",-34.96944,-71.21694,985.9384615384616
2011-12-19,360011.0,"General Bernardo O'Higgins, Chillán Ad.",-36.58583,-72.03667,997.68
2011-12-19,360019.0,"Carriel Sur, Concepción Ap.",-36.78055,-73.06639,1014.9291666666667
2011-12-19,370033.0,"María Dolores, Los Angeles Ad.",-37.39694,-72.42389,1000.97
2011-12-19,380013.0,"Maquehue, Temuco Ad.",-38.76778,-72.63194,1005.4875
2011-12-19,390006.0,"Pichoy, Valdivia Ad.",-39.65667,-73.08722,1012.9
2011-12-19,400009.0,"Cañal Bajo,  Osorno Ad.",-40.61444,-73.0575,1008.0
2011-12-19,410005.0,El Tepual  Puerto Montt Ap.,-41.4475,-73.09583,1004.6041666666666
2011-12-19,430001.0,Quellón Ad.,-43.13361,-73.63278,1009.7333333333332
2011-12-19,430002.0,Futaleufú Ad.,-43.18889,-71.85222,969.2285714285715
2011-12-19,450004.0,"Teniente Vidal, Coyhaique Ad.",-45.59083,-72.10222,968.5692307692308
2011-12-19,450005.0,Balmaceda Ad.,-45.91833,-71.67778,943.1545454545453
2011-12-19,510005.0,"Teniente Gallardo, Puerto Natales Ad.",-51.66722,-72.52889,985.65
2011-12-19,520006.0,"Carlos Ibañez, Punta Arenas Ap.",-53.00167,-70.83861,988.4291666666667
2011-12-19,530005.0,"Fuentes Martínez, Porvenir Ad.",-53.25361,-70.32611,988.9083333333333
2011-12-19,550001.0,"Guardiamarina Zañartu, Pto Williams Ad.",-54.93167,-67.61556,988.188888888889
2011-12-19,950001.0,"C.M.A. Eduardo Frei Montalva, Antártica ",-62.19194,-58.97972,985.025
2011-12-20,180005.0,"Chacalluta, Arica Ap.",-18.35555,-70.34028,1008.5375
2011-12-20,200006.0,Diego Aracena Iquique Ap.,-20.54917,-70.18111,1007.8541666666666
2011-12-20,220002.0,"El Loa, Calama Ad.",-22.49806,-68.8925,775.064705882353
2011-12-20,270001.0,Mataveri  Isla de Pascua Ap.,-27.15889,-109.4325,1014.2041666666668
2011-12-20,270008.0,"Desierto de Atacama, Caldera  Ad.",-27.25444,-70.78111,992.1384615384615
2011-12-20,290004.0,"La Florida, La Serena Ad.",-29.91444,-71.20667,997.4166666666666
2011-12-20,330007.0,"Rodelillo, Ad.",-33.06528,-71.55639,975.1538461538462
2011-12-20,330019.0,"Eulogio Sánchez, Tobalaba Ad.",-33.45528,-70.54861,939.6384615384615
2011-12-20,330020.0,"Quinta Normal, Santiago",-33.445,-70.68278,953.4
2011-12-20,330021.0,Pudahuel Santiago ,-33.37833,-70.78778,958.4
2011-12-20,330030.0,"Santo Domingo, Ad.",-33.65611,-71.61333,1006.5642857142857
2011-12-20,330031.0,"Juan Fernández, Estación Meteorológica.",-33.63583,-78.83305,1014.475
2011-12-20,340031.0,"General Freire, Curicó Ad.",-34.96944,-71.21694,986.7384615384616
2011-12-20,360011.0,"General Bernardo O'Higgins, Chillán Ad.",-36.58583,-72.03667,998.28
2011-12-20,360019.0,"Carriel Sur, Concepción Ap.",-36.78055,-73.06639,1015.4291666666667
2011-12-20,370033.0,"María Dolores, Los Angeles Ad.",-37.39694,-72.42389,1001.53
2011-12-20,380013.0,"Maquehue, Temuco Ad.",-38.76778,-72.63194,1004.7375
2011-12-20,390006.0,"Pichoy, Valdivia Ad.",-39.65667,-73.08722,1013.175
2011-12-20,400009.0,"Cañal Bajo,  Osorno Ad.",-40.61444,-73.0575,1008.1363636363636
2011-12-20,410005.0,El Tepual  Puerto Montt Ap.,-41.4475,-73.09583,1003.0333333333333
2011-12-20,430001.0,Quellón Ad.,-43.13361,-73.63278,1010.6666666666666
2011-12-20,430002.0,Futaleufú Ad.,-43.18889,-71.85222,968.7125
2011-12-20,450004.0,"Teniente Vidal, Coyhaique Ad.",-45.59083,-72.10222,970.4461538461538
2011-12-20,450005.0,Balmaceda Ad.,-45.91833,-71.67778,943.3818181818183
2011-12-20,510005.0,"Teniente Gallardo, Puerto Natales Ad.",-51.66722,-72.52889,986.7444444444445
2011-12-20,520006.0,"Carlos Ibañez, Punta Arenas Ap.",-53.00167,-70.83861,989.6166666666667
2011-12-20,530005.0,"Fuentes Martínez, Porvenir Ad.",-53.25361,-70.32611,990.8083333333334
2011-12-20,550001.0,"Guardiamarina Zañartu, Pto Williams Ad.",-54.93167,-67.61556,991.32
2011-12-20,950001.0,"C.M.A. Eduardo Frei Montalva, Antártica ",-62.19194,-58.97972,988.075
2011-12-21,180005.0,"Chacalluta, Arica Ap.",-18.35555,-70.34028,1008.4958333333334
2011-12-21,200006.0,Diego Aracena Iquique Ap.,-20.54917,-70.18111,1007.6625
2011-12-21,220002.0,"El Loa, Calama Ad.",-22.49806,-68.8925,775.0941176470589
2011-12-21,270001.0,Mataveri  Isla de Pascua Ap.,-27.15889,-109.4325,1011.0083333333333
2011-12-21,270008.0,"Desierto de Atacama, Caldera  Ad.",-27.25444,-70.78111,991.9461538461538
2011-12-21,290004.0,"La Florida, La Serena Ad.",-29.91444,-71.20667,997.275
2011-12-21,330007.0,"Rodelillo, Ad.",-33.06528,-71.55639,976.2307692307693
2011-12-21,330019.0,"Eulogio Sánchez, Tobalaba Ad.",-33.45528,-70.54861,940.1923076923077
2011-12-21,330020.0,"Quinta Normal, Santiago",-33.445,-70.68278,953.975
2011-12-21,330021.0,Pudahuel Santiago ,-33.37833,-70.78778,958.8249999999999
2011-12-21,330030.0,"Santo Domingo, Ad.",-33.65611,-71.61333,1007.6142857142858
2011-12-21,330031.0,"Juan Fernández, Estación Meteorológica.",-33.63583,-78.83305,1017.0
2011-12-21,340031.0,"General Freire, Curicó Ad.",-34.96944,-71.21694,988.2384615384616
2011-12-21,360011.0,"General Bernardo O'Higgins, Chillán Ad.",-36.58583,-72.03667,999.4100000000001
2011-12-21,360019.0,"Carriel Sur, Concepción Ap.",-36.78055,-73.06639,1017.0
2011-12-21,370033.0,"María Dolores, Los Angeles Ad.",-37.39694,-72.42389,1003.6299999999999
2011-12-21,380013.0,"Maquehue, Temuco Ad.",-38.76778,-72.63194,1006.625
2011-12-21,390006.0,"Pichoy, Valdivia Ad.",-39.65667,-73.08722,1015.3000000000001
2011-12-21,400009.0,"Cañal Bajo,  Osorno Ad.",-40.61444,-73.0575,1009.8
2011-12-21,410005.0,El Tepual  Puerto Montt Ap.,-41.4475,-73.09583,1004.9958333333334
2011-12-21,430001.0,Quellón Ad.,-43.13361,-73.63278,1011.8000000000001
2011-12-21,430002.0,Futaleufú Ad.,-43.18889,-71.85222,969.95
2011-12-21,450004.0,"Teniente Vidal, Coyhaique Ad.",-45.59083,-72.10222,972.0692307692308
2011-12-21,450005.0,Balmaceda Ad.,-45.91833,-71.67778,944.7818181818183
2011-12-21,510005.0,"Teniente Gallardo, Puerto Natales Ad.",-51.66722,-72.52889,991.21
2011-12-21,520006.0,"Carlos Ibañez, Punta Arenas Ap.",-53.00167,-70.83861,991.7826086956521
2011-12-21,530005.0,"Fuentes Martínez, Porvenir Ad.",-53.25361,-70.32611,993.0153846153846
2011-12-21,550001.0,"Guardiamarina Zañartu, Pto Williams Ad.",-54.93167,-67.61556,994.32
2011-12-21,950001.0,"C.M.A. Eduardo Frei Montalva, Antártica ",-62.19194,-58.97972,988.3125
2011-12-22,180005.0,"Chacalluta, Arica Ap.",-18.35555,-70.34028,1006.2416666666667
2011-12-22,200006.0,Diego Aracena Iquique Ap.,-20.54917,-70.18111,1005.2708333333334
2011-12-22,220002.0,"El Loa, Calama Ad.",-22.49806,-68.8925,773.4705882352941
2011-12-22,270001.0,Mataveri  Isla de Pascua Ap.,-27.15889,-109.4325,1010.5260869565217
2011-12-22,270008.0,"Desierto de Atacama, Caldera  Ad.",-27.25444,-70.78111,989.1428571428571
2011-12-22,290004.0,"La Florida, La Serena Ad.",-29.91444,-71.20667,994.5500000000001
2011-12-22,330007.0,"Rodelillo, Ad.",-33.06528,-71.55639,973.0769230769231
2011-12-22,330019.0,"Eulogio Sánchez, Tobalaba Ad.",-33.45528,-70.54861,938.376923076923
2011-12-22,330020.0,"Quinta Normal, Santiago",-33.445,-70.68278,953.125
2011-12-22,330021.0,Pudahuel Santiago ,-33.37833,-70.78778,958.0
2011-12-22,330030.0,"Santo Domingo, Ad.",-33.65611,-71.61333,1005.0357142857143
2011-12-22,330031.0,"Juan Fernández, Estación Meteorológica.",-33.63583,-78.83305,1018.4
2011-12-22,340031.0,"General Freire, Curicó Ad.",-34.96944,-71.21694,986.8923076923077
2011-12-22,360011.0,"General Bernardo O'Higgins, Chillán Ad.",-36.58583,-72.03667,999.22
2011-12-22,360019.0,"Carriel Sur, Concepción Ap.",-36.78055,-73.06639,1018.0666666666666
2011-12-22,370033.0,"María Dolores, Los Angeles Ad.",-37.39694,-72.42389,1004.7700000000001
2011-12-22,380013.0,"Maquehue, Temuco Ad.",-38.76778,-72.63194,1009.3625
2011-12-22,390006.0,"Pichoy, Valdivia Ad.",-39.65667,-73.08722,1017.7
2011-12-22,400009.0,"Cañal Bajo,  Osorno Ad.",-40.61444,-73.0575,1013.2454545454547
2011-12-22,410005.0,El Tepual  Puerto Montt Ap.,-41.4475,-73.09583,1009.0375
2011-12-22,430001.0,Quellón Ad.,-43.13361,-73.63278,1016.7666666666668
2011-12-22,430002.0,Futaleufú Ad.,-43.18889,-71.85222,975.7714285714285
2011-12-22,450004.0,"Teniente Vidal, Coyhaique Ad.",-45.59083,-72.10222,976.9461538461538
2011-12-22,450005.0,Balmaceda Ad.,-45.91833,-71.67778,950.0272727272727
2011-12-22,510005.0,"Teniente Gallardo, Puerto Natales Ad.",-51.66722,-72.52889,1002.6444444444444
2011-12-22,520006.0,"Carlos Ibañez, Punta Arenas Ap.",-53.00167,-70.83861,1000.25
2011-12-22,530005.0,"Fuentes Martínez, Porvenir Ad.",-53.25361,-70.32611,1003.4363636363636
2011-12-22,550001.0,"Guardiamarina Zañartu, Pto Williams Ad.",-54.93167,-67.61556,1001.9818181818181
2011-12-22,950001.0,"C.M.A. Eduardo Frei Montalva, Antártica ",-62.19194,-58.97972,983.725
2011-12-23,180005.0,"Chacalluta, Arica Ap.",-18.35555,-70.34028,1006.6958333333333
2011-12-23,200006.0,Diego Aracena Iquique Ap.,-20.54917,-70.18111,1005.7458333333334
2011-12-23,220002.0,"El Loa, Calama Ad.",-22.49806,-68.8925,774.364705882353
2011-12-23,270001.0,Mataveri  Isla de Pascua Ap.,-27.15889,-109.4325,1011.25
2011-12-23,270008.0,"Desierto de Atacama, Caldera  Ad.",-27.25444,-70.78111,990.2692307692307
2011-12-23,290004.0,"La Florida, La Serena Ad.",-29.91444,-71.20667,995.25
2011-12-23,330007.0,"Rodelillo, Ad.",-33.06528,-71.55639,973.0769230769231
2011-12-23,330019.0,"Eulogio Sánchez, Tobalaba Ad.",-33.45528,-70.54861,937.3384615384615
2011-12-23,330020.0,"Quinta Normal, Santiago",-33.445,-70.68278,950.7
2011-12-23,330021.0,Pudahuel Santiago ,-33.37833,-70.78778,955.7875
2011-12-23,330030.0,"Santo Domingo, Ad.",-33.65611,-71.61333,1004.657142857143
2011-12-23,330031.0,"Juan Fernández, Estación Meteorológica.",-33.63583,-78.83305,1018.3499999999999
2011-12-23,340031.0,"General Freire, Curicó Ad.",-34.96944,-71.21694,985.9692307692308
2011-12-23,360011.0,"General Bernardo O'Higgins, Chillán Ad.",-36.58583,-72.03667,997.5583333333334
2011-12-23,360019.0,"Carriel Sur, Concepción Ap.",-36.78055,-73.06639,1015.5416666666666
2011-12-23,370033.0,"María Dolores, Los Angeles Ad.",-37.39694,-72.42389,1002.0200000000001
2011-12-23,380013.0,"Maquehue, Temuco Ad.",-38.76778,-72.63194,1009.4375
2011-12-23,390006.0,"Pichoy, Valdivia Ad.",-39.65667,-73.08722,1019.475
2011-12-23,400009.0,"Cañal Bajo,  Osorno Ad.",-40.61444,-73.0575,1017.3636363636364
2011-12-23,410005.0,El Tepual  Puerto Montt Ap.,-41.4475,-73.09583,1014.7833333333333
2011-12-23,430001.0,Quellón Ad.,-43.13361,-73.63278,1026.1333333333332
2011-12-23,430002.0,Futaleufú Ad.,-43.18889,-71.85222,984.3375
2011-12-23,450004.0,"Teniente Vidal, Coyhaique Ad.",-45.59083,-72.10222,986.7307692307693
2011-12-23,450005.0,Balmaceda Ad.,-45.91833,-71.67778,959.8636363636364
2011-12-23,510005.0,"Teniente Gallardo, Puerto Natales Ad.",-51.66722,-72.52889,1010.65
2011-12-23,520006.0,"Carlos Ibañez, Punta Arenas Ap.",-53.00167,-70.83861,1009.7333333333332
2011-12-23,530005.0,"Fuentes Martínez, Porvenir Ad.",-53.25361,-70.32611,1011.0909090909091
2011-12-23,550001.0,"Guardiamarina Zañartu, Pto Williams Ad.",-54.93167,-67.61556,1007.1125
2011-12-23,950001.0,"C.M.A. Eduardo Frei Montalva, Antártica ",-62.19194,-58.97972,983.2625
2011-12-24,180005.0,"Chacalluta, Arica Ap.",-18.35555,-70.34028,1008.0583333333334
2011-12-24,200006.0,Diego Aracena Iquique Ap.,-20.54917,-70.18111,1007.3958333333334
2011-12-24,220002.0,"El Loa, Calama Ad.",-22.49806,-68.8925,775.864705882353
2011-12-24,270001.0,Mataveri  Isla de Pascua Ap.,-27.15889,-109.4325,1011.5583333333334
2011-12-24,270008.0,"Desierto de Atacama, Caldera  Ad.",-27.25444,-70.78111,991.8384615384615
2011-12-24,290004.0,"La Florida, La Serena Ad.",-29.91444,-71.20667,997.1958333333333
2011-12-24,330007.0,"Rodelillo, Ad.",-33.06528,-71.55639,974.1538461538462
2011-12-24,330019.0,"Eulogio Sánchez, Tobalaba Ad.",-33.45528,-70.54861,938.1307692307693
2011-12-24,330020.0,"Quinta Normal, Santiago",-33.445,-70.68278,951.8875
2011-12-24,330021.0,Pudahuel Santiago ,-33.37833,-70.78778,956.8791666666666
2011-12-24,330030.0,"Santo Domingo, Ad.",-33.65611,-71.61333,1005.4428571428572
2011-12-24,330031.0,"Juan Fernández, Estación Meteorológica.",-33.63583,-78.83305,1017.0
2011-12-24,340031.0,"General Freire, Curicó Ad.",-34.96944,-71.21694,984.6846153846153
2011-12-24,360011.0,"General Bernardo O'Higgins, Chillán Ad.",-36.58583,-72.03667,995.5384615384615
2011-12-24,360019.0,"Carriel Sur, Concepción Ap.",-36.78055,-73.06639,1012.6750000000001
2011-12-24,370033.0,"María Dolores, Los Angeles Ad.",-37.39694,-72.42389,999.78
2011-12-24,380013.0,"Maquehue, Temuco Ad.",-38.76778,-72.63194,1006.05
2011-12-24,390006.0,"Pichoy, Valdivia Ad.",-39.65667,-73.08722,1015.975
2011-12-24,400009.0,"Cañal Bajo,  Osorno Ad.",-40.61444,-73.0575,1013.775
2011-12-24,410005.0,El Tepual  Puerto Montt Ap.,-41.4475,-73.09583,1012.8291666666668
2011-12-24,450004.0,"Teniente Vidal, Coyhaique Ad.",-45.59083,-72.10222,984.4384615384616
2011-12-24,450005.0,Balmaceda Ad.,-45.91833,-71.67778,958.4545454545455
2011-12-24,510005.0,"Teniente Gallardo, Puerto Natales Ad.",-51.66722,-72.52889,
2011-12-24,520006.0,"Carlos Ibañez, Punta Arenas Ap.",-53.00167,-70.83861,1006.3916666666668
2011-12-24,530005.0,"Fuentes Martínez, Porvenir Ad.",-53.25361,-70.32611,1006.575
2011-12-24,550001.0,"Guardiamarina Zañartu, Pto Williams Ad.",-54.93167,-67.61556,1002.3
2011-12-24,950001.0,"C.M.A. Eduardo Frei Montalva, Antártica ",-62.19194,-58.97972,981.175
2011-12-25,180005.0,"Chacalluta, Arica Ap.",-18.35555,-70.34028,1008.625
2011-12-25,200006.0,Diego Aracena Iquique Ap.,-20.54917,-70.18111,1007.9416666666666
2011-12-25,220002.0,"El Loa, Calama Ad.",-22.49806,-68.8925,776.5333333333333
2011-12-25,270001.0,Mataveri  Isla de Pascua Ap.,-27.15889,-109.4325,1011.2333333333332
2011-12-25,270008.0,"Desierto de Atacama, Caldera  Ad.",-27.25444,-70.78111,993.3249999999999
2011-12-25,290004.0,"La Florida, La Serena Ad.",-29.91444,-71.20667,998.2333333333332
2011-12-25,330007.0,"Rodelillo, Ad.",-33.06528,-71.55639,975.2307692307693
2011-12-25,330019.0,"Eulogio Sánchez, Tobalaba Ad.",-33.45528,-70.54861,939.0666666666666
2011-12-25,330020.0,"Quinta Normal, Santiago",-33.445,-70.68278,952.75
2011-12-25,330021.0,Pudahuel Santiago ,-33.37833,-70.78778,957.7416666666667
2011-12-25,330030.0,"Santo Domingo, Ad.",-33.65611,-71.61333,1006.3714285714286
2011-12-25,330031.0,"Juan Fernández, Estación Meteorológica.",-33.63583,-78.83305,1014.55
2011-12-25,340031.0,"General Freire, Curicó Ad.",-34.96944,-71.21694,985.1692307692308
2011-12-25,360011.0,"General Bernardo O'Higgins, Chillán Ad.",-36.58583,-72.03667,994.823076923077
2011-12-25,360019.0,"Carriel Sur, Concepción Ap.",-36.78055,-73.06639,1011.7833333333333
2011-12-25,370033.0,"María Dolores, Los Angeles Ad.",-37.39694,-72.42389,998.24
2011-12-25,380013.0,"Maquehue, Temuco Ad.",-38.76778,-72.63194,1002.3375
2011-12-25,390006.0,"Pichoy, Valdivia Ad.",-39.65667,-73.08722,1011.925
2011-12-25,400009.0,"Cañal Bajo,  Osorno Ad.",-40.61444,-73.0575,1009.0727272727272
2011-12-25,410005.0,El Tepual  Puerto Montt Ap.,-41.4475,-73.09583,1007.1416666666668
2011-12-25,450004.0,"Teniente Vidal, Coyhaique Ad.",-45.59083,-72.10222,979.4615384615385
2011-12-25,450005.0,Balmaceda Ad.,-45.91833,-71.67778,954.7818181818183
2011-12-25,510005.0,"Teniente Gallardo, Puerto Natales Ad.",-51.66722,-72.52889,1007.78
2011-12-25,520006.0,"Carlos Ibañez, Punta Arenas Ap.",-53.00167,-70.83861,1009.775
2011-12-25,550001.0,"Guardiamarina Zañartu, Pto Williams Ad.",-54.93167,-67.61556,
2011-12-25,950001.0,"C.M.A. Eduardo Frei Montalva, Antártica ",-62.19194,-58.97972,981.2
2011-12-26,180005.0,"Chacalluta, Arica Ap.",-18.35555,-70.34028,1008.5041666666666
2011-12-26,200006.0,Diego Aracena Iquique Ap.,-20.54917,-70.18111,1007.9541666666668
2011-12-26,220002.0,"El Loa, Calama Ad.",-22.49806,-68.8925,776.2176470588236
2011-12-26,270001.0,Mataveri  Isla de Pascua Ap.,-27.15889,-109.4325,1011.5083333333333
2011-12-26,270008.0,"Desierto de Atacama, Caldera  Ad.",-27.25444,-70.78111,992.6642857142857
2011-12-26,290004.0,"La Florida, La Serena Ad.",-29.91444,-71.20667,998.7375000000001
2011-12-26,330007.0,"Rodelillo, Ad.",-33.06528,-71.55639,974.6923076923077
2011-12-26,330019.0,"Eulogio Sánchez, Tobalaba Ad.",-33.45528,-70.54861,939.0769230769231
2011-12-26,330020.0,"Quinta Normal, Santiago",-33.445,-70.68278,953.975
2011-12-26,330021.0,Pudahuel Santiago ,-33.37833,-70.78778,958.7791666666667
2011-12-26,330030.0,"Santo Domingo, Ad.",-33.65611,-71.61333,1006.6
2011-12-26,330031.0,"Juan Fernández, Estación Meteorológica.",-33.63583,-78.83305,1014.7
2011-12-26,340031.0,"General Freire, Curicó Ad.",-34.96944,-71.21694,985.3384615384615
2011-12-26,360011.0,"General Bernardo O'Higgins, Chillán Ad.",-36.58583,-72.03667,995.5153846153846
2011-12-26,360019.0,"Carriel Sur, Concepción Ap.",-36.78055,-73.06639,1014.15
2011-12-26,370033.0,"María Dolores, Los Angeles Ad.",-37.39694,-72.42389,1000.3799999999999
2011-12-26,380013.0,"Maquehue, Temuco Ad.",-38.76778,-72.63194,1005.0125
2011-12-26,390006.0,"Pichoy, Valdivia Ad.",-39.65667,-73.08722,1015.0
2011-12-26,400009.0,"Cañal Bajo,  Osorno Ad.",-40.61444,-73.0575,1012.0749999999999
2011-12-26,410005.0,El Tepual  Puerto Montt Ap.,-41.4475,-73.09583,1008.8666666666667
2011-12-26,430001.0,Quellón Ad.,-43.13361,-73.63278,1019.0666666666666
2011-12-26,430002.0,Futaleufú Ad.,-43.18889,-71.85222,977.0111111111112
2011-12-26,450004.0,"Teniente Vidal, Coyhaique Ad.",-45.59083,-72.10222,981.7
2011-12-26,450005.0,Balmaceda Ad.,-45.91833,-71.67778,956.2727272727273
2011-12-26,510005.0,"Teniente Gallardo, Puerto Natales Ad.",-51.66722,-72.52889,1010.4799999999999
2011-12-26,520006.0,"Carlos Ibañez, Punta Arenas Ap.",-53.00167,-70.83861,1010.8249999999999
2011-12-26,530005.0,"Fuentes Martínez, Porvenir Ad.",-53.25361,-70.32611,1012.2818181818183
2011-12-26,550001.0,"Guardiamarina Zañartu, Pto Williams Ad.",-54.93167,-67.61556,1009.5818181818181
2011-12-26,950001.0,"C.M.A. Eduardo Frei Montalva, Antártica ",-62.19194,-58.97972,984.5625
2011-12-27,180005.0,"Chacalluta, Arica Ap.",-18.35555,-70.34028,1008.0375
2011-12-27,200006.0,Diego Aracena Iquique Ap.,-20.54917,-70.18111,1007.3708333333334
2011-12-27,220002.0,"El Loa, Calama Ad.",-22.49806,-68.8925,776.9823529411765
2011-12-27,270001.0,Mataveri  Isla de Pascua Ap.,-27.15889,-109.4325,1012.5458333333332
2011-12-27,270008.0,"Desierto de Atacama, Caldera  Ad.",-27.25444,-70.78111,993.2714285714285
2011-12-27,290004.0,"La Florida, La Serena Ad.",-29.91444,-71.20667,998.8625000000001
2011-12-27,330007.0,"Rodelillo, Ad.",-33.06528,-71.55639,975.6153846153846
2011-12-27,330019.0,"Eulogio Sánchez, Tobalaba Ad.",-33.45528,-70.54861,938.7076923076924
2011-12-27,330020.0,"Quinta Normal, Santiago",-33.445,-70.68278,952.45
2011-12-27,330021.0,Pudahuel Santiago ,-33.37833,-70.78778,957.4125
2011-12-27,330030.0,"Santo Domingo, Ad.",-33.65611,-71.61333,1006.8714285714286
2011-12-27,330031.0,"Juan Fernández, Estación Meteorológica.",-33.63583,-78.83305,1014.025
2011-12-27,340031.0,"General Freire, Curicó Ad.",-34.96944,-71.21694,984.6538461538462
2011-12-27,360011.0,"General Bernardo O'Higgins, Chillán Ad.",-36.58583,-72.03667,994.5461538461539
2011-12-27,360019.0,"Carriel Sur, Concepción Ap.",-36.78055,-73.06639,1012.1291666666666
2011-12-27,370033.0,"María Dolores, Los Angeles Ad.",-37.39694,-72.42389,997.93
2011-12-27,380013.0,"Maquehue, Temuco Ad.",-38.76778,-72.63194,1002.65
2011-12-27,390006.0,"Pichoy, Valdivia Ad.",-39.65667,-73.08722,1011.25
2011-12-27,400009.0,"Cañal Bajo,  Osorno Ad.",-40.61444,-73.0575,1009.225
2011-12-27,410005.0,El Tepual  Puerto Montt Ap.,-41.4475,-73.09583,1007.4125
2011-12-27,430001.0,Quellón Ad.,-43.13361,-73.63278,1017.1
2011-12-27,430002.0,Futaleufú Ad.,-43.18889,-71.85222,975.8777777777777
2011-12-27,450004.0,"Teniente Vidal, Coyhaique Ad.",-45.59083,-72.10222,980.3307692307692
2011-12-27,450005.0,Balmaceda Ad.,-45.91833,-71.67778,955.6909090909091
2011-12-27,510005.0,"Teniente Gallardo, Puerto Natales Ad.",-51.66722,-72.52889,1000.75
2011-12-27,520006.0,"Carlos Ibañez, Punta Arenas Ap.",-53.00167,-70.83861,1004.7875
2011-12-27,530005.0,"Fuentes Martínez, Porvenir Ad.",-53.25361,-70.32611,1002.9727272727273
2011-12-27,550001.0,"Guardiamarina Zañartu, Pto Williams Ad.",-54.93167,-67.61556,999.8333333333334
2011-12-27,950001.0,"C.M.A. Eduardo Frei Montalva, Antártica ",-62.19194,-58.97972,987.6375
2011-12-28,180005.0,"Chacalluta, Arica Ap.",-18.35555,-70.34028,1009.2458333333334
2011-12-28,200006.0,Diego Aracena Iquique Ap.,-20.54917,-70.18111,1008.6374999999999
2011-12-28,220002.0,"El Loa, Calama Ad.",-22.49806,-68.8925,776.7823529411764
2011-12-28,270001.0,Mataveri  Isla de Pascua Ap.,-27.15889,-109.4325,1011.65
2011-12-28,270008.0,"Desierto de Atacama, Caldera  Ad.",-27.25444,-70.78111,993.9333333333334
2011-12-28,290004.0,"La Florida, La Serena Ad.",-29.91444,-71.20667,999.0083333333333
2011-12-28,330007.0,"Rodelillo, Ad.",-33.06528,-71.55639,976.1538461538462
2011-12-28,330019.0,"Eulogio Sánchez, Tobalaba Ad.",-33.45528,-70.54861,939.376923076923
2011-12-28,330020.0,"Quinta Normal, Santiago",-33.445,-70.68278,953.45
2011-12-28,330021.0,Pudahuel Santiago ,-33.37833,-70.78778,958.2875
2011-12-28,330030.0,"Santo Domingo, Ad.",-33.65611,-71.61333,1007.7071428571428
2011-12-28,330031.0,"Juan Fernández, Estación Meteorológica.",-33.63583,-78.83305,1015.575
2011-12-28,340031.0,"General Freire, Curicó Ad.",-34.96944,-71.21694,985.8384615384615
2011-12-28,360011.0,"General Bernardo O'Higgins, Chillán Ad.",-36.58583,-72.03667,996.0923076923077
2011-12-28,360019.0,"Carriel Sur, Concepción Ap.",-36.78055,-73.06639,1014.0
2011-12-28,370033.0,"María Dolores, Los Angeles Ad.",-37.39694,-72.42389,999.5799999999999
2011-12-28,380013.0,"Maquehue, Temuco Ad.",-38.76778,-72.63194,1003.7375
2011-12-28,390006.0,"Pichoy, Valdivia Ad.",-39.65667,-73.08722,1013.1750000000001
2011-12-28,400009.0,"Cañal Bajo,  Osorno Ad.",-40.61444,-73.0575,1010.4090909090909
2011-12-28,410005.0,El Tepual  Puerto Montt Ap.,-41.4475,-73.09583,1007.9083333333333
2011-12-28,430001.0,Quellón Ad.,-43.13361,-73.63278,1018.9
2011-12-28,430002.0,Futaleufú Ad.,-43.18889,-71.85222,976.1875
2011-12-28,450004.0,"Teniente Vidal, Coyhaique Ad.",-45.59083,-72.10222,980.3461538461538
2011-12-28,450005.0,Balmaceda Ad.,-45.91833,-71.67778,954.6636363636363
2011-12-28,510005.0,"Teniente Gallardo, Puerto Natales Ad.",-51.66722,-72.52889,1003.3142857142857
2011-12-28,520006.0,"Carlos Ibañez, Punta Arenas Ap.",-53.00167,-70.83861,999.1291666666666
2011-12-28,530005.0,"Fuentes Martínez, Porvenir Ad.",-53.25361,-70.32611,1001.9454545454545
2011-12-28,550001.0,"Guardiamarina Zañartu, Pto Williams Ad.",-54.93167,-67.61556,995.8454545454545
2011-12-28,950001.0,"C.M.A. Eduardo Frei Montalva, Antártica ",-62.19194,-58.97972,972.3375
2011-12-29,180005.0,"Chacalluta, Arica Ap.",-18.35555,-70.34028,1009.0500000000001
2011-12-29,200006.0,Diego Aracena Iquique Ap.,-20.54917,-70.18111,1008.3166666666666
2011-12-29,220002.0,"El Loa, Calama Ad.",-22.49806,-68.8925,775.6647058823529
2011-12-29,270001.0,Mataveri  Isla de Pascua Ap.,-27.15889,-109.4325,1010.7125
2011-12-29,270008.0,"Desierto de Atacama, Caldera  Ad.",-27.25444,-70.78111,992.9285714285714
2011-12-29,290004.0,"La Florida, La Serena Ad.",-29.91444,-71.20667,998.5875
2011-12-29,330007.0,"Rodelillo, Ad.",-33.06528,-71.55639,974.9230769230769
2011-12-29,330019.0,"Eulogio Sánchez, Tobalaba Ad.",-33.45528,-70.54861,938.6153846153846
2011-12-29,330020.0,"Quinta Normal, Santiago",-33.445,-70.68278,953.175
2011-12-29,330021.0,Pudahuel Santiago ,-33.37833,-70.78778,958.0500000000001
2011-12-29,330030.0,"Santo Domingo, Ad.",-33.65611,-71.61333,1006.5857142857143
2011-12-29,330031.0,"Juan Fernández, Estación Meteorológica.",-33.63583,-78.83305,1016.85
2011-12-29,340031.0,"General Freire, Curicó Ad.",-34.96944,-71.21694,985.2846153846154
2011-12-29,360011.0,"General Bernardo O'Higgins, Chillán Ad.",-36.58583,-72.03667,995.4538461538461
2011-12-29,360019.0,"Carriel Sur, Concepción Ap.",-36.78055,-73.06639,1013.7333333333332
2011-12-29,370033.0,"María Dolores, Los Angeles Ad.",-37.39694,-72.42389,1000.35
2011-12-29,380013.0,"Maquehue, Temuco Ad.",-38.76778,-72.63194,1005.6875
2011-12-29,390006.0,"Pichoy, Valdivia Ad.",-39.65667,-73.08722,1014.2
2011-12-29,400009.0,"Cañal Bajo,  Osorno Ad.",-40.61444,-73.0575,1011.0181818181819
2011-12-29,410005.0,El Tepual  Puerto Montt Ap.,-41.4475,-73.09583,1008.5625
2011-12-29,430001.0,Quellón Ad.,-43.13361,-73.63278,1018.2666666666668
2011-12-29,430002.0,Futaleufú Ad.,-43.18889,-71.85222,974.9333333333333
2011-12-29,450004.0,"Teniente Vidal, Coyhaique Ad.",-45.59083,-72.10222,978.9846153846154
2011-12-29,450005.0,Balmaceda Ad.,-45.91833,-71.67778,953.1181818181817
2011-12-29,510005.0,"Teniente Gallardo, Puerto Natales Ad.",-51.66722,-72.52889,997.8666666666667
2011-12-29,520006.0,"Carlos Ibañez, Punta Arenas Ap.",-53.00167,-70.83861,1000.4291666666667
2011-12-29,530005.0,"Fuentes Martínez, Porvenir Ad.",-53.25361,-70.32611,1001.3307692307692
2011-12-29,550001.0,"Guardiamarina Zañartu, Pto Williams Ad.",-54.93167,-67.61556,996.8
2011-12-29,950001.0,"C.M.A. Eduardo Frei Montalva, Antártica ",-62.19194,-58.97972,976.4
2011-12-30,180005.0,"Chacalluta, Arica Ap.",-18.35555,-70.34028,1007.5708333333333
2011-12-30,200006.0,Diego Aracena Iquique Ap.,-20.54917,-70.18111,1006.9208333333332
2011-12-30,220002.0,"El Loa, Calama Ad.",-22.49806,-68.8925,775.0058823529412
2011-12-30,270001.0,Mataveri  Isla de Pascua Ap.,-27.15889,-109.4325,1011.9916666666667
2011-12-30,270008.0,"Desierto de Atacama, Caldera  Ad.",-27.25444,-70.78111,991.9470588235293
2011-12-30,290004.0,"La Florida, La Serena Ad.",-29.91444,-71.20667,997.3375
2011-12-30,330007.0,"Rodelillo, Ad.",-33.06528,-71.55639,974.3076923076923
2011-12-30,330019.0,"Eulogio Sánchez, Tobalaba Ad.",-33.45528,-70.54861,937.0384615384615
2011-12-30,330020.0,"Quinta Normal, Santiago",-33.445,-70.68278,951.0375
2011-12-30,330021.0,Pudahuel Santiago ,-33.37833,-70.78778,956.0583333333334
2011-12-30,330030.0,"Santo Domingo, Ad.",-33.65611,-71.61333,1005.2428571428571
2011-12-30,330031.0,"Juan Fernández, Estación Meteorológica.",-33.63583,-78.83305,1015.5
2011-12-30,340031.0,"General Freire, Curicó Ad.",-34.96944,-71.21694,983.1384615384615
2011-12-30,360011.0,"General Bernardo O'Higgins, Chillán Ad.",-36.58583,-72.03667,993.123076923077
2011-12-30,360019.0,"Carriel Sur, Concepción Ap.",-36.78055,-73.06639,1011.3041666666667
2011-12-30,370033.0,"María Dolores, Los Angeles Ad.",-37.39694,-72.42389,997.3
2011-12-30,380013.0,"Maquehue, Temuco Ad.",-38.76778,-72.63194,1004.275
2011-12-30,390006.0,"Pichoy, Valdivia Ad.",-39.65667,-73.08722,1011.85
2011-12-30,400009.0,"Cañal Bajo,  Osorno Ad.",-40.61444,-73.0575,1009.1416666666668
2011-12-30,410005.0,El Tepual  Puerto Montt Ap.,-41.4475,-73.09583,1007.9
2011-12-30,430001.0,Quellón Ad.,-43.13361,-73.63278,1017.3000000000001
2011-12-30,430002.0,Futaleufú Ad.,-43.18889,-71.85222,975.5875
2011-12-30,450004.0,"Teniente Vidal, Coyhaique Ad.",-45.59083,-72.10222,977.3538461538462
2011-12-30,450005.0,Balmaceda Ad.,-45.91833,-71.67778,949.9636363636364
2011-12-30,510005.0,"Teniente Gallardo, Puerto Natales Ad.",-51.66722,-72.52889,986.0055555555555
2011-12-30,520006.0,"Carlos Ibañez, Punta Arenas Ap.",-53.00167,-70.83861,986.4375
2011-12-30,530005.0,"Fuentes Martínez, Porvenir Ad.",-53.25361,-70.32611,983.8818181818183
2011-12-30,550001.0,"Guardiamarina Zañartu, Pto Williams Ad.",-54.93167,-67.61556,983.51
2011-12-30,950001.0,"C.M.A. Eduardo Frei Montalva, Antártica ",-62.19194,-58.97972,966.6375
2011-12-31,180005.0,"Chacalluta, Arica Ap.",-18.35555,-70.34028,1009.2583333333333
2011-12-31,200006.0,Diego Aracena Iquique Ap.,-20.54917,-70.18111,1008.75
2011-12-31,220002.0,"El Loa, Calama Ad.",-22.49806,-68.8925,775.8866666666667
2011-12-31,270001.0,Mataveri  Isla de Pascua Ap.,-27.15889,-109.4325,1011.4608695652173
2011-12-31,270008.0,"Desierto de Atacama, Caldera  Ad.",-27.25444,-70.78111,993.4615384615385
2011-12-31,290004.0,"La Florida, La Serena Ad.",-29.91444,-71.20667,998.9583333333334
2011-12-31,330007.0,"Rodelillo, Ad.",-33.06528,-71.55639,976.3846153846154
2011-12-31,330019.0,"Eulogio Sánchez, Tobalaba Ad.",-33.45528,-70.54861,939.9076923076923
2011-12-31,330020.0,"Quinta Normal, Santiago",-33.445,-70.68278,953.3
2011-12-31,330021.0,Pudahuel Santiago ,-33.37833,-70.78778,958.3166666666666
2011-12-31,330030.0,"Santo Domingo, Ad.",-33.65611,-71.61333,1007.9285714285714
2011-12-31,330031.0,"Juan Fernández, Estación Meteorológica.",-33.63583,-78.83305,1014.825
2011-12-31,340031.0,"General Freire, Curicó Ad.",-34.96944,-71.21694,986.7
2011-12-31,360011.0,"General Bernardo O'Higgins, Chillán Ad.",-36.58583,-72.03667,996.4230769230769
2011-12-31,360019.0,"Carriel Sur, Concepción Ap.",-36.78055,-73.06639,1013.3375
2011-12-31,370033.0,"María Dolores, Los Angeles Ad.",-37.39694,-72.42389,999.97
2011-12-31,380013.0,"Maquehue, Temuco Ad.",-38.76778,-72.63194,1003.1875
2011-12-31,390006.0,"Pichoy, Valdivia Ad.",-39.65667,-73.08722,1011.65
2011-12-31,400009.0,"Cañal Bajo,  Osorno Ad.",-40.61444,-73.0575,1008.176923076923
2011-12-31,410005.0,El Tepual  Puerto Montt Ap.,-41.4475,-73.09583,1005.2291666666666
2011-12-31,430002.0,Futaleufú Ad.,-43.18889,-71.85222,
2011-12-31,450004.0,"Teniente Vidal, Coyhaique Ad.",-45.59083,-72.10222,974.7846153846154
2011-12-31,450005.0,Balmaceda Ad.,-45.91833,-71.67778,949.8363636363637
2011-12-31,510005.0,"Teniente Gallardo, Puerto Natales Ad.",-51.66722,-72.52889,998.4416666666666
2011-12-31,520006.0,"Carlos Ibañez, Punta Arenas Ap.",-53.00167,-70.83861,999.35
2011-12-31,530005.0,"Fuentes Martínez, Porvenir Ad.",-53.25361,-70.32611,1002.775
2011-12-31,550001.0,"Guardiamarina Zañartu, Pto Williams Ad.",-54.93167,-67.61556,1001.25
2011-12-31,950001.0,"C.M.A. Eduardo Frei Montalva, Antártica ",-62.19194,-58.97972,968.2
2012-01-01,180005.0,"Chacalluta, Arica Ap.",-18.35555,-70.34028,1009.8
2012-01-01,200006.0,Diego Aracena Iquique Ap.,-20.54917,-70.18111,1009.3
2012-01-01,270001.0,Mataveri  Isla de Pascua Ap.,-27.15889,-109.4325,1009.5
2012-01-01,270008.0,"Desierto de Atacama, Caldera  Ad.",-27.25444,-70.78111,992.1
2012-01-01,290004.0,"La Florida, La Serena Ad.",-29.91444,-71.20667,998.5
2012-01-01,330007.0,"Rodelillo, Ad.",-33.06528,-71.55639,976.0
2012-01-01,330019.0,"Eulogio Sánchez, Tobalaba Ad.",-33.45528,-70.54861,940.3
2012-01-01,330020.0,"Quinta Normal, Santiago",-33.445,-70.68278,954.2
2012-01-01,330021.0,Pudahuel Santiago ,-33.37833,-70.78778,959.1
2012-01-01,330030.0,"Santo Domingo, Ad.",-33.65611,-71.61333,1007.0
2012-01-01,330031.0,"Juan Fernández, Estación Meteorológica.",-33.63583,-78.83305,1015.5
2012-01-01,340031.0,"General Freire, Curicó Ad.",-34.96944,-71.21694,986.6
2012-01-01,360011.0,"General Bernardo O'Higgins, Chillán Ad.",-36.58583,-72.03667,997.3
2012-01-01,360019.0,"Carriel Sur, Concepción Ap.",-36.78055,-73.06639,1015.3
2012-01-01,370033.0,"María Dolores, Los Angeles Ad.",-37.39694,-72.42389,
2012-01-01,380013.0,"Maquehue, Temuco Ad.",-38.76778,-72.63194,1006.7
2012-01-01,400009.0,"Cañal Bajo,  Osorno Ad.",-40.61444,-73.0575,
2012-01-01,410005.0,El Tepual  Puerto Montt Ap.,-41.4475,-73.09583,1007.8
2012-01-01,430002.0,Futaleufú Ad.,-43.18889,-71.85222,
2012-01-01,450004.0,"Teniente Vidal, Coyhaique Ad.",-45.59083,-72.10222,975.1
2012-01-01,450005.0,Balmaceda Ad.,-45.91833,-71.67778,949.5
2012-01-01,510005.0,"Teniente Gallardo, Puerto Natales Ad.",-51.66722,-72.52889,
2012-01-01,520006.0,"Carlos Ibañez, Punta Arenas Ap.",-53.00167,-70.83861,1000.2
2012-01-01,530005.0,"Fuentes Martínez, Porvenir Ad.",-53.25361,-70.32611,
2012-01-01,550001.0,"Guardiamarina Zañartu, Pto Williams Ad.",-54.93167,-67.61556,
2012-01-01,950001.0,"C.M.A. Eduardo Frei Montalva, Antártica ",-62.19194,-58.97972,982.7
